Dataset,Imputer Strategy,Categorical Strategy,Feature Selection,Scaler,Classifier,Fold,Fold Accuracy,Error,Using_imputer,Using_cat,Training Time,Testing Time
algerian_forest_fires_46279,,,,,MLPClassifier(random_state=0),0,0.7755102040816326,,,,0.02590346336364746,0.0011646747589111328
algerian_forest_fires_46279,,,,,MLPClassifier(random_state=0),1,0.7346938775510204,,,,0.024170637130737305,0.0012326240539550781
algerian_forest_fires_46279,,,,,MLPClassifier(random_state=0),2,0.8163265306122449,,,,0.024058818817138672,0.0011091232299804688
algerian_forest_fires_46279,,,,,MLPClassifier(random_state=0),3,0.4166666666666667,,,,0.017295122146606445,0.0011506080627441406
algerian_forest_fires_46279,,,,,MLPClassifier(random_state=0),4,0.7291666666666666,,,,0.023866653442382812,0.0010349750518798828
algerian_forest_fires_46279,,,pca,,MLPClassifier(random_state=0),0,0.9795918367346939,,,,0.10303926467895508,0.00020837783813476562
algerian_forest_fires_46279,,,pca,,MLPClassifier(random_state=0),1,0.9591836734693877,,,,0.10151028633117676,0.00019288063049316406
algerian_forest_fires_46279,,,pca,,MLPClassifier(random_state=0),2,0.9795918367346939,,,,0.10721421241760254,0.0001938343048095703
algerian_forest_fires_46279,,,pca,,MLPClassifier(random_state=0),3,0.9791666666666666,,,,0.10229921340942383,0.00019168853759765625
algerian_forest_fires_46279,,,pca,,MLPClassifier(random_state=0),4,0.9375,,,,0.10126972198486328,0.00018167495727539062
algerian_forest_fires_46279,,,fastica,,MLPClassifier(random_state=0),0,0.7346938775510204,,,,0.09535408020019531,0.00018906593322753906
algerian_forest_fires_46279,,,fastica,,MLPClassifier(random_state=0),1,0.9387755102040817,,,,0.09740495681762695,0.00025177001953125
algerian_forest_fires_46279,,,fastica,,MLPClassifier(random_state=0),2,0.9183673469387755,,,,0.10169744491577148,0.0002281665802001953
algerian_forest_fires_46279,,,fastica,,MLPClassifier(random_state=0),3,1.0,,,,0.1020808219909668,0.00018715858459472656
algerian_forest_fires_46279,,,fastica,,MLPClassifier(random_state=0),4,0.875,,,,0.09756684303283691,0.0001881122589111328
algerian_forest_fires_46279,,,truncated_svd,,MLPClassifier(random_state=0),0,0.6122448979591837,,,,0.011426448822021484,0.00015044212341308594
algerian_forest_fires_46279,,,truncated_svd,,MLPClassifier(random_state=0),1,0.5918367346938775,,,,0.011394023895263672,0.00015044212341308594
algerian_forest_fires_46279,,,truncated_svd,,MLPClassifier(random_state=0),2,0.7551020408163265,,,,0.013129949569702148,0.00017523765563964844
algerian_forest_fires_46279,,,truncated_svd,,MLPClassifier(random_state=0),3,0.6041666666666666,,,,0.009481668472290039,0.00015115737915039062
algerian_forest_fires_46279,,,truncated_svd,,MLPClassifier(random_state=0),4,0.5833333333333334,,,,0.011432170867919922,0.0001499652862548828
algerian_forest_fires_46279,,,select_percentile,,MLPClassifier(random_state=0),0,0.9591836734693877,,,,0.08425092697143555,0.00018167495727539062
algerian_forest_fires_46279,,,select_percentile,,MLPClassifier(random_state=0),1,1.0,,,,0.08559465408325195,0.0002079010009765625
algerian_forest_fires_46279,,,select_percentile,,MLPClassifier(random_state=0),2,0.9591836734693877,,,,0.08453106880187988,0.0001823902130126953
algerian_forest_fires_46279,,,select_percentile,,MLPClassifier(random_state=0),3,0.9583333333333334,,,,0.0841522216796875,0.0001857280731201172
algerian_forest_fires_46279,,,select_percentile,,MLPClassifier(random_state=0),4,0.9375,,,,0.08477210998535156,0.0002269744873046875
algerian_forest_fires_46279,,,generic_univariate,,MLPClassifier(random_state=0),0,0.6530612244897959,,,,0.08178973197937012,0.0002110004425048828
algerian_forest_fires_46279,,,generic_univariate,,MLPClassifier(random_state=0),1,0.6326530612244898,,,,0.08197426795959473,0.00020384788513183594
algerian_forest_fires_46279,,,generic_univariate,,MLPClassifier(random_state=0),2,0.6122448979591837,,,,0.08144998550415039,0.00022292137145996094
algerian_forest_fires_46279,,,generic_univariate,,MLPClassifier(random_state=0),3,0.7708333333333334,,,,0.0817728042602539,0.0001800060272216797
algerian_forest_fires_46279,,,generic_univariate,,MLPClassifier(random_state=0),4,0.6666666666666666,,,,0.08199286460876465,0.00023221969604492188
algerian_forest_fires_46279,,,polynomial_features,,MLPClassifier(random_state=0),0,0.5510204081632653,,,,0.061028242111206055,0.0003559589385986328
algerian_forest_fires_46279,,,polynomial_features,,MLPClassifier(random_state=0),1,0.5510204081632653,,,,0.05806255340576172,0.00034618377685546875
algerian_forest_fires_46279,,,polynomial_features,,MLPClassifier(random_state=0),2,0.5714285714285714,,,,0.042536258697509766,0.0003211498260498047
algerian_forest_fires_46279,,,polynomial_features,,MLPClassifier(random_state=0),3,0.6041666666666666,,,,0.05475568771362305,0.0003371238708496094
algerian_forest_fires_46279,,,polynomial_features,,MLPClassifier(random_state=0),4,0.5416666666666666,,,,0.061977386474609375,0.00037980079650878906
algerian_forest_fires_46279,,,nystroem,,MLPClassifier(random_state=0),0,0.5918367346938775,,,,0.1953601837158203,0.0003192424774169922
algerian_forest_fires_46279,,,nystroem,,MLPClassifier(random_state=0),1,0.5714285714285714,,,,0.2084333896636963,0.0003173351287841797
algerian_forest_fires_46279,,,nystroem,,MLPClassifier(random_state=0),2,0.5714285714285714,,,,0.24782490730285645,0.0003147125244140625
algerian_forest_fires_46279,,,nystroem,,MLPClassifier(random_state=0),3,0.6666666666666666,,,,0.2443075180053711,0.0003285408020019531
algerian_forest_fires_46279,,,nystroem,,MLPClassifier(random_state=0),4,0.5833333333333334,,,,0.23256683349609375,0.0003674030303955078
algerian_forest_fires_46279,,,rbf_sampler,,MLPClassifier(random_state=0),0,0.6122448979591837,,,,0.20625972747802734,0.00034809112548828125
algerian_forest_fires_46279,,,rbf_sampler,,MLPClassifier(random_state=0),1,0.5102040816326531,,,,0.18742680549621582,0.00046706199645996094
algerian_forest_fires_46279,,,rbf_sampler,,MLPClassifier(random_state=0),2,0.5102040816326531,,,,0.20705795288085938,0.00032591819763183594
algerian_forest_fires_46279,,,rbf_sampler,,MLPClassifier(random_state=0),3,0.5208333333333334,,,,0.20139718055725098,0.00030684471130371094
algerian_forest_fires_46279,,,rbf_sampler,,MLPClassifier(random_state=0),4,0.5416666666666666,,,,0.20065617561340332,0.00032067298889160156
algerian_forest_fires_46279,,,random_trees_embedding,,MLPClassifier(random_state=0),0,0.9183673469387755,,,,0.720078706741333,0.0008902549743652344
algerian_forest_fires_46279,,,random_trees_embedding,,MLPClassifier(random_state=0),1,0.9591836734693877,,,,0.7143754959106445,0.00174713134765625
algerian_forest_fires_46279,,,random_trees_embedding,,MLPClassifier(random_state=0),2,0.9387755102040817,,,,0.8138704299926758,0.0006501674652099609
algerian_forest_fires_46279,,,random_trees_embedding,,MLPClassifier(random_state=0),3,0.9583333333333334,,,,1.6516144275665283,0.0006234645843505859
algerian_forest_fires_46279,,,random_trees_embedding,,MLPClassifier(random_state=0),4,0.9375,,,,0.7121315002441406,0.0006101131439208984
algerian_forest_fires_46279,,,feature_agglomeration,,MLPClassifier(random_state=0),0,0.5510204081632653,,,,0.03384709358215332,0.0002803802490234375
algerian_forest_fires_46279,,,feature_agglomeration,,MLPClassifier(random_state=0),1,0.5510204081632653,,,,0.02222895622253418,0.00016808509826660156
algerian_forest_fires_46279,,,feature_agglomeration,,MLPClassifier(random_state=0),2,0.5714285714285714,,,,0.020051002502441406,0.0001518726348876953
algerian_forest_fires_46279,,,feature_agglomeration,,MLPClassifier(random_state=0),3,0.3958333333333333,,,,0.014275312423706055,0.00015878677368164062
algerian_forest_fires_46279,,,feature_agglomeration,,MLPClassifier(random_state=0),4,0.5416666666666666,,,,0.011232376098632812,0.0001785755157470703
algerian_forest_fires_46279,,,extra_tree,,MLPClassifier(random_state=0),0,0.9183673469387755,,,,0.09906911849975586,0.00019884109497070312
algerian_forest_fires_46279,,,extra_tree,,MLPClassifier(random_state=0),1,0.7755102040816326,,,,0.010051488876342773,0.0001556873321533203
algerian_forest_fires_46279,,,extra_tree,,MLPClassifier(random_state=0),2,0.8367346938775511,,,,0.009992361068725586,0.0001823902130126953
algerian_forest_fires_46279,,,extra_tree,,MLPClassifier(random_state=0),3,0.7916666666666666,,,,0.010177135467529297,0.00015473365783691406
algerian_forest_fires_46279,,,extra_tree,,MLPClassifier(random_state=0),4,0.9583333333333334,,,,0.08581066131591797,0.0002048015594482422
algerian_forest_fires_46279,,,linear_svc,,MLPClassifier(random_state=0),0,0.9387755102040817,,,,0.0896151065826416,0.00020813941955566406
algerian_forest_fires_46279,,,linear_svc,,MLPClassifier(random_state=0),1,0.9591836734693877,,,,0.08622384071350098,0.00019359588623046875
algerian_forest_fires_46279,,,linear_svc,,MLPClassifier(random_state=0),2,0.9591836734693877,,,,0.09323263168334961,0.00018835067749023438
algerian_forest_fires_46279,,,linear_svc,,MLPClassifier(random_state=0),3,0.9583333333333334,,,,0.08966779708862305,0.00018739700317382812
algerian_forest_fires_46279,,,linear_svc,,MLPClassifier(random_state=0),4,0.9583333333333334,,,,0.09055161476135254,0.00026154518127441406
algerian_forest_fires_46279,,,kernel_pca,,MLPClassifier(random_state=0),0,0.9591836734693877,,,,0.1302173137664795,0.0002491474151611328
algerian_forest_fires_46279,,,kernel_pca,,MLPClassifier(random_state=0),1,0.9591836734693877,,,,0.11999249458312988,0.00018644332885742188
algerian_forest_fires_46279,,,kernel_pca,,MLPClassifier(random_state=0),2,0.9591836734693877,,,,0.12877178192138672,0.00021958351135253906
algerian_forest_fires_46279,,,kernel_pca,,MLPClassifier(random_state=0),3,0.9791666666666666,,,,0.12790584564208984,0.0002455711364746094
algerian_forest_fires_46279,,,kernel_pca,,MLPClassifier(random_state=0),4,0.9583333333333334,,,,0.13770318031311035,0.0002028942108154297
algerian_forest_fires_46279,,,,standard,MLPClassifier(random_state=0),0,0.9183673469387755,,,,0.10591459274291992,0.00020599365234375
algerian_forest_fires_46279,,,,standard,MLPClassifier(random_state=0),1,0.9387755102040817,,,,0.1058650016784668,0.00019788742065429688
algerian_forest_fires_46279,,,,standard,MLPClassifier(random_state=0),2,0.8571428571428571,,,,0.10562014579772949,0.00019788742065429688
algerian_forest_fires_46279,,,,standard,MLPClassifier(random_state=0),3,0.9791666666666666,,,,0.10605812072753906,0.00020360946655273438
algerian_forest_fires_46279,,,,standard,MLPClassifier(random_state=0),4,0.9375,,,,0.10799455642700195,0.00022172927856445312
algerian_forest_fires_46279,,,pca,standard,MLPClassifier(random_state=0),0,0.9591836734693877,,,,0.10580325126647949,0.0001976490020751953
algerian_forest_fires_46279,,,pca,standard,MLPClassifier(random_state=0),1,0.9795918367346939,,,,0.10541796684265137,0.0002543926239013672
algerian_forest_fires_46279,,,pca,standard,MLPClassifier(random_state=0),2,0.9387755102040817,,,,0.10519075393676758,0.0001952648162841797
algerian_forest_fires_46279,,,pca,standard,MLPClassifier(random_state=0),3,0.9583333333333334,,,,0.10419416427612305,0.00018715858459472656
algerian_forest_fires_46279,,,pca,standard,MLPClassifier(random_state=0),4,0.9375,,,,0.10590052604675293,0.0001952648162841797
algerian_forest_fires_46279,,,fastica,standard,MLPClassifier(random_state=0),0,0.8163265306122449,,,,0.09960746765136719,0.0002460479736328125
algerian_forest_fires_46279,,,fastica,standard,MLPClassifier(random_state=0),1,0.5510204081632653,,,,0.012994050979614258,0.00019073486328125
algerian_forest_fires_46279,,,fastica,standard,MLPClassifier(random_state=0),2,0.9591836734693877,,,,0.10159540176391602,0.0002048015594482422
algerian_forest_fires_46279,,,fastica,standard,MLPClassifier(random_state=0),3,0.9583333333333334,,,,0.1024479866027832,0.0002071857452392578
algerian_forest_fires_46279,,,fastica,standard,MLPClassifier(random_state=0),4,0.9583333333333334,,,,0.0964055061340332,0.00017952919006347656
algerian_forest_fires_46279,,,truncated_svd,standard,MLPClassifier(random_state=0),0,0.8571428571428571,,,,0.08575892448425293,0.00018668174743652344
algerian_forest_fires_46279,,,truncated_svd,standard,MLPClassifier(random_state=0),1,0.8979591836734694,,,,0.08630728721618652,0.0001785755157470703
algerian_forest_fires_46279,,,truncated_svd,standard,MLPClassifier(random_state=0),2,0.8163265306122449,,,,0.08648562431335449,0.00017881393432617188
algerian_forest_fires_46279,,,truncated_svd,standard,MLPClassifier(random_state=0),3,0.9375,,,,0.0870048999786377,0.0001785755157470703
algerian_forest_fires_46279,,,truncated_svd,standard,MLPClassifier(random_state=0),4,0.9375,,,,0.08742213249206543,0.0002181529998779297
algerian_forest_fires_46279,,,select_percentile,standard,MLPClassifier(random_state=0),0,0.9591836734693877,,,,0.08603429794311523,0.0002040863037109375
algerian_forest_fires_46279,,,select_percentile,standard,MLPClassifier(random_state=0),1,0.9795918367346939,,,,0.08541607856750488,0.0001819133758544922
algerian_forest_fires_46279,,,select_percentile,standard,MLPClassifier(random_state=0),2,0.9795918367346939,,,,0.08524584770202637,0.00022459030151367188
algerian_forest_fires_46279,,,select_percentile,standard,MLPClassifier(random_state=0),3,1.0,,,,0.0852665901184082,0.00017905235290527344
algerian_forest_fires_46279,,,select_percentile,standard,MLPClassifier(random_state=0),4,0.9583333333333334,,,,0.08503198623657227,0.00018072128295898438
algerian_forest_fires_46279,,,generic_univariate,standard,MLPClassifier(random_state=0),0,0.8979591836734694,,,,0.08085393905639648,0.00017499923706054688
algerian_forest_fires_46279,,,generic_univariate,standard,MLPClassifier(random_state=0),1,0.9183673469387755,,,,0.08107829093933105,0.0001976490020751953
algerian_forest_fires_46279,,,generic_univariate,standard,MLPClassifier(random_state=0),2,0.9591836734693877,,,,0.08035802841186523,0.00021505355834960938
algerian_forest_fires_46279,,,generic_univariate,standard,MLPClassifier(random_state=0),3,0.9375,,,,0.08094525337219238,0.00018167495727539062
algerian_forest_fires_46279,,,generic_univariate,standard,MLPClassifier(random_state=0),4,0.9791666666666666,,,,0.08080291748046875,0.00021600723266601562
algerian_forest_fires_46279,,,polynomial_features,standard,MLPClassifier(random_state=0),0,0.9183673469387755,,,,0.9304466247558594,0.0006186962127685547
algerian_forest_fires_46279,,,polynomial_features,standard,MLPClassifier(random_state=0),1,0.9387755102040817,,,,0.9630181789398193,0.00034308433532714844
algerian_forest_fires_46279,,,polynomial_features,standard,MLPClassifier(random_state=0),2,0.9183673469387755,,,,1.065688133239746,0.00036454200744628906
algerian_forest_fires_46279,,,polynomial_features,standard,MLPClassifier(random_state=0),3,0.9583333333333334,,,,0.9839177131652832,0.00034165382385253906
algerian_forest_fires_46279,,,polynomial_features,standard,MLPClassifier(random_state=0),4,0.9375,,,,0.9926300048828125,0.0012845993041992188
algerian_forest_fires_46279,,,nystroem,standard,MLPClassifier(random_state=0),0,0.9591836734693877,,,,0.2727961540222168,0.00034165382385253906
algerian_forest_fires_46279,,,nystroem,standard,MLPClassifier(random_state=0),1,0.9591836734693877,,,,0.25285768508911133,0.0003523826599121094
algerian_forest_fires_46279,,,nystroem,standard,MLPClassifier(random_state=0),2,0.9387755102040817,,,,0.2606351375579834,0.00030803680419921875
algerian_forest_fires_46279,,,nystroem,standard,MLPClassifier(random_state=0),3,0.9791666666666666,,,,0.24415349960327148,0.00036716461181640625
algerian_forest_fires_46279,,,nystroem,standard,MLPClassifier(random_state=0),4,0.9375,,,,0.24989581108093262,0.0003349781036376953
algerian_forest_fires_46279,,,rbf_sampler,standard,MLPClassifier(random_state=0),0,0.5918367346938775,,,,0.19585299491882324,0.0003192424774169922
algerian_forest_fires_46279,,,rbf_sampler,standard,MLPClassifier(random_state=0),1,0.7551020408163265,,,,0.1969921588897705,0.00033545494079589844
algerian_forest_fires_46279,,,rbf_sampler,standard,MLPClassifier(random_state=0),2,0.6530612244897959,,,,0.18326377868652344,0.00028824806213378906
algerian_forest_fires_46279,,,rbf_sampler,standard,MLPClassifier(random_state=0),3,0.7083333333333334,,,,0.1900336742401123,0.0003211498260498047
algerian_forest_fires_46279,,,rbf_sampler,standard,MLPClassifier(random_state=0),4,0.6458333333333334,,,,0.1968543529510498,0.0002696514129638672
algerian_forest_fires_46279,,,random_trees_embedding,standard,MLPClassifier(random_state=0),0,0.9183673469387755,,,,0.5734515190124512,0.000576019287109375
algerian_forest_fires_46279,,,random_trees_embedding,standard,MLPClassifier(random_state=0),1,0.9591836734693877,,,,0.5994560718536377,0.0006515979766845703
algerian_forest_fires_46279,,,random_trees_embedding,standard,MLPClassifier(random_state=0),2,0.9387755102040817,,,,0.5837292671203613,0.0005824565887451172
algerian_forest_fires_46279,,,random_trees_embedding,standard,MLPClassifier(random_state=0),3,0.9583333333333334,,,,0.5819873809814453,0.0005807876586914062
algerian_forest_fires_46279,,,random_trees_embedding,standard,MLPClassifier(random_state=0),4,0.9375,,,,0.6332683563232422,0.0006110668182373047
algerian_forest_fires_46279,,,feature_agglomeration,standard,MLPClassifier(random_state=0),0,0.8571428571428571,,,,0.11020207405090332,0.00021696090698242188
algerian_forest_fires_46279,,,feature_agglomeration,standard,MLPClassifier(random_state=0),1,0.8571428571428571,,,,0.09218645095825195,0.00021791458129882812
algerian_forest_fires_46279,,,feature_agglomeration,standard,MLPClassifier(random_state=0),2,0.8571428571428571,,,,0.09210872650146484,0.00021910667419433594
algerian_forest_fires_46279,,,feature_agglomeration,standard,MLPClassifier(random_state=0),3,0.9375,,,,0.09245443344116211,0.00021791458129882812
algerian_forest_fires_46279,,,feature_agglomeration,standard,MLPClassifier(random_state=0),4,0.9166666666666666,,,,0.09207487106323242,0.00020956993103027344
algerian_forest_fires_46279,,,extra_tree,standard,MLPClassifier(random_state=0),0,0.9183673469387755,,,,0.10008955001831055,0.00019598007202148438
algerian_forest_fires_46279,,,extra_tree,standard,MLPClassifier(random_state=0),1,0.9591836734693877,,,,0.09818077087402344,0.00018644332885742188
algerian_forest_fires_46279,,,extra_tree,standard,MLPClassifier(random_state=0),2,0.9795918367346939,,,,0.09322118759155273,0.00019288063049316406
algerian_forest_fires_46279,,,extra_tree,standard,MLPClassifier(random_state=0),3,0.9791666666666666,,,,0.09773683547973633,0.00019121170043945312
algerian_forest_fires_46279,,,extra_tree,standard,MLPClassifier(random_state=0),4,0.9791666666666666,,,,0.0929107666015625,0.00019288063049316406
algerian_forest_fires_46279,,,linear_svc,standard,MLPClassifier(random_state=0),0,0.9387755102040817,,,,0.0950002670288086,0.0002262592315673828
algerian_forest_fires_46279,,,linear_svc,standard,MLPClassifier(random_state=0),1,0.9795918367346939,,,,0.09815478324890137,0.0001957416534423828
algerian_forest_fires_46279,,,linear_svc,standard,MLPClassifier(random_state=0),2,0.9591836734693877,,,,0.09439992904663086,0.00021266937255859375
algerian_forest_fires_46279,,,linear_svc,standard,MLPClassifier(random_state=0),3,0.9583333333333334,,,,0.10185790061950684,0.00019502639770507812
algerian_forest_fires_46279,,,linear_svc,standard,MLPClassifier(random_state=0),4,0.9791666666666666,,,,0.09366869926452637,0.0001964569091796875
algerian_forest_fires_46279,,,kernel_pca,standard,MLPClassifier(random_state=0),0,0.9795918367346939,,,,0.12921476364135742,0.0002052783966064453
algerian_forest_fires_46279,,,kernel_pca,standard,MLPClassifier(random_state=0),1,0.9591836734693877,,,,0.13767695426940918,0.00019788742065429688
algerian_forest_fires_46279,,,kernel_pca,standard,MLPClassifier(random_state=0),2,0.9591836734693877,,,,0.13874530792236328,0.0001964569091796875
algerian_forest_fires_46279,,,kernel_pca,standard,MLPClassifier(random_state=0),3,0.9791666666666666,,,,0.13724088668823242,0.00019550323486328125
algerian_forest_fires_46279,,,kernel_pca,standard,MLPClassifier(random_state=0),4,0.9375,,,,0.13997912406921387,0.0002200603485107422
algerian_forest_fires_46279,,,,minmax,MLPClassifier(random_state=0),0,0.8979591836734694,,,,0.10024023056030273,0.0002186298370361328
algerian_forest_fires_46279,,,,minmax,MLPClassifier(random_state=0),1,0.9387755102040817,,,,0.09781575202941895,0.0002193450927734375
algerian_forest_fires_46279,,,,minmax,MLPClassifier(random_state=0),2,0.8367346938775511,,,,0.09786677360534668,0.0002181529998779297
algerian_forest_fires_46279,,,,minmax,MLPClassifier(random_state=0),3,0.9375,,,,0.09892702102661133,0.0001919269561767578
algerian_forest_fires_46279,,,,minmax,MLPClassifier(random_state=0),4,0.9791666666666666,,,,0.09779214859008789,0.00019812583923339844
algerian_forest_fires_46279,,,pca,minmax,MLPClassifier(random_state=0),0,0.9387755102040817,,,,0.10530328750610352,0.0002181529998779297
algerian_forest_fires_46279,,,pca,minmax,MLPClassifier(random_state=0),1,0.9795918367346939,,,,0.0992889404296875,0.00020575523376464844
algerian_forest_fires_46279,,,pca,minmax,MLPClassifier(random_state=0),2,0.9387755102040817,,,,0.09991717338562012,0.00021529197692871094
algerian_forest_fires_46279,,,pca,minmax,MLPClassifier(random_state=0),3,0.9583333333333334,,,,0.10022497177124023,0.00019598007202148438
algerian_forest_fires_46279,,,pca,minmax,MLPClassifier(random_state=0),4,0.9375,,,,0.09970426559448242,0.00019025802612304688
algerian_forest_fires_46279,,,fastica,minmax,MLPClassifier(random_state=0),0,0.9591836734693877,,,,0.10215497016906738,0.00023174285888671875
algerian_forest_fires_46279,,,fastica,minmax,MLPClassifier(random_state=0),1,0.9795918367346939,,,,0.10715222358703613,0.0002124309539794922
algerian_forest_fires_46279,,,fastica,minmax,MLPClassifier(random_state=0),2,0.9591836734693877,,,,0.10239768028259277,0.00019097328186035156
algerian_forest_fires_46279,,,fastica,minmax,MLPClassifier(random_state=0),3,0.9375,,,,0.10364770889282227,0.00020837783813476562
algerian_forest_fires_46279,,,fastica,minmax,MLPClassifier(random_state=0),4,0.9166666666666666,,,,0.1051340103149414,0.0002002716064453125
algerian_forest_fires_46279,,,truncated_svd,minmax,MLPClassifier(random_state=0),0,0.8571428571428571,,,,0.09423542022705078,0.00020837783813476562
algerian_forest_fires_46279,,,truncated_svd,minmax,MLPClassifier(random_state=0),1,0.8571428571428571,,,,0.08698105812072754,0.0001850128173828125
algerian_forest_fires_46279,,,truncated_svd,minmax,MLPClassifier(random_state=0),2,0.8775510204081632,,,,0.0909128189086914,0.00018358230590820312
algerian_forest_fires_46279,,,truncated_svd,minmax,MLPClassifier(random_state=0),3,0.9166666666666666,,,,0.0861818790435791,0.00019049644470214844
algerian_forest_fires_46279,,,truncated_svd,minmax,MLPClassifier(random_state=0),4,0.9166666666666666,,,,0.08587646484375,0.00018739700317382812
algerian_forest_fires_46279,,,select_percentile,minmax,MLPClassifier(random_state=0),0,0.9387755102040817,,,,0.08788514137268066,0.00020623207092285156
algerian_forest_fires_46279,,,select_percentile,minmax,MLPClassifier(random_state=0),1,0.9387755102040817,,,,0.09992265701293945,0.00021529197692871094
algerian_forest_fires_46279,,,select_percentile,minmax,MLPClassifier(random_state=0),2,0.9591836734693877,,,,0.08565878868103027,0.00021529197692871094
algerian_forest_fires_46279,,,select_percentile,minmax,MLPClassifier(random_state=0),3,0.9375,,,,0.08677983283996582,0.0002162456512451172
algerian_forest_fires_46279,,,select_percentile,minmax,MLPClassifier(random_state=0),4,1.0,,,,0.08547496795654297,0.0002129077911376953
algerian_forest_fires_46279,,,generic_univariate,minmax,MLPClassifier(random_state=0),0,0.7755102040816326,,,,0.08303666114807129,0.00020599365234375
algerian_forest_fires_46279,,,generic_univariate,minmax,MLPClassifier(random_state=0),1,0.7551020408163265,,,,0.08286571502685547,0.0002090930938720703
algerian_forest_fires_46279,,,generic_univariate,minmax,MLPClassifier(random_state=0),2,0.8367346938775511,,,,0.08307123184204102,0.00022411346435546875
algerian_forest_fires_46279,,,generic_univariate,minmax,MLPClassifier(random_state=0),3,0.875,,,,0.08286333084106445,0.00021219253540039062
algerian_forest_fires_46279,,,generic_univariate,minmax,MLPClassifier(random_state=0),4,0.8125,,,,0.08373141288757324,0.00020956993103027344
algerian_forest_fires_46279,,,polynomial_features,minmax,MLPClassifier(random_state=0),0,0.9387755102040817,,,,0.9559619426727295,0.00031256675720214844
algerian_forest_fires_46279,,,polynomial_features,minmax,MLPClassifier(random_state=0),1,0.9591836734693877,,,,0.6654422283172607,0.0003707408905029297
algerian_forest_fires_46279,,,polynomial_features,minmax,MLPClassifier(random_state=0),2,0.9387755102040817,,,,0.7304291725158691,0.0014801025390625
algerian_forest_fires_46279,,,polynomial_features,minmax,MLPClassifier(random_state=0),3,0.9791666666666666,,,,0.6986358165740967,0.00034236907958984375
algerian_forest_fires_46279,,,polynomial_features,minmax,MLPClassifier(random_state=0),4,0.9583333333333334,,,,0.6966774463653564,0.003568410873413086
algerian_forest_fires_46279,,,nystroem,minmax,MLPClassifier(random_state=0),0,0.9183673469387755,,,,0.25798678398132324,0.0003116130828857422
algerian_forest_fires_46279,,,nystroem,minmax,MLPClassifier(random_state=0),1,0.9387755102040817,,,,0.2558112144470215,0.0003204345703125
algerian_forest_fires_46279,,,nystroem,minmax,MLPClassifier(random_state=0),2,0.8979591836734694,,,,0.24539470672607422,0.00031757354736328125
algerian_forest_fires_46279,,,nystroem,minmax,MLPClassifier(random_state=0),3,0.9583333333333334,,,,0.2533833980560303,0.0002684593200683594
algerian_forest_fires_46279,,,nystroem,minmax,MLPClassifier(random_state=0),4,0.9791666666666666,,,,0.24302148818969727,0.00031113624572753906
algerian_forest_fires_46279,,,rbf_sampler,minmax,MLPClassifier(random_state=0),0,0.9183673469387755,,,,0.19445395469665527,0.00035858154296875
algerian_forest_fires_46279,,,rbf_sampler,minmax,MLPClassifier(random_state=0),1,0.9387755102040817,,,,0.19537949562072754,0.0002932548522949219
algerian_forest_fires_46279,,,rbf_sampler,minmax,MLPClassifier(random_state=0),2,0.9183673469387755,,,,0.18598461151123047,0.0003192424774169922
algerian_forest_fires_46279,,,rbf_sampler,minmax,MLPClassifier(random_state=0),3,0.9791666666666666,,,,0.18572330474853516,0.0003199577331542969
algerian_forest_fires_46279,,,rbf_sampler,minmax,MLPClassifier(random_state=0),4,0.9583333333333334,,,,0.1869494915008545,0.0003173351287841797
algerian_forest_fires_46279,,,random_trees_embedding,minmax,MLPClassifier(random_state=0),0,0.9183673469387755,,,,0.6598801612854004,0.0005943775177001953
algerian_forest_fires_46279,,,random_trees_embedding,minmax,MLPClassifier(random_state=0),1,0.9591836734693877,,,,0.8329777717590332,0.005025386810302734
algerian_forest_fires_46279,,,random_trees_embedding,minmax,MLPClassifier(random_state=0),2,0.9387755102040817,,,,0.7440836429595947,0.0006055831909179688
algerian_forest_fires_46279,,,random_trees_embedding,minmax,MLPClassifier(random_state=0),3,0.9583333333333334,,,,0.7572534084320068,0.0006084442138671875
algerian_forest_fires_46279,,,random_trees_embedding,minmax,MLPClassifier(random_state=0),4,0.9375,,,,0.7454314231872559,0.0006289482116699219
algerian_forest_fires_46279,,,feature_agglomeration,minmax,MLPClassifier(random_state=0),0,0.7755102040816326,,,,0.10476469993591309,0.00017952919006347656
algerian_forest_fires_46279,,,feature_agglomeration,minmax,MLPClassifier(random_state=0),1,0.7142857142857143,,,,0.08732271194458008,0.0001766681671142578
algerian_forest_fires_46279,,,feature_agglomeration,minmax,MLPClassifier(random_state=0),2,0.8571428571428571,,,,0.08153152465820312,0.0001983642578125
algerian_forest_fires_46279,,,feature_agglomeration,minmax,MLPClassifier(random_state=0),3,0.8541666666666666,,,,0.08198928833007812,0.00021314620971679688
algerian_forest_fires_46279,,,feature_agglomeration,minmax,MLPClassifier(random_state=0),4,0.8125,,,,0.08141589164733887,0.0001819133758544922
algerian_forest_fires_46279,,,extra_tree,minmax,MLPClassifier(random_state=0),0,0.8979591836734694,,,,0.08560562133789062,0.00020122528076171875
algerian_forest_fires_46279,,,extra_tree,minmax,MLPClassifier(random_state=0),1,0.9387755102040817,,,,0.08378839492797852,0.00018215179443359375
algerian_forest_fires_46279,,,extra_tree,minmax,MLPClassifier(random_state=0),2,0.9387755102040817,,,,0.08474540710449219,0.000179290771484375
algerian_forest_fires_46279,,,extra_tree,minmax,MLPClassifier(random_state=0),3,0.9583333333333334,,,,0.08423590660095215,0.0001881122589111328
algerian_forest_fires_46279,,,extra_tree,minmax,MLPClassifier(random_state=0),4,0.9791666666666666,,,,0.08482694625854492,0.00020766258239746094
algerian_forest_fires_46279,,,linear_svc,minmax,MLPClassifier(random_state=0),0,0.9591836734693877,,,,0.08384370803833008,0.0002033710479736328
algerian_forest_fires_46279,,,linear_svc,minmax,MLPClassifier(random_state=0),1,0.9795918367346939,,,,0.08398842811584473,0.00020051002502441406
algerian_forest_fires_46279,,,linear_svc,minmax,MLPClassifier(random_state=0),2,0.9387755102040817,,,,0.0837249755859375,0.00018525123596191406
algerian_forest_fires_46279,,,linear_svc,minmax,MLPClassifier(random_state=0),3,0.9791666666666666,,,,0.08559942245483398,0.00018906593322753906
algerian_forest_fires_46279,,,linear_svc,minmax,MLPClassifier(random_state=0),4,0.9791666666666666,,,,0.08576083183288574,0.00019240379333496094
algerian_forest_fires_46279,,,kernel_pca,minmax,MLPClassifier(random_state=0),0,0.9387755102040817,,,,0.11503100395202637,0.00019073486328125
algerian_forest_fires_46279,,,kernel_pca,minmax,MLPClassifier(random_state=0),1,0.9795918367346939,,,,0.1198430061340332,0.00018906593322753906
algerian_forest_fires_46279,,,kernel_pca,minmax,MLPClassifier(random_state=0),2,0.9387755102040817,,,,0.1254560947418213,0.00020265579223632812
algerian_forest_fires_46279,,,kernel_pca,minmax,MLPClassifier(random_state=0),3,0.9583333333333334,,,,0.12987637519836426,0.00021123886108398438
algerian_forest_fires_46279,,,kernel_pca,minmax,MLPClassifier(random_state=0),4,0.9375,,,,0.1268632411956787,0.0002315044403076172
algerian_forest_fires_46279,,,,robust,MLPClassifier(random_state=0),0,0.9183673469387755,,,,0.10445094108581543,0.0001933574676513672
algerian_forest_fires_46279,,,,robust,MLPClassifier(random_state=0),1,0.9387755102040817,,,,0.10477495193481445,0.00026297569274902344
algerian_forest_fires_46279,,,,robust,MLPClassifier(random_state=0),2,0.8775510204081632,,,,0.10631847381591797,0.00020432472229003906
algerian_forest_fires_46279,,,,robust,MLPClassifier(random_state=0),3,0.9791666666666666,,,,0.10565567016601562,0.00019812583923339844
algerian_forest_fires_46279,,,,robust,MLPClassifier(random_state=0),4,0.9583333333333334,,,,0.10468435287475586,0.0001957416534423828
algerian_forest_fires_46279,,,pca,robust,MLPClassifier(random_state=0),0,0.9591836734693877,,,,0.1091604232788086,0.00020074844360351562
algerian_forest_fires_46279,,,pca,robust,MLPClassifier(random_state=0),1,0.9591836734693877,,,,0.10436677932739258,0.00021767616271972656
algerian_forest_fires_46279,,,pca,robust,MLPClassifier(random_state=0),2,0.9591836734693877,,,,0.10622429847717285,0.0002033710479736328
algerian_forest_fires_46279,,,pca,robust,MLPClassifier(random_state=0),3,0.9791666666666666,,,,0.11006736755371094,0.00022172927856445312
algerian_forest_fires_46279,,,pca,robust,MLPClassifier(random_state=0),4,0.9583333333333334,,,,0.1045830249786377,0.0002224445343017578
algerian_forest_fires_46279,,,fastica,robust,MLPClassifier(random_state=0),0,0.9387755102040817,,,,0.10528850555419922,0.00021409988403320312
algerian_forest_fires_46279,,,fastica,robust,MLPClassifier(random_state=0),1,0.6326530612244898,,,,0.09661149978637695,0.000194549560546875
algerian_forest_fires_46279,,,fastica,robust,MLPClassifier(random_state=0),2,0.6326530612244898,,,,0.0962831974029541,0.00020241737365722656
algerian_forest_fires_46279,,,fastica,robust,MLPClassifier(random_state=0),3,0.9583333333333334,,,,0.1058354377746582,0.0002543926239013672
algerian_forest_fires_46279,,,fastica,robust,MLPClassifier(random_state=0),4,0.9583333333333334,,,,0.10574769973754883,0.00020122528076171875
algerian_forest_fires_46279,,,truncated_svd,robust,MLPClassifier(random_state=0),0,0.9183673469387755,,,,0.09300112724304199,0.00023293495178222656
algerian_forest_fires_46279,,,truncated_svd,robust,MLPClassifier(random_state=0),1,0.9183673469387755,,,,0.09441733360290527,0.00020432472229003906
algerian_forest_fires_46279,,,truncated_svd,robust,MLPClassifier(random_state=0),2,0.8979591836734694,,,,0.09309768676757812,0.0002205371856689453
algerian_forest_fires_46279,,,truncated_svd,robust,MLPClassifier(random_state=0),3,0.9375,,,,0.09284067153930664,0.00019884109497070312
algerian_forest_fires_46279,,,truncated_svd,robust,MLPClassifier(random_state=0),4,0.9375,,,,0.09247779846191406,0.00021529197692871094
algerian_forest_fires_46279,,,select_percentile,robust,MLPClassifier(random_state=0),0,0.9591836734693877,,,,0.0906519889831543,0.000213623046875
algerian_forest_fires_46279,,,select_percentile,robust,MLPClassifier(random_state=0),1,0.9795918367346939,,,,0.09093523025512695,0.000194549560546875
algerian_forest_fires_46279,,,select_percentile,robust,MLPClassifier(random_state=0),2,0.9795918367346939,,,,0.09234738349914551,0.0002994537353515625
algerian_forest_fires_46279,,,select_percentile,robust,MLPClassifier(random_state=0),3,1.0,,,,0.09088706970214844,0.00021791458129882812
algerian_forest_fires_46279,,,select_percentile,robust,MLPClassifier(random_state=0),4,0.9583333333333334,,,,0.09625959396362305,0.00023889541625976562
algerian_forest_fires_46279,,,generic_univariate,robust,MLPClassifier(random_state=0),0,0.9387755102040817,,,,0.09266257286071777,0.0002999305725097656
algerian_forest_fires_46279,,,generic_univariate,robust,MLPClassifier(random_state=0),1,0.9387755102040817,,,,0.08685731887817383,0.00019216537475585938
algerian_forest_fires_46279,,,generic_univariate,robust,MLPClassifier(random_state=0),2,1.0,,,,0.09283733367919922,0.00019884109497070312
algerian_forest_fires_46279,,,generic_univariate,robust,MLPClassifier(random_state=0),3,0.9375,,,,0.09130406379699707,0.00024628639221191406
algerian_forest_fires_46279,,,generic_univariate,robust,MLPClassifier(random_state=0),4,1.0,,,,0.09479379653930664,0.0002846717834472656
algerian_forest_fires_46279,,,polynomial_features,robust,MLPClassifier(random_state=0),0,0.8775510204081632,,,,1.3727164268493652,0.00039649009704589844
algerian_forest_fires_46279,,,polynomial_features,robust,MLPClassifier(random_state=0),1,0.9183673469387755,,,,1.7409958839416504,0.00038504600524902344
algerian_forest_fires_46279,,,polynomial_features,robust,MLPClassifier(random_state=0),2,0.8979591836734694,,,,1.7059211730957031,0.0004165172576904297
algerian_forest_fires_46279,,,polynomial_features,robust,MLPClassifier(random_state=0),3,0.9375,,,,1.3316843509674072,0.0008482933044433594
algerian_forest_fires_46279,,,polynomial_features,robust,MLPClassifier(random_state=0),4,0.9375,,,,1.5176782608032227,0.0028243064880371094
algerian_forest_fires_46279,,,nystroem,robust,MLPClassifier(random_state=0),0,0.9387755102040817,,,,0.2549898624420166,0.0002999305725097656
algerian_forest_fires_46279,,,nystroem,robust,MLPClassifier(random_state=0),1,0.9591836734693877,,,,0.25183820724487305,0.000316619873046875
algerian_forest_fires_46279,,,nystroem,robust,MLPClassifier(random_state=0),2,0.9591836734693877,,,,0.24080872535705566,0.00033473968505859375
algerian_forest_fires_46279,,,nystroem,robust,MLPClassifier(random_state=0),3,0.9791666666666666,,,,0.23835468292236328,0.0003063678741455078
algerian_forest_fires_46279,,,nystroem,robust,MLPClassifier(random_state=0),4,0.9375,,,,0.25386929512023926,0.0003228187561035156
algerian_forest_fires_46279,,,rbf_sampler,robust,MLPClassifier(random_state=0),0,0.7142857142857143,,,,0.2032010555267334,0.00028324127197265625
algerian_forest_fires_46279,,,rbf_sampler,robust,MLPClassifier(random_state=0),1,0.7959183673469388,,,,0.19714093208312988,0.0003380775451660156
algerian_forest_fires_46279,,,rbf_sampler,robust,MLPClassifier(random_state=0),2,0.673469387755102,,,,0.19066238403320312,0.00031447410583496094
algerian_forest_fires_46279,,,rbf_sampler,robust,MLPClassifier(random_state=0),3,0.75,,,,0.1893019676208496,0.0002846717834472656
algerian_forest_fires_46279,,,rbf_sampler,robust,MLPClassifier(random_state=0),4,0.6875,,,,0.19015932083129883,0.0003123283386230469
algerian_forest_fires_46279,,,random_trees_embedding,robust,MLPClassifier(random_state=0),0,0.9183673469387755,,,,0.7193427085876465,0.0007171630859375
algerian_forest_fires_46279,,,random_trees_embedding,robust,MLPClassifier(random_state=0),1,0.9591836734693877,,,,0.7777237892150879,0.0005917549133300781
algerian_forest_fires_46279,,,random_trees_embedding,robust,MLPClassifier(random_state=0),2,0.9387755102040817,,,,0.8069961071014404,0.0006592273712158203
algerian_forest_fires_46279,,,random_trees_embedding,robust,MLPClassifier(random_state=0),3,0.9583333333333334,,,,0.7637274265289307,0.0006678104400634766
algerian_forest_fires_46279,,,random_trees_embedding,robust,MLPClassifier(random_state=0),4,0.9375,,,,0.7789647579193115,0.0005946159362792969
algerian_forest_fires_46279,,,feature_agglomeration,robust,MLPClassifier(random_state=0),0,0.8163265306122449,,,,0.11597204208374023,0.0002200603485107422
algerian_forest_fires_46279,,,feature_agglomeration,robust,MLPClassifier(random_state=0),1,0.8979591836734694,,,,0.09104347229003906,0.0002200603485107422
algerian_forest_fires_46279,,,feature_agglomeration,robust,MLPClassifier(random_state=0),2,0.8571428571428571,,,,0.09158658981323242,0.00019407272338867188
algerian_forest_fires_46279,,,feature_agglomeration,robust,MLPClassifier(random_state=0),3,0.8958333333333334,,,,0.09110522270202637,0.00018715858459472656
algerian_forest_fires_46279,,,feature_agglomeration,robust,MLPClassifier(random_state=0),4,0.875,,,,0.08992910385131836,0.00018930435180664062
algerian_forest_fires_46279,,,extra_tree,robust,MLPClassifier(random_state=0),0,0.9183673469387755,,,,0.09325575828552246,0.0001881122589111328
algerian_forest_fires_46279,,,extra_tree,robust,MLPClassifier(random_state=0),1,0.9387755102040817,,,,0.09119963645935059,0.0001862049102783203
algerian_forest_fires_46279,,,extra_tree,robust,MLPClassifier(random_state=0),2,0.9591836734693877,,,,0.0924069881439209,0.00019407272338867188
algerian_forest_fires_46279,,,extra_tree,robust,MLPClassifier(random_state=0),3,0.9583333333333334,,,,0.0922691822052002,0.00019502639770507812
algerian_forest_fires_46279,,,extra_tree,robust,MLPClassifier(random_state=0),4,0.9791666666666666,,,,0.08991885185241699,0.00018978118896484375
algerian_forest_fires_46279,,,linear_svc,robust,MLPClassifier(random_state=0),0,0.9183673469387755,,,,0.09130716323852539,0.00018715858459472656
algerian_forest_fires_46279,,,linear_svc,robust,MLPClassifier(random_state=0),1,0.9387755102040817,,,,0.09064722061157227,0.00018739700317382812
algerian_forest_fires_46279,,,linear_svc,robust,MLPClassifier(random_state=0),2,0.9591836734693877,,,,0.09121942520141602,0.0002014636993408203
algerian_forest_fires_46279,,,linear_svc,robust,MLPClassifier(random_state=0),3,0.9583333333333334,,,,0.09090995788574219,0.00018525123596191406
algerian_forest_fires_46279,,,linear_svc,robust,MLPClassifier(random_state=0),4,0.9791666666666666,,,,0.09357261657714844,0.0002193450927734375
algerian_forest_fires_46279,,,kernel_pca,robust,MLPClassifier(random_state=0),0,0.9591836734693877,,,,0.11281132698059082,0.0001811981201171875
algerian_forest_fires_46279,,,kernel_pca,robust,MLPClassifier(random_state=0),1,0.9795918367346939,,,,0.135786771774292,0.00019741058349609375
algerian_forest_fires_46279,,,kernel_pca,robust,MLPClassifier(random_state=0),2,0.9591836734693877,,,,0.1323840618133545,0.00019598007202148438
algerian_forest_fires_46279,,,kernel_pca,robust,MLPClassifier(random_state=0),3,0.9791666666666666,,,,0.14089679718017578,0.0001976490020751953
algerian_forest_fires_46279,,,kernel_pca,robust,MLPClassifier(random_state=0),4,0.9166666666666666,,,,0.1321263313293457,0.0002384185791015625
algerian_forest_fires_46279,,,,normalizer,MLPClassifier(random_state=0),0,0.673469387755102,,,,0.09438920021057129,0.0002028942108154297
algerian_forest_fires_46279,,,,normalizer,MLPClassifier(random_state=0),1,0.6530612244897959,,,,0.09330201148986816,0.00019073486328125
algerian_forest_fires_46279,,,,normalizer,MLPClassifier(random_state=0),2,0.7346938775510204,,,,0.09315299987792969,0.00018930435180664062
algerian_forest_fires_46279,,,,normalizer,MLPClassifier(random_state=0),3,0.8333333333333334,,,,0.09327173233032227,0.0001900196075439453
algerian_forest_fires_46279,,,,normalizer,MLPClassifier(random_state=0),4,0.6458333333333334,,,,0.09318208694458008,0.00018930435180664062
algerian_forest_fires_46279,,,pca,normalizer,MLPClassifier(random_state=0),0,0.5510204081632653,,,,0.09159231185913086,0.00018310546875
algerian_forest_fires_46279,,,pca,normalizer,MLPClassifier(random_state=0),1,0.5510204081632653,,,,0.09542369842529297,0.00021338462829589844
algerian_forest_fires_46279,,,pca,normalizer,MLPClassifier(random_state=0),2,0.5714285714285714,,,,0.09259319305419922,0.00020694732666015625
algerian_forest_fires_46279,,,pca,normalizer,MLPClassifier(random_state=0),3,0.625,,,,0.09314775466918945,0.00018787384033203125
algerian_forest_fires_46279,,,pca,normalizer,MLPClassifier(random_state=0),4,0.5416666666666666,,,,0.09279966354370117,0.00019812583923339844
algerian_forest_fires_46279,,,fastica,normalizer,MLPClassifier(random_state=0),0,0.9795918367346939,,,,0.10937905311584473,0.0002193450927734375
algerian_forest_fires_46279,,,fastica,normalizer,MLPClassifier(random_state=0),1,0.9795918367346939,,,,0.10385775566101074,0.0002224445343017578
algerian_forest_fires_46279,,,fastica,normalizer,MLPClassifier(random_state=0),2,0.9591836734693877,,,,0.1071329116821289,0.00020766258239746094
algerian_forest_fires_46279,,,fastica,normalizer,MLPClassifier(random_state=0),3,0.9791666666666666,,,,0.10442471504211426,0.00018858909606933594
algerian_forest_fires_46279,,,fastica,normalizer,MLPClassifier(random_state=0),4,0.9166666666666666,,,,0.1047062873840332,0.00019025802612304688
algerian_forest_fires_46279,,,truncated_svd,normalizer,MLPClassifier(random_state=0),0,0.5510204081632653,,,,0.008680582046508789,0.00022077560424804688
algerian_forest_fires_46279,,,truncated_svd,normalizer,MLPClassifier(random_state=0),1,0.5510204081632653,,,,0.008539199829101562,0.00015735626220703125
algerian_forest_fires_46279,,,truncated_svd,normalizer,MLPClassifier(random_state=0),2,0.5714285714285714,,,,0.008680343627929688,0.00018858909606933594
algerian_forest_fires_46279,,,truncated_svd,normalizer,MLPClassifier(random_state=0),3,0.6041666666666666,,,,0.007387638092041016,0.00015282630920410156
algerian_forest_fires_46279,,,truncated_svd,normalizer,MLPClassifier(random_state=0),4,0.5416666666666666,,,,0.008546590805053711,0.00015163421630859375
algerian_forest_fires_46279,,,select_percentile,normalizer,MLPClassifier(random_state=0),0,0.5510204081632653,,,,0.007219791412353516,0.0001704692840576172
algerian_forest_fires_46279,,,select_percentile,normalizer,MLPClassifier(random_state=0),1,0.5510204081632653,,,,0.007294654846191406,0.00014853477478027344
algerian_forest_fires_46279,,,select_percentile,normalizer,MLPClassifier(random_state=0),2,0.5714285714285714,,,,0.0068395137786865234,0.0001704692840576172
algerian_forest_fires_46279,,,select_percentile,normalizer,MLPClassifier(random_state=0),3,0.6041666666666666,,,,0.0069882869720458984,0.00014901161193847656
algerian_forest_fires_46279,,,select_percentile,normalizer,MLPClassifier(random_state=0),4,0.5416666666666666,,,,0.007334709167480469,0.0001544952392578125
algerian_forest_fires_46279,,,generic_univariate,normalizer,MLPClassifier(random_state=0),0,0.5510204081632653,,,,0.01772761344909668,0.0001723766326904297
algerian_forest_fires_46279,,,generic_univariate,normalizer,MLPClassifier(random_state=0),1,0.5510204081632653,,,,0.017599105834960938,0.00016450881958007812
algerian_forest_fires_46279,,,generic_univariate,normalizer,MLPClassifier(random_state=0),2,0.5714285714285714,,,,0.016729354858398438,0.0001659393310546875
algerian_forest_fires_46279,,,generic_univariate,normalizer,MLPClassifier(random_state=0),3,0.6041666666666666,,,,0.01767730712890625,0.00016427040100097656
algerian_forest_fires_46279,,,generic_univariate,normalizer,MLPClassifier(random_state=0),4,0.5416666666666666,,,,0.018602848052978516,0.00017142295837402344
algerian_forest_fires_46279,,,polynomial_features,normalizer,MLPClassifier(random_state=0),0,0.7551020408163265,,,,2.498985767364502,0.0004391670227050781
algerian_forest_fires_46279,,,polynomial_features,normalizer,MLPClassifier(random_state=0),1,0.7755102040816326,,,,2.303626775741577,0.0035877227783203125
algerian_forest_fires_46279,,,polynomial_features,normalizer,MLPClassifier(random_state=0),2,0.8571428571428571,,,,2.280768632888794,0.0010194778442382812
algerian_forest_fires_46279,,,polynomial_features,normalizer,MLPClassifier(random_state=0),3,0.8958333333333334,,,,2.42407488822937,0.0004017353057861328
algerian_forest_fires_46279,,,polynomial_features,normalizer,MLPClassifier(random_state=0),4,0.8125,,,,2.323794364929199,0.0007300376892089844
algerian_forest_fires_46279,,,nystroem,normalizer,MLPClassifier(random_state=0),0,0.5510204081632653,,,,0.08886218070983887,0.0003216266632080078
algerian_forest_fires_46279,,,nystroem,normalizer,MLPClassifier(random_state=0),1,0.5510204081632653,,,,0.0908513069152832,0.0002808570861816406
algerian_forest_fires_46279,,,nystroem,normalizer,MLPClassifier(random_state=0),2,0.5714285714285714,,,,0.03571510314941406,0.0002846717834472656
algerian_forest_fires_46279,,,nystroem,normalizer,MLPClassifier(random_state=0),3,0.6041666666666666,,,,0.08063983917236328,0.0002803802490234375
algerian_forest_fires_46279,,,nystroem,normalizer,MLPClassifier(random_state=0),4,0.5416666666666666,,,,0.07595539093017578,0.0002732276916503906
algerian_forest_fires_46279,,,rbf_sampler,normalizer,MLPClassifier(random_state=0),0,0.8367346938775511,,,,0.18329954147338867,0.0002944469451904297
algerian_forest_fires_46279,,,rbf_sampler,normalizer,MLPClassifier(random_state=0),1,0.8571428571428571,,,,0.1753377914428711,0.00031375885009765625
algerian_forest_fires_46279,,,rbf_sampler,normalizer,MLPClassifier(random_state=0),2,0.8775510204081632,,,,0.18683290481567383,0.0002856254577636719
algerian_forest_fires_46279,,,rbf_sampler,normalizer,MLPClassifier(random_state=0),3,0.9166666666666666,,,,0.1863858699798584,0.00033020973205566406
algerian_forest_fires_46279,,,rbf_sampler,normalizer,MLPClassifier(random_state=0),4,0.8958333333333334,,,,0.1883540153503418,0.00034499168395996094
algerian_forest_fires_46279,,,random_trees_embedding,normalizer,MLPClassifier(random_state=0),0,0.9183673469387755,,,,0.825751781463623,0.0034875869750976562
algerian_forest_fires_46279,,,random_trees_embedding,normalizer,MLPClassifier(random_state=0),1,0.9591836734693877,,,,0.821481466293335,0.0006549358367919922
algerian_forest_fires_46279,,,random_trees_embedding,normalizer,MLPClassifier(random_state=0),2,0.9387755102040817,,,,0.8630075454711914,0.0014193058013916016
algerian_forest_fires_46279,,,random_trees_embedding,normalizer,MLPClassifier(random_state=0),3,0.9583333333333334,,,,0.6634795665740967,0.0007281303405761719
algerian_forest_fires_46279,,,random_trees_embedding,normalizer,MLPClassifier(random_state=0),4,0.9583333333333334,,,,0.6753919124603271,0.0006444454193115234
algerian_forest_fires_46279,,,feature_agglomeration,normalizer,MLPClassifier(random_state=0),0,0.5510204081632653,,,,0.018005847930908203,0.00021409988403320312
algerian_forest_fires_46279,,,feature_agglomeration,normalizer,MLPClassifier(random_state=0),1,0.5510204081632653,,,,0.009293556213378906,0.00022554397583007812
algerian_forest_fires_46279,,,feature_agglomeration,normalizer,MLPClassifier(random_state=0),2,0.5714285714285714,,,,0.00835108757019043,0.00023174285888671875
algerian_forest_fires_46279,,,feature_agglomeration,normalizer,MLPClassifier(random_state=0),3,0.6041666666666666,,,,0.006844997406005859,0.00015878677368164062
algerian_forest_fires_46279,,,feature_agglomeration,normalizer,MLPClassifier(random_state=0),4,0.5416666666666666,,,,0.008101940155029297,0.00017833709716796875
algerian_forest_fires_46279,,,extra_tree,normalizer,MLPClassifier(random_state=0),0,0.5510204081632653,,,,0.009077787399291992,0.0002067089080810547
algerian_forest_fires_46279,,,extra_tree,normalizer,MLPClassifier(random_state=0),1,0.5510204081632653,,,,0.00895547866821289,0.000156402587890625
algerian_forest_fires_46279,,,extra_tree,normalizer,MLPClassifier(random_state=0),2,0.5714285714285714,,,,0.010718107223510742,0.0001704692840576172
algerian_forest_fires_46279,,,extra_tree,normalizer,MLPClassifier(random_state=0),3,0.6041666666666666,,,,0.007186412811279297,0.00020384788513183594
algerian_forest_fires_46279,,,extra_tree,normalizer,MLPClassifier(random_state=0),4,0.5416666666666666,,,,0.011362314224243164,0.00015282630920410156
algerian_forest_fires_46279,,,linear_svc,normalizer,MLPClassifier(random_state=0),0,0.5510204081632653,,,,0.08716702461242676,0.0001823902130126953
algerian_forest_fires_46279,,,linear_svc,normalizer,MLPClassifier(random_state=0),1,0.5510204081632653,,,,0.08566451072692871,0.00018715858459472656
algerian_forest_fires_46279,,,linear_svc,normalizer,MLPClassifier(random_state=0),2,0.5714285714285714,,,,0.09505581855773926,0.00020074844360351562
algerian_forest_fires_46279,,,linear_svc,normalizer,MLPClassifier(random_state=0),3,0.6666666666666666,,,,0.08696675300598145,0.00018310546875
algerian_forest_fires_46279,,,linear_svc,normalizer,MLPClassifier(random_state=0),4,0.5416666666666666,,,,0.08742856979370117,0.0001857280731201172
algerian_forest_fires_46279,,,kernel_pca,normalizer,MLPClassifier(random_state=0),0,0.5510204081632653,,,,0.1228337287902832,0.00021648406982421875
algerian_forest_fires_46279,,,kernel_pca,normalizer,MLPClassifier(random_state=0),1,0.5510204081632653,,,,0.12860441207885742,0.00019502639770507812
algerian_forest_fires_46279,,,kernel_pca,normalizer,MLPClassifier(random_state=0),2,0.5714285714285714,,,,0.11843585968017578,0.00024175643920898438
algerian_forest_fires_46279,,,kernel_pca,normalizer,MLPClassifier(random_state=0),3,0.6041666666666666,,,,0.11300539970397949,0.00019621849060058594
algerian_forest_fires_46279,,,kernel_pca,normalizer,MLPClassifier(random_state=0),4,0.5416666666666666,,,,0.11292266845703125,0.0001773834228515625
algerian_forest_fires_46279,,,,power,MLPClassifier(random_state=0),0,0.9387755102040817,,,,0.10091423988342285,0.00018715858459472656
algerian_forest_fires_46279,,,,power,MLPClassifier(random_state=0),1,0.9591836734693877,,,,0.10128378868103027,0.0001811981201171875
algerian_forest_fires_46279,,,,power,MLPClassifier(random_state=0),2,0.8979591836734694,,,,0.10147380828857422,0.00018858909606933594
algerian_forest_fires_46279,,,,power,MLPClassifier(random_state=0),3,0.9791666666666666,,,,0.10448050498962402,0.00021266937255859375
algerian_forest_fires_46279,,,,power,MLPClassifier(random_state=0),4,0.9375,,,,0.11037302017211914,0.0002231597900390625
algerian_forest_fires_46279,,,pca,power,MLPClassifier(random_state=0),0,1.0,,,,0.10118532180786133,0.00023865699768066406
algerian_forest_fires_46279,,,pca,power,MLPClassifier(random_state=0),1,0.9795918367346939,,,,0.10111331939697266,0.00021076202392578125
algerian_forest_fires_46279,,,pca,power,MLPClassifier(random_state=0),2,0.9795918367346939,,,,0.10434865951538086,0.0002193450927734375
algerian_forest_fires_46279,,,pca,power,MLPClassifier(random_state=0),3,0.9583333333333334,,,,0.10640573501586914,0.00020360946655273438
algerian_forest_fires_46279,,,pca,power,MLPClassifier(random_state=0),4,0.9583333333333334,,,,0.10654950141906738,0.0001971721649169922
algerian_forest_fires_46279,,,fastica,power,MLPClassifier(random_state=0),0,0.9795918367346939,,,,0.10296940803527832,0.00022840499877929688
algerian_forest_fires_46279,,,fastica,power,MLPClassifier(random_state=0),1,0.9795918367346939,,,,0.10622549057006836,0.00023794174194335938
algerian_forest_fires_46279,,,fastica,power,MLPClassifier(random_state=0),2,0.9591836734693877,,,,0.10141849517822266,0.00024008750915527344
algerian_forest_fires_46279,,,fastica,power,MLPClassifier(random_state=0),3,0.9791666666666666,,,,0.10520100593566895,0.00024771690368652344
algerian_forest_fires_46279,,,fastica,power,MLPClassifier(random_state=0),4,0.9583333333333334,,,,0.10592436790466309,0.000209808349609375
algerian_forest_fires_46279,,,truncated_svd,power,MLPClassifier(random_state=0),0,0.8979591836734694,,,,0.09262418746948242,0.00020432472229003906
algerian_forest_fires_46279,,,truncated_svd,power,MLPClassifier(random_state=0),1,0.9183673469387755,,,,0.09264993667602539,0.0002067089080810547
algerian_forest_fires_46279,,,truncated_svd,power,MLPClassifier(random_state=0),2,0.9183673469387755,,,,0.09412312507629395,0.00021886825561523438
algerian_forest_fires_46279,,,truncated_svd,power,MLPClassifier(random_state=0),3,0.9375,,,,0.09674763679504395,0.00018858909606933594
algerian_forest_fires_46279,,,truncated_svd,power,MLPClassifier(random_state=0),4,0.9375,,,,0.09300804138183594,0.00022482872009277344
algerian_forest_fires_46279,,,select_percentile,power,MLPClassifier(random_state=0),0,0.9183673469387755,,,,0.09120726585388184,0.00019240379333496094
algerian_forest_fires_46279,,,select_percentile,power,MLPClassifier(random_state=0),1,0.9591836734693877,,,,0.09529232978820801,0.00019311904907226562
algerian_forest_fires_46279,,,select_percentile,power,MLPClassifier(random_state=0),2,0.9795918367346939,,,,0.09079146385192871,0.00021147727966308594
algerian_forest_fires_46279,,,select_percentile,power,MLPClassifier(random_state=0),3,0.9791666666666666,,,,0.0909736156463623,0.00021338462829589844
algerian_forest_fires_46279,,,select_percentile,power,MLPClassifier(random_state=0),4,0.9791666666666666,,,,0.09110689163208008,0.00019049644470214844
algerian_forest_fires_46279,,,generic_univariate,power,MLPClassifier(random_state=0),0,0.8979591836734694,,,,0.08765339851379395,0.00018858909606933594
algerian_forest_fires_46279,,,generic_univariate,power,MLPClassifier(random_state=0),1,0.9387755102040817,,,,0.08640766143798828,0.0002071857452392578
algerian_forest_fires_46279,,,generic_univariate,power,MLPClassifier(random_state=0),2,0.9387755102040817,,,,0.08855009078979492,0.00019049644470214844
algerian_forest_fires_46279,,,generic_univariate,power,MLPClassifier(random_state=0),3,0.9375,,,,0.08951187133789062,0.00022292137145996094
algerian_forest_fires_46279,,,generic_univariate,power,MLPClassifier(random_state=0),4,0.9791666666666666,,,,0.08756852149963379,0.0001926422119140625
algerian_forest_fires_46279,,,polynomial_features,power,MLPClassifier(random_state=0),0,0.9591836734693877,,,,1.3244552612304688,0.00032711029052734375
algerian_forest_fires_46279,,,polynomial_features,power,MLPClassifier(random_state=0),1,0.9387755102040817,,,,2.3680765628814697,0.0019350051879882812
algerian_forest_fires_46279,,,polynomial_features,power,MLPClassifier(random_state=0),2,0.9387755102040817,,,,1.619062900543213,0.0030660629272460938
algerian_forest_fires_46279,,,polynomial_features,power,MLPClassifier(random_state=0),3,0.9375,,,,1.515002965927124,0.0011866092681884766
algerian_forest_fires_46279,,,polynomial_features,power,MLPClassifier(random_state=0),4,0.9166666666666666,,,,1.4212279319763184,0.0003407001495361328
algerian_forest_fires_46279,,,nystroem,power,MLPClassifier(random_state=0),0,0.9591836734693877,,,,0.20120453834533691,0.00035500526428222656
algerian_forest_fires_46279,,,nystroem,power,MLPClassifier(random_state=0),1,0.9591836734693877,,,,0.2630343437194824,0.0003218650817871094
algerian_forest_fires_46279,,,nystroem,power,MLPClassifier(random_state=0),2,0.9591836734693877,,,,0.23164796829223633,0.00029850006103515625
algerian_forest_fires_46279,,,nystroem,power,MLPClassifier(random_state=0),3,0.9791666666666666,,,,0.23360824584960938,0.0003190040588378906
algerian_forest_fires_46279,,,nystroem,power,MLPClassifier(random_state=0),4,0.9375,,,,0.22832632064819336,0.00030040740966796875
algerian_forest_fires_46279,,,rbf_sampler,power,MLPClassifier(random_state=0),0,0.5102040816326531,,,,0.18715834617614746,0.000331878662109375
algerian_forest_fires_46279,,,rbf_sampler,power,MLPClassifier(random_state=0),1,0.7551020408163265,,,,0.1827995777130127,0.00027871131896972656
algerian_forest_fires_46279,,,rbf_sampler,power,MLPClassifier(random_state=0),2,0.6938775510204082,,,,0.1825118064880371,0.0003185272216796875
algerian_forest_fires_46279,,,rbf_sampler,power,MLPClassifier(random_state=0),3,0.6875,,,,0.18092727661132812,0.00026226043701171875
algerian_forest_fires_46279,,,rbf_sampler,power,MLPClassifier(random_state=0),4,0.6875,,,,0.1829218864440918,0.00028896331787109375
algerian_forest_fires_46279,,,random_trees_embedding,power,MLPClassifier(random_state=0),0,0.9591836734693877,,,,0.6311120986938477,0.0005877017974853516
algerian_forest_fires_46279,,,random_trees_embedding,power,MLPClassifier(random_state=0),1,0.9795918367346939,,,,0.6562895774841309,0.0006835460662841797
algerian_forest_fires_46279,,,random_trees_embedding,power,MLPClassifier(random_state=0),2,0.9795918367346939,,,,0.7416541576385498,0.0006952285766601562
algerian_forest_fires_46279,,,random_trees_embedding,power,MLPClassifier(random_state=0),3,0.9791666666666666,,,,0.6561107635498047,0.0006525516510009766
algerian_forest_fires_46279,,,random_trees_embedding,power,MLPClassifier(random_state=0),4,0.9791666666666666,,,,0.7521066665649414,0.0006184577941894531
algerian_forest_fires_46279,,,feature_agglomeration,power,MLPClassifier(random_state=0),0,0.8571428571428571,,,,0.09739327430725098,0.00019407272338867188
algerian_forest_fires_46279,,,feature_agglomeration,power,MLPClassifier(random_state=0),1,0.9183673469387755,,,,0.09195232391357422,0.00019431114196777344
algerian_forest_fires_46279,,,feature_agglomeration,power,MLPClassifier(random_state=0),2,0.8979591836734694,,,,0.09193539619445801,0.0001964569091796875
algerian_forest_fires_46279,,,feature_agglomeration,power,MLPClassifier(random_state=0),3,0.9583333333333334,,,,0.09763813018798828,0.00018405914306640625
algerian_forest_fires_46279,,,feature_agglomeration,power,MLPClassifier(random_state=0),4,0.9166666666666666,,,,0.09453034400939941,0.00019168853759765625
algerian_forest_fires_46279,,,extra_tree,power,MLPClassifier(random_state=0),0,0.9183673469387755,,,,0.10184478759765625,0.00025534629821777344
algerian_forest_fires_46279,,,extra_tree,power,MLPClassifier(random_state=0),1,0.9591836734693877,,,,0.0980982780456543,0.00020456314086914062
algerian_forest_fires_46279,,,extra_tree,power,MLPClassifier(random_state=0),2,0.9387755102040817,,,,0.09540343284606934,0.00021123886108398438
algerian_forest_fires_46279,,,extra_tree,power,MLPClassifier(random_state=0),3,0.9791666666666666,,,,0.09947919845581055,0.0002429485321044922
algerian_forest_fires_46279,,,extra_tree,power,MLPClassifier(random_state=0),4,0.9791666666666666,,,,0.08510494232177734,0.0002110004425048828
algerian_forest_fires_46279,,,linear_svc,power,MLPClassifier(random_state=0),0,0.9387755102040817,,,,0.08650875091552734,0.00019550323486328125
algerian_forest_fires_46279,,,linear_svc,power,MLPClassifier(random_state=0),1,0.9795918367346939,,,,0.09030818939208984,0.00019431114196777344
algerian_forest_fires_46279,,,linear_svc,power,MLPClassifier(random_state=0),2,1.0,,,,0.08957386016845703,0.00017976760864257812
algerian_forest_fires_46279,,,linear_svc,power,MLPClassifier(random_state=0),3,0.9375,,,,0.08818554878234863,0.00020241737365722656
algerian_forest_fires_46279,,,linear_svc,power,MLPClassifier(random_state=0),4,0.9791666666666666,,,,0.08584141731262207,0.00017452239990234375
algerian_forest_fires_46279,,,kernel_pca,power,MLPClassifier(random_state=0),0,1.0,,,,0.13027262687683105,0.00021529197692871094
algerian_forest_fires_46279,,,kernel_pca,power,MLPClassifier(random_state=0),1,0.9795918367346939,,,,0.1302344799041748,0.00020241737365722656
algerian_forest_fires_46279,,,kernel_pca,power,MLPClassifier(random_state=0),2,0.9795918367346939,,,,0.1386716365814209,0.0002002716064453125
algerian_forest_fires_46279,,,kernel_pca,power,MLPClassifier(random_state=0),3,0.9791666666666666,,,,0.12465047836303711,0.00022983551025390625
algerian_forest_fires_46279,,,kernel_pca,power,MLPClassifier(random_state=0),4,0.9583333333333334,,,,0.13555073738098145,0.00021076202392578125
algerian_forest_fires_46279,,,,quantile,MLPClassifier(random_state=0),0,0.8979591836734694,,,,0.10337185859680176,0.00025916099548339844
algerian_forest_fires_46279,,,,quantile,MLPClassifier(random_state=0),1,0.9387755102040817,,,,0.10307860374450684,0.0002853870391845703
algerian_forest_fires_46279,,,,quantile,MLPClassifier(random_state=0),2,0.8775510204081632,,,,0.10166740417480469,0.00020599365234375
algerian_forest_fires_46279,,,,quantile,MLPClassifier(random_state=0),3,0.9166666666666666,,,,0.10482335090637207,0.00019598007202148438
algerian_forest_fires_46279,,,,quantile,MLPClassifier(random_state=0),4,0.9583333333333334,,,,0.10090231895446777,0.0001914501190185547
algerian_forest_fires_46279,,,pca,quantile,MLPClassifier(random_state=0),0,0.9795918367346939,,,,0.11795735359191895,0.0002880096435546875
algerian_forest_fires_46279,,,pca,quantile,MLPClassifier(random_state=0),1,0.9795918367346939,,,,0.10450196266174316,0.0002009868621826172
algerian_forest_fires_46279,,,pca,quantile,MLPClassifier(random_state=0),2,0.9591836734693877,,,,0.10400629043579102,0.0001952648162841797
algerian_forest_fires_46279,,,pca,quantile,MLPClassifier(random_state=0),3,0.9583333333333334,,,,0.10469579696655273,0.00019931793212890625
algerian_forest_fires_46279,,,pca,quantile,MLPClassifier(random_state=0),4,0.9791666666666666,,,,0.10374951362609863,0.00022363662719726562
algerian_forest_fires_46279,,,fastica,quantile,MLPClassifier(random_state=0),0,0.8979591836734694,,,,0.10352015495300293,0.00019979476928710938
algerian_forest_fires_46279,,,fastica,quantile,MLPClassifier(random_state=0),1,0.9795918367346939,,,,0.10280871391296387,0.00020360946655273438
algerian_forest_fires_46279,,,fastica,quantile,MLPClassifier(random_state=0),2,0.9795918367346939,,,,0.10442352294921875,0.0002067089080810547
algerian_forest_fires_46279,,,fastica,quantile,MLPClassifier(random_state=0),3,0.9375,,,,0.10573530197143555,0.00021219253540039062
algerian_forest_fires_46279,,,fastica,quantile,MLPClassifier(random_state=0),4,0.9583333333333334,,,,0.10625767707824707,0.0002086162567138672
algerian_forest_fires_46279,,,truncated_svd,quantile,MLPClassifier(random_state=0),0,0.8979591836734694,,,,0.08988261222839355,0.00018906593322753906
algerian_forest_fires_46279,,,truncated_svd,quantile,MLPClassifier(random_state=0),1,0.9591836734693877,,,,0.08945941925048828,0.00018930435180664062
algerian_forest_fires_46279,,,truncated_svd,quantile,MLPClassifier(random_state=0),2,0.8979591836734694,,,,0.08967041969299316,0.00020766258239746094
algerian_forest_fires_46279,,,truncated_svd,quantile,MLPClassifier(random_state=0),3,0.8958333333333334,,,,0.08991837501525879,0.00020933151245117188
algerian_forest_fires_46279,,,truncated_svd,quantile,MLPClassifier(random_state=0),4,0.9791666666666666,,,,0.09444379806518555,0.0001926422119140625
algerian_forest_fires_46279,,,select_percentile,quantile,MLPClassifier(random_state=0),0,0.9387755102040817,,,,0.09120750427246094,0.00019168853759765625
algerian_forest_fires_46279,,,select_percentile,quantile,MLPClassifier(random_state=0),1,0.9795918367346939,,,,0.08759164810180664,0.0001895427703857422
algerian_forest_fires_46279,,,select_percentile,quantile,MLPClassifier(random_state=0),2,0.9795918367346939,,,,0.0879068374633789,0.0001919269561767578
algerian_forest_fires_46279,,,select_percentile,quantile,MLPClassifier(random_state=0),3,0.9375,,,,0.08808469772338867,0.0001933574676513672
algerian_forest_fires_46279,,,select_percentile,quantile,MLPClassifier(random_state=0),4,1.0,,,,0.08856868743896484,0.0002338886260986328
algerian_forest_fires_46279,,,generic_univariate,quantile,MLPClassifier(random_state=0),0,0.9387755102040817,,,,0.08558368682861328,0.0001926422119140625
algerian_forest_fires_46279,,,generic_univariate,quantile,MLPClassifier(random_state=0),1,0.9795918367346939,,,,0.08506441116333008,0.00019073486328125
algerian_forest_fires_46279,,,generic_univariate,quantile,MLPClassifier(random_state=0),2,0.9795918367346939,,,,0.08551645278930664,0.00018525123596191406
algerian_forest_fires_46279,,,generic_univariate,quantile,MLPClassifier(random_state=0),3,0.9375,,,,0.08595514297485352,0.00021028518676757812
algerian_forest_fires_46279,,,generic_univariate,quantile,MLPClassifier(random_state=0),4,1.0,,,,0.08661389350891113,0.00018286705017089844
algerian_forest_fires_46279,,,polynomial_features,quantile,MLPClassifier(random_state=0),0,0.9795918367346939,,,,1.0196990966796875,0.0004069805145263672
algerian_forest_fires_46279,,,polynomial_features,quantile,MLPClassifier(random_state=0),1,0.9591836734693877,,,,0.8906395435333252,0.0009865760803222656
algerian_forest_fires_46279,,,polynomial_features,quantile,MLPClassifier(random_state=0),2,0.9183673469387755,,,,0.9898059368133545,0.00034809112548828125
algerian_forest_fires_46279,,,polynomial_features,quantile,MLPClassifier(random_state=0),3,0.9791666666666666,,,,0.9438700675964355,0.0011935234069824219
algerian_forest_fires_46279,,,polynomial_features,quantile,MLPClassifier(random_state=0),4,0.9791666666666666,,,,0.9817042350769043,0.0003590583801269531
algerian_forest_fires_46279,,,nystroem,quantile,MLPClassifier(random_state=0),0,0.9183673469387755,,,,0.25789403915405273,0.00035643577575683594
algerian_forest_fires_46279,,,nystroem,quantile,MLPClassifier(random_state=0),1,0.9591836734693877,,,,0.21245741844177246,0.0003390312194824219
algerian_forest_fires_46279,,,nystroem,quantile,MLPClassifier(random_state=0),2,0.8979591836734694,,,,0.2578582763671875,0.0003476142883300781
algerian_forest_fires_46279,,,nystroem,quantile,MLPClassifier(random_state=0),3,0.9375,,,,0.24340343475341797,0.00033783912658691406
algerian_forest_fires_46279,,,nystroem,quantile,MLPClassifier(random_state=0),4,0.9583333333333334,,,,0.24819326400756836,0.0002956390380859375
algerian_forest_fires_46279,,,rbf_sampler,quantile,MLPClassifier(random_state=0),0,0.9795918367346939,,,,0.19556856155395508,0.0003445148468017578
algerian_forest_fires_46279,,,rbf_sampler,quantile,MLPClassifier(random_state=0),1,0.9591836734693877,,,,0.20213079452514648,0.0003082752227783203
algerian_forest_fires_46279,,,rbf_sampler,quantile,MLPClassifier(random_state=0),2,0.9591836734693877,,,,0.1995861530303955,0.00028252601623535156
algerian_forest_fires_46279,,,rbf_sampler,quantile,MLPClassifier(random_state=0),3,0.9375,,,,0.19507813453674316,0.00029730796813964844
algerian_forest_fires_46279,,,rbf_sampler,quantile,MLPClassifier(random_state=0),4,0.9583333333333334,,,,0.18564248085021973,0.0004048347473144531
algerian_forest_fires_46279,,,random_trees_embedding,quantile,MLPClassifier(random_state=0),0,0.9387755102040817,,,,0.5386345386505127,0.0006453990936279297
algerian_forest_fires_46279,,,random_trees_embedding,quantile,MLPClassifier(random_state=0),1,0.9795918367346939,,,,0.5200595855712891,0.0005934238433837891
algerian_forest_fires_46279,,,random_trees_embedding,quantile,MLPClassifier(random_state=0),2,0.9183673469387755,,,,0.49792933464050293,0.0006630420684814453
algerian_forest_fires_46279,,,random_trees_embedding,quantile,MLPClassifier(random_state=0),3,0.9583333333333334,,,,0.4959867000579834,0.0006072521209716797
algerian_forest_fires_46279,,,random_trees_embedding,quantile,MLPClassifier(random_state=0),4,0.9791666666666666,,,,0.5052790641784668,0.0006225109100341797
algerian_forest_fires_46279,,,feature_agglomeration,quantile,MLPClassifier(random_state=0),0,0.8367346938775511,,,,0.10123395919799805,0.00021219253540039062
algerian_forest_fires_46279,,,feature_agglomeration,quantile,MLPClassifier(random_state=0),1,0.8775510204081632,,,,0.08595609664916992,0.0001888275146484375
algerian_forest_fires_46279,,,feature_agglomeration,quantile,MLPClassifier(random_state=0),2,0.8775510204081632,,,,0.08486747741699219,0.00020456314086914062
algerian_forest_fires_46279,,,feature_agglomeration,quantile,MLPClassifier(random_state=0),3,0.9166666666666666,,,,0.08660054206848145,0.00026226043701171875
algerian_forest_fires_46279,,,feature_agglomeration,quantile,MLPClassifier(random_state=0),4,0.9375,,,,0.08649516105651855,0.0001888275146484375
algerian_forest_fires_46279,,,extra_tree,quantile,MLPClassifier(random_state=0),0,0.8979591836734694,,,,0.09003877639770508,0.00020742416381835938
algerian_forest_fires_46279,,,extra_tree,quantile,MLPClassifier(random_state=0),1,0.9591836734693877,,,,0.0874629020690918,0.0001881122589111328
algerian_forest_fires_46279,,,extra_tree,quantile,MLPClassifier(random_state=0),2,0.8775510204081632,,,,0.08887863159179688,0.00018858909606933594
algerian_forest_fires_46279,,,extra_tree,quantile,MLPClassifier(random_state=0),3,0.9375,,,,0.08683037757873535,0.0001823902130126953
algerian_forest_fires_46279,,,extra_tree,quantile,MLPClassifier(random_state=0),4,0.9375,,,,0.08916211128234863,0.00019407272338867188
algerian_forest_fires_46279,,,linear_svc,quantile,MLPClassifier(random_state=0),0,0.9387755102040817,,,,0.08837223052978516,0.00021409988403320312
algerian_forest_fires_46279,,,linear_svc,quantile,MLPClassifier(random_state=0),1,0.9591836734693877,,,,0.08771657943725586,0.0002167224884033203
algerian_forest_fires_46279,,,linear_svc,quantile,MLPClassifier(random_state=0),2,0.9795918367346939,,,,0.08963918685913086,0.0002772808074951172
algerian_forest_fires_46279,,,linear_svc,quantile,MLPClassifier(random_state=0),3,0.9375,,,,0.09209513664245605,0.00019478797912597656
algerian_forest_fires_46279,,,linear_svc,quantile,MLPClassifier(random_state=0),4,0.9583333333333334,,,,0.08942747116088867,0.00020647048950195312
algerian_forest_fires_46279,,,kernel_pca,quantile,MLPClassifier(random_state=0),0,0.9795918367346939,,,,0.13359570503234863,0.0002079010009765625
algerian_forest_fires_46279,,,kernel_pca,quantile,MLPClassifier(random_state=0),1,0.9795918367346939,,,,0.1240074634552002,0.0002551078796386719
algerian_forest_fires_46279,,,kernel_pca,quantile,MLPClassifier(random_state=0),2,0.9387755102040817,,,,0.12504339218139648,0.00018835067749023438
algerian_forest_fires_46279,,,kernel_pca,quantile,MLPClassifier(random_state=0),3,0.9583333333333334,,,,0.12459540367126465,0.0002422332763671875
algerian_forest_fires_46279,,,kernel_pca,quantile,MLPClassifier(random_state=0),4,0.9583333333333334,,,,0.13964152336120605,0.0002028942108154297
algerian_forest_fires_46279,,onehot,,,MLPClassifier(random_state=0),0,0.7755102040816326,,,No using One Hot,0.024468660354614258,0.0011053085327148438
algerian_forest_fires_46279,,onehot,,,MLPClassifier(random_state=0),1,0.7346938775510204,,,No using One Hot,0.02579808235168457,0.0012083053588867188
algerian_forest_fires_46279,,onehot,,,MLPClassifier(random_state=0),2,0.8163265306122449,,,No using One Hot,0.024602651596069336,0.0011622905731201172
algerian_forest_fires_46279,,onehot,,,MLPClassifier(random_state=0),3,0.4166666666666667,,,No using One Hot,0.017386913299560547,0.0010373592376708984
algerian_forest_fires_46279,,onehot,,,MLPClassifier(random_state=0),4,0.7291666666666666,,,No using One Hot,0.026102542877197266,0.001081705093383789
algerian_forest_fires_46279,,onehot,pca,,MLPClassifier(random_state=0),0,0.9795918367346939,,,No using One Hot,0.10353970527648926,0.0001933574676513672
algerian_forest_fires_46279,,onehot,pca,,MLPClassifier(random_state=0),1,0.9591836734693877,,,No using One Hot,0.11903882026672363,0.00022172927856445312
algerian_forest_fires_46279,,onehot,pca,,MLPClassifier(random_state=0),2,0.9795918367346939,,,No using One Hot,0.10421991348266602,0.00021910667419433594
algerian_forest_fires_46279,,onehot,pca,,MLPClassifier(random_state=0),3,0.9791666666666666,,,No using One Hot,0.10344219207763672,0.00020885467529296875
algerian_forest_fires_46279,,onehot,pca,,MLPClassifier(random_state=0),4,0.9375,,,No using One Hot,0.10560774803161621,0.00028824806213378906
algerian_forest_fires_46279,,onehot,fastica,,MLPClassifier(random_state=0),0,0.7346938775510204,,,No using One Hot,0.09844613075256348,0.0002148151397705078
algerian_forest_fires_46279,,onehot,fastica,,MLPClassifier(random_state=0),1,0.9387755102040817,,,No using One Hot,0.10087060928344727,0.00020813941955566406
algerian_forest_fires_46279,,onehot,fastica,,MLPClassifier(random_state=0),2,0.9183673469387755,,,No using One Hot,0.10491466522216797,0.0001914501190185547
algerian_forest_fires_46279,,onehot,fastica,,MLPClassifier(random_state=0),3,1.0,,,No using One Hot,0.10680460929870605,0.00019693374633789062
algerian_forest_fires_46279,,onehot,fastica,,MLPClassifier(random_state=0),4,0.875,,,No using One Hot,0.0999901294708252,0.00019788742065429688
algerian_forest_fires_46279,,onehot,truncated_svd,,MLPClassifier(random_state=0),0,0.6122448979591837,,,No using One Hot,0.011803865432739258,0.0001933574676513672
algerian_forest_fires_46279,,onehot,truncated_svd,,MLPClassifier(random_state=0),1,0.5918367346938775,,,No using One Hot,0.011712312698364258,0.0003066062927246094
algerian_forest_fires_46279,,onehot,truncated_svd,,MLPClassifier(random_state=0),2,0.7551020408163265,,,No using One Hot,0.013560056686401367,0.0001633167266845703
algerian_forest_fires_46279,,onehot,truncated_svd,,MLPClassifier(random_state=0),3,0.6041666666666666,,,No using One Hot,0.009771108627319336,0.00018024444580078125
algerian_forest_fires_46279,,onehot,truncated_svd,,MLPClassifier(random_state=0),4,0.5833333333333334,,,No using One Hot,0.01240396499633789,0.00019097328186035156
algerian_forest_fires_46279,,onehot,select_percentile,,MLPClassifier(random_state=0),0,0.9591836734693877,,,No using One Hot,0.08632302284240723,0.0002372264862060547
algerian_forest_fires_46279,,onehot,select_percentile,,MLPClassifier(random_state=0),1,1.0,,,No using One Hot,0.08725285530090332,0.00021457672119140625
algerian_forest_fires_46279,,onehot,select_percentile,,MLPClassifier(random_state=0),2,0.9591836734693877,,,No using One Hot,0.08152484893798828,0.00020551681518554688
algerian_forest_fires_46279,,onehot,select_percentile,,MLPClassifier(random_state=0),3,0.9583333333333334,,,No using One Hot,0.07994675636291504,0.00017571449279785156
algerian_forest_fires_46279,,onehot,select_percentile,,MLPClassifier(random_state=0),4,0.9375,,,No using One Hot,0.08002614974975586,0.00019288063049316406
algerian_forest_fires_46279,,onehot,generic_univariate,,MLPClassifier(random_state=0),0,0.6530612244897959,,,No using One Hot,0.07745885848999023,0.00018405914306640625
algerian_forest_fires_46279,,onehot,generic_univariate,,MLPClassifier(random_state=0),1,0.6326530612244898,,,No using One Hot,0.07783389091491699,0.0001819133758544922
algerian_forest_fires_46279,,onehot,generic_univariate,,MLPClassifier(random_state=0),2,0.6122448979591837,,,No using One Hot,0.07945942878723145,0.0002865791320800781
algerian_forest_fires_46279,,onehot,generic_univariate,,MLPClassifier(random_state=0),3,0.7708333333333334,,,No using One Hot,0.07761740684509277,0.0001747608184814453
algerian_forest_fires_46279,,onehot,generic_univariate,,MLPClassifier(random_state=0),4,0.6666666666666666,,,No using One Hot,0.07794022560119629,0.0001735687255859375
algerian_forest_fires_46279,,onehot,polynomial_features,,MLPClassifier(random_state=0),0,0.5510204081632653,,,No using One Hot,0.06907963752746582,0.00035071372985839844
algerian_forest_fires_46279,,onehot,polynomial_features,,MLPClassifier(random_state=0),1,0.5510204081632653,,,No using One Hot,0.05583333969116211,0.0003330707550048828
algerian_forest_fires_46279,,onehot,polynomial_features,,MLPClassifier(random_state=0),2,0.5714285714285714,,,No using One Hot,0.05244112014770508,0.0003371238708496094
algerian_forest_fires_46279,,onehot,polynomial_features,,MLPClassifier(random_state=0),3,0.6041666666666666,,,No using One Hot,0.04571199417114258,0.0003108978271484375
algerian_forest_fires_46279,,onehot,polynomial_features,,MLPClassifier(random_state=0),4,0.5416666666666666,,,No using One Hot,0.08161354064941406,0.00032258033752441406
algerian_forest_fires_46279,,onehot,nystroem,,MLPClassifier(random_state=0),0,0.5918367346938775,,,No using One Hot,0.2281019687652588,0.0003409385681152344
algerian_forest_fires_46279,,onehot,nystroem,,MLPClassifier(random_state=0),1,0.5714285714285714,,,No using One Hot,0.22735214233398438,0.0003287792205810547
algerian_forest_fires_46279,,onehot,nystroem,,MLPClassifier(random_state=0),2,0.5714285714285714,,,No using One Hot,0.2292182445526123,0.00034308433532714844
algerian_forest_fires_46279,,onehot,nystroem,,MLPClassifier(random_state=0),3,0.6666666666666666,,,No using One Hot,0.23188018798828125,0.0002918243408203125
algerian_forest_fires_46279,,onehot,nystroem,,MLPClassifier(random_state=0),4,0.5833333333333334,,,No using One Hot,0.24401593208312988,0.0002970695495605469
algerian_forest_fires_46279,,onehot,rbf_sampler,,MLPClassifier(random_state=0),0,0.6122448979591837,,,No using One Hot,0.18736004829406738,0.00035500526428222656
algerian_forest_fires_46279,,onehot,rbf_sampler,,MLPClassifier(random_state=0),1,0.5102040816326531,,,No using One Hot,0.18662023544311523,0.00024080276489257812
algerian_forest_fires_46279,,onehot,rbf_sampler,,MLPClassifier(random_state=0),2,0.5102040816326531,,,No using One Hot,0.1803121566772461,0.00032258033752441406
algerian_forest_fires_46279,,onehot,rbf_sampler,,MLPClassifier(random_state=0),3,0.5208333333333334,,,No using One Hot,0.20146560668945312,0.00029206275939941406
algerian_forest_fires_46279,,onehot,rbf_sampler,,MLPClassifier(random_state=0),4,0.5416666666666666,,,No using One Hot,0.20381760597229004,0.0003399848937988281
algerian_forest_fires_46279,,onehot,random_trees_embedding,,MLPClassifier(random_state=0),0,0.9183673469387755,,,No using One Hot,0.5005638599395752,0.0006387233734130859
algerian_forest_fires_46279,,onehot,random_trees_embedding,,MLPClassifier(random_state=0),1,0.9591836734693877,,,No using One Hot,0.5155448913574219,0.0005981922149658203
algerian_forest_fires_46279,,onehot,random_trees_embedding,,MLPClassifier(random_state=0),2,0.9387755102040817,,,No using One Hot,0.5133750438690186,0.0006833076477050781
algerian_forest_fires_46279,,onehot,random_trees_embedding,,MLPClassifier(random_state=0),3,0.9583333333333334,,,No using One Hot,0.5317106246948242,0.0006222724914550781
algerian_forest_fires_46279,,onehot,random_trees_embedding,,MLPClassifier(random_state=0),4,0.9375,,,No using One Hot,0.46868467330932617,0.0006113052368164062
algerian_forest_fires_46279,,onehot,feature_agglomeration,,MLPClassifier(random_state=0),0,0.5510204081632653,,,No using One Hot,0.028447389602661133,0.00021409988403320312
algerian_forest_fires_46279,,onehot,feature_agglomeration,,MLPClassifier(random_state=0),1,0.5510204081632653,,,No using One Hot,0.024001598358154297,0.00018143653869628906
algerian_forest_fires_46279,,onehot,feature_agglomeration,,MLPClassifier(random_state=0),2,0.5714285714285714,,,No using One Hot,0.02311253547668457,0.0001888275146484375
algerian_forest_fires_46279,,onehot,feature_agglomeration,,MLPClassifier(random_state=0),3,0.3958333333333333,,,No using One Hot,0.01474761962890625,0.0001571178436279297
algerian_forest_fires_46279,,onehot,feature_agglomeration,,MLPClassifier(random_state=0),4,0.5416666666666666,,,No using One Hot,0.010812520980834961,0.00016927719116210938
algerian_forest_fires_46279,,onehot,extra_tree,,MLPClassifier(random_state=0),0,0.9183673469387755,,,No using One Hot,0.09096622467041016,0.00022482872009277344
algerian_forest_fires_46279,,onehot,extra_tree,,MLPClassifier(random_state=0),1,0.7755102040816326,,,No using One Hot,0.010431051254272461,0.0001590251922607422
algerian_forest_fires_46279,,onehot,extra_tree,,MLPClassifier(random_state=0),2,0.8367346938775511,,,No using One Hot,0.010223865509033203,0.00015807151794433594
algerian_forest_fires_46279,,onehot,extra_tree,,MLPClassifier(random_state=0),3,0.7916666666666666,,,No using One Hot,0.010457038879394531,0.00017976760864257812
algerian_forest_fires_46279,,onehot,extra_tree,,MLPClassifier(random_state=0),4,0.9583333333333334,,,No using One Hot,0.08599519729614258,0.00021839141845703125
algerian_forest_fires_46279,,onehot,linear_svc,,MLPClassifier(random_state=0),0,0.9387755102040817,,,No using One Hot,0.08555102348327637,0.00025343894958496094
algerian_forest_fires_46279,,onehot,linear_svc,,MLPClassifier(random_state=0),1,0.9591836734693877,,,No using One Hot,0.08727216720581055,0.00017786026000976562
algerian_forest_fires_46279,,onehot,linear_svc,,MLPClassifier(random_state=0),2,0.9591836734693877,,,No using One Hot,0.08556151390075684,0.0001811981201171875
algerian_forest_fires_46279,,onehot,linear_svc,,MLPClassifier(random_state=0),3,0.9583333333333334,,,No using One Hot,0.08579421043395996,0.00018024444580078125
algerian_forest_fires_46279,,onehot,linear_svc,,MLPClassifier(random_state=0),4,0.9583333333333334,,,No using One Hot,0.08534121513366699,0.00018453598022460938
algerian_forest_fires_46279,,onehot,kernel_pca,,MLPClassifier(random_state=0),0,0.9591836734693877,,,No using One Hot,0.11522650718688965,0.00018858909606933594
algerian_forest_fires_46279,,onehot,kernel_pca,,MLPClassifier(random_state=0),1,0.9591836734693877,,,No using One Hot,0.1142282485961914,0.00022172927856445312
algerian_forest_fires_46279,,onehot,kernel_pca,,MLPClassifier(random_state=0),2,0.9591836734693877,,,No using One Hot,0.12566900253295898,0.00019478797912597656
algerian_forest_fires_46279,,onehot,kernel_pca,,MLPClassifier(random_state=0),3,0.9791666666666666,,,No using One Hot,0.12322878837585449,0.00018310546875
algerian_forest_fires_46279,,onehot,kernel_pca,,MLPClassifier(random_state=0),4,0.9583333333333334,,,No using One Hot,0.12216448783874512,0.00018835067749023438
algerian_forest_fires_46279,,onehot,,standard,MLPClassifier(random_state=0),0,0.9183673469387755,,,No using One Hot,0.09769892692565918,0.00021791458129882812
algerian_forest_fires_46279,,onehot,,standard,MLPClassifier(random_state=0),1,0.9387755102040817,,,No using One Hot,0.09810519218444824,0.0002455711364746094
algerian_forest_fires_46279,,onehot,,standard,MLPClassifier(random_state=0),2,0.8571428571428571,,,No using One Hot,0.10644006729125977,0.0002307891845703125
algerian_forest_fires_46279,,onehot,,standard,MLPClassifier(random_state=0),3,0.9791666666666666,,,No using One Hot,0.10675048828125,0.0001964569091796875
algerian_forest_fires_46279,,onehot,,standard,MLPClassifier(random_state=0),4,0.9375,,,No using One Hot,0.10567140579223633,0.0001971721649169922
algerian_forest_fires_46279,,onehot,pca,standard,MLPClassifier(random_state=0),0,0.9591836734693877,,,No using One Hot,0.10588335990905762,0.0002014636993408203
algerian_forest_fires_46279,,onehot,pca,standard,MLPClassifier(random_state=0),1,0.9795918367346939,,,No using One Hot,0.10550665855407715,0.00019979476928710938
algerian_forest_fires_46279,,onehot,pca,standard,MLPClassifier(random_state=0),2,0.9387755102040817,,,No using One Hot,0.1059272289276123,0.0002148151397705078
algerian_forest_fires_46279,,onehot,pca,standard,MLPClassifier(random_state=0),3,0.9583333333333334,,,No using One Hot,0.10512018203735352,0.00025081634521484375
algerian_forest_fires_46279,,onehot,pca,standard,MLPClassifier(random_state=0),4,0.9375,,,No using One Hot,0.10495162010192871,0.00019407272338867188
algerian_forest_fires_46279,,onehot,fastica,standard,MLPClassifier(random_state=0),0,0.8163265306122449,,,No using One Hot,0.1001441478729248,0.0001952648162841797
algerian_forest_fires_46279,,onehot,fastica,standard,MLPClassifier(random_state=0),1,0.5510204081632653,,,No using One Hot,0.013216018676757812,0.0001671314239501953
algerian_forest_fires_46279,,onehot,fastica,standard,MLPClassifier(random_state=0),2,0.9591836734693877,,,No using One Hot,0.10498237609863281,0.00019478797912597656
algerian_forest_fires_46279,,onehot,fastica,standard,MLPClassifier(random_state=0),3,0.9583333333333334,,,No using One Hot,0.10882258415222168,0.0002143383026123047
algerian_forest_fires_46279,,onehot,fastica,standard,MLPClassifier(random_state=0),4,0.9583333333333334,,,No using One Hot,0.1055302619934082,0.00022077560424804688
algerian_forest_fires_46279,,onehot,truncated_svd,standard,MLPClassifier(random_state=0),0,0.8571428571428571,,,No using One Hot,0.09463644027709961,0.0001983642578125
algerian_forest_fires_46279,,onehot,truncated_svd,standard,MLPClassifier(random_state=0),1,0.8979591836734694,,,No using One Hot,0.09264278411865234,0.00019121170043945312
algerian_forest_fires_46279,,onehot,truncated_svd,standard,MLPClassifier(random_state=0),2,0.8163265306122449,,,No using One Hot,0.09347105026245117,0.00019311904907226562
algerian_forest_fires_46279,,onehot,truncated_svd,standard,MLPClassifier(random_state=0),3,0.9375,,,No using One Hot,0.09325528144836426,0.0001957416534423828
algerian_forest_fires_46279,,onehot,truncated_svd,standard,MLPClassifier(random_state=0),4,0.9375,,,No using One Hot,0.09366464614868164,0.0001933574676513672
algerian_forest_fires_46279,,onehot,select_percentile,standard,MLPClassifier(random_state=0),0,0.9591836734693877,,,No using One Hot,0.09062695503234863,0.00019073486328125
algerian_forest_fires_46279,,onehot,select_percentile,standard,MLPClassifier(random_state=0),1,0.9795918367346939,,,No using One Hot,0.0899500846862793,0.00018835067749023438
algerian_forest_fires_46279,,onehot,select_percentile,standard,MLPClassifier(random_state=0),2,0.9795918367346939,,,No using One Hot,0.0911250114440918,0.00027751922607421875
algerian_forest_fires_46279,,onehot,select_percentile,standard,MLPClassifier(random_state=0),3,1.0,,,No using One Hot,0.0939340591430664,0.0001881122589111328
algerian_forest_fires_46279,,onehot,select_percentile,standard,MLPClassifier(random_state=0),4,0.9583333333333334,,,No using One Hot,0.09096693992614746,0.0001914501190185547
algerian_forest_fires_46279,,onehot,generic_univariate,standard,MLPClassifier(random_state=0),0,0.8979591836734694,,,No using One Hot,0.08600711822509766,0.00018835067749023438
algerian_forest_fires_46279,,onehot,generic_univariate,standard,MLPClassifier(random_state=0),1,0.9183673469387755,,,No using One Hot,0.08635449409484863,0.00018715858459472656
algerian_forest_fires_46279,,onehot,generic_univariate,standard,MLPClassifier(random_state=0),2,0.9591836734693877,,,No using One Hot,0.08611154556274414,0.00018548965454101562
algerian_forest_fires_46279,,onehot,generic_univariate,standard,MLPClassifier(random_state=0),3,0.9375,,,No using One Hot,0.08593392372131348,0.00018477439880371094
algerian_forest_fires_46279,,onehot,generic_univariate,standard,MLPClassifier(random_state=0),4,0.9791666666666666,,,No using One Hot,0.09072017669677734,0.0002086162567138672
algerian_forest_fires_46279,,onehot,polynomial_features,standard,MLPClassifier(random_state=0),0,0.9183673469387755,,,No using One Hot,1.6099212169647217,0.0008130073547363281
algerian_forest_fires_46279,,onehot,polynomial_features,standard,MLPClassifier(random_state=0),1,0.9387755102040817,,,No using One Hot,1.5541958808898926,0.00372314453125
algerian_forest_fires_46279,,onehot,polynomial_features,standard,MLPClassifier(random_state=0),2,0.9183673469387755,,,No using One Hot,1.567213535308838,0.0004124641418457031
algerian_forest_fires_46279,,onehot,polynomial_features,standard,MLPClassifier(random_state=0),3,0.9583333333333334,,,No using One Hot,1.5351855754852295,0.00037360191345214844
algerian_forest_fires_46279,,onehot,polynomial_features,standard,MLPClassifier(random_state=0),4,0.9375,,,No using One Hot,1.5742206573486328,0.0003600120544433594
algerian_forest_fires_46279,,onehot,nystroem,standard,MLPClassifier(random_state=0),0,0.9591836734693877,,,No using One Hot,0.25400757789611816,0.00032782554626464844
algerian_forest_fires_46279,,onehot,nystroem,standard,MLPClassifier(random_state=0),1,0.9591836734693877,,,No using One Hot,0.25818657875061035,0.00035071372985839844
algerian_forest_fires_46279,,onehot,nystroem,standard,MLPClassifier(random_state=0),2,0.9387755102040817,,,No using One Hot,0.25068163871765137,0.0003337860107421875
algerian_forest_fires_46279,,onehot,nystroem,standard,MLPClassifier(random_state=0),3,0.9791666666666666,,,No using One Hot,0.26239514350891113,0.00037026405334472656
algerian_forest_fires_46279,,onehot,nystroem,standard,MLPClassifier(random_state=0),4,0.9375,,,No using One Hot,0.2554047107696533,0.0003032684326171875
algerian_forest_fires_46279,,onehot,rbf_sampler,standard,MLPClassifier(random_state=0),0,0.5918367346938775,,,No using One Hot,0.20234990119934082,0.0003323554992675781
algerian_forest_fires_46279,,onehot,rbf_sampler,standard,MLPClassifier(random_state=0),1,0.7551020408163265,,,No using One Hot,0.19655728340148926,0.0003447532653808594
algerian_forest_fires_46279,,onehot,rbf_sampler,standard,MLPClassifier(random_state=0),2,0.6530612244897959,,,No using One Hot,0.17519307136535645,0.00029540061950683594
algerian_forest_fires_46279,,onehot,rbf_sampler,standard,MLPClassifier(random_state=0),3,0.7083333333333334,,,No using One Hot,0.19736289978027344,0.0002872943878173828
algerian_forest_fires_46279,,onehot,rbf_sampler,standard,MLPClassifier(random_state=0),4,0.6458333333333334,,,No using One Hot,0.19305086135864258,0.0003495216369628906
algerian_forest_fires_46279,,onehot,random_trees_embedding,standard,MLPClassifier(random_state=0),0,0.9183673469387755,,,No using One Hot,0.5777750015258789,0.0006420612335205078
algerian_forest_fires_46279,,onehot,random_trees_embedding,standard,MLPClassifier(random_state=0),1,0.9591836734693877,,,No using One Hot,0.609156608581543,0.0006542205810546875
algerian_forest_fires_46279,,onehot,random_trees_embedding,standard,MLPClassifier(random_state=0),2,0.9387755102040817,,,No using One Hot,1.5149376392364502,0.0006597042083740234
algerian_forest_fires_46279,,onehot,random_trees_embedding,standard,MLPClassifier(random_state=0),3,0.9583333333333334,,,No using One Hot,0.5290834903717041,0.0006775856018066406
algerian_forest_fires_46279,,onehot,random_trees_embedding,standard,MLPClassifier(random_state=0),4,0.9375,,,No using One Hot,0.6242327690124512,0.0006821155548095703
algerian_forest_fires_46279,,onehot,feature_agglomeration,standard,MLPClassifier(random_state=0),0,0.8571428571428571,,,No using One Hot,0.11287713050842285,0.00022268295288085938
algerian_forest_fires_46279,,onehot,feature_agglomeration,standard,MLPClassifier(random_state=0),1,0.8571428571428571,,,No using One Hot,0.09221458435058594,0.00021791458129882812
algerian_forest_fires_46279,,onehot,feature_agglomeration,standard,MLPClassifier(random_state=0),2,0.8571428571428571,,,No using One Hot,0.09338951110839844,0.00019812583923339844
algerian_forest_fires_46279,,onehot,feature_agglomeration,standard,MLPClassifier(random_state=0),3,0.9375,,,No using One Hot,0.09231209754943848,0.00021576881408691406
algerian_forest_fires_46279,,onehot,feature_agglomeration,standard,MLPClassifier(random_state=0),4,0.9166666666666666,,,No using One Hot,0.09269189834594727,0.0002002716064453125
algerian_forest_fires_46279,,onehot,extra_tree,standard,MLPClassifier(random_state=0),0,0.9183673469387755,,,No using One Hot,0.09663820266723633,0.00020170211791992188
algerian_forest_fires_46279,,onehot,extra_tree,standard,MLPClassifier(random_state=0),1,0.9591836734693877,,,No using One Hot,0.09323716163635254,0.00023055076599121094
algerian_forest_fires_46279,,onehot,extra_tree,standard,MLPClassifier(random_state=0),2,0.9795918367346939,,,No using One Hot,0.09719181060791016,0.00020241737365722656
algerian_forest_fires_46279,,onehot,extra_tree,standard,MLPClassifier(random_state=0),3,0.9791666666666666,,,No using One Hot,0.09784460067749023,0.0001919269561767578
algerian_forest_fires_46279,,onehot,extra_tree,standard,MLPClassifier(random_state=0),4,0.9791666666666666,,,No using One Hot,0.0992727279663086,0.00020051002502441406
algerian_forest_fires_46279,,onehot,linear_svc,standard,MLPClassifier(random_state=0),0,0.9387755102040817,,,No using One Hot,0.09597039222717285,0.00021719932556152344
algerian_forest_fires_46279,,onehot,linear_svc,standard,MLPClassifier(random_state=0),1,0.9795918367346939,,,No using One Hot,0.09436583518981934,0.0002052783966064453
algerian_forest_fires_46279,,onehot,linear_svc,standard,MLPClassifier(random_state=0),2,0.9591836734693877,,,No using One Hot,0.0964362621307373,0.00021958351135253906
algerian_forest_fires_46279,,onehot,linear_svc,standard,MLPClassifier(random_state=0),3,0.9583333333333334,,,No using One Hot,0.09747982025146484,0.00020122528076171875
algerian_forest_fires_46279,,onehot,linear_svc,standard,MLPClassifier(random_state=0),4,0.9791666666666666,,,No using One Hot,0.09352803230285645,0.00019788742065429688
algerian_forest_fires_46279,,onehot,kernel_pca,standard,MLPClassifier(random_state=0),0,0.9795918367346939,,,No using One Hot,0.1390705108642578,0.0002028942108154297
algerian_forest_fires_46279,,onehot,kernel_pca,standard,MLPClassifier(random_state=0),1,0.9591836734693877,,,No using One Hot,0.13576459884643555,0.00025844573974609375
algerian_forest_fires_46279,,onehot,kernel_pca,standard,MLPClassifier(random_state=0),2,0.9591836734693877,,,No using One Hot,0.12407994270324707,0.00018715858459472656
algerian_forest_fires_46279,,onehot,kernel_pca,standard,MLPClassifier(random_state=0),3,0.9791666666666666,,,No using One Hot,0.12298703193664551,0.0001888275146484375
algerian_forest_fires_46279,,onehot,kernel_pca,standard,MLPClassifier(random_state=0),4,0.9375,,,No using One Hot,0.11627602577209473,0.00016999244689941406
algerian_forest_fires_46279,,onehot,,minmax,MLPClassifier(random_state=0),0,0.8979591836734694,,,No using One Hot,0.0919957160949707,0.00020384788513183594
algerian_forest_fires_46279,,onehot,,minmax,MLPClassifier(random_state=0),1,0.9387755102040817,,,No using One Hot,0.09206771850585938,0.00021195411682128906
algerian_forest_fires_46279,,onehot,,minmax,MLPClassifier(random_state=0),2,0.8367346938775511,,,No using One Hot,0.09244012832641602,0.00018668174743652344
algerian_forest_fires_46279,,onehot,,minmax,MLPClassifier(random_state=0),3,0.9375,,,No using One Hot,0.09115982055664062,0.00019407272338867188
algerian_forest_fires_46279,,onehot,,minmax,MLPClassifier(random_state=0),4,0.9791666666666666,,,No using One Hot,0.09501004219055176,0.0002040863037109375
algerian_forest_fires_46279,,onehot,pca,minmax,MLPClassifier(random_state=0),0,0.9387755102040817,,,No using One Hot,0.09495019912719727,0.00018286705017089844
algerian_forest_fires_46279,,onehot,pca,minmax,MLPClassifier(random_state=0),1,0.9795918367346939,,,No using One Hot,0.09381675720214844,0.00020003318786621094
algerian_forest_fires_46279,,onehot,pca,minmax,MLPClassifier(random_state=0),2,0.9387755102040817,,,No using One Hot,0.10361695289611816,0.00020194053649902344
algerian_forest_fires_46279,,onehot,pca,minmax,MLPClassifier(random_state=0),3,0.9583333333333334,,,No using One Hot,0.09320855140686035,0.00017571449279785156
algerian_forest_fires_46279,,onehot,pca,minmax,MLPClassifier(random_state=0),4,0.9375,,,No using One Hot,0.09233665466308594,0.00018334388732910156
algerian_forest_fires_46279,,onehot,fastica,minmax,MLPClassifier(random_state=0),0,0.9591836734693877,,,No using One Hot,0.09528827667236328,0.00018095970153808594
algerian_forest_fires_46279,,onehot,fastica,minmax,MLPClassifier(random_state=0),1,0.9795918367346939,,,No using One Hot,0.09642696380615234,0.0001811981201171875
algerian_forest_fires_46279,,onehot,fastica,minmax,MLPClassifier(random_state=0),2,0.9591836734693877,,,No using One Hot,0.09612822532653809,0.00018405914306640625
algerian_forest_fires_46279,,onehot,fastica,minmax,MLPClassifier(random_state=0),3,0.9375,,,No using One Hot,0.09647178649902344,0.00018477439880371094
algerian_forest_fires_46279,,onehot,fastica,minmax,MLPClassifier(random_state=0),4,0.9166666666666666,,,No using One Hot,0.09642767906188965,0.00017523765563964844
algerian_forest_fires_46279,,onehot,truncated_svd,minmax,MLPClassifier(random_state=0),0,0.8571428571428571,,,No using One Hot,0.08186721801757812,0.0001850128173828125
algerian_forest_fires_46279,,onehot,truncated_svd,minmax,MLPClassifier(random_state=0),1,0.8571428571428571,,,No using One Hot,0.08195662498474121,0.00017499923706054688
algerian_forest_fires_46279,,onehot,truncated_svd,minmax,MLPClassifier(random_state=0),2,0.8775510204081632,,,No using One Hot,0.0816648006439209,0.00017595291137695312
algerian_forest_fires_46279,,onehot,truncated_svd,minmax,MLPClassifier(random_state=0),3,0.9166666666666666,,,No using One Hot,0.08107185363769531,0.00019621849060058594
algerian_forest_fires_46279,,onehot,truncated_svd,minmax,MLPClassifier(random_state=0),4,0.9166666666666666,,,No using One Hot,0.08812713623046875,0.00021338462829589844
algerian_forest_fires_46279,,onehot,select_percentile,minmax,MLPClassifier(random_state=0),0,0.9387755102040817,,,No using One Hot,0.0988759994506836,0.00019669532775878906
algerian_forest_fires_46279,,onehot,select_percentile,minmax,MLPClassifier(random_state=0),1,0.9387755102040817,,,No using One Hot,0.0927433967590332,0.00020456314086914062
algerian_forest_fires_46279,,onehot,select_percentile,minmax,MLPClassifier(random_state=0),2,0.9591836734693877,,,No using One Hot,0.08761262893676758,0.0002162456512451172
algerian_forest_fires_46279,,onehot,select_percentile,minmax,MLPClassifier(random_state=0),3,0.9375,,,No using One Hot,0.08824491500854492,0.0001957416534423828
algerian_forest_fires_46279,,onehot,select_percentile,minmax,MLPClassifier(random_state=0),4,1.0,,,No using One Hot,0.08829665184020996,0.00022912025451660156
algerian_forest_fires_46279,,onehot,generic_univariate,minmax,MLPClassifier(random_state=0),0,0.7755102040816326,,,No using One Hot,0.08501458168029785,0.00018715858459472656
algerian_forest_fires_46279,,onehot,generic_univariate,minmax,MLPClassifier(random_state=0),1,0.7551020408163265,,,No using One Hot,0.08505082130432129,0.0001938343048095703
algerian_forest_fires_46279,,onehot,generic_univariate,minmax,MLPClassifier(random_state=0),2,0.8367346938775511,,,No using One Hot,0.08466863632202148,0.00019168853759765625
algerian_forest_fires_46279,,onehot,generic_univariate,minmax,MLPClassifier(random_state=0),3,0.875,,,No using One Hot,0.08959245681762695,0.00019431114196777344
algerian_forest_fires_46279,,onehot,generic_univariate,minmax,MLPClassifier(random_state=0),4,0.8125,,,No using One Hot,0.0852963924407959,0.00019073486328125
algerian_forest_fires_46279,,onehot,polynomial_features,minmax,MLPClassifier(random_state=0),0,0.9387755102040817,,,No using One Hot,1.6817824840545654,0.0004131793975830078
algerian_forest_fires_46279,,onehot,polynomial_features,minmax,MLPClassifier(random_state=0),1,0.9591836734693877,,,No using One Hot,1.6391589641571045,0.00032830238342285156
algerian_forest_fires_46279,,onehot,polynomial_features,minmax,MLPClassifier(random_state=0),2,0.9387755102040817,,,No using One Hot,1.7201979160308838,0.001257181167602539
algerian_forest_fires_46279,,onehot,polynomial_features,minmax,MLPClassifier(random_state=0),3,0.9791666666666666,,,No using One Hot,1.5090162754058838,0.0010762214660644531
algerian_forest_fires_46279,,onehot,polynomial_features,minmax,MLPClassifier(random_state=0),4,0.9583333333333334,,,No using One Hot,1.7444133758544922,0.0026171207427978516
algerian_forest_fires_46279,,onehot,nystroem,minmax,MLPClassifier(random_state=0),0,0.9183673469387755,,,No using One Hot,0.25450658798217773,0.00034880638122558594
algerian_forest_fires_46279,,onehot,nystroem,minmax,MLPClassifier(random_state=0),1,0.9387755102040817,,,No using One Hot,0.2511615753173828,0.00036978721618652344
algerian_forest_fires_46279,,onehot,nystroem,minmax,MLPClassifier(random_state=0),2,0.8979591836734694,,,No using One Hot,0.2636890411376953,0.0003612041473388672
algerian_forest_fires_46279,,onehot,nystroem,minmax,MLPClassifier(random_state=0),3,0.9583333333333334,,,No using One Hot,0.25471925735473633,0.0003514289855957031
algerian_forest_fires_46279,,onehot,nystroem,minmax,MLPClassifier(random_state=0),4,0.9791666666666666,,,No using One Hot,0.24140501022338867,0.0003314018249511719
algerian_forest_fires_46279,,onehot,rbf_sampler,minmax,MLPClassifier(random_state=0),0,0.9183673469387755,,,No using One Hot,0.19806885719299316,0.00035262107849121094
algerian_forest_fires_46279,,onehot,rbf_sampler,minmax,MLPClassifier(random_state=0),1,0.9387755102040817,,,No using One Hot,0.18723726272583008,0.00036263465881347656
algerian_forest_fires_46279,,onehot,rbf_sampler,minmax,MLPClassifier(random_state=0),2,0.9183673469387755,,,No using One Hot,0.19160699844360352,0.00035119056701660156
algerian_forest_fires_46279,,onehot,rbf_sampler,minmax,MLPClassifier(random_state=0),3,0.9791666666666666,,,No using One Hot,0.1951427459716797,0.0003604888916015625
algerian_forest_fires_46279,,onehot,rbf_sampler,minmax,MLPClassifier(random_state=0),4,0.9583333333333334,,,No using One Hot,0.20535039901733398,0.00034928321838378906
algerian_forest_fires_46279,,onehot,random_trees_embedding,minmax,MLPClassifier(random_state=0),0,0.9183673469387755,,,No using One Hot,0.4594440460205078,0.0006043910980224609
algerian_forest_fires_46279,,onehot,random_trees_embedding,minmax,MLPClassifier(random_state=0),1,0.9591836734693877,,,No using One Hot,0.6043713092803955,0.0006265640258789062
algerian_forest_fires_46279,,onehot,random_trees_embedding,minmax,MLPClassifier(random_state=0),2,0.9387755102040817,,,No using One Hot,0.5885283946990967,0.0006322860717773438
algerian_forest_fires_46279,,onehot,random_trees_embedding,minmax,MLPClassifier(random_state=0),3,0.9583333333333334,,,No using One Hot,0.6083312034606934,0.0005958080291748047
algerian_forest_fires_46279,,onehot,random_trees_embedding,minmax,MLPClassifier(random_state=0),4,0.9375,,,No using One Hot,0.59328293800354,0.0007112026214599609
algerian_forest_fires_46279,,onehot,feature_agglomeration,minmax,MLPClassifier(random_state=0),0,0.7755102040816326,,,No using One Hot,0.10660576820373535,0.00020360946655273438
algerian_forest_fires_46279,,onehot,feature_agglomeration,minmax,MLPClassifier(random_state=0),1,0.7142857142857143,,,No using One Hot,0.09140586853027344,0.000232696533203125
algerian_forest_fires_46279,,onehot,feature_agglomeration,minmax,MLPClassifier(random_state=0),2,0.8571428571428571,,,No using One Hot,0.08787965774536133,0.0001952648162841797
algerian_forest_fires_46279,,onehot,feature_agglomeration,minmax,MLPClassifier(random_state=0),3,0.8541666666666666,,,No using One Hot,0.08722162246704102,0.0001926422119140625
algerian_forest_fires_46279,,onehot,feature_agglomeration,minmax,MLPClassifier(random_state=0),4,0.8125,,,No using One Hot,0.08740878105163574,0.0001888275146484375
algerian_forest_fires_46279,,onehot,extra_tree,minmax,MLPClassifier(random_state=0),0,0.8979591836734694,,,No using One Hot,0.09166789054870605,0.0001957416534423828
algerian_forest_fires_46279,,onehot,extra_tree,minmax,MLPClassifier(random_state=0),1,0.9387755102040817,,,No using One Hot,0.08915877342224121,0.00019121170043945312
algerian_forest_fires_46279,,onehot,extra_tree,minmax,MLPClassifier(random_state=0),2,0.9387755102040817,,,No using One Hot,0.08943438529968262,0.00025081634521484375
algerian_forest_fires_46279,,onehot,extra_tree,minmax,MLPClassifier(random_state=0),3,0.9583333333333334,,,No using One Hot,0.08876919746398926,0.0001862049102783203
algerian_forest_fires_46279,,onehot,extra_tree,minmax,MLPClassifier(random_state=0),4,0.9791666666666666,,,No using One Hot,0.09089875221252441,0.00019240379333496094
algerian_forest_fires_46279,,onehot,linear_svc,minmax,MLPClassifier(random_state=0),0,0.9591836734693877,,,No using One Hot,0.0900871753692627,0.0005354881286621094
algerian_forest_fires_46279,,onehot,linear_svc,minmax,MLPClassifier(random_state=0),1,0.9795918367346939,,,No using One Hot,0.08986568450927734,0.000194549560546875
algerian_forest_fires_46279,,onehot,linear_svc,minmax,MLPClassifier(random_state=0),2,0.9387755102040817,,,No using One Hot,0.08967113494873047,0.00021886825561523438
algerian_forest_fires_46279,,onehot,linear_svc,minmax,MLPClassifier(random_state=0),3,0.9791666666666666,,,No using One Hot,0.09085321426391602,0.00022125244140625
algerian_forest_fires_46279,,onehot,linear_svc,minmax,MLPClassifier(random_state=0),4,0.9791666666666666,,,No using One Hot,0.0907144546508789,0.00022220611572265625
algerian_forest_fires_46279,,onehot,kernel_pca,minmax,MLPClassifier(random_state=0),0,0.9387755102040817,,,No using One Hot,0.12362432479858398,0.00024700164794921875
algerian_forest_fires_46279,,onehot,kernel_pca,minmax,MLPClassifier(random_state=0),1,0.9795918367346939,,,No using One Hot,0.12793612480163574,0.0002155303955078125
algerian_forest_fires_46279,,onehot,kernel_pca,minmax,MLPClassifier(random_state=0),2,0.9387755102040817,,,No using One Hot,0.13701295852661133,0.00020933151245117188
algerian_forest_fires_46279,,onehot,kernel_pca,minmax,MLPClassifier(random_state=0),3,0.9583333333333334,,,No using One Hot,0.13435959815979004,0.0002224445343017578
algerian_forest_fires_46279,,onehot,kernel_pca,minmax,MLPClassifier(random_state=0),4,0.9375,,,No using One Hot,0.1378476619720459,0.00025916099548339844
algerian_forest_fires_46279,,onehot,,robust,MLPClassifier(random_state=0),0,0.9183673469387755,,,No using One Hot,0.10458636283874512,0.0002079010009765625
algerian_forest_fires_46279,,onehot,,robust,MLPClassifier(random_state=0),1,0.9387755102040817,,,No using One Hot,0.10489273071289062,0.0002028942108154297
algerian_forest_fires_46279,,onehot,,robust,MLPClassifier(random_state=0),2,0.8775510204081632,,,No using One Hot,0.10855650901794434,0.0001933574676513672
algerian_forest_fires_46279,,onehot,,robust,MLPClassifier(random_state=0),3,0.9791666666666666,,,No using One Hot,0.10599064826965332,0.00027871131896972656
algerian_forest_fires_46279,,onehot,,robust,MLPClassifier(random_state=0),4,0.9583333333333334,,,No using One Hot,0.10300636291503906,0.00021696090698242188
algerian_forest_fires_46279,,onehot,pca,robust,MLPClassifier(random_state=0),0,0.9591836734693877,,,No using One Hot,0.10683035850524902,0.0002033710479736328
algerian_forest_fires_46279,,onehot,pca,robust,MLPClassifier(random_state=0),1,0.9591836734693877,,,No using One Hot,0.10751771926879883,0.00023317337036132812
algerian_forest_fires_46279,,onehot,pca,robust,MLPClassifier(random_state=0),2,0.9591836734693877,,,No using One Hot,0.10260009765625,0.00019621849060058594
algerian_forest_fires_46279,,onehot,pca,robust,MLPClassifier(random_state=0),3,0.9791666666666666,,,No using One Hot,0.10236620903015137,0.00019693374633789062
algerian_forest_fires_46279,,onehot,pca,robust,MLPClassifier(random_state=0),4,0.9583333333333334,,,No using One Hot,0.10665297508239746,0.00019669532775878906
algerian_forest_fires_46279,,onehot,fastica,robust,MLPClassifier(random_state=0),0,0.9387755102040817,,,No using One Hot,0.1028146743774414,0.0001914501190185547
algerian_forest_fires_46279,,onehot,fastica,robust,MLPClassifier(random_state=0),1,0.6326530612244898,,,No using One Hot,0.09565186500549316,0.00018858909606933594
algerian_forest_fires_46279,,onehot,fastica,robust,MLPClassifier(random_state=0),2,0.6326530612244898,,,No using One Hot,0.09779739379882812,0.000194549560546875
algerian_forest_fires_46279,,onehot,fastica,robust,MLPClassifier(random_state=0),3,0.9583333333333334,,,No using One Hot,0.10334014892578125,0.0001976490020751953
algerian_forest_fires_46279,,onehot,fastica,robust,MLPClassifier(random_state=0),4,0.9583333333333334,,,No using One Hot,0.10375809669494629,0.0002028942108154297
algerian_forest_fires_46279,,onehot,truncated_svd,robust,MLPClassifier(random_state=0),0,0.9183673469387755,,,No using One Hot,0.09040355682373047,0.00019121170043945312
algerian_forest_fires_46279,,onehot,truncated_svd,robust,MLPClassifier(random_state=0),1,0.9183673469387755,,,No using One Hot,0.09024381637573242,0.00023889541625976562
algerian_forest_fires_46279,,onehot,truncated_svd,robust,MLPClassifier(random_state=0),2,0.8979591836734694,,,No using One Hot,0.09206390380859375,0.00030612945556640625
algerian_forest_fires_46279,,onehot,truncated_svd,robust,MLPClassifier(random_state=0),3,0.9375,,,No using One Hot,0.0907742977142334,0.00020432472229003906
algerian_forest_fires_46279,,onehot,truncated_svd,robust,MLPClassifier(random_state=0),4,0.9375,,,No using One Hot,0.08980607986450195,0.00020694732666015625
algerian_forest_fires_46279,,onehot,select_percentile,robust,MLPClassifier(random_state=0),0,0.9591836734693877,,,No using One Hot,0.08765673637390137,0.0002071857452392578
algerian_forest_fires_46279,,onehot,select_percentile,robust,MLPClassifier(random_state=0),1,0.9795918367346939,,,No using One Hot,0.09280085563659668,0.00018978118896484375
algerian_forest_fires_46279,,onehot,select_percentile,robust,MLPClassifier(random_state=0),2,0.9795918367346939,,,No using One Hot,0.08807182312011719,0.00018548965454101562
algerian_forest_fires_46279,,onehot,select_percentile,robust,MLPClassifier(random_state=0),3,1.0,,,No using One Hot,0.08851742744445801,0.00019931793212890625
algerian_forest_fires_46279,,onehot,select_percentile,robust,MLPClassifier(random_state=0),4,0.9583333333333334,,,No using One Hot,0.0893714427947998,0.0002048015594482422
algerian_forest_fires_46279,,onehot,generic_univariate,robust,MLPClassifier(random_state=0),0,0.9387755102040817,,,No using One Hot,0.9081089496612549,0.00022363662719726562
algerian_forest_fires_46279,,onehot,generic_univariate,robust,MLPClassifier(random_state=0),1,0.9387755102040817,,,No using One Hot,0.09029150009155273,0.00022459030151367188
algerian_forest_fires_46279,,onehot,generic_univariate,robust,MLPClassifier(random_state=0),2,1.0,,,No using One Hot,0.08465909957885742,0.0001862049102783203
algerian_forest_fires_46279,,onehot,generic_univariate,robust,MLPClassifier(random_state=0),3,0.9375,,,No using One Hot,0.08495903015136719,0.0001876354217529297
algerian_forest_fires_46279,,onehot,generic_univariate,robust,MLPClassifier(random_state=0),4,1.0,,,No using One Hot,0.08481454849243164,0.00019860267639160156
algerian_forest_fires_46279,,onehot,polynomial_features,robust,MLPClassifier(random_state=0),0,0.8775510204081632,,,No using One Hot,1.3586304187774658,0.001531839370727539
algerian_forest_fires_46279,,onehot,polynomial_features,robust,MLPClassifier(random_state=0),1,0.9183673469387755,,,No using One Hot,1.5263876914978027,0.00036454200744628906
algerian_forest_fires_46279,,onehot,polynomial_features,robust,MLPClassifier(random_state=0),2,0.8979591836734694,,,No using One Hot,1.5613510608673096,0.0008096694946289062
algerian_forest_fires_46279,,onehot,polynomial_features,robust,MLPClassifier(random_state=0),3,0.9375,,,No using One Hot,1.5173468589782715,0.0009891986846923828
algerian_forest_fires_46279,,onehot,polynomial_features,robust,MLPClassifier(random_state=0),4,0.9375,,,No using One Hot,1.4668092727661133,0.0007894039154052734
algerian_forest_fires_46279,,onehot,nystroem,robust,MLPClassifier(random_state=0),0,0.9387755102040817,,,No using One Hot,0.197706937789917,0.0003681182861328125
algerian_forest_fires_46279,,onehot,nystroem,robust,MLPClassifier(random_state=0),1,0.9591836734693877,,,No using One Hot,0.2588479518890381,0.0004363059997558594
algerian_forest_fires_46279,,onehot,nystroem,robust,MLPClassifier(random_state=0),2,0.9591836734693877,,,No using One Hot,0.22563791275024414,0.000362396240234375
algerian_forest_fires_46279,,onehot,nystroem,robust,MLPClassifier(random_state=0),3,0.9791666666666666,,,No using One Hot,0.21471405029296875,0.00029158592224121094
algerian_forest_fires_46279,,onehot,nystroem,robust,MLPClassifier(random_state=0),4,0.9375,,,No using One Hot,0.25802159309387207,0.000362396240234375
algerian_forest_fires_46279,,onehot,rbf_sampler,robust,MLPClassifier(random_state=0),0,0.7142857142857143,,,No using One Hot,0.1921398639678955,0.0003204345703125
algerian_forest_fires_46279,,onehot,rbf_sampler,robust,MLPClassifier(random_state=0),1,0.7959183673469388,,,No using One Hot,0.20057320594787598,0.0003476142883300781
algerian_forest_fires_46279,,onehot,rbf_sampler,robust,MLPClassifier(random_state=0),2,0.673469387755102,,,No using One Hot,0.20091509819030762,0.00029087066650390625
algerian_forest_fires_46279,,onehot,rbf_sampler,robust,MLPClassifier(random_state=0),3,0.75,,,No using One Hot,0.19565916061401367,0.0003368854522705078
algerian_forest_fires_46279,,onehot,rbf_sampler,robust,MLPClassifier(random_state=0),4,0.6875,,,No using One Hot,0.2043612003326416,0.0003705024719238281
algerian_forest_fires_46279,,onehot,random_trees_embedding,robust,MLPClassifier(random_state=0),0,0.9183673469387755,,,No using One Hot,0.48766255378723145,0.0006694793701171875
algerian_forest_fires_46279,,onehot,random_trees_embedding,robust,MLPClassifier(random_state=0),1,0.9591836734693877,,,No using One Hot,0.519594669342041,0.0006337165832519531
algerian_forest_fires_46279,,onehot,random_trees_embedding,robust,MLPClassifier(random_state=0),2,0.9387755102040817,,,No using One Hot,0.5092291831970215,0.0006558895111083984
algerian_forest_fires_46279,,onehot,random_trees_embedding,robust,MLPClassifier(random_state=0),3,0.9583333333333334,,,No using One Hot,0.47501516342163086,0.0005831718444824219
algerian_forest_fires_46279,,onehot,random_trees_embedding,robust,MLPClassifier(random_state=0),4,0.9375,,,No using One Hot,0.47586750984191895,0.0005624294281005859
algerian_forest_fires_46279,,onehot,feature_agglomeration,robust,MLPClassifier(random_state=0),0,0.8163265306122449,,,No using One Hot,0.09929537773132324,0.0001957416534423828
algerian_forest_fires_46279,,onehot,feature_agglomeration,robust,MLPClassifier(random_state=0),1,0.8979591836734694,,,No using One Hot,0.08382320404052734,0.0002048015594482422
algerian_forest_fires_46279,,onehot,feature_agglomeration,robust,MLPClassifier(random_state=0),2,0.8571428571428571,,,No using One Hot,0.08372235298156738,0.00021266937255859375
algerian_forest_fires_46279,,onehot,feature_agglomeration,robust,MLPClassifier(random_state=0),3,0.8958333333333334,,,No using One Hot,0.08440256118774414,0.0002193450927734375
algerian_forest_fires_46279,,onehot,feature_agglomeration,robust,MLPClassifier(random_state=0),4,0.875,,,No using One Hot,0.08414030075073242,0.00018024444580078125
algerian_forest_fires_46279,,onehot,extra_tree,robust,MLPClassifier(random_state=0),0,0.9183673469387755,,,No using One Hot,0.08803510665893555,0.00018715858459472656
algerian_forest_fires_46279,,onehot,extra_tree,robust,MLPClassifier(random_state=0),1,0.9387755102040817,,,No using One Hot,0.08518171310424805,0.0001747608184814453
algerian_forest_fires_46279,,onehot,extra_tree,robust,MLPClassifier(random_state=0),2,0.9591836734693877,,,No using One Hot,0.08963274955749512,0.0001811981201171875
algerian_forest_fires_46279,,onehot,extra_tree,robust,MLPClassifier(random_state=0),3,0.9583333333333334,,,No using One Hot,0.08618712425231934,0.0001881122589111328
algerian_forest_fires_46279,,onehot,extra_tree,robust,MLPClassifier(random_state=0),4,0.9791666666666666,,,No using One Hot,0.09194588661193848,0.0003142356872558594
algerian_forest_fires_46279,,onehot,linear_svc,robust,MLPClassifier(random_state=0),0,0.9183673469387755,,,No using One Hot,0.09378862380981445,0.00019621849060058594
algerian_forest_fires_46279,,onehot,linear_svc,robust,MLPClassifier(random_state=0),1,0.9387755102040817,,,No using One Hot,0.09295892715454102,0.00019049644470214844
algerian_forest_fires_46279,,onehot,linear_svc,robust,MLPClassifier(random_state=0),2,0.9591836734693877,,,No using One Hot,0.09328627586364746,0.00022220611572265625
algerian_forest_fires_46279,,onehot,linear_svc,robust,MLPClassifier(random_state=0),3,0.9583333333333334,,,No using One Hot,0.09368085861206055,0.00023746490478515625
algerian_forest_fires_46279,,onehot,linear_svc,robust,MLPClassifier(random_state=0),4,0.9791666666666666,,,No using One Hot,0.0937957763671875,0.0002448558807373047
algerian_forest_fires_46279,,onehot,kernel_pca,robust,MLPClassifier(random_state=0),0,0.9591836734693877,,,No using One Hot,0.12771844863891602,0.00022125244140625
algerian_forest_fires_46279,,onehot,kernel_pca,robust,MLPClassifier(random_state=0),1,0.9795918367346939,,,No using One Hot,0.12755990028381348,0.0002770423889160156
algerian_forest_fires_46279,,onehot,kernel_pca,robust,MLPClassifier(random_state=0),2,0.9591836734693877,,,No using One Hot,0.12546133995056152,0.00020623207092285156
algerian_forest_fires_46279,,onehot,kernel_pca,robust,MLPClassifier(random_state=0),3,0.9791666666666666,,,No using One Hot,0.127089262008667,0.00023102760314941406
algerian_forest_fires_46279,,onehot,kernel_pca,robust,MLPClassifier(random_state=0),4,0.9166666666666666,,,No using One Hot,0.12816119194030762,0.0002789497375488281
algerian_forest_fires_46279,,onehot,,normalizer,MLPClassifier(random_state=0),0,0.673469387755102,,,No using One Hot,0.10033416748046875,0.00020074844360351562
algerian_forest_fires_46279,,onehot,,normalizer,MLPClassifier(random_state=0),1,0.6530612244897959,,,No using One Hot,0.09538412094116211,0.00020265579223632812
algerian_forest_fires_46279,,onehot,,normalizer,MLPClassifier(random_state=0),2,0.7346938775510204,,,No using One Hot,0.10093045234680176,0.0002033710479736328
algerian_forest_fires_46279,,onehot,,normalizer,MLPClassifier(random_state=0),3,0.8333333333333334,,,No using One Hot,0.09540772438049316,0.00019931793212890625
algerian_forest_fires_46279,,onehot,,normalizer,MLPClassifier(random_state=0),4,0.6458333333333334,,,No using One Hot,0.09551143646240234,0.0002014636993408203
algerian_forest_fires_46279,,onehot,pca,normalizer,MLPClassifier(random_state=0),0,0.5510204081632653,,,No using One Hot,0.10062384605407715,0.00019788742065429688
algerian_forest_fires_46279,,onehot,pca,normalizer,MLPClassifier(random_state=0),1,0.5510204081632653,,,No using One Hot,0.09370040893554688,0.00021123886108398438
algerian_forest_fires_46279,,onehot,pca,normalizer,MLPClassifier(random_state=0),2,0.5714285714285714,,,No using One Hot,0.09442687034606934,0.00020074844360351562
algerian_forest_fires_46279,,onehot,pca,normalizer,MLPClassifier(random_state=0),3,0.625,,,No using One Hot,0.09621787071228027,0.0002033710479736328
algerian_forest_fires_46279,,onehot,pca,normalizer,MLPClassifier(random_state=0),4,0.5416666666666666,,,No using One Hot,0.09504842758178711,0.00020623207092285156
algerian_forest_fires_46279,,onehot,fastica,normalizer,MLPClassifier(random_state=0),0,0.9795918367346939,,,No using One Hot,0.10568690299987793,0.00019025802612304688
algerian_forest_fires_46279,,onehot,fastica,normalizer,MLPClassifier(random_state=0),1,0.9795918367346939,,,No using One Hot,0.10458254814147949,0.00021576881408691406
algerian_forest_fires_46279,,onehot,fastica,normalizer,MLPClassifier(random_state=0),2,0.9591836734693877,,,No using One Hot,0.1088707447052002,0.00022029876708984375
algerian_forest_fires_46279,,onehot,fastica,normalizer,MLPClassifier(random_state=0),3,0.9791666666666666,,,No using One Hot,0.10705161094665527,0.00022459030151367188
algerian_forest_fires_46279,,onehot,fastica,normalizer,MLPClassifier(random_state=0),4,0.9166666666666666,,,No using One Hot,0.1078484058380127,0.0002090930938720703
algerian_forest_fires_46279,,onehot,truncated_svd,normalizer,MLPClassifier(random_state=0),0,0.5510204081632653,,,No using One Hot,0.008973360061645508,0.0001850128173828125
algerian_forest_fires_46279,,onehot,truncated_svd,normalizer,MLPClassifier(random_state=0),1,0.5510204081632653,,,No using One Hot,0.009095430374145508,0.0001678466796875
algerian_forest_fires_46279,,onehot,truncated_svd,normalizer,MLPClassifier(random_state=0),2,0.5714285714285714,,,No using One Hot,0.008263826370239258,0.00022912025451660156
algerian_forest_fires_46279,,onehot,truncated_svd,normalizer,MLPClassifier(random_state=0),3,0.6041666666666666,,,No using One Hot,0.007513999938964844,0.0001742839813232422
algerian_forest_fires_46279,,onehot,truncated_svd,normalizer,MLPClassifier(random_state=0),4,0.5416666666666666,,,No using One Hot,0.008777379989624023,0.0001773834228515625
algerian_forest_fires_46279,,onehot,select_percentile,normalizer,MLPClassifier(random_state=0),0,0.5510204081632653,,,No using One Hot,0.007353067398071289,0.00014734268188476562
algerian_forest_fires_46279,,onehot,select_percentile,normalizer,MLPClassifier(random_state=0),1,0.5510204081632653,,,No using One Hot,0.007410287857055664,0.0001583099365234375
algerian_forest_fires_46279,,onehot,select_percentile,normalizer,MLPClassifier(random_state=0),2,0.5714285714285714,,,No using One Hot,0.00692439079284668,0.00016021728515625
algerian_forest_fires_46279,,onehot,select_percentile,normalizer,MLPClassifier(random_state=0),3,0.6041666666666666,,,No using One Hot,0.006944179534912109,0.00015091896057128906
algerian_forest_fires_46279,,onehot,select_percentile,normalizer,MLPClassifier(random_state=0),4,0.5416666666666666,,,No using One Hot,0.00739598274230957,0.0001513957977294922
algerian_forest_fires_46279,,onehot,generic_univariate,normalizer,MLPClassifier(random_state=0),0,0.5510204081632653,,,No using One Hot,0.017874956130981445,0.00019812583923339844
algerian_forest_fires_46279,,onehot,generic_univariate,normalizer,MLPClassifier(random_state=0),1,0.5510204081632653,,,No using One Hot,0.01794266700744629,0.0001709461212158203
algerian_forest_fires_46279,,onehot,generic_univariate,normalizer,MLPClassifier(random_state=0),2,0.5714285714285714,,,No using One Hot,0.018261432647705078,0.00018024444580078125
algerian_forest_fires_46279,,onehot,generic_univariate,normalizer,MLPClassifier(random_state=0),3,0.6041666666666666,,,No using One Hot,0.018009662628173828,0.00017309188842773438
algerian_forest_fires_46279,,onehot,generic_univariate,normalizer,MLPClassifier(random_state=0),4,0.5416666666666666,,,No using One Hot,0.018338441848754883,0.00014972686767578125
algerian_forest_fires_46279,,onehot,polynomial_features,normalizer,MLPClassifier(random_state=0),0,0.7551020408163265,,,No using One Hot,0.9768357276916504,0.00033926963806152344
algerian_forest_fires_46279,,onehot,polynomial_features,normalizer,MLPClassifier(random_state=0),1,0.7755102040816326,,,No using One Hot,0.8642246723175049,0.00040268898010253906
algerian_forest_fires_46279,,onehot,polynomial_features,normalizer,MLPClassifier(random_state=0),2,0.8571428571428571,,,No using One Hot,0.9810993671417236,0.00036835670471191406
algerian_forest_fires_46279,,onehot,polynomial_features,normalizer,MLPClassifier(random_state=0),3,0.8958333333333334,,,No using One Hot,0.960507869720459,0.0003826618194580078
algerian_forest_fires_46279,,onehot,polynomial_features,normalizer,MLPClassifier(random_state=0),4,0.8125,,,No using One Hot,0.9334602355957031,0.00039768218994140625
algerian_forest_fires_46279,,onehot,nystroem,normalizer,MLPClassifier(random_state=0),0,0.5510204081632653,,,No using One Hot,0.028296709060668945,0.00034928321838378906
algerian_forest_fires_46279,,onehot,nystroem,normalizer,MLPClassifier(random_state=0),1,0.5510204081632653,,,No using One Hot,0.09472775459289551,0.0002799034118652344
algerian_forest_fires_46279,,onehot,nystroem,normalizer,MLPClassifier(random_state=0),2,0.5714285714285714,,,No using One Hot,0.03405594825744629,0.0003421306610107422
algerian_forest_fires_46279,,onehot,nystroem,normalizer,MLPClassifier(random_state=0),3,0.6041666666666666,,,No using One Hot,0.05812406539916992,0.0003044605255126953
algerian_forest_fires_46279,,onehot,nystroem,normalizer,MLPClassifier(random_state=0),4,0.5416666666666666,,,No using One Hot,0.09190011024475098,0.0003230571746826172
algerian_forest_fires_46279,,onehot,rbf_sampler,normalizer,MLPClassifier(random_state=0),0,0.8367346938775511,,,No using One Hot,0.199906587600708,0.00029206275939941406
algerian_forest_fires_46279,,onehot,rbf_sampler,normalizer,MLPClassifier(random_state=0),1,0.8571428571428571,,,No using One Hot,0.19567251205444336,0.00033020973205566406
algerian_forest_fires_46279,,onehot,rbf_sampler,normalizer,MLPClassifier(random_state=0),2,0.8775510204081632,,,No using One Hot,0.18998098373413086,0.00031948089599609375
algerian_forest_fires_46279,,onehot,rbf_sampler,normalizer,MLPClassifier(random_state=0),3,0.9166666666666666,,,No using One Hot,0.19636273384094238,0.00031685829162597656
algerian_forest_fires_46279,,onehot,rbf_sampler,normalizer,MLPClassifier(random_state=0),4,0.8958333333333334,,,No using One Hot,0.18153738975524902,0.0003495216369628906
algerian_forest_fires_46279,,onehot,random_trees_embedding,normalizer,MLPClassifier(random_state=0),0,0.9183673469387755,,,No using One Hot,0.5718436241149902,0.0006244182586669922
algerian_forest_fires_46279,,onehot,random_trees_embedding,normalizer,MLPClassifier(random_state=0),1,0.9591836734693877,,,No using One Hot,0.6044981479644775,0.0006206035614013672
algerian_forest_fires_46279,,onehot,random_trees_embedding,normalizer,MLPClassifier(random_state=0),2,0.9387755102040817,,,No using One Hot,0.5209321975708008,0.0006144046783447266
algerian_forest_fires_46279,,onehot,random_trees_embedding,normalizer,MLPClassifier(random_state=0),3,0.9583333333333334,,,No using One Hot,0.4612891674041748,0.0005815029144287109
algerian_forest_fires_46279,,onehot,random_trees_embedding,normalizer,MLPClassifier(random_state=0),4,0.9583333333333334,,,No using One Hot,0.4639248847961426,0.0006117820739746094
algerian_forest_fires_46279,,onehot,feature_agglomeration,normalizer,MLPClassifier(random_state=0),0,0.5510204081632653,,,No using One Hot,0.010997533798217773,0.0002460479736328125
algerian_forest_fires_46279,,onehot,feature_agglomeration,normalizer,MLPClassifier(random_state=0),1,0.5510204081632653,,,No using One Hot,0.010101556777954102,0.0002090930938720703
algerian_forest_fires_46279,,onehot,feature_agglomeration,normalizer,MLPClassifier(random_state=0),2,0.5714285714285714,,,No using One Hot,0.008345842361450195,0.00016570091247558594
algerian_forest_fires_46279,,onehot,feature_agglomeration,normalizer,MLPClassifier(random_state=0),3,0.6041666666666666,,,No using One Hot,0.007666349411010742,0.00016069412231445312
algerian_forest_fires_46279,,onehot,feature_agglomeration,normalizer,MLPClassifier(random_state=0),4,0.5416666666666666,,,No using One Hot,0.008762121200561523,0.00016832351684570312
algerian_forest_fires_46279,,onehot,extra_tree,normalizer,MLPClassifier(random_state=0),0,0.5510204081632653,,,No using One Hot,0.008814573287963867,0.0001685619354248047
algerian_forest_fires_46279,,onehot,extra_tree,normalizer,MLPClassifier(random_state=0),1,0.5510204081632653,,,No using One Hot,0.008942604064941406,0.00016188621520996094
algerian_forest_fires_46279,,onehot,extra_tree,normalizer,MLPClassifier(random_state=0),2,0.5714285714285714,,,No using One Hot,0.011562347412109375,0.00018858909606933594
algerian_forest_fires_46279,,onehot,extra_tree,normalizer,MLPClassifier(random_state=0),3,0.6041666666666666,,,No using One Hot,0.00722956657409668,0.0001468658447265625
algerian_forest_fires_46279,,onehot,extra_tree,normalizer,MLPClassifier(random_state=0),4,0.5416666666666666,,,No using One Hot,0.011375188827514648,0.00015020370483398438
algerian_forest_fires_46279,,onehot,linear_svc,normalizer,MLPClassifier(random_state=0),0,0.5510204081632653,,,No using One Hot,0.0867304801940918,0.00021076202392578125
algerian_forest_fires_46279,,onehot,linear_svc,normalizer,MLPClassifier(random_state=0),1,0.5510204081632653,,,No using One Hot,0.0850059986114502,0.00019097328186035156
algerian_forest_fires_46279,,onehot,linear_svc,normalizer,MLPClassifier(random_state=0),2,0.5714285714285714,,,No using One Hot,0.08687257766723633,0.0001876354217529297
algerian_forest_fires_46279,,onehot,linear_svc,normalizer,MLPClassifier(random_state=0),3,0.6666666666666666,,,No using One Hot,0.08697628974914551,0.00022554397583007812
algerian_forest_fires_46279,,onehot,linear_svc,normalizer,MLPClassifier(random_state=0),4,0.5416666666666666,,,No using One Hot,0.9547367095947266,0.0001838207244873047
algerian_forest_fires_46279,,onehot,kernel_pca,normalizer,MLPClassifier(random_state=0),0,0.5510204081632653,,,No using One Hot,0.12211084365844727,0.0002536773681640625
algerian_forest_fires_46279,,onehot,kernel_pca,normalizer,MLPClassifier(random_state=0),1,0.5510204081632653,,,No using One Hot,0.13161945343017578,0.00023603439331054688
algerian_forest_fires_46279,,onehot,kernel_pca,normalizer,MLPClassifier(random_state=0),2,0.5714285714285714,,,No using One Hot,0.11797595024108887,0.00020575523376464844
algerian_forest_fires_46279,,onehot,kernel_pca,normalizer,MLPClassifier(random_state=0),3,0.6041666666666666,,,No using One Hot,0.12179040908813477,0.00020074844360351562
algerian_forest_fires_46279,,onehot,kernel_pca,normalizer,MLPClassifier(random_state=0),4,0.5416666666666666,,,No using One Hot,0.11841535568237305,0.0002319812774658203
algerian_forest_fires_46279,,onehot,,power,MLPClassifier(random_state=0),0,0.9387755102040817,,,No using One Hot,0.11276960372924805,0.00019431114196777344
algerian_forest_fires_46279,,onehot,,power,MLPClassifier(random_state=0),1,0.9591836734693877,,,No using One Hot,0.10609674453735352,0.00021696090698242188
algerian_forest_fires_46279,,onehot,,power,MLPClassifier(random_state=0),2,0.8979591836734694,,,No using One Hot,0.10549283027648926,0.00021123886108398438
algerian_forest_fires_46279,,onehot,,power,MLPClassifier(random_state=0),3,0.9791666666666666,,,No using One Hot,0.11063599586486816,0.0002162456512451172
algerian_forest_fires_46279,,onehot,,power,MLPClassifier(random_state=0),4,0.9375,,,No using One Hot,0.1137230396270752,0.00021338462829589844
algerian_forest_fires_46279,,onehot,pca,power,MLPClassifier(random_state=0),0,1.0,,,No using One Hot,0.10602951049804688,0.00020241737365722656
algerian_forest_fires_46279,,onehot,pca,power,MLPClassifier(random_state=0),1,0.9795918367346939,,,No using One Hot,0.10593605041503906,0.00024366378784179688
algerian_forest_fires_46279,,onehot,pca,power,MLPClassifier(random_state=0),2,0.9795918367346939,,,No using One Hot,0.10581302642822266,0.0001976490020751953
algerian_forest_fires_46279,,onehot,pca,power,MLPClassifier(random_state=0),3,0.9583333333333334,,,No using One Hot,0.1047964096069336,0.000202178955078125
algerian_forest_fires_46279,,onehot,pca,power,MLPClassifier(random_state=0),4,0.9583333333333334,,,No using One Hot,0.1062164306640625,0.00020194053649902344
algerian_forest_fires_46279,,onehot,fastica,power,MLPClassifier(random_state=0),0,0.9795918367346939,,,No using One Hot,0.10354924201965332,0.0002262592315673828
algerian_forest_fires_46279,,onehot,fastica,power,MLPClassifier(random_state=0),1,0.9795918367346939,,,No using One Hot,0.10545873641967773,0.0002052783966064453
algerian_forest_fires_46279,,onehot,fastica,power,MLPClassifier(random_state=0),2,0.9591836734693877,,,No using One Hot,0.10624480247497559,0.0002200603485107422
algerian_forest_fires_46279,,onehot,fastica,power,MLPClassifier(random_state=0),3,0.9791666666666666,,,No using One Hot,0.10667181015014648,0.00019621849060058594
algerian_forest_fires_46279,,onehot,fastica,power,MLPClassifier(random_state=0),4,0.9583333333333334,,,No using One Hot,0.1060187816619873,0.00020837783813476562
algerian_forest_fires_46279,,onehot,truncated_svd,power,MLPClassifier(random_state=0),0,0.8979591836734694,,,No using One Hot,0.09323334693908691,0.0001900196075439453
algerian_forest_fires_46279,,onehot,truncated_svd,power,MLPClassifier(random_state=0),1,0.9183673469387755,,,No using One Hot,0.09458422660827637,0.0001983642578125
algerian_forest_fires_46279,,onehot,truncated_svd,power,MLPClassifier(random_state=0),2,0.9183673469387755,,,No using One Hot,0.09382462501525879,0.00018835067749023438
algerian_forest_fires_46279,,onehot,truncated_svd,power,MLPClassifier(random_state=0),3,0.9375,,,No using One Hot,0.09832215309143066,0.00018715858459472656
algerian_forest_fires_46279,,onehot,truncated_svd,power,MLPClassifier(random_state=0),4,0.9375,,,No using One Hot,0.09451127052307129,0.0002155303955078125
algerian_forest_fires_46279,,onehot,select_percentile,power,MLPClassifier(random_state=0),0,0.9183673469387755,,,No using One Hot,0.08664584159851074,0.0001723766326904297
algerian_forest_fires_46279,,onehot,select_percentile,power,MLPClassifier(random_state=0),1,0.9591836734693877,,,No using One Hot,0.08298063278198242,0.00017595291137695312
algerian_forest_fires_46279,,onehot,select_percentile,power,MLPClassifier(random_state=0),2,0.9795918367346939,,,No using One Hot,0.08406901359558105,0.00018072128295898438
algerian_forest_fires_46279,,onehot,select_percentile,power,MLPClassifier(random_state=0),3,0.9791666666666666,,,No using One Hot,0.088836669921875,0.000179290771484375
algerian_forest_fires_46279,,onehot,select_percentile,power,MLPClassifier(random_state=0),4,0.9791666666666666,,,No using One Hot,0.08363604545593262,0.00017690658569335938
algerian_forest_fires_46279,,onehot,generic_univariate,power,MLPClassifier(random_state=0),0,0.8979591836734694,,,No using One Hot,0.08041048049926758,0.00020599365234375
algerian_forest_fires_46279,,onehot,generic_univariate,power,MLPClassifier(random_state=0),1,0.9387755102040817,,,No using One Hot,0.0798649787902832,0.00017523765563964844
algerian_forest_fires_46279,,onehot,generic_univariate,power,MLPClassifier(random_state=0),2,0.9387755102040817,,,No using One Hot,0.08955907821655273,0.00020575523376464844
algerian_forest_fires_46279,,onehot,generic_univariate,power,MLPClassifier(random_state=0),3,0.9375,,,No using One Hot,0.07967376708984375,0.0001895427703857422
algerian_forest_fires_46279,,onehot,generic_univariate,power,MLPClassifier(random_state=0),4,0.9791666666666666,,,No using One Hot,0.0794992446899414,0.0001685619354248047
algerian_forest_fires_46279,,onehot,polynomial_features,power,MLPClassifier(random_state=0),0,0.9591836734693877,,,No using One Hot,1.2612090110778809,0.0004029273986816406
algerian_forest_fires_46279,,onehot,polynomial_features,power,MLPClassifier(random_state=0),1,0.9387755102040817,,,No using One Hot,1.2569489479064941,0.0006694793701171875
algerian_forest_fires_46279,,onehot,polynomial_features,power,MLPClassifier(random_state=0),2,0.9387755102040817,,,No using One Hot,1.4951727390289307,0.0003459453582763672
algerian_forest_fires_46279,,onehot,polynomial_features,power,MLPClassifier(random_state=0),3,0.9375,,,No using One Hot,1.5285050868988037,0.0004253387451171875
algerian_forest_fires_46279,,onehot,polynomial_features,power,MLPClassifier(random_state=0),4,0.9166666666666666,,,No using One Hot,1.5718536376953125,0.0006234645843505859
algerian_forest_fires_46279,,onehot,nystroem,power,MLPClassifier(random_state=0),0,0.9591836734693877,,,No using One Hot,0.2521815299987793,0.00047469139099121094
algerian_forest_fires_46279,,onehot,nystroem,power,MLPClassifier(random_state=0),1,0.9591836734693877,,,No using One Hot,0.23670220375061035,0.000301361083984375
algerian_forest_fires_46279,,onehot,nystroem,power,MLPClassifier(random_state=0),2,0.9591836734693877,,,No using One Hot,0.2256011962890625,0.0003261566162109375
algerian_forest_fires_46279,,onehot,nystroem,power,MLPClassifier(random_state=0),3,0.9791666666666666,,,No using One Hot,0.27872347831726074,0.00034046173095703125
algerian_forest_fires_46279,,onehot,nystroem,power,MLPClassifier(random_state=0),4,0.9375,,,No using One Hot,0.26492857933044434,0.0003707408905029297
algerian_forest_fires_46279,,onehot,rbf_sampler,power,MLPClassifier(random_state=0),0,0.5102040816326531,,,No using One Hot,0.19631648063659668,0.0002925395965576172
algerian_forest_fires_46279,,onehot,rbf_sampler,power,MLPClassifier(random_state=0),1,0.7551020408163265,,,No using One Hot,0.2020277976989746,0.00030803680419921875
algerian_forest_fires_46279,,onehot,rbf_sampler,power,MLPClassifier(random_state=0),2,0.6938775510204082,,,No using One Hot,0.19521808624267578,0.0003056526184082031
algerian_forest_fires_46279,,onehot,rbf_sampler,power,MLPClassifier(random_state=0),3,0.6875,,,No using One Hot,0.2424612045288086,0.00035858154296875
algerian_forest_fires_46279,,onehot,rbf_sampler,power,MLPClassifier(random_state=0),4,0.6875,,,No using One Hot,0.20478272438049316,0.00036454200744628906
algerian_forest_fires_46279,,onehot,random_trees_embedding,power,MLPClassifier(random_state=0),0,0.9591836734693877,,,No using One Hot,0.6615173816680908,0.0006809234619140625
algerian_forest_fires_46279,,onehot,random_trees_embedding,power,MLPClassifier(random_state=0),1,0.9795918367346939,,,No using One Hot,0.5897796154022217,0.0006108283996582031
algerian_forest_fires_46279,,onehot,random_trees_embedding,power,MLPClassifier(random_state=0),2,0.9795918367346939,,,No using One Hot,0.6010205745697021,0.0007877349853515625
algerian_forest_fires_46279,,onehot,random_trees_embedding,power,MLPClassifier(random_state=0),3,0.9791666666666666,,,No using One Hot,0.5951306819915771,0.0008349418640136719
algerian_forest_fires_46279,,onehot,random_trees_embedding,power,MLPClassifier(random_state=0),4,0.9791666666666666,,,No using One Hot,0.5685195922851562,0.0006351470947265625
algerian_forest_fires_46279,,onehot,feature_agglomeration,power,MLPClassifier(random_state=0),0,0.8571428571428571,,,No using One Hot,0.09999251365661621,0.0002002716064453125
algerian_forest_fires_46279,,onehot,feature_agglomeration,power,MLPClassifier(random_state=0),1,0.9183673469387755,,,No using One Hot,0.09250593185424805,0.00019216537475585938
algerian_forest_fires_46279,,onehot,feature_agglomeration,power,MLPClassifier(random_state=0),2,0.8979591836734694,,,No using One Hot,0.09175300598144531,0.00022864341735839844
algerian_forest_fires_46279,,onehot,feature_agglomeration,power,MLPClassifier(random_state=0),3,0.9583333333333334,,,No using One Hot,0.09917974472045898,0.00024056434631347656
algerian_forest_fires_46279,,onehot,feature_agglomeration,power,MLPClassifier(random_state=0),4,0.9166666666666666,,,No using One Hot,0.0858619213104248,0.0001888275146484375
algerian_forest_fires_46279,,onehot,extra_tree,power,MLPClassifier(random_state=0),0,0.9183673469387755,,,No using One Hot,0.09348845481872559,0.00018286705017089844
algerian_forest_fires_46279,,onehot,extra_tree,power,MLPClassifier(random_state=0),1,0.9591836734693877,,,No using One Hot,0.08748388290405273,0.00017905235290527344
algerian_forest_fires_46279,,onehot,extra_tree,power,MLPClassifier(random_state=0),2,0.9387755102040817,,,No using One Hot,0.08862543106079102,0.00020813941955566406
algerian_forest_fires_46279,,onehot,extra_tree,power,MLPClassifier(random_state=0),3,0.9791666666666666,,,No using One Hot,0.08756351470947266,0.00018858909606933594
algerian_forest_fires_46279,,onehot,extra_tree,power,MLPClassifier(random_state=0),4,0.9791666666666666,,,No using One Hot,0.08613824844360352,0.00017762184143066406
algerian_forest_fires_46279,,onehot,linear_svc,power,MLPClassifier(random_state=0),0,0.9387755102040817,,,No using One Hot,0.08763742446899414,0.00020122528076171875
algerian_forest_fires_46279,,onehot,linear_svc,power,MLPClassifier(random_state=0),1,0.9795918367346939,,,No using One Hot,0.0889437198638916,0.0001800060272216797
algerian_forest_fires_46279,,onehot,linear_svc,power,MLPClassifier(random_state=0),2,1.0,,,No using One Hot,0.0867455005645752,0.00021266937255859375
algerian_forest_fires_46279,,onehot,linear_svc,power,MLPClassifier(random_state=0),3,0.9375,,,No using One Hot,0.08806586265563965,0.00019311904907226562
algerian_forest_fires_46279,,onehot,linear_svc,power,MLPClassifier(random_state=0),4,0.9791666666666666,,,No using One Hot,0.0869901180267334,0.00020170211791992188
algerian_forest_fires_46279,,onehot,kernel_pca,power,MLPClassifier(random_state=0),0,1.0,,,No using One Hot,0.13167309761047363,0.00019741058349609375
algerian_forest_fires_46279,,onehot,kernel_pca,power,MLPClassifier(random_state=0),1,0.9795918367346939,,,No using One Hot,0.12951302528381348,0.0002148151397705078
algerian_forest_fires_46279,,onehot,kernel_pca,power,MLPClassifier(random_state=0),2,0.9795918367346939,,,No using One Hot,0.13461613655090332,0.00020766258239746094
algerian_forest_fires_46279,,onehot,kernel_pca,power,MLPClassifier(random_state=0),3,0.9791666666666666,,,No using One Hot,0.12815642356872559,0.00019788742065429688
algerian_forest_fires_46279,,onehot,kernel_pca,power,MLPClassifier(random_state=0),4,0.9583333333333334,,,No using One Hot,0.12740039825439453,0.00023245811462402344
algerian_forest_fires_46279,,onehot,,quantile,MLPClassifier(random_state=0),0,0.8979591836734694,,,No using One Hot,0.1012105941772461,0.00022363662719726562
algerian_forest_fires_46279,,onehot,,quantile,MLPClassifier(random_state=0),1,0.9387755102040817,,,No using One Hot,0.10161042213439941,0.0002429485321044922
algerian_forest_fires_46279,,onehot,,quantile,MLPClassifier(random_state=0),2,0.8775510204081632,,,No using One Hot,0.10158276557922363,0.0002524852752685547
algerian_forest_fires_46279,,onehot,,quantile,MLPClassifier(random_state=0),3,0.9166666666666666,,,No using One Hot,0.1017465591430664,0.0002338886260986328
algerian_forest_fires_46279,,onehot,,quantile,MLPClassifier(random_state=0),4,0.9583333333333334,,,No using One Hot,0.10107684135437012,0.00022602081298828125
algerian_forest_fires_46279,,onehot,pca,quantile,MLPClassifier(random_state=0),0,0.9795918367346939,,,No using One Hot,0.11223220825195312,0.0002086162567138672
algerian_forest_fires_46279,,onehot,pca,quantile,MLPClassifier(random_state=0),1,0.9795918367346939,,,No using One Hot,0.10696864128112793,0.0001995563507080078
algerian_forest_fires_46279,,onehot,pca,quantile,MLPClassifier(random_state=0),2,0.9591836734693877,,,No using One Hot,0.10590720176696777,0.00019979476928710938
algerian_forest_fires_46279,,onehot,pca,quantile,MLPClassifier(random_state=0),3,0.9583333333333334,,,No using One Hot,0.10498285293579102,0.00019168853759765625
algerian_forest_fires_46279,,onehot,pca,quantile,MLPClassifier(random_state=0),4,0.9791666666666666,,,No using One Hot,0.10463190078735352,0.0002262592315673828
algerian_forest_fires_46279,,onehot,fastica,quantile,MLPClassifier(random_state=0),0,0.8979591836734694,,,No using One Hot,0.10121822357177734,0.0002143383026123047
algerian_forest_fires_46279,,onehot,fastica,quantile,MLPClassifier(random_state=0),1,0.9795918367346939,,,No using One Hot,0.10260796546936035,0.0001900196075439453
algerian_forest_fires_46279,,onehot,fastica,quantile,MLPClassifier(random_state=0),2,0.9795918367346939,,,No using One Hot,0.10989570617675781,0.0001990795135498047
algerian_forest_fires_46279,,onehot,fastica,quantile,MLPClassifier(random_state=0),3,0.9375,,,No using One Hot,0.10558772087097168,0.00019788742065429688
algerian_forest_fires_46279,,onehot,fastica,quantile,MLPClassifier(random_state=0),4,0.9583333333333334,,,No using One Hot,0.10714340209960938,0.00020599365234375
algerian_forest_fires_46279,,onehot,truncated_svd,quantile,MLPClassifier(random_state=0),0,0.8979591836734694,,,No using One Hot,0.08998990058898926,0.0001964569091796875
algerian_forest_fires_46279,,onehot,truncated_svd,quantile,MLPClassifier(random_state=0),1,0.9591836734693877,,,No using One Hot,0.09031438827514648,0.00019860267639160156
algerian_forest_fires_46279,,onehot,truncated_svd,quantile,MLPClassifier(random_state=0),2,0.8979591836734694,,,No using One Hot,0.09302783012390137,0.00019621849060058594
algerian_forest_fires_46279,,onehot,truncated_svd,quantile,MLPClassifier(random_state=0),3,0.8958333333333334,,,No using One Hot,0.09001493453979492,0.00021219253540039062
algerian_forest_fires_46279,,onehot,truncated_svd,quantile,MLPClassifier(random_state=0),4,0.9791666666666666,,,No using One Hot,0.09003758430480957,0.00020003318786621094
algerian_forest_fires_46279,,onehot,select_percentile,quantile,MLPClassifier(random_state=0),0,0.9387755102040817,,,No using One Hot,0.08792543411254883,0.00022554397583007812
algerian_forest_fires_46279,,onehot,select_percentile,quantile,MLPClassifier(random_state=0),1,0.9795918367346939,,,No using One Hot,0.08799123764038086,0.00023317337036132812
algerian_forest_fires_46279,,onehot,select_percentile,quantile,MLPClassifier(random_state=0),2,0.9795918367346939,,,No using One Hot,0.08793783187866211,0.000213623046875
algerian_forest_fires_46279,,onehot,select_percentile,quantile,MLPClassifier(random_state=0),3,0.9375,,,No using One Hot,0.08780384063720703,0.00018548965454101562
algerian_forest_fires_46279,,onehot,select_percentile,quantile,MLPClassifier(random_state=0),4,1.0,,,No using One Hot,0.08812808990478516,0.00019097328186035156
algerian_forest_fires_46279,,onehot,generic_univariate,quantile,MLPClassifier(random_state=0),0,0.9387755102040817,,,No using One Hot,0.08555459976196289,0.00020647048950195312
algerian_forest_fires_46279,,onehot,generic_univariate,quantile,MLPClassifier(random_state=0),1,0.9795918367346939,,,No using One Hot,0.08566927909851074,0.0002224445343017578
algerian_forest_fires_46279,,onehot,generic_univariate,quantile,MLPClassifier(random_state=0),2,0.9795918367346939,,,No using One Hot,0.08584856986999512,0.00019121170043945312
algerian_forest_fires_46279,,onehot,generic_univariate,quantile,MLPClassifier(random_state=0),3,0.9375,,,No using One Hot,0.0904855728149414,0.0001964569091796875
algerian_forest_fires_46279,,onehot,generic_univariate,quantile,MLPClassifier(random_state=0),4,1.0,,,No using One Hot,0.0855567455291748,0.0001914501190185547
algerian_forest_fires_46279,,onehot,polynomial_features,quantile,MLPClassifier(random_state=0),0,0.9795918367346939,,,No using One Hot,1.0042612552642822,0.0003218650817871094
algerian_forest_fires_46279,,onehot,polynomial_features,quantile,MLPClassifier(random_state=0),1,0.9591836734693877,,,No using One Hot,0.8935732841491699,0.0003190040588378906
algerian_forest_fires_46279,,onehot,polynomial_features,quantile,MLPClassifier(random_state=0),2,0.9183673469387755,,,No using One Hot,0.8569350242614746,0.00037360191345214844
algerian_forest_fires_46279,,onehot,polynomial_features,quantile,MLPClassifier(random_state=0),3,0.9791666666666666,,,No using One Hot,1.8602690696716309,0.00035262107849121094
algerian_forest_fires_46279,,onehot,polynomial_features,quantile,MLPClassifier(random_state=0),4,0.9791666666666666,,,No using One Hot,0.8827331066131592,0.0003285408020019531
algerian_forest_fires_46279,,onehot,nystroem,quantile,MLPClassifier(random_state=0),0,0.9183673469387755,,,No using One Hot,0.2641427516937256,0.0003788471221923828
algerian_forest_fires_46279,,onehot,nystroem,quantile,MLPClassifier(random_state=0),1,0.9591836734693877,,,No using One Hot,0.25794100761413574,0.0003352165222167969
algerian_forest_fires_46279,,onehot,nystroem,quantile,MLPClassifier(random_state=0),2,0.8979591836734694,,,No using One Hot,0.25243616104125977,0.0003552436828613281
algerian_forest_fires_46279,,onehot,nystroem,quantile,MLPClassifier(random_state=0),3,0.9375,,,No using One Hot,0.25760889053344727,0.0005350112915039062
algerian_forest_fires_46279,,onehot,nystroem,quantile,MLPClassifier(random_state=0),4,0.9583333333333334,,,No using One Hot,0.23748016357421875,0.00032591819763183594
algerian_forest_fires_46279,,onehot,rbf_sampler,quantile,MLPClassifier(random_state=0),0,0.9795918367346939,,,No using One Hot,0.20297551155090332,0.0003764629364013672
algerian_forest_fires_46279,,onehot,rbf_sampler,quantile,MLPClassifier(random_state=0),1,0.9591836734693877,,,No using One Hot,0.18685507774353027,0.00027489662170410156
algerian_forest_fires_46279,,onehot,rbf_sampler,quantile,MLPClassifier(random_state=0),2,0.9591836734693877,,,No using One Hot,0.20037579536437988,0.0003261566162109375
algerian_forest_fires_46279,,onehot,rbf_sampler,quantile,MLPClassifier(random_state=0),3,0.9375,,,No using One Hot,0.1901531219482422,0.0003361701965332031
algerian_forest_fires_46279,,onehot,rbf_sampler,quantile,MLPClassifier(random_state=0),4,0.9583333333333334,,,No using One Hot,0.19568467140197754,0.00035762786865234375
algerian_forest_fires_46279,,onehot,random_trees_embedding,quantile,MLPClassifier(random_state=0),0,0.9387755102040817,,,No using One Hot,0.5489480495452881,0.0005786418914794922
algerian_forest_fires_46279,,onehot,random_trees_embedding,quantile,MLPClassifier(random_state=0),1,0.9795918367346939,,,No using One Hot,0.500664234161377,0.0006153583526611328
algerian_forest_fires_46279,,onehot,random_trees_embedding,quantile,MLPClassifier(random_state=0),2,0.9183673469387755,,,No using One Hot,0.501840353012085,0.0006127357482910156
algerian_forest_fires_46279,,onehot,random_trees_embedding,quantile,MLPClassifier(random_state=0),3,0.9583333333333334,,,No using One Hot,0.4931192398071289,0.0005693435668945312
algerian_forest_fires_46279,,onehot,random_trees_embedding,quantile,MLPClassifier(random_state=0),4,0.9791666666666666,,,No using One Hot,0.5512905120849609,0.0005939006805419922
algerian_forest_fires_46279,,onehot,feature_agglomeration,quantile,MLPClassifier(random_state=0),0,0.8367346938775511,,,No using One Hot,0.09453034400939941,0.00017786026000976562
algerian_forest_fires_46279,,onehot,feature_agglomeration,quantile,MLPClassifier(random_state=0),1,0.8775510204081632,,,No using One Hot,0.08001017570495605,0.00017762184143066406
algerian_forest_fires_46279,,onehot,feature_agglomeration,quantile,MLPClassifier(random_state=0),2,0.8775510204081632,,,No using One Hot,0.08081579208374023,0.00021409988403320312
algerian_forest_fires_46279,,onehot,feature_agglomeration,quantile,MLPClassifier(random_state=0),3,0.9166666666666666,,,No using One Hot,0.087249755859375,0.0001933574676513672
algerian_forest_fires_46279,,onehot,feature_agglomeration,quantile,MLPClassifier(random_state=0),4,0.9375,,,No using One Hot,0.08071708679199219,0.0001850128173828125
algerian_forest_fires_46279,,onehot,extra_tree,quantile,MLPClassifier(random_state=0),0,0.8979591836734694,,,No using One Hot,0.08977246284484863,0.0001842975616455078
algerian_forest_fires_46279,,onehot,extra_tree,quantile,MLPClassifier(random_state=0),1,0.9591836734693877,,,No using One Hot,0.09042501449584961,0.0002162456512451172
algerian_forest_fires_46279,,onehot,extra_tree,quantile,MLPClassifier(random_state=0),2,0.8775510204081632,,,No using One Hot,0.09307360649108887,0.00019741058349609375
algerian_forest_fires_46279,,onehot,extra_tree,quantile,MLPClassifier(random_state=0),3,0.9375,,,No using One Hot,0.09026527404785156,0.00019621849060058594
algerian_forest_fires_46279,,onehot,extra_tree,quantile,MLPClassifier(random_state=0),4,0.9375,,,No using One Hot,0.09437441825866699,0.00019478797912597656
algerian_forest_fires_46279,,onehot,linear_svc,quantile,MLPClassifier(random_state=0),0,0.9387755102040817,,,No using One Hot,0.09062385559082031,0.0002148151397705078
algerian_forest_fires_46279,,onehot,linear_svc,quantile,MLPClassifier(random_state=0),1,0.9591836734693877,,,No using One Hot,0.09061026573181152,0.00021123886108398438
algerian_forest_fires_46279,,onehot,linear_svc,quantile,MLPClassifier(random_state=0),2,0.9795918367346939,,,No using One Hot,0.09130549430847168,0.00019478797912597656
algerian_forest_fires_46279,,onehot,linear_svc,quantile,MLPClassifier(random_state=0),3,0.9375,,,No using One Hot,0.09102439880371094,0.00018978118896484375
algerian_forest_fires_46279,,onehot,linear_svc,quantile,MLPClassifier(random_state=0),4,0.9583333333333334,,,No using One Hot,0.09079384803771973,0.00019097328186035156
algerian_forest_fires_46279,,onehot,kernel_pca,quantile,MLPClassifier(random_state=0),0,0.9795918367346939,,,No using One Hot,0.1268754005432129,0.0002865791320800781
algerian_forest_fires_46279,,onehot,kernel_pca,quantile,MLPClassifier(random_state=0),1,0.9795918367346939,,,No using One Hot,0.1253194808959961,0.00020647048950195312
algerian_forest_fires_46279,,onehot,kernel_pca,quantile,MLPClassifier(random_state=0),2,0.9387755102040817,,,No using One Hot,0.128920316696167,0.0002148151397705078
algerian_forest_fires_46279,,onehot,kernel_pca,quantile,MLPClassifier(random_state=0),3,0.9583333333333334,,,No using One Hot,0.12589240074157715,0.00020503997802734375
algerian_forest_fires_46279,,onehot,kernel_pca,quantile,MLPClassifier(random_state=0),4,0.9583333333333334,,,No using One Hot,0.12790226936340332,0.0002713203430175781
algerian_forest_fires_46279,,ordinalencoder,,,MLPClassifier(random_state=0),0,0.7755102040816326,,,No using Ordinal Hot,0.024901628494262695,0.0011577606201171875
algerian_forest_fires_46279,,ordinalencoder,,,MLPClassifier(random_state=0),1,0.7346938775510204,,,No using Ordinal Hot,0.024687767028808594,0.0010614395141601562
algerian_forest_fires_46279,,ordinalencoder,,,MLPClassifier(random_state=0),2,0.8163265306122449,,,No using Ordinal Hot,0.024518966674804688,0.0010368824005126953
algerian_forest_fires_46279,,ordinalencoder,,,MLPClassifier(random_state=0),3,0.4166666666666667,,,No using Ordinal Hot,0.01754450798034668,0.0011353492736816406
algerian_forest_fires_46279,,ordinalencoder,,,MLPClassifier(random_state=0),4,0.7291666666666666,,,No using Ordinal Hot,0.025059938430786133,0.0011434555053710938
algerian_forest_fires_46279,,ordinalencoder,pca,,MLPClassifier(random_state=0),0,0.9795918367346939,,,No using Ordinal Hot,0.10460090637207031,0.00019741058349609375
algerian_forest_fires_46279,,ordinalencoder,pca,,MLPClassifier(random_state=0),1,0.9591836734693877,,,No using Ordinal Hot,0.10460734367370605,0.0001933574676513672
algerian_forest_fires_46279,,ordinalencoder,pca,,MLPClassifier(random_state=0),2,0.9795918367346939,,,No using Ordinal Hot,0.10398983955383301,0.00021576881408691406
algerian_forest_fires_46279,,ordinalencoder,pca,,MLPClassifier(random_state=0),3,0.9791666666666666,,,No using Ordinal Hot,0.10608482360839844,0.0002129077911376953
algerian_forest_fires_46279,,ordinalencoder,pca,,MLPClassifier(random_state=0),4,0.9375,,,No using Ordinal Hot,0.10486388206481934,0.0001990795135498047
algerian_forest_fires_46279,,ordinalencoder,fastica,,MLPClassifier(random_state=0),0,0.7346938775510204,,,No using Ordinal Hot,0.09908652305603027,0.00022411346435546875
algerian_forest_fires_46279,,ordinalencoder,fastica,,MLPClassifier(random_state=0),1,0.9387755102040817,,,No using Ordinal Hot,0.10153603553771973,0.000255584716796875
algerian_forest_fires_46279,,ordinalencoder,fastica,,MLPClassifier(random_state=0),2,0.9183673469387755,,,No using Ordinal Hot,0.10535120964050293,0.0002601146697998047
algerian_forest_fires_46279,,ordinalencoder,fastica,,MLPClassifier(random_state=0),3,1.0,,,No using Ordinal Hot,0.1155858039855957,0.0002002716064453125
algerian_forest_fires_46279,,ordinalencoder,fastica,,MLPClassifier(random_state=0),4,0.875,,,No using Ordinal Hot,0.09412026405334473,0.00018286705017089844
algerian_forest_fires_46279,,ordinalencoder,truncated_svd,,MLPClassifier(random_state=0),0,0.6122448979591837,,,No using Ordinal Hot,0.010821819305419922,0.00014972686767578125
algerian_forest_fires_46279,,ordinalencoder,truncated_svd,,MLPClassifier(random_state=0),1,0.5918367346938775,,,No using Ordinal Hot,0.011003732681274414,0.0001556873321533203
algerian_forest_fires_46279,,ordinalencoder,truncated_svd,,MLPClassifier(random_state=0),2,0.7551020408163265,,,No using Ordinal Hot,0.012389183044433594,0.00016617774963378906
algerian_forest_fires_46279,,ordinalencoder,truncated_svd,,MLPClassifier(random_state=0),3,0.6041666666666666,,,No using Ordinal Hot,0.009378671646118164,0.0001780986785888672
algerian_forest_fires_46279,,ordinalencoder,truncated_svd,,MLPClassifier(random_state=0),4,0.5833333333333334,,,No using Ordinal Hot,0.010788679122924805,0.00014400482177734375
algerian_forest_fires_46279,,ordinalencoder,select_percentile,,MLPClassifier(random_state=0),0,0.9591836734693877,,,No using Ordinal Hot,0.08062171936035156,0.00024700164794921875
algerian_forest_fires_46279,,ordinalencoder,select_percentile,,MLPClassifier(random_state=0),1,1.0,,,No using Ordinal Hot,0.08039307594299316,0.00017881393432617188
algerian_forest_fires_46279,,ordinalencoder,select_percentile,,MLPClassifier(random_state=0),2,0.9591836734693877,,,No using Ordinal Hot,0.08037495613098145,0.00018215179443359375
algerian_forest_fires_46279,,ordinalencoder,select_percentile,,MLPClassifier(random_state=0),3,0.9583333333333334,,,No using Ordinal Hot,0.07985711097717285,0.00018739700317382812
algerian_forest_fires_46279,,ordinalencoder,select_percentile,,MLPClassifier(random_state=0),4,0.9375,,,No using Ordinal Hot,0.07970142364501953,0.00018095970153808594
algerian_forest_fires_46279,,ordinalencoder,generic_univariate,,MLPClassifier(random_state=0),0,0.6530612244897959,,,No using Ordinal Hot,0.07732939720153809,0.00019359588623046875
algerian_forest_fires_46279,,ordinalencoder,generic_univariate,,MLPClassifier(random_state=0),1,0.6326530612244898,,,No using Ordinal Hot,0.07655453681945801,0.0001938343048095703
algerian_forest_fires_46279,,ordinalencoder,generic_univariate,,MLPClassifier(random_state=0),2,0.6122448979591837,,,No using Ordinal Hot,0.07756352424621582,0.0001862049102783203
algerian_forest_fires_46279,,ordinalencoder,generic_univariate,,MLPClassifier(random_state=0),3,0.7708333333333334,,,No using Ordinal Hot,0.0796809196472168,0.0001800060272216797
algerian_forest_fires_46279,,ordinalencoder,generic_univariate,,MLPClassifier(random_state=0),4,0.6666666666666666,,,No using Ordinal Hot,0.07815337181091309,0.00022339820861816406
algerian_forest_fires_46279,,ordinalencoder,polynomial_features,,MLPClassifier(random_state=0),0,0.5510204081632653,,,No using Ordinal Hot,0.06544303894042969,0.0003204345703125
algerian_forest_fires_46279,,ordinalencoder,polynomial_features,,MLPClassifier(random_state=0),1,0.5510204081632653,,,No using Ordinal Hot,0.06911325454711914,0.00036263465881347656
algerian_forest_fires_46279,,ordinalencoder,polynomial_features,,MLPClassifier(random_state=0),2,0.5714285714285714,,,No using Ordinal Hot,0.057446956634521484,0.0003314018249511719
algerian_forest_fires_46279,,ordinalencoder,polynomial_features,,MLPClassifier(random_state=0),3,0.6041666666666666,,,No using Ordinal Hot,0.04676938056945801,0.0002777576446533203
algerian_forest_fires_46279,,ordinalencoder,polynomial_features,,MLPClassifier(random_state=0),4,0.5416666666666666,,,No using Ordinal Hot,0.09594893455505371,0.0003421306610107422
algerian_forest_fires_46279,,ordinalencoder,nystroem,,MLPClassifier(random_state=0),0,0.5918367346938775,,,No using Ordinal Hot,0.217909574508667,0.0003268718719482422
algerian_forest_fires_46279,,ordinalencoder,nystroem,,MLPClassifier(random_state=0),1,0.5714285714285714,,,No using Ordinal Hot,0.23017048835754395,0.0002772808074951172
algerian_forest_fires_46279,,ordinalencoder,nystroem,,MLPClassifier(random_state=0),2,0.5714285714285714,,,No using Ordinal Hot,0.2330005168914795,0.000354766845703125
algerian_forest_fires_46279,,ordinalencoder,nystroem,,MLPClassifier(random_state=0),3,0.6666666666666666,,,No using Ordinal Hot,0.24962902069091797,0.0003314018249511719
algerian_forest_fires_46279,,ordinalencoder,nystroem,,MLPClassifier(random_state=0),4,0.5833333333333334,,,No using Ordinal Hot,0.2578895092010498,0.0003528594970703125
algerian_forest_fires_46279,,ordinalencoder,rbf_sampler,,MLPClassifier(random_state=0),0,0.6122448979591837,,,No using Ordinal Hot,0.20513033866882324,0.00030541419982910156
algerian_forest_fires_46279,,ordinalencoder,rbf_sampler,,MLPClassifier(random_state=0),1,0.5102040816326531,,,No using Ordinal Hot,0.2018887996673584,0.00030803680419921875
algerian_forest_fires_46279,,ordinalencoder,rbf_sampler,,MLPClassifier(random_state=0),2,0.5102040816326531,,,No using Ordinal Hot,0.19990229606628418,0.00033783912658691406
algerian_forest_fires_46279,,ordinalencoder,rbf_sampler,,MLPClassifier(random_state=0),3,0.5208333333333334,,,No using Ordinal Hot,0.23553776741027832,0.0003292560577392578
algerian_forest_fires_46279,,ordinalencoder,rbf_sampler,,MLPClassifier(random_state=0),4,0.5416666666666666,,,No using Ordinal Hot,0.19555091857910156,0.00029349327087402344
algerian_forest_fires_46279,,ordinalencoder,random_trees_embedding,,MLPClassifier(random_state=0),0,0.9183673469387755,,,No using Ordinal Hot,0.4677245616912842,0.0006308555603027344
algerian_forest_fires_46279,,ordinalencoder,random_trees_embedding,,MLPClassifier(random_state=0),1,0.9591836734693877,,,No using Ordinal Hot,0.5150973796844482,0.0006513595581054688
algerian_forest_fires_46279,,ordinalencoder,random_trees_embedding,,MLPClassifier(random_state=0),2,0.9387755102040817,,,No using Ordinal Hot,0.5801286697387695,0.0005939006805419922
algerian_forest_fires_46279,,ordinalencoder,random_trees_embedding,,MLPClassifier(random_state=0),3,0.9583333333333334,,,No using Ordinal Hot,0.4920778274536133,0.0006346702575683594
algerian_forest_fires_46279,,ordinalencoder,random_trees_embedding,,MLPClassifier(random_state=0),4,0.9375,,,No using Ordinal Hot,0.47266125679016113,0.0006387233734130859
algerian_forest_fires_46279,,ordinalencoder,feature_agglomeration,,MLPClassifier(random_state=0),0,0.5510204081632653,,,No using Ordinal Hot,0.029538393020629883,0.00024437904357910156
algerian_forest_fires_46279,,ordinalencoder,feature_agglomeration,,MLPClassifier(random_state=0),1,0.5510204081632653,,,No using Ordinal Hot,0.023874759674072266,0.00017881393432617188
algerian_forest_fires_46279,,ordinalencoder,feature_agglomeration,,MLPClassifier(random_state=0),2,0.5714285714285714,,,No using Ordinal Hot,0.022195816040039062,0.0001685619354248047
algerian_forest_fires_46279,,ordinalencoder,feature_agglomeration,,MLPClassifier(random_state=0),3,0.3958333333333333,,,No using Ordinal Hot,0.014705419540405273,0.00017714500427246094
algerian_forest_fires_46279,,ordinalencoder,feature_agglomeration,,MLPClassifier(random_state=0),4,0.5416666666666666,,,No using Ordinal Hot,0.010554075241088867,0.00017070770263671875
algerian_forest_fires_46279,,ordinalencoder,extra_tree,,MLPClassifier(random_state=0),0,0.9183673469387755,,,No using Ordinal Hot,0.08493256568908691,0.00020933151245117188
algerian_forest_fires_46279,,ordinalencoder,extra_tree,,MLPClassifier(random_state=0),1,0.7755102040816326,,,No using Ordinal Hot,0.009610891342163086,0.00014328956604003906
algerian_forest_fires_46279,,ordinalencoder,extra_tree,,MLPClassifier(random_state=0),2,0.8367346938775511,,,No using Ordinal Hot,0.009651422500610352,0.00015234947204589844
algerian_forest_fires_46279,,ordinalencoder,extra_tree,,MLPClassifier(random_state=0),3,0.7916666666666666,,,No using Ordinal Hot,0.009765386581420898,0.00015497207641601562
algerian_forest_fires_46279,,ordinalencoder,extra_tree,,MLPClassifier(random_state=0),4,0.9583333333333334,,,No using Ordinal Hot,0.08284831047058105,0.00020456314086914062
algerian_forest_fires_46279,,ordinalencoder,linear_svc,,MLPClassifier(random_state=0),0,0.9387755102040817,,,No using Ordinal Hot,0.08705925941467285,0.00021219253540039062
algerian_forest_fires_46279,,ordinalencoder,linear_svc,,MLPClassifier(random_state=0),1,0.9591836734693877,,,No using Ordinal Hot,0.08289456367492676,0.00018072128295898438
algerian_forest_fires_46279,,ordinalencoder,linear_svc,,MLPClassifier(random_state=0),2,0.9591836734693877,,,No using Ordinal Hot,0.08578681945800781,0.0001819133758544922
algerian_forest_fires_46279,,ordinalencoder,linear_svc,,MLPClassifier(random_state=0),3,0.9583333333333334,,,No using Ordinal Hot,0.08583402633666992,0.00018095970153808594
algerian_forest_fires_46279,,ordinalencoder,linear_svc,,MLPClassifier(random_state=0),4,0.9583333333333334,,,No using Ordinal Hot,0.08639383316040039,0.00021266937255859375
algerian_forest_fires_46279,,ordinalencoder,kernel_pca,,MLPClassifier(random_state=0),0,0.9591836734693877,,,No using Ordinal Hot,0.11685872077941895,0.00019097328186035156
algerian_forest_fires_46279,,ordinalencoder,kernel_pca,,MLPClassifier(random_state=0),1,0.9591836734693877,,,No using Ordinal Hot,0.12220644950866699,0.0001919269561767578
algerian_forest_fires_46279,,ordinalencoder,kernel_pca,,MLPClassifier(random_state=0),2,0.9591836734693877,,,No using Ordinal Hot,0.12459564208984375,0.0001857280731201172
algerian_forest_fires_46279,,ordinalencoder,kernel_pca,,MLPClassifier(random_state=0),3,0.9791666666666666,,,No using Ordinal Hot,0.12057852745056152,0.0001957416534423828
algerian_forest_fires_46279,,ordinalencoder,kernel_pca,,MLPClassifier(random_state=0),4,0.9583333333333334,,,No using Ordinal Hot,0.12605953216552734,0.0001990795135498047
algerian_forest_fires_46279,,ordinalencoder,,standard,MLPClassifier(random_state=0),0,0.9183673469387755,,,No using Ordinal Hot,0.10567855834960938,0.00021529197692871094
algerian_forest_fires_46279,,ordinalencoder,,standard,MLPClassifier(random_state=0),1,0.9387755102040817,,,No using Ordinal Hot,0.10688018798828125,0.0001983642578125
algerian_forest_fires_46279,,ordinalencoder,,standard,MLPClassifier(random_state=0),2,0.8571428571428571,,,No using Ordinal Hot,0.10664796829223633,0.00029540061950683594
algerian_forest_fires_46279,,ordinalencoder,,standard,MLPClassifier(random_state=0),3,0.9791666666666666,,,No using Ordinal Hot,0.10846138000488281,0.0002002716064453125
algerian_forest_fires_46279,,ordinalencoder,,standard,MLPClassifier(random_state=0),4,0.9375,,,No using Ordinal Hot,0.10719060897827148,0.00022721290588378906
algerian_forest_fires_46279,,ordinalencoder,pca,standard,MLPClassifier(random_state=0),0,0.9591836734693877,,,No using Ordinal Hot,0.10631871223449707,0.00019550323486328125
algerian_forest_fires_46279,,ordinalencoder,pca,standard,MLPClassifier(random_state=0),1,0.9795918367346939,,,No using Ordinal Hot,0.1050713062286377,0.00022339820861816406
algerian_forest_fires_46279,,ordinalencoder,pca,standard,MLPClassifier(random_state=0),2,0.9387755102040817,,,No using Ordinal Hot,0.10556268692016602,0.0001990795135498047
algerian_forest_fires_46279,,ordinalencoder,pca,standard,MLPClassifier(random_state=0),3,0.9583333333333334,,,No using Ordinal Hot,0.10867714881896973,0.00021076202392578125
algerian_forest_fires_46279,,ordinalencoder,pca,standard,MLPClassifier(random_state=0),4,0.9375,,,No using Ordinal Hot,0.1049811840057373,0.0001952648162841797
algerian_forest_fires_46279,,ordinalencoder,fastica,standard,MLPClassifier(random_state=0),0,0.8163265306122449,,,No using Ordinal Hot,0.10407400131225586,0.000202178955078125
algerian_forest_fires_46279,,ordinalencoder,fastica,standard,MLPClassifier(random_state=0),1,0.5510204081632653,,,No using Ordinal Hot,0.012792587280273438,0.00015544891357421875
algerian_forest_fires_46279,,ordinalencoder,fastica,standard,MLPClassifier(random_state=0),2,0.9591836734693877,,,No using Ordinal Hot,0.1068565845489502,0.0002243518829345703
algerian_forest_fires_46279,,ordinalencoder,fastica,standard,MLPClassifier(random_state=0),3,0.9583333333333334,,,No using Ordinal Hot,0.10695433616638184,0.00022745132446289062
algerian_forest_fires_46279,,ordinalencoder,fastica,standard,MLPClassifier(random_state=0),4,0.9583333333333334,,,No using Ordinal Hot,0.10466766357421875,0.0002567768096923828
algerian_forest_fires_46279,,ordinalencoder,truncated_svd,standard,MLPClassifier(random_state=0),0,0.8571428571428571,,,No using Ordinal Hot,0.09531331062316895,0.0002009868621826172
algerian_forest_fires_46279,,ordinalencoder,truncated_svd,standard,MLPClassifier(random_state=0),1,0.8979591836734694,,,No using Ordinal Hot,0.09271478652954102,0.00021386146545410156
algerian_forest_fires_46279,,ordinalencoder,truncated_svd,standard,MLPClassifier(random_state=0),2,0.8163265306122449,,,No using Ordinal Hot,0.09368038177490234,0.0002110004425048828
algerian_forest_fires_46279,,ordinalencoder,truncated_svd,standard,MLPClassifier(random_state=0),3,0.9375,,,No using Ordinal Hot,0.09320855140686035,0.00019121170043945312
algerian_forest_fires_46279,,ordinalencoder,truncated_svd,standard,MLPClassifier(random_state=0),4,0.9375,,,No using Ordinal Hot,0.09312057495117188,0.00019216537475585938
algerian_forest_fires_46279,,ordinalencoder,select_percentile,standard,MLPClassifier(random_state=0),0,0.9591836734693877,,,No using Ordinal Hot,0.09084439277648926,0.00021028518676757812
algerian_forest_fires_46279,,ordinalencoder,select_percentile,standard,MLPClassifier(random_state=0),1,0.9795918367346939,,,No using Ordinal Hot,0.09020543098449707,0.00020813941955566406
algerian_forest_fires_46279,,ordinalencoder,select_percentile,standard,MLPClassifier(random_state=0),2,0.9795918367346939,,,No using Ordinal Hot,0.0894773006439209,0.00020623207092285156
algerian_forest_fires_46279,,ordinalencoder,select_percentile,standard,MLPClassifier(random_state=0),3,1.0,,,No using Ordinal Hot,0.09013628959655762,0.00019407272338867188
algerian_forest_fires_46279,,ordinalencoder,select_percentile,standard,MLPClassifier(random_state=0),4,0.9583333333333334,,,No using Ordinal Hot,0.09081792831420898,0.00021791458129882812
algerian_forest_fires_46279,,ordinalencoder,generic_univariate,standard,MLPClassifier(random_state=0),0,0.8979591836734694,,,No using Ordinal Hot,0.08870840072631836,0.00021004676818847656
algerian_forest_fires_46279,,ordinalencoder,generic_univariate,standard,MLPClassifier(random_state=0),1,0.9183673469387755,,,No using Ordinal Hot,0.08907461166381836,0.00019025802612304688
algerian_forest_fires_46279,,ordinalencoder,generic_univariate,standard,MLPClassifier(random_state=0),2,0.9591836734693877,,,No using Ordinal Hot,0.08662986755371094,0.00019168853759765625
algerian_forest_fires_46279,,ordinalencoder,generic_univariate,standard,MLPClassifier(random_state=0),3,0.9375,,,No using Ordinal Hot,0.08679604530334473,0.00021123886108398438
algerian_forest_fires_46279,,ordinalencoder,generic_univariate,standard,MLPClassifier(random_state=0),4,0.9791666666666666,,,No using Ordinal Hot,0.08709597587585449,0.0001952648162841797
algerian_forest_fires_46279,,ordinalencoder,polynomial_features,standard,MLPClassifier(random_state=0),0,0.9183673469387755,,,No using Ordinal Hot,1.6972885131835938,0.0003724098205566406
algerian_forest_fires_46279,,ordinalencoder,polynomial_features,standard,MLPClassifier(random_state=0),1,0.9387755102040817,,,No using Ordinal Hot,1.4735138416290283,0.0004134178161621094
algerian_forest_fires_46279,,ordinalencoder,polynomial_features,standard,MLPClassifier(random_state=0),2,0.9183673469387755,,,No using Ordinal Hot,1.610398530960083,0.0004112720489501953
algerian_forest_fires_46279,,ordinalencoder,polynomial_features,standard,MLPClassifier(random_state=0),3,0.9583333333333334,,,No using Ordinal Hot,2.5238754749298096,0.0010819435119628906
algerian_forest_fires_46279,,ordinalencoder,polynomial_features,standard,MLPClassifier(random_state=0),4,0.9375,,,No using Ordinal Hot,1.4994640350341797,0.002389669418334961
algerian_forest_fires_46279,,ordinalencoder,nystroem,standard,MLPClassifier(random_state=0),0,0.9591836734693877,,,No using Ordinal Hot,0.20742464065551758,0.00029587745666503906
algerian_forest_fires_46279,,ordinalencoder,nystroem,standard,MLPClassifier(random_state=0),1,0.9591836734693877,,,No using Ordinal Hot,0.24828267097473145,0.00032711029052734375
algerian_forest_fires_46279,,ordinalencoder,nystroem,standard,MLPClassifier(random_state=0),2,0.9387755102040817,,,No using Ordinal Hot,0.19762945175170898,0.0003287792205810547
algerian_forest_fires_46279,,ordinalencoder,nystroem,standard,MLPClassifier(random_state=0),3,0.9791666666666666,,,No using Ordinal Hot,0.23116540908813477,0.0002663135528564453
algerian_forest_fires_46279,,ordinalencoder,nystroem,standard,MLPClassifier(random_state=0),4,0.9375,,,No using Ordinal Hot,0.23131418228149414,0.0002601146697998047
algerian_forest_fires_46279,,ordinalencoder,rbf_sampler,standard,MLPClassifier(random_state=0),0,0.5918367346938775,,,No using Ordinal Hot,0.18218493461608887,0.000308990478515625
algerian_forest_fires_46279,,ordinalencoder,rbf_sampler,standard,MLPClassifier(random_state=0),1,0.7551020408163265,,,No using Ordinal Hot,0.18203306198120117,0.0002617835998535156
algerian_forest_fires_46279,,ordinalencoder,rbf_sampler,standard,MLPClassifier(random_state=0),2,0.6530612244897959,,,No using Ordinal Hot,0.18351268768310547,0.0003018379211425781
algerian_forest_fires_46279,,ordinalencoder,rbf_sampler,standard,MLPClassifier(random_state=0),3,0.7083333333333334,,,No using Ordinal Hot,0.19350099563598633,0.00026488304138183594
algerian_forest_fires_46279,,ordinalencoder,rbf_sampler,standard,MLPClassifier(random_state=0),4,0.6458333333333334,,,No using Ordinal Hot,0.18342280387878418,0.0002579689025878906
algerian_forest_fires_46279,,ordinalencoder,random_trees_embedding,standard,MLPClassifier(random_state=0),0,0.9183673469387755,,,No using Ordinal Hot,0.4320831298828125,0.0005648136138916016
algerian_forest_fires_46279,,ordinalencoder,random_trees_embedding,standard,MLPClassifier(random_state=0),1,0.9591836734693877,,,No using Ordinal Hot,0.46080541610717773,0.0005931854248046875
algerian_forest_fires_46279,,ordinalencoder,random_trees_embedding,standard,MLPClassifier(random_state=0),2,0.9387755102040817,,,No using Ordinal Hot,0.45467567443847656,0.0005457401275634766
algerian_forest_fires_46279,,ordinalencoder,random_trees_embedding,standard,MLPClassifier(random_state=0),3,0.9583333333333334,,,No using Ordinal Hot,0.49906158447265625,0.0006248950958251953
algerian_forest_fires_46279,,ordinalencoder,random_trees_embedding,standard,MLPClassifier(random_state=0),4,0.9375,,,No using Ordinal Hot,0.4924917221069336,0.0005888938903808594
algerian_forest_fires_46279,,ordinalencoder,feature_agglomeration,standard,MLPClassifier(random_state=0),0,0.8571428571428571,,,No using Ordinal Hot,0.11011099815368652,0.00019598007202148438
algerian_forest_fires_46279,,ordinalencoder,feature_agglomeration,standard,MLPClassifier(random_state=0),1,0.8571428571428571,,,No using Ordinal Hot,0.09235119819641113,0.000202178955078125
algerian_forest_fires_46279,,ordinalencoder,feature_agglomeration,standard,MLPClassifier(random_state=0),2,0.8571428571428571,,,No using Ordinal Hot,0.09187531471252441,0.00021529197692871094
algerian_forest_fires_46279,,ordinalencoder,feature_agglomeration,standard,MLPClassifier(random_state=0),3,0.9375,,,No using Ordinal Hot,0.09214115142822266,0.0001976490020751953
algerian_forest_fires_46279,,ordinalencoder,feature_agglomeration,standard,MLPClassifier(random_state=0),4,0.9166666666666666,,,No using Ordinal Hot,0.09184837341308594,0.00021767616271972656
algerian_forest_fires_46279,,ordinalencoder,extra_tree,standard,MLPClassifier(random_state=0),0,0.9183673469387755,,,No using Ordinal Hot,0.09512615203857422,0.00019240379333496094
algerian_forest_fires_46279,,ordinalencoder,extra_tree,standard,MLPClassifier(random_state=0),1,0.9591836734693877,,,No using Ordinal Hot,0.0940847396850586,0.00019478797912597656
algerian_forest_fires_46279,,ordinalencoder,extra_tree,standard,MLPClassifier(random_state=0),2,0.9795918367346939,,,No using Ordinal Hot,0.0939033031463623,0.0001957416534423828
algerian_forest_fires_46279,,ordinalencoder,extra_tree,standard,MLPClassifier(random_state=0),3,0.9791666666666666,,,No using Ordinal Hot,0.11201262474060059,0.00021314620971679688
algerian_forest_fires_46279,,ordinalencoder,extra_tree,standard,MLPClassifier(random_state=0),4,0.9791666666666666,,,No using Ordinal Hot,0.09321165084838867,0.00023412704467773438
algerian_forest_fires_46279,,ordinalencoder,linear_svc,standard,MLPClassifier(random_state=0),0,0.9387755102040817,,,No using Ordinal Hot,0.0947561264038086,0.0002636909484863281
algerian_forest_fires_46279,,ordinalencoder,linear_svc,standard,MLPClassifier(random_state=0),1,0.9795918367346939,,,No using Ordinal Hot,0.09795975685119629,0.0002086162567138672
algerian_forest_fires_46279,,ordinalencoder,linear_svc,standard,MLPClassifier(random_state=0),2,0.9591836734693877,,,No using Ordinal Hot,0.09369254112243652,0.00019359588623046875
algerian_forest_fires_46279,,ordinalencoder,linear_svc,standard,MLPClassifier(random_state=0),3,0.9583333333333334,,,No using Ordinal Hot,0.09603500366210938,0.00020623207092285156
algerian_forest_fires_46279,,ordinalencoder,linear_svc,standard,MLPClassifier(random_state=0),4,0.9791666666666666,,,No using Ordinal Hot,0.09408354759216309,0.0001914501190185547
algerian_forest_fires_46279,,ordinalencoder,kernel_pca,standard,MLPClassifier(random_state=0),0,0.9795918367346939,,,No using Ordinal Hot,0.12562251091003418,0.00020051002502441406
algerian_forest_fires_46279,,ordinalencoder,kernel_pca,standard,MLPClassifier(random_state=0),1,0.9591836734693877,,,No using Ordinal Hot,0.1259937286376953,0.00020051002502441406
algerian_forest_fires_46279,,ordinalencoder,kernel_pca,standard,MLPClassifier(random_state=0),2,0.9591836734693877,,,No using Ordinal Hot,0.1259629726409912,0.00019621849060058594
algerian_forest_fires_46279,,ordinalencoder,kernel_pca,standard,MLPClassifier(random_state=0),3,0.9791666666666666,,,No using Ordinal Hot,0.13374829292297363,0.00018596649169921875
algerian_forest_fires_46279,,ordinalencoder,kernel_pca,standard,MLPClassifier(random_state=0),4,0.9375,,,No using Ordinal Hot,0.1349029541015625,0.00021338462829589844
algerian_forest_fires_46279,,ordinalencoder,,minmax,MLPClassifier(random_state=0),0,0.8979591836734694,,,No using Ordinal Hot,0.09237837791442871,0.00018262863159179688
algerian_forest_fires_46279,,ordinalencoder,,minmax,MLPClassifier(random_state=0),1,0.9387755102040817,,,No using Ordinal Hot,0.09257960319519043,0.00020933151245117188
algerian_forest_fires_46279,,ordinalencoder,,minmax,MLPClassifier(random_state=0),2,0.8367346938775511,,,No using Ordinal Hot,0.10625386238098145,0.0002040863037109375
algerian_forest_fires_46279,,ordinalencoder,,minmax,MLPClassifier(random_state=0),3,0.9375,,,No using Ordinal Hot,0.09335732460021973,0.00018548965454101562
algerian_forest_fires_46279,,ordinalencoder,,minmax,MLPClassifier(random_state=0),4,0.9791666666666666,,,No using Ordinal Hot,0.09187197685241699,0.0001881122589111328
algerian_forest_fires_46279,,ordinalencoder,pca,minmax,MLPClassifier(random_state=0),0,0.9387755102040817,,,No using Ordinal Hot,0.09411358833312988,0.00019168853759765625
algerian_forest_fires_46279,,ordinalencoder,pca,minmax,MLPClassifier(random_state=0),1,0.9795918367346939,,,No using Ordinal Hot,0.10228848457336426,0.00021767616271972656
algerian_forest_fires_46279,,ordinalencoder,pca,minmax,MLPClassifier(random_state=0),2,0.9387755102040817,,,No using Ordinal Hot,0.11137628555297852,0.0001842975616455078
algerian_forest_fires_46279,,ordinalencoder,pca,minmax,MLPClassifier(random_state=0),3,0.9583333333333334,,,No using Ordinal Hot,0.09424090385437012,0.00018095970153808594
algerian_forest_fires_46279,,ordinalencoder,pca,minmax,MLPClassifier(random_state=0),4,0.9375,,,No using Ordinal Hot,0.09380292892456055,0.00017762184143066406
algerian_forest_fires_46279,,ordinalencoder,fastica,minmax,MLPClassifier(random_state=0),0,0.9591836734693877,,,No using Ordinal Hot,0.1018519401550293,0.00023508071899414062
algerian_forest_fires_46279,,ordinalencoder,fastica,minmax,MLPClassifier(random_state=0),1,0.9795918367346939,,,No using Ordinal Hot,0.10003542900085449,0.00022149085998535156
algerian_forest_fires_46279,,ordinalencoder,fastica,minmax,MLPClassifier(random_state=0),2,0.9591836734693877,,,No using Ordinal Hot,0.10138916969299316,0.00018477439880371094
algerian_forest_fires_46279,,ordinalencoder,fastica,minmax,MLPClassifier(random_state=0),3,0.9375,,,No using Ordinal Hot,0.10452103614807129,0.000255584716796875
algerian_forest_fires_46279,,ordinalencoder,fastica,minmax,MLPClassifier(random_state=0),4,0.9166666666666666,,,No using Ordinal Hot,0.11083316802978516,0.00020051002502441406
algerian_forest_fires_46279,,ordinalencoder,truncated_svd,minmax,MLPClassifier(random_state=0),0,0.8571428571428571,,,No using Ordinal Hot,0.08917593955993652,0.00019931793212890625
algerian_forest_fires_46279,,ordinalencoder,truncated_svd,minmax,MLPClassifier(random_state=0),1,0.8571428571428571,,,No using Ordinal Hot,0.08879542350769043,0.0002448558807373047
algerian_forest_fires_46279,,ordinalencoder,truncated_svd,minmax,MLPClassifier(random_state=0),2,0.8775510204081632,,,No using Ordinal Hot,0.08901333808898926,0.0002124309539794922
algerian_forest_fires_46279,,ordinalencoder,truncated_svd,minmax,MLPClassifier(random_state=0),3,0.9166666666666666,,,No using Ordinal Hot,0.09085559844970703,0.00019359588623046875
algerian_forest_fires_46279,,ordinalencoder,truncated_svd,minmax,MLPClassifier(random_state=0),4,0.9166666666666666,,,No using Ordinal Hot,0.09365463256835938,0.00019502639770507812
algerian_forest_fires_46279,,ordinalencoder,select_percentile,minmax,MLPClassifier(random_state=0),0,0.9387755102040817,,,No using Ordinal Hot,0.09584546089172363,0.00023317337036132812
algerian_forest_fires_46279,,ordinalencoder,select_percentile,minmax,MLPClassifier(random_state=0),1,0.9387755102040817,,,No using Ordinal Hot,0.10996508598327637,0.0001990795135498047
algerian_forest_fires_46279,,ordinalencoder,select_percentile,minmax,MLPClassifier(random_state=0),2,0.9591836734693877,,,No using Ordinal Hot,0.08851289749145508,0.0002117156982421875
algerian_forest_fires_46279,,ordinalencoder,select_percentile,minmax,MLPClassifier(random_state=0),3,0.9375,,,No using Ordinal Hot,0.0888204574584961,0.0001938343048095703
algerian_forest_fires_46279,,ordinalencoder,select_percentile,minmax,MLPClassifier(random_state=0),4,1.0,,,No using Ordinal Hot,0.08764076232910156,0.00019025802612304688
algerian_forest_fires_46279,,ordinalencoder,generic_univariate,minmax,MLPClassifier(random_state=0),0,0.7755102040816326,,,No using Ordinal Hot,0.0845177173614502,0.0002117156982421875
algerian_forest_fires_46279,,ordinalencoder,generic_univariate,minmax,MLPClassifier(random_state=0),1,0.7551020408163265,,,No using Ordinal Hot,0.0847618579864502,0.0002090930938720703
algerian_forest_fires_46279,,ordinalencoder,generic_univariate,minmax,MLPClassifier(random_state=0),2,0.8367346938775511,,,No using Ordinal Hot,0.08458256721496582,0.00023031234741210938
algerian_forest_fires_46279,,ordinalencoder,generic_univariate,minmax,MLPClassifier(random_state=0),3,0.875,,,No using Ordinal Hot,0.08424949645996094,0.0002090930938720703
algerian_forest_fires_46279,,ordinalencoder,generic_univariate,minmax,MLPClassifier(random_state=0),4,0.8125,,,No using Ordinal Hot,0.09917974472045898,0.00022554397583007812
algerian_forest_fires_46279,,ordinalencoder,polynomial_features,minmax,MLPClassifier(random_state=0),0,0.9387755102040817,,,No using Ordinal Hot,1.4917466640472412,0.00037741661071777344
algerian_forest_fires_46279,,ordinalencoder,polynomial_features,minmax,MLPClassifier(random_state=0),1,0.9591836734693877,,,No using Ordinal Hot,1.1814994812011719,0.0003256797790527344
algerian_forest_fires_46279,,ordinalencoder,polynomial_features,minmax,MLPClassifier(random_state=0),2,0.9387755102040817,,,No using Ordinal Hot,1.3119637966156006,0.000400543212890625
algerian_forest_fires_46279,,ordinalencoder,polynomial_features,minmax,MLPClassifier(random_state=0),3,0.9791666666666666,,,No using Ordinal Hot,1.4117166996002197,0.00029850006103515625
algerian_forest_fires_46279,,ordinalencoder,polynomial_features,minmax,MLPClassifier(random_state=0),4,0.9583333333333334,,,No using Ordinal Hot,1.4064147472381592,0.00032329559326171875
algerian_forest_fires_46279,,ordinalencoder,nystroem,minmax,MLPClassifier(random_state=0),0,0.9183673469387755,,,No using Ordinal Hot,0.2550952434539795,0.00028824806213378906
algerian_forest_fires_46279,,ordinalencoder,nystroem,minmax,MLPClassifier(random_state=0),1,0.9387755102040817,,,No using Ordinal Hot,0.25957679748535156,0.00037598609924316406
algerian_forest_fires_46279,,ordinalencoder,nystroem,minmax,MLPClassifier(random_state=0),2,0.8979591836734694,,,No using Ordinal Hot,0.2479860782623291,0.00036406517028808594
algerian_forest_fires_46279,,ordinalencoder,nystroem,minmax,MLPClassifier(random_state=0),3,0.9583333333333334,,,No using Ordinal Hot,0.2525520324707031,0.0002548694610595703
algerian_forest_fires_46279,,ordinalencoder,nystroem,minmax,MLPClassifier(random_state=0),4,0.9791666666666666,,,No using Ordinal Hot,0.2173478603363037,0.00032520294189453125
algerian_forest_fires_46279,,ordinalencoder,rbf_sampler,minmax,MLPClassifier(random_state=0),0,0.9183673469387755,,,No using Ordinal Hot,0.1997823715209961,0.0003228187561035156
algerian_forest_fires_46279,,ordinalencoder,rbf_sampler,minmax,MLPClassifier(random_state=0),1,0.9387755102040817,,,No using Ordinal Hot,0.1876382827758789,0.0003879070281982422
algerian_forest_fires_46279,,ordinalencoder,rbf_sampler,minmax,MLPClassifier(random_state=0),2,0.9183673469387755,,,No using Ordinal Hot,0.19980168342590332,0.00032830238342285156
algerian_forest_fires_46279,,ordinalencoder,rbf_sampler,minmax,MLPClassifier(random_state=0),3,0.9791666666666666,,,No using Ordinal Hot,0.19195985794067383,0.00033473968505859375
algerian_forest_fires_46279,,ordinalencoder,rbf_sampler,minmax,MLPClassifier(random_state=0),4,0.9583333333333334,,,No using Ordinal Hot,0.1943058967590332,0.00029921531677246094
algerian_forest_fires_46279,,ordinalencoder,random_trees_embedding,minmax,MLPClassifier(random_state=0),0,0.9183673469387755,,,No using Ordinal Hot,0.5166757106781006,0.0007123947143554688
algerian_forest_fires_46279,,ordinalencoder,random_trees_embedding,minmax,MLPClassifier(random_state=0),1,0.9591836734693877,,,No using Ordinal Hot,0.5211653709411621,0.0006210803985595703
algerian_forest_fires_46279,,ordinalencoder,random_trees_embedding,minmax,MLPClassifier(random_state=0),2,0.9387755102040817,,,No using Ordinal Hot,0.4880244731903076,0.0006096363067626953
algerian_forest_fires_46279,,ordinalencoder,random_trees_embedding,minmax,MLPClassifier(random_state=0),3,0.9583333333333334,,,No using Ordinal Hot,0.45029282569885254,0.00054931640625
algerian_forest_fires_46279,,ordinalencoder,random_trees_embedding,minmax,MLPClassifier(random_state=0),4,0.9375,,,No using Ordinal Hot,0.44833827018737793,0.00057220458984375
algerian_forest_fires_46279,,ordinalencoder,feature_agglomeration,minmax,MLPClassifier(random_state=0),0,0.7755102040816326,,,No using Ordinal Hot,0.09720134735107422,0.00019979476928710938
algerian_forest_fires_46279,,ordinalencoder,feature_agglomeration,minmax,MLPClassifier(random_state=0),1,0.7142857142857143,,,No using Ordinal Hot,0.0801076889038086,0.0001785755157470703
algerian_forest_fires_46279,,ordinalencoder,feature_agglomeration,minmax,MLPClassifier(random_state=0),2,0.8571428571428571,,,No using Ordinal Hot,0.08014249801635742,0.00017762184143066406
algerian_forest_fires_46279,,ordinalencoder,feature_agglomeration,minmax,MLPClassifier(random_state=0),3,0.8541666666666666,,,No using Ordinal Hot,0.08524703979492188,0.00023245811462402344
algerian_forest_fires_46279,,ordinalencoder,feature_agglomeration,minmax,MLPClassifier(random_state=0),4,0.8125,,,No using Ordinal Hot,0.08088564872741699,0.00017833709716796875
algerian_forest_fires_46279,,ordinalencoder,extra_tree,minmax,MLPClassifier(random_state=0),0,0.8979591836734694,,,No using Ordinal Hot,0.0840756893157959,0.00019097328186035156
algerian_forest_fires_46279,,ordinalencoder,extra_tree,minmax,MLPClassifier(random_state=0),1,0.9387755102040817,,,No using Ordinal Hot,0.08359241485595703,0.0002033710479736328
algerian_forest_fires_46279,,ordinalencoder,extra_tree,minmax,MLPClassifier(random_state=0),2,0.9387755102040817,,,No using Ordinal Hot,0.0826563835144043,0.00019407272338867188
algerian_forest_fires_46279,,ordinalencoder,extra_tree,minmax,MLPClassifier(random_state=0),3,0.9583333333333334,,,No using Ordinal Hot,0.08393025398254395,0.00019621849060058594
algerian_forest_fires_46279,,ordinalencoder,extra_tree,minmax,MLPClassifier(random_state=0),4,0.9791666666666666,,,No using Ordinal Hot,0.08872032165527344,0.00018858909606933594
algerian_forest_fires_46279,,ordinalencoder,linear_svc,minmax,MLPClassifier(random_state=0),0,0.9591836734693877,,,No using Ordinal Hot,0.08833432197570801,0.0001857280731201172
algerian_forest_fires_46279,,ordinalencoder,linear_svc,minmax,MLPClassifier(random_state=0),1,0.9795918367346939,,,No using Ordinal Hot,0.0879364013671875,0.00019168853759765625
algerian_forest_fires_46279,,ordinalencoder,linear_svc,minmax,MLPClassifier(random_state=0),2,0.9387755102040817,,,No using Ordinal Hot,0.08783578872680664,0.00019788742065429688
algerian_forest_fires_46279,,ordinalencoder,linear_svc,minmax,MLPClassifier(random_state=0),3,0.9791666666666666,,,No using Ordinal Hot,0.09190487861633301,0.00018906593322753906
algerian_forest_fires_46279,,ordinalencoder,linear_svc,minmax,MLPClassifier(random_state=0),4,0.9791666666666666,,,No using Ordinal Hot,0.09291839599609375,0.0002090930938720703
algerian_forest_fires_46279,,ordinalencoder,kernel_pca,minmax,MLPClassifier(random_state=0),0,0.9387755102040817,,,No using Ordinal Hot,1.1231069564819336,0.00018858909606933594
algerian_forest_fires_46279,,ordinalencoder,kernel_pca,minmax,MLPClassifier(random_state=0),1,0.9795918367346939,,,No using Ordinal Hot,0.12036681175231934,0.00018334388732910156
algerian_forest_fires_46279,,ordinalencoder,kernel_pca,minmax,MLPClassifier(random_state=0),2,0.9387755102040817,,,No using Ordinal Hot,0.12005090713500977,0.00017762184143066406
algerian_forest_fires_46279,,ordinalencoder,kernel_pca,minmax,MLPClassifier(random_state=0),3,0.9583333333333334,,,No using Ordinal Hot,0.12152910232543945,0.00021886825561523438
algerian_forest_fires_46279,,ordinalencoder,kernel_pca,minmax,MLPClassifier(random_state=0),4,0.9375,,,No using Ordinal Hot,0.12079215049743652,0.00018787384033203125
algerian_forest_fires_46279,,ordinalencoder,,robust,MLPClassifier(random_state=0),0,0.9183673469387755,,,No using Ordinal Hot,0.11584901809692383,0.0002193450927734375
algerian_forest_fires_46279,,ordinalencoder,,robust,MLPClassifier(random_state=0),1,0.9387755102040817,,,No using Ordinal Hot,0.10230183601379395,0.00018525123596191406
algerian_forest_fires_46279,,ordinalencoder,,robust,MLPClassifier(random_state=0),2,0.8775510204081632,,,No using Ordinal Hot,0.10263895988464355,0.0001919269561767578
algerian_forest_fires_46279,,ordinalencoder,,robust,MLPClassifier(random_state=0),3,0.9791666666666666,,,No using Ordinal Hot,0.10292315483093262,0.00022339820861816406
algerian_forest_fires_46279,,ordinalencoder,,robust,MLPClassifier(random_state=0),4,0.9583333333333334,,,No using Ordinal Hot,0.10666990280151367,0.00020599365234375
algerian_forest_fires_46279,,ordinalencoder,pca,robust,MLPClassifier(random_state=0),0,0.9591836734693877,,,No using Ordinal Hot,0.1026458740234375,0.000209808349609375
algerian_forest_fires_46279,,ordinalencoder,pca,robust,MLPClassifier(random_state=0),1,0.9591836734693877,,,No using Ordinal Hot,0.10381889343261719,0.0002002716064453125
algerian_forest_fires_46279,,ordinalencoder,pca,robust,MLPClassifier(random_state=0),2,0.9591836734693877,,,No using Ordinal Hot,0.10303211212158203,0.00024962425231933594
algerian_forest_fires_46279,,ordinalencoder,pca,robust,MLPClassifier(random_state=0),3,0.9791666666666666,,,No using Ordinal Hot,0.10370445251464844,0.000209808349609375
algerian_forest_fires_46279,,ordinalencoder,pca,robust,MLPClassifier(random_state=0),4,0.9583333333333334,,,No using Ordinal Hot,0.10246968269348145,0.00020885467529296875
algerian_forest_fires_46279,,ordinalencoder,fastica,robust,MLPClassifier(random_state=0),0,0.9387755102040817,,,No using Ordinal Hot,0.10284662246704102,0.00021123886108398438
algerian_forest_fires_46279,,ordinalencoder,fastica,robust,MLPClassifier(random_state=0),1,0.6326530612244898,,,No using Ordinal Hot,0.09604668617248535,0.00019860267639160156
algerian_forest_fires_46279,,ordinalencoder,fastica,robust,MLPClassifier(random_state=0),2,0.6326530612244898,,,No using Ordinal Hot,0.09674191474914551,0.00019931793212890625
algerian_forest_fires_46279,,ordinalencoder,fastica,robust,MLPClassifier(random_state=0),3,0.9583333333333334,,,No using Ordinal Hot,0.10385560989379883,0.0002090930938720703
algerian_forest_fires_46279,,ordinalencoder,fastica,robust,MLPClassifier(random_state=0),4,0.9583333333333334,,,No using Ordinal Hot,0.10957956314086914,0.00024318695068359375
algerian_forest_fires_46279,,ordinalencoder,truncated_svd,robust,MLPClassifier(random_state=0),0,0.9183673469387755,,,No using Ordinal Hot,0.09110760688781738,0.00019812583923339844
algerian_forest_fires_46279,,ordinalencoder,truncated_svd,robust,MLPClassifier(random_state=0),1,0.9183673469387755,,,No using Ordinal Hot,0.09070849418640137,0.00019097328186035156
algerian_forest_fires_46279,,ordinalencoder,truncated_svd,robust,MLPClassifier(random_state=0),2,0.8979591836734694,,,No using Ordinal Hot,0.09082365036010742,0.00019073486328125
algerian_forest_fires_46279,,ordinalencoder,truncated_svd,robust,MLPClassifier(random_state=0),3,0.9375,,,No using Ordinal Hot,0.09084606170654297,0.0002052783966064453
algerian_forest_fires_46279,,ordinalencoder,truncated_svd,robust,MLPClassifier(random_state=0),4,0.9375,,,No using Ordinal Hot,0.09338808059692383,0.0002522468566894531
algerian_forest_fires_46279,,ordinalencoder,select_percentile,robust,MLPClassifier(random_state=0),0,0.9591836734693877,,,No using Ordinal Hot,0.09192728996276855,0.0002143383026123047
algerian_forest_fires_46279,,ordinalencoder,select_percentile,robust,MLPClassifier(random_state=0),1,0.9795918367346939,,,No using Ordinal Hot,0.09067320823669434,0.0001881122589111328
algerian_forest_fires_46279,,ordinalencoder,select_percentile,robust,MLPClassifier(random_state=0),2,0.9795918367346939,,,No using Ordinal Hot,0.09176778793334961,0.0001857280731201172
algerian_forest_fires_46279,,ordinalencoder,select_percentile,robust,MLPClassifier(random_state=0),3,1.0,,,No using Ordinal Hot,0.08774852752685547,0.000186920166015625
algerian_forest_fires_46279,,ordinalencoder,select_percentile,robust,MLPClassifier(random_state=0),4,0.9583333333333334,,,No using Ordinal Hot,0.08922672271728516,0.00020575523376464844
algerian_forest_fires_46279,,ordinalencoder,generic_univariate,robust,MLPClassifier(random_state=0),0,0.9387755102040817,,,No using Ordinal Hot,0.0835118293762207,0.00021123886108398438
algerian_forest_fires_46279,,ordinalencoder,generic_univariate,robust,MLPClassifier(random_state=0),1,0.9387755102040817,,,No using Ordinal Hot,0.0836181640625,0.00018477439880371094
algerian_forest_fires_46279,,ordinalencoder,generic_univariate,robust,MLPClassifier(random_state=0),2,1.0,,,No using Ordinal Hot,0.08396577835083008,0.0001895427703857422
algerian_forest_fires_46279,,ordinalencoder,generic_univariate,robust,MLPClassifier(random_state=0),3,0.9375,,,No using Ordinal Hot,0.08697915077209473,0.0001938343048095703
algerian_forest_fires_46279,,ordinalencoder,generic_univariate,robust,MLPClassifier(random_state=0),4,1.0,,,No using Ordinal Hot,0.09012508392333984,0.00020503997802734375
algerian_forest_fires_46279,,ordinalencoder,polynomial_features,robust,MLPClassifier(random_state=0),0,0.8775510204081632,,,No using Ordinal Hot,1.1410605907440186,0.0003516674041748047
algerian_forest_fires_46279,,ordinalencoder,polynomial_features,robust,MLPClassifier(random_state=0),1,0.9183673469387755,,,No using Ordinal Hot,1.507681131362915,0.0003204345703125
algerian_forest_fires_46279,,ordinalencoder,polynomial_features,robust,MLPClassifier(random_state=0),2,0.8979591836734694,,,No using Ordinal Hot,1.4530696868896484,0.0003559589385986328
algerian_forest_fires_46279,,ordinalencoder,polynomial_features,robust,MLPClassifier(random_state=0),3,0.9375,,,No using Ordinal Hot,1.5158941745758057,0.0003638267517089844
algerian_forest_fires_46279,,ordinalencoder,polynomial_features,robust,MLPClassifier(random_state=0),4,0.9375,,,No using Ordinal Hot,1.4519696235656738,0.0003204345703125
algerian_forest_fires_46279,,ordinalencoder,nystroem,robust,MLPClassifier(random_state=0),0,0.9387755102040817,,,No using Ordinal Hot,0.2462921142578125,0.00034546852111816406
algerian_forest_fires_46279,,ordinalencoder,nystroem,robust,MLPClassifier(random_state=0),1,0.9591836734693877,,,No using Ordinal Hot,0.2546701431274414,0.0003192424774169922
algerian_forest_fires_46279,,ordinalencoder,nystroem,robust,MLPClassifier(random_state=0),2,0.9591836734693877,,,No using Ordinal Hot,0.25811123847961426,0.00028443336486816406
algerian_forest_fires_46279,,ordinalencoder,nystroem,robust,MLPClassifier(random_state=0),3,0.9791666666666666,,,No using Ordinal Hot,0.25757837295532227,0.0003285408020019531
algerian_forest_fires_46279,,ordinalencoder,nystroem,robust,MLPClassifier(random_state=0),4,0.9375,,,No using Ordinal Hot,0.20121097564697266,0.00032639503479003906
algerian_forest_fires_46279,,ordinalencoder,rbf_sampler,robust,MLPClassifier(random_state=0),0,0.7142857142857143,,,No using Ordinal Hot,0.19711709022521973,0.0003521442413330078
algerian_forest_fires_46279,,ordinalencoder,rbf_sampler,robust,MLPClassifier(random_state=0),1,0.7959183673469388,,,No using Ordinal Hot,0.18952703475952148,0.0003190040588378906
algerian_forest_fires_46279,,ordinalencoder,rbf_sampler,robust,MLPClassifier(random_state=0),2,0.673469387755102,,,No using Ordinal Hot,0.18899130821228027,0.0002560615539550781
algerian_forest_fires_46279,,ordinalencoder,rbf_sampler,robust,MLPClassifier(random_state=0),3,0.75,,,No using Ordinal Hot,0.19237375259399414,0.0003554821014404297
algerian_forest_fires_46279,,ordinalencoder,rbf_sampler,robust,MLPClassifier(random_state=0),4,0.6875,,,No using Ordinal Hot,0.18211770057678223,0.0003437995910644531
algerian_forest_fires_46279,,ordinalencoder,random_trees_embedding,robust,MLPClassifier(random_state=0),0,0.9183673469387755,,,No using Ordinal Hot,0.5168454647064209,0.0013666152954101562
algerian_forest_fires_46279,,ordinalencoder,random_trees_embedding,robust,MLPClassifier(random_state=0),1,0.9591836734693877,,,No using Ordinal Hot,0.5299546718597412,0.0006051063537597656
algerian_forest_fires_46279,,ordinalencoder,random_trees_embedding,robust,MLPClassifier(random_state=0),2,0.9387755102040817,,,No using Ordinal Hot,0.5251979827880859,0.0006153583526611328
algerian_forest_fires_46279,,ordinalencoder,random_trees_embedding,robust,MLPClassifier(random_state=0),3,0.9583333333333334,,,No using Ordinal Hot,0.5528261661529541,0.0006144046783447266
algerian_forest_fires_46279,,ordinalencoder,random_trees_embedding,robust,MLPClassifier(random_state=0),4,0.9375,,,No using Ordinal Hot,0.46105122566223145,0.0006043910980224609
algerian_forest_fires_46279,,ordinalencoder,feature_agglomeration,robust,MLPClassifier(random_state=0),0,0.8163265306122449,,,No using Ordinal Hot,0.10509514808654785,0.00021004676818847656
algerian_forest_fires_46279,,ordinalencoder,feature_agglomeration,robust,MLPClassifier(random_state=0),1,0.8979591836734694,,,No using Ordinal Hot,0.0878446102142334,0.00021219253540039062
algerian_forest_fires_46279,,ordinalencoder,feature_agglomeration,robust,MLPClassifier(random_state=0),2,0.8571428571428571,,,No using Ordinal Hot,0.09252667427062988,0.00019550323486328125
algerian_forest_fires_46279,,ordinalencoder,feature_agglomeration,robust,MLPClassifier(random_state=0),3,0.8958333333333334,,,No using Ordinal Hot,0.08848047256469727,0.00018668174743652344
algerian_forest_fires_46279,,ordinalencoder,feature_agglomeration,robust,MLPClassifier(random_state=0),4,0.875,,,No using Ordinal Hot,0.08790898323059082,0.0002086162567138672
algerian_forest_fires_46279,,ordinalencoder,extra_tree,robust,MLPClassifier(random_state=0),0,0.9183673469387755,,,No using Ordinal Hot,0.09193897247314453,0.00019788742065429688
algerian_forest_fires_46279,,ordinalencoder,extra_tree,robust,MLPClassifier(random_state=0),1,0.9387755102040817,,,No using Ordinal Hot,0.09482669830322266,0.0002446174621582031
algerian_forest_fires_46279,,ordinalencoder,extra_tree,robust,MLPClassifier(random_state=0),2,0.9591836734693877,,,No using Ordinal Hot,0.0928182601928711,0.00018739700317382812
algerian_forest_fires_46279,,ordinalencoder,extra_tree,robust,MLPClassifier(random_state=0),3,0.9583333333333334,,,No using Ordinal Hot,0.09054064750671387,0.00018596649169921875
algerian_forest_fires_46279,,ordinalencoder,extra_tree,robust,MLPClassifier(random_state=0),4,0.9791666666666666,,,No using Ordinal Hot,0.09131240844726562,0.0002186298370361328
algerian_forest_fires_46279,,ordinalencoder,linear_svc,robust,MLPClassifier(random_state=0),0,0.9183673469387755,,,No using Ordinal Hot,0.09106588363647461,0.00019216537475585938
algerian_forest_fires_46279,,ordinalencoder,linear_svc,robust,MLPClassifier(random_state=0),1,0.9387755102040817,,,No using Ordinal Hot,0.09062361717224121,0.00018858909606933594
algerian_forest_fires_46279,,ordinalencoder,linear_svc,robust,MLPClassifier(random_state=0),2,0.9591836734693877,,,No using Ordinal Hot,0.09077095985412598,0.0001862049102783203
algerian_forest_fires_46279,,ordinalencoder,linear_svc,robust,MLPClassifier(random_state=0),3,0.9583333333333334,,,No using Ordinal Hot,0.09089827537536621,0.0002014636993408203
algerian_forest_fires_46279,,ordinalencoder,linear_svc,robust,MLPClassifier(random_state=0),4,0.9791666666666666,,,No using Ordinal Hot,0.09109854698181152,0.00020575523376464844
algerian_forest_fires_46279,,ordinalencoder,kernel_pca,robust,MLPClassifier(random_state=0),0,0.9591836734693877,,,No using Ordinal Hot,0.12305998802185059,0.00019788742065429688
algerian_forest_fires_46279,,ordinalencoder,kernel_pca,robust,MLPClassifier(random_state=0),1,0.9795918367346939,,,No using Ordinal Hot,0.12157011032104492,0.00022459030151367188
algerian_forest_fires_46279,,ordinalencoder,kernel_pca,robust,MLPClassifier(random_state=0),2,0.9591836734693877,,,No using Ordinal Hot,0.12278032302856445,0.00018739700317382812
algerian_forest_fires_46279,,ordinalencoder,kernel_pca,robust,MLPClassifier(random_state=0),3,0.9791666666666666,,,No using Ordinal Hot,0.12314844131469727,0.00024962425231933594
algerian_forest_fires_46279,,ordinalencoder,kernel_pca,robust,MLPClassifier(random_state=0),4,0.9166666666666666,,,No using Ordinal Hot,0.1239020824432373,0.00019407272338867188
algerian_forest_fires_46279,,ordinalencoder,,normalizer,MLPClassifier(random_state=0),0,0.673469387755102,,,No using Ordinal Hot,0.09228634834289551,0.00020742416381835938
algerian_forest_fires_46279,,ordinalencoder,,normalizer,MLPClassifier(random_state=0),1,0.6530612244897959,,,No using Ordinal Hot,0.09270262718200684,0.00021767616271972656
algerian_forest_fires_46279,,ordinalencoder,,normalizer,MLPClassifier(random_state=0),2,0.7346938775510204,,,No using Ordinal Hot,0.09245920181274414,0.00019240379333496094
algerian_forest_fires_46279,,ordinalencoder,,normalizer,MLPClassifier(random_state=0),3,0.8333333333333334,,,No using Ordinal Hot,0.09270620346069336,0.00019121170043945312
algerian_forest_fires_46279,,ordinalencoder,,normalizer,MLPClassifier(random_state=0),4,0.6458333333333334,,,No using Ordinal Hot,0.0931093692779541,0.00021767616271972656
algerian_forest_fires_46279,,ordinalencoder,pca,normalizer,MLPClassifier(random_state=0),0,0.5510204081632653,,,No using Ordinal Hot,0.0917959213256836,0.00019216537475585938
algerian_forest_fires_46279,,ordinalencoder,pca,normalizer,MLPClassifier(random_state=0),1,0.5510204081632653,,,No using Ordinal Hot,0.09188342094421387,0.00018405914306640625
algerian_forest_fires_46279,,ordinalencoder,pca,normalizer,MLPClassifier(random_state=0),2,0.5714285714285714,,,No using Ordinal Hot,0.09192037582397461,0.0001964569091796875
algerian_forest_fires_46279,,ordinalencoder,pca,normalizer,MLPClassifier(random_state=0),3,0.625,,,No using Ordinal Hot,0.0921027660369873,0.0001976490020751953
algerian_forest_fires_46279,,ordinalencoder,pca,normalizer,MLPClassifier(random_state=0),4,0.5416666666666666,,,No using Ordinal Hot,0.09816193580627441,0.0002779960632324219
algerian_forest_fires_46279,,ordinalencoder,fastica,normalizer,MLPClassifier(random_state=0),0,0.9795918367346939,,,No using Ordinal Hot,0.10873627662658691,0.00021505355834960938
algerian_forest_fires_46279,,ordinalencoder,fastica,normalizer,MLPClassifier(random_state=0),1,0.9795918367346939,,,No using Ordinal Hot,0.10361480712890625,0.00021505355834960938
algerian_forest_fires_46279,,ordinalencoder,fastica,normalizer,MLPClassifier(random_state=0),2,0.9591836734693877,,,No using Ordinal Hot,0.10404443740844727,0.00020885467529296875
algerian_forest_fires_46279,,ordinalencoder,fastica,normalizer,MLPClassifier(random_state=0),3,0.9791666666666666,,,No using Ordinal Hot,0.10442543029785156,0.0002357959747314453
algerian_forest_fires_46279,,ordinalencoder,fastica,normalizer,MLPClassifier(random_state=0),4,0.9166666666666666,,,No using Ordinal Hot,0.10380244255065918,0.00018978118896484375
algerian_forest_fires_46279,,ordinalencoder,truncated_svd,normalizer,MLPClassifier(random_state=0),0,0.5510204081632653,,,No using Ordinal Hot,0.008417844772338867,0.00020503997802734375
algerian_forest_fires_46279,,ordinalencoder,truncated_svd,normalizer,MLPClassifier(random_state=0),1,0.5510204081632653,,,No using Ordinal Hot,0.008450508117675781,0.00017642974853515625
algerian_forest_fires_46279,,ordinalencoder,truncated_svd,normalizer,MLPClassifier(random_state=0),2,0.5714285714285714,,,No using Ordinal Hot,0.007907629013061523,0.00014472007751464844
algerian_forest_fires_46279,,ordinalencoder,truncated_svd,normalizer,MLPClassifier(random_state=0),3,0.6041666666666666,,,No using Ordinal Hot,0.00732731819152832,0.00017070770263671875
algerian_forest_fires_46279,,ordinalencoder,truncated_svd,normalizer,MLPClassifier(random_state=0),4,0.5416666666666666,,,No using Ordinal Hot,0.008389472961425781,0.0001919269561767578
algerian_forest_fires_46279,,ordinalencoder,select_percentile,normalizer,MLPClassifier(random_state=0),0,0.5510204081632653,,,No using Ordinal Hot,0.007233619689941406,0.0001423358917236328
algerian_forest_fires_46279,,ordinalencoder,select_percentile,normalizer,MLPClassifier(random_state=0),1,0.5510204081632653,,,No using Ordinal Hot,0.007239818572998047,0.0001609325408935547
algerian_forest_fires_46279,,ordinalencoder,select_percentile,normalizer,MLPClassifier(random_state=0),2,0.5714285714285714,,,No using Ordinal Hot,0.0067713260650634766,0.0001423358917236328
algerian_forest_fires_46279,,ordinalencoder,select_percentile,normalizer,MLPClassifier(random_state=0),3,0.6041666666666666,,,No using Ordinal Hot,0.006857156753540039,0.00016570091247558594
algerian_forest_fires_46279,,ordinalencoder,select_percentile,normalizer,MLPClassifier(random_state=0),4,0.5416666666666666,,,No using Ordinal Hot,0.007123708724975586,0.0001480579376220703
algerian_forest_fires_46279,,ordinalencoder,generic_univariate,normalizer,MLPClassifier(random_state=0),0,0.5510204081632653,,,No using Ordinal Hot,0.01749587059020996,0.0001556873321533203
algerian_forest_fires_46279,,ordinalencoder,generic_univariate,normalizer,MLPClassifier(random_state=0),1,0.5510204081632653,,,No using Ordinal Hot,0.017348527908325195,0.00016069412231445312
algerian_forest_fires_46279,,ordinalencoder,generic_univariate,normalizer,MLPClassifier(random_state=0),2,0.5714285714285714,,,No using Ordinal Hot,0.016806364059448242,0.00016188621520996094
algerian_forest_fires_46279,,ordinalencoder,generic_univariate,normalizer,MLPClassifier(random_state=0),3,0.6041666666666666,,,No using Ordinal Hot,0.015802621841430664,0.000171661376953125
algerian_forest_fires_46279,,ordinalencoder,generic_univariate,normalizer,MLPClassifier(random_state=0),4,0.5416666666666666,,,No using Ordinal Hot,0.017848491668701172,0.00016379356384277344
algerian_forest_fires_46279,,ordinalencoder,polynomial_features,normalizer,MLPClassifier(random_state=0),0,0.7551020408163265,,,No using Ordinal Hot,0.9836125373840332,0.0004031658172607422
algerian_forest_fires_46279,,ordinalencoder,polynomial_features,normalizer,MLPClassifier(random_state=0),1,0.7755102040816326,,,No using Ordinal Hot,0.9100136756896973,0.00032901763916015625
algerian_forest_fires_46279,,ordinalencoder,polynomial_features,normalizer,MLPClassifier(random_state=0),2,0.8571428571428571,,,No using Ordinal Hot,0.891273021697998,0.0003173351287841797
algerian_forest_fires_46279,,ordinalencoder,polynomial_features,normalizer,MLPClassifier(random_state=0),3,0.8958333333333334,,,No using Ordinal Hot,0.850250244140625,0.0003533363342285156
algerian_forest_fires_46279,,ordinalencoder,polynomial_features,normalizer,MLPClassifier(random_state=0),4,0.8125,,,No using Ordinal Hot,0.8686902523040771,0.00031256675720214844
algerian_forest_fires_46279,,ordinalencoder,nystroem,normalizer,MLPClassifier(random_state=0),0,0.5510204081632653,,,No using Ordinal Hot,0.08933258056640625,0.0002963542938232422
algerian_forest_fires_46279,,ordinalencoder,nystroem,normalizer,MLPClassifier(random_state=0),1,0.5510204081632653,,,No using Ordinal Hot,0.08499574661254883,0.00030159950256347656
algerian_forest_fires_46279,,ordinalencoder,nystroem,normalizer,MLPClassifier(random_state=0),2,0.5714285714285714,,,No using Ordinal Hot,0.08763337135314941,0.00034546852111816406
algerian_forest_fires_46279,,ordinalencoder,nystroem,normalizer,MLPClassifier(random_state=0),3,0.6041666666666666,,,No using Ordinal Hot,0.08421611785888672,0.0003192424774169922
algerian_forest_fires_46279,,ordinalencoder,nystroem,normalizer,MLPClassifier(random_state=0),4,0.5416666666666666,,,No using Ordinal Hot,0.08276748657226562,0.0002644062042236328
algerian_forest_fires_46279,,ordinalencoder,rbf_sampler,normalizer,MLPClassifier(random_state=0),0,0.8367346938775511,,,No using Ordinal Hot,0.19008874893188477,0.0003116130828857422
algerian_forest_fires_46279,,ordinalencoder,rbf_sampler,normalizer,MLPClassifier(random_state=0),1,0.8571428571428571,,,No using Ordinal Hot,0.19226312637329102,0.00032138824462890625
algerian_forest_fires_46279,,ordinalencoder,rbf_sampler,normalizer,MLPClassifier(random_state=0),2,0.8775510204081632,,,No using Ordinal Hot,0.19156360626220703,0.0003237724304199219
algerian_forest_fires_46279,,ordinalencoder,rbf_sampler,normalizer,MLPClassifier(random_state=0),3,0.9166666666666666,,,No using Ordinal Hot,0.17964410781860352,0.0003192424774169922
algerian_forest_fires_46279,,ordinalencoder,rbf_sampler,normalizer,MLPClassifier(random_state=0),4,0.8958333333333334,,,No using Ordinal Hot,0.17764806747436523,0.00030875205993652344
algerian_forest_fires_46279,,ordinalencoder,random_trees_embedding,normalizer,MLPClassifier(random_state=0),0,0.9183673469387755,,,No using Ordinal Hot,1.47385835647583,0.0005791187286376953
algerian_forest_fires_46279,,ordinalencoder,random_trees_embedding,normalizer,MLPClassifier(random_state=0),1,0.9591836734693877,,,No using Ordinal Hot,0.5535881519317627,0.0006241798400878906
algerian_forest_fires_46279,,ordinalencoder,random_trees_embedding,normalizer,MLPClassifier(random_state=0),2,0.9387755102040817,,,No using Ordinal Hot,0.5326869487762451,0.0006041526794433594
algerian_forest_fires_46279,,ordinalencoder,random_trees_embedding,normalizer,MLPClassifier(random_state=0),3,0.9583333333333334,,,No using Ordinal Hot,0.4761042594909668,0.0005748271942138672
algerian_forest_fires_46279,,ordinalencoder,random_trees_embedding,normalizer,MLPClassifier(random_state=0),4,0.9583333333333334,,,No using Ordinal Hot,0.4866647720336914,0.0006153583526611328
algerian_forest_fires_46279,,ordinalencoder,feature_agglomeration,normalizer,MLPClassifier(random_state=0),0,0.5510204081632653,,,No using Ordinal Hot,0.010552406311035156,0.0001900196075439453
algerian_forest_fires_46279,,ordinalencoder,feature_agglomeration,normalizer,MLPClassifier(random_state=0),1,0.5510204081632653,,,No using Ordinal Hot,0.009888172149658203,0.0001780986785888672
algerian_forest_fires_46279,,ordinalencoder,feature_agglomeration,normalizer,MLPClassifier(random_state=0),2,0.5714285714285714,,,No using Ordinal Hot,0.008380413055419922,0.000179290771484375
algerian_forest_fires_46279,,ordinalencoder,feature_agglomeration,normalizer,MLPClassifier(random_state=0),3,0.6041666666666666,,,No using Ordinal Hot,0.00751185417175293,0.00015616416931152344
algerian_forest_fires_46279,,ordinalencoder,feature_agglomeration,normalizer,MLPClassifier(random_state=0),4,0.5416666666666666,,,No using Ordinal Hot,0.008819818496704102,0.00014853477478027344
algerian_forest_fires_46279,,ordinalencoder,extra_tree,normalizer,MLPClassifier(random_state=0),0,0.5510204081632653,,,No using Ordinal Hot,0.009035825729370117,0.0001544952392578125
algerian_forest_fires_46279,,ordinalencoder,extra_tree,normalizer,MLPClassifier(random_state=0),1,0.5510204081632653,,,No using Ordinal Hot,0.008996725082397461,0.00016045570373535156
algerian_forest_fires_46279,,ordinalencoder,extra_tree,normalizer,MLPClassifier(random_state=0),2,0.5714285714285714,,,No using Ordinal Hot,0.01073145866394043,0.00016355514526367188
algerian_forest_fires_46279,,ordinalencoder,extra_tree,normalizer,MLPClassifier(random_state=0),3,0.6041666666666666,,,No using Ordinal Hot,0.007363080978393555,0.00015807151794433594
algerian_forest_fires_46279,,ordinalencoder,extra_tree,normalizer,MLPClassifier(random_state=0),4,0.5416666666666666,,,No using Ordinal Hot,0.011636018753051758,0.0001571178436279297
algerian_forest_fires_46279,,ordinalencoder,linear_svc,normalizer,MLPClassifier(random_state=0),0,0.5510204081632653,,,No using Ordinal Hot,0.08876442909240723,0.00018739700317382812
algerian_forest_fires_46279,,ordinalencoder,linear_svc,normalizer,MLPClassifier(random_state=0),1,0.5510204081632653,,,No using Ordinal Hot,0.0854501724243164,0.00022339820861816406
algerian_forest_fires_46279,,ordinalencoder,linear_svc,normalizer,MLPClassifier(random_state=0),2,0.5714285714285714,,,No using Ordinal Hot,0.08734893798828125,0.00018930435180664062
algerian_forest_fires_46279,,ordinalencoder,linear_svc,normalizer,MLPClassifier(random_state=0),3,0.6666666666666666,,,No using Ordinal Hot,0.08880996704101562,0.0002086162567138672
algerian_forest_fires_46279,,ordinalencoder,linear_svc,normalizer,MLPClassifier(random_state=0),4,0.5416666666666666,,,No using Ordinal Hot,0.08928203582763672,0.00018835067749023438
algerian_forest_fires_46279,,ordinalencoder,kernel_pca,normalizer,MLPClassifier(random_state=0),0,0.5510204081632653,,,No using Ordinal Hot,0.11495137214660645,0.00019884109497070312
algerian_forest_fires_46279,,ordinalencoder,kernel_pca,normalizer,MLPClassifier(random_state=0),1,0.5510204081632653,,,No using Ordinal Hot,0.11553096771240234,0.00024008750915527344
algerian_forest_fires_46279,,ordinalencoder,kernel_pca,normalizer,MLPClassifier(random_state=0),2,0.5714285714285714,,,No using Ordinal Hot,0.11444830894470215,0.00019025802612304688
algerian_forest_fires_46279,,ordinalencoder,kernel_pca,normalizer,MLPClassifier(random_state=0),3,0.6041666666666666,,,No using Ordinal Hot,0.11545300483703613,0.00019788742065429688
algerian_forest_fires_46279,,ordinalencoder,kernel_pca,normalizer,MLPClassifier(random_state=0),4,0.5416666666666666,,,No using Ordinal Hot,0.1169576644897461,0.00019931793212890625
algerian_forest_fires_46279,,ordinalencoder,,power,MLPClassifier(random_state=0),0,0.9387755102040817,,,No using Ordinal Hot,0.10549545288085938,0.00021767616271972656
algerian_forest_fires_46279,,ordinalencoder,,power,MLPClassifier(random_state=0),1,0.9591836734693877,,,No using Ordinal Hot,0.10300707817077637,0.00018930435180664062
algerian_forest_fires_46279,,ordinalencoder,,power,MLPClassifier(random_state=0),2,0.8979591836734694,,,No using Ordinal Hot,0.10206413269042969,0.0002110004425048828
algerian_forest_fires_46279,,ordinalencoder,,power,MLPClassifier(random_state=0),3,0.9791666666666666,,,No using Ordinal Hot,0.10745787620544434,0.0002002716064453125
algerian_forest_fires_46279,,ordinalencoder,,power,MLPClassifier(random_state=0),4,0.9375,,,No using Ordinal Hot,0.10363340377807617,0.000213623046875
algerian_forest_fires_46279,,ordinalencoder,pca,power,MLPClassifier(random_state=0),0,1.0,,,No using Ordinal Hot,0.10237503051757812,0.0001914501190185547
algerian_forest_fires_46279,,ordinalencoder,pca,power,MLPClassifier(random_state=0),1,0.9795918367346939,,,No using Ordinal Hot,0.10514354705810547,0.00019311904907226562
algerian_forest_fires_46279,,ordinalencoder,pca,power,MLPClassifier(random_state=0),2,0.9795918367346939,,,No using Ordinal Hot,0.10768556594848633,0.00021219253540039062
algerian_forest_fires_46279,,ordinalencoder,pca,power,MLPClassifier(random_state=0),3,0.9583333333333334,,,No using Ordinal Hot,0.10146665573120117,0.00020837783813476562
algerian_forest_fires_46279,,ordinalencoder,pca,power,MLPClassifier(random_state=0),4,0.9583333333333334,,,No using Ordinal Hot,0.10268902778625488,0.00022792816162109375
algerian_forest_fires_46279,,ordinalencoder,fastica,power,MLPClassifier(random_state=0),0,0.9795918367346939,,,No using Ordinal Hot,0.09977960586547852,0.0002193450927734375
algerian_forest_fires_46279,,ordinalencoder,fastica,power,MLPClassifier(random_state=0),1,0.9795918367346939,,,No using Ordinal Hot,0.10359311103820801,0.00022530555725097656
algerian_forest_fires_46279,,ordinalencoder,fastica,power,MLPClassifier(random_state=0),2,0.9591836734693877,,,No using Ordinal Hot,0.0985879898071289,0.0002155303955078125
algerian_forest_fires_46279,,ordinalencoder,fastica,power,MLPClassifier(random_state=0),3,0.9791666666666666,,,No using Ordinal Hot,0.10168147087097168,0.0002067089080810547
algerian_forest_fires_46279,,ordinalencoder,fastica,power,MLPClassifier(random_state=0),4,0.9583333333333334,,,No using Ordinal Hot,0.10505843162536621,0.00019240379333496094
algerian_forest_fires_46279,,ordinalencoder,truncated_svd,power,MLPClassifier(random_state=0),0,0.8979591836734694,,,No using Ordinal Hot,0.08992457389831543,0.00020956993103027344
algerian_forest_fires_46279,,ordinalencoder,truncated_svd,power,MLPClassifier(random_state=0),1,0.9183673469387755,,,No using Ordinal Hot,0.09106278419494629,0.000194549560546875
algerian_forest_fires_46279,,ordinalencoder,truncated_svd,power,MLPClassifier(random_state=0),2,0.9183673469387755,,,No using Ordinal Hot,0.09076166152954102,0.000186920166015625
algerian_forest_fires_46279,,ordinalencoder,truncated_svd,power,MLPClassifier(random_state=0),3,0.9375,,,No using Ordinal Hot,0.0965430736541748,0.0001862049102783203
algerian_forest_fires_46279,,ordinalencoder,truncated_svd,power,MLPClassifier(random_state=0),4,0.9375,,,No using Ordinal Hot,0.09188723564147949,0.00019931793212890625
algerian_forest_fires_46279,,ordinalencoder,select_percentile,power,MLPClassifier(random_state=0),0,0.9183673469387755,,,No using Ordinal Hot,0.08831477165222168,0.00018858909606933594
algerian_forest_fires_46279,,ordinalencoder,select_percentile,power,MLPClassifier(random_state=0),1,0.9591836734693877,,,No using Ordinal Hot,0.09022212028503418,0.00019097328186035156
algerian_forest_fires_46279,,ordinalencoder,select_percentile,power,MLPClassifier(random_state=0),2,0.9795918367346939,,,No using Ordinal Hot,0.08798885345458984,0.0001900196075439453
algerian_forest_fires_46279,,ordinalencoder,select_percentile,power,MLPClassifier(random_state=0),3,0.9791666666666666,,,No using Ordinal Hot,0.08737707138061523,0.0002048015594482422
algerian_forest_fires_46279,,ordinalencoder,select_percentile,power,MLPClassifier(random_state=0),4,0.9791666666666666,,,No using Ordinal Hot,0.08859682083129883,0.0001862049102783203
algerian_forest_fires_46279,,ordinalencoder,generic_univariate,power,MLPClassifier(random_state=0),0,0.8979591836734694,,,No using Ordinal Hot,0.0841073989868164,0.0001819133758544922
algerian_forest_fires_46279,,ordinalencoder,generic_univariate,power,MLPClassifier(random_state=0),1,0.9387755102040817,,,No using Ordinal Hot,0.08470392227172852,0.00018787384033203125
algerian_forest_fires_46279,,ordinalencoder,generic_univariate,power,MLPClassifier(random_state=0),2,0.9387755102040817,,,No using Ordinal Hot,0.08515048027038574,0.0002474784851074219
algerian_forest_fires_46279,,ordinalencoder,generic_univariate,power,MLPClassifier(random_state=0),3,0.9375,,,No using Ordinal Hot,0.08488273620605469,0.00018477439880371094
algerian_forest_fires_46279,,ordinalencoder,generic_univariate,power,MLPClassifier(random_state=0),4,0.9791666666666666,,,No using Ordinal Hot,0.0861673355102539,0.00021195411682128906
algerian_forest_fires_46279,,ordinalencoder,polynomial_features,power,MLPClassifier(random_state=0),0,0.9591836734693877,,,No using Ordinal Hot,1.358846664428711,0.000331878662109375
algerian_forest_fires_46279,,ordinalencoder,polynomial_features,power,MLPClassifier(random_state=0),1,0.9387755102040817,,,No using Ordinal Hot,1.7307217121124268,0.0005741119384765625
algerian_forest_fires_46279,,ordinalencoder,polynomial_features,power,MLPClassifier(random_state=0),2,0.9387755102040817,,,No using Ordinal Hot,1.5786290168762207,0.0007607936859130859
algerian_forest_fires_46279,,ordinalencoder,polynomial_features,power,MLPClassifier(random_state=0),3,0.9375,,,No using Ordinal Hot,1.7537555694580078,0.00040411949157714844
algerian_forest_fires_46279,,ordinalencoder,polynomial_features,power,MLPClassifier(random_state=0),4,0.9166666666666666,,,No using Ordinal Hot,1.5798659324645996,0.00039887428283691406
algerian_forest_fires_46279,,ordinalencoder,nystroem,power,MLPClassifier(random_state=0),0,0.9591836734693877,,,No using Ordinal Hot,0.26304149627685547,0.0003647804260253906
algerian_forest_fires_46279,,ordinalencoder,nystroem,power,MLPClassifier(random_state=0),1,0.9591836734693877,,,No using Ordinal Hot,0.21943140029907227,0.00034427642822265625
algerian_forest_fires_46279,,ordinalencoder,nystroem,power,MLPClassifier(random_state=0),2,0.9591836734693877,,,No using Ordinal Hot,0.26819896697998047,0.0006365776062011719
algerian_forest_fires_46279,,ordinalencoder,nystroem,power,MLPClassifier(random_state=0),3,0.9791666666666666,,,No using Ordinal Hot,0.19701600074768066,0.00026869773864746094
algerian_forest_fires_46279,,ordinalencoder,nystroem,power,MLPClassifier(random_state=0),4,0.9375,,,No using Ordinal Hot,0.25043296813964844,0.00031876564025878906
algerian_forest_fires_46279,,ordinalencoder,rbf_sampler,power,MLPClassifier(random_state=0),0,0.5102040816326531,,,No using Ordinal Hot,0.19130992889404297,0.0003254413604736328
algerian_forest_fires_46279,,ordinalencoder,rbf_sampler,power,MLPClassifier(random_state=0),1,0.7551020408163265,,,No using Ordinal Hot,0.20082831382751465,0.0003120899200439453
algerian_forest_fires_46279,,ordinalencoder,rbf_sampler,power,MLPClassifier(random_state=0),2,0.6938775510204082,,,No using Ordinal Hot,0.1980276107788086,0.0002894401550292969
algerian_forest_fires_46279,,ordinalencoder,rbf_sampler,power,MLPClassifier(random_state=0),3,0.6875,,,No using Ordinal Hot,0.19788694381713867,0.00032329559326171875
algerian_forest_fires_46279,,ordinalencoder,rbf_sampler,power,MLPClassifier(random_state=0),4,0.6875,,,No using Ordinal Hot,0.19869685173034668,0.00029540061950683594
algerian_forest_fires_46279,,ordinalencoder,random_trees_embedding,power,MLPClassifier(random_state=0),0,0.9591836734693877,,,No using Ordinal Hot,0.4926903247833252,0.0005996227264404297
algerian_forest_fires_46279,,ordinalencoder,random_trees_embedding,power,MLPClassifier(random_state=0),1,0.9795918367346939,,,No using Ordinal Hot,0.4487650394439697,0.0006933212280273438
algerian_forest_fires_46279,,ordinalencoder,random_trees_embedding,power,MLPClassifier(random_state=0),2,0.9795918367346939,,,No using Ordinal Hot,0.44934892654418945,0.0006265640258789062
algerian_forest_fires_46279,,ordinalencoder,random_trees_embedding,power,MLPClassifier(random_state=0),3,0.9791666666666666,,,No using Ordinal Hot,0.4762589931488037,0.0005865097045898438
algerian_forest_fires_46279,,ordinalencoder,random_trees_embedding,power,MLPClassifier(random_state=0),4,0.9791666666666666,,,No using Ordinal Hot,0.4891083240509033,0.0006158351898193359
algerian_forest_fires_46279,,ordinalencoder,feature_agglomeration,power,MLPClassifier(random_state=0),0,0.8571428571428571,,,No using Ordinal Hot,0.1012732982635498,0.00018644332885742188
algerian_forest_fires_46279,,ordinalencoder,feature_agglomeration,power,MLPClassifier(random_state=0),1,0.9183673469387755,,,No using Ordinal Hot,0.0891728401184082,0.00019860267639160156
algerian_forest_fires_46279,,ordinalencoder,feature_agglomeration,power,MLPClassifier(random_state=0),2,0.8979591836734694,,,No using Ordinal Hot,0.08922100067138672,0.0001876354217529297
algerian_forest_fires_46279,,ordinalencoder,feature_agglomeration,power,MLPClassifier(random_state=0),3,0.9583333333333334,,,No using Ordinal Hot,0.09067153930664062,0.00020122528076171875
algerian_forest_fires_46279,,ordinalencoder,feature_agglomeration,power,MLPClassifier(random_state=0),4,0.9166666666666666,,,No using Ordinal Hot,0.09047269821166992,0.0001926422119140625
algerian_forest_fires_46279,,ordinalencoder,extra_tree,power,MLPClassifier(random_state=0),0,0.9183673469387755,,,No using Ordinal Hot,0.09152746200561523,0.000194549560546875
algerian_forest_fires_46279,,ordinalencoder,extra_tree,power,MLPClassifier(random_state=0),1,0.9591836734693877,,,No using Ordinal Hot,0.09110403060913086,0.00019025802612304688
algerian_forest_fires_46279,,ordinalencoder,extra_tree,power,MLPClassifier(random_state=0),2,0.9387755102040817,,,No using Ordinal Hot,0.09279274940490723,0.0001888275146484375
algerian_forest_fires_46279,,ordinalencoder,extra_tree,power,MLPClassifier(random_state=0),3,0.9791666666666666,,,No using Ordinal Hot,0.09181833267211914,0.0002155303955078125
algerian_forest_fires_46279,,ordinalencoder,extra_tree,power,MLPClassifier(random_state=0),4,0.9791666666666666,,,No using Ordinal Hot,0.09020209312438965,0.00021409988403320312
algerian_forest_fires_46279,,ordinalencoder,linear_svc,power,MLPClassifier(random_state=0),0,0.9387755102040817,,,No using Ordinal Hot,0.09092473983764648,0.00018310546875
algerian_forest_fires_46279,,ordinalencoder,linear_svc,power,MLPClassifier(random_state=0),1,0.9795918367346939,,,No using Ordinal Hot,0.09314608573913574,0.00019359588623046875
algerian_forest_fires_46279,,ordinalencoder,linear_svc,power,MLPClassifier(random_state=0),2,1.0,,,No using Ordinal Hot,0.09125685691833496,0.00021886825561523438
algerian_forest_fires_46279,,ordinalencoder,linear_svc,power,MLPClassifier(random_state=0),3,0.9375,,,No using Ordinal Hot,0.09394717216491699,0.00019216537475585938
algerian_forest_fires_46279,,ordinalencoder,linear_svc,power,MLPClassifier(random_state=0),4,0.9791666666666666,,,No using Ordinal Hot,0.09536027908325195,0.000202178955078125
algerian_forest_fires_46279,,ordinalencoder,kernel_pca,power,MLPClassifier(random_state=0),0,1.0,,,No using Ordinal Hot,0.1254441738128662,0.00021219253540039062
algerian_forest_fires_46279,,ordinalencoder,kernel_pca,power,MLPClassifier(random_state=0),1,0.9795918367346939,,,No using Ordinal Hot,0.12302732467651367,0.00019407272338867188
algerian_forest_fires_46279,,ordinalencoder,kernel_pca,power,MLPClassifier(random_state=0),2,0.9795918367346939,,,No using Ordinal Hot,0.12269210815429688,0.00019931793212890625
algerian_forest_fires_46279,,ordinalencoder,kernel_pca,power,MLPClassifier(random_state=0),3,0.9791666666666666,,,No using Ordinal Hot,0.12424969673156738,0.00021791458129882812
algerian_forest_fires_46279,,ordinalencoder,kernel_pca,power,MLPClassifier(random_state=0),4,0.9583333333333334,,,No using Ordinal Hot,0.12496638298034668,0.00023245811462402344
algerian_forest_fires_46279,,ordinalencoder,,quantile,MLPClassifier(random_state=0),0,0.8979591836734694,,,No using Ordinal Hot,0.0978705883026123,0.0001881122589111328
algerian_forest_fires_46279,,ordinalencoder,,quantile,MLPClassifier(random_state=0),1,0.9387755102040817,,,No using Ordinal Hot,0.0983283519744873,0.00021147727966308594
algerian_forest_fires_46279,,ordinalencoder,,quantile,MLPClassifier(random_state=0),2,0.8775510204081632,,,No using Ordinal Hot,0.0973806381225586,0.00020551681518554688
algerian_forest_fires_46279,,ordinalencoder,,quantile,MLPClassifier(random_state=0),3,0.9166666666666666,,,No using Ordinal Hot,0.10331201553344727,0.00020766258239746094
algerian_forest_fires_46279,,ordinalencoder,,quantile,MLPClassifier(random_state=0),4,0.9583333333333334,,,No using Ordinal Hot,0.10405397415161133,0.00019216537475585938
algerian_forest_fires_46279,,ordinalencoder,pca,quantile,MLPClassifier(random_state=0),0,0.9795918367346939,,,No using Ordinal Hot,0.10107111930847168,0.000213623046875
algerian_forest_fires_46279,,ordinalencoder,pca,quantile,MLPClassifier(random_state=0),1,0.9795918367346939,,,No using Ordinal Hot,0.10077738761901855,0.00018644332885742188
algerian_forest_fires_46279,,ordinalencoder,pca,quantile,MLPClassifier(random_state=0),2,0.9591836734693877,,,No using Ordinal Hot,0.10117745399475098,0.0002396106719970703
algerian_forest_fires_46279,,ordinalencoder,pca,quantile,MLPClassifier(random_state=0),3,0.9583333333333334,,,No using Ordinal Hot,0.10148215293884277,0.0002193450927734375
algerian_forest_fires_46279,,ordinalencoder,pca,quantile,MLPClassifier(random_state=0),4,0.9791666666666666,,,No using Ordinal Hot,0.10139322280883789,0.00019669532775878906
algerian_forest_fires_46279,,ordinalencoder,fastica,quantile,MLPClassifier(random_state=0),0,0.8979591836734694,,,No using Ordinal Hot,0.0976862907409668,0.0001819133758544922
algerian_forest_fires_46279,,ordinalencoder,fastica,quantile,MLPClassifier(random_state=0),1,0.9795918367346939,,,No using Ordinal Hot,0.1013948917388916,0.00019359588623046875
algerian_forest_fires_46279,,ordinalencoder,fastica,quantile,MLPClassifier(random_state=0),2,0.9795918367346939,,,No using Ordinal Hot,0.10691666603088379,0.0002155303955078125
algerian_forest_fires_46279,,ordinalencoder,fastica,quantile,MLPClassifier(random_state=0),3,0.9375,,,No using Ordinal Hot,0.1043400764465332,0.0001938343048095703
algerian_forest_fires_46279,,ordinalencoder,fastica,quantile,MLPClassifier(random_state=0),4,0.9583333333333334,,,No using Ordinal Hot,0.1038062572479248,0.00018978118896484375
algerian_forest_fires_46279,,ordinalencoder,truncated_svd,quantile,MLPClassifier(random_state=0),0,0.8979591836734694,,,No using Ordinal Hot,0.08722853660583496,0.00019431114196777344
algerian_forest_fires_46279,,ordinalencoder,truncated_svd,quantile,MLPClassifier(random_state=0),1,0.9591836734693877,,,No using Ordinal Hot,0.08711862564086914,0.0001857280731201172
algerian_forest_fires_46279,,ordinalencoder,truncated_svd,quantile,MLPClassifier(random_state=0),2,0.8979591836734694,,,No using Ordinal Hot,0.08734560012817383,0.00018668174743652344
algerian_forest_fires_46279,,ordinalencoder,truncated_svd,quantile,MLPClassifier(random_state=0),3,0.8958333333333334,,,No using Ordinal Hot,0.0895380973815918,0.00022721290588378906
algerian_forest_fires_46279,,ordinalencoder,truncated_svd,quantile,MLPClassifier(random_state=0),4,0.9791666666666666,,,No using Ordinal Hot,0.08772492408752441,0.00022792816162109375
algerian_forest_fires_46279,,ordinalencoder,select_percentile,quantile,MLPClassifier(random_state=0),0,0.9387755102040817,,,No using Ordinal Hot,0.08549928665161133,0.00021386146545410156
algerian_forest_fires_46279,,ordinalencoder,select_percentile,quantile,MLPClassifier(random_state=0),1,0.9795918367346939,,,No using Ordinal Hot,0.08537507057189941,0.00018548965454101562
algerian_forest_fires_46279,,ordinalencoder,select_percentile,quantile,MLPClassifier(random_state=0),2,0.9795918367346939,,,No using Ordinal Hot,0.08556270599365234,0.00018644332885742188
algerian_forest_fires_46279,,ordinalencoder,select_percentile,quantile,MLPClassifier(random_state=0),3,0.9375,,,No using Ordinal Hot,0.08745884895324707,0.0002117156982421875
algerian_forest_fires_46279,,ordinalencoder,select_percentile,quantile,MLPClassifier(random_state=0),4,1.0,,,No using Ordinal Hot,0.0872335433959961,0.00018334388732910156
algerian_forest_fires_46279,,ordinalencoder,generic_univariate,quantile,MLPClassifier(random_state=0),0,0.9387755102040817,,,No using Ordinal Hot,0.08239269256591797,0.0002281665802001953
algerian_forest_fires_46279,,ordinalencoder,generic_univariate,quantile,MLPClassifier(random_state=0),1,0.9795918367346939,,,No using Ordinal Hot,0.08334064483642578,0.00019049644470214844
algerian_forest_fires_46279,,ordinalencoder,generic_univariate,quantile,MLPClassifier(random_state=0),2,0.9795918367346939,,,No using Ordinal Hot,0.08330678939819336,0.00021457672119140625
algerian_forest_fires_46279,,ordinalencoder,generic_univariate,quantile,MLPClassifier(random_state=0),3,0.9375,,,No using Ordinal Hot,0.93367600440979,0.00018596649169921875
algerian_forest_fires_46279,,ordinalencoder,generic_univariate,quantile,MLPClassifier(random_state=0),4,1.0,,,No using Ordinal Hot,0.08272314071655273,0.00020432472229003906
algerian_forest_fires_46279,,ordinalencoder,polynomial_features,quantile,MLPClassifier(random_state=0),0,0.9795918367346939,,,No using Ordinal Hot,1.5224413871765137,0.00035119056701660156
algerian_forest_fires_46279,,ordinalencoder,polynomial_features,quantile,MLPClassifier(random_state=0),1,0.9591836734693877,,,No using Ordinal Hot,1.4272782802581787,0.0003185272216796875
algerian_forest_fires_46279,,ordinalencoder,polynomial_features,quantile,MLPClassifier(random_state=0),2,0.9183673469387755,,,No using Ordinal Hot,1.2930896282196045,0.0008702278137207031
algerian_forest_fires_46279,,ordinalencoder,polynomial_features,quantile,MLPClassifier(random_state=0),3,0.9791666666666666,,,No using Ordinal Hot,1.549128770828247,0.00036597251892089844
algerian_forest_fires_46279,,ordinalencoder,polynomial_features,quantile,MLPClassifier(random_state=0),4,0.9791666666666666,,,No using Ordinal Hot,1.5523061752319336,0.0003447532653808594
algerian_forest_fires_46279,,ordinalencoder,nystroem,quantile,MLPClassifier(random_state=0),0,0.9183673469387755,,,No using Ordinal Hot,0.21402788162231445,0.0003657341003417969
algerian_forest_fires_46279,,ordinalencoder,nystroem,quantile,MLPClassifier(random_state=0),1,0.9591836734693877,,,No using Ordinal Hot,0.25806736946105957,0.0002880096435546875
algerian_forest_fires_46279,,ordinalencoder,nystroem,quantile,MLPClassifier(random_state=0),2,0.8979591836734694,,,No using Ordinal Hot,0.2530362606048584,0.00037360191345214844
algerian_forest_fires_46279,,ordinalencoder,nystroem,quantile,MLPClassifier(random_state=0),3,0.9375,,,No using Ordinal Hot,0.2394726276397705,0.0003108978271484375
algerian_forest_fires_46279,,ordinalencoder,nystroem,quantile,MLPClassifier(random_state=0),4,0.9583333333333334,,,No using Ordinal Hot,0.24710607528686523,0.0003170967102050781
algerian_forest_fires_46279,,ordinalencoder,rbf_sampler,quantile,MLPClassifier(random_state=0),0,0.9795918367346939,,,No using Ordinal Hot,0.19771051406860352,0.0003902912139892578
algerian_forest_fires_46279,,ordinalencoder,rbf_sampler,quantile,MLPClassifier(random_state=0),1,0.9591836734693877,,,No using Ordinal Hot,0.19251704216003418,0.00030875205993652344
algerian_forest_fires_46279,,ordinalencoder,rbf_sampler,quantile,MLPClassifier(random_state=0),2,0.9591836734693877,,,No using Ordinal Hot,0.19457674026489258,0.00032782554626464844
algerian_forest_fires_46279,,ordinalencoder,rbf_sampler,quantile,MLPClassifier(random_state=0),3,0.9375,,,No using Ordinal Hot,0.19588088989257812,0.000335693359375
algerian_forest_fires_46279,,ordinalencoder,rbf_sampler,quantile,MLPClassifier(random_state=0),4,0.9583333333333334,,,No using Ordinal Hot,0.2052292823791504,0.0005016326904296875
algerian_forest_fires_46279,,ordinalencoder,random_trees_embedding,quantile,MLPClassifier(random_state=0),0,0.9387755102040817,,,No using Ordinal Hot,0.9138350486755371,0.0006544589996337891
algerian_forest_fires_46279,,ordinalencoder,random_trees_embedding,quantile,MLPClassifier(random_state=0),1,0.9795918367346939,,,No using Ordinal Hot,0.7110867500305176,0.0006794929504394531
algerian_forest_fires_46279,,ordinalencoder,random_trees_embedding,quantile,MLPClassifier(random_state=0),2,0.9183673469387755,,,No using Ordinal Hot,0.7105634212493896,0.0006771087646484375
algerian_forest_fires_46279,,ordinalencoder,random_trees_embedding,quantile,MLPClassifier(random_state=0),3,0.9583333333333334,,,No using Ordinal Hot,0.6329905986785889,0.0006060600280761719
algerian_forest_fires_46279,,ordinalencoder,random_trees_embedding,quantile,MLPClassifier(random_state=0),4,0.9791666666666666,,,No using Ordinal Hot,0.6724402904510498,0.0005972385406494141
algerian_forest_fires_46279,,ordinalencoder,feature_agglomeration,quantile,MLPClassifier(random_state=0),0,0.8367346938775511,,,No using Ordinal Hot,0.1070852279663086,0.00019884109497070312
algerian_forest_fires_46279,,ordinalencoder,feature_agglomeration,quantile,MLPClassifier(random_state=0),1,0.8775510204081632,,,No using Ordinal Hot,0.0855097770690918,0.00020933151245117188
algerian_forest_fires_46279,,ordinalencoder,feature_agglomeration,quantile,MLPClassifier(random_state=0),2,0.8775510204081632,,,No using Ordinal Hot,0.08491015434265137,0.00019049644470214844
algerian_forest_fires_46279,,ordinalencoder,feature_agglomeration,quantile,MLPClassifier(random_state=0),3,0.9166666666666666,,,No using Ordinal Hot,0.0855569839477539,0.00021076202392578125
algerian_forest_fires_46279,,ordinalencoder,feature_agglomeration,quantile,MLPClassifier(random_state=0),4,0.9375,,,No using Ordinal Hot,0.08621096611022949,0.0002129077911376953
algerian_forest_fires_46279,,ordinalencoder,extra_tree,quantile,MLPClassifier(random_state=0),0,0.8979591836734694,,,No using Ordinal Hot,0.09020590782165527,0.00019025802612304688
algerian_forest_fires_46279,,ordinalencoder,extra_tree,quantile,MLPClassifier(random_state=0),1,0.9591836734693877,,,No using Ordinal Hot,0.08716726303100586,0.00019025802612304688
algerian_forest_fires_46279,,ordinalencoder,extra_tree,quantile,MLPClassifier(random_state=0),2,0.8775510204081632,,,No using Ordinal Hot,0.0897524356842041,0.00018978118896484375
algerian_forest_fires_46279,,ordinalencoder,extra_tree,quantile,MLPClassifier(random_state=0),3,0.9375,,,No using Ordinal Hot,0.08808016777038574,0.00021648406982421875
algerian_forest_fires_46279,,ordinalencoder,extra_tree,quantile,MLPClassifier(random_state=0),4,0.9375,,,No using Ordinal Hot,0.08960533142089844,0.0002231597900390625
algerian_forest_fires_46279,,ordinalencoder,linear_svc,quantile,MLPClassifier(random_state=0),0,0.9387755102040817,,,No using Ordinal Hot,0.08655571937561035,0.00022125244140625
algerian_forest_fires_46279,,ordinalencoder,linear_svc,quantile,MLPClassifier(random_state=0),1,0.9591836734693877,,,No using Ordinal Hot,0.0917656421661377,0.0001952648162841797
algerian_forest_fires_46279,,ordinalencoder,linear_svc,quantile,MLPClassifier(random_state=0),2,0.9795918367346939,,,No using Ordinal Hot,0.08844470977783203,0.00018835067749023438
algerian_forest_fires_46279,,ordinalencoder,linear_svc,quantile,MLPClassifier(random_state=0),3,0.9375,,,No using Ordinal Hot,0.09453439712524414,0.00021648406982421875
algerian_forest_fires_46279,,ordinalencoder,linear_svc,quantile,MLPClassifier(random_state=0),4,0.9583333333333334,,,No using Ordinal Hot,0.09153866767883301,0.0002429485321044922
algerian_forest_fires_46279,,ordinalencoder,kernel_pca,quantile,MLPClassifier(random_state=0),0,0.9795918367346939,,,No using Ordinal Hot,0.12334799766540527,0.00021266937255859375
algerian_forest_fires_46279,,ordinalencoder,kernel_pca,quantile,MLPClassifier(random_state=0),1,0.9795918367346939,,,No using Ordinal Hot,0.1225578784942627,0.0001957416534423828
algerian_forest_fires_46279,,ordinalencoder,kernel_pca,quantile,MLPClassifier(random_state=0),2,0.9387755102040817,,,No using Ordinal Hot,0.12247991561889648,0.00020766258239746094
algerian_forest_fires_46279,,ordinalencoder,kernel_pca,quantile,MLPClassifier(random_state=0),3,0.9583333333333334,,,No using Ordinal Hot,0.12194657325744629,0.00019478797912597656
algerian_forest_fires_46279,,ordinalencoder,kernel_pca,quantile,MLPClassifier(random_state=0),4,0.9583333333333334,,,No using Ordinal Hot,0.12240481376647949,0.0001914501190185547
algerian_forest_fires_46279,simpleimputer,,,,MLPClassifier(random_state=0),0,0.7755102040816326,,No using Simple Imputer,,0.02381753921508789,0.001085042953491211
algerian_forest_fires_46279,simpleimputer,,,,MLPClassifier(random_state=0),1,0.7346938775510204,,No using Simple Imputer,,0.023760080337524414,0.0011363029479980469
algerian_forest_fires_46279,simpleimputer,,,,MLPClassifier(random_state=0),2,0.8163265306122449,,No using Simple Imputer,,0.02406597137451172,0.001119375228881836
algerian_forest_fires_46279,simpleimputer,,,,MLPClassifier(random_state=0),3,0.4166666666666667,,No using Simple Imputer,,0.017029523849487305,0.0010154247283935547
algerian_forest_fires_46279,simpleimputer,,,,MLPClassifier(random_state=0),4,0.7291666666666666,,No using Simple Imputer,,0.023917436599731445,0.0011529922485351562
algerian_forest_fires_46279,simpleimputer,,pca,,MLPClassifier(random_state=0),0,0.9795918367346939,,No using Simple Imputer,,0.1010582447052002,0.000186920166015625
algerian_forest_fires_46279,simpleimputer,,pca,,MLPClassifier(random_state=0),1,0.9591836734693877,,No using Simple Imputer,,0.10167646408081055,0.00020575523376464844
algerian_forest_fires_46279,simpleimputer,,pca,,MLPClassifier(random_state=0),2,0.9795918367346939,,No using Simple Imputer,,0.10088014602661133,0.00019097328186035156
algerian_forest_fires_46279,simpleimputer,,pca,,MLPClassifier(random_state=0),3,0.9791666666666666,,No using Simple Imputer,,0.10544753074645996,0.0002117156982421875
algerian_forest_fires_46279,simpleimputer,,pca,,MLPClassifier(random_state=0),4,0.9375,,No using Simple Imputer,,0.10251855850219727,0.00020742416381835938
algerian_forest_fires_46279,simpleimputer,,fastica,,MLPClassifier(random_state=0),0,0.7346938775510204,,No using Simple Imputer,,0.09562492370605469,0.0002720355987548828
algerian_forest_fires_46279,simpleimputer,,fastica,,MLPClassifier(random_state=0),1,0.9387755102040817,,No using Simple Imputer,,0.09836912155151367,0.0002090930938720703
algerian_forest_fires_46279,simpleimputer,,fastica,,MLPClassifier(random_state=0),2,0.9183673469387755,,No using Simple Imputer,,0.10286974906921387,0.000194549560546875
algerian_forest_fires_46279,simpleimputer,,fastica,,MLPClassifier(random_state=0),3,1.0,,No using Simple Imputer,,0.10255241394042969,0.00018930435180664062
algerian_forest_fires_46279,simpleimputer,,fastica,,MLPClassifier(random_state=0),4,0.875,,No using Simple Imputer,,0.09765434265136719,0.0001914501190185547
algerian_forest_fires_46279,simpleimputer,,truncated_svd,,MLPClassifier(random_state=0),0,0.6122448979591837,,No using Simple Imputer,,0.011445283889770508,0.00017070770263671875
algerian_forest_fires_46279,simpleimputer,,truncated_svd,,MLPClassifier(random_state=0),1,0.5918367346938775,,No using Simple Imputer,,0.011434316635131836,0.00015473365783691406
algerian_forest_fires_46279,simpleimputer,,truncated_svd,,MLPClassifier(random_state=0),2,0.7551020408163265,,No using Simple Imputer,,0.01300954818725586,0.0001652240753173828
algerian_forest_fires_46279,simpleimputer,,truncated_svd,,MLPClassifier(random_state=0),3,0.6041666666666666,,No using Simple Imputer,,0.009245157241821289,0.0001456737518310547
algerian_forest_fires_46279,simpleimputer,,truncated_svd,,MLPClassifier(random_state=0),4,0.5833333333333334,,No using Simple Imputer,,0.01141357421875,0.00017142295837402344
algerian_forest_fires_46279,simpleimputer,,select_percentile,,MLPClassifier(random_state=0),0,0.9591836734693877,,No using Simple Imputer,,0.08413887023925781,0.00018525123596191406
algerian_forest_fires_46279,simpleimputer,,select_percentile,,MLPClassifier(random_state=0),1,1.0,,No using Simple Imputer,,0.08457207679748535,0.0001900196075439453
algerian_forest_fires_46279,simpleimputer,,select_percentile,,MLPClassifier(random_state=0),2,0.9591836734693877,,No using Simple Imputer,,0.08443021774291992,0.00019311904907226562
algerian_forest_fires_46279,simpleimputer,,select_percentile,,MLPClassifier(random_state=0),3,0.9583333333333334,,No using Simple Imputer,,0.08483195304870605,0.00019121170043945312
algerian_forest_fires_46279,simpleimputer,,select_percentile,,MLPClassifier(random_state=0),4,0.9375,,No using Simple Imputer,,0.08465099334716797,0.00021696090698242188
algerian_forest_fires_46279,simpleimputer,,generic_univariate,,MLPClassifier(random_state=0),0,0.6530612244897959,,No using Simple Imputer,,0.08222007751464844,0.00022459030151367188
algerian_forest_fires_46279,simpleimputer,,generic_univariate,,MLPClassifier(random_state=0),1,0.6326530612244898,,No using Simple Imputer,,0.08206772804260254,0.00018787384033203125
algerian_forest_fires_46279,simpleimputer,,generic_univariate,,MLPClassifier(random_state=0),2,0.6122448979591837,,No using Simple Imputer,,0.08203458786010742,0.00018334388732910156
algerian_forest_fires_46279,simpleimputer,,generic_univariate,,MLPClassifier(random_state=0),3,0.7708333333333334,,No using Simple Imputer,,0.08849525451660156,0.00018644332885742188
algerian_forest_fires_46279,simpleimputer,,generic_univariate,,MLPClassifier(random_state=0),4,0.6666666666666666,,No using Simple Imputer,,0.08262753486633301,0.0002033710479736328
algerian_forest_fires_46279,simpleimputer,,polynomial_features,,MLPClassifier(random_state=0),0,0.5510204081632653,,No using Simple Imputer,,0.07242107391357422,0.00032258033752441406
algerian_forest_fires_46279,simpleimputer,,polynomial_features,,MLPClassifier(random_state=0),1,0.5510204081632653,,No using Simple Imputer,,0.08397817611694336,0.00031495094299316406
algerian_forest_fires_46279,simpleimputer,,polynomial_features,,MLPClassifier(random_state=0),2,0.5714285714285714,,No using Simple Imputer,,0.10659503936767578,0.0003142356872558594
algerian_forest_fires_46279,simpleimputer,,polynomial_features,,MLPClassifier(random_state=0),3,0.6041666666666666,,No using Simple Imputer,,0.13305020332336426,0.000362396240234375
algerian_forest_fires_46279,simpleimputer,,polynomial_features,,MLPClassifier(random_state=0),4,0.5416666666666666,,No using Simple Imputer,,0.14941787719726562,0.0003371238708496094
algerian_forest_fires_46279,simpleimputer,,nystroem,,MLPClassifier(random_state=0),0,0.5918367346938775,,No using Simple Imputer,,0.2548515796661377,0.000392913818359375
algerian_forest_fires_46279,simpleimputer,,nystroem,,MLPClassifier(random_state=0),1,0.5714285714285714,,No using Simple Imputer,,0.2373969554901123,0.00033855438232421875
algerian_forest_fires_46279,simpleimputer,,nystroem,,MLPClassifier(random_state=0),2,0.5714285714285714,,No using Simple Imputer,,0.2388908863067627,0.0003676414489746094
algerian_forest_fires_46279,simpleimputer,,nystroem,,MLPClassifier(random_state=0),3,0.6666666666666666,,No using Simple Imputer,,0.24781537055969238,0.0003256797790527344
algerian_forest_fires_46279,simpleimputer,,nystroem,,MLPClassifier(random_state=0),4,0.5833333333333334,,No using Simple Imputer,,0.25185441970825195,0.0003204345703125
algerian_forest_fires_46279,simpleimputer,,rbf_sampler,,MLPClassifier(random_state=0),0,0.6122448979591837,,No using Simple Imputer,,0.20360660552978516,0.0003070831298828125
algerian_forest_fires_46279,simpleimputer,,rbf_sampler,,MLPClassifier(random_state=0),1,0.5102040816326531,,No using Simple Imputer,,0.19369816780090332,0.00026106834411621094
algerian_forest_fires_46279,simpleimputer,,rbf_sampler,,MLPClassifier(random_state=0),2,0.5102040816326531,,No using Simple Imputer,,0.17614245414733887,0.0004029273986816406
algerian_forest_fires_46279,simpleimputer,,rbf_sampler,,MLPClassifier(random_state=0),3,0.5208333333333334,,No using Simple Imputer,,0.19331932067871094,0.00033926963806152344
algerian_forest_fires_46279,simpleimputer,,rbf_sampler,,MLPClassifier(random_state=0),4,0.5416666666666666,,No using Simple Imputer,,0.19902944564819336,0.0003590583801269531
algerian_forest_fires_46279,simpleimputer,,random_trees_embedding,,MLPClassifier(random_state=0),0,0.9183673469387755,,No using Simple Imputer,,0.6049909591674805,0.0005998611450195312
algerian_forest_fires_46279,simpleimputer,,random_trees_embedding,,MLPClassifier(random_state=0),1,0.9591836734693877,,No using Simple Imputer,,0.6987617015838623,0.0006496906280517578
algerian_forest_fires_46279,simpleimputer,,random_trees_embedding,,MLPClassifier(random_state=0),2,0.9387755102040817,,No using Simple Imputer,,0.6206696033477783,0.0006170272827148438
algerian_forest_fires_46279,simpleimputer,,random_trees_embedding,,MLPClassifier(random_state=0),3,0.9583333333333334,,No using Simple Imputer,,0.6420295238494873,0.0005908012390136719
algerian_forest_fires_46279,simpleimputer,,random_trees_embedding,,MLPClassifier(random_state=0),4,0.9375,,No using Simple Imputer,,0.6696658134460449,0.0006358623504638672
algerian_forest_fires_46279,simpleimputer,,feature_agglomeration,,MLPClassifier(random_state=0),0,0.5510204081632653,,No using Simple Imputer,,0.03745317459106445,0.000232696533203125
algerian_forest_fires_46279,simpleimputer,,feature_agglomeration,,MLPClassifier(random_state=0),1,0.5510204081632653,,No using Simple Imputer,,0.02252793312072754,0.0001811981201171875
algerian_forest_fires_46279,simpleimputer,,feature_agglomeration,,MLPClassifier(random_state=0),2,0.5714285714285714,,No using Simple Imputer,,0.020221471786499023,0.0001900196075439453
algerian_forest_fires_46279,simpleimputer,,feature_agglomeration,,MLPClassifier(random_state=0),3,0.3958333333333333,,No using Simple Imputer,,0.014430761337280273,0.00018215179443359375
algerian_forest_fires_46279,simpleimputer,,feature_agglomeration,,MLPClassifier(random_state=0),4,0.5416666666666666,,No using Simple Imputer,,0.010216474533081055,0.00015878677368164062
algerian_forest_fires_46279,simpleimputer,,extra_tree,,MLPClassifier(random_state=0),0,0.9183673469387755,,No using Simple Imputer,,0.088287353515625,0.00018930435180664062
algerian_forest_fires_46279,simpleimputer,,extra_tree,,MLPClassifier(random_state=0),1,0.7755102040816326,,No using Simple Imputer,,0.010165214538574219,0.00015473365783691406
algerian_forest_fires_46279,simpleimputer,,extra_tree,,MLPClassifier(random_state=0),2,0.8367346938775511,,No using Simple Imputer,,0.010164737701416016,0.00017833709716796875
algerian_forest_fires_46279,simpleimputer,,extra_tree,,MLPClassifier(random_state=0),3,0.7916666666666666,,No using Simple Imputer,,0.010162830352783203,0.0001842975616455078
algerian_forest_fires_46279,simpleimputer,,extra_tree,,MLPClassifier(random_state=0),4,0.9583333333333334,,No using Simple Imputer,,0.08655524253845215,0.00018930435180664062
algerian_forest_fires_46279,simpleimputer,,linear_svc,,MLPClassifier(random_state=0),0,0.9387755102040817,,No using Simple Imputer,,0.0904994010925293,0.00023365020751953125
algerian_forest_fires_46279,simpleimputer,,linear_svc,,MLPClassifier(random_state=0),1,0.9591836734693877,,No using Simple Imputer,,0.08637666702270508,0.0001881122589111328
algerian_forest_fires_46279,simpleimputer,,linear_svc,,MLPClassifier(random_state=0),2,0.9591836734693877,,No using Simple Imputer,,0.09351062774658203,0.0002586841583251953
algerian_forest_fires_46279,simpleimputer,,linear_svc,,MLPClassifier(random_state=0),3,0.9583333333333334,,No using Simple Imputer,,0.08919429779052734,0.00019049644470214844
algerian_forest_fires_46279,simpleimputer,,linear_svc,,MLPClassifier(random_state=0),4,0.9583333333333334,,No using Simple Imputer,,0.09257888793945312,0.0002205371856689453
algerian_forest_fires_46279,simpleimputer,,kernel_pca,,MLPClassifier(random_state=0),0,0.9591836734693877,,No using Simple Imputer,,0.13046669960021973,0.000240325927734375
algerian_forest_fires_46279,simpleimputer,,kernel_pca,,MLPClassifier(random_state=0),1,0.9591836734693877,,No using Simple Imputer,,0.12113237380981445,0.00019049644470214844
algerian_forest_fires_46279,simpleimputer,,kernel_pca,,MLPClassifier(random_state=0),2,0.9591836734693877,,No using Simple Imputer,,0.13943862915039062,0.00019669532775878906
algerian_forest_fires_46279,simpleimputer,,kernel_pca,,MLPClassifier(random_state=0),3,0.9791666666666666,,No using Simple Imputer,,0.12284135818481445,0.00022149085998535156
algerian_forest_fires_46279,simpleimputer,,kernel_pca,,MLPClassifier(random_state=0),4,0.9583333333333334,,No using Simple Imputer,,0.14206671714782715,0.0002014636993408203
algerian_forest_fires_46279,simpleimputer,,,standard,MLPClassifier(random_state=0),0,0.9183673469387755,,No using Simple Imputer,,0.10325336456298828,0.0001952648162841797
algerian_forest_fires_46279,simpleimputer,,,standard,MLPClassifier(random_state=0),1,0.9387755102040817,,No using Simple Imputer,,0.10399174690246582,0.00020122528076171875
algerian_forest_fires_46279,simpleimputer,,,standard,MLPClassifier(random_state=0),2,0.8571428571428571,,No using Simple Imputer,,0.10342144966125488,0.00019693374633789062
algerian_forest_fires_46279,simpleimputer,,,standard,MLPClassifier(random_state=0),3,0.9791666666666666,,No using Simple Imputer,,0.1016383171081543,0.0001876354217529297
algerian_forest_fires_46279,simpleimputer,,,standard,MLPClassifier(random_state=0),4,0.9375,,No using Simple Imputer,,0.10332727432250977,0.0001952648162841797
algerian_forest_fires_46279,simpleimputer,,pca,standard,MLPClassifier(random_state=0),0,0.9591836734693877,,No using Simple Imputer,,0.10332465171813965,0.000194549560546875
algerian_forest_fires_46279,simpleimputer,,pca,standard,MLPClassifier(random_state=0),1,0.9795918367346939,,No using Simple Imputer,,0.10318708419799805,0.0001957416534423828
algerian_forest_fires_46279,simpleimputer,,pca,standard,MLPClassifier(random_state=0),2,0.9387755102040817,,No using Simple Imputer,,0.10667300224304199,0.00018525123596191406
algerian_forest_fires_46279,simpleimputer,,pca,standard,MLPClassifier(random_state=0),3,0.9583333333333334,,No using Simple Imputer,,0.1026754379272461,0.00018596649169921875
algerian_forest_fires_46279,simpleimputer,,pca,standard,MLPClassifier(random_state=0),4,0.9375,,No using Simple Imputer,,0.10418486595153809,0.00021147727966308594
algerian_forest_fires_46279,simpleimputer,,fastica,standard,MLPClassifier(random_state=0),0,0.8163265306122449,,No using Simple Imputer,,0.09925556182861328,0.0001933574676513672
algerian_forest_fires_46279,simpleimputer,,fastica,standard,MLPClassifier(random_state=0),1,0.5510204081632653,,No using Simple Imputer,,0.012884140014648438,0.00019049644470214844
algerian_forest_fires_46279,simpleimputer,,fastica,standard,MLPClassifier(random_state=0),2,0.9591836734693877,,No using Simple Imputer,,0.10572409629821777,0.0002334117889404297
algerian_forest_fires_46279,simpleimputer,,fastica,standard,MLPClassifier(random_state=0),3,0.9583333333333334,,No using Simple Imputer,,0.10611891746520996,0.00021147727966308594
algerian_forest_fires_46279,simpleimputer,,fastica,standard,MLPClassifier(random_state=0),4,0.9583333333333334,,No using Simple Imputer,,0.10190248489379883,0.0002474784851074219
algerian_forest_fires_46279,simpleimputer,,truncated_svd,standard,MLPClassifier(random_state=0),0,0.8571428571428571,,No using Simple Imputer,,0.09434008598327637,0.00021505355834960938
algerian_forest_fires_46279,simpleimputer,,truncated_svd,standard,MLPClassifier(random_state=0),1,0.8979591836734694,,No using Simple Imputer,,0.09022974967956543,0.00020813941955566406
algerian_forest_fires_46279,simpleimputer,,truncated_svd,standard,MLPClassifier(random_state=0),2,0.8163265306122449,,No using Simple Imputer,,0.0895545482635498,0.00022339820861816406
algerian_forest_fires_46279,simpleimputer,,truncated_svd,standard,MLPClassifier(random_state=0),3,0.9375,,No using Simple Imputer,,0.0906362533569336,0.0002052783966064453
algerian_forest_fires_46279,simpleimputer,,truncated_svd,standard,MLPClassifier(random_state=0),4,0.9375,,No using Simple Imputer,,0.09061765670776367,0.00021219253540039062
algerian_forest_fires_46279,simpleimputer,,select_percentile,standard,MLPClassifier(random_state=0),0,0.9591836734693877,,No using Simple Imputer,,0.08831071853637695,0.0002148151397705078
algerian_forest_fires_46279,simpleimputer,,select_percentile,standard,MLPClassifier(random_state=0),1,0.9795918367346939,,No using Simple Imputer,,0.08930253982543945,0.00021529197692871094
algerian_forest_fires_46279,simpleimputer,,select_percentile,standard,MLPClassifier(random_state=0),2,0.9795918367346939,,No using Simple Imputer,,0.08890509605407715,0.0002262592315673828
algerian_forest_fires_46279,simpleimputer,,select_percentile,standard,MLPClassifier(random_state=0),3,1.0,,No using Simple Imputer,,0.08965826034545898,0.0002155303955078125
algerian_forest_fires_46279,simpleimputer,,select_percentile,standard,MLPClassifier(random_state=0),4,0.9583333333333334,,No using Simple Imputer,,0.08900046348571777,0.0003731250762939453
algerian_forest_fires_46279,simpleimputer,,generic_univariate,standard,MLPClassifier(random_state=0),0,0.8979591836734694,,No using Simple Imputer,,0.0845632553100586,0.00021409988403320312
algerian_forest_fires_46279,simpleimputer,,generic_univariate,standard,MLPClassifier(random_state=0),1,0.9183673469387755,,No using Simple Imputer,,0.08473610877990723,0.00018310546875
algerian_forest_fires_46279,simpleimputer,,generic_univariate,standard,MLPClassifier(random_state=0),2,0.9591836734693877,,No using Simple Imputer,,0.08446860313415527,0.0001857280731201172
algerian_forest_fires_46279,simpleimputer,,generic_univariate,standard,MLPClassifier(random_state=0),3,0.9375,,No using Simple Imputer,,0.0913999080657959,0.0002200603485107422
algerian_forest_fires_46279,simpleimputer,,generic_univariate,standard,MLPClassifier(random_state=0),4,0.9791666666666666,,No using Simple Imputer,,0.08894085884094238,0.00021719932556152344
algerian_forest_fires_46279,simpleimputer,,polynomial_features,standard,MLPClassifier(random_state=0),0,0.9183673469387755,,No using Simple Imputer,,0.883615255355835,0.0004119873046875
algerian_forest_fires_46279,simpleimputer,,polynomial_features,standard,MLPClassifier(random_state=0),1,0.9387755102040817,,No using Simple Imputer,,1.0902297496795654,0.00042819976806640625
algerian_forest_fires_46279,simpleimputer,,polynomial_features,standard,MLPClassifier(random_state=0),2,0.9183673469387755,,No using Simple Imputer,,0.999267578125,0.0008280277252197266
algerian_forest_fires_46279,simpleimputer,,polynomial_features,standard,MLPClassifier(random_state=0),3,0.9583333333333334,,No using Simple Imputer,,0.9932296276092529,0.00037789344787597656
algerian_forest_fires_46279,simpleimputer,,polynomial_features,standard,MLPClassifier(random_state=0),4,0.9375,,No using Simple Imputer,,1.0476288795471191,0.0003440380096435547
algerian_forest_fires_46279,simpleimputer,,nystroem,standard,MLPClassifier(random_state=0),0,0.9591836734693877,,No using Simple Imputer,,0.2437269687652588,0.00032329559326171875
algerian_forest_fires_46279,simpleimputer,,nystroem,standard,MLPClassifier(random_state=0),1,0.9591836734693877,,No using Simple Imputer,,0.2408614158630371,0.0003247261047363281
algerian_forest_fires_46279,simpleimputer,,nystroem,standard,MLPClassifier(random_state=0),2,0.9387755102040817,,No using Simple Imputer,,0.24986004829406738,0.0003478527069091797
algerian_forest_fires_46279,simpleimputer,,nystroem,standard,MLPClassifier(random_state=0),3,0.9791666666666666,,No using Simple Imputer,,0.24352455139160156,0.0003197193145751953
algerian_forest_fires_46279,simpleimputer,,nystroem,standard,MLPClassifier(random_state=0),4,0.9375,,No using Simple Imputer,,0.26084375381469727,0.00034308433532714844
algerian_forest_fires_46279,simpleimputer,,rbf_sampler,standard,MLPClassifier(random_state=0),0,0.5918367346938775,,No using Simple Imputer,,0.20264339447021484,0.0002582073211669922
algerian_forest_fires_46279,simpleimputer,,rbf_sampler,standard,MLPClassifier(random_state=0),1,0.7551020408163265,,No using Simple Imputer,,0.23264670372009277,0.0006477832794189453
algerian_forest_fires_46279,simpleimputer,,rbf_sampler,standard,MLPClassifier(random_state=0),2,0.6530612244897959,,No using Simple Imputer,,0.1963357925415039,0.00030040740966796875
algerian_forest_fires_46279,simpleimputer,,rbf_sampler,standard,MLPClassifier(random_state=0),3,0.7083333333333334,,No using Simple Imputer,,0.23490262031555176,0.0003082752227783203
algerian_forest_fires_46279,simpleimputer,,rbf_sampler,standard,MLPClassifier(random_state=0),4,0.6458333333333334,,No using Simple Imputer,,0.21734857559204102,0.0006678104400634766
algerian_forest_fires_46279,simpleimputer,,random_trees_embedding,standard,MLPClassifier(random_state=0),0,0.9183673469387755,,No using Simple Imputer,,0.620513916015625,0.0040667057037353516
algerian_forest_fires_46279,simpleimputer,,random_trees_embedding,standard,MLPClassifier(random_state=0),1,0.9591836734693877,,No using Simple Imputer,,0.8287649154663086,0.0006139278411865234
algerian_forest_fires_46279,simpleimputer,,random_trees_embedding,standard,MLPClassifier(random_state=0),2,0.9387755102040817,,No using Simple Imputer,,0.8324785232543945,0.0006444454193115234
algerian_forest_fires_46279,simpleimputer,,random_trees_embedding,standard,MLPClassifier(random_state=0),3,0.9583333333333334,,No using Simple Imputer,,0.818993091583252,0.0011782646179199219
algerian_forest_fires_46279,simpleimputer,,random_trees_embedding,standard,MLPClassifier(random_state=0),4,0.9375,,No using Simple Imputer,,0.6736376285552979,0.0006234645843505859
algerian_forest_fires_46279,simpleimputer,,feature_agglomeration,standard,MLPClassifier(random_state=0),0,0.8571428571428571,,No using Simple Imputer,,0.11364579200744629,0.0002040863037109375
algerian_forest_fires_46279,simpleimputer,,feature_agglomeration,standard,MLPClassifier(random_state=0),1,0.8571428571428571,,No using Simple Imputer,,0.0899970531463623,0.00018978118896484375
algerian_forest_fires_46279,simpleimputer,,feature_agglomeration,standard,MLPClassifier(random_state=0),2,0.8571428571428571,,No using Simple Imputer,,0.08981943130493164,0.00018906593322753906
algerian_forest_fires_46279,simpleimputer,,feature_agglomeration,standard,MLPClassifier(random_state=0),3,0.9375,,No using Simple Imputer,,0.08995437622070312,0.0002052783966064453
algerian_forest_fires_46279,simpleimputer,,feature_agglomeration,standard,MLPClassifier(random_state=0),4,0.9166666666666666,,No using Simple Imputer,,0.08988285064697266,0.0001804828643798828
algerian_forest_fires_46279,simpleimputer,,extra_tree,standard,MLPClassifier(random_state=0),0,0.9183673469387755,,No using Simple Imputer,,0.09265518188476562,0.00020384788513183594
algerian_forest_fires_46279,simpleimputer,,extra_tree,standard,MLPClassifier(random_state=0),1,0.9591836734693877,,No using Simple Imputer,,0.09162044525146484,0.00018596649169921875
algerian_forest_fires_46279,simpleimputer,,extra_tree,standard,MLPClassifier(random_state=0),2,0.9795918367346939,,No using Simple Imputer,,0.09145522117614746,0.0002636909484863281
algerian_forest_fires_46279,simpleimputer,,extra_tree,standard,MLPClassifier(random_state=0),3,0.9791666666666666,,No using Simple Imputer,,0.0918433666229248,0.00018835067749023438
algerian_forest_fires_46279,simpleimputer,,extra_tree,standard,MLPClassifier(random_state=0),4,0.9791666666666666,,No using Simple Imputer,,0.09084033966064453,0.00022459030151367188
algerian_forest_fires_46279,simpleimputer,,linear_svc,standard,MLPClassifier(random_state=0),0,0.9387755102040817,,No using Simple Imputer,,0.09429788589477539,0.00019121170043945312
algerian_forest_fires_46279,simpleimputer,,linear_svc,standard,MLPClassifier(random_state=0),1,0.9795918367346939,,No using Simple Imputer,,0.09168386459350586,0.0001914501190185547
algerian_forest_fires_46279,simpleimputer,,linear_svc,standard,MLPClassifier(random_state=0),2,0.9591836734693877,,No using Simple Imputer,,0.09926605224609375,0.0002086162567138672
algerian_forest_fires_46279,simpleimputer,,linear_svc,standard,MLPClassifier(random_state=0),3,0.9583333333333334,,No using Simple Imputer,,0.0941779613494873,0.0002300739288330078
algerian_forest_fires_46279,simpleimputer,,linear_svc,standard,MLPClassifier(random_state=0),4,0.9791666666666666,,No using Simple Imputer,,0.09131669998168945,0.0001881122589111328
algerian_forest_fires_46279,simpleimputer,,kernel_pca,standard,MLPClassifier(random_state=0),0,0.9795918367346939,,No using Simple Imputer,,0.12465596199035645,0.00021600723266601562
algerian_forest_fires_46279,simpleimputer,,kernel_pca,standard,MLPClassifier(random_state=0),1,0.9591836734693877,,No using Simple Imputer,,0.1290743350982666,0.0001990795135498047
algerian_forest_fires_46279,simpleimputer,,kernel_pca,standard,MLPClassifier(random_state=0),2,0.9591836734693877,,No using Simple Imputer,,0.13202857971191406,0.0002028942108154297
algerian_forest_fires_46279,simpleimputer,,kernel_pca,standard,MLPClassifier(random_state=0),3,0.9791666666666666,,No using Simple Imputer,,0.13618755340576172,0.00019788742065429688
algerian_forest_fires_46279,simpleimputer,,kernel_pca,standard,MLPClassifier(random_state=0),4,0.9375,,No using Simple Imputer,,0.12636947631835938,0.0001938343048095703
algerian_forest_fires_46279,simpleimputer,,,minmax,MLPClassifier(random_state=0),0,0.8979591836734694,,No using Simple Imputer,,0.09809613227844238,0.00019550323486328125
algerian_forest_fires_46279,simpleimputer,,,minmax,MLPClassifier(random_state=0),1,0.9387755102040817,,No using Simple Imputer,,0.09784126281738281,0.00019168853759765625
algerian_forest_fires_46279,simpleimputer,,,minmax,MLPClassifier(random_state=0),2,0.8367346938775511,,No using Simple Imputer,,0.09741067886352539,0.00019240379333496094
algerian_forest_fires_46279,simpleimputer,,,minmax,MLPClassifier(random_state=0),3,0.9375,,No using Simple Imputer,,0.09924173355102539,0.0001971721649169922
algerian_forest_fires_46279,simpleimputer,,,minmax,MLPClassifier(random_state=0),4,0.9791666666666666,,No using Simple Imputer,,0.09771537780761719,0.00019073486328125
algerian_forest_fires_46279,simpleimputer,,pca,minmax,MLPClassifier(random_state=0),0,0.9387755102040817,,No using Simple Imputer,,0.09973597526550293,0.00019216537475585938
algerian_forest_fires_46279,simpleimputer,,pca,minmax,MLPClassifier(random_state=0),1,0.9795918367346939,,No using Simple Imputer,,0.09938216209411621,0.00019121170043945312
algerian_forest_fires_46279,simpleimputer,,pca,minmax,MLPClassifier(random_state=0),2,0.9387755102040817,,No using Simple Imputer,,0.10072088241577148,0.0002105236053466797
algerian_forest_fires_46279,simpleimputer,,pca,minmax,MLPClassifier(random_state=0),3,0.9583333333333334,,No using Simple Imputer,,0.09879922866821289,0.00018548965454101562
algerian_forest_fires_46279,simpleimputer,,pca,minmax,MLPClassifier(random_state=0),4,0.9375,,No using Simple Imputer,,0.10086369514465332,0.0002493858337402344
algerian_forest_fires_46279,simpleimputer,,fastica,minmax,MLPClassifier(random_state=0),0,0.9591836734693877,,No using Simple Imputer,,0.10195207595825195,0.00021505355834960938
algerian_forest_fires_46279,simpleimputer,,fastica,minmax,MLPClassifier(random_state=0),1,0.9795918367346939,,No using Simple Imputer,,0.10360145568847656,0.0001971721649169922
algerian_forest_fires_46279,simpleimputer,,fastica,minmax,MLPClassifier(random_state=0),2,0.9591836734693877,,No using Simple Imputer,,0.10216712951660156,0.00021147727966308594
algerian_forest_fires_46279,simpleimputer,,fastica,minmax,MLPClassifier(random_state=0),3,0.9375,,No using Simple Imputer,,0.10455846786499023,0.00022268295288085938
algerian_forest_fires_46279,simpleimputer,,fastica,minmax,MLPClassifier(random_state=0),4,0.9166666666666666,,No using Simple Imputer,,0.10335993766784668,0.00022125244140625
algerian_forest_fires_46279,simpleimputer,,truncated_svd,minmax,MLPClassifier(random_state=0),0,0.8571428571428571,,No using Simple Imputer,,0.08951020240783691,0.00018787384033203125
algerian_forest_fires_46279,simpleimputer,,truncated_svd,minmax,MLPClassifier(random_state=0),1,0.8571428571428571,,No using Simple Imputer,,0.08708953857421875,0.0002429485321044922
algerian_forest_fires_46279,simpleimputer,,truncated_svd,minmax,MLPClassifier(random_state=0),2,0.8775510204081632,,No using Simple Imputer,,0.08661103248596191,0.00019502639770507812
algerian_forest_fires_46279,simpleimputer,,truncated_svd,minmax,MLPClassifier(random_state=0),3,0.9166666666666666,,No using Simple Imputer,,0.0867006778717041,0.00019359588623046875
algerian_forest_fires_46279,simpleimputer,,truncated_svd,minmax,MLPClassifier(random_state=0),4,0.9166666666666666,,No using Simple Imputer,,0.08678317070007324,0.000209808349609375
algerian_forest_fires_46279,simpleimputer,,select_percentile,minmax,MLPClassifier(random_state=0),0,0.9387755102040817,,No using Simple Imputer,,0.08552193641662598,0.00019168853759765625
algerian_forest_fires_46279,simpleimputer,,select_percentile,minmax,MLPClassifier(random_state=0),1,0.9387755102040817,,No using Simple Imputer,,0.0853569507598877,0.0002346038818359375
algerian_forest_fires_46279,simpleimputer,,select_percentile,minmax,MLPClassifier(random_state=0),2,0.9591836734693877,,No using Simple Imputer,,0.08524799346923828,0.0001857280731201172
algerian_forest_fires_46279,simpleimputer,,select_percentile,minmax,MLPClassifier(random_state=0),3,0.9375,,No using Simple Imputer,,0.0853419303894043,0.0001881122589111328
algerian_forest_fires_46279,simpleimputer,,select_percentile,minmax,MLPClassifier(random_state=0),4,1.0,,No using Simple Imputer,,0.08589959144592285,0.00023674964904785156
algerian_forest_fires_46279,simpleimputer,,generic_univariate,minmax,MLPClassifier(random_state=0),0,0.7755102040816326,,No using Simple Imputer,,0.0825657844543457,0.00022673606872558594
algerian_forest_fires_46279,simpleimputer,,generic_univariate,minmax,MLPClassifier(random_state=0),1,0.7551020408163265,,No using Simple Imputer,,0.08223295211791992,0.00021266937255859375
algerian_forest_fires_46279,simpleimputer,,generic_univariate,minmax,MLPClassifier(random_state=0),2,0.8367346938775511,,No using Simple Imputer,,0.08265042304992676,0.0002148151397705078
algerian_forest_fires_46279,simpleimputer,,generic_univariate,minmax,MLPClassifier(random_state=0),3,0.875,,No using Simple Imputer,,0.08383011817932129,0.00025177001953125
algerian_forest_fires_46279,simpleimputer,,generic_univariate,minmax,MLPClassifier(random_state=0),4,0.8125,,No using Simple Imputer,,0.08266544342041016,0.00021266937255859375
algerian_forest_fires_46279,simpleimputer,,polynomial_features,minmax,MLPClassifier(random_state=0),0,0.9387755102040817,,No using Simple Imputer,,0.9620842933654785,0.0007765293121337891
algerian_forest_fires_46279,simpleimputer,,polynomial_features,minmax,MLPClassifier(random_state=0),1,0.9591836734693877,,No using Simple Imputer,,0.9721932411193848,0.0003204345703125
algerian_forest_fires_46279,simpleimputer,,polynomial_features,minmax,MLPClassifier(random_state=0),2,0.9387755102040817,,No using Simple Imputer,,0.9731526374816895,0.0015652179718017578
algerian_forest_fires_46279,simpleimputer,,polynomial_features,minmax,MLPClassifier(random_state=0),3,0.9791666666666666,,No using Simple Imputer,,0.986656904220581,0.0003914833068847656
algerian_forest_fires_46279,simpleimputer,,polynomial_features,minmax,MLPClassifier(random_state=0),4,0.9583333333333334,,No using Simple Imputer,,0.96517014503479,0.0004012584686279297
algerian_forest_fires_46279,simpleimputer,,nystroem,minmax,MLPClassifier(random_state=0),0,0.9183673469387755,,No using Simple Imputer,,0.24557018280029297,0.00034308433532714844
algerian_forest_fires_46279,simpleimputer,,nystroem,minmax,MLPClassifier(random_state=0),1,0.9387755102040817,,No using Simple Imputer,,0.25743532180786133,0.00031304359436035156
algerian_forest_fires_46279,simpleimputer,,nystroem,minmax,MLPClassifier(random_state=0),2,0.8979591836734694,,No using Simple Imputer,,0.18912529945373535,0.0003783702850341797
algerian_forest_fires_46279,simpleimputer,,nystroem,minmax,MLPClassifier(random_state=0),3,0.9583333333333334,,No using Simple Imputer,,0.2306833267211914,0.00029277801513671875
algerian_forest_fires_46279,simpleimputer,,nystroem,minmax,MLPClassifier(random_state=0),4,0.9791666666666666,,No using Simple Imputer,,0.2458508014678955,0.0003497600555419922
algerian_forest_fires_46279,simpleimputer,,rbf_sampler,minmax,MLPClassifier(random_state=0),0,0.9183673469387755,,No using Simple Imputer,,0.1985795497894287,0.00033473968505859375
algerian_forest_fires_46279,simpleimputer,,rbf_sampler,minmax,MLPClassifier(random_state=0),1,0.9387755102040817,,No using Simple Imputer,,0.18415546417236328,0.0003192424774169922
algerian_forest_fires_46279,simpleimputer,,rbf_sampler,minmax,MLPClassifier(random_state=0),2,0.9183673469387755,,No using Simple Imputer,,0.1995525360107422,0.00034499168395996094
algerian_forest_fires_46279,simpleimputer,,rbf_sampler,minmax,MLPClassifier(random_state=0),3,0.9791666666666666,,No using Simple Imputer,,0.18754291534423828,0.00035643577575683594
algerian_forest_fires_46279,simpleimputer,,rbf_sampler,minmax,MLPClassifier(random_state=0),4,0.9583333333333334,,No using Simple Imputer,,1.040052890777588,0.00035834312438964844
algerian_forest_fires_46279,simpleimputer,,random_trees_embedding,minmax,MLPClassifier(random_state=0),0,0.9183673469387755,,No using Simple Imputer,,0.5156097412109375,0.0006160736083984375
algerian_forest_fires_46279,simpleimputer,,random_trees_embedding,minmax,MLPClassifier(random_state=0),1,0.9591836734693877,,No using Simple Imputer,,0.5364124774932861,0.0006139278411865234
algerian_forest_fires_46279,simpleimputer,,random_trees_embedding,minmax,MLPClassifier(random_state=0),2,0.9387755102040817,,No using Simple Imputer,,0.49605512619018555,0.0005855560302734375
algerian_forest_fires_46279,simpleimputer,,random_trees_embedding,minmax,MLPClassifier(random_state=0),3,0.9583333333333334,,No using Simple Imputer,,0.48085856437683105,0.0005741119384765625
algerian_forest_fires_46279,simpleimputer,,random_trees_embedding,minmax,MLPClassifier(random_state=0),4,0.9375,,No using Simple Imputer,,0.4908261299133301,0.0006117820739746094
algerian_forest_fires_46279,simpleimputer,,feature_agglomeration,minmax,MLPClassifier(random_state=0),0,0.7755102040816326,,No using Simple Imputer,,0.10310983657836914,0.00018930435180664062
algerian_forest_fires_46279,simpleimputer,,feature_agglomeration,minmax,MLPClassifier(random_state=0),1,0.7142857142857143,,No using Simple Imputer,,0.08506536483764648,0.0001838207244873047
algerian_forest_fires_46279,simpleimputer,,feature_agglomeration,minmax,MLPClassifier(random_state=0),2,0.8571428571428571,,No using Simple Imputer,,0.08484077453613281,0.0001857280731201172
algerian_forest_fires_46279,simpleimputer,,feature_agglomeration,minmax,MLPClassifier(random_state=0),3,0.8541666666666666,,No using Simple Imputer,,0.08523941040039062,0.0001857280731201172
algerian_forest_fires_46279,simpleimputer,,feature_agglomeration,minmax,MLPClassifier(random_state=0),4,0.8125,,No using Simple Imputer,,0.0851449966430664,0.00018548965454101562
algerian_forest_fires_46279,simpleimputer,,extra_tree,minmax,MLPClassifier(random_state=0),0,0.8979591836734694,,No using Simple Imputer,,0.08914899826049805,0.00018453598022460938
algerian_forest_fires_46279,simpleimputer,,extra_tree,minmax,MLPClassifier(random_state=0),1,0.9387755102040817,,No using Simple Imputer,,0.08794045448303223,0.00019693374633789062
algerian_forest_fires_46279,simpleimputer,,extra_tree,minmax,MLPClassifier(random_state=0),2,0.9387755102040817,,No using Simple Imputer,,0.08780646324157715,0.0001919269561767578
algerian_forest_fires_46279,simpleimputer,,extra_tree,minmax,MLPClassifier(random_state=0),3,0.9583333333333334,,No using Simple Imputer,,0.08807992935180664,0.00019073486328125
algerian_forest_fires_46279,simpleimputer,,extra_tree,minmax,MLPClassifier(random_state=0),4,0.9791666666666666,,No using Simple Imputer,,0.08908438682556152,0.0001876354217529297
algerian_forest_fires_46279,simpleimputer,,linear_svc,minmax,MLPClassifier(random_state=0),0,0.9591836734693877,,No using Simple Imputer,,0.0880582332611084,0.00018668174743652344
algerian_forest_fires_46279,simpleimputer,,linear_svc,minmax,MLPClassifier(random_state=0),1,0.9795918367346939,,No using Simple Imputer,,0.09269833564758301,0.0002162456512451172
algerian_forest_fires_46279,simpleimputer,,linear_svc,minmax,MLPClassifier(random_state=0),2,0.9387755102040817,,No using Simple Imputer,,0.08739519119262695,0.00019097328186035156
algerian_forest_fires_46279,simpleimputer,,linear_svc,minmax,MLPClassifier(random_state=0),3,0.9791666666666666,,No using Simple Imputer,,0.08782458305358887,0.00019168853759765625
algerian_forest_fires_46279,simpleimputer,,linear_svc,minmax,MLPClassifier(random_state=0),4,0.9791666666666666,,No using Simple Imputer,,0.08944010734558105,0.0001938343048095703
algerian_forest_fires_46279,simpleimputer,,kernel_pca,minmax,MLPClassifier(random_state=0),0,0.9387755102040817,,No using Simple Imputer,,0.12000155448913574,0.00021696090698242188
algerian_forest_fires_46279,simpleimputer,,kernel_pca,minmax,MLPClassifier(random_state=0),1,0.9795918367346939,,No using Simple Imputer,,0.1276869773864746,0.00021004676818847656
algerian_forest_fires_46279,simpleimputer,,kernel_pca,minmax,MLPClassifier(random_state=0),2,0.9387755102040817,,No using Simple Imputer,,0.12127685546875,0.00018334388732910156
algerian_forest_fires_46279,simpleimputer,,kernel_pca,minmax,MLPClassifier(random_state=0),3,0.9583333333333334,,No using Simple Imputer,,0.1212470531463623,0.00023221969604492188
algerian_forest_fires_46279,simpleimputer,,kernel_pca,minmax,MLPClassifier(random_state=0),4,0.9375,,No using Simple Imputer,,0.12401270866394043,0.0001995563507080078
algerian_forest_fires_46279,simpleimputer,,,robust,MLPClassifier(random_state=0),0,0.9183673469387755,,No using Simple Imputer,,0.1029348373413086,0.000225067138671875
algerian_forest_fires_46279,simpleimputer,,,robust,MLPClassifier(random_state=0),1,0.9387755102040817,,No using Simple Imputer,,0.10660290718078613,0.0002129077911376953
algerian_forest_fires_46279,simpleimputer,,,robust,MLPClassifier(random_state=0),2,0.8775510204081632,,No using Simple Imputer,,0.10304093360900879,0.0002243518829345703
algerian_forest_fires_46279,simpleimputer,,,robust,MLPClassifier(random_state=0),3,0.9791666666666666,,No using Simple Imputer,,0.10645914077758789,0.00019669532775878906
algerian_forest_fires_46279,simpleimputer,,,robust,MLPClassifier(random_state=0),4,0.9583333333333334,,No using Simple Imputer,,0.10170841217041016,0.00018858909606933594
algerian_forest_fires_46279,simpleimputer,,pca,robust,MLPClassifier(random_state=0),0,0.9591836734693877,,No using Simple Imputer,,0.10262703895568848,0.00018906593322753906
algerian_forest_fires_46279,simpleimputer,,pca,robust,MLPClassifier(random_state=0),1,0.9591836734693877,,No using Simple Imputer,,0.10262703895568848,0.00019073486328125
algerian_forest_fires_46279,simpleimputer,,pca,robust,MLPClassifier(random_state=0),2,0.9591836734693877,,No using Simple Imputer,,0.10271430015563965,0.00021004676818847656
algerian_forest_fires_46279,simpleimputer,,pca,robust,MLPClassifier(random_state=0),3,0.9791666666666666,,No using Simple Imputer,,0.10305643081665039,0.00018787384033203125
algerian_forest_fires_46279,simpleimputer,,pca,robust,MLPClassifier(random_state=0),4,0.9583333333333334,,No using Simple Imputer,,0.10259771347045898,0.0002067089080810547
algerian_forest_fires_46279,simpleimputer,,fastica,robust,MLPClassifier(random_state=0),0,0.9387755102040817,,No using Simple Imputer,,0.10328197479248047,0.00018930435180664062
algerian_forest_fires_46279,simpleimputer,,fastica,robust,MLPClassifier(random_state=0),1,0.6326530612244898,,No using Simple Imputer,,0.09592866897583008,0.0001919269561767578
algerian_forest_fires_46279,simpleimputer,,fastica,robust,MLPClassifier(random_state=0),2,0.6326530612244898,,No using Simple Imputer,,0.09513282775878906,0.00020575523376464844
algerian_forest_fires_46279,simpleimputer,,fastica,robust,MLPClassifier(random_state=0),3,0.9583333333333334,,No using Simple Imputer,,0.10322189331054688,0.0001819133758544922
algerian_forest_fires_46279,simpleimputer,,fastica,robust,MLPClassifier(random_state=0),4,0.9583333333333334,,No using Simple Imputer,,0.10110950469970703,0.00018668174743652344
algerian_forest_fires_46279,simpleimputer,,truncated_svd,robust,MLPClassifier(random_state=0),0,0.9183673469387755,,No using Simple Imputer,,0.09117555618286133,0.0001876354217529297
algerian_forest_fires_46279,simpleimputer,,truncated_svd,robust,MLPClassifier(random_state=0),1,0.9183673469387755,,No using Simple Imputer,,0.09075498580932617,0.000194549560546875
algerian_forest_fires_46279,simpleimputer,,truncated_svd,robust,MLPClassifier(random_state=0),2,0.8979591836734694,,No using Simple Imputer,,0.09123849868774414,0.00019168853759765625
algerian_forest_fires_46279,simpleimputer,,truncated_svd,robust,MLPClassifier(random_state=0),3,0.9375,,No using Simple Imputer,,0.09026551246643066,0.00018858909606933594
algerian_forest_fires_46279,simpleimputer,,truncated_svd,robust,MLPClassifier(random_state=0),4,0.9375,,No using Simple Imputer,,0.09022331237792969,0.00023746490478515625
algerian_forest_fires_46279,simpleimputer,,select_percentile,robust,MLPClassifier(random_state=0),0,0.9591836734693877,,No using Simple Imputer,,0.08774423599243164,0.00018548965454101562
algerian_forest_fires_46279,simpleimputer,,select_percentile,robust,MLPClassifier(random_state=0),1,0.9795918367346939,,No using Simple Imputer,,0.08852267265319824,0.00019073486328125
algerian_forest_fires_46279,simpleimputer,,select_percentile,robust,MLPClassifier(random_state=0),2,0.9795918367346939,,No using Simple Imputer,,0.08798360824584961,0.00023603439331054688
algerian_forest_fires_46279,simpleimputer,,select_percentile,robust,MLPClassifier(random_state=0),3,1.0,,No using Simple Imputer,,0.08823490142822266,0.00019502639770507812
algerian_forest_fires_46279,simpleimputer,,select_percentile,robust,MLPClassifier(random_state=0),4,0.9583333333333334,,No using Simple Imputer,,0.08797407150268555,0.00019049644470214844
algerian_forest_fires_46279,simpleimputer,,generic_univariate,robust,MLPClassifier(random_state=0),0,0.9387755102040817,,No using Simple Imputer,,0.08911013603210449,0.0002110004425048828
algerian_forest_fires_46279,simpleimputer,,generic_univariate,robust,MLPClassifier(random_state=0),1,0.9387755102040817,,No using Simple Imputer,,0.08447551727294922,0.00020933151245117188
algerian_forest_fires_46279,simpleimputer,,generic_univariate,robust,MLPClassifier(random_state=0),2,1.0,,No using Simple Imputer,,0.08590412139892578,0.00022268295288085938
algerian_forest_fires_46279,simpleimputer,,generic_univariate,robust,MLPClassifier(random_state=0),3,0.9375,,No using Simple Imputer,,0.08574175834655762,0.0001933574676513672
algerian_forest_fires_46279,simpleimputer,,generic_univariate,robust,MLPClassifier(random_state=0),4,1.0,,No using Simple Imputer,,0.08645224571228027,0.00020360946655273438
algerian_forest_fires_46279,simpleimputer,,polynomial_features,robust,MLPClassifier(random_state=0),0,0.8775510204081632,,No using Simple Imputer,,1.483107089996338,0.0003445148468017578
algerian_forest_fires_46279,simpleimputer,,polynomial_features,robust,MLPClassifier(random_state=0),1,0.9183673469387755,,No using Simple Imputer,,1.468813180923462,0.0003712177276611328
algerian_forest_fires_46279,simpleimputer,,polynomial_features,robust,MLPClassifier(random_state=0),2,0.8979591836734694,,No using Simple Imputer,,1.4755463600158691,0.00034546852111816406
algerian_forest_fires_46279,simpleimputer,,polynomial_features,robust,MLPClassifier(random_state=0),3,0.9375,,No using Simple Imputer,,1.4976181983947754,0.00036454200744628906
algerian_forest_fires_46279,simpleimputer,,polynomial_features,robust,MLPClassifier(random_state=0),4,0.9375,,No using Simple Imputer,,1.4631333351135254,0.00030875205993652344
algerian_forest_fires_46279,simpleimputer,,nystroem,robust,MLPClassifier(random_state=0),0,0.9387755102040817,,No using Simple Imputer,,0.23061084747314453,0.0003178119659423828
algerian_forest_fires_46279,simpleimputer,,nystroem,robust,MLPClassifier(random_state=0),1,0.9591836734693877,,No using Simple Imputer,,0.2418043613433838,0.0003402233123779297
algerian_forest_fires_46279,simpleimputer,,nystroem,robust,MLPClassifier(random_state=0),2,0.9591836734693877,,No using Simple Imputer,,0.23822832107543945,0.0002923011779785156
algerian_forest_fires_46279,simpleimputer,,nystroem,robust,MLPClassifier(random_state=0),3,0.9791666666666666,,No using Simple Imputer,,0.2539393901824951,0.0003414154052734375
algerian_forest_fires_46279,simpleimputer,,nystroem,robust,MLPClassifier(random_state=0),4,0.9375,,No using Simple Imputer,,0.25863146781921387,0.0003287792205810547
algerian_forest_fires_46279,simpleimputer,,rbf_sampler,robust,MLPClassifier(random_state=0),0,0.7142857142857143,,No using Simple Imputer,,0.20461368560791016,0.0003514289855957031
algerian_forest_fires_46279,simpleimputer,,rbf_sampler,robust,MLPClassifier(random_state=0),1,0.7959183673469388,,No using Simple Imputer,,0.19783782958984375,0.00033783912658691406
algerian_forest_fires_46279,simpleimputer,,rbf_sampler,robust,MLPClassifier(random_state=0),2,0.673469387755102,,No using Simple Imputer,,0.2001020908355713,0.0003674030303955078
algerian_forest_fires_46279,simpleimputer,,rbf_sampler,robust,MLPClassifier(random_state=0),3,0.75,,No using Simple Imputer,,0.18360519409179688,0.0003218650817871094
algerian_forest_fires_46279,simpleimputer,,rbf_sampler,robust,MLPClassifier(random_state=0),4,0.6875,,No using Simple Imputer,,0.20107245445251465,0.00029087066650390625
algerian_forest_fires_46279,simpleimputer,,random_trees_embedding,robust,MLPClassifier(random_state=0),0,0.9183673469387755,,No using Simple Imputer,,0.5949227809906006,0.0006556510925292969
algerian_forest_fires_46279,simpleimputer,,random_trees_embedding,robust,MLPClassifier(random_state=0),1,0.9591836734693877,,No using Simple Imputer,,0.61979079246521,0.0005831718444824219
algerian_forest_fires_46279,simpleimputer,,random_trees_embedding,robust,MLPClassifier(random_state=0),2,0.9387755102040817,,No using Simple Imputer,,0.6314764022827148,0.0005905628204345703
algerian_forest_fires_46279,simpleimputer,,random_trees_embedding,robust,MLPClassifier(random_state=0),3,0.9583333333333334,,No using Simple Imputer,,0.5895802974700928,0.0005855560302734375
algerian_forest_fires_46279,simpleimputer,,random_trees_embedding,robust,MLPClassifier(random_state=0),4,0.9375,,No using Simple Imputer,,0.6593456268310547,0.0006041526794433594
algerian_forest_fires_46279,simpleimputer,,feature_agglomeration,robust,MLPClassifier(random_state=0),0,0.8163265306122449,,No using Simple Imputer,,0.10819029808044434,0.00019216537475585938
algerian_forest_fires_46279,simpleimputer,,feature_agglomeration,robust,MLPClassifier(random_state=0),1,0.8979591836734694,,No using Simple Imputer,,0.08835721015930176,0.00021338462829589844
algerian_forest_fires_46279,simpleimputer,,feature_agglomeration,robust,MLPClassifier(random_state=0),2,0.8571428571428571,,No using Simple Imputer,,0.08857035636901855,0.00021219253540039062
algerian_forest_fires_46279,simpleimputer,,feature_agglomeration,robust,MLPClassifier(random_state=0),3,0.8958333333333334,,No using Simple Imputer,,0.09036564826965332,0.00018286705017089844
algerian_forest_fires_46279,simpleimputer,,feature_agglomeration,robust,MLPClassifier(random_state=0),4,0.875,,No using Simple Imputer,,0.09296441078186035,0.00020742416381835938
algerian_forest_fires_46279,simpleimputer,,extra_tree,robust,MLPClassifier(random_state=0),0,0.9183673469387755,,No using Simple Imputer,,0.09202408790588379,0.00019598007202148438
algerian_forest_fires_46279,simpleimputer,,extra_tree,robust,MLPClassifier(random_state=0),1,0.9387755102040817,,No using Simple Imputer,,0.09268784523010254,0.00019288063049316406
algerian_forest_fires_46279,simpleimputer,,extra_tree,robust,MLPClassifier(random_state=0),2,0.9591836734693877,,No using Simple Imputer,,0.09128069877624512,0.0001888275146484375
algerian_forest_fires_46279,simpleimputer,,extra_tree,robust,MLPClassifier(random_state=0),3,0.9583333333333334,,No using Simple Imputer,,0.10156702995300293,0.0002486705780029297
algerian_forest_fires_46279,simpleimputer,,extra_tree,robust,MLPClassifier(random_state=0),4,0.9791666666666666,,No using Simple Imputer,,0.08989286422729492,0.00018739700317382812
algerian_forest_fires_46279,simpleimputer,,linear_svc,robust,MLPClassifier(random_state=0),0,0.9183673469387755,,No using Simple Imputer,,0.09043264389038086,0.0001823902130126953
algerian_forest_fires_46279,simpleimputer,,linear_svc,robust,MLPClassifier(random_state=0),1,0.9387755102040817,,No using Simple Imputer,,0.09000301361083984,0.0002186298370361328
algerian_forest_fires_46279,simpleimputer,,linear_svc,robust,MLPClassifier(random_state=0),2,0.9591836734693877,,No using Simple Imputer,,0.0897674560546875,0.0001780986785888672
algerian_forest_fires_46279,simpleimputer,,linear_svc,robust,MLPClassifier(random_state=0),3,0.9583333333333334,,No using Simple Imputer,,0.09216856956481934,0.00019884109497070312
algerian_forest_fires_46279,simpleimputer,,linear_svc,robust,MLPClassifier(random_state=0),4,0.9791666666666666,,No using Simple Imputer,,0.09296989440917969,0.00018072128295898438
algerian_forest_fires_46279,simpleimputer,,kernel_pca,robust,MLPClassifier(random_state=0),0,0.9591836734693877,,No using Simple Imputer,,0.12191915512084961,0.00019669532775878906
algerian_forest_fires_46279,simpleimputer,,kernel_pca,robust,MLPClassifier(random_state=0),1,0.9795918367346939,,No using Simple Imputer,,0.12301063537597656,0.00019240379333496094
algerian_forest_fires_46279,simpleimputer,,kernel_pca,robust,MLPClassifier(random_state=0),2,0.9591836734693877,,No using Simple Imputer,,0.13324880599975586,0.0001990795135498047
algerian_forest_fires_46279,simpleimputer,,kernel_pca,robust,MLPClassifier(random_state=0),3,0.9791666666666666,,No using Simple Imputer,,0.1302638053894043,0.0002067089080810547
algerian_forest_fires_46279,simpleimputer,,kernel_pca,robust,MLPClassifier(random_state=0),4,0.9166666666666666,,No using Simple Imputer,,0.13507652282714844,0.0002129077911376953
algerian_forest_fires_46279,simpleimputer,,,normalizer,MLPClassifier(random_state=0),0,0.673469387755102,,No using Simple Imputer,,0.10207009315490723,0.00023603439331054688
algerian_forest_fires_46279,simpleimputer,,,normalizer,MLPClassifier(random_state=0),1,0.6530612244897959,,No using Simple Imputer,,0.09320759773254395,0.00018930435180664062
algerian_forest_fires_46279,simpleimputer,,,normalizer,MLPClassifier(random_state=0),2,0.7346938775510204,,No using Simple Imputer,,0.09290027618408203,0.00019407272338867188
algerian_forest_fires_46279,simpleimputer,,,normalizer,MLPClassifier(random_state=0),3,0.8333333333333334,,No using Simple Imputer,,0.09260678291320801,0.0002143383026123047
algerian_forest_fires_46279,simpleimputer,,,normalizer,MLPClassifier(random_state=0),4,0.6458333333333334,,No using Simple Imputer,,0.09228658676147461,0.0001850128173828125
algerian_forest_fires_46279,simpleimputer,,pca,normalizer,MLPClassifier(random_state=0),0,0.5510204081632653,,No using Simple Imputer,,0.09273505210876465,0.0002205371856689453
algerian_forest_fires_46279,simpleimputer,,pca,normalizer,MLPClassifier(random_state=0),1,0.5510204081632653,,No using Simple Imputer,,0.09222912788391113,0.00021791458129882812
algerian_forest_fires_46279,simpleimputer,,pca,normalizer,MLPClassifier(random_state=0),2,0.5714285714285714,,No using Simple Imputer,,0.09949088096618652,0.00019311904907226562
algerian_forest_fires_46279,simpleimputer,,pca,normalizer,MLPClassifier(random_state=0),3,0.625,,No using Simple Imputer,,0.09330010414123535,0.00018668174743652344
algerian_forest_fires_46279,simpleimputer,,pca,normalizer,MLPClassifier(random_state=0),4,0.5416666666666666,,No using Simple Imputer,,0.10767388343811035,0.00019311904907226562
algerian_forest_fires_46279,simpleimputer,,fastica,normalizer,MLPClassifier(random_state=0),0,0.9795918367346939,,No using Simple Imputer,,0.1154026985168457,0.00019502639770507812
algerian_forest_fires_46279,simpleimputer,,fastica,normalizer,MLPClassifier(random_state=0),1,0.9795918367346939,,No using Simple Imputer,,0.10865020751953125,0.00021457672119140625
algerian_forest_fires_46279,simpleimputer,,fastica,normalizer,MLPClassifier(random_state=0),2,0.9591836734693877,,No using Simple Imputer,,0.10489869117736816,0.0001888275146484375
algerian_forest_fires_46279,simpleimputer,,fastica,normalizer,MLPClassifier(random_state=0),3,0.9791666666666666,,No using Simple Imputer,,0.10226678848266602,0.00018668174743652344
algerian_forest_fires_46279,simpleimputer,,fastica,normalizer,MLPClassifier(random_state=0),4,0.9166666666666666,,No using Simple Imputer,,0.10392975807189941,0.00018978118896484375
algerian_forest_fires_46279,simpleimputer,,truncated_svd,normalizer,MLPClassifier(random_state=0),0,0.5510204081632653,,No using Simple Imputer,,0.008502006530761719,0.0001842975616455078
algerian_forest_fires_46279,simpleimputer,,truncated_svd,normalizer,MLPClassifier(random_state=0),1,0.5510204081632653,,No using Simple Imputer,,0.009384393692016602,0.0001690387725830078
algerian_forest_fires_46279,simpleimputer,,truncated_svd,normalizer,MLPClassifier(random_state=0),2,0.5714285714285714,,No using Simple Imputer,,0.008830547332763672,0.0001583099365234375
algerian_forest_fires_46279,simpleimputer,,truncated_svd,normalizer,MLPClassifier(random_state=0),3,0.6041666666666666,,No using Simple Imputer,,0.0071833133697509766,0.0001773834228515625
algerian_forest_fires_46279,simpleimputer,,truncated_svd,normalizer,MLPClassifier(random_state=0),4,0.5416666666666666,,No using Simple Imputer,,0.008498668670654297,0.00015234947204589844
algerian_forest_fires_46279,simpleimputer,,select_percentile,normalizer,MLPClassifier(random_state=0),0,0.5510204081632653,,No using Simple Imputer,,0.007161855697631836,0.00015115737915039062
algerian_forest_fires_46279,simpleimputer,,select_percentile,normalizer,MLPClassifier(random_state=0),1,0.5510204081632653,,No using Simple Imputer,,0.007264375686645508,0.0001583099365234375
algerian_forest_fires_46279,simpleimputer,,select_percentile,normalizer,MLPClassifier(random_state=0),2,0.5714285714285714,,No using Simple Imputer,,0.0068149566650390625,0.000148773193359375
algerian_forest_fires_46279,simpleimputer,,select_percentile,normalizer,MLPClassifier(random_state=0),3,0.6041666666666666,,No using Simple Imputer,,0.006823301315307617,0.00015163421630859375
algerian_forest_fires_46279,simpleimputer,,select_percentile,normalizer,MLPClassifier(random_state=0),4,0.5416666666666666,,No using Simple Imputer,,0.00801849365234375,0.00016188621520996094
algerian_forest_fires_46279,simpleimputer,,generic_univariate,normalizer,MLPClassifier(random_state=0),0,0.5510204081632653,,No using Simple Imputer,,0.019276857376098633,0.00017380714416503906
algerian_forest_fires_46279,simpleimputer,,generic_univariate,normalizer,MLPClassifier(random_state=0),1,0.5510204081632653,,No using Simple Imputer,,0.01754021644592285,0.00016880035400390625
algerian_forest_fires_46279,simpleimputer,,generic_univariate,normalizer,MLPClassifier(random_state=0),2,0.5714285714285714,,No using Simple Imputer,,0.016581058502197266,0.00018334388732910156
algerian_forest_fires_46279,simpleimputer,,generic_univariate,normalizer,MLPClassifier(random_state=0),3,0.6041666666666666,,No using Simple Imputer,,0.015974044799804688,0.000179290771484375
algerian_forest_fires_46279,simpleimputer,,generic_univariate,normalizer,MLPClassifier(random_state=0),4,0.5416666666666666,,No using Simple Imputer,,0.01768660545349121,0.00016951560974121094
algerian_forest_fires_46279,simpleimputer,,polynomial_features,normalizer,MLPClassifier(random_state=0),0,0.7551020408163265,,No using Simple Imputer,,2.302255392074585,0.0003845691680908203
algerian_forest_fires_46279,simpleimputer,,polynomial_features,normalizer,MLPClassifier(random_state=0),1,0.7755102040816326,,No using Simple Imputer,,1.5431382656097412,0.0003528594970703125
algerian_forest_fires_46279,simpleimputer,,polynomial_features,normalizer,MLPClassifier(random_state=0),2,0.8571428571428571,,No using Simple Imputer,,1.4533581733703613,0.0003502368927001953
algerian_forest_fires_46279,simpleimputer,,polynomial_features,normalizer,MLPClassifier(random_state=0),3,0.8958333333333334,,No using Simple Imputer,,1.677781105041504,0.00038504600524902344
algerian_forest_fires_46279,simpleimputer,,polynomial_features,normalizer,MLPClassifier(random_state=0),4,0.8125,,No using Simple Imputer,,1.584150791168213,0.0003192424774169922
algerian_forest_fires_46279,simpleimputer,,nystroem,normalizer,MLPClassifier(random_state=0),0,0.5510204081632653,,No using Simple Imputer,,0.0836341381072998,0.0002753734588623047
algerian_forest_fires_46279,simpleimputer,,nystroem,normalizer,MLPClassifier(random_state=0),1,0.5510204081632653,,No using Simple Imputer,,0.07571268081665039,0.00027632713317871094
algerian_forest_fires_46279,simpleimputer,,nystroem,normalizer,MLPClassifier(random_state=0),2,0.5714285714285714,,No using Simple Imputer,,0.08510875701904297,0.0003113746643066406
algerian_forest_fires_46279,simpleimputer,,nystroem,normalizer,MLPClassifier(random_state=0),3,0.6041666666666666,,No using Simple Imputer,,0.09257221221923828,0.0003197193145751953
algerian_forest_fires_46279,simpleimputer,,nystroem,normalizer,MLPClassifier(random_state=0),4,0.5416666666666666,,No using Simple Imputer,,0.05094170570373535,0.0002865791320800781
algerian_forest_fires_46279,simpleimputer,,rbf_sampler,normalizer,MLPClassifier(random_state=0),0,0.8367346938775511,,No using Simple Imputer,,0.18251276016235352,0.0003516674041748047
algerian_forest_fires_46279,simpleimputer,,rbf_sampler,normalizer,MLPClassifier(random_state=0),1,0.8571428571428571,,No using Simple Imputer,,0.18746542930603027,0.0003464221954345703
algerian_forest_fires_46279,simpleimputer,,rbf_sampler,normalizer,MLPClassifier(random_state=0),2,0.8775510204081632,,No using Simple Imputer,,0.1931445598602295,0.0003364086151123047
algerian_forest_fires_46279,simpleimputer,,rbf_sampler,normalizer,MLPClassifier(random_state=0),3,0.9166666666666666,,No using Simple Imputer,,0.18259882926940918,0.0003409385681152344
algerian_forest_fires_46279,simpleimputer,,rbf_sampler,normalizer,MLPClassifier(random_state=0),4,0.8958333333333334,,No using Simple Imputer,,0.19115900993347168,0.00028777122497558594
algerian_forest_fires_46279,simpleimputer,,random_trees_embedding,normalizer,MLPClassifier(random_state=0),0,0.9183673469387755,,No using Simple Imputer,,0.5071587562561035,0.0006115436553955078
algerian_forest_fires_46279,simpleimputer,,random_trees_embedding,normalizer,MLPClassifier(random_state=0),1,0.9591836734693877,,No using Simple Imputer,,0.5571095943450928,0.0006155967712402344
algerian_forest_fires_46279,simpleimputer,,random_trees_embedding,normalizer,MLPClassifier(random_state=0),2,0.9387755102040817,,No using Simple Imputer,,0.5377554893493652,0.0006058216094970703
algerian_forest_fires_46279,simpleimputer,,random_trees_embedding,normalizer,MLPClassifier(random_state=0),3,0.9583333333333334,,No using Simple Imputer,,0.6300222873687744,0.0006117820739746094
algerian_forest_fires_46279,simpleimputer,,random_trees_embedding,normalizer,MLPClassifier(random_state=0),4,0.9583333333333334,,No using Simple Imputer,,0.6102049350738525,0.0006709098815917969
algerian_forest_fires_46279,simpleimputer,,feature_agglomeration,normalizer,MLPClassifier(random_state=0),0,0.5510204081632653,,No using Simple Imputer,,0.010594367980957031,0.00018072128295898438
algerian_forest_fires_46279,simpleimputer,,feature_agglomeration,normalizer,MLPClassifier(random_state=0),1,0.5510204081632653,,No using Simple Imputer,,0.009950399398803711,0.00017523765563964844
algerian_forest_fires_46279,simpleimputer,,feature_agglomeration,normalizer,MLPClassifier(random_state=0),2,0.5714285714285714,,No using Simple Imputer,,0.008532285690307617,0.00020575523376464844
algerian_forest_fires_46279,simpleimputer,,feature_agglomeration,normalizer,MLPClassifier(random_state=0),3,0.6041666666666666,,No using Simple Imputer,,0.007611513137817383,0.00017213821411132812
algerian_forest_fires_46279,simpleimputer,,feature_agglomeration,normalizer,MLPClassifier(random_state=0),4,0.5416666666666666,,No using Simple Imputer,,0.008223533630371094,0.000156402587890625
algerian_forest_fires_46279,simpleimputer,,extra_tree,normalizer,MLPClassifier(random_state=0),0,0.5510204081632653,,No using Simple Imputer,,0.008993864059448242,0.0001919269561767578
algerian_forest_fires_46279,simpleimputer,,extra_tree,normalizer,MLPClassifier(random_state=0),1,0.5510204081632653,,No using Simple Imputer,,0.009304046630859375,0.00017905235290527344
algerian_forest_fires_46279,simpleimputer,,extra_tree,normalizer,MLPClassifier(random_state=0),2,0.5714285714285714,,No using Simple Imputer,,0.012789011001586914,0.00020194053649902344
algerian_forest_fires_46279,simpleimputer,,extra_tree,normalizer,MLPClassifier(random_state=0),3,0.6041666666666666,,No using Simple Imputer,,0.007367610931396484,0.00014591217041015625
algerian_forest_fires_46279,simpleimputer,,extra_tree,normalizer,MLPClassifier(random_state=0),4,0.5416666666666666,,No using Simple Imputer,,0.011638879776000977,0.00016236305236816406
algerian_forest_fires_46279,simpleimputer,,linear_svc,normalizer,MLPClassifier(random_state=0),0,0.5510204081632653,,No using Simple Imputer,,0.08873653411865234,0.00018453598022460938
algerian_forest_fires_46279,simpleimputer,,linear_svc,normalizer,MLPClassifier(random_state=0),1,0.5510204081632653,,No using Simple Imputer,,0.08710956573486328,0.00018668174743652344
algerian_forest_fires_46279,simpleimputer,,linear_svc,normalizer,MLPClassifier(random_state=0),2,0.5714285714285714,,No using Simple Imputer,,0.08847403526306152,0.00021314620971679688
algerian_forest_fires_46279,simpleimputer,,linear_svc,normalizer,MLPClassifier(random_state=0),3,0.6666666666666666,,No using Simple Imputer,,0.10243082046508789,0.000247955322265625
algerian_forest_fires_46279,simpleimputer,,linear_svc,normalizer,MLPClassifier(random_state=0),4,0.5416666666666666,,No using Simple Imputer,,0.09421825408935547,0.0002219676971435547
algerian_forest_fires_46279,simpleimputer,,kernel_pca,normalizer,MLPClassifier(random_state=0),0,0.5510204081632653,,No using Simple Imputer,,0.11468935012817383,0.0002231597900390625
algerian_forest_fires_46279,simpleimputer,,kernel_pca,normalizer,MLPClassifier(random_state=0),1,0.5510204081632653,,No using Simple Imputer,,0.13873291015625,0.0002319812774658203
algerian_forest_fires_46279,simpleimputer,,kernel_pca,normalizer,MLPClassifier(random_state=0),2,0.5714285714285714,,No using Simple Imputer,,0.1237187385559082,0.0002129077911376953
algerian_forest_fires_46279,simpleimputer,,kernel_pca,normalizer,MLPClassifier(random_state=0),3,0.6041666666666666,,No using Simple Imputer,,0.11516141891479492,0.0001900196075439453
algerian_forest_fires_46279,simpleimputer,,kernel_pca,normalizer,MLPClassifier(random_state=0),4,0.5416666666666666,,No using Simple Imputer,,0.1151893138885498,0.00019311904907226562
algerian_forest_fires_46279,simpleimputer,,,power,MLPClassifier(random_state=0),0,0.9387755102040817,,No using Simple Imputer,,0.10236692428588867,0.0001888275146484375
algerian_forest_fires_46279,simpleimputer,,,power,MLPClassifier(random_state=0),1,0.9591836734693877,,No using Simple Imputer,,0.1024160385131836,0.0001919269561767578
algerian_forest_fires_46279,simpleimputer,,,power,MLPClassifier(random_state=0),2,0.8979591836734694,,No using Simple Imputer,,0.10234451293945312,0.0001876354217529297
algerian_forest_fires_46279,simpleimputer,,,power,MLPClassifier(random_state=0),3,0.9791666666666666,,No using Simple Imputer,,0.10334420204162598,0.00019311904907226562
algerian_forest_fires_46279,simpleimputer,,,power,MLPClassifier(random_state=0),4,0.9375,,No using Simple Imputer,,0.10290074348449707,0.0001850128173828125
algerian_forest_fires_46279,simpleimputer,,pca,power,MLPClassifier(random_state=0),0,1.0,,No using Simple Imputer,,0.10409927368164062,0.00020432472229003906
algerian_forest_fires_46279,simpleimputer,,pca,power,MLPClassifier(random_state=0),1,0.9795918367346939,,No using Simple Imputer,,0.10246419906616211,0.00018477439880371094
algerian_forest_fires_46279,simpleimputer,,pca,power,MLPClassifier(random_state=0),2,0.9795918367346939,,No using Simple Imputer,,0.10452628135681152,0.00019216537475585938
algerian_forest_fires_46279,simpleimputer,,pca,power,MLPClassifier(random_state=0),3,0.9583333333333334,,No using Simple Imputer,,0.10276055335998535,0.0002243518829345703
algerian_forest_fires_46279,simpleimputer,,pca,power,MLPClassifier(random_state=0),4,0.9583333333333334,,No using Simple Imputer,,0.10245347023010254,0.00023317337036132812
algerian_forest_fires_46279,simpleimputer,,fastica,power,MLPClassifier(random_state=0),0,0.9795918367346939,,No using Simple Imputer,,0.09945130348205566,0.00021696090698242188
algerian_forest_fires_46279,simpleimputer,,fastica,power,MLPClassifier(random_state=0),1,0.9795918367346939,,No using Simple Imputer,,0.10292601585388184,0.0001888275146484375
algerian_forest_fires_46279,simpleimputer,,fastica,power,MLPClassifier(random_state=0),2,0.9591836734693877,,No using Simple Imputer,,0.09925580024719238,0.00018930435180664062
algerian_forest_fires_46279,simpleimputer,,fastica,power,MLPClassifier(random_state=0),3,0.9791666666666666,,No using Simple Imputer,,0.1037893295288086,0.00019049644470214844
algerian_forest_fires_46279,simpleimputer,,fastica,power,MLPClassifier(random_state=0),4,0.9583333333333334,,No using Simple Imputer,,0.10307836532592773,0.0002181529998779297
algerian_forest_fires_46279,simpleimputer,,truncated_svd,power,MLPClassifier(random_state=0),0,0.8979591836734694,,No using Simple Imputer,,0.09057259559631348,0.00020766258239746094
algerian_forest_fires_46279,simpleimputer,,truncated_svd,power,MLPClassifier(random_state=0),1,0.9183673469387755,,No using Simple Imputer,,0.09155464172363281,0.00018525123596191406
algerian_forest_fires_46279,simpleimputer,,truncated_svd,power,MLPClassifier(random_state=0),2,0.9183673469387755,,No using Simple Imputer,,0.09059309959411621,0.00018453598022460938
algerian_forest_fires_46279,simpleimputer,,truncated_svd,power,MLPClassifier(random_state=0),3,0.9375,,No using Simple Imputer,,0.0914771556854248,0.00018358230590820312
algerian_forest_fires_46279,simpleimputer,,truncated_svd,power,MLPClassifier(random_state=0),4,0.9375,,No using Simple Imputer,,0.09132122993469238,0.0002560615539550781
algerian_forest_fires_46279,simpleimputer,,select_percentile,power,MLPClassifier(random_state=0),0,0.9183673469387755,,No using Simple Imputer,,0.088775634765625,0.00020885467529296875
algerian_forest_fires_46279,simpleimputer,,select_percentile,power,MLPClassifier(random_state=0),1,0.9591836734693877,,No using Simple Imputer,,0.08912158012390137,0.00021409988403320312
algerian_forest_fires_46279,simpleimputer,,select_percentile,power,MLPClassifier(random_state=0),2,0.9795918367346939,,No using Simple Imputer,,0.0887148380279541,0.00019073486328125
algerian_forest_fires_46279,simpleimputer,,select_percentile,power,MLPClassifier(random_state=0),3,0.9791666666666666,,No using Simple Imputer,,0.08857369422912598,0.00018167495727539062
algerian_forest_fires_46279,simpleimputer,,select_percentile,power,MLPClassifier(random_state=0),4,0.9791666666666666,,No using Simple Imputer,,0.08941364288330078,0.0002052783966064453
algerian_forest_fires_46279,simpleimputer,,generic_univariate,power,MLPClassifier(random_state=0),0,0.8979591836734694,,No using Simple Imputer,,0.08464527130126953,0.00017833709716796875
algerian_forest_fires_46279,simpleimputer,,generic_univariate,power,MLPClassifier(random_state=0),1,0.9387755102040817,,No using Simple Imputer,,0.08440876007080078,0.000179290771484375
algerian_forest_fires_46279,simpleimputer,,generic_univariate,power,MLPClassifier(random_state=0),2,0.9387755102040817,,No using Simple Imputer,,0.08555269241333008,0.0001842975616455078
algerian_forest_fires_46279,simpleimputer,,generic_univariate,power,MLPClassifier(random_state=0),3,0.9375,,No using Simple Imputer,,0.08462238311767578,0.00017881393432617188
algerian_forest_fires_46279,simpleimputer,,generic_univariate,power,MLPClassifier(random_state=0),4,0.9791666666666666,,No using Simple Imputer,,0.08486390113830566,0.0001811981201171875
algerian_forest_fires_46279,simpleimputer,,polynomial_features,power,MLPClassifier(random_state=0),0,0.9591836734693877,,No using Simple Imputer,,1.3905284404754639,0.0003681182861328125
algerian_forest_fires_46279,simpleimputer,,polynomial_features,power,MLPClassifier(random_state=0),1,0.9387755102040817,,No using Simple Imputer,,1.3749501705169678,0.0003376007080078125
algerian_forest_fires_46279,simpleimputer,,polynomial_features,power,MLPClassifier(random_state=0),2,0.9387755102040817,,No using Simple Imputer,,1.437366008758545,0.0003528594970703125
algerian_forest_fires_46279,simpleimputer,,polynomial_features,power,MLPClassifier(random_state=0),3,0.9375,,No using Simple Imputer,,1.4123015403747559,0.0003490447998046875
algerian_forest_fires_46279,simpleimputer,,polynomial_features,power,MLPClassifier(random_state=0),4,0.9166666666666666,,No using Simple Imputer,,1.3634376525878906,0.0003192424774169922
algerian_forest_fires_46279,simpleimputer,,nystroem,power,MLPClassifier(random_state=0),0,0.9591836734693877,,No using Simple Imputer,,0.2546095848083496,0.00031828880310058594
algerian_forest_fires_46279,simpleimputer,,nystroem,power,MLPClassifier(random_state=0),1,0.9591836734693877,,No using Simple Imputer,,0.2251136302947998,0.00032138824462890625
algerian_forest_fires_46279,simpleimputer,,nystroem,power,MLPClassifier(random_state=0),2,0.9591836734693877,,No using Simple Imputer,,0.20028042793273926,0.000339508056640625
algerian_forest_fires_46279,simpleimputer,,nystroem,power,MLPClassifier(random_state=0),3,0.9791666666666666,,No using Simple Imputer,,0.22438597679138184,0.0003063678741455078
algerian_forest_fires_46279,simpleimputer,,nystroem,power,MLPClassifier(random_state=0),4,0.9375,,No using Simple Imputer,,0.2531139850616455,0.0003132820129394531
algerian_forest_fires_46279,simpleimputer,,rbf_sampler,power,MLPClassifier(random_state=0),0,0.5102040816326531,,No using Simple Imputer,,0.19562363624572754,0.0003185272216796875
algerian_forest_fires_46279,simpleimputer,,rbf_sampler,power,MLPClassifier(random_state=0),1,0.7551020408163265,,No using Simple Imputer,,0.19701218605041504,0.0003254413604736328
algerian_forest_fires_46279,simpleimputer,,rbf_sampler,power,MLPClassifier(random_state=0),2,0.6938775510204082,,No using Simple Imputer,,0.20602750778198242,0.00037384033203125
algerian_forest_fires_46279,simpleimputer,,rbf_sampler,power,MLPClassifier(random_state=0),3,0.6875,,No using Simple Imputer,,0.1946730613708496,0.00036835670471191406
algerian_forest_fires_46279,simpleimputer,,rbf_sampler,power,MLPClassifier(random_state=0),4,0.6875,,No using Simple Imputer,,0.19585013389587402,0.00031447410583496094
algerian_forest_fires_46279,simpleimputer,,random_trees_embedding,power,MLPClassifier(random_state=0),0,0.9591836734693877,,No using Simple Imputer,,0.47551965713500977,0.0006101131439208984
algerian_forest_fires_46279,simpleimputer,,random_trees_embedding,power,MLPClassifier(random_state=0),1,0.9795918367346939,,No using Simple Imputer,,0.4425327777862549,0.0006973743438720703
algerian_forest_fires_46279,simpleimputer,,random_trees_embedding,power,MLPClassifier(random_state=0),2,0.9795918367346939,,No using Simple Imputer,,0.4749794006347656,0.0006189346313476562
algerian_forest_fires_46279,simpleimputer,,random_trees_embedding,power,MLPClassifier(random_state=0),3,0.9791666666666666,,No using Simple Imputer,,0.4421982765197754,0.0006034374237060547
algerian_forest_fires_46279,simpleimputer,,random_trees_embedding,power,MLPClassifier(random_state=0),4,0.9791666666666666,,No using Simple Imputer,,0.45152878761291504,0.0006339550018310547
algerian_forest_fires_46279,simpleimputer,,feature_agglomeration,power,MLPClassifier(random_state=0),0,0.8571428571428571,,No using Simple Imputer,,0.10130000114440918,0.0001842975616455078
algerian_forest_fires_46279,simpleimputer,,feature_agglomeration,power,MLPClassifier(random_state=0),1,0.9183673469387755,,No using Simple Imputer,,0.08949923515319824,0.00023317337036132812
algerian_forest_fires_46279,simpleimputer,,feature_agglomeration,power,MLPClassifier(random_state=0),2,0.8979591836734694,,No using Simple Imputer,,0.08942627906799316,0.00018525123596191406
algerian_forest_fires_46279,simpleimputer,,feature_agglomeration,power,MLPClassifier(random_state=0),3,0.9583333333333334,,No using Simple Imputer,,0.09082794189453125,0.00021505355834960938
algerian_forest_fires_46279,simpleimputer,,feature_agglomeration,power,MLPClassifier(random_state=0),4,0.9166666666666666,,No using Simple Imputer,,0.08980178833007812,0.0001819133758544922
algerian_forest_fires_46279,simpleimputer,,extra_tree,power,MLPClassifier(random_state=0),0,0.9183673469387755,,No using Simple Imputer,,0.09136772155761719,0.000194549560546875
algerian_forest_fires_46279,simpleimputer,,extra_tree,power,MLPClassifier(random_state=0),1,0.9591836734693877,,No using Simple Imputer,,0.09109306335449219,0.00018644332885742188
algerian_forest_fires_46279,simpleimputer,,extra_tree,power,MLPClassifier(random_state=0),2,0.9387755102040817,,No using Simple Imputer,,0.09526610374450684,0.00023031234741210938
algerian_forest_fires_46279,simpleimputer,,extra_tree,power,MLPClassifier(random_state=0),3,0.9791666666666666,,No using Simple Imputer,,0.0915675163269043,0.00018525123596191406
algerian_forest_fires_46279,simpleimputer,,extra_tree,power,MLPClassifier(random_state=0),4,0.9791666666666666,,No using Simple Imputer,,0.09062385559082031,0.00022745132446289062
algerian_forest_fires_46279,simpleimputer,,linear_svc,power,MLPClassifier(random_state=0),0,0.9387755102040817,,No using Simple Imputer,,0.09195828437805176,0.00018978118896484375
algerian_forest_fires_46279,simpleimputer,,linear_svc,power,MLPClassifier(random_state=0),1,0.9795918367346939,,No using Simple Imputer,,0.09305620193481445,0.0001857280731201172
algerian_forest_fires_46279,simpleimputer,,linear_svc,power,MLPClassifier(random_state=0),2,1.0,,No using Simple Imputer,,0.09501767158508301,0.0001857280731201172
algerian_forest_fires_46279,simpleimputer,,linear_svc,power,MLPClassifier(random_state=0),3,0.9375,,No using Simple Imputer,,0.0926201343536377,0.0002124309539794922
algerian_forest_fires_46279,simpleimputer,,linear_svc,power,MLPClassifier(random_state=0),4,0.9791666666666666,,No using Simple Imputer,,0.09105873107910156,0.00020194053649902344
algerian_forest_fires_46279,simpleimputer,,kernel_pca,power,MLPClassifier(random_state=0),0,1.0,,No using Simple Imputer,,0.12338995933532715,0.00019359588623046875
algerian_forest_fires_46279,simpleimputer,,kernel_pca,power,MLPClassifier(random_state=0),1,0.9795918367346939,,No using Simple Imputer,,0.13549590110778809,0.0002503395080566406
algerian_forest_fires_46279,simpleimputer,,kernel_pca,power,MLPClassifier(random_state=0),2,0.9795918367346939,,No using Simple Imputer,,0.1367936134338379,0.0001976490020751953
algerian_forest_fires_46279,simpleimputer,,kernel_pca,power,MLPClassifier(random_state=0),3,0.9791666666666666,,No using Simple Imputer,,0.12488198280334473,0.00018262863159179688
algerian_forest_fires_46279,simpleimputer,,kernel_pca,power,MLPClassifier(random_state=0),4,0.9583333333333334,,No using Simple Imputer,,0.12515759468078613,0.000217437744140625
algerian_forest_fires_46279,simpleimputer,,,quantile,MLPClassifier(random_state=0),0,0.8979591836734694,,No using Simple Imputer,,0.09972810745239258,0.00021338462829589844
algerian_forest_fires_46279,simpleimputer,,,quantile,MLPClassifier(random_state=0),1,0.9387755102040817,,No using Simple Imputer,,0.09885001182556152,0.00018644332885742188
algerian_forest_fires_46279,simpleimputer,,,quantile,MLPClassifier(random_state=0),2,0.8775510204081632,,No using Simple Imputer,,0.09738397598266602,0.00018334388732910156
algerian_forest_fires_46279,simpleimputer,,,quantile,MLPClassifier(random_state=0),3,0.9166666666666666,,No using Simple Imputer,,0.09748411178588867,0.00018310546875
algerian_forest_fires_46279,simpleimputer,,,quantile,MLPClassifier(random_state=0),4,0.9583333333333334,,No using Simple Imputer,,0.10965633392333984,0.00020694732666015625
algerian_forest_fires_46279,simpleimputer,,pca,quantile,MLPClassifier(random_state=0),0,0.9795918367346939,,No using Simple Imputer,,0.10567235946655273,0.000225067138671875
algerian_forest_fires_46279,simpleimputer,,pca,quantile,MLPClassifier(random_state=0),1,0.9795918367346939,,No using Simple Imputer,,0.1016092300415039,0.00018858909606933594
algerian_forest_fires_46279,simpleimputer,,pca,quantile,MLPClassifier(random_state=0),2,0.9591836734693877,,No using Simple Imputer,,0.1009528636932373,0.00021028518676757812
algerian_forest_fires_46279,simpleimputer,,pca,quantile,MLPClassifier(random_state=0),3,0.9583333333333334,,No using Simple Imputer,,0.10161566734313965,0.0002079010009765625
algerian_forest_fires_46279,simpleimputer,,pca,quantile,MLPClassifier(random_state=0),4,0.9791666666666666,,No using Simple Imputer,,0.10145449638366699,0.0002067089080810547
algerian_forest_fires_46279,simpleimputer,,fastica,quantile,MLPClassifier(random_state=0),0,0.8979591836734694,,No using Simple Imputer,,0.09854340553283691,0.0002129077911376953
algerian_forest_fires_46279,simpleimputer,,fastica,quantile,MLPClassifier(random_state=0),1,0.9795918367346939,,No using Simple Imputer,,0.10051870346069336,0.00022602081298828125
algerian_forest_fires_46279,simpleimputer,,fastica,quantile,MLPClassifier(random_state=0),2,0.9795918367346939,,No using Simple Imputer,,0.10135579109191895,0.00021028518676757812
algerian_forest_fires_46279,simpleimputer,,fastica,quantile,MLPClassifier(random_state=0),3,0.9375,,No using Simple Imputer,,0.10277533531188965,0.00018143653869628906
algerian_forest_fires_46279,simpleimputer,,fastica,quantile,MLPClassifier(random_state=0),4,0.9583333333333334,,No using Simple Imputer,,0.10386037826538086,0.00021576881408691406
algerian_forest_fires_46279,simpleimputer,,truncated_svd,quantile,MLPClassifier(random_state=0),0,0.8979591836734694,,No using Simple Imputer,,0.08706831932067871,0.00023603439331054688
algerian_forest_fires_46279,simpleimputer,,truncated_svd,quantile,MLPClassifier(random_state=0),1,0.9591836734693877,,No using Simple Imputer,,0.08759713172912598,0.000186920166015625
algerian_forest_fires_46279,simpleimputer,,truncated_svd,quantile,MLPClassifier(random_state=0),2,0.8979591836734694,,No using Simple Imputer,,0.0870814323425293,0.0001819133758544922
algerian_forest_fires_46279,simpleimputer,,truncated_svd,quantile,MLPClassifier(random_state=0),3,0.8958333333333334,,No using Simple Imputer,,0.09552145004272461,0.00020837783813476562
algerian_forest_fires_46279,simpleimputer,,truncated_svd,quantile,MLPClassifier(random_state=0),4,0.9791666666666666,,No using Simple Imputer,,0.08986043930053711,0.00025153160095214844
algerian_forest_fires_46279,simpleimputer,,select_percentile,quantile,MLPClassifier(random_state=0),0,0.9387755102040817,,No using Simple Imputer,,0.08630895614624023,0.000186920166015625
algerian_forest_fires_46279,simpleimputer,,select_percentile,quantile,MLPClassifier(random_state=0),1,0.9795918367346939,,No using Simple Imputer,,0.08574032783508301,0.0002071857452392578
algerian_forest_fires_46279,simpleimputer,,select_percentile,quantile,MLPClassifier(random_state=0),2,0.9795918367346939,,No using Simple Imputer,,0.08505821228027344,0.00017952919006347656
algerian_forest_fires_46279,simpleimputer,,select_percentile,quantile,MLPClassifier(random_state=0),3,0.9375,,No using Simple Imputer,,0.08470582962036133,0.00017642974853515625
algerian_forest_fires_46279,simpleimputer,,select_percentile,quantile,MLPClassifier(random_state=0),4,1.0,,No using Simple Imputer,,0.08516263961791992,0.0001900196075439453
algerian_forest_fires_46279,simpleimputer,,generic_univariate,quantile,MLPClassifier(random_state=0),0,0.9387755102040817,,No using Simple Imputer,,0.0827178955078125,0.000225067138671875
algerian_forest_fires_46279,simpleimputer,,generic_univariate,quantile,MLPClassifier(random_state=0),1,0.9795918367346939,,No using Simple Imputer,,0.08269667625427246,0.0001876354217529297
algerian_forest_fires_46279,simpleimputer,,generic_univariate,quantile,MLPClassifier(random_state=0),2,0.9795918367346939,,No using Simple Imputer,,0.08266425132751465,0.00018477439880371094
algerian_forest_fires_46279,simpleimputer,,generic_univariate,quantile,MLPClassifier(random_state=0),3,0.9375,,No using Simple Imputer,,0.08259034156799316,0.0002257823944091797
algerian_forest_fires_46279,simpleimputer,,generic_univariate,quantile,MLPClassifier(random_state=0),4,1.0,,No using Simple Imputer,,0.08311629295349121,0.00018215179443359375
algerian_forest_fires_46279,simpleimputer,,polynomial_features,quantile,MLPClassifier(random_state=0),0,0.9795918367346939,,No using Simple Imputer,,1.174060344696045,0.00034165382385253906
algerian_forest_fires_46279,simpleimputer,,polynomial_features,quantile,MLPClassifier(random_state=0),1,0.9591836734693877,,No using Simple Imputer,,1.4265108108520508,0.00035691261291503906
algerian_forest_fires_46279,simpleimputer,,polynomial_features,quantile,MLPClassifier(random_state=0),2,0.9183673469387755,,No using Simple Imputer,,1.4741113185882568,0.0003299713134765625
algerian_forest_fires_46279,simpleimputer,,polynomial_features,quantile,MLPClassifier(random_state=0),3,0.9791666666666666,,No using Simple Imputer,,1.2442541122436523,0.0004603862762451172
algerian_forest_fires_46279,simpleimputer,,polynomial_features,quantile,MLPClassifier(random_state=0),4,0.9791666666666666,,No using Simple Imputer,,1.35552978515625,0.0003294944763183594
algerian_forest_fires_46279,simpleimputer,,nystroem,quantile,MLPClassifier(random_state=0),0,0.9183673469387755,,No using Simple Imputer,,0.25317883491516113,0.0003981590270996094
algerian_forest_fires_46279,simpleimputer,,nystroem,quantile,MLPClassifier(random_state=0),1,0.9591836734693877,,No using Simple Imputer,,0.245774507522583,0.00028777122497558594
algerian_forest_fires_46279,simpleimputer,,nystroem,quantile,MLPClassifier(random_state=0),2,0.8979591836734694,,No using Simple Imputer,,0.25272440910339355,0.00033092498779296875
algerian_forest_fires_46279,simpleimputer,,nystroem,quantile,MLPClassifier(random_state=0),3,0.9375,,No using Simple Imputer,,0.25084853172302246,0.0003895759582519531
algerian_forest_fires_46279,simpleimputer,,nystroem,quantile,MLPClassifier(random_state=0),4,0.9583333333333334,,No using Simple Imputer,,0.2490217685699463,0.00034427642822265625
algerian_forest_fires_46279,simpleimputer,,rbf_sampler,quantile,MLPClassifier(random_state=0),0,0.9795918367346939,,No using Simple Imputer,,0.18948960304260254,0.0003705024719238281
algerian_forest_fires_46279,simpleimputer,,rbf_sampler,quantile,MLPClassifier(random_state=0),1,0.9591836734693877,,No using Simple Imputer,,0.17874407768249512,0.00031566619873046875
algerian_forest_fires_46279,simpleimputer,,rbf_sampler,quantile,MLPClassifier(random_state=0),2,0.9591836734693877,,No using Simple Imputer,,0.17803955078125,0.00025391578674316406
algerian_forest_fires_46279,simpleimputer,,rbf_sampler,quantile,MLPClassifier(random_state=0),3,0.9375,,No using Simple Imputer,,0.1884779930114746,0.0003426074981689453
algerian_forest_fires_46279,simpleimputer,,rbf_sampler,quantile,MLPClassifier(random_state=0),4,0.9583333333333334,,No using Simple Imputer,,0.18575406074523926,0.00034117698669433594
algerian_forest_fires_46279,simpleimputer,,random_trees_embedding,quantile,MLPClassifier(random_state=0),0,0.9387755102040817,,No using Simple Imputer,,0.5302042961120605,0.0005931854248046875
algerian_forest_fires_46279,simpleimputer,,random_trees_embedding,quantile,MLPClassifier(random_state=0),1,0.9795918367346939,,No using Simple Imputer,,0.5169568061828613,0.0005939006805419922
algerian_forest_fires_46279,simpleimputer,,random_trees_embedding,quantile,MLPClassifier(random_state=0),2,0.9183673469387755,,No using Simple Imputer,,0.5887451171875,0.0005991458892822266
algerian_forest_fires_46279,simpleimputer,,random_trees_embedding,quantile,MLPClassifier(random_state=0),3,0.9583333333333334,,No using Simple Imputer,,0.5182468891143799,0.0006060600280761719
algerian_forest_fires_46279,simpleimputer,,random_trees_embedding,quantile,MLPClassifier(random_state=0),4,0.9791666666666666,,No using Simple Imputer,,0.5570378303527832,0.0006415843963623047
algerian_forest_fires_46279,simpleimputer,,feature_agglomeration,quantile,MLPClassifier(random_state=0),0,0.8367346938775511,,No using Simple Imputer,,0.1004173755645752,0.0002205371856689453
algerian_forest_fires_46279,simpleimputer,,feature_agglomeration,quantile,MLPClassifier(random_state=0),1,0.8775510204081632,,No using Simple Imputer,,0.08492088317871094,0.00020384788513183594
algerian_forest_fires_46279,simpleimputer,,feature_agglomeration,quantile,MLPClassifier(random_state=0),2,0.8775510204081632,,No using Simple Imputer,,0.0846242904663086,0.00019884109497070312
algerian_forest_fires_46279,simpleimputer,,feature_agglomeration,quantile,MLPClassifier(random_state=0),3,0.9166666666666666,,No using Simple Imputer,,0.08532309532165527,0.00022673606872558594
algerian_forest_fires_46279,simpleimputer,,feature_agglomeration,quantile,MLPClassifier(random_state=0),4,0.9375,,No using Simple Imputer,,0.08499479293823242,0.0002117156982421875
algerian_forest_fires_46279,simpleimputer,,extra_tree,quantile,MLPClassifier(random_state=0),0,0.8979591836734694,,No using Simple Imputer,,0.09051966667175293,0.0002014636993408203
algerian_forest_fires_46279,simpleimputer,,extra_tree,quantile,MLPClassifier(random_state=0),1,0.9591836734693877,,No using Simple Imputer,,0.08852052688598633,0.00020456314086914062
algerian_forest_fires_46279,simpleimputer,,extra_tree,quantile,MLPClassifier(random_state=0),2,0.8775510204081632,,No using Simple Imputer,,0.08890366554260254,0.00020051002502441406
algerian_forest_fires_46279,simpleimputer,,extra_tree,quantile,MLPClassifier(random_state=0),3,0.9375,,No using Simple Imputer,,0.08777999877929688,0.00021409988403320312
algerian_forest_fires_46279,simpleimputer,,extra_tree,quantile,MLPClassifier(random_state=0),4,0.9375,,No using Simple Imputer,,0.09082746505737305,0.0002200603485107422
algerian_forest_fires_46279,simpleimputer,,linear_svc,quantile,MLPClassifier(random_state=0),0,0.9387755102040817,,No using Simple Imputer,,0.08826494216918945,0.000186920166015625
algerian_forest_fires_46279,simpleimputer,,linear_svc,quantile,MLPClassifier(random_state=0),1,0.9591836734693877,,No using Simple Imputer,,0.08739447593688965,0.0001888275146484375
algerian_forest_fires_46279,simpleimputer,,linear_svc,quantile,MLPClassifier(random_state=0),2,0.9795918367346939,,No using Simple Imputer,,0.08768153190612793,0.00018858909606933594
algerian_forest_fires_46279,simpleimputer,,linear_svc,quantile,MLPClassifier(random_state=0),3,0.9375,,No using Simple Imputer,,0.08851504325866699,0.0002028942108154297
algerian_forest_fires_46279,simpleimputer,,linear_svc,quantile,MLPClassifier(random_state=0),4,0.9583333333333334,,No using Simple Imputer,,0.08848953247070312,0.00021076202392578125
algerian_forest_fires_46279,simpleimputer,,kernel_pca,quantile,MLPClassifier(random_state=0),0,0.9795918367346939,,No using Simple Imputer,,0.12251400947570801,0.0001785755157470703
algerian_forest_fires_46279,simpleimputer,,kernel_pca,quantile,MLPClassifier(random_state=0),1,0.9795918367346939,,No using Simple Imputer,,0.12256860733032227,0.0002429485321044922
algerian_forest_fires_46279,simpleimputer,,kernel_pca,quantile,MLPClassifier(random_state=0),2,0.9387755102040817,,No using Simple Imputer,,0.11940670013427734,0.00019788742065429688
algerian_forest_fires_46279,simpleimputer,,kernel_pca,quantile,MLPClassifier(random_state=0),3,0.9583333333333334,,No using Simple Imputer,,0.12440872192382812,0.0002377033233642578
algerian_forest_fires_46279,simpleimputer,,kernel_pca,quantile,MLPClassifier(random_state=0),4,0.9583333333333334,,No using Simple Imputer,,0.12130141258239746,0.00018668174743652344
algerian_forest_fires_46279,simpleimputer,onehot,,,MLPClassifier(random_state=0),0,0.7755102040816326,,No using Simple Imputer,No using One Hot,0.02413153648376465,0.0011410713195800781
algerian_forest_fires_46279,simpleimputer,onehot,,,MLPClassifier(random_state=0),1,0.7346938775510204,,No using Simple Imputer,No using One Hot,0.02402782440185547,0.0010695457458496094
algerian_forest_fires_46279,simpleimputer,onehot,,,MLPClassifier(random_state=0),2,0.8163265306122449,,No using Simple Imputer,No using One Hot,0.023909807205200195,0.0010783672332763672
algerian_forest_fires_46279,simpleimputer,onehot,,,MLPClassifier(random_state=0),3,0.4166666666666667,,No using Simple Imputer,No using One Hot,0.017127275466918945,0.0010991096496582031
algerian_forest_fires_46279,simpleimputer,onehot,,,MLPClassifier(random_state=0),4,0.7291666666666666,,No using Simple Imputer,No using One Hot,0.026217222213745117,0.0011608600616455078
algerian_forest_fires_46279,simpleimputer,onehot,pca,,MLPClassifier(random_state=0),0,0.9795918367346939,,No using Simple Imputer,No using One Hot,0.10056543350219727,0.0002446174621582031
algerian_forest_fires_46279,simpleimputer,onehot,pca,,MLPClassifier(random_state=0),1,0.9591836734693877,,No using Simple Imputer,No using One Hot,0.10080575942993164,0.00019693374633789062
algerian_forest_fires_46279,simpleimputer,onehot,pca,,MLPClassifier(random_state=0),2,0.9795918367346939,,No using Simple Imputer,No using One Hot,0.10080385208129883,0.00019741058349609375
algerian_forest_fires_46279,simpleimputer,onehot,pca,,MLPClassifier(random_state=0),3,0.9791666666666666,,No using Simple Imputer,No using One Hot,0.10187172889709473,0.0001862049102783203
algerian_forest_fires_46279,simpleimputer,onehot,pca,,MLPClassifier(random_state=0),4,0.9375,,No using Simple Imputer,No using One Hot,0.10181355476379395,0.0002205371856689453
algerian_forest_fires_46279,simpleimputer,onehot,fastica,,MLPClassifier(random_state=0),0,0.7346938775510204,,No using Simple Imputer,No using One Hot,0.10083127021789551,0.00019788742065429688
algerian_forest_fires_46279,simpleimputer,onehot,fastica,,MLPClassifier(random_state=0),1,0.9387755102040817,,No using Simple Imputer,No using One Hot,0.0983731746673584,0.00021696090698242188
algerian_forest_fires_46279,simpleimputer,onehot,fastica,,MLPClassifier(random_state=0),2,0.9183673469387755,,No using Simple Imputer,No using One Hot,0.10351204872131348,0.00019693374633789062
algerian_forest_fires_46279,simpleimputer,onehot,fastica,,MLPClassifier(random_state=0),3,1.0,,No using Simple Imputer,No using One Hot,0.10286521911621094,0.00024890899658203125
algerian_forest_fires_46279,simpleimputer,onehot,fastica,,MLPClassifier(random_state=0),4,0.875,,No using Simple Imputer,No using One Hot,0.10157608985900879,0.0002117156982421875
algerian_forest_fires_46279,simpleimputer,onehot,truncated_svd,,MLPClassifier(random_state=0),0,0.6122448979591837,,No using Simple Imputer,No using One Hot,0.011731386184692383,0.00018978118896484375
algerian_forest_fires_46279,simpleimputer,onehot,truncated_svd,,MLPClassifier(random_state=0),1,0.5918367346938775,,No using Simple Imputer,No using One Hot,0.011929035186767578,0.0001857280731201172
algerian_forest_fires_46279,simpleimputer,onehot,truncated_svd,,MLPClassifier(random_state=0),2,0.7551020408163265,,No using Simple Imputer,No using One Hot,0.013278961181640625,0.0001685619354248047
algerian_forest_fires_46279,simpleimputer,onehot,truncated_svd,,MLPClassifier(random_state=0),3,0.6041666666666666,,No using Simple Imputer,No using One Hot,0.009430408477783203,0.00016570091247558594
algerian_forest_fires_46279,simpleimputer,onehot,truncated_svd,,MLPClassifier(random_state=0),4,0.5833333333333334,,No using Simple Imputer,No using One Hot,0.011493444442749023,0.00014829635620117188
algerian_forest_fires_46279,simpleimputer,onehot,select_percentile,,MLPClassifier(random_state=0),0,0.9591836734693877,,No using Simple Imputer,No using One Hot,0.0896153450012207,0.000202178955078125
algerian_forest_fires_46279,simpleimputer,onehot,select_percentile,,MLPClassifier(random_state=0),1,1.0,,No using Simple Imputer,No using One Hot,0.08408641815185547,0.0002048015594482422
algerian_forest_fires_46279,simpleimputer,onehot,select_percentile,,MLPClassifier(random_state=0),2,0.9591836734693877,,No using Simple Imputer,No using One Hot,0.08335471153259277,0.00020051002502441406
algerian_forest_fires_46279,simpleimputer,onehot,select_percentile,,MLPClassifier(random_state=0),3,0.9583333333333334,,No using Simple Imputer,No using One Hot,0.08391427993774414,0.00022220611572265625
algerian_forest_fires_46279,simpleimputer,onehot,select_percentile,,MLPClassifier(random_state=0),4,0.9375,,No using Simple Imputer,No using One Hot,0.08415436744689941,0.00018310546875
algerian_forest_fires_46279,simpleimputer,onehot,generic_univariate,,MLPClassifier(random_state=0),0,0.6530612244897959,,No using Simple Imputer,No using One Hot,0.08208751678466797,0.00019407272338867188
algerian_forest_fires_46279,simpleimputer,onehot,generic_univariate,,MLPClassifier(random_state=0),1,0.6326530612244898,,No using Simple Imputer,No using One Hot,0.08322501182556152,0.0002129077911376953
algerian_forest_fires_46279,simpleimputer,onehot,generic_univariate,,MLPClassifier(random_state=0),2,0.6122448979591837,,No using Simple Imputer,No using One Hot,0.08233475685119629,0.00018644332885742188
algerian_forest_fires_46279,simpleimputer,onehot,generic_univariate,,MLPClassifier(random_state=0),3,0.7708333333333334,,No using Simple Imputer,No using One Hot,0.083099365234375,0.00020813941955566406
algerian_forest_fires_46279,simpleimputer,onehot,generic_univariate,,MLPClassifier(random_state=0),4,0.6666666666666666,,No using Simple Imputer,No using One Hot,0.08845949172973633,0.0001881122589111328
algerian_forest_fires_46279,simpleimputer,onehot,polynomial_features,,MLPClassifier(random_state=0),0,0.5510204081632653,,No using Simple Imputer,No using One Hot,0.07537364959716797,0.00045990943908691406
algerian_forest_fires_46279,simpleimputer,onehot,polynomial_features,,MLPClassifier(random_state=0),1,0.5510204081632653,,No using Simple Imputer,No using One Hot,0.06724238395690918,0.0003094673156738281
algerian_forest_fires_46279,simpleimputer,onehot,polynomial_features,,MLPClassifier(random_state=0),2,0.5714285714285714,,No using Simple Imputer,No using One Hot,0.08266448974609375,0.00033855438232421875
algerian_forest_fires_46279,simpleimputer,onehot,polynomial_features,,MLPClassifier(random_state=0),3,0.6041666666666666,,No using Simple Imputer,No using One Hot,0.10314345359802246,0.0003101825714111328
algerian_forest_fires_46279,simpleimputer,onehot,polynomial_features,,MLPClassifier(random_state=0),4,0.5416666666666666,,No using Simple Imputer,No using One Hot,0.07448077201843262,0.0003368854522705078
algerian_forest_fires_46279,simpleimputer,onehot,nystroem,,MLPClassifier(random_state=0),0,0.5918367346938775,,No using Simple Imputer,No using One Hot,0.25148534774780273,0.0003345012664794922
algerian_forest_fires_46279,simpleimputer,onehot,nystroem,,MLPClassifier(random_state=0),1,0.5714285714285714,,No using Simple Imputer,No using One Hot,0.24307513236999512,0.00034356117248535156
algerian_forest_fires_46279,simpleimputer,onehot,nystroem,,MLPClassifier(random_state=0),2,0.5714285714285714,,No using Simple Imputer,No using One Hot,0.2542448043823242,0.00034809112548828125
algerian_forest_fires_46279,simpleimputer,onehot,nystroem,,MLPClassifier(random_state=0),3,0.6666666666666666,,No using Simple Imputer,No using One Hot,0.24957704544067383,0.00036406517028808594
algerian_forest_fires_46279,simpleimputer,onehot,nystroem,,MLPClassifier(random_state=0),4,0.5833333333333334,,No using Simple Imputer,No using One Hot,1.153118371963501,0.0004799365997314453
algerian_forest_fires_46279,simpleimputer,onehot,rbf_sampler,,MLPClassifier(random_state=0),0,0.6122448979591837,,No using Simple Imputer,No using One Hot,0.1987464427947998,0.0003211498260498047
algerian_forest_fires_46279,simpleimputer,onehot,rbf_sampler,,MLPClassifier(random_state=0),1,0.5102040816326531,,No using Simple Imputer,No using One Hot,0.1984701156616211,0.0003898143768310547
algerian_forest_fires_46279,simpleimputer,onehot,rbf_sampler,,MLPClassifier(random_state=0),2,0.5102040816326531,,No using Simple Imputer,No using One Hot,0.19934868812561035,0.0003190040588378906
algerian_forest_fires_46279,simpleimputer,onehot,rbf_sampler,,MLPClassifier(random_state=0),3,0.5208333333333334,,No using Simple Imputer,No using One Hot,0.17730426788330078,0.00032591819763183594
algerian_forest_fires_46279,simpleimputer,onehot,rbf_sampler,,MLPClassifier(random_state=0),4,0.5416666666666666,,No using Simple Imputer,No using One Hot,0.20009088516235352,0.00034737586975097656
algerian_forest_fires_46279,simpleimputer,onehot,random_trees_embedding,,MLPClassifier(random_state=0),0,0.9183673469387755,,No using Simple Imputer,No using One Hot,0.4564647674560547,0.0006124973297119141
algerian_forest_fires_46279,simpleimputer,onehot,random_trees_embedding,,MLPClassifier(random_state=0),1,0.9591836734693877,,No using Simple Imputer,No using One Hot,0.5166196823120117,0.0006151199340820312
algerian_forest_fires_46279,simpleimputer,onehot,random_trees_embedding,,MLPClassifier(random_state=0),2,0.9387755102040817,,No using Simple Imputer,No using One Hot,0.5084710121154785,0.0006089210510253906
algerian_forest_fires_46279,simpleimputer,onehot,random_trees_embedding,,MLPClassifier(random_state=0),3,0.9583333333333334,,No using Simple Imputer,No using One Hot,0.4990808963775635,0.0005946159362792969
algerian_forest_fires_46279,simpleimputer,onehot,random_trees_embedding,,MLPClassifier(random_state=0),4,0.9375,,No using Simple Imputer,No using One Hot,0.5157606601715088,0.0006239414215087891
algerian_forest_fires_46279,simpleimputer,onehot,feature_agglomeration,,MLPClassifier(random_state=0),0,0.5510204081632653,,No using Simple Imputer,No using One Hot,0.027618408203125,0.00021529197692871094
algerian_forest_fires_46279,simpleimputer,onehot,feature_agglomeration,,MLPClassifier(random_state=0),1,0.5510204081632653,,No using Simple Imputer,No using One Hot,0.02249884605407715,0.0002028942108154297
algerian_forest_fires_46279,simpleimputer,onehot,feature_agglomeration,,MLPClassifier(random_state=0),2,0.5714285714285714,,No using Simple Imputer,No using One Hot,0.021364212036132812,0.0001895427703857422
algerian_forest_fires_46279,simpleimputer,onehot,feature_agglomeration,,MLPClassifier(random_state=0),3,0.3958333333333333,,No using Simple Imputer,No using One Hot,0.014378070831298828,0.00018095970153808594
algerian_forest_fires_46279,simpleimputer,onehot,feature_agglomeration,,MLPClassifier(random_state=0),4,0.5416666666666666,,No using Simple Imputer,No using One Hot,0.010127782821655273,0.00014495849609375
algerian_forest_fires_46279,simpleimputer,onehot,extra_tree,,MLPClassifier(random_state=0),0,0.9183673469387755,,No using Simple Imputer,No using One Hot,0.08864712715148926,0.00018334388732910156
algerian_forest_fires_46279,simpleimputer,onehot,extra_tree,,MLPClassifier(random_state=0),1,0.7755102040816326,,No using Simple Imputer,No using One Hot,0.010004520416259766,0.00021338462829589844
algerian_forest_fires_46279,simpleimputer,onehot,extra_tree,,MLPClassifier(random_state=0),2,0.8367346938775511,,No using Simple Imputer,No using One Hot,0.010055780410766602,0.0001742839813232422
algerian_forest_fires_46279,simpleimputer,onehot,extra_tree,,MLPClassifier(random_state=0),3,0.7916666666666666,,No using Simple Imputer,No using One Hot,0.011005640029907227,0.0001652240753173828
algerian_forest_fires_46279,simpleimputer,onehot,extra_tree,,MLPClassifier(random_state=0),4,0.9583333333333334,,No using Simple Imputer,No using One Hot,0.08600282669067383,0.0002052783966064453
algerian_forest_fires_46279,simpleimputer,onehot,linear_svc,,MLPClassifier(random_state=0),0,0.9387755102040817,,No using Simple Imputer,No using One Hot,0.09012055397033691,0.00018906593322753906
algerian_forest_fires_46279,simpleimputer,onehot,linear_svc,,MLPClassifier(random_state=0),1,0.9591836734693877,,No using Simple Imputer,No using One Hot,0.08678460121154785,0.0002033710479736328
algerian_forest_fires_46279,simpleimputer,onehot,linear_svc,,MLPClassifier(random_state=0),2,0.9591836734693877,,No using Simple Imputer,No using One Hot,0.08965611457824707,0.0001850128173828125
algerian_forest_fires_46279,simpleimputer,onehot,linear_svc,,MLPClassifier(random_state=0),3,0.9583333333333334,,No using Simple Imputer,No using One Hot,0.08883142471313477,0.00023245811462402344
algerian_forest_fires_46279,simpleimputer,onehot,linear_svc,,MLPClassifier(random_state=0),4,0.9583333333333334,,No using Simple Imputer,No using One Hot,0.09003806114196777,0.00018405914306640625
algerian_forest_fires_46279,simpleimputer,onehot,kernel_pca,,MLPClassifier(random_state=0),0,0.9591836734693877,,No using Simple Imputer,No using One Hot,0.124114990234375,0.0002372264862060547
algerian_forest_fires_46279,simpleimputer,onehot,kernel_pca,,MLPClassifier(random_state=0),1,0.9591836734693877,,No using Simple Imputer,No using One Hot,0.12238574028015137,0.00019550323486328125
algerian_forest_fires_46279,simpleimputer,onehot,kernel_pca,,MLPClassifier(random_state=0),2,0.9591836734693877,,No using Simple Imputer,No using One Hot,0.12187337875366211,0.0002105236053466797
algerian_forest_fires_46279,simpleimputer,onehot,kernel_pca,,MLPClassifier(random_state=0),3,0.9791666666666666,,No using Simple Imputer,No using One Hot,0.1110391616821289,0.00022149085998535156
algerian_forest_fires_46279,simpleimputer,onehot,kernel_pca,,MLPClassifier(random_state=0),4,0.9583333333333334,,No using Simple Imputer,No using One Hot,0.1219182014465332,0.00021409988403320312
algerian_forest_fires_46279,simpleimputer,onehot,,standard,MLPClassifier(random_state=0),0,0.9183673469387755,,No using Simple Imputer,No using One Hot,0.10386323928833008,0.00019311904907226562
algerian_forest_fires_46279,simpleimputer,onehot,,standard,MLPClassifier(random_state=0),1,0.9387755102040817,,No using Simple Imputer,No using One Hot,0.10253429412841797,0.0001842975616455078
algerian_forest_fires_46279,simpleimputer,onehot,,standard,MLPClassifier(random_state=0),2,0.8571428571428571,,No using Simple Imputer,No using One Hot,0.1033473014831543,0.00022220611572265625
algerian_forest_fires_46279,simpleimputer,onehot,,standard,MLPClassifier(random_state=0),3,0.9791666666666666,,No using Simple Imputer,No using One Hot,0.10284304618835449,0.00024056434631347656
algerian_forest_fires_46279,simpleimputer,onehot,,standard,MLPClassifier(random_state=0),4,0.9375,,No using Simple Imputer,No using One Hot,0.1031043529510498,0.00018548965454101562
algerian_forest_fires_46279,simpleimputer,onehot,pca,standard,MLPClassifier(random_state=0),0,0.9591836734693877,,No using Simple Imputer,No using One Hot,0.10476112365722656,0.00021195411682128906
algerian_forest_fires_46279,simpleimputer,onehot,pca,standard,MLPClassifier(random_state=0),1,0.9795918367346939,,No using Simple Imputer,No using One Hot,0.10361075401306152,0.0002524852752685547
algerian_forest_fires_46279,simpleimputer,onehot,pca,standard,MLPClassifier(random_state=0),2,0.9387755102040817,,No using Simple Imputer,No using One Hot,0.10755252838134766,0.00018525123596191406
algerian_forest_fires_46279,simpleimputer,onehot,pca,standard,MLPClassifier(random_state=0),3,0.9583333333333334,,No using Simple Imputer,No using One Hot,0.10260844230651855,0.00018835067749023438
algerian_forest_fires_46279,simpleimputer,onehot,pca,standard,MLPClassifier(random_state=0),4,0.9375,,No using Simple Imputer,No using One Hot,0.1030738353729248,0.00024008750915527344
algerian_forest_fires_46279,simpleimputer,onehot,fastica,standard,MLPClassifier(random_state=0),0,0.8163265306122449,,No using Simple Imputer,No using One Hot,0.09751367568969727,0.00019025802612304688
algerian_forest_fires_46279,simpleimputer,onehot,fastica,standard,MLPClassifier(random_state=0),1,0.5510204081632653,,No using Simple Imputer,No using One Hot,0.013256311416625977,0.0002117156982421875
algerian_forest_fires_46279,simpleimputer,onehot,fastica,standard,MLPClassifier(random_state=0),2,0.9591836734693877,,No using Simple Imputer,No using One Hot,0.10463213920593262,0.0001914501190185547
algerian_forest_fires_46279,simpleimputer,onehot,fastica,standard,MLPClassifier(random_state=0),3,0.9583333333333334,,No using Simple Imputer,No using One Hot,0.10408878326416016,0.00021910667419433594
algerian_forest_fires_46279,simpleimputer,onehot,fastica,standard,MLPClassifier(random_state=0),4,0.9583333333333334,,No using Simple Imputer,No using One Hot,0.10676956176757812,0.0001919269561767578
algerian_forest_fires_46279,simpleimputer,onehot,truncated_svd,standard,MLPClassifier(random_state=0),0,0.8571428571428571,,No using Simple Imputer,No using One Hot,0.09015297889709473,0.0002040863037109375
algerian_forest_fires_46279,simpleimputer,onehot,truncated_svd,standard,MLPClassifier(random_state=0),1,0.8979591836734694,,No using Simple Imputer,No using One Hot,0.09131383895874023,0.00019025802612304688
algerian_forest_fires_46279,simpleimputer,onehot,truncated_svd,standard,MLPClassifier(random_state=0),2,0.8163265306122449,,No using Simple Imputer,No using One Hot,0.0908808708190918,0.0001881122589111328
algerian_forest_fires_46279,simpleimputer,onehot,truncated_svd,standard,MLPClassifier(random_state=0),3,0.9375,,No using Simple Imputer,No using One Hot,0.0912315845489502,0.00023818016052246094
algerian_forest_fires_46279,simpleimputer,onehot,truncated_svd,standard,MLPClassifier(random_state=0),4,0.9375,,No using Simple Imputer,No using One Hot,0.09131050109863281,0.00021004676818847656
algerian_forest_fires_46279,simpleimputer,onehot,select_percentile,standard,MLPClassifier(random_state=0),0,0.9591836734693877,,No using Simple Imputer,No using One Hot,0.09031128883361816,0.00020647048950195312
algerian_forest_fires_46279,simpleimputer,onehot,select_percentile,standard,MLPClassifier(random_state=0),1,0.9795918367346939,,No using Simple Imputer,No using One Hot,0.09119415283203125,0.00019288063049316406
algerian_forest_fires_46279,simpleimputer,onehot,select_percentile,standard,MLPClassifier(random_state=0),2,0.9795918367346939,,No using Simple Imputer,No using One Hot,0.08937740325927734,0.0002658367156982422
algerian_forest_fires_46279,simpleimputer,onehot,select_percentile,standard,MLPClassifier(random_state=0),3,1.0,,No using Simple Imputer,No using One Hot,0.08930468559265137,0.00020575523376464844
algerian_forest_fires_46279,simpleimputer,onehot,select_percentile,standard,MLPClassifier(random_state=0),4,0.9583333333333334,,No using Simple Imputer,No using One Hot,0.08888101577758789,0.00023126602172851562
algerian_forest_fires_46279,simpleimputer,onehot,generic_univariate,standard,MLPClassifier(random_state=0),0,0.8979591836734694,,No using Simple Imputer,No using One Hot,0.08450007438659668,0.00021529197692871094
algerian_forest_fires_46279,simpleimputer,onehot,generic_univariate,standard,MLPClassifier(random_state=0),1,0.9183673469387755,,No using Simple Imputer,No using One Hot,0.08860135078430176,0.00023746490478515625
algerian_forest_fires_46279,simpleimputer,onehot,generic_univariate,standard,MLPClassifier(random_state=0),2,0.9591836734693877,,No using Simple Imputer,No using One Hot,0.09099268913269043,0.0002224445343017578
algerian_forest_fires_46279,simpleimputer,onehot,generic_univariate,standard,MLPClassifier(random_state=0),3,0.9375,,No using Simple Imputer,No using One Hot,0.08707928657531738,0.00020813941955566406
algerian_forest_fires_46279,simpleimputer,onehot,generic_univariate,standard,MLPClassifier(random_state=0),4,0.9791666666666666,,No using Simple Imputer,No using One Hot,0.09249758720397949,0.00018596649169921875
algerian_forest_fires_46279,simpleimputer,onehot,polynomial_features,standard,MLPClassifier(random_state=0),0,0.9183673469387755,,No using Simple Imputer,No using One Hot,1.8686308860778809,0.0003724098205566406
algerian_forest_fires_46279,simpleimputer,onehot,polynomial_features,standard,MLPClassifier(random_state=0),1,0.9387755102040817,,No using Simple Imputer,No using One Hot,1.889861822128296,0.0004088878631591797
algerian_forest_fires_46279,simpleimputer,onehot,polynomial_features,standard,MLPClassifier(random_state=0),2,0.9183673469387755,,No using Simple Imputer,No using One Hot,1.4663574695587158,0.000408172607421875
algerian_forest_fires_46279,simpleimputer,onehot,polynomial_features,standard,MLPClassifier(random_state=0),3,0.9583333333333334,,No using Simple Imputer,No using One Hot,1.346168041229248,0.00035262107849121094
algerian_forest_fires_46279,simpleimputer,onehot,polynomial_features,standard,MLPClassifier(random_state=0),4,0.9375,,No using Simple Imputer,No using One Hot,1.4481227397918701,0.00034332275390625
algerian_forest_fires_46279,simpleimputer,onehot,nystroem,standard,MLPClassifier(random_state=0),0,0.9591836734693877,,No using Simple Imputer,No using One Hot,0.2555665969848633,0.00039958953857421875
algerian_forest_fires_46279,simpleimputer,onehot,nystroem,standard,MLPClassifier(random_state=0),1,0.9591836734693877,,No using Simple Imputer,No using One Hot,0.2572207450866699,0.00031828880310058594
algerian_forest_fires_46279,simpleimputer,onehot,nystroem,standard,MLPClassifier(random_state=0),2,0.9387755102040817,,No using Simple Imputer,No using One Hot,0.22970819473266602,0.0003192424774169922
algerian_forest_fires_46279,simpleimputer,onehot,nystroem,standard,MLPClassifier(random_state=0),3,0.9791666666666666,,No using Simple Imputer,No using One Hot,0.25390076637268066,0.00035762786865234375
algerian_forest_fires_46279,simpleimputer,onehot,nystroem,standard,MLPClassifier(random_state=0),4,0.9375,,No using Simple Imputer,No using One Hot,0.21216201782226562,0.0003314018249511719
algerian_forest_fires_46279,simpleimputer,onehot,rbf_sampler,standard,MLPClassifier(random_state=0),0,0.5918367346938775,,No using Simple Imputer,No using One Hot,0.20353937149047852,0.0003821849822998047
algerian_forest_fires_46279,simpleimputer,onehot,rbf_sampler,standard,MLPClassifier(random_state=0),1,0.7551020408163265,,No using Simple Imputer,No using One Hot,0.19442296028137207,0.0003211498260498047
algerian_forest_fires_46279,simpleimputer,onehot,rbf_sampler,standard,MLPClassifier(random_state=0),2,0.6530612244897959,,No using Simple Imputer,No using One Hot,0.19827604293823242,0.0003619194030761719
algerian_forest_fires_46279,simpleimputer,onehot,rbf_sampler,standard,MLPClassifier(random_state=0),3,0.7083333333333334,,No using Simple Imputer,No using One Hot,0.19263172149658203,0.00033020973205566406
algerian_forest_fires_46279,simpleimputer,onehot,rbf_sampler,standard,MLPClassifier(random_state=0),4,0.6458333333333334,,No using Simple Imputer,No using One Hot,0.19365262985229492,0.0003726482391357422
algerian_forest_fires_46279,simpleimputer,onehot,random_trees_embedding,standard,MLPClassifier(random_state=0),0,0.9183673469387755,,No using Simple Imputer,No using One Hot,0.5589749813079834,0.0006296634674072266
algerian_forest_fires_46279,simpleimputer,onehot,random_trees_embedding,standard,MLPClassifier(random_state=0),1,0.9591836734693877,,No using Simple Imputer,No using One Hot,0.4962422847747803,0.0005831718444824219
algerian_forest_fires_46279,simpleimputer,onehot,random_trees_embedding,standard,MLPClassifier(random_state=0),2,0.9387755102040817,,No using Simple Imputer,No using One Hot,0.5015149116516113,0.0006351470947265625
algerian_forest_fires_46279,simpleimputer,onehot,random_trees_embedding,standard,MLPClassifier(random_state=0),3,0.9583333333333334,,No using Simple Imputer,No using One Hot,0.497145414352417,0.0006306171417236328
algerian_forest_fires_46279,simpleimputer,onehot,random_trees_embedding,standard,MLPClassifier(random_state=0),4,0.9375,,No using Simple Imputer,No using One Hot,0.5127604007720947,0.0006191730499267578
algerian_forest_fires_46279,simpleimputer,onehot,feature_agglomeration,standard,MLPClassifier(random_state=0),0,0.8571428571428571,,No using Simple Imputer,No using One Hot,0.10657858848571777,0.00018334388732910156
algerian_forest_fires_46279,simpleimputer,onehot,feature_agglomeration,standard,MLPClassifier(random_state=0),1,0.8571428571428571,,No using Simple Imputer,No using One Hot,0.08954787254333496,0.00022339820861816406
algerian_forest_fires_46279,simpleimputer,onehot,feature_agglomeration,standard,MLPClassifier(random_state=0),2,0.8571428571428571,,No using Simple Imputer,No using One Hot,0.09004378318786621,0.00024080276489257812
algerian_forest_fires_46279,simpleimputer,onehot,feature_agglomeration,standard,MLPClassifier(random_state=0),3,0.9375,,No using Simple Imputer,No using One Hot,0.09010195732116699,0.00020956993103027344
algerian_forest_fires_46279,simpleimputer,onehot,feature_agglomeration,standard,MLPClassifier(random_state=0),4,0.9166666666666666,,No using Simple Imputer,No using One Hot,0.09521317481994629,0.00024008750915527344
algerian_forest_fires_46279,simpleimputer,onehot,extra_tree,standard,MLPClassifier(random_state=0),0,0.9183673469387755,,No using Simple Imputer,No using One Hot,0.09318876266479492,0.0001919269561767578
algerian_forest_fires_46279,simpleimputer,onehot,extra_tree,standard,MLPClassifier(random_state=0),1,0.9591836734693877,,No using Simple Imputer,No using One Hot,0.09192180633544922,0.00019240379333496094
algerian_forest_fires_46279,simpleimputer,onehot,extra_tree,standard,MLPClassifier(random_state=0),2,0.9795918367346939,,No using Simple Imputer,No using One Hot,0.09220623970031738,0.00023102760314941406
algerian_forest_fires_46279,simpleimputer,onehot,extra_tree,standard,MLPClassifier(random_state=0),3,0.9791666666666666,,No using Simple Imputer,No using One Hot,0.09242415428161621,0.00025916099548339844
algerian_forest_fires_46279,simpleimputer,onehot,extra_tree,standard,MLPClassifier(random_state=0),4,0.9791666666666666,,No using Simple Imputer,No using One Hot,0.09155154228210449,0.00018978118896484375
algerian_forest_fires_46279,simpleimputer,onehot,linear_svc,standard,MLPClassifier(random_state=0),0,0.9387755102040817,,No using Simple Imputer,No using One Hot,0.09729409217834473,0.00021505355834960938
algerian_forest_fires_46279,simpleimputer,onehot,linear_svc,standard,MLPClassifier(random_state=0),1,0.9795918367346939,,No using Simple Imputer,No using One Hot,0.09160876274108887,0.00018835067749023438
algerian_forest_fires_46279,simpleimputer,onehot,linear_svc,standard,MLPClassifier(random_state=0),2,0.9591836734693877,,No using Simple Imputer,No using One Hot,0.09081077575683594,0.0001895427703857422
algerian_forest_fires_46279,simpleimputer,onehot,linear_svc,standard,MLPClassifier(random_state=0),3,0.9583333333333334,,No using Simple Imputer,No using One Hot,0.09288692474365234,0.0001881122589111328
algerian_forest_fires_46279,simpleimputer,onehot,linear_svc,standard,MLPClassifier(random_state=0),4,0.9791666666666666,,No using Simple Imputer,No using One Hot,0.09231448173522949,0.00021266937255859375
algerian_forest_fires_46279,simpleimputer,onehot,kernel_pca,standard,MLPClassifier(random_state=0),0,0.9795918367346939,,No using Simple Imputer,No using One Hot,0.12416839599609375,0.0001957416534423828
algerian_forest_fires_46279,simpleimputer,onehot,kernel_pca,standard,MLPClassifier(random_state=0),1,0.9591836734693877,,No using Simple Imputer,No using One Hot,0.1221466064453125,0.00019478797912597656
algerian_forest_fires_46279,simpleimputer,onehot,kernel_pca,standard,MLPClassifier(random_state=0),2,0.9591836734693877,,No using Simple Imputer,No using One Hot,0.12331795692443848,0.00020813941955566406
algerian_forest_fires_46279,simpleimputer,onehot,kernel_pca,standard,MLPClassifier(random_state=0),3,0.9791666666666666,,No using Simple Imputer,No using One Hot,0.12388896942138672,0.0002276897430419922
algerian_forest_fires_46279,simpleimputer,onehot,kernel_pca,standard,MLPClassifier(random_state=0),4,0.9375,,No using Simple Imputer,No using One Hot,0.12373924255371094,0.00018095970153808594
algerian_forest_fires_46279,simpleimputer,onehot,,minmax,MLPClassifier(random_state=0),0,0.8979591836734694,,No using Simple Imputer,No using One Hot,0.0975637435913086,0.0002086162567138672
algerian_forest_fires_46279,simpleimputer,onehot,,minmax,MLPClassifier(random_state=0),1,0.9387755102040817,,No using Simple Imputer,No using One Hot,0.09797787666320801,0.00019311904907226562
algerian_forest_fires_46279,simpleimputer,onehot,,minmax,MLPClassifier(random_state=0),2,0.8367346938775511,,No using Simple Imputer,No using One Hot,0.09782624244689941,0.00023055076599121094
algerian_forest_fires_46279,simpleimputer,onehot,,minmax,MLPClassifier(random_state=0),3,0.9375,,No using Simple Imputer,No using One Hot,0.09787440299987793,0.00022029876708984375
algerian_forest_fires_46279,simpleimputer,onehot,,minmax,MLPClassifier(random_state=0),4,0.9791666666666666,,No using Simple Imputer,No using One Hot,0.0973978042602539,0.0002193450927734375
algerian_forest_fires_46279,simpleimputer,onehot,pca,minmax,MLPClassifier(random_state=0),0,0.9387755102040817,,No using Simple Imputer,No using One Hot,0.10321259498596191,0.00018596649169921875
algerian_forest_fires_46279,simpleimputer,onehot,pca,minmax,MLPClassifier(random_state=0),1,0.9795918367346939,,No using Simple Imputer,No using One Hot,0.09926176071166992,0.0001919269561767578
algerian_forest_fires_46279,simpleimputer,onehot,pca,minmax,MLPClassifier(random_state=0),2,0.9387755102040817,,No using Simple Imputer,No using One Hot,0.09939336776733398,0.0002617835998535156
algerian_forest_fires_46279,simpleimputer,onehot,pca,minmax,MLPClassifier(random_state=0),3,0.9583333333333334,,No using Simple Imputer,No using One Hot,0.0999898910522461,0.0001919269561767578
algerian_forest_fires_46279,simpleimputer,onehot,pca,minmax,MLPClassifier(random_state=0),4,0.9375,,No using Simple Imputer,No using One Hot,0.10028529167175293,0.0002117156982421875
algerian_forest_fires_46279,simpleimputer,onehot,fastica,minmax,MLPClassifier(random_state=0),0,0.9591836734693877,,No using Simple Imputer,No using One Hot,0.10106301307678223,0.00019478797912597656
algerian_forest_fires_46279,simpleimputer,onehot,fastica,minmax,MLPClassifier(random_state=0),1,0.9795918367346939,,No using Simple Imputer,No using One Hot,0.10779047012329102,0.0002942085266113281
algerian_forest_fires_46279,simpleimputer,onehot,fastica,minmax,MLPClassifier(random_state=0),2,0.9591836734693877,,No using Simple Imputer,No using One Hot,0.10208702087402344,0.00019431114196777344
algerian_forest_fires_46279,simpleimputer,onehot,fastica,minmax,MLPClassifier(random_state=0),3,0.9375,,No using Simple Imputer,No using One Hot,0.10426020622253418,0.0001900196075439453
algerian_forest_fires_46279,simpleimputer,onehot,fastica,minmax,MLPClassifier(random_state=0),4,0.9166666666666666,,No using Simple Imputer,No using One Hot,0.10241937637329102,0.00018978118896484375
algerian_forest_fires_46279,simpleimputer,onehot,truncated_svd,minmax,MLPClassifier(random_state=0),0,0.8571428571428571,,No using Simple Imputer,No using One Hot,0.08632373809814453,0.00022935867309570312
algerian_forest_fires_46279,simpleimputer,onehot,truncated_svd,minmax,MLPClassifier(random_state=0),1,0.8571428571428571,,No using Simple Imputer,No using One Hot,0.08628416061401367,0.00022292137145996094
algerian_forest_fires_46279,simpleimputer,onehot,truncated_svd,minmax,MLPClassifier(random_state=0),2,0.8775510204081632,,No using Simple Imputer,No using One Hot,0.09260439872741699,0.00023245811462402344
algerian_forest_fires_46279,simpleimputer,onehot,truncated_svd,minmax,MLPClassifier(random_state=0),3,0.9166666666666666,,No using Simple Imputer,No using One Hot,0.08767890930175781,0.0002570152282714844
algerian_forest_fires_46279,simpleimputer,onehot,truncated_svd,minmax,MLPClassifier(random_state=0),4,0.9166666666666666,,No using Simple Imputer,No using One Hot,0.08677935600280762,0.0002205371856689453
algerian_forest_fires_46279,simpleimputer,onehot,select_percentile,minmax,MLPClassifier(random_state=0),0,0.9387755102040817,,No using Simple Imputer,No using One Hot,0.08534479141235352,0.00024056434631347656
algerian_forest_fires_46279,simpleimputer,onehot,select_percentile,minmax,MLPClassifier(random_state=0),1,0.9387755102040817,,No using Simple Imputer,No using One Hot,0.08521342277526855,0.0002484321594238281
algerian_forest_fires_46279,simpleimputer,onehot,select_percentile,minmax,MLPClassifier(random_state=0),2,0.9591836734693877,,No using Simple Imputer,No using One Hot,0.0857994556427002,0.00020503997802734375
algerian_forest_fires_46279,simpleimputer,onehot,select_percentile,minmax,MLPClassifier(random_state=0),3,0.9375,,No using Simple Imputer,No using One Hot,0.960181713104248,0.00018858909606933594
algerian_forest_fires_46279,simpleimputer,onehot,select_percentile,minmax,MLPClassifier(random_state=0),4,1.0,,No using Simple Imputer,No using One Hot,0.08496499061584473,0.00018739700317382812
algerian_forest_fires_46279,simpleimputer,onehot,generic_univariate,minmax,MLPClassifier(random_state=0),0,0.7755102040816326,,No using Simple Imputer,No using One Hot,0.08239126205444336,0.00018668174743652344
algerian_forest_fires_46279,simpleimputer,onehot,generic_univariate,minmax,MLPClassifier(random_state=0),1,0.7551020408163265,,No using Simple Imputer,No using One Hot,0.0819094181060791,0.00022912025451660156
algerian_forest_fires_46279,simpleimputer,onehot,generic_univariate,minmax,MLPClassifier(random_state=0),2,0.8367346938775511,,No using Simple Imputer,No using One Hot,0.08240938186645508,0.00021004676818847656
algerian_forest_fires_46279,simpleimputer,onehot,generic_univariate,minmax,MLPClassifier(random_state=0),3,0.875,,No using Simple Imputer,No using One Hot,0.08768033981323242,0.0001926422119140625
algerian_forest_fires_46279,simpleimputer,onehot,generic_univariate,minmax,MLPClassifier(random_state=0),4,0.8125,,No using Simple Imputer,No using One Hot,0.08298754692077637,0.00019073486328125
algerian_forest_fires_46279,simpleimputer,onehot,polynomial_features,minmax,MLPClassifier(random_state=0),0,0.9387755102040817,,No using Simple Imputer,No using One Hot,0.8775675296783447,0.00036716461181640625
algerian_forest_fires_46279,simpleimputer,onehot,polynomial_features,minmax,MLPClassifier(random_state=0),1,0.9591836734693877,,No using Simple Imputer,No using One Hot,0.8427791595458984,0.00034046173095703125
algerian_forest_fires_46279,simpleimputer,onehot,polynomial_features,minmax,MLPClassifier(random_state=0),2,0.9387755102040817,,No using Simple Imputer,No using One Hot,0.9516806602478027,0.0003573894500732422
algerian_forest_fires_46279,simpleimputer,onehot,polynomial_features,minmax,MLPClassifier(random_state=0),3,0.9791666666666666,,No using Simple Imputer,No using One Hot,0.8719136714935303,0.00035572052001953125
algerian_forest_fires_46279,simpleimputer,onehot,polynomial_features,minmax,MLPClassifier(random_state=0),4,0.9583333333333334,,No using Simple Imputer,No using One Hot,0.88265061378479,0.0003705024719238281
algerian_forest_fires_46279,simpleimputer,onehot,nystroem,minmax,MLPClassifier(random_state=0),0,0.9183673469387755,,No using Simple Imputer,No using One Hot,0.24559998512268066,0.00031566619873046875
algerian_forest_fires_46279,simpleimputer,onehot,nystroem,minmax,MLPClassifier(random_state=0),1,0.9387755102040817,,No using Simple Imputer,No using One Hot,0.2397763729095459,0.00033855438232421875
algerian_forest_fires_46279,simpleimputer,onehot,nystroem,minmax,MLPClassifier(random_state=0),2,0.8979591836734694,,No using Simple Imputer,No using One Hot,0.24077129364013672,0.00040793418884277344
algerian_forest_fires_46279,simpleimputer,onehot,nystroem,minmax,MLPClassifier(random_state=0),3,0.9583333333333334,,No using Simple Imputer,No using One Hot,0.23939752578735352,0.0003349781036376953
algerian_forest_fires_46279,simpleimputer,onehot,nystroem,minmax,MLPClassifier(random_state=0),4,0.9791666666666666,,No using Simple Imputer,No using One Hot,0.20002508163452148,0.0003407001495361328
algerian_forest_fires_46279,simpleimputer,onehot,rbf_sampler,minmax,MLPClassifier(random_state=0),0,0.9183673469387755,,No using Simple Imputer,No using One Hot,0.18804550170898438,0.0003294944763183594
algerian_forest_fires_46279,simpleimputer,onehot,rbf_sampler,minmax,MLPClassifier(random_state=0),1,0.9387755102040817,,No using Simple Imputer,No using One Hot,0.18214011192321777,0.0003097057342529297
algerian_forest_fires_46279,simpleimputer,onehot,rbf_sampler,minmax,MLPClassifier(random_state=0),2,0.9183673469387755,,No using Simple Imputer,No using One Hot,0.18133330345153809,0.00029754638671875
algerian_forest_fires_46279,simpleimputer,onehot,rbf_sampler,minmax,MLPClassifier(random_state=0),3,0.9791666666666666,,No using Simple Imputer,No using One Hot,0.18906784057617188,0.00037980079650878906
algerian_forest_fires_46279,simpleimputer,onehot,rbf_sampler,minmax,MLPClassifier(random_state=0),4,0.9583333333333334,,No using Simple Imputer,No using One Hot,0.1868295669555664,0.0003170967102050781
algerian_forest_fires_46279,simpleimputer,onehot,random_trees_embedding,minmax,MLPClassifier(random_state=0),0,0.9183673469387755,,No using Simple Imputer,No using One Hot,0.4920787811279297,0.0006241798400878906
algerian_forest_fires_46279,simpleimputer,onehot,random_trees_embedding,minmax,MLPClassifier(random_state=0),1,0.9591836734693877,,No using Simple Imputer,No using One Hot,0.509178638458252,0.0008184909820556641
algerian_forest_fires_46279,simpleimputer,onehot,random_trees_embedding,minmax,MLPClassifier(random_state=0),2,0.9387755102040817,,No using Simple Imputer,No using One Hot,0.5247237682342529,0.0005908012390136719
algerian_forest_fires_46279,simpleimputer,onehot,random_trees_embedding,minmax,MLPClassifier(random_state=0),3,0.9583333333333334,,No using Simple Imputer,No using One Hot,0.49442291259765625,0.0005924701690673828
algerian_forest_fires_46279,simpleimputer,onehot,random_trees_embedding,minmax,MLPClassifier(random_state=0),4,0.9375,,No using Simple Imputer,No using One Hot,0.4774813652038574,0.0005755424499511719
algerian_forest_fires_46279,simpleimputer,onehot,feature_agglomeration,minmax,MLPClassifier(random_state=0),0,0.7755102040816326,,No using Simple Imputer,No using One Hot,0.1041252613067627,0.00019216537475585938
algerian_forest_fires_46279,simpleimputer,onehot,feature_agglomeration,minmax,MLPClassifier(random_state=0),1,0.7142857142857143,,No using Simple Imputer,No using One Hot,0.08592438697814941,0.00025200843811035156
algerian_forest_fires_46279,simpleimputer,onehot,feature_agglomeration,minmax,MLPClassifier(random_state=0),2,0.8571428571428571,,No using Simple Imputer,No using One Hot,0.08511090278625488,0.00026607513427734375
algerian_forest_fires_46279,simpleimputer,onehot,feature_agglomeration,minmax,MLPClassifier(random_state=0),3,0.8541666666666666,,No using Simple Imputer,No using One Hot,0.08511877059936523,0.00019097328186035156
algerian_forest_fires_46279,simpleimputer,onehot,feature_agglomeration,minmax,MLPClassifier(random_state=0),4,0.8125,,No using Simple Imputer,No using One Hot,0.08498597145080566,0.0002307891845703125
algerian_forest_fires_46279,simpleimputer,onehot,extra_tree,minmax,MLPClassifier(random_state=0),0,0.8979591836734694,,No using Simple Imputer,No using One Hot,0.08908534049987793,0.0002422332763671875
algerian_forest_fires_46279,simpleimputer,onehot,extra_tree,minmax,MLPClassifier(random_state=0),1,0.9387755102040817,,No using Simple Imputer,No using One Hot,0.08810138702392578,0.0001914501190185547
algerian_forest_fires_46279,simpleimputer,onehot,extra_tree,minmax,MLPClassifier(random_state=0),2,0.9387755102040817,,No using Simple Imputer,No using One Hot,0.08760929107666016,0.0001888275146484375
algerian_forest_fires_46279,simpleimputer,onehot,extra_tree,minmax,MLPClassifier(random_state=0),3,0.9583333333333334,,No using Simple Imputer,No using One Hot,0.09167098999023438,0.00018835067749023438
algerian_forest_fires_46279,simpleimputer,onehot,extra_tree,minmax,MLPClassifier(random_state=0),4,0.9791666666666666,,No using Simple Imputer,No using One Hot,0.08743023872375488,0.0001823902130126953
algerian_forest_fires_46279,simpleimputer,onehot,linear_svc,minmax,MLPClassifier(random_state=0),0,0.9591836734693877,,No using Simple Imputer,No using One Hot,0.0879673957824707,0.00024318695068359375
algerian_forest_fires_46279,simpleimputer,onehot,linear_svc,minmax,MLPClassifier(random_state=0),1,0.9795918367346939,,No using Simple Imputer,No using One Hot,0.08783078193664551,0.00019025802612304688
algerian_forest_fires_46279,simpleimputer,onehot,linear_svc,minmax,MLPClassifier(random_state=0),2,0.9387755102040817,,No using Simple Imputer,No using One Hot,0.08608841896057129,0.0001862049102783203
algerian_forest_fires_46279,simpleimputer,onehot,linear_svc,minmax,MLPClassifier(random_state=0),3,0.9791666666666666,,No using Simple Imputer,No using One Hot,0.08786678314208984,0.00018405914306640625
algerian_forest_fires_46279,simpleimputer,onehot,linear_svc,minmax,MLPClassifier(random_state=0),4,0.9791666666666666,,No using Simple Imputer,No using One Hot,0.0884251594543457,0.00018334388732910156
algerian_forest_fires_46279,simpleimputer,onehot,kernel_pca,minmax,MLPClassifier(random_state=0),0,0.9387755102040817,,No using Simple Imputer,No using One Hot,0.1221773624420166,0.00022125244140625
algerian_forest_fires_46279,simpleimputer,onehot,kernel_pca,minmax,MLPClassifier(random_state=0),1,0.9795918367346939,,No using Simple Imputer,No using One Hot,0.12003016471862793,0.00019812583923339844
algerian_forest_fires_46279,simpleimputer,onehot,kernel_pca,minmax,MLPClassifier(random_state=0),2,0.9387755102040817,,No using Simple Imputer,No using One Hot,0.1211397647857666,0.0001995563507080078
algerian_forest_fires_46279,simpleimputer,onehot,kernel_pca,minmax,MLPClassifier(random_state=0),3,0.9583333333333334,,No using Simple Imputer,No using One Hot,0.11026358604431152,0.0001926422119140625
algerian_forest_fires_46279,simpleimputer,onehot,kernel_pca,minmax,MLPClassifier(random_state=0),4,0.9375,,No using Simple Imputer,No using One Hot,0.12079524993896484,0.0002110004425048828
algerian_forest_fires_46279,simpleimputer,onehot,,robust,MLPClassifier(random_state=0),0,0.9183673469387755,,No using Simple Imputer,No using One Hot,0.10299181938171387,0.00018978118896484375
algerian_forest_fires_46279,simpleimputer,onehot,,robust,MLPClassifier(random_state=0),1,0.9387755102040817,,No using Simple Imputer,No using One Hot,0.10255289077758789,0.00019288063049316406
algerian_forest_fires_46279,simpleimputer,onehot,,robust,MLPClassifier(random_state=0),2,0.8775510204081632,,No using Simple Imputer,No using One Hot,0.10753417015075684,0.0001900196075439453
algerian_forest_fires_46279,simpleimputer,onehot,,robust,MLPClassifier(random_state=0),3,0.9791666666666666,,No using Simple Imputer,No using One Hot,0.10279655456542969,0.00022459030151367188
algerian_forest_fires_46279,simpleimputer,onehot,,robust,MLPClassifier(random_state=0),4,0.9583333333333334,,No using Simple Imputer,No using One Hot,0.10925674438476562,0.00019979476928710938
algerian_forest_fires_46279,simpleimputer,onehot,pca,robust,MLPClassifier(random_state=0),0,0.9591836734693877,,No using Simple Imputer,No using One Hot,0.10277867317199707,0.0001919269561767578
algerian_forest_fires_46279,simpleimputer,onehot,pca,robust,MLPClassifier(random_state=0),1,0.9591836734693877,,No using Simple Imputer,No using One Hot,0.10254669189453125,0.00022220611572265625
algerian_forest_fires_46279,simpleimputer,onehot,pca,robust,MLPClassifier(random_state=0),2,0.9591836734693877,,No using Simple Imputer,No using One Hot,0.10268545150756836,0.00020599365234375
algerian_forest_fires_46279,simpleimputer,onehot,pca,robust,MLPClassifier(random_state=0),3,0.9791666666666666,,No using Simple Imputer,No using One Hot,0.10279679298400879,0.0001926422119140625
algerian_forest_fires_46279,simpleimputer,onehot,pca,robust,MLPClassifier(random_state=0),4,0.9583333333333334,,No using Simple Imputer,No using One Hot,0.10254359245300293,0.0001957416534423828
algerian_forest_fires_46279,simpleimputer,onehot,fastica,robust,MLPClassifier(random_state=0),0,0.9387755102040817,,No using Simple Imputer,No using One Hot,0.10218238830566406,0.00019288063049316406
algerian_forest_fires_46279,simpleimputer,onehot,fastica,robust,MLPClassifier(random_state=0),1,0.6326530612244898,,No using Simple Imputer,No using One Hot,0.09578895568847656,0.00019693374633789062
algerian_forest_fires_46279,simpleimputer,onehot,fastica,robust,MLPClassifier(random_state=0),2,0.6326530612244898,,No using Simple Imputer,No using One Hot,0.0959634780883789,0.0001990795135498047
algerian_forest_fires_46279,simpleimputer,onehot,fastica,robust,MLPClassifier(random_state=0),3,0.9583333333333334,,No using Simple Imputer,No using One Hot,0.10395073890686035,0.00019979476928710938
algerian_forest_fires_46279,simpleimputer,onehot,fastica,robust,MLPClassifier(random_state=0),4,0.9583333333333334,,No using Simple Imputer,No using One Hot,0.1021890640258789,0.00021219253540039062
algerian_forest_fires_46279,simpleimputer,onehot,truncated_svd,robust,MLPClassifier(random_state=0),0,0.9183673469387755,,No using Simple Imputer,No using One Hot,0.08953118324279785,0.0002028942108154297
algerian_forest_fires_46279,simpleimputer,onehot,truncated_svd,robust,MLPClassifier(random_state=0),1,0.9183673469387755,,No using Simple Imputer,No using One Hot,0.08970308303833008,0.0002033710479736328
algerian_forest_fires_46279,simpleimputer,onehot,truncated_svd,robust,MLPClassifier(random_state=0),2,0.8979591836734694,,No using Simple Imputer,No using One Hot,0.09046626091003418,0.0001876354217529297
algerian_forest_fires_46279,simpleimputer,onehot,truncated_svd,robust,MLPClassifier(random_state=0),3,0.9375,,No using Simple Imputer,No using One Hot,0.09119200706481934,0.00018715858459472656
algerian_forest_fires_46279,simpleimputer,onehot,truncated_svd,robust,MLPClassifier(random_state=0),4,0.9375,,No using Simple Imputer,No using One Hot,0.0905156135559082,0.00024700164794921875
algerian_forest_fires_46279,simpleimputer,onehot,select_percentile,robust,MLPClassifier(random_state=0),0,0.9591836734693877,,No using Simple Imputer,No using One Hot,0.08867073059082031,0.00024819374084472656
algerian_forest_fires_46279,simpleimputer,onehot,select_percentile,robust,MLPClassifier(random_state=0),1,0.9795918367346939,,No using Simple Imputer,No using One Hot,0.08748245239257812,0.0002040863037109375
algerian_forest_fires_46279,simpleimputer,onehot,select_percentile,robust,MLPClassifier(random_state=0),2,0.9795918367346939,,No using Simple Imputer,No using One Hot,0.0885319709777832,0.00018858909606933594
algerian_forest_fires_46279,simpleimputer,onehot,select_percentile,robust,MLPClassifier(random_state=0),3,1.0,,No using Simple Imputer,No using One Hot,0.09122562408447266,0.0001819133758544922
algerian_forest_fires_46279,simpleimputer,onehot,select_percentile,robust,MLPClassifier(random_state=0),4,0.9583333333333334,,No using Simple Imputer,No using One Hot,0.09231114387512207,0.00018358230590820312
algerian_forest_fires_46279,simpleimputer,onehot,generic_univariate,robust,MLPClassifier(random_state=0),0,0.9387755102040817,,No using Simple Imputer,No using One Hot,0.08704638481140137,0.0001881122589111328
algerian_forest_fires_46279,simpleimputer,onehot,generic_univariate,robust,MLPClassifier(random_state=0),1,0.9387755102040817,,No using Simple Imputer,No using One Hot,0.08423328399658203,0.00019240379333496094
algerian_forest_fires_46279,simpleimputer,onehot,generic_univariate,robust,MLPClassifier(random_state=0),2,1.0,,No using Simple Imputer,No using One Hot,0.08451962471008301,0.00019168853759765625
algerian_forest_fires_46279,simpleimputer,onehot,generic_univariate,robust,MLPClassifier(random_state=0),3,0.9375,,No using Simple Imputer,No using One Hot,0.08463788032531738,0.0001857280731201172
algerian_forest_fires_46279,simpleimputer,onehot,generic_univariate,robust,MLPClassifier(random_state=0),4,1.0,,No using Simple Imputer,No using One Hot,0.08458185195922852,0.00020432472229003906
algerian_forest_fires_46279,simpleimputer,onehot,polynomial_features,robust,MLPClassifier(random_state=0),0,0.8775510204081632,,No using Simple Imputer,No using One Hot,1.4699833393096924,0.0004782676696777344
algerian_forest_fires_46279,simpleimputer,onehot,polynomial_features,robust,MLPClassifier(random_state=0),1,0.9183673469387755,,No using Simple Imputer,No using One Hot,1.2187530994415283,0.00047707557678222656
algerian_forest_fires_46279,simpleimputer,onehot,polynomial_features,robust,MLPClassifier(random_state=0),2,0.8979591836734694,,No using Simple Imputer,No using One Hot,1.3971285820007324,0.0004367828369140625
algerian_forest_fires_46279,simpleimputer,onehot,polynomial_features,robust,MLPClassifier(random_state=0),3,0.9375,,No using Simple Imputer,No using One Hot,1.499263048171997,0.00034165382385253906
algerian_forest_fires_46279,simpleimputer,onehot,polynomial_features,robust,MLPClassifier(random_state=0),4,0.9375,,No using Simple Imputer,No using One Hot,1.3913459777832031,0.00036072731018066406
algerian_forest_fires_46279,simpleimputer,onehot,nystroem,robust,MLPClassifier(random_state=0),0,0.9387755102040817,,No using Simple Imputer,No using One Hot,0.25042057037353516,0.0003409385681152344
algerian_forest_fires_46279,simpleimputer,onehot,nystroem,robust,MLPClassifier(random_state=0),1,0.9591836734693877,,No using Simple Imputer,No using One Hot,0.2184288501739502,0.0003197193145751953
algerian_forest_fires_46279,simpleimputer,onehot,nystroem,robust,MLPClassifier(random_state=0),2,0.9591836734693877,,No using Simple Imputer,No using One Hot,0.24729609489440918,0.0004210472106933594
algerian_forest_fires_46279,simpleimputer,onehot,nystroem,robust,MLPClassifier(random_state=0),3,0.9791666666666666,,No using Simple Imputer,No using One Hot,0.2658865451812744,0.0003387928009033203
algerian_forest_fires_46279,simpleimputer,onehot,nystroem,robust,MLPClassifier(random_state=0),4,0.9375,,No using Simple Imputer,No using One Hot,0.26163506507873535,0.00031447410583496094
algerian_forest_fires_46279,simpleimputer,onehot,rbf_sampler,robust,MLPClassifier(random_state=0),0,0.7142857142857143,,No using Simple Imputer,No using One Hot,0.20134568214416504,0.00038504600524902344
algerian_forest_fires_46279,simpleimputer,onehot,rbf_sampler,robust,MLPClassifier(random_state=0),1,0.7959183673469388,,No using Simple Imputer,No using One Hot,0.1932518482208252,0.00033354759216308594
algerian_forest_fires_46279,simpleimputer,onehot,rbf_sampler,robust,MLPClassifier(random_state=0),2,0.673469387755102,,No using Simple Imputer,No using One Hot,0.19464850425720215,0.00034809112548828125
algerian_forest_fires_46279,simpleimputer,onehot,rbf_sampler,robust,MLPClassifier(random_state=0),3,0.75,,No using Simple Imputer,No using One Hot,0.19127106666564941,0.0003075599670410156
algerian_forest_fires_46279,simpleimputer,onehot,rbf_sampler,robust,MLPClassifier(random_state=0),4,0.6875,,No using Simple Imputer,No using One Hot,0.19751882553100586,0.0003132820129394531
algerian_forest_fires_46279,simpleimputer,onehot,random_trees_embedding,robust,MLPClassifier(random_state=0),0,0.9183673469387755,,No using Simple Imputer,No using One Hot,0.4625399112701416,0.0006144046783447266
algerian_forest_fires_46279,simpleimputer,onehot,random_trees_embedding,robust,MLPClassifier(random_state=0),1,0.9591836734693877,,No using Simple Imputer,No using One Hot,0.5497763156890869,0.0005931854248046875
algerian_forest_fires_46279,simpleimputer,onehot,random_trees_embedding,robust,MLPClassifier(random_state=0),2,0.9387755102040817,,No using Simple Imputer,No using One Hot,0.5160675048828125,0.000614166259765625
algerian_forest_fires_46279,simpleimputer,onehot,random_trees_embedding,robust,MLPClassifier(random_state=0),3,0.9583333333333334,,No using Simple Imputer,No using One Hot,0.497298002243042,0.0006449222564697266
algerian_forest_fires_46279,simpleimputer,onehot,random_trees_embedding,robust,MLPClassifier(random_state=0),4,0.9375,,No using Simple Imputer,No using One Hot,0.5936577320098877,0.0007088184356689453
algerian_forest_fires_46279,simpleimputer,onehot,feature_agglomeration,robust,MLPClassifier(random_state=0),0,0.8163265306122449,,No using Simple Imputer,No using One Hot,0.10417628288269043,0.0001900196075439453
algerian_forest_fires_46279,simpleimputer,onehot,feature_agglomeration,robust,MLPClassifier(random_state=0),1,0.8979591836734694,,No using Simple Imputer,No using One Hot,0.9564180374145508,0.00018835067749023438
algerian_forest_fires_46279,simpleimputer,onehot,feature_agglomeration,robust,MLPClassifier(random_state=0),2,0.8571428571428571,,No using Simple Imputer,No using One Hot,0.08866214752197266,0.00018906593322753906
algerian_forest_fires_46279,simpleimputer,onehot,feature_agglomeration,robust,MLPClassifier(random_state=0),3,0.8958333333333334,,No using Simple Imputer,No using One Hot,0.08827757835388184,0.0001888275146484375
algerian_forest_fires_46279,simpleimputer,onehot,feature_agglomeration,robust,MLPClassifier(random_state=0),4,0.875,,No using Simple Imputer,No using One Hot,0.08916521072387695,0.00019979476928710938
algerian_forest_fires_46279,simpleimputer,onehot,extra_tree,robust,MLPClassifier(random_state=0),0,0.9183673469387755,,No using Simple Imputer,No using One Hot,0.09643959999084473,0.0004570484161376953
algerian_forest_fires_46279,simpleimputer,onehot,extra_tree,robust,MLPClassifier(random_state=0),1,0.9387755102040817,,No using Simple Imputer,No using One Hot,0.09094738960266113,0.00020265579223632812
algerian_forest_fires_46279,simpleimputer,onehot,extra_tree,robust,MLPClassifier(random_state=0),2,0.9591836734693877,,No using Simple Imputer,No using One Hot,0.09495043754577637,0.00022268295288085938
algerian_forest_fires_46279,simpleimputer,onehot,extra_tree,robust,MLPClassifier(random_state=0),3,0.9583333333333334,,No using Simple Imputer,No using One Hot,0.09081006050109863,0.00019431114196777344
algerian_forest_fires_46279,simpleimputer,onehot,extra_tree,robust,MLPClassifier(random_state=0),4,0.9791666666666666,,No using Simple Imputer,No using One Hot,0.09066438674926758,0.00021457672119140625
algerian_forest_fires_46279,simpleimputer,onehot,linear_svc,robust,MLPClassifier(random_state=0),0,0.9183673469387755,,No using Simple Imputer,No using One Hot,0.09074020385742188,0.00024390220642089844
algerian_forest_fires_46279,simpleimputer,onehot,linear_svc,robust,MLPClassifier(random_state=0),1,0.9387755102040817,,No using Simple Imputer,No using One Hot,0.09125518798828125,0.0002651214599609375
algerian_forest_fires_46279,simpleimputer,onehot,linear_svc,robust,MLPClassifier(random_state=0),2,0.9591836734693877,,No using Simple Imputer,No using One Hot,0.09108591079711914,0.00019025802612304688
algerian_forest_fires_46279,simpleimputer,onehot,linear_svc,robust,MLPClassifier(random_state=0),3,0.9583333333333334,,No using Simple Imputer,No using One Hot,0.09131312370300293,0.00022745132446289062
algerian_forest_fires_46279,simpleimputer,onehot,linear_svc,robust,MLPClassifier(random_state=0),4,0.9791666666666666,,No using Simple Imputer,No using One Hot,0.09098482131958008,0.00024437904357910156
algerian_forest_fires_46279,simpleimputer,onehot,kernel_pca,robust,MLPClassifier(random_state=0),0,0.9591836734693877,,No using Simple Imputer,No using One Hot,0.13904237747192383,0.0002512931823730469
algerian_forest_fires_46279,simpleimputer,onehot,kernel_pca,robust,MLPClassifier(random_state=0),1,0.9795918367346939,,No using Simple Imputer,No using One Hot,0.1230161190032959,0.0001888275146484375
algerian_forest_fires_46279,simpleimputer,onehot,kernel_pca,robust,MLPClassifier(random_state=0),2,0.9591836734693877,,No using Simple Imputer,No using One Hot,0.12294840812683105,0.00018405914306640625
algerian_forest_fires_46279,simpleimputer,onehot,kernel_pca,robust,MLPClassifier(random_state=0),3,0.9791666666666666,,No using Simple Imputer,No using One Hot,0.1233212947845459,0.00020003318786621094
algerian_forest_fires_46279,simpleimputer,onehot,kernel_pca,robust,MLPClassifier(random_state=0),4,0.9166666666666666,,No using Simple Imputer,No using One Hot,0.12391066551208496,0.000194549560546875
algerian_forest_fires_46279,simpleimputer,onehot,,normalizer,MLPClassifier(random_state=0),0,0.673469387755102,,No using Simple Imputer,No using One Hot,0.09221553802490234,0.00019240379333496094
algerian_forest_fires_46279,simpleimputer,onehot,,normalizer,MLPClassifier(random_state=0),1,0.6530612244897959,,No using Simple Imputer,No using One Hot,0.09261155128479004,0.00021600723266601562
algerian_forest_fires_46279,simpleimputer,onehot,,normalizer,MLPClassifier(random_state=0),2,0.7346938775510204,,No using Simple Imputer,No using One Hot,0.09246993064880371,0.0001933574676513672
algerian_forest_fires_46279,simpleimputer,onehot,,normalizer,MLPClassifier(random_state=0),3,0.8333333333333334,,No using Simple Imputer,No using One Hot,0.09187817573547363,0.00020122528076171875
algerian_forest_fires_46279,simpleimputer,onehot,,normalizer,MLPClassifier(random_state=0),4,0.6458333333333334,,No using Simple Imputer,No using One Hot,0.09214520454406738,0.00020837783813476562
algerian_forest_fires_46279,simpleimputer,onehot,pca,normalizer,MLPClassifier(random_state=0),0,0.5510204081632653,,No using Simple Imputer,No using One Hot,0.09147930145263672,0.00020766258239746094
algerian_forest_fires_46279,simpleimputer,onehot,pca,normalizer,MLPClassifier(random_state=0),1,0.5510204081632653,,No using Simple Imputer,No using One Hot,0.09155416488647461,0.00019073486328125
algerian_forest_fires_46279,simpleimputer,onehot,pca,normalizer,MLPClassifier(random_state=0),2,0.5714285714285714,,No using Simple Imputer,No using One Hot,0.09274721145629883,0.0002105236053466797
algerian_forest_fires_46279,simpleimputer,onehot,pca,normalizer,MLPClassifier(random_state=0),3,0.625,,No using Simple Imputer,No using One Hot,0.09260010719299316,0.0001919269561767578
algerian_forest_fires_46279,simpleimputer,onehot,pca,normalizer,MLPClassifier(random_state=0),4,0.5416666666666666,,No using Simple Imputer,No using One Hot,0.09237933158874512,0.00019121170043945312
algerian_forest_fires_46279,simpleimputer,onehot,fastica,normalizer,MLPClassifier(random_state=0),0,0.9795918367346939,,No using Simple Imputer,No using One Hot,0.10610127449035645,0.0001900196075439453
algerian_forest_fires_46279,simpleimputer,onehot,fastica,normalizer,MLPClassifier(random_state=0),1,0.9795918367346939,,No using Simple Imputer,No using One Hot,0.11130905151367188,0.00019669532775878906
algerian_forest_fires_46279,simpleimputer,onehot,fastica,normalizer,MLPClassifier(random_state=0),2,0.9591836734693877,,No using Simple Imputer,No using One Hot,0.10544466972351074,0.00022459030151367188
algerian_forest_fires_46279,simpleimputer,onehot,fastica,normalizer,MLPClassifier(random_state=0),3,0.9791666666666666,,No using Simple Imputer,No using One Hot,0.10423064231872559,0.0001983642578125
algerian_forest_fires_46279,simpleimputer,onehot,fastica,normalizer,MLPClassifier(random_state=0),4,0.9166666666666666,,No using Simple Imputer,No using One Hot,0.10492849349975586,0.00019979476928710938
algerian_forest_fires_46279,simpleimputer,onehot,truncated_svd,normalizer,MLPClassifier(random_state=0),0,0.5510204081632653,,No using Simple Imputer,No using One Hot,0.011245965957641602,0.00018906593322753906
algerian_forest_fires_46279,simpleimputer,onehot,truncated_svd,normalizer,MLPClassifier(random_state=0),1,0.5510204081632653,,No using Simple Imputer,No using One Hot,0.008403301239013672,0.00014495849609375
algerian_forest_fires_46279,simpleimputer,onehot,truncated_svd,normalizer,MLPClassifier(random_state=0),2,0.5714285714285714,,No using Simple Imputer,No using One Hot,0.008251667022705078,0.00014925003051757812
algerian_forest_fires_46279,simpleimputer,onehot,truncated_svd,normalizer,MLPClassifier(random_state=0),3,0.6041666666666666,,No using Simple Imputer,No using One Hot,0.007456302642822266,0.00014925003051757812
algerian_forest_fires_46279,simpleimputer,onehot,truncated_svd,normalizer,MLPClassifier(random_state=0),4,0.5416666666666666,,No using Simple Imputer,No using One Hot,0.008516311645507812,0.0001697540283203125
algerian_forest_fires_46279,simpleimputer,onehot,select_percentile,normalizer,MLPClassifier(random_state=0),0,0.5510204081632653,,No using Simple Imputer,No using One Hot,0.007234811782836914,0.00015401840209960938
algerian_forest_fires_46279,simpleimputer,onehot,select_percentile,normalizer,MLPClassifier(random_state=0),1,0.5510204081632653,,No using Simple Imputer,No using One Hot,0.007170438766479492,0.0001513957977294922
algerian_forest_fires_46279,simpleimputer,onehot,select_percentile,normalizer,MLPClassifier(random_state=0),2,0.5714285714285714,,No using Simple Imputer,No using One Hot,0.0068323612213134766,0.0001811981201171875
algerian_forest_fires_46279,simpleimputer,onehot,select_percentile,normalizer,MLPClassifier(random_state=0),3,0.6041666666666666,,No using Simple Imputer,No using One Hot,0.006773948669433594,0.00014781951904296875
algerian_forest_fires_46279,simpleimputer,onehot,select_percentile,normalizer,MLPClassifier(random_state=0),4,0.5416666666666666,,No using Simple Imputer,No using One Hot,0.007187366485595703,0.00014472007751464844
algerian_forest_fires_46279,simpleimputer,onehot,generic_univariate,normalizer,MLPClassifier(random_state=0),0,0.5510204081632653,,No using Simple Imputer,No using One Hot,0.01764082908630371,0.00017499923706054688
algerian_forest_fires_46279,simpleimputer,onehot,generic_univariate,normalizer,MLPClassifier(random_state=0),1,0.5510204081632653,,No using Simple Imputer,No using One Hot,0.01753520965576172,0.00015306472778320312
algerian_forest_fires_46279,simpleimputer,onehot,generic_univariate,normalizer,MLPClassifier(random_state=0),2,0.5714285714285714,,No using Simple Imputer,No using One Hot,0.01686239242553711,0.0001704692840576172
algerian_forest_fires_46279,simpleimputer,onehot,generic_univariate,normalizer,MLPClassifier(random_state=0),3,0.6041666666666666,,No using Simple Imputer,No using One Hot,0.016025304794311523,0.00017833709716796875
algerian_forest_fires_46279,simpleimputer,onehot,generic_univariate,normalizer,MLPClassifier(random_state=0),4,0.5416666666666666,,No using Simple Imputer,No using One Hot,0.017920732498168945,0.0001659393310546875
algerian_forest_fires_46279,simpleimputer,onehot,polynomial_features,normalizer,MLPClassifier(random_state=0),0,0.7551020408163265,,No using Simple Imputer,No using One Hot,0.9834961891174316,0.0003147125244140625
algerian_forest_fires_46279,simpleimputer,onehot,polynomial_features,normalizer,MLPClassifier(random_state=0),1,0.7755102040816326,,No using Simple Imputer,No using One Hot,1.0542409420013428,0.0003445148468017578
algerian_forest_fires_46279,simpleimputer,onehot,polynomial_features,normalizer,MLPClassifier(random_state=0),2,0.8571428571428571,,No using Simple Imputer,No using One Hot,1.9236528873443604,0.0003197193145751953
algerian_forest_fires_46279,simpleimputer,onehot,polynomial_features,normalizer,MLPClassifier(random_state=0),3,0.8958333333333334,,No using Simple Imputer,No using One Hot,0.8381898403167725,0.000354766845703125
algerian_forest_fires_46279,simpleimputer,onehot,polynomial_features,normalizer,MLPClassifier(random_state=0),4,0.8125,,No using Simple Imputer,No using One Hot,1.229705572128296,0.00031185150146484375
algerian_forest_fires_46279,simpleimputer,onehot,nystroem,normalizer,MLPClassifier(random_state=0),0,0.5510204081632653,,No using Simple Imputer,No using One Hot,0.05741429328918457,0.00038886070251464844
algerian_forest_fires_46279,simpleimputer,onehot,nystroem,normalizer,MLPClassifier(random_state=0),1,0.5510204081632653,,No using Simple Imputer,No using One Hot,0.09147334098815918,0.00031948089599609375
algerian_forest_fires_46279,simpleimputer,onehot,nystroem,normalizer,MLPClassifier(random_state=0),2,0.5714285714285714,,No using Simple Imputer,No using One Hot,0.09378361701965332,0.00039315223693847656
algerian_forest_fires_46279,simpleimputer,onehot,nystroem,normalizer,MLPClassifier(random_state=0),3,0.6041666666666666,,No using Simple Imputer,No using One Hot,0.045462846755981445,0.0002963542938232422
algerian_forest_fires_46279,simpleimputer,onehot,nystroem,normalizer,MLPClassifier(random_state=0),4,0.5416666666666666,,No using Simple Imputer,No using One Hot,0.08929991722106934,0.0003337860107421875
algerian_forest_fires_46279,simpleimputer,onehot,rbf_sampler,normalizer,MLPClassifier(random_state=0),0,0.8367346938775511,,No using Simple Imputer,No using One Hot,0.22564482688903809,0.0005850791931152344
algerian_forest_fires_46279,simpleimputer,onehot,rbf_sampler,normalizer,MLPClassifier(random_state=0),1,0.8571428571428571,,No using Simple Imputer,No using One Hot,0.18714165687561035,0.0003097057342529297
algerian_forest_fires_46279,simpleimputer,onehot,rbf_sampler,normalizer,MLPClassifier(random_state=0),2,0.8775510204081632,,No using Simple Imputer,No using One Hot,0.17935538291931152,0.0003502368927001953
algerian_forest_fires_46279,simpleimputer,onehot,rbf_sampler,normalizer,MLPClassifier(random_state=0),3,0.9166666666666666,,No using Simple Imputer,No using One Hot,0.18832063674926758,0.00034737586975097656
algerian_forest_fires_46279,simpleimputer,onehot,rbf_sampler,normalizer,MLPClassifier(random_state=0),4,0.8958333333333334,,No using Simple Imputer,No using One Hot,0.1867234706878662,0.0003154277801513672
algerian_forest_fires_46279,simpleimputer,onehot,random_trees_embedding,normalizer,MLPClassifier(random_state=0),0,0.9183673469387755,,No using Simple Imputer,No using One Hot,0.5103721618652344,0.0005824565887451172
algerian_forest_fires_46279,simpleimputer,onehot,random_trees_embedding,normalizer,MLPClassifier(random_state=0),1,0.9591836734693877,,No using Simple Imputer,No using One Hot,0.5894725322723389,0.0006570816040039062
algerian_forest_fires_46279,simpleimputer,onehot,random_trees_embedding,normalizer,MLPClassifier(random_state=0),2,0.9387755102040817,,No using Simple Imputer,No using One Hot,0.5320243835449219,0.0006346702575683594
algerian_forest_fires_46279,simpleimputer,onehot,random_trees_embedding,normalizer,MLPClassifier(random_state=0),3,0.9583333333333334,,No using Simple Imputer,No using One Hot,0.47467875480651855,0.0006384849548339844
algerian_forest_fires_46279,simpleimputer,onehot,random_trees_embedding,normalizer,MLPClassifier(random_state=0),4,0.9583333333333334,,No using Simple Imputer,No using One Hot,0.4855194091796875,0.0006582736968994141
algerian_forest_fires_46279,simpleimputer,onehot,feature_agglomeration,normalizer,MLPClassifier(random_state=0),0,0.5510204081632653,,No using Simple Imputer,No using One Hot,0.010236740112304688,0.00021314620971679688
algerian_forest_fires_46279,simpleimputer,onehot,feature_agglomeration,normalizer,MLPClassifier(random_state=0),1,0.5510204081632653,,No using Simple Imputer,No using One Hot,0.010017633438110352,0.000194549560546875
algerian_forest_fires_46279,simpleimputer,onehot,feature_agglomeration,normalizer,MLPClassifier(random_state=0),2,0.5714285714285714,,No using Simple Imputer,No using One Hot,0.008396148681640625,0.00015878677368164062
algerian_forest_fires_46279,simpleimputer,onehot,feature_agglomeration,normalizer,MLPClassifier(random_state=0),3,0.6041666666666666,,No using Simple Imputer,No using One Hot,0.0074045658111572266,0.00015091896057128906
algerian_forest_fires_46279,simpleimputer,onehot,feature_agglomeration,normalizer,MLPClassifier(random_state=0),4,0.5416666666666666,,No using Simple Imputer,No using One Hot,0.008084774017333984,0.0002090930938720703
algerian_forest_fires_46279,simpleimputer,onehot,extra_tree,normalizer,MLPClassifier(random_state=0),0,0.5510204081632653,,No using Simple Imputer,No using One Hot,0.009094476699829102,0.00015974044799804688
algerian_forest_fires_46279,simpleimputer,onehot,extra_tree,normalizer,MLPClassifier(random_state=0),1,0.5510204081632653,,No using Simple Imputer,No using One Hot,0.009007692337036133,0.00014925003051757812
algerian_forest_fires_46279,simpleimputer,onehot,extra_tree,normalizer,MLPClassifier(random_state=0),2,0.5714285714285714,,No using Simple Imputer,No using One Hot,0.010625600814819336,0.0001556873321533203
algerian_forest_fires_46279,simpleimputer,onehot,extra_tree,normalizer,MLPClassifier(random_state=0),3,0.6041666666666666,,No using Simple Imputer,No using One Hot,0.007303476333618164,0.0001659393310546875
algerian_forest_fires_46279,simpleimputer,onehot,extra_tree,normalizer,MLPClassifier(random_state=0),4,0.5416666666666666,,No using Simple Imputer,No using One Hot,0.011504411697387695,0.00017070770263671875
algerian_forest_fires_46279,simpleimputer,onehot,linear_svc,normalizer,MLPClassifier(random_state=0),0,0.5510204081632653,,No using Simple Imputer,No using One Hot,0.08763694763183594,0.00020241737365722656
algerian_forest_fires_46279,simpleimputer,onehot,linear_svc,normalizer,MLPClassifier(random_state=0),1,0.5510204081632653,,No using Simple Imputer,No using One Hot,0.09076285362243652,0.00018453598022460938
algerian_forest_fires_46279,simpleimputer,onehot,linear_svc,normalizer,MLPClassifier(random_state=0),2,0.5714285714285714,,No using Simple Imputer,No using One Hot,0.08786511421203613,0.00021576881408691406
algerian_forest_fires_46279,simpleimputer,onehot,linear_svc,normalizer,MLPClassifier(random_state=0),3,0.6666666666666666,,No using Simple Imputer,No using One Hot,0.08850646018981934,0.0002627372741699219
algerian_forest_fires_46279,simpleimputer,onehot,linear_svc,normalizer,MLPClassifier(random_state=0),4,0.5416666666666666,,No using Simple Imputer,No using One Hot,0.0887296199798584,0.00018787384033203125
algerian_forest_fires_46279,simpleimputer,onehot,kernel_pca,normalizer,MLPClassifier(random_state=0),0,0.5510204081632653,,No using Simple Imputer,No using One Hot,0.11731433868408203,0.00019168853759765625
algerian_forest_fires_46279,simpleimputer,onehot,kernel_pca,normalizer,MLPClassifier(random_state=0),1,0.5510204081632653,,No using Simple Imputer,No using One Hot,0.11470413208007812,0.00019550323486328125
algerian_forest_fires_46279,simpleimputer,onehot,kernel_pca,normalizer,MLPClassifier(random_state=0),2,0.5714285714285714,,No using Simple Imputer,No using One Hot,0.1158742904663086,0.00019168853759765625
algerian_forest_fires_46279,simpleimputer,onehot,kernel_pca,normalizer,MLPClassifier(random_state=0),3,0.6041666666666666,,No using Simple Imputer,No using One Hot,0.12523221969604492,0.00022840499877929688
algerian_forest_fires_46279,simpleimputer,onehot,kernel_pca,normalizer,MLPClassifier(random_state=0),4,0.5416666666666666,,No using Simple Imputer,No using One Hot,0.1173105239868164,0.00019288063049316406
algerian_forest_fires_46279,simpleimputer,onehot,,power,MLPClassifier(random_state=0),0,0.9387755102040817,,No using Simple Imputer,No using One Hot,0.10209369659423828,0.0002129077911376953
algerian_forest_fires_46279,simpleimputer,onehot,,power,MLPClassifier(random_state=0),1,0.9591836734693877,,No using Simple Imputer,No using One Hot,0.1027979850769043,0.00021648406982421875
algerian_forest_fires_46279,simpleimputer,onehot,,power,MLPClassifier(random_state=0),2,0.8979591836734694,,No using Simple Imputer,No using One Hot,0.10899925231933594,0.0002460479736328125
algerian_forest_fires_46279,simpleimputer,onehot,,power,MLPClassifier(random_state=0),3,0.9791666666666666,,No using Simple Imputer,No using One Hot,0.10354280471801758,0.00019121170043945312
algerian_forest_fires_46279,simpleimputer,onehot,,power,MLPClassifier(random_state=0),4,0.9375,,No using Simple Imputer,No using One Hot,0.10311317443847656,0.0002455711364746094
algerian_forest_fires_46279,simpleimputer,onehot,pca,power,MLPClassifier(random_state=0),0,1.0,,No using Simple Imputer,No using One Hot,0.10274958610534668,0.00019216537475585938
algerian_forest_fires_46279,simpleimputer,onehot,pca,power,MLPClassifier(random_state=0),1,0.9795918367346939,,No using Simple Imputer,No using One Hot,0.10239911079406738,0.00022864341735839844
algerian_forest_fires_46279,simpleimputer,onehot,pca,power,MLPClassifier(random_state=0),2,0.9795918367346939,,No using Simple Imputer,No using One Hot,0.11346864700317383,0.00020575523376464844
algerian_forest_fires_46279,simpleimputer,onehot,pca,power,MLPClassifier(random_state=0),3,0.9583333333333334,,No using Simple Imputer,No using One Hot,0.1031501293182373,0.0002110004425048828
algerian_forest_fires_46279,simpleimputer,onehot,pca,power,MLPClassifier(random_state=0),4,0.9583333333333334,,No using Simple Imputer,No using One Hot,0.10667991638183594,0.0002067089080810547
algerian_forest_fires_46279,simpleimputer,onehot,fastica,power,MLPClassifier(random_state=0),0,0.9795918367346939,,No using Simple Imputer,No using One Hot,0.09968256950378418,0.0001914501190185547
algerian_forest_fires_46279,simpleimputer,onehot,fastica,power,MLPClassifier(random_state=0),1,0.9795918367346939,,No using Simple Imputer,No using One Hot,0.10323786735534668,0.00020885467529296875
algerian_forest_fires_46279,simpleimputer,onehot,fastica,power,MLPClassifier(random_state=0),2,0.9591836734693877,,No using Simple Imputer,No using One Hot,0.09974908828735352,0.0002162456512451172
algerian_forest_fires_46279,simpleimputer,onehot,fastica,power,MLPClassifier(random_state=0),3,0.9791666666666666,,No using Simple Imputer,No using One Hot,0.10315656661987305,0.00018835067749023438
algerian_forest_fires_46279,simpleimputer,onehot,fastica,power,MLPClassifier(random_state=0),4,0.9583333333333334,,No using Simple Imputer,No using One Hot,0.10386347770690918,0.000186920166015625
algerian_forest_fires_46279,simpleimputer,onehot,truncated_svd,power,MLPClassifier(random_state=0),0,0.8979591836734694,,No using Simple Imputer,No using One Hot,0.08987307548522949,0.0001800060272216797
algerian_forest_fires_46279,simpleimputer,onehot,truncated_svd,power,MLPClassifier(random_state=0),1,0.9183673469387755,,No using Simple Imputer,No using One Hot,0.09053921699523926,0.00018548965454101562
algerian_forest_fires_46279,simpleimputer,onehot,truncated_svd,power,MLPClassifier(random_state=0),2,0.9183673469387755,,No using Simple Imputer,No using One Hot,0.09046244621276855,0.00020956993103027344
algerian_forest_fires_46279,simpleimputer,onehot,truncated_svd,power,MLPClassifier(random_state=0),3,0.9375,,No using Simple Imputer,No using One Hot,0.09077072143554688,0.0001842975616455078
algerian_forest_fires_46279,simpleimputer,onehot,truncated_svd,power,MLPClassifier(random_state=0),4,0.9375,,No using Simple Imputer,No using One Hot,0.09126973152160645,0.0001857280731201172
algerian_forest_fires_46279,simpleimputer,onehot,select_percentile,power,MLPClassifier(random_state=0),0,0.9183673469387755,,No using Simple Imputer,No using One Hot,0.0887153148651123,0.00020432472229003906
algerian_forest_fires_46279,simpleimputer,onehot,select_percentile,power,MLPClassifier(random_state=0),1,0.9591836734693877,,No using Simple Imputer,No using One Hot,0.0974113941192627,0.0002028942108154297
algerian_forest_fires_46279,simpleimputer,onehot,select_percentile,power,MLPClassifier(random_state=0),2,0.9795918367346939,,No using Simple Imputer,No using One Hot,0.08868789672851562,0.00022292137145996094
algerian_forest_fires_46279,simpleimputer,onehot,select_percentile,power,MLPClassifier(random_state=0),3,0.9791666666666666,,No using Simple Imputer,No using One Hot,0.09401917457580566,0.0002033710479736328
algerian_forest_fires_46279,simpleimputer,onehot,select_percentile,power,MLPClassifier(random_state=0),4,0.9791666666666666,,No using Simple Imputer,No using One Hot,0.09432196617126465,0.00018334388732910156
algerian_forest_fires_46279,simpleimputer,onehot,generic_univariate,power,MLPClassifier(random_state=0),0,0.8979591836734694,,No using Simple Imputer,No using One Hot,0.08464813232421875,0.0001857280731201172
algerian_forest_fires_46279,simpleimputer,onehot,generic_univariate,power,MLPClassifier(random_state=0),1,0.9387755102040817,,No using Simple Imputer,No using One Hot,0.0895695686340332,0.0001938343048095703
algerian_forest_fires_46279,simpleimputer,onehot,generic_univariate,power,MLPClassifier(random_state=0),2,0.9387755102040817,,No using Simple Imputer,No using One Hot,0.08541035652160645,0.00018334388732910156
algerian_forest_fires_46279,simpleimputer,onehot,generic_univariate,power,MLPClassifier(random_state=0),3,0.9375,,No using Simple Imputer,No using One Hot,0.08487868309020996,0.00020384788513183594
algerian_forest_fires_46279,simpleimputer,onehot,generic_univariate,power,MLPClassifier(random_state=0),4,0.9791666666666666,,No using Simple Imputer,No using One Hot,0.0847020149230957,0.0002014636993408203
algerian_forest_fires_46279,simpleimputer,onehot,polynomial_features,power,MLPClassifier(random_state=0),0,0.9591836734693877,,No using Simple Imputer,No using One Hot,1.0551002025604248,0.00047135353088378906
algerian_forest_fires_46279,simpleimputer,onehot,polynomial_features,power,MLPClassifier(random_state=0),1,0.9387755102040817,,No using Simple Imputer,No using One Hot,0.9711170196533203,0.00033545494079589844
algerian_forest_fires_46279,simpleimputer,onehot,polynomial_features,power,MLPClassifier(random_state=0),2,0.9387755102040817,,No using Simple Imputer,No using One Hot,0.8479888439178467,0.0003657341003417969
algerian_forest_fires_46279,simpleimputer,onehot,polynomial_features,power,MLPClassifier(random_state=0),3,0.9375,,No using Simple Imputer,No using One Hot,1.044609546661377,0.000335693359375
algerian_forest_fires_46279,simpleimputer,onehot,polynomial_features,power,MLPClassifier(random_state=0),4,0.9166666666666666,,No using Simple Imputer,No using One Hot,0.9455628395080566,0.00041675567626953125
algerian_forest_fires_46279,simpleimputer,onehot,nystroem,power,MLPClassifier(random_state=0),0,0.9591836734693877,,No using Simple Imputer,No using One Hot,0.2709376811981201,0.0003216266632080078
algerian_forest_fires_46279,simpleimputer,onehot,nystroem,power,MLPClassifier(random_state=0),1,0.9591836734693877,,No using Simple Imputer,No using One Hot,0.20393705368041992,0.0003273487091064453
algerian_forest_fires_46279,simpleimputer,onehot,nystroem,power,MLPClassifier(random_state=0),2,0.9591836734693877,,No using Simple Imputer,No using One Hot,0.25205039978027344,0.00031065940856933594
algerian_forest_fires_46279,simpleimputer,onehot,nystroem,power,MLPClassifier(random_state=0),3,0.9791666666666666,,No using Simple Imputer,No using One Hot,0.24859404563903809,0.0003368854522705078
algerian_forest_fires_46279,simpleimputer,onehot,nystroem,power,MLPClassifier(random_state=0),4,0.9375,,No using Simple Imputer,No using One Hot,0.19424057006835938,0.00030922889709472656
algerian_forest_fires_46279,simpleimputer,onehot,rbf_sampler,power,MLPClassifier(random_state=0),0,0.5102040816326531,,No using Simple Imputer,No using One Hot,0.2010819911956787,0.0003330707550048828
algerian_forest_fires_46279,simpleimputer,onehot,rbf_sampler,power,MLPClassifier(random_state=0),1,0.7551020408163265,,No using Simple Imputer,No using One Hot,0.19771623611450195,0.0003428459167480469
algerian_forest_fires_46279,simpleimputer,onehot,rbf_sampler,power,MLPClassifier(random_state=0),2,0.6938775510204082,,No using Simple Imputer,No using One Hot,0.19156932830810547,0.00035262107849121094
algerian_forest_fires_46279,simpleimputer,onehot,rbf_sampler,power,MLPClassifier(random_state=0),3,0.6875,,No using Simple Imputer,No using One Hot,0.19608020782470703,0.00038433074951171875
algerian_forest_fires_46279,simpleimputer,onehot,rbf_sampler,power,MLPClassifier(random_state=0),4,0.6875,,No using Simple Imputer,No using One Hot,0.19363117218017578,0.00027251243591308594
algerian_forest_fires_46279,simpleimputer,onehot,random_trees_embedding,power,MLPClassifier(random_state=0),0,0.9591836734693877,,No using Simple Imputer,No using One Hot,0.6150979995727539,0.0006186962127685547
algerian_forest_fires_46279,simpleimputer,onehot,random_trees_embedding,power,MLPClassifier(random_state=0),1,0.9795918367346939,,No using Simple Imputer,No using One Hot,0.6639666557312012,0.0005903244018554688
algerian_forest_fires_46279,simpleimputer,onehot,random_trees_embedding,power,MLPClassifier(random_state=0),2,0.9795918367346939,,No using Simple Imputer,No using One Hot,0.5950775146484375,0.0007076263427734375
algerian_forest_fires_46279,simpleimputer,onehot,random_trees_embedding,power,MLPClassifier(random_state=0),3,0.9791666666666666,,No using Simple Imputer,No using One Hot,0.5975444316864014,0.0006227493286132812
algerian_forest_fires_46279,simpleimputer,onehot,random_trees_embedding,power,MLPClassifier(random_state=0),4,0.9791666666666666,,No using Simple Imputer,No using One Hot,0.6446042060852051,0.0006783008575439453
algerian_forest_fires_46279,simpleimputer,onehot,feature_agglomeration,power,MLPClassifier(random_state=0),0,0.8571428571428571,,No using Simple Imputer,No using One Hot,0.10160303115844727,0.00019693374633789062
algerian_forest_fires_46279,simpleimputer,onehot,feature_agglomeration,power,MLPClassifier(random_state=0),1,0.9183673469387755,,No using Simple Imputer,No using One Hot,0.08936452865600586,0.0001838207244873047
algerian_forest_fires_46279,simpleimputer,onehot,feature_agglomeration,power,MLPClassifier(random_state=0),2,0.8979591836734694,,No using Simple Imputer,No using One Hot,0.0892331600189209,0.00023102760314941406
algerian_forest_fires_46279,simpleimputer,onehot,feature_agglomeration,power,MLPClassifier(random_state=0),3,0.9583333333333334,,No using Simple Imputer,No using One Hot,0.08997154235839844,0.0001850128173828125
algerian_forest_fires_46279,simpleimputer,onehot,feature_agglomeration,power,MLPClassifier(random_state=0),4,0.9166666666666666,,No using Simple Imputer,No using One Hot,0.08945322036743164,0.00018286705017089844
algerian_forest_fires_46279,simpleimputer,onehot,extra_tree,power,MLPClassifier(random_state=0),0,0.9183673469387755,,No using Simple Imputer,No using One Hot,0.09129691123962402,0.0001857280731201172
algerian_forest_fires_46279,simpleimputer,onehot,extra_tree,power,MLPClassifier(random_state=0),1,0.9591836734693877,,No using Simple Imputer,No using One Hot,0.0922553539276123,0.00019097328186035156
algerian_forest_fires_46279,simpleimputer,onehot,extra_tree,power,MLPClassifier(random_state=0),2,0.9387755102040817,,No using Simple Imputer,No using One Hot,0.09388041496276855,0.00019097328186035156
algerian_forest_fires_46279,simpleimputer,onehot,extra_tree,power,MLPClassifier(random_state=0),3,0.9791666666666666,,No using Simple Imputer,No using One Hot,0.09222960472106934,0.00018739700317382812
algerian_forest_fires_46279,simpleimputer,onehot,extra_tree,power,MLPClassifier(random_state=0),4,0.9791666666666666,,No using Simple Imputer,No using One Hot,0.09328174591064453,0.0002110004425048828
algerian_forest_fires_46279,simpleimputer,onehot,linear_svc,power,MLPClassifier(random_state=0),0,0.9387755102040817,,No using Simple Imputer,No using One Hot,0.08919215202331543,0.0001804828643798828
algerian_forest_fires_46279,simpleimputer,onehot,linear_svc,power,MLPClassifier(random_state=0),1,0.9795918367346939,,No using Simple Imputer,No using One Hot,0.0931553840637207,0.0001895427703857422
algerian_forest_fires_46279,simpleimputer,onehot,linear_svc,power,MLPClassifier(random_state=0),2,1.0,,No using Simple Imputer,No using One Hot,0.09071230888366699,0.0002048015594482422
algerian_forest_fires_46279,simpleimputer,onehot,linear_svc,power,MLPClassifier(random_state=0),3,0.9375,,No using Simple Imputer,No using One Hot,0.09350371360778809,0.00019216537475585938
algerian_forest_fires_46279,simpleimputer,onehot,linear_svc,power,MLPClassifier(random_state=0),4,0.9791666666666666,,No using Simple Imputer,No using One Hot,0.09152483940124512,0.00018668174743652344
algerian_forest_fires_46279,simpleimputer,onehot,kernel_pca,power,MLPClassifier(random_state=0),0,1.0,,No using Simple Imputer,No using One Hot,0.1394639015197754,0.0002334117889404297
algerian_forest_fires_46279,simpleimputer,onehot,kernel_pca,power,MLPClassifier(random_state=0),1,0.9795918367346939,,No using Simple Imputer,No using One Hot,0.12211751937866211,0.00022864341735839844
algerian_forest_fires_46279,simpleimputer,onehot,kernel_pca,power,MLPClassifier(random_state=0),2,0.9795918367346939,,No using Simple Imputer,No using One Hot,0.1372983455657959,0.00019550323486328125
algerian_forest_fires_46279,simpleimputer,onehot,kernel_pca,power,MLPClassifier(random_state=0),3,0.9791666666666666,,No using Simple Imputer,No using One Hot,0.12598705291748047,0.00022673606872558594
algerian_forest_fires_46279,simpleimputer,onehot,kernel_pca,power,MLPClassifier(random_state=0),4,0.9583333333333334,,No using Simple Imputer,No using One Hot,0.13909173011779785,0.00019478797912597656
algerian_forest_fires_46279,simpleimputer,onehot,,quantile,MLPClassifier(random_state=0),0,0.8979591836734694,,No using Simple Imputer,No using One Hot,0.09911227226257324,0.00022983551025390625
algerian_forest_fires_46279,simpleimputer,onehot,,quantile,MLPClassifier(random_state=0),1,0.9387755102040817,,No using Simple Imputer,No using One Hot,0.09824347496032715,0.00019097328186035156
algerian_forest_fires_46279,simpleimputer,onehot,,quantile,MLPClassifier(random_state=0),2,0.8775510204081632,,No using Simple Imputer,No using One Hot,0.09814238548278809,0.00022459030151367188
algerian_forest_fires_46279,simpleimputer,onehot,,quantile,MLPClassifier(random_state=0),3,0.9166666666666666,,No using Simple Imputer,No using One Hot,0.09935307502746582,0.00019693374633789062
algerian_forest_fires_46279,simpleimputer,onehot,,quantile,MLPClassifier(random_state=0),4,0.9583333333333334,,No using Simple Imputer,No using One Hot,0.09891724586486816,0.000194549560546875
algerian_forest_fires_46279,simpleimputer,onehot,pca,quantile,MLPClassifier(random_state=0),0,0.9795918367346939,,No using Simple Imputer,No using One Hot,0.12089419364929199,0.00022101402282714844
algerian_forest_fires_46279,simpleimputer,onehot,pca,quantile,MLPClassifier(random_state=0),1,0.9795918367346939,,No using Simple Imputer,No using One Hot,0.10241079330444336,0.00021219253540039062
algerian_forest_fires_46279,simpleimputer,onehot,pca,quantile,MLPClassifier(random_state=0),2,0.9591836734693877,,No using Simple Imputer,No using One Hot,0.10141968727111816,0.0002384185791015625
algerian_forest_fires_46279,simpleimputer,onehot,pca,quantile,MLPClassifier(random_state=0),3,0.9583333333333334,,No using Simple Imputer,No using One Hot,0.10312652587890625,0.0003056526184082031
algerian_forest_fires_46279,simpleimputer,onehot,pca,quantile,MLPClassifier(random_state=0),4,0.9791666666666666,,No using Simple Imputer,No using One Hot,0.10302019119262695,0.0002205371856689453
algerian_forest_fires_46279,simpleimputer,onehot,fastica,quantile,MLPClassifier(random_state=0),0,0.8979591836734694,,No using Simple Imputer,No using One Hot,0.09937405586242676,0.00020194053649902344
algerian_forest_fires_46279,simpleimputer,onehot,fastica,quantile,MLPClassifier(random_state=0),1,0.9795918367346939,,No using Simple Imputer,No using One Hot,0.09995722770690918,0.0002665519714355469
algerian_forest_fires_46279,simpleimputer,onehot,fastica,quantile,MLPClassifier(random_state=0),2,0.9795918367346939,,No using Simple Imputer,No using One Hot,0.10251903533935547,0.0002110004425048828
algerian_forest_fires_46279,simpleimputer,onehot,fastica,quantile,MLPClassifier(random_state=0),3,0.9375,,No using Simple Imputer,No using One Hot,0.10392427444458008,0.00018978118896484375
algerian_forest_fires_46279,simpleimputer,onehot,fastica,quantile,MLPClassifier(random_state=0),4,0.9583333333333334,,No using Simple Imputer,No using One Hot,0.10354971885681152,0.0001914501190185547
algerian_forest_fires_46279,simpleimputer,onehot,truncated_svd,quantile,MLPClassifier(random_state=0),0,0.8979591836734694,,No using Simple Imputer,No using One Hot,0.08761239051818848,0.00018858909606933594
algerian_forest_fires_46279,simpleimputer,onehot,truncated_svd,quantile,MLPClassifier(random_state=0),1,0.9591836734693877,,No using Simple Imputer,No using One Hot,0.0877528190612793,0.00018310546875
algerian_forest_fires_46279,simpleimputer,onehot,truncated_svd,quantile,MLPClassifier(random_state=0),2,0.8979591836734694,,No using Simple Imputer,No using One Hot,0.08891844749450684,0.00021266937255859375
algerian_forest_fires_46279,simpleimputer,onehot,truncated_svd,quantile,MLPClassifier(random_state=0),3,0.8958333333333334,,No using Simple Imputer,No using One Hot,0.08742499351501465,0.00020933151245117188
algerian_forest_fires_46279,simpleimputer,onehot,truncated_svd,quantile,MLPClassifier(random_state=0),4,0.9791666666666666,,No using Simple Imputer,No using One Hot,0.08717846870422363,0.0001919269561767578
algerian_forest_fires_46279,simpleimputer,onehot,select_percentile,quantile,MLPClassifier(random_state=0),0,0.9387755102040817,,No using Simple Imputer,No using One Hot,0.08541536331176758,0.0002491474151611328
algerian_forest_fires_46279,simpleimputer,onehot,select_percentile,quantile,MLPClassifier(random_state=0),1,0.9795918367346939,,No using Simple Imputer,No using One Hot,0.08653926849365234,0.000194549560546875
algerian_forest_fires_46279,simpleimputer,onehot,select_percentile,quantile,MLPClassifier(random_state=0),2,0.9795918367346939,,No using Simple Imputer,No using One Hot,0.0857384204864502,0.0002052783966064453
algerian_forest_fires_46279,simpleimputer,onehot,select_percentile,quantile,MLPClassifier(random_state=0),3,0.9375,,No using Simple Imputer,No using One Hot,0.08817768096923828,0.00018787384033203125
algerian_forest_fires_46279,simpleimputer,onehot,select_percentile,quantile,MLPClassifier(random_state=0),4,1.0,,No using Simple Imputer,No using One Hot,0.08756256103515625,0.00020456314086914062
algerian_forest_fires_46279,simpleimputer,onehot,generic_univariate,quantile,MLPClassifier(random_state=0),0,0.9387755102040817,,No using Simple Imputer,No using One Hot,0.08386492729187012,0.00020456314086914062
algerian_forest_fires_46279,simpleimputer,onehot,generic_univariate,quantile,MLPClassifier(random_state=0),1,0.9795918367346939,,No using Simple Imputer,No using One Hot,0.08317303657531738,0.0001811981201171875
algerian_forest_fires_46279,simpleimputer,onehot,generic_univariate,quantile,MLPClassifier(random_state=0),2,0.9795918367346939,,No using Simple Imputer,No using One Hot,0.08344769477844238,0.00022220611572265625
algerian_forest_fires_46279,simpleimputer,onehot,generic_univariate,quantile,MLPClassifier(random_state=0),3,0.9375,,No using Simple Imputer,No using One Hot,0.08307623863220215,0.00018525123596191406
algerian_forest_fires_46279,simpleimputer,onehot,generic_univariate,quantile,MLPClassifier(random_state=0),4,1.0,,No using Simple Imputer,No using One Hot,0.08330273628234863,0.00020766258239746094
algerian_forest_fires_46279,simpleimputer,onehot,polynomial_features,quantile,MLPClassifier(random_state=0),0,0.9795918367346939,,No using Simple Imputer,No using One Hot,1.03592848777771,0.0004031658172607422
algerian_forest_fires_46279,simpleimputer,onehot,polynomial_features,quantile,MLPClassifier(random_state=0),1,0.9591836734693877,,No using Simple Imputer,No using One Hot,2.188213348388672,0.0006315708160400391
algerian_forest_fires_46279,simpleimputer,onehot,polynomial_features,quantile,MLPClassifier(random_state=0),2,0.9183673469387755,,No using Simple Imputer,No using One Hot,0.8712236881256104,0.0010192394256591797
algerian_forest_fires_46279,simpleimputer,onehot,polynomial_features,quantile,MLPClassifier(random_state=0),3,0.9791666666666666,,No using Simple Imputer,No using One Hot,0.942549467086792,0.0010819435119628906
algerian_forest_fires_46279,simpleimputer,onehot,polynomial_features,quantile,MLPClassifier(random_state=0),4,0.9791666666666666,,No using Simple Imputer,No using One Hot,0.9714741706848145,0.0006797313690185547
algerian_forest_fires_46279,simpleimputer,onehot,nystroem,quantile,MLPClassifier(random_state=0),0,0.9183673469387755,,No using Simple Imputer,No using One Hot,0.2402346134185791,0.00035572052001953125
algerian_forest_fires_46279,simpleimputer,onehot,nystroem,quantile,MLPClassifier(random_state=0),1,0.9591836734693877,,No using Simple Imputer,No using One Hot,0.2547721862792969,0.000400543212890625
algerian_forest_fires_46279,simpleimputer,onehot,nystroem,quantile,MLPClassifier(random_state=0),2,0.8979591836734694,,No using Simple Imputer,No using One Hot,0.24690818786621094,0.0003204345703125
algerian_forest_fires_46279,simpleimputer,onehot,nystroem,quantile,MLPClassifier(random_state=0),3,0.9375,,No using Simple Imputer,No using One Hot,0.256972074508667,0.0003173351287841797
algerian_forest_fires_46279,simpleimputer,onehot,nystroem,quantile,MLPClassifier(random_state=0),4,0.9583333333333334,,No using Simple Imputer,No using One Hot,0.24523115158081055,0.0003390312194824219
algerian_forest_fires_46279,simpleimputer,onehot,rbf_sampler,quantile,MLPClassifier(random_state=0),0,0.9795918367346939,,No using Simple Imputer,No using One Hot,0.1916346549987793,0.00031185150146484375
algerian_forest_fires_46279,simpleimputer,onehot,rbf_sampler,quantile,MLPClassifier(random_state=0),1,0.9591836734693877,,No using Simple Imputer,No using One Hot,0.19600462913513184,0.00035691261291503906
algerian_forest_fires_46279,simpleimputer,onehot,rbf_sampler,quantile,MLPClassifier(random_state=0),2,0.9591836734693877,,No using Simple Imputer,No using One Hot,0.177720308303833,0.00028777122497558594
algerian_forest_fires_46279,simpleimputer,onehot,rbf_sampler,quantile,MLPClassifier(random_state=0),3,0.9375,,No using Simple Imputer,No using One Hot,0.19068193435668945,0.00030875205993652344
algerian_forest_fires_46279,simpleimputer,onehot,rbf_sampler,quantile,MLPClassifier(random_state=0),4,0.9583333333333334,,No using Simple Imputer,No using One Hot,0.17619800567626953,0.00033354759216308594
algerian_forest_fires_46279,simpleimputer,onehot,random_trees_embedding,quantile,MLPClassifier(random_state=0),0,0.9387755102040817,,No using Simple Imputer,No using One Hot,0.6685206890106201,0.0006148815155029297
algerian_forest_fires_46279,simpleimputer,onehot,random_trees_embedding,quantile,MLPClassifier(random_state=0),1,0.9795918367346939,,No using Simple Imputer,No using One Hot,0.6293160915374756,0.0006012916564941406
algerian_forest_fires_46279,simpleimputer,onehot,random_trees_embedding,quantile,MLPClassifier(random_state=0),2,0.9183673469387755,,No using Simple Imputer,No using One Hot,0.6550734043121338,0.0006165504455566406
algerian_forest_fires_46279,simpleimputer,onehot,random_trees_embedding,quantile,MLPClassifier(random_state=0),3,0.9583333333333334,,No using Simple Imputer,No using One Hot,0.6113913059234619,0.0006241798400878906
algerian_forest_fires_46279,simpleimputer,onehot,random_trees_embedding,quantile,MLPClassifier(random_state=0),4,0.9791666666666666,,No using Simple Imputer,No using One Hot,0.6910703182220459,0.0006606578826904297
algerian_forest_fires_46279,simpleimputer,onehot,feature_agglomeration,quantile,MLPClassifier(random_state=0),0,0.8367346938775511,,No using Simple Imputer,No using One Hot,0.1044921875,0.00020933151245117188
algerian_forest_fires_46279,simpleimputer,onehot,feature_agglomeration,quantile,MLPClassifier(random_state=0),1,0.8775510204081632,,No using Simple Imputer,No using One Hot,0.08516120910644531,0.00022172927856445312
algerian_forest_fires_46279,simpleimputer,onehot,feature_agglomeration,quantile,MLPClassifier(random_state=0),2,0.8775510204081632,,No using Simple Imputer,No using One Hot,0.08499670028686523,0.00021505355834960938
algerian_forest_fires_46279,simpleimputer,onehot,feature_agglomeration,quantile,MLPClassifier(random_state=0),3,0.9166666666666666,,No using Simple Imputer,No using One Hot,0.0859529972076416,0.0002696514129638672
algerian_forest_fires_46279,simpleimputer,onehot,feature_agglomeration,quantile,MLPClassifier(random_state=0),4,0.9375,,No using Simple Imputer,No using One Hot,0.08648443222045898,0.0002009868621826172
algerian_forest_fires_46279,simpleimputer,onehot,extra_tree,quantile,MLPClassifier(random_state=0),0,0.8979591836734694,,No using Simple Imputer,No using One Hot,0.0905771255493164,0.000217437744140625
algerian_forest_fires_46279,simpleimputer,onehot,extra_tree,quantile,MLPClassifier(random_state=0),1,0.9591836734693877,,No using Simple Imputer,No using One Hot,0.08753013610839844,0.00018906593322753906
algerian_forest_fires_46279,simpleimputer,onehot,extra_tree,quantile,MLPClassifier(random_state=0),2,0.8775510204081632,,No using Simple Imputer,No using One Hot,0.09016132354736328,0.00018668174743652344
algerian_forest_fires_46279,simpleimputer,onehot,extra_tree,quantile,MLPClassifier(random_state=0),3,0.9375,,No using Simple Imputer,No using One Hot,0.08788681030273438,0.0002205371856689453
algerian_forest_fires_46279,simpleimputer,onehot,extra_tree,quantile,MLPClassifier(random_state=0),4,0.9375,,No using Simple Imputer,No using One Hot,0.09032869338989258,0.00024080276489257812
algerian_forest_fires_46279,simpleimputer,onehot,linear_svc,quantile,MLPClassifier(random_state=0),0,0.9387755102040817,,No using Simple Imputer,No using One Hot,0.08796238899230957,0.00023102760314941406
algerian_forest_fires_46279,simpleimputer,onehot,linear_svc,quantile,MLPClassifier(random_state=0),1,0.9591836734693877,,No using Simple Imputer,No using One Hot,0.0919947624206543,0.0002067089080810547
algerian_forest_fires_46279,simpleimputer,onehot,linear_svc,quantile,MLPClassifier(random_state=0),2,0.9795918367346939,,No using Simple Imputer,No using One Hot,0.08927369117736816,0.00021719932556152344
algerian_forest_fires_46279,simpleimputer,onehot,linear_svc,quantile,MLPClassifier(random_state=0),3,0.9375,,No using Simple Imputer,No using One Hot,0.09040188789367676,0.00024437904357910156
algerian_forest_fires_46279,simpleimputer,onehot,linear_svc,quantile,MLPClassifier(random_state=0),4,0.9583333333333334,,No using Simple Imputer,No using One Hot,0.08914494514465332,0.0002079010009765625
algerian_forest_fires_46279,simpleimputer,onehot,kernel_pca,quantile,MLPClassifier(random_state=0),0,0.9795918367346939,,No using Simple Imputer,No using One Hot,0.12397551536560059,0.00019741058349609375
algerian_forest_fires_46279,simpleimputer,onehot,kernel_pca,quantile,MLPClassifier(random_state=0),1,0.9795918367346939,,No using Simple Imputer,No using One Hot,0.12400555610656738,0.0002353191375732422
algerian_forest_fires_46279,simpleimputer,onehot,kernel_pca,quantile,MLPClassifier(random_state=0),2,0.9387755102040817,,No using Simple Imputer,No using One Hot,0.1230614185333252,0.00020384788513183594
algerian_forest_fires_46279,simpleimputer,onehot,kernel_pca,quantile,MLPClassifier(random_state=0),3,0.9583333333333334,,No using Simple Imputer,No using One Hot,0.13061904907226562,0.00020265579223632812
algerian_forest_fires_46279,simpleimputer,onehot,kernel_pca,quantile,MLPClassifier(random_state=0),4,0.9583333333333334,,No using Simple Imputer,No using One Hot,0.13067936897277832,0.00019884109497070312
algerian_forest_fires_46279,simpleimputer,ordinalencoder,,,MLPClassifier(random_state=0),0,0.7755102040816326,,No using Simple Imputer,No using Ordinal Hot,0.023750782012939453,0.0010318756103515625
algerian_forest_fires_46279,simpleimputer,ordinalencoder,,,MLPClassifier(random_state=0),1,0.7346938775510204,,No using Simple Imputer,No using Ordinal Hot,0.025832414627075195,0.0011229515075683594
algerian_forest_fires_46279,simpleimputer,ordinalencoder,,,MLPClassifier(random_state=0),2,0.8163265306122449,,No using Simple Imputer,No using Ordinal Hot,0.02395772933959961,0.0010557174682617188
algerian_forest_fires_46279,simpleimputer,ordinalencoder,,,MLPClassifier(random_state=0),3,0.4166666666666667,,No using Simple Imputer,No using Ordinal Hot,0.017120361328125,0.0010809898376464844
algerian_forest_fires_46279,simpleimputer,ordinalencoder,,,MLPClassifier(random_state=0),4,0.7291666666666666,,No using Simple Imputer,No using Ordinal Hot,0.02391791343688965,0.001108407974243164
algerian_forest_fires_46279,simpleimputer,ordinalencoder,pca,,MLPClassifier(random_state=0),0,0.9795918367346939,,No using Simple Imputer,No using Ordinal Hot,0.10056710243225098,0.00020694732666015625
algerian_forest_fires_46279,simpleimputer,ordinalencoder,pca,,MLPClassifier(random_state=0),1,0.9591836734693877,,No using Simple Imputer,No using Ordinal Hot,0.10124087333679199,0.0002148151397705078
algerian_forest_fires_46279,simpleimputer,ordinalencoder,pca,,MLPClassifier(random_state=0),2,0.9795918367346939,,No using Simple Imputer,No using Ordinal Hot,0.10056209564208984,0.00024771690368652344
algerian_forest_fires_46279,simpleimputer,ordinalencoder,pca,,MLPClassifier(random_state=0),3,0.9791666666666666,,No using Simple Imputer,No using Ordinal Hot,0.10118770599365234,0.00021147727966308594
algerian_forest_fires_46279,simpleimputer,ordinalencoder,pca,,MLPClassifier(random_state=0),4,0.9375,,No using Simple Imputer,No using Ordinal Hot,0.10171985626220703,0.0002319812774658203
algerian_forest_fires_46279,simpleimputer,ordinalencoder,fastica,,MLPClassifier(random_state=0),0,0.7346938775510204,,No using Simple Imputer,No using Ordinal Hot,0.09643101692199707,0.00019359588623046875
algerian_forest_fires_46279,simpleimputer,ordinalencoder,fastica,,MLPClassifier(random_state=0),1,0.9387755102040817,,No using Simple Imputer,No using Ordinal Hot,0.09834480285644531,0.00019025802612304688
algerian_forest_fires_46279,simpleimputer,ordinalencoder,fastica,,MLPClassifier(random_state=0),2,0.9183673469387755,,No using Simple Imputer,No using Ordinal Hot,0.1010138988494873,0.00019168853759765625
algerian_forest_fires_46279,simpleimputer,ordinalencoder,fastica,,MLPClassifier(random_state=0),3,1.0,,No using Simple Imputer,No using Ordinal Hot,0.10074949264526367,0.00020241737365722656
algerian_forest_fires_46279,simpleimputer,ordinalencoder,fastica,,MLPClassifier(random_state=0),4,0.875,,No using Simple Imputer,No using Ordinal Hot,0.09734630584716797,0.00022149085998535156
algerian_forest_fires_46279,simpleimputer,ordinalencoder,truncated_svd,,MLPClassifier(random_state=0),0,0.6122448979591837,,No using Simple Imputer,No using Ordinal Hot,0.011356830596923828,0.00017189979553222656
algerian_forest_fires_46279,simpleimputer,ordinalencoder,truncated_svd,,MLPClassifier(random_state=0),1,0.5918367346938775,,No using Simple Imputer,No using Ordinal Hot,0.01207733154296875,0.00021004676818847656
algerian_forest_fires_46279,simpleimputer,ordinalencoder,truncated_svd,,MLPClassifier(random_state=0),2,0.7551020408163265,,No using Simple Imputer,No using Ordinal Hot,0.015542984008789062,0.00018596649169921875
algerian_forest_fires_46279,simpleimputer,ordinalencoder,truncated_svd,,MLPClassifier(random_state=0),3,0.6041666666666666,,No using Simple Imputer,No using Ordinal Hot,0.00968480110168457,0.00018143653869628906
algerian_forest_fires_46279,simpleimputer,ordinalencoder,truncated_svd,,MLPClassifier(random_state=0),4,0.5833333333333334,,No using Simple Imputer,No using Ordinal Hot,0.011474847793579102,0.00015115737915039062
algerian_forest_fires_46279,simpleimputer,ordinalencoder,select_percentile,,MLPClassifier(random_state=0),0,0.9591836734693877,,No using Simple Imputer,No using Ordinal Hot,0.08448910713195801,0.0001857280731201172
algerian_forest_fires_46279,simpleimputer,ordinalencoder,select_percentile,,MLPClassifier(random_state=0),1,1.0,,No using Simple Imputer,No using Ordinal Hot,0.0852212905883789,0.00020503997802734375
algerian_forest_fires_46279,simpleimputer,ordinalencoder,select_percentile,,MLPClassifier(random_state=0),2,0.9591836734693877,,No using Simple Imputer,No using Ordinal Hot,0.08421802520751953,0.00020360946655273438
algerian_forest_fires_46279,simpleimputer,ordinalencoder,select_percentile,,MLPClassifier(random_state=0),3,0.9583333333333334,,No using Simple Imputer,No using Ordinal Hot,0.08452320098876953,0.00018453598022460938
algerian_forest_fires_46279,simpleimputer,ordinalencoder,select_percentile,,MLPClassifier(random_state=0),4,0.9375,,No using Simple Imputer,No using Ordinal Hot,0.08510541915893555,0.00018787384033203125
algerian_forest_fires_46279,simpleimputer,ordinalencoder,generic_univariate,,MLPClassifier(random_state=0),0,0.6530612244897959,,No using Simple Imputer,No using Ordinal Hot,0.0852196216583252,0.0002243518829345703
algerian_forest_fires_46279,simpleimputer,ordinalencoder,generic_univariate,,MLPClassifier(random_state=0),1,0.6326530612244898,,No using Simple Imputer,No using Ordinal Hot,0.08294677734375,0.00021147727966308594
algerian_forest_fires_46279,simpleimputer,ordinalencoder,generic_univariate,,MLPClassifier(random_state=0),2,0.6122448979591837,,No using Simple Imputer,No using Ordinal Hot,0.08231639862060547,0.00021004676818847656
algerian_forest_fires_46279,simpleimputer,ordinalencoder,generic_univariate,,MLPClassifier(random_state=0),3,0.7708333333333334,,No using Simple Imputer,No using Ordinal Hot,0.0813753604888916,0.00020766258239746094
algerian_forest_fires_46279,simpleimputer,ordinalencoder,generic_univariate,,MLPClassifier(random_state=0),4,0.6666666666666666,,No using Simple Imputer,No using Ordinal Hot,0.0823981761932373,0.00018787384033203125
algerian_forest_fires_46279,simpleimputer,ordinalencoder,polynomial_features,,MLPClassifier(random_state=0),0,0.5510204081632653,,No using Simple Imputer,No using Ordinal Hot,0.03891801834106445,0.0003724098205566406
algerian_forest_fires_46279,simpleimputer,ordinalencoder,polynomial_features,,MLPClassifier(random_state=0),1,0.5510204081632653,,No using Simple Imputer,No using Ordinal Hot,0.0612640380859375,0.0032875537872314453
algerian_forest_fires_46279,simpleimputer,ordinalencoder,polynomial_features,,MLPClassifier(random_state=0),2,0.5714285714285714,,No using Simple Imputer,No using Ordinal Hot,0.05478048324584961,0.00034046173095703125
algerian_forest_fires_46279,simpleimputer,ordinalencoder,polynomial_features,,MLPClassifier(random_state=0),3,0.6041666666666666,,No using Simple Imputer,No using Ordinal Hot,0.05053377151489258,0.0003643035888671875
algerian_forest_fires_46279,simpleimputer,ordinalencoder,polynomial_features,,MLPClassifier(random_state=0),4,0.5416666666666666,,No using Simple Imputer,No using Ordinal Hot,0.09386682510375977,0.00032520294189453125
algerian_forest_fires_46279,simpleimputer,ordinalencoder,nystroem,,MLPClassifier(random_state=0),0,0.5918367346938775,,No using Simple Imputer,No using Ordinal Hot,0.24590468406677246,0.0003120899200439453
algerian_forest_fires_46279,simpleimputer,ordinalencoder,nystroem,,MLPClassifier(random_state=0),1,0.5714285714285714,,No using Simple Imputer,No using Ordinal Hot,0.25742673873901367,0.00032210350036621094
algerian_forest_fires_46279,simpleimputer,ordinalencoder,nystroem,,MLPClassifier(random_state=0),2,0.5714285714285714,,No using Simple Imputer,No using Ordinal Hot,0.23868656158447266,0.0003323554992675781
algerian_forest_fires_46279,simpleimputer,ordinalencoder,nystroem,,MLPClassifier(random_state=0),3,0.6666666666666666,,No using Simple Imputer,No using Ordinal Hot,0.24712538719177246,0.00032901763916015625
algerian_forest_fires_46279,simpleimputer,ordinalencoder,nystroem,,MLPClassifier(random_state=0),4,0.5833333333333334,,No using Simple Imputer,No using Ordinal Hot,0.20322561264038086,0.0002846717834472656
algerian_forest_fires_46279,simpleimputer,ordinalencoder,rbf_sampler,,MLPClassifier(random_state=0),0,0.6122448979591837,,No using Simple Imputer,No using Ordinal Hot,0.1898021697998047,0.00039887428283691406
algerian_forest_fires_46279,simpleimputer,ordinalencoder,rbf_sampler,,MLPClassifier(random_state=0),1,0.5102040816326531,,No using Simple Imputer,No using Ordinal Hot,0.19435381889343262,0.0003566741943359375
algerian_forest_fires_46279,simpleimputer,ordinalencoder,rbf_sampler,,MLPClassifier(random_state=0),2,0.5102040816326531,,No using Simple Imputer,No using Ordinal Hot,0.20486974716186523,0.0002980232238769531
algerian_forest_fires_46279,simpleimputer,ordinalencoder,rbf_sampler,,MLPClassifier(random_state=0),3,0.5208333333333334,,No using Simple Imputer,No using Ordinal Hot,0.20526790618896484,0.00031566619873046875
algerian_forest_fires_46279,simpleimputer,ordinalencoder,rbf_sampler,,MLPClassifier(random_state=0),4,0.5416666666666666,,No using Simple Imputer,No using Ordinal Hot,0.2000260353088379,0.00036644935607910156
algerian_forest_fires_46279,simpleimputer,ordinalencoder,random_trees_embedding,,MLPClassifier(random_state=0),0,0.9183673469387755,,No using Simple Imputer,No using Ordinal Hot,0.5674870014190674,0.0006349086761474609
algerian_forest_fires_46279,simpleimputer,ordinalencoder,random_trees_embedding,,MLPClassifier(random_state=0),1,0.9591836734693877,,No using Simple Imputer,No using Ordinal Hot,0.6233391761779785,0.0007038116455078125
algerian_forest_fires_46279,simpleimputer,ordinalencoder,random_trees_embedding,,MLPClassifier(random_state=0),2,0.9387755102040817,,No using Simple Imputer,No using Ordinal Hot,0.5507838726043701,0.0006639957427978516
algerian_forest_fires_46279,simpleimputer,ordinalencoder,random_trees_embedding,,MLPClassifier(random_state=0),3,0.9583333333333334,,No using Simple Imputer,No using Ordinal Hot,0.6325497627258301,0.0007104873657226562
algerian_forest_fires_46279,simpleimputer,ordinalencoder,random_trees_embedding,,MLPClassifier(random_state=0),4,0.9375,,No using Simple Imputer,No using Ordinal Hot,0.6689589023590088,0.0006337165832519531
algerian_forest_fires_46279,simpleimputer,ordinalencoder,feature_agglomeration,,MLPClassifier(random_state=0),0,0.5510204081632653,,No using Simple Imputer,No using Ordinal Hot,0.03867506980895996,0.00021147727966308594
algerian_forest_fires_46279,simpleimputer,ordinalencoder,feature_agglomeration,,MLPClassifier(random_state=0),1,0.5510204081632653,,No using Simple Imputer,No using Ordinal Hot,0.0227353572845459,0.0001938343048095703
algerian_forest_fires_46279,simpleimputer,ordinalencoder,feature_agglomeration,,MLPClassifier(random_state=0),2,0.5714285714285714,,No using Simple Imputer,No using Ordinal Hot,0.020294189453125,0.00018072128295898438
algerian_forest_fires_46279,simpleimputer,ordinalencoder,feature_agglomeration,,MLPClassifier(random_state=0),3,0.3958333333333333,,No using Simple Imputer,No using Ordinal Hot,0.014349937438964844,0.00016617774963378906
algerian_forest_fires_46279,simpleimputer,ordinalencoder,feature_agglomeration,,MLPClassifier(random_state=0),4,0.5416666666666666,,No using Simple Imputer,No using Ordinal Hot,0.01012110710144043,0.0001552104949951172
algerian_forest_fires_46279,simpleimputer,ordinalencoder,extra_tree,,MLPClassifier(random_state=0),0,0.9183673469387755,,No using Simple Imputer,No using Ordinal Hot,0.0886392593383789,0.00021719932556152344
algerian_forest_fires_46279,simpleimputer,ordinalencoder,extra_tree,,MLPClassifier(random_state=0),1,0.7755102040816326,,No using Simple Imputer,No using Ordinal Hot,0.010074377059936523,0.00014901161193847656
algerian_forest_fires_46279,simpleimputer,ordinalencoder,extra_tree,,MLPClassifier(random_state=0),2,0.8367346938775511,,No using Simple Imputer,No using Ordinal Hot,0.011246204376220703,0.00016236305236816406
algerian_forest_fires_46279,simpleimputer,ordinalencoder,extra_tree,,MLPClassifier(random_state=0),3,0.7916666666666666,,No using Simple Imputer,No using Ordinal Hot,0.010164499282836914,0.0001761913299560547
algerian_forest_fires_46279,simpleimputer,ordinalencoder,extra_tree,,MLPClassifier(random_state=0),4,0.9583333333333334,,No using Simple Imputer,No using Ordinal Hot,0.08653950691223145,0.00018310546875
algerian_forest_fires_46279,simpleimputer,ordinalencoder,linear_svc,,MLPClassifier(random_state=0),0,0.9387755102040817,,No using Simple Imputer,No using Ordinal Hot,0.09145879745483398,0.0002167224884033203
algerian_forest_fires_46279,simpleimputer,ordinalencoder,linear_svc,,MLPClassifier(random_state=0),1,0.9591836734693877,,No using Simple Imputer,No using Ordinal Hot,0.08589315414428711,0.00018334388732910156
algerian_forest_fires_46279,simpleimputer,ordinalencoder,linear_svc,,MLPClassifier(random_state=0),2,0.9591836734693877,,No using Simple Imputer,No using Ordinal Hot,0.08885622024536133,0.00020551681518554688
algerian_forest_fires_46279,simpleimputer,ordinalencoder,linear_svc,,MLPClassifier(random_state=0),3,0.9583333333333334,,No using Simple Imputer,No using Ordinal Hot,0.09287571907043457,0.0002167224884033203
algerian_forest_fires_46279,simpleimputer,ordinalencoder,linear_svc,,MLPClassifier(random_state=0),4,0.9583333333333334,,No using Simple Imputer,No using Ordinal Hot,0.09136247634887695,0.00019884109497070312
algerian_forest_fires_46279,simpleimputer,ordinalencoder,kernel_pca,,MLPClassifier(random_state=0),0,0.9591836734693877,,No using Simple Imputer,No using Ordinal Hot,0.13351011276245117,0.00028228759765625
algerian_forest_fires_46279,simpleimputer,ordinalencoder,kernel_pca,,MLPClassifier(random_state=0),1,0.9591836734693877,,No using Simple Imputer,No using Ordinal Hot,0.12137818336486816,0.00018930435180664062
algerian_forest_fires_46279,simpleimputer,ordinalencoder,kernel_pca,,MLPClassifier(random_state=0),2,0.9591836734693877,,No using Simple Imputer,No using Ordinal Hot,0.121978759765625,0.00020837783813476562
algerian_forest_fires_46279,simpleimputer,ordinalencoder,kernel_pca,,MLPClassifier(random_state=0),3,0.9791666666666666,,No using Simple Imputer,No using Ordinal Hot,0.13738059997558594,0.000244140625
algerian_forest_fires_46279,simpleimputer,ordinalencoder,kernel_pca,,MLPClassifier(random_state=0),4,0.9583333333333334,,No using Simple Imputer,No using Ordinal Hot,0.1313004493713379,0.00019884109497070312
algerian_forest_fires_46279,simpleimputer,ordinalencoder,,standard,MLPClassifier(random_state=0),0,0.9183673469387755,,No using Simple Imputer,No using Ordinal Hot,0.11074042320251465,0.0002608299255371094
algerian_forest_fires_46279,simpleimputer,ordinalencoder,,standard,MLPClassifier(random_state=0),1,0.9387755102040817,,No using Simple Imputer,No using Ordinal Hot,0.10851120948791504,0.00022530555725097656
algerian_forest_fires_46279,simpleimputer,ordinalencoder,,standard,MLPClassifier(random_state=0),2,0.8571428571428571,,No using Simple Imputer,No using Ordinal Hot,0.1032402515411377,0.0002713203430175781
algerian_forest_fires_46279,simpleimputer,ordinalencoder,,standard,MLPClassifier(random_state=0),3,0.9791666666666666,,No using Simple Imputer,No using Ordinal Hot,0.10370373725891113,0.00021696090698242188
algerian_forest_fires_46279,simpleimputer,ordinalencoder,,standard,MLPClassifier(random_state=0),4,0.9375,,No using Simple Imputer,No using Ordinal Hot,0.10909318923950195,0.00034999847412109375
algerian_forest_fires_46279,simpleimputer,ordinalencoder,pca,standard,MLPClassifier(random_state=0),0,0.9591836734693877,,No using Simple Imputer,No using Ordinal Hot,0.10387134552001953,0.00021219253540039062
algerian_forest_fires_46279,simpleimputer,ordinalencoder,pca,standard,MLPClassifier(random_state=0),1,0.9795918367346939,,No using Simple Imputer,No using Ordinal Hot,0.11604762077331543,0.0002281665802001953
algerian_forest_fires_46279,simpleimputer,ordinalencoder,pca,standard,MLPClassifier(random_state=0),2,0.9387755102040817,,No using Simple Imputer,No using Ordinal Hot,0.10520100593566895,0.0001926422119140625
algerian_forest_fires_46279,simpleimputer,ordinalencoder,pca,standard,MLPClassifier(random_state=0),3,0.9583333333333334,,No using Simple Imputer,No using Ordinal Hot,0.10300016403198242,0.0001926422119140625
algerian_forest_fires_46279,simpleimputer,ordinalencoder,pca,standard,MLPClassifier(random_state=0),4,0.9375,,No using Simple Imputer,No using Ordinal Hot,0.10436129570007324,0.00022411346435546875
algerian_forest_fires_46279,simpleimputer,ordinalencoder,fastica,standard,MLPClassifier(random_state=0),0,0.8163265306122449,,No using Simple Imputer,No using Ordinal Hot,0.1003122329711914,0.00025343894958496094
algerian_forest_fires_46279,simpleimputer,ordinalencoder,fastica,standard,MLPClassifier(random_state=0),1,0.5510204081632653,,No using Simple Imputer,No using Ordinal Hot,0.012966632843017578,0.00019693374633789062
algerian_forest_fires_46279,simpleimputer,ordinalencoder,fastica,standard,MLPClassifier(random_state=0),2,0.9591836734693877,,No using Simple Imputer,No using Ordinal Hot,0.11328911781311035,0.00019884109497070312
algerian_forest_fires_46279,simpleimputer,ordinalencoder,fastica,standard,MLPClassifier(random_state=0),3,0.9583333333333334,,No using Simple Imputer,No using Ordinal Hot,0.10394930839538574,0.00019097328186035156
algerian_forest_fires_46279,simpleimputer,ordinalencoder,fastica,standard,MLPClassifier(random_state=0),4,0.9583333333333334,,No using Simple Imputer,No using Ordinal Hot,0.10362648963928223,0.00020551681518554688
algerian_forest_fires_46279,simpleimputer,ordinalencoder,truncated_svd,standard,MLPClassifier(random_state=0),0,0.8571428571428571,,No using Simple Imputer,No using Ordinal Hot,0.09226536750793457,0.00023555755615234375
algerian_forest_fires_46279,simpleimputer,ordinalencoder,truncated_svd,standard,MLPClassifier(random_state=0),1,0.8979591836734694,,No using Simple Imputer,No using Ordinal Hot,0.09411025047302246,0.000217437744140625
algerian_forest_fires_46279,simpleimputer,ordinalencoder,truncated_svd,standard,MLPClassifier(random_state=0),2,0.8163265306122449,,No using Simple Imputer,No using Ordinal Hot,0.09276866912841797,0.00021266937255859375
algerian_forest_fires_46279,simpleimputer,ordinalencoder,truncated_svd,standard,MLPClassifier(random_state=0),3,0.9375,,No using Simple Imputer,No using Ordinal Hot,0.09828329086303711,0.0002799034118652344
algerian_forest_fires_46279,simpleimputer,ordinalencoder,truncated_svd,standard,MLPClassifier(random_state=0),4,0.9375,,No using Simple Imputer,No using Ordinal Hot,0.1086130142211914,0.0002129077911376953
algerian_forest_fires_46279,simpleimputer,ordinalencoder,select_percentile,standard,MLPClassifier(random_state=0),0,0.9591836734693877,,No using Simple Imputer,No using Ordinal Hot,0.08882522583007812,0.00018978118896484375
algerian_forest_fires_46279,simpleimputer,ordinalencoder,select_percentile,standard,MLPClassifier(random_state=0),1,0.9795918367346939,,No using Simple Imputer,No using Ordinal Hot,0.08867430686950684,0.00023031234741210938
algerian_forest_fires_46279,simpleimputer,ordinalencoder,select_percentile,standard,MLPClassifier(random_state=0),2,0.9795918367346939,,No using Simple Imputer,No using Ordinal Hot,0.08959627151489258,0.0001850128173828125
algerian_forest_fires_46279,simpleimputer,ordinalencoder,select_percentile,standard,MLPClassifier(random_state=0),3,1.0,,No using Simple Imputer,No using Ordinal Hot,0.09172511100769043,0.00019240379333496094
algerian_forest_fires_46279,simpleimputer,ordinalencoder,select_percentile,standard,MLPClassifier(random_state=0),4,0.9583333333333334,,No using Simple Imputer,No using Ordinal Hot,0.0889122486114502,0.00022411346435546875
algerian_forest_fires_46279,simpleimputer,ordinalencoder,generic_univariate,standard,MLPClassifier(random_state=0),0,0.8979591836734694,,No using Simple Imputer,No using Ordinal Hot,0.08484601974487305,0.00021839141845703125
algerian_forest_fires_46279,simpleimputer,ordinalencoder,generic_univariate,standard,MLPClassifier(random_state=0),1,0.9183673469387755,,No using Simple Imputer,No using Ordinal Hot,0.09345102310180664,0.00018715858459472656
algerian_forest_fires_46279,simpleimputer,ordinalencoder,generic_univariate,standard,MLPClassifier(random_state=0),2,0.9591836734693877,,No using Simple Imputer,No using Ordinal Hot,0.08476781845092773,0.00019812583923339844
algerian_forest_fires_46279,simpleimputer,ordinalencoder,generic_univariate,standard,MLPClassifier(random_state=0),3,0.9375,,No using Simple Imputer,No using Ordinal Hot,0.08900737762451172,0.00018405914306640625
algerian_forest_fires_46279,simpleimputer,ordinalencoder,generic_univariate,standard,MLPClassifier(random_state=0),4,0.9791666666666666,,No using Simple Imputer,No using Ordinal Hot,0.08495259284973145,0.00020265579223632812
algerian_forest_fires_46279,simpleimputer,ordinalencoder,polynomial_features,standard,MLPClassifier(random_state=0),0,0.9183673469387755,,No using Simple Imputer,No using Ordinal Hot,1.994680643081665,0.0010557174682617188
algerian_forest_fires_46279,simpleimputer,ordinalencoder,polynomial_features,standard,MLPClassifier(random_state=0),1,0.9387755102040817,,No using Simple Imputer,No using Ordinal Hot,1.0268526077270508,0.003204822540283203
algerian_forest_fires_46279,simpleimputer,ordinalencoder,polynomial_features,standard,MLPClassifier(random_state=0),2,0.9183673469387755,,No using Simple Imputer,No using Ordinal Hot,0.985102653503418,0.00038909912109375
algerian_forest_fires_46279,simpleimputer,ordinalencoder,polynomial_features,standard,MLPClassifier(random_state=0),3,0.9583333333333334,,No using Simple Imputer,No using Ordinal Hot,0.9837884902954102,0.0004000663757324219
algerian_forest_fires_46279,simpleimputer,ordinalencoder,polynomial_features,standard,MLPClassifier(random_state=0),4,0.9375,,No using Simple Imputer,No using Ordinal Hot,0.9246120452880859,0.00039839744567871094
algerian_forest_fires_46279,simpleimputer,ordinalencoder,nystroem,standard,MLPClassifier(random_state=0),0,0.9591836734693877,,No using Simple Imputer,No using Ordinal Hot,0.25543832778930664,0.00031304359436035156
algerian_forest_fires_46279,simpleimputer,ordinalencoder,nystroem,standard,MLPClassifier(random_state=0),1,0.9591836734693877,,No using Simple Imputer,No using Ordinal Hot,0.255908727645874,0.0003199577331542969
algerian_forest_fires_46279,simpleimputer,ordinalencoder,nystroem,standard,MLPClassifier(random_state=0),2,0.9387755102040817,,No using Simple Imputer,No using Ordinal Hot,0.24508213996887207,0.0003273487091064453
algerian_forest_fires_46279,simpleimputer,ordinalencoder,nystroem,standard,MLPClassifier(random_state=0),3,0.9791666666666666,,No using Simple Imputer,No using Ordinal Hot,0.19392848014831543,0.00039768218994140625
algerian_forest_fires_46279,simpleimputer,ordinalencoder,nystroem,standard,MLPClassifier(random_state=0),4,0.9375,,No using Simple Imputer,No using Ordinal Hot,0.23240017890930176,0.00029540061950683594
algerian_forest_fires_46279,simpleimputer,ordinalencoder,rbf_sampler,standard,MLPClassifier(random_state=0),0,0.5918367346938775,,No using Simple Imputer,No using Ordinal Hot,0.20488691329956055,0.00030517578125
algerian_forest_fires_46279,simpleimputer,ordinalencoder,rbf_sampler,standard,MLPClassifier(random_state=0),1,0.7551020408163265,,No using Simple Imputer,No using Ordinal Hot,0.19221854209899902,0.0003008842468261719
algerian_forest_fires_46279,simpleimputer,ordinalencoder,rbf_sampler,standard,MLPClassifier(random_state=0),2,0.6530612244897959,,No using Simple Imputer,No using Ordinal Hot,0.18654847145080566,0.0003027915954589844
algerian_forest_fires_46279,simpleimputer,ordinalencoder,rbf_sampler,standard,MLPClassifier(random_state=0),3,0.7083333333333334,,No using Simple Imputer,No using Ordinal Hot,0.22464585304260254,0.0003407001495361328
algerian_forest_fires_46279,simpleimputer,ordinalencoder,rbf_sampler,standard,MLPClassifier(random_state=0),4,0.6458333333333334,,No using Simple Imputer,No using Ordinal Hot,0.19711542129516602,0.00036787986755371094
algerian_forest_fires_46279,simpleimputer,ordinalencoder,random_trees_embedding,standard,MLPClassifier(random_state=0),0,0.9183673469387755,,No using Simple Imputer,No using Ordinal Hot,0.5899519920349121,0.0006718635559082031
algerian_forest_fires_46279,simpleimputer,ordinalencoder,random_trees_embedding,standard,MLPClassifier(random_state=0),1,0.9591836734693877,,No using Simple Imputer,No using Ordinal Hot,0.6727871894836426,0.0006644725799560547
algerian_forest_fires_46279,simpleimputer,ordinalencoder,random_trees_embedding,standard,MLPClassifier(random_state=0),2,0.9387755102040817,,No using Simple Imputer,No using Ordinal Hot,0.6426184177398682,0.0006277561187744141
algerian_forest_fires_46279,simpleimputer,ordinalencoder,random_trees_embedding,standard,MLPClassifier(random_state=0),3,0.9583333333333334,,No using Simple Imputer,No using Ordinal Hot,0.6494033336639404,0.0012929439544677734
algerian_forest_fires_46279,simpleimputer,ordinalencoder,random_trees_embedding,standard,MLPClassifier(random_state=0),4,0.9375,,No using Simple Imputer,No using Ordinal Hot,0.6318025588989258,0.0006210803985595703
algerian_forest_fires_46279,simpleimputer,ordinalencoder,feature_agglomeration,standard,MLPClassifier(random_state=0),0,0.8571428571428571,,No using Simple Imputer,No using Ordinal Hot,0.10696029663085938,0.0002117156982421875
algerian_forest_fires_46279,simpleimputer,ordinalencoder,feature_agglomeration,standard,MLPClassifier(random_state=0),1,0.8571428571428571,,No using Simple Imputer,No using Ordinal Hot,0.0905158519744873,0.00018930435180664062
algerian_forest_fires_46279,simpleimputer,ordinalencoder,feature_agglomeration,standard,MLPClassifier(random_state=0),2,0.8571428571428571,,No using Simple Imputer,No using Ordinal Hot,0.09071660041809082,0.0002243518829345703
algerian_forest_fires_46279,simpleimputer,ordinalencoder,feature_agglomeration,standard,MLPClassifier(random_state=0),3,0.9375,,No using Simple Imputer,No using Ordinal Hot,0.09010171890258789,0.00018548965454101562
algerian_forest_fires_46279,simpleimputer,ordinalencoder,feature_agglomeration,standard,MLPClassifier(random_state=0),4,0.9166666666666666,,No using Simple Imputer,No using Ordinal Hot,0.09009552001953125,0.00018477439880371094
algerian_forest_fires_46279,simpleimputer,ordinalencoder,extra_tree,standard,MLPClassifier(random_state=0),0,0.9183673469387755,,No using Simple Imputer,No using Ordinal Hot,0.09289669990539551,0.00019025802612304688
algerian_forest_fires_46279,simpleimputer,ordinalencoder,extra_tree,standard,MLPClassifier(random_state=0),1,0.9591836734693877,,No using Simple Imputer,No using Ordinal Hot,0.09123778343200684,0.00022935867309570312
algerian_forest_fires_46279,simpleimputer,ordinalencoder,extra_tree,standard,MLPClassifier(random_state=0),2,0.9795918367346939,,No using Simple Imputer,No using Ordinal Hot,0.09173583984375,0.00019431114196777344
algerian_forest_fires_46279,simpleimputer,ordinalencoder,extra_tree,standard,MLPClassifier(random_state=0),3,0.9791666666666666,,No using Simple Imputer,No using Ordinal Hot,0.09446549415588379,0.00026154518127441406
algerian_forest_fires_46279,simpleimputer,ordinalencoder,extra_tree,standard,MLPClassifier(random_state=0),4,0.9791666666666666,,No using Simple Imputer,No using Ordinal Hot,0.09090447425842285,0.0002048015594482422
algerian_forest_fires_46279,simpleimputer,ordinalencoder,linear_svc,standard,MLPClassifier(random_state=0),0,0.9387755102040817,,No using Simple Imputer,No using Ordinal Hot,0.09277105331420898,0.00021123886108398438
algerian_forest_fires_46279,simpleimputer,ordinalencoder,linear_svc,standard,MLPClassifier(random_state=0),1,0.9795918367346939,,No using Simple Imputer,No using Ordinal Hot,0.09171795845031738,0.00024271011352539062
algerian_forest_fires_46279,simpleimputer,ordinalencoder,linear_svc,standard,MLPClassifier(random_state=0),2,0.9591836734693877,,No using Simple Imputer,No using Ordinal Hot,0.09273457527160645,0.00020432472229003906
algerian_forest_fires_46279,simpleimputer,ordinalencoder,linear_svc,standard,MLPClassifier(random_state=0),3,0.9583333333333334,,No using Simple Imputer,No using Ordinal Hot,0.09913420677185059,0.00020360946655273438
algerian_forest_fires_46279,simpleimputer,ordinalencoder,linear_svc,standard,MLPClassifier(random_state=0),4,0.9791666666666666,,No using Simple Imputer,No using Ordinal Hot,0.0910646915435791,0.00021457672119140625
algerian_forest_fires_46279,simpleimputer,ordinalencoder,kernel_pca,standard,MLPClassifier(random_state=0),0,0.9795918367346939,,No using Simple Imputer,No using Ordinal Hot,0.12427639961242676,0.00019621849060058594
algerian_forest_fires_46279,simpleimputer,ordinalencoder,kernel_pca,standard,MLPClassifier(random_state=0),1,0.9591836734693877,,No using Simple Imputer,No using Ordinal Hot,0.12951087951660156,0.00023818016052246094
algerian_forest_fires_46279,simpleimputer,ordinalencoder,kernel_pca,standard,MLPClassifier(random_state=0),2,0.9591836734693877,,No using Simple Imputer,No using Ordinal Hot,0.13045310974121094,0.0002129077911376953
algerian_forest_fires_46279,simpleimputer,ordinalencoder,kernel_pca,standard,MLPClassifier(random_state=0),3,0.9791666666666666,,No using Simple Imputer,No using Ordinal Hot,0.13556647300720215,0.0001976490020751953
algerian_forest_fires_46279,simpleimputer,ordinalencoder,kernel_pca,standard,MLPClassifier(random_state=0),4,0.9375,,No using Simple Imputer,No using Ordinal Hot,0.13458013534545898,0.00019502639770507812
algerian_forest_fires_46279,simpleimputer,ordinalencoder,,minmax,MLPClassifier(random_state=0),0,0.8979591836734694,,No using Simple Imputer,No using Ordinal Hot,0.09803533554077148,0.00019216537475585938
algerian_forest_fires_46279,simpleimputer,ordinalencoder,,minmax,MLPClassifier(random_state=0),1,0.9387755102040817,,No using Simple Imputer,No using Ordinal Hot,0.09694981575012207,0.0002689361572265625
algerian_forest_fires_46279,simpleimputer,ordinalencoder,,minmax,MLPClassifier(random_state=0),2,0.8367346938775511,,No using Simple Imputer,No using Ordinal Hot,0.09740972518920898,0.00023412704467773438
algerian_forest_fires_46279,simpleimputer,ordinalencoder,,minmax,MLPClassifier(random_state=0),3,0.9375,,No using Simple Imputer,No using Ordinal Hot,0.0983128547668457,0.0002396106719970703
algerian_forest_fires_46279,simpleimputer,ordinalencoder,,minmax,MLPClassifier(random_state=0),4,0.9791666666666666,,No using Simple Imputer,No using Ordinal Hot,0.09756922721862793,0.00022220611572265625
algerian_forest_fires_46279,simpleimputer,ordinalencoder,pca,minmax,MLPClassifier(random_state=0),0,0.9387755102040817,,No using Simple Imputer,No using Ordinal Hot,0.10313773155212402,0.00021910667419433594
algerian_forest_fires_46279,simpleimputer,ordinalencoder,pca,minmax,MLPClassifier(random_state=0),1,0.9795918367346939,,No using Simple Imputer,No using Ordinal Hot,0.09926271438598633,0.00020194053649902344
algerian_forest_fires_46279,simpleimputer,ordinalencoder,pca,minmax,MLPClassifier(random_state=0),2,0.9387755102040817,,No using Simple Imputer,No using Ordinal Hot,0.09930562973022461,0.0002052783966064453
algerian_forest_fires_46279,simpleimputer,ordinalencoder,pca,minmax,MLPClassifier(random_state=0),3,0.9583333333333334,,No using Simple Imputer,No using Ordinal Hot,0.09985876083374023,0.00021576881408691406
algerian_forest_fires_46279,simpleimputer,ordinalencoder,pca,minmax,MLPClassifier(random_state=0),4,0.9375,,No using Simple Imputer,No using Ordinal Hot,0.103668212890625,0.00020956993103027344
algerian_forest_fires_46279,simpleimputer,ordinalencoder,fastica,minmax,MLPClassifier(random_state=0),0,0.9591836734693877,,No using Simple Imputer,No using Ordinal Hot,0.10695242881774902,0.00023627281188964844
algerian_forest_fires_46279,simpleimputer,ordinalencoder,fastica,minmax,MLPClassifier(random_state=0),1,0.9795918367346939,,No using Simple Imputer,No using Ordinal Hot,0.10254669189453125,0.0002338886260986328
algerian_forest_fires_46279,simpleimputer,ordinalencoder,fastica,minmax,MLPClassifier(random_state=0),2,0.9591836734693877,,No using Simple Imputer,No using Ordinal Hot,0.10276103019714355,0.0002014636993408203
algerian_forest_fires_46279,simpleimputer,ordinalencoder,fastica,minmax,MLPClassifier(random_state=0),3,0.9375,,No using Simple Imputer,No using Ordinal Hot,0.10425281524658203,0.0002148151397705078
algerian_forest_fires_46279,simpleimputer,ordinalencoder,fastica,minmax,MLPClassifier(random_state=0),4,0.9166666666666666,,No using Simple Imputer,No using Ordinal Hot,0.10394048690795898,0.0001926422119140625
algerian_forest_fires_46279,simpleimputer,ordinalencoder,truncated_svd,minmax,MLPClassifier(random_state=0),0,0.8571428571428571,,No using Simple Imputer,No using Ordinal Hot,0.08654332160949707,0.00021529197692871094
algerian_forest_fires_46279,simpleimputer,ordinalencoder,truncated_svd,minmax,MLPClassifier(random_state=0),1,0.8571428571428571,,No using Simple Imputer,No using Ordinal Hot,0.08685755729675293,0.0002143383026123047
algerian_forest_fires_46279,simpleimputer,ordinalencoder,truncated_svd,minmax,MLPClassifier(random_state=0),2,0.8775510204081632,,No using Simple Imputer,No using Ordinal Hot,0.08709931373596191,0.00021958351135253906
algerian_forest_fires_46279,simpleimputer,ordinalencoder,truncated_svd,minmax,MLPClassifier(random_state=0),3,0.9166666666666666,,No using Simple Imputer,No using Ordinal Hot,0.09092497825622559,0.00020313262939453125
algerian_forest_fires_46279,simpleimputer,ordinalencoder,truncated_svd,minmax,MLPClassifier(random_state=0),4,0.9166666666666666,,No using Simple Imputer,No using Ordinal Hot,0.08636140823364258,0.00020885467529296875
algerian_forest_fires_46279,simpleimputer,ordinalencoder,select_percentile,minmax,MLPClassifier(random_state=0),0,0.9387755102040817,,No using Simple Imputer,No using Ordinal Hot,0.08503866195678711,0.0001895427703857422
algerian_forest_fires_46279,simpleimputer,ordinalencoder,select_percentile,minmax,MLPClassifier(random_state=0),1,0.9387755102040817,,No using Simple Imputer,No using Ordinal Hot,0.08857893943786621,0.00024437904357910156
algerian_forest_fires_46279,simpleimputer,ordinalencoder,select_percentile,minmax,MLPClassifier(random_state=0),2,0.9591836734693877,,No using Simple Imputer,No using Ordinal Hot,0.0892021656036377,0.00021076202392578125
algerian_forest_fires_46279,simpleimputer,ordinalencoder,select_percentile,minmax,MLPClassifier(random_state=0),3,0.9375,,No using Simple Imputer,No using Ordinal Hot,0.08548974990844727,0.0002052783966064453
algerian_forest_fires_46279,simpleimputer,ordinalencoder,select_percentile,minmax,MLPClassifier(random_state=0),4,1.0,,No using Simple Imputer,No using Ordinal Hot,0.0849907398223877,0.0001881122589111328
algerian_forest_fires_46279,simpleimputer,ordinalencoder,generic_univariate,minmax,MLPClassifier(random_state=0),0,0.7755102040816326,,No using Simple Imputer,No using Ordinal Hot,0.08247852325439453,0.00022721290588378906
algerian_forest_fires_46279,simpleimputer,ordinalencoder,generic_univariate,minmax,MLPClassifier(random_state=0),1,0.7551020408163265,,No using Simple Imputer,No using Ordinal Hot,0.08305549621582031,0.00018358230590820312
algerian_forest_fires_46279,simpleimputer,ordinalencoder,generic_univariate,minmax,MLPClassifier(random_state=0),2,0.8367346938775511,,No using Simple Imputer,No using Ordinal Hot,0.08254790306091309,0.00023484230041503906
algerian_forest_fires_46279,simpleimputer,ordinalencoder,generic_univariate,minmax,MLPClassifier(random_state=0),3,0.875,,No using Simple Imputer,No using Ordinal Hot,0.08243656158447266,0.00018405914306640625
algerian_forest_fires_46279,simpleimputer,ordinalencoder,generic_univariate,minmax,MLPClassifier(random_state=0),4,0.8125,,No using Simple Imputer,No using Ordinal Hot,0.08839964866638184,0.0001971721649169922
algerian_forest_fires_46279,simpleimputer,ordinalencoder,polynomial_features,minmax,MLPClassifier(random_state=0),0,0.9387755102040817,,No using Simple Imputer,No using Ordinal Hot,0.9668233394622803,0.0030486583709716797
algerian_forest_fires_46279,simpleimputer,ordinalencoder,polynomial_features,minmax,MLPClassifier(random_state=0),1,0.9591836734693877,,No using Simple Imputer,No using Ordinal Hot,0.9002010822296143,0.0003504753112792969
algerian_forest_fires_46279,simpleimputer,ordinalencoder,polynomial_features,minmax,MLPClassifier(random_state=0),2,0.9387755102040817,,No using Simple Imputer,No using Ordinal Hot,0.8712096214294434,0.0007770061492919922
algerian_forest_fires_46279,simpleimputer,ordinalencoder,polynomial_features,minmax,MLPClassifier(random_state=0),3,0.9791666666666666,,No using Simple Imputer,No using Ordinal Hot,0.9645051956176758,0.0003838539123535156
algerian_forest_fires_46279,simpleimputer,ordinalencoder,polynomial_features,minmax,MLPClassifier(random_state=0),4,0.9583333333333334,,No using Simple Imputer,No using Ordinal Hot,0.9734718799591064,0.00036716461181640625
algerian_forest_fires_46279,simpleimputer,ordinalencoder,nystroem,minmax,MLPClassifier(random_state=0),0,0.9183673469387755,,No using Simple Imputer,No using Ordinal Hot,0.23782825469970703,0.0003173351287841797
algerian_forest_fires_46279,simpleimputer,ordinalencoder,nystroem,minmax,MLPClassifier(random_state=0),1,0.9387755102040817,,No using Simple Imputer,No using Ordinal Hot,0.24475598335266113,0.0002872943878173828
algerian_forest_fires_46279,simpleimputer,ordinalencoder,nystroem,minmax,MLPClassifier(random_state=0),2,0.8979591836734694,,No using Simple Imputer,No using Ordinal Hot,0.2460465431213379,0.0003714561462402344
algerian_forest_fires_46279,simpleimputer,ordinalencoder,nystroem,minmax,MLPClassifier(random_state=0),3,0.9583333333333334,,No using Simple Imputer,No using Ordinal Hot,0.2385416030883789,0.0002856254577636719
algerian_forest_fires_46279,simpleimputer,ordinalencoder,nystroem,minmax,MLPClassifier(random_state=0),4,0.9791666666666666,,No using Simple Imputer,No using Ordinal Hot,0.24163389205932617,0.000286102294921875
algerian_forest_fires_46279,simpleimputer,ordinalencoder,rbf_sampler,minmax,MLPClassifier(random_state=0),0,0.9183673469387755,,No using Simple Imputer,No using Ordinal Hot,0.19425368309020996,0.00035381317138671875
algerian_forest_fires_46279,simpleimputer,ordinalencoder,rbf_sampler,minmax,MLPClassifier(random_state=0),1,0.9387755102040817,,No using Simple Imputer,No using Ordinal Hot,0.17959928512573242,0.00030112266540527344
algerian_forest_fires_46279,simpleimputer,ordinalencoder,rbf_sampler,minmax,MLPClassifier(random_state=0),2,0.9183673469387755,,No using Simple Imputer,No using Ordinal Hot,0.19315791130065918,0.0002951622009277344
algerian_forest_fires_46279,simpleimputer,ordinalencoder,rbf_sampler,minmax,MLPClassifier(random_state=0),3,0.9791666666666666,,No using Simple Imputer,No using Ordinal Hot,0.18473434448242188,0.0003409385681152344
algerian_forest_fires_46279,simpleimputer,ordinalencoder,rbf_sampler,minmax,MLPClassifier(random_state=0),4,0.9583333333333334,,No using Simple Imputer,No using Ordinal Hot,0.19730520248413086,0.0003113746643066406
algerian_forest_fires_46279,simpleimputer,ordinalencoder,random_trees_embedding,minmax,MLPClassifier(random_state=0),0,0.9183673469387755,,No using Simple Imputer,No using Ordinal Hot,0.5664207935333252,0.0006387233734130859
algerian_forest_fires_46279,simpleimputer,ordinalencoder,random_trees_embedding,minmax,MLPClassifier(random_state=0),1,0.9591836734693877,,No using Simple Imputer,No using Ordinal Hot,0.6698346138000488,0.0006966590881347656
algerian_forest_fires_46279,simpleimputer,ordinalencoder,random_trees_embedding,minmax,MLPClassifier(random_state=0),2,0.9387755102040817,,No using Simple Imputer,No using Ordinal Hot,0.5829920768737793,0.0006048679351806641
algerian_forest_fires_46279,simpleimputer,ordinalencoder,random_trees_embedding,minmax,MLPClassifier(random_state=0),3,0.9583333333333334,,No using Simple Imputer,No using Ordinal Hot,0.6266381740570068,0.0006272792816162109
algerian_forest_fires_46279,simpleimputer,ordinalencoder,random_trees_embedding,minmax,MLPClassifier(random_state=0),4,0.9375,,No using Simple Imputer,No using Ordinal Hot,0.6041159629821777,0.0006577968597412109
algerian_forest_fires_46279,simpleimputer,ordinalencoder,feature_agglomeration,minmax,MLPClassifier(random_state=0),0,0.7755102040816326,,No using Simple Imputer,No using Ordinal Hot,0.10824704170227051,0.00020170211791992188
algerian_forest_fires_46279,simpleimputer,ordinalencoder,feature_agglomeration,minmax,MLPClassifier(random_state=0),1,0.7142857142857143,,No using Simple Imputer,No using Ordinal Hot,0.08601856231689453,0.00021004676818847656
algerian_forest_fires_46279,simpleimputer,ordinalencoder,feature_agglomeration,minmax,MLPClassifier(random_state=0),2,0.8571428571428571,,No using Simple Imputer,No using Ordinal Hot,0.0863187313079834,0.0002162456512451172
algerian_forest_fires_46279,simpleimputer,ordinalencoder,feature_agglomeration,minmax,MLPClassifier(random_state=0),3,0.8541666666666666,,No using Simple Imputer,No using Ordinal Hot,0.08568167686462402,0.00023818016052246094
algerian_forest_fires_46279,simpleimputer,ordinalencoder,feature_agglomeration,minmax,MLPClassifier(random_state=0),4,0.8125,,No using Simple Imputer,No using Ordinal Hot,0.08548116683959961,0.00023746490478515625
algerian_forest_fires_46279,simpleimputer,ordinalencoder,extra_tree,minmax,MLPClassifier(random_state=0),0,0.8979591836734694,,No using Simple Imputer,No using Ordinal Hot,0.08917975425720215,0.0001952648162841797
algerian_forest_fires_46279,simpleimputer,ordinalencoder,extra_tree,minmax,MLPClassifier(random_state=0),1,0.9387755102040817,,No using Simple Imputer,No using Ordinal Hot,0.08899903297424316,0.00019431114196777344
algerian_forest_fires_46279,simpleimputer,ordinalencoder,extra_tree,minmax,MLPClassifier(random_state=0),2,0.9387755102040817,,No using Simple Imputer,No using Ordinal Hot,0.08832359313964844,0.000186920166015625
algerian_forest_fires_46279,simpleimputer,ordinalencoder,extra_tree,minmax,MLPClassifier(random_state=0),3,0.9583333333333334,,No using Simple Imputer,No using Ordinal Hot,0.09098029136657715,0.0002009868621826172
algerian_forest_fires_46279,simpleimputer,ordinalencoder,extra_tree,minmax,MLPClassifier(random_state=0),4,0.9791666666666666,,No using Simple Imputer,No using Ordinal Hot,0.08999919891357422,0.00020599365234375
algerian_forest_fires_46279,simpleimputer,ordinalencoder,linear_svc,minmax,MLPClassifier(random_state=0),0,0.9591836734693877,,No using Simple Imputer,No using Ordinal Hot,0.08809113502502441,0.00022077560424804688
algerian_forest_fires_46279,simpleimputer,ordinalencoder,linear_svc,minmax,MLPClassifier(random_state=0),1,0.9795918367346939,,No using Simple Imputer,No using Ordinal Hot,0.08806991577148438,0.0001914501190185547
algerian_forest_fires_46279,simpleimputer,ordinalencoder,linear_svc,minmax,MLPClassifier(random_state=0),2,0.9387755102040817,,No using Simple Imputer,No using Ordinal Hot,0.08752942085266113,0.00023436546325683594
algerian_forest_fires_46279,simpleimputer,ordinalencoder,linear_svc,minmax,MLPClassifier(random_state=0),3,0.9791666666666666,,No using Simple Imputer,No using Ordinal Hot,0.08751869201660156,0.0001888275146484375
algerian_forest_fires_46279,simpleimputer,ordinalencoder,linear_svc,minmax,MLPClassifier(random_state=0),4,0.9791666666666666,,No using Simple Imputer,No using Ordinal Hot,0.08848285675048828,0.00021147727966308594
algerian_forest_fires_46279,simpleimputer,ordinalencoder,kernel_pca,minmax,MLPClassifier(random_state=0),0,0.9387755102040817,,No using Simple Imputer,No using Ordinal Hot,0.12972593307495117,0.0002532005310058594
algerian_forest_fires_46279,simpleimputer,ordinalencoder,kernel_pca,minmax,MLPClassifier(random_state=0),1,0.9795918367346939,,No using Simple Imputer,No using Ordinal Hot,0.12168049812316895,0.0002741813659667969
algerian_forest_fires_46279,simpleimputer,ordinalencoder,kernel_pca,minmax,MLPClassifier(random_state=0),2,0.9387755102040817,,No using Simple Imputer,No using Ordinal Hot,0.12625646591186523,0.00024080276489257812
algerian_forest_fires_46279,simpleimputer,ordinalencoder,kernel_pca,minmax,MLPClassifier(random_state=0),3,0.9583333333333334,,No using Simple Imputer,No using Ordinal Hot,0.13083696365356445,0.0002636909484863281
algerian_forest_fires_46279,simpleimputer,ordinalencoder,kernel_pca,minmax,MLPClassifier(random_state=0),4,0.9375,,No using Simple Imputer,No using Ordinal Hot,0.12966108322143555,0.0001971721649169922
algerian_forest_fires_46279,simpleimputer,ordinalencoder,,robust,MLPClassifier(random_state=0),0,0.9183673469387755,,No using Simple Imputer,No using Ordinal Hot,0.10148096084594727,0.00019216537475585938
algerian_forest_fires_46279,simpleimputer,ordinalencoder,,robust,MLPClassifier(random_state=0),1,0.9387755102040817,,No using Simple Imputer,No using Ordinal Hot,0.1023561954498291,0.00021910667419433594
algerian_forest_fires_46279,simpleimputer,ordinalencoder,,robust,MLPClassifier(random_state=0),2,0.8775510204081632,,No using Simple Imputer,No using Ordinal Hot,0.10295915603637695,0.0002467632293701172
algerian_forest_fires_46279,simpleimputer,ordinalencoder,,robust,MLPClassifier(random_state=0),3,0.9791666666666666,,No using Simple Imputer,No using Ordinal Hot,0.10476994514465332,0.00019812583923339844
algerian_forest_fires_46279,simpleimputer,ordinalencoder,,robust,MLPClassifier(random_state=0),4,0.9583333333333334,,No using Simple Imputer,No using Ordinal Hot,0.10242056846618652,0.00020360946655273438
algerian_forest_fires_46279,simpleimputer,ordinalencoder,pca,robust,MLPClassifier(random_state=0),0,0.9591836734693877,,No using Simple Imputer,No using Ordinal Hot,0.10260319709777832,0.000217437744140625
algerian_forest_fires_46279,simpleimputer,ordinalencoder,pca,robust,MLPClassifier(random_state=0),1,0.9591836734693877,,No using Simple Imputer,No using Ordinal Hot,0.10555386543273926,0.00022077560424804688
algerian_forest_fires_46279,simpleimputer,ordinalencoder,pca,robust,MLPClassifier(random_state=0),2,0.9591836734693877,,No using Simple Imputer,No using Ordinal Hot,0.10959267616271973,0.000217437744140625
algerian_forest_fires_46279,simpleimputer,ordinalencoder,pca,robust,MLPClassifier(random_state=0),3,0.9791666666666666,,No using Simple Imputer,No using Ordinal Hot,0.1027834415435791,0.00020599365234375
algerian_forest_fires_46279,simpleimputer,ordinalencoder,pca,robust,MLPClassifier(random_state=0),4,0.9583333333333334,,No using Simple Imputer,No using Ordinal Hot,0.1039133071899414,0.00021409988403320312
algerian_forest_fires_46279,simpleimputer,ordinalencoder,fastica,robust,MLPClassifier(random_state=0),0,0.9387755102040817,,No using Simple Imputer,No using Ordinal Hot,0.11639094352722168,0.00021386146545410156
algerian_forest_fires_46279,simpleimputer,ordinalencoder,fastica,robust,MLPClassifier(random_state=0),1,0.6326530612244898,,No using Simple Imputer,No using Ordinal Hot,0.09628152847290039,0.00019621849060058594
algerian_forest_fires_46279,simpleimputer,ordinalencoder,fastica,robust,MLPClassifier(random_state=0),2,0.6326530612244898,,No using Simple Imputer,No using Ordinal Hot,0.09575438499450684,0.0002148151397705078
algerian_forest_fires_46279,simpleimputer,ordinalencoder,fastica,robust,MLPClassifier(random_state=0),3,0.9583333333333334,,No using Simple Imputer,No using Ordinal Hot,0.10535097122192383,0.0002002716064453125
algerian_forest_fires_46279,simpleimputer,ordinalencoder,fastica,robust,MLPClassifier(random_state=0),4,0.9583333333333334,,No using Simple Imputer,No using Ordinal Hot,0.10149025917053223,0.00019931793212890625
algerian_forest_fires_46279,simpleimputer,ordinalencoder,truncated_svd,robust,MLPClassifier(random_state=0),0,0.9183673469387755,,No using Simple Imputer,No using Ordinal Hot,0.09323596954345703,0.0002105236053466797
algerian_forest_fires_46279,simpleimputer,ordinalencoder,truncated_svd,robust,MLPClassifier(random_state=0),1,0.9183673469387755,,No using Simple Imputer,No using Ordinal Hot,0.09705233573913574,0.00025963783264160156
algerian_forest_fires_46279,simpleimputer,ordinalencoder,truncated_svd,robust,MLPClassifier(random_state=0),2,0.8979591836734694,,No using Simple Imputer,No using Ordinal Hot,0.09241294860839844,0.0001881122589111328
algerian_forest_fires_46279,simpleimputer,ordinalencoder,truncated_svd,robust,MLPClassifier(random_state=0),3,0.9375,,No using Simple Imputer,No using Ordinal Hot,0.09015798568725586,0.00018310546875
algerian_forest_fires_46279,simpleimputer,ordinalencoder,truncated_svd,robust,MLPClassifier(random_state=0),4,0.9375,,No using Simple Imputer,No using Ordinal Hot,0.08969736099243164,0.00021147727966308594
algerian_forest_fires_46279,simpleimputer,ordinalencoder,select_percentile,robust,MLPClassifier(random_state=0),0,0.9591836734693877,,No using Simple Imputer,No using Ordinal Hot,0.08834362030029297,0.00025391578674316406
algerian_forest_fires_46279,simpleimputer,ordinalencoder,select_percentile,robust,MLPClassifier(random_state=0),1,0.9795918367346939,,No using Simple Imputer,No using Ordinal Hot,0.08823752403259277,0.0002048015594482422
algerian_forest_fires_46279,simpleimputer,ordinalencoder,select_percentile,robust,MLPClassifier(random_state=0),2,0.9795918367346939,,No using Simple Imputer,No using Ordinal Hot,0.08801484107971191,0.00021195411682128906
algerian_forest_fires_46279,simpleimputer,ordinalencoder,select_percentile,robust,MLPClassifier(random_state=0),3,1.0,,No using Simple Imputer,No using Ordinal Hot,0.08806109428405762,0.0002551078796386719
algerian_forest_fires_46279,simpleimputer,ordinalencoder,select_percentile,robust,MLPClassifier(random_state=0),4,0.9583333333333334,,No using Simple Imputer,No using Ordinal Hot,0.09029006958007812,0.00019407272338867188
algerian_forest_fires_46279,simpleimputer,ordinalencoder,generic_univariate,robust,MLPClassifier(random_state=0),0,0.9387755102040817,,No using Simple Imputer,No using Ordinal Hot,0.08517026901245117,0.00018739700317382812
algerian_forest_fires_46279,simpleimputer,ordinalencoder,generic_univariate,robust,MLPClassifier(random_state=0),1,0.9387755102040817,,No using Simple Imputer,No using Ordinal Hot,0.08502078056335449,0.00018787384033203125
algerian_forest_fires_46279,simpleimputer,ordinalencoder,generic_univariate,robust,MLPClassifier(random_state=0),2,1.0,,No using Simple Imputer,No using Ordinal Hot,0.08479189872741699,0.00022459030151367188
algerian_forest_fires_46279,simpleimputer,ordinalencoder,generic_univariate,robust,MLPClassifier(random_state=0),3,0.9375,,No using Simple Imputer,No using Ordinal Hot,0.08567929267883301,0.00018358230590820312
algerian_forest_fires_46279,simpleimputer,ordinalencoder,generic_univariate,robust,MLPClassifier(random_state=0),4,1.0,,No using Simple Imputer,No using Ordinal Hot,0.09611868858337402,0.0001876354217529297
algerian_forest_fires_46279,simpleimputer,ordinalencoder,polynomial_features,robust,MLPClassifier(random_state=0),0,0.8775510204081632,,No using Simple Imputer,No using Ordinal Hot,0.9535055160522461,0.0003674030303955078
algerian_forest_fires_46279,simpleimputer,ordinalencoder,polynomial_features,robust,MLPClassifier(random_state=0),1,0.9183673469387755,,No using Simple Imputer,No using Ordinal Hot,0.9350619316101074,0.0003542900085449219
algerian_forest_fires_46279,simpleimputer,ordinalencoder,polynomial_features,robust,MLPClassifier(random_state=0),2,0.8979591836734694,,No using Simple Imputer,No using Ordinal Hot,0.9917235374450684,0.00037550926208496094
algerian_forest_fires_46279,simpleimputer,ordinalencoder,polynomial_features,robust,MLPClassifier(random_state=0),3,0.9375,,No using Simple Imputer,No using Ordinal Hot,0.9177334308624268,0.000392913818359375
algerian_forest_fires_46279,simpleimputer,ordinalencoder,polynomial_features,robust,MLPClassifier(random_state=0),4,0.9375,,No using Simple Imputer,No using Ordinal Hot,0.9860317707061768,0.0007150173187255859
algerian_forest_fires_46279,simpleimputer,ordinalencoder,nystroem,robust,MLPClassifier(random_state=0),0,0.9387755102040817,,No using Simple Imputer,No using Ordinal Hot,0.2499995231628418,0.00034546852111816406
algerian_forest_fires_46279,simpleimputer,ordinalencoder,nystroem,robust,MLPClassifier(random_state=0),1,0.9591836734693877,,No using Simple Imputer,No using Ordinal Hot,0.24373579025268555,0.00033402442932128906
algerian_forest_fires_46279,simpleimputer,ordinalencoder,nystroem,robust,MLPClassifier(random_state=0),2,0.9591836734693877,,No using Simple Imputer,No using Ordinal Hot,0.24291515350341797,0.00037217140197753906
algerian_forest_fires_46279,simpleimputer,ordinalencoder,nystroem,robust,MLPClassifier(random_state=0),3,0.9791666666666666,,No using Simple Imputer,No using Ordinal Hot,0.20210671424865723,0.0003457069396972656
algerian_forest_fires_46279,simpleimputer,ordinalencoder,nystroem,robust,MLPClassifier(random_state=0),4,0.9375,,No using Simple Imputer,No using Ordinal Hot,0.21837425231933594,0.0003380775451660156
algerian_forest_fires_46279,simpleimputer,ordinalencoder,rbf_sampler,robust,MLPClassifier(random_state=0),0,0.7142857142857143,,No using Simple Imputer,No using Ordinal Hot,0.19732880592346191,0.0003399848937988281
algerian_forest_fires_46279,simpleimputer,ordinalencoder,rbf_sampler,robust,MLPClassifier(random_state=0),1,0.7959183673469388,,No using Simple Imputer,No using Ordinal Hot,0.18390536308288574,0.0003426074981689453
algerian_forest_fires_46279,simpleimputer,ordinalencoder,rbf_sampler,robust,MLPClassifier(random_state=0),2,0.673469387755102,,No using Simple Imputer,No using Ordinal Hot,0.19508647918701172,0.0003218650817871094
algerian_forest_fires_46279,simpleimputer,ordinalencoder,rbf_sampler,robust,MLPClassifier(random_state=0),3,0.75,,No using Simple Imputer,No using Ordinal Hot,0.18910527229309082,0.0003478527069091797
algerian_forest_fires_46279,simpleimputer,ordinalencoder,rbf_sampler,robust,MLPClassifier(random_state=0),4,0.6875,,No using Simple Imputer,No using Ordinal Hot,0.19537138938903809,0.0003592967987060547
algerian_forest_fires_46279,simpleimputer,ordinalencoder,random_trees_embedding,robust,MLPClassifier(random_state=0),0,0.9183673469387755,,No using Simple Imputer,No using Ordinal Hot,0.6052074432373047,0.0005993843078613281
algerian_forest_fires_46279,simpleimputer,ordinalencoder,random_trees_embedding,robust,MLPClassifier(random_state=0),1,0.9591836734693877,,No using Simple Imputer,No using Ordinal Hot,0.6614069938659668,0.0007128715515136719
algerian_forest_fires_46279,simpleimputer,ordinalencoder,random_trees_embedding,robust,MLPClassifier(random_state=0),2,0.9387755102040817,,No using Simple Imputer,No using Ordinal Hot,0.6706807613372803,0.0022916793823242188
algerian_forest_fires_46279,simpleimputer,ordinalencoder,random_trees_embedding,robust,MLPClassifier(random_state=0),3,0.9583333333333334,,No using Simple Imputer,No using Ordinal Hot,0.636345624923706,0.0006964206695556641
algerian_forest_fires_46279,simpleimputer,ordinalencoder,random_trees_embedding,robust,MLPClassifier(random_state=0),4,0.9375,,No using Simple Imputer,No using Ordinal Hot,0.6500735282897949,0.0005724430084228516
algerian_forest_fires_46279,simpleimputer,ordinalencoder,feature_agglomeration,robust,MLPClassifier(random_state=0),0,0.8163265306122449,,No using Simple Imputer,No using Ordinal Hot,0.10431623458862305,0.0002079010009765625
algerian_forest_fires_46279,simpleimputer,ordinalencoder,feature_agglomeration,robust,MLPClassifier(random_state=0),1,0.8979591836734694,,No using Simple Imputer,No using Ordinal Hot,0.08745813369750977,0.0002090930938720703
algerian_forest_fires_46279,simpleimputer,ordinalencoder,feature_agglomeration,robust,MLPClassifier(random_state=0),2,0.8571428571428571,,No using Simple Imputer,No using Ordinal Hot,0.08676838874816895,0.0002357959747314453
algerian_forest_fires_46279,simpleimputer,ordinalencoder,feature_agglomeration,robust,MLPClassifier(random_state=0),3,0.8958333333333334,,No using Simple Imputer,No using Ordinal Hot,0.0867471694946289,0.00020647048950195312
algerian_forest_fires_46279,simpleimputer,ordinalencoder,feature_agglomeration,robust,MLPClassifier(random_state=0),4,0.875,,No using Simple Imputer,No using Ordinal Hot,0.0868532657623291,0.0002124309539794922
algerian_forest_fires_46279,simpleimputer,ordinalencoder,extra_tree,robust,MLPClassifier(random_state=0),0,0.9183673469387755,,No using Simple Imputer,No using Ordinal Hot,0.0908043384552002,0.0002396106719970703
algerian_forest_fires_46279,simpleimputer,ordinalencoder,extra_tree,robust,MLPClassifier(random_state=0),1,0.9387755102040817,,No using Simple Imputer,No using Ordinal Hot,0.08963346481323242,0.00021910667419433594
algerian_forest_fires_46279,simpleimputer,ordinalencoder,extra_tree,robust,MLPClassifier(random_state=0),2,0.9591836734693877,,No using Simple Imputer,No using Ordinal Hot,0.0898585319519043,0.00018644332885742188
algerian_forest_fires_46279,simpleimputer,ordinalencoder,extra_tree,robust,MLPClassifier(random_state=0),3,0.9583333333333334,,No using Simple Imputer,No using Ordinal Hot,0.08981442451477051,0.00019359588623046875
algerian_forest_fires_46279,simpleimputer,ordinalencoder,extra_tree,robust,MLPClassifier(random_state=0),4,0.9791666666666666,,No using Simple Imputer,No using Ordinal Hot,0.0881345272064209,0.0001850128173828125
algerian_forest_fires_46279,simpleimputer,ordinalencoder,linear_svc,robust,MLPClassifier(random_state=0),0,0.9183673469387755,,No using Simple Imputer,No using Ordinal Hot,0.08825802803039551,0.0001888275146484375
algerian_forest_fires_46279,simpleimputer,ordinalencoder,linear_svc,robust,MLPClassifier(random_state=0),1,0.9387755102040817,,No using Simple Imputer,No using Ordinal Hot,0.09050250053405762,0.00020170211791992188
algerian_forest_fires_46279,simpleimputer,ordinalencoder,linear_svc,robust,MLPClassifier(random_state=0),2,0.9591836734693877,,No using Simple Imputer,No using Ordinal Hot,0.09846234321594238,0.00022602081298828125
algerian_forest_fires_46279,simpleimputer,ordinalencoder,linear_svc,robust,MLPClassifier(random_state=0),3,0.9583333333333334,,No using Simple Imputer,No using Ordinal Hot,0.09049105644226074,0.00041747093200683594
algerian_forest_fires_46279,simpleimputer,ordinalencoder,linear_svc,robust,MLPClassifier(random_state=0),4,0.9791666666666666,,No using Simple Imputer,No using Ordinal Hot,0.08986997604370117,0.00022077560424804688
algerian_forest_fires_46279,simpleimputer,ordinalencoder,kernel_pca,robust,MLPClassifier(random_state=0),0,0.9591836734693877,,No using Simple Imputer,No using Ordinal Hot,0.13566803932189941,0.00019359588623046875
algerian_forest_fires_46279,simpleimputer,ordinalencoder,kernel_pca,robust,MLPClassifier(random_state=0),1,0.9795918367346939,,No using Simple Imputer,No using Ordinal Hot,0.13013648986816406,0.00020694732666015625
algerian_forest_fires_46279,simpleimputer,ordinalencoder,kernel_pca,robust,MLPClassifier(random_state=0),2,0.9591836734693877,,No using Simple Imputer,No using Ordinal Hot,0.13328003883361816,0.00022268295288085938
algerian_forest_fires_46279,simpleimputer,ordinalencoder,kernel_pca,robust,MLPClassifier(random_state=0),3,0.9791666666666666,,No using Simple Imputer,No using Ordinal Hot,0.13348054885864258,0.00020003318786621094
algerian_forest_fires_46279,simpleimputer,ordinalencoder,kernel_pca,robust,MLPClassifier(random_state=0),4,0.9166666666666666,,No using Simple Imputer,No using Ordinal Hot,0.12781715393066406,0.00023245811462402344
algerian_forest_fires_46279,simpleimputer,ordinalencoder,,normalizer,MLPClassifier(random_state=0),0,0.673469387755102,,No using Simple Imputer,No using Ordinal Hot,0.09070038795471191,0.00024819374084472656
algerian_forest_fires_46279,simpleimputer,ordinalencoder,,normalizer,MLPClassifier(random_state=0),1,0.6530612244897959,,No using Simple Imputer,No using Ordinal Hot,0.09600687026977539,0.00023055076599121094
algerian_forest_fires_46279,simpleimputer,ordinalencoder,,normalizer,MLPClassifier(random_state=0),2,0.7346938775510204,,No using Simple Imputer,No using Ordinal Hot,0.09219765663146973,0.00019502639770507812
algerian_forest_fires_46279,simpleimputer,ordinalencoder,,normalizer,MLPClassifier(random_state=0),3,0.8333333333333334,,No using Simple Imputer,No using Ordinal Hot,0.09157752990722656,0.0002357959747314453
algerian_forest_fires_46279,simpleimputer,ordinalencoder,,normalizer,MLPClassifier(random_state=0),4,0.6458333333333334,,No using Simple Imputer,No using Ordinal Hot,0.09089231491088867,0.00020885467529296875
algerian_forest_fires_46279,simpleimputer,ordinalencoder,pca,normalizer,MLPClassifier(random_state=0),0,0.5510204081632653,,No using Simple Imputer,No using Ordinal Hot,0.09092426300048828,0.00019550323486328125
algerian_forest_fires_46279,simpleimputer,ordinalencoder,pca,normalizer,MLPClassifier(random_state=0),1,0.5510204081632653,,No using Simple Imputer,No using Ordinal Hot,0.08958697319030762,0.00018215179443359375
algerian_forest_fires_46279,simpleimputer,ordinalencoder,pca,normalizer,MLPClassifier(random_state=0),2,0.5714285714285714,,No using Simple Imputer,No using Ordinal Hot,0.09110283851623535,0.00019431114196777344
algerian_forest_fires_46279,simpleimputer,ordinalencoder,pca,normalizer,MLPClassifier(random_state=0),3,0.625,,No using Simple Imputer,No using Ordinal Hot,0.10149502754211426,0.0001862049102783203
algerian_forest_fires_46279,simpleimputer,ordinalencoder,pca,normalizer,MLPClassifier(random_state=0),4,0.5416666666666666,,No using Simple Imputer,No using Ordinal Hot,0.0924229621887207,0.0001862049102783203
algerian_forest_fires_46279,simpleimputer,ordinalencoder,fastica,normalizer,MLPClassifier(random_state=0),0,0.9795918367346939,,No using Simple Imputer,No using Ordinal Hot,0.10172700881958008,0.00020503997802734375
algerian_forest_fires_46279,simpleimputer,ordinalencoder,fastica,normalizer,MLPClassifier(random_state=0),1,0.9795918367346939,,No using Simple Imputer,No using Ordinal Hot,0.1020503044128418,0.0001895427703857422
algerian_forest_fires_46279,simpleimputer,ordinalencoder,fastica,normalizer,MLPClassifier(random_state=0),2,0.9591836734693877,,No using Simple Imputer,No using Ordinal Hot,0.10208773612976074,0.00018858909606933594
algerian_forest_fires_46279,simpleimputer,ordinalencoder,fastica,normalizer,MLPClassifier(random_state=0),3,0.9791666666666666,,No using Simple Imputer,No using Ordinal Hot,0.10236096382141113,0.00021195411682128906
algerian_forest_fires_46279,simpleimputer,ordinalencoder,fastica,normalizer,MLPClassifier(random_state=0),4,0.9166666666666666,,No using Simple Imputer,No using Ordinal Hot,0.10280036926269531,0.00019598007202148438
algerian_forest_fires_46279,simpleimputer,ordinalencoder,truncated_svd,normalizer,MLPClassifier(random_state=0),0,0.5510204081632653,,No using Simple Imputer,No using Ordinal Hot,0.008571147918701172,0.00018906593322753906
algerian_forest_fires_46279,simpleimputer,ordinalencoder,truncated_svd,normalizer,MLPClassifier(random_state=0),1,0.5510204081632653,,No using Simple Imputer,No using Ordinal Hot,0.008469343185424805,0.00017452239990234375
algerian_forest_fires_46279,simpleimputer,ordinalencoder,truncated_svd,normalizer,MLPClassifier(random_state=0),2,0.5714285714285714,,No using Simple Imputer,No using Ordinal Hot,0.00805521011352539,0.00021076202392578125
algerian_forest_fires_46279,simpleimputer,ordinalencoder,truncated_svd,normalizer,MLPClassifier(random_state=0),3,0.6041666666666666,,No using Simple Imputer,No using Ordinal Hot,0.0071146488189697266,0.00015020370483398438
algerian_forest_fires_46279,simpleimputer,ordinalencoder,truncated_svd,normalizer,MLPClassifier(random_state=0),4,0.5416666666666666,,No using Simple Imputer,No using Ordinal Hot,0.008221864700317383,0.00015616416931152344
algerian_forest_fires_46279,simpleimputer,ordinalencoder,select_percentile,normalizer,MLPClassifier(random_state=0),0,0.5510204081632653,,No using Simple Imputer,No using Ordinal Hot,0.007255077362060547,0.00018739700317382812
algerian_forest_fires_46279,simpleimputer,ordinalencoder,select_percentile,normalizer,MLPClassifier(random_state=0),1,0.5510204081632653,,No using Simple Imputer,No using Ordinal Hot,0.007074594497680664,0.0001475811004638672
algerian_forest_fires_46279,simpleimputer,ordinalencoder,select_percentile,normalizer,MLPClassifier(random_state=0),2,0.5714285714285714,,No using Simple Imputer,No using Ordinal Hot,0.006737947463989258,0.00015974044799804688
algerian_forest_fires_46279,simpleimputer,ordinalencoder,select_percentile,normalizer,MLPClassifier(random_state=0),3,0.6041666666666666,,No using Simple Imputer,No using Ordinal Hot,0.0067174434661865234,0.00014925003051757812
algerian_forest_fires_46279,simpleimputer,ordinalencoder,select_percentile,normalizer,MLPClassifier(random_state=0),4,0.5416666666666666,,No using Simple Imputer,No using Ordinal Hot,0.008012056350708008,0.00015974044799804688
algerian_forest_fires_46279,simpleimputer,ordinalencoder,generic_univariate,normalizer,MLPClassifier(random_state=0),0,0.5510204081632653,,No using Simple Imputer,No using Ordinal Hot,0.02031397819519043,0.0002129077911376953
algerian_forest_fires_46279,simpleimputer,ordinalencoder,generic_univariate,normalizer,MLPClassifier(random_state=0),1,0.5510204081632653,,No using Simple Imputer,No using Ordinal Hot,0.017303943634033203,0.00019931793212890625
algerian_forest_fires_46279,simpleimputer,ordinalencoder,generic_univariate,normalizer,MLPClassifier(random_state=0),2,0.5714285714285714,,No using Simple Imputer,No using Ordinal Hot,0.016609907150268555,0.0001819133758544922
algerian_forest_fires_46279,simpleimputer,ordinalencoder,generic_univariate,normalizer,MLPClassifier(random_state=0),3,0.6041666666666666,,No using Simple Imputer,No using Ordinal Hot,0.015750646591186523,0.00016570091247558594
algerian_forest_fires_46279,simpleimputer,ordinalencoder,generic_univariate,normalizer,MLPClassifier(random_state=0),4,0.5416666666666666,,No using Simple Imputer,No using Ordinal Hot,0.017671823501586914,0.0001583099365234375
algerian_forest_fires_46279,simpleimputer,ordinalencoder,polynomial_features,normalizer,MLPClassifier(random_state=0),0,0.7551020408163265,,No using Simple Imputer,No using Ordinal Hot,1.856292486190796,0.00037384033203125
algerian_forest_fires_46279,simpleimputer,ordinalencoder,polynomial_features,normalizer,MLPClassifier(random_state=0),1,0.7755102040816326,,No using Simple Imputer,No using Ordinal Hot,2.760028600692749,0.00038886070251464844
algerian_forest_fires_46279,simpleimputer,ordinalencoder,polynomial_features,normalizer,MLPClassifier(random_state=0),2,0.8571428571428571,,No using Simple Imputer,No using Ordinal Hot,2.357884168624878,0.0003750324249267578
algerian_forest_fires_46279,simpleimputer,ordinalencoder,polynomial_features,normalizer,MLPClassifier(random_state=0),3,0.8958333333333334,,No using Simple Imputer,No using Ordinal Hot,2.601686477661133,0.0005140304565429688
algerian_forest_fires_46279,simpleimputer,ordinalencoder,polynomial_features,normalizer,MLPClassifier(random_state=0),4,0.8125,,No using Simple Imputer,No using Ordinal Hot,2.282338857650757,0.00032329559326171875
algerian_forest_fires_46279,simpleimputer,ordinalencoder,nystroem,normalizer,MLPClassifier(random_state=0),0,0.5510204081632653,,No using Simple Imputer,No using Ordinal Hot,0.08693432807922363,0.0003039836883544922
algerian_forest_fires_46279,simpleimputer,ordinalencoder,nystroem,normalizer,MLPClassifier(random_state=0),1,0.5510204081632653,,No using Simple Imputer,No using Ordinal Hot,0.08423018455505371,0.00030493736267089844
algerian_forest_fires_46279,simpleimputer,ordinalencoder,nystroem,normalizer,MLPClassifier(random_state=0),2,0.5714285714285714,,No using Simple Imputer,No using Ordinal Hot,0.07551169395446777,0.00029754638671875
algerian_forest_fires_46279,simpleimputer,ordinalencoder,nystroem,normalizer,MLPClassifier(random_state=0),3,0.6041666666666666,,No using Simple Imputer,No using Ordinal Hot,0.03026437759399414,0.00031447410583496094
algerian_forest_fires_46279,simpleimputer,ordinalencoder,nystroem,normalizer,MLPClassifier(random_state=0),4,0.5416666666666666,,No using Simple Imputer,No using Ordinal Hot,0.03816413879394531,0.0002803802490234375
algerian_forest_fires_46279,simpleimputer,ordinalencoder,rbf_sampler,normalizer,MLPClassifier(random_state=0),0,0.8367346938775511,,No using Simple Imputer,No using Ordinal Hot,0.1897718906402588,0.0003173351287841797
algerian_forest_fires_46279,simpleimputer,ordinalencoder,rbf_sampler,normalizer,MLPClassifier(random_state=0),1,0.8571428571428571,,No using Simple Imputer,No using Ordinal Hot,0.18285751342773438,0.0002803802490234375
algerian_forest_fires_46279,simpleimputer,ordinalencoder,rbf_sampler,normalizer,MLPClassifier(random_state=0),2,0.8775510204081632,,No using Simple Imputer,No using Ordinal Hot,0.17002630233764648,0.00033664703369140625
algerian_forest_fires_46279,simpleimputer,ordinalencoder,rbf_sampler,normalizer,MLPClassifier(random_state=0),3,0.9166666666666666,,No using Simple Imputer,No using Ordinal Hot,0.19208884239196777,0.00034356117248535156
algerian_forest_fires_46279,simpleimputer,ordinalencoder,rbf_sampler,normalizer,MLPClassifier(random_state=0),4,0.8958333333333334,,No using Simple Imputer,No using Ordinal Hot,0.1773512363433838,0.0003294944763183594
algerian_forest_fires_46279,simpleimputer,ordinalencoder,random_trees_embedding,normalizer,MLPClassifier(random_state=0),0,0.9183673469387755,,No using Simple Imputer,No using Ordinal Hot,0.6598443984985352,0.0006172657012939453
algerian_forest_fires_46279,simpleimputer,ordinalencoder,random_trees_embedding,normalizer,MLPClassifier(random_state=0),1,0.9591836734693877,,No using Simple Imputer,No using Ordinal Hot,0.7578597068786621,0.0006878376007080078
algerian_forest_fires_46279,simpleimputer,ordinalencoder,random_trees_embedding,normalizer,MLPClassifier(random_state=0),2,0.9387755102040817,,No using Simple Imputer,No using Ordinal Hot,0.7146093845367432,0.000644683837890625
algerian_forest_fires_46279,simpleimputer,ordinalencoder,random_trees_embedding,normalizer,MLPClassifier(random_state=0),3,0.9583333333333334,,No using Simple Imputer,No using Ordinal Hot,0.6393687725067139,0.0006418228149414062
algerian_forest_fires_46279,simpleimputer,ordinalencoder,random_trees_embedding,normalizer,MLPClassifier(random_state=0),4,0.9583333333333334,,No using Simple Imputer,No using Ordinal Hot,0.5940473079681396,0.0053708553314208984
algerian_forest_fires_46279,simpleimputer,ordinalencoder,feature_agglomeration,normalizer,MLPClassifier(random_state=0),0,0.5510204081632653,,No using Simple Imputer,No using Ordinal Hot,0.012549400329589844,0.0002875328063964844
algerian_forest_fires_46279,simpleimputer,ordinalencoder,feature_agglomeration,normalizer,MLPClassifier(random_state=0),1,0.5510204081632653,,No using Simple Imputer,No using Ordinal Hot,0.008673906326293945,0.00023174285888671875
algerian_forest_fires_46279,simpleimputer,ordinalencoder,feature_agglomeration,normalizer,MLPClassifier(random_state=0),2,0.5714285714285714,,No using Simple Imputer,No using Ordinal Hot,0.008410453796386719,0.00017833709716796875
algerian_forest_fires_46279,simpleimputer,ordinalencoder,feature_agglomeration,normalizer,MLPClassifier(random_state=0),3,0.6041666666666666,,No using Simple Imputer,No using Ordinal Hot,0.007465362548828125,0.00015306472778320312
algerian_forest_fires_46279,simpleimputer,ordinalencoder,feature_agglomeration,normalizer,MLPClassifier(random_state=0),4,0.5416666666666666,,No using Simple Imputer,No using Ordinal Hot,0.008758544921875,0.0001513957977294922
algerian_forest_fires_46279,simpleimputer,ordinalencoder,extra_tree,normalizer,MLPClassifier(random_state=0),0,0.5510204081632653,,No using Simple Imputer,No using Ordinal Hot,0.009598970413208008,0.0001914501190185547
algerian_forest_fires_46279,simpleimputer,ordinalencoder,extra_tree,normalizer,MLPClassifier(random_state=0),1,0.5510204081632653,,No using Simple Imputer,No using Ordinal Hot,0.00887751579284668,0.0001537799835205078
algerian_forest_fires_46279,simpleimputer,ordinalencoder,extra_tree,normalizer,MLPClassifier(random_state=0),2,0.5714285714285714,,No using Simple Imputer,No using Ordinal Hot,0.010579586029052734,0.00015115737915039062
algerian_forest_fires_46279,simpleimputer,ordinalencoder,extra_tree,normalizer,MLPClassifier(random_state=0),3,0.6041666666666666,,No using Simple Imputer,No using Ordinal Hot,0.0073735713958740234,0.0001811981201171875
algerian_forest_fires_46279,simpleimputer,ordinalencoder,extra_tree,normalizer,MLPClassifier(random_state=0),4,0.5416666666666666,,No using Simple Imputer,No using Ordinal Hot,0.011481523513793945,0.00015115737915039062
algerian_forest_fires_46279,simpleimputer,ordinalencoder,linear_svc,normalizer,MLPClassifier(random_state=0),0,0.5510204081632653,,No using Simple Imputer,No using Ordinal Hot,0.08863067626953125,0.0001957416534423828
algerian_forest_fires_46279,simpleimputer,ordinalencoder,linear_svc,normalizer,MLPClassifier(random_state=0),1,0.5510204081632653,,No using Simple Imputer,No using Ordinal Hot,0.09125566482543945,0.00019073486328125
algerian_forest_fires_46279,simpleimputer,ordinalencoder,linear_svc,normalizer,MLPClassifier(random_state=0),2,0.5714285714285714,,No using Simple Imputer,No using Ordinal Hot,0.08881568908691406,0.00021195411682128906
algerian_forest_fires_46279,simpleimputer,ordinalencoder,linear_svc,normalizer,MLPClassifier(random_state=0),3,0.6666666666666666,,No using Simple Imputer,No using Ordinal Hot,0.08859395980834961,0.0002129077911376953
algerian_forest_fires_46279,simpleimputer,ordinalencoder,linear_svc,normalizer,MLPClassifier(random_state=0),4,0.5416666666666666,,No using Simple Imputer,No using Ordinal Hot,0.08874034881591797,0.00018978118896484375
algerian_forest_fires_46279,simpleimputer,ordinalencoder,kernel_pca,normalizer,MLPClassifier(random_state=0),0,0.5510204081632653,,No using Simple Imputer,No using Ordinal Hot,0.11592435836791992,0.0002789497375488281
algerian_forest_fires_46279,simpleimputer,ordinalencoder,kernel_pca,normalizer,MLPClassifier(random_state=0),1,0.5510204081632653,,No using Simple Imputer,No using Ordinal Hot,0.12236428260803223,0.0002307891845703125
algerian_forest_fires_46279,simpleimputer,ordinalencoder,kernel_pca,normalizer,MLPClassifier(random_state=0),2,0.5714285714285714,,No using Simple Imputer,No using Ordinal Hot,0.12478518486022949,0.00019741058349609375
algerian_forest_fires_46279,simpleimputer,ordinalencoder,kernel_pca,normalizer,MLPClassifier(random_state=0),3,0.6041666666666666,,No using Simple Imputer,No using Ordinal Hot,0.12593388557434082,0.0002238750457763672
algerian_forest_fires_46279,simpleimputer,ordinalencoder,kernel_pca,normalizer,MLPClassifier(random_state=0),4,0.5416666666666666,,No using Simple Imputer,No using Ordinal Hot,0.1143655776977539,0.0002505779266357422
algerian_forest_fires_46279,simpleimputer,ordinalencoder,,power,MLPClassifier(random_state=0),0,0.9387755102040817,,No using Simple Imputer,No using Ordinal Hot,0.10238051414489746,0.0001842975616455078
algerian_forest_fires_46279,simpleimputer,ordinalencoder,,power,MLPClassifier(random_state=0),1,0.9591836734693877,,No using Simple Imputer,No using Ordinal Hot,0.10296177864074707,0.00023031234741210938
algerian_forest_fires_46279,simpleimputer,ordinalencoder,,power,MLPClassifier(random_state=0),2,0.8979591836734694,,No using Simple Imputer,No using Ordinal Hot,0.1018681526184082,0.0001895427703857422
algerian_forest_fires_46279,simpleimputer,ordinalencoder,,power,MLPClassifier(random_state=0),3,0.9791666666666666,,No using Simple Imputer,No using Ordinal Hot,0.1025235652923584,0.00025272369384765625
algerian_forest_fires_46279,simpleimputer,ordinalencoder,,power,MLPClassifier(random_state=0),4,0.9375,,No using Simple Imputer,No using Ordinal Hot,0.1029195785522461,0.00021910667419433594
algerian_forest_fires_46279,simpleimputer,ordinalencoder,pca,power,MLPClassifier(random_state=0),0,1.0,,No using Simple Imputer,No using Ordinal Hot,0.1041724681854248,0.00021958351135253906
algerian_forest_fires_46279,simpleimputer,ordinalencoder,pca,power,MLPClassifier(random_state=0),1,0.9795918367346939,,No using Simple Imputer,No using Ordinal Hot,0.10317564010620117,0.00021576881408691406
algerian_forest_fires_46279,simpleimputer,ordinalencoder,pca,power,MLPClassifier(random_state=0),2,0.9795918367346939,,No using Simple Imputer,No using Ordinal Hot,0.10252904891967773,0.00021123886108398438
algerian_forest_fires_46279,simpleimputer,ordinalencoder,pca,power,MLPClassifier(random_state=0),3,0.9583333333333334,,No using Simple Imputer,No using Ordinal Hot,0.10259127616882324,0.00021576881408691406
algerian_forest_fires_46279,simpleimputer,ordinalencoder,pca,power,MLPClassifier(random_state=0),4,0.9583333333333334,,No using Simple Imputer,No using Ordinal Hot,0.1022801399230957,0.00020647048950195312
algerian_forest_fires_46279,simpleimputer,ordinalencoder,fastica,power,MLPClassifier(random_state=0),0,0.9795918367346939,,No using Simple Imputer,No using Ordinal Hot,0.09982037544250488,0.00021982192993164062
algerian_forest_fires_46279,simpleimputer,ordinalencoder,fastica,power,MLPClassifier(random_state=0),1,0.9795918367346939,,No using Simple Imputer,No using Ordinal Hot,1.5051259994506836,0.00019240379333496094
algerian_forest_fires_46279,simpleimputer,ordinalencoder,fastica,power,MLPClassifier(random_state=0),2,0.9591836734693877,,No using Simple Imputer,No using Ordinal Hot,0.10054826736450195,0.00020074844360351562
algerian_forest_fires_46279,simpleimputer,ordinalencoder,fastica,power,MLPClassifier(random_state=0),3,0.9791666666666666,,No using Simple Imputer,No using Ordinal Hot,0.10407447814941406,0.00022292137145996094
algerian_forest_fires_46279,simpleimputer,ordinalencoder,fastica,power,MLPClassifier(random_state=0),4,0.9583333333333334,,No using Simple Imputer,No using Ordinal Hot,0.10298776626586914,0.00018930435180664062
algerian_forest_fires_46279,simpleimputer,ordinalencoder,truncated_svd,power,MLPClassifier(random_state=0),0,0.8979591836734694,,No using Simple Imputer,No using Ordinal Hot,0.09051680564880371,0.0001785755157470703
algerian_forest_fires_46279,simpleimputer,ordinalencoder,truncated_svd,power,MLPClassifier(random_state=0),1,0.9183673469387755,,No using Simple Imputer,No using Ordinal Hot,0.09077215194702148,0.0002079010009765625
algerian_forest_fires_46279,simpleimputer,ordinalencoder,truncated_svd,power,MLPClassifier(random_state=0),2,0.9183673469387755,,No using Simple Imputer,No using Ordinal Hot,0.09194302558898926,0.00018930435180664062
algerian_forest_fires_46279,simpleimputer,ordinalencoder,truncated_svd,power,MLPClassifier(random_state=0),3,0.9375,,No using Simple Imputer,No using Ordinal Hot,0.09108471870422363,0.00020694732666015625
algerian_forest_fires_46279,simpleimputer,ordinalencoder,truncated_svd,power,MLPClassifier(random_state=0),4,0.9375,,No using Simple Imputer,No using Ordinal Hot,0.09080696105957031,0.00018334388732910156
algerian_forest_fires_46279,simpleimputer,ordinalencoder,select_percentile,power,MLPClassifier(random_state=0),0,0.9183673469387755,,No using Simple Imputer,No using Ordinal Hot,0.08828401565551758,0.00019216537475585938
algerian_forest_fires_46279,simpleimputer,ordinalencoder,select_percentile,power,MLPClassifier(random_state=0),1,0.9591836734693877,,No using Simple Imputer,No using Ordinal Hot,0.0887308120727539,0.00020265579223632812
algerian_forest_fires_46279,simpleimputer,ordinalencoder,select_percentile,power,MLPClassifier(random_state=0),2,0.9795918367346939,,No using Simple Imputer,No using Ordinal Hot,0.08891081809997559,0.00018739700317382812
algerian_forest_fires_46279,simpleimputer,ordinalencoder,select_percentile,power,MLPClassifier(random_state=0),3,0.9791666666666666,,No using Simple Imputer,No using Ordinal Hot,0.08845114707946777,0.00018668174743652344
algerian_forest_fires_46279,simpleimputer,ordinalencoder,select_percentile,power,MLPClassifier(random_state=0),4,0.9791666666666666,,No using Simple Imputer,No using Ordinal Hot,0.09038066864013672,0.00019288063049316406
algerian_forest_fires_46279,simpleimputer,ordinalencoder,generic_univariate,power,MLPClassifier(random_state=0),0,0.8979591836734694,,No using Simple Imputer,No using Ordinal Hot,0.08527731895446777,0.00018787384033203125
algerian_forest_fires_46279,simpleimputer,ordinalencoder,generic_univariate,power,MLPClassifier(random_state=0),1,0.9387755102040817,,No using Simple Imputer,No using Ordinal Hot,0.08514690399169922,0.00018548965454101562
algerian_forest_fires_46279,simpleimputer,ordinalencoder,generic_univariate,power,MLPClassifier(random_state=0),2,0.9387755102040817,,No using Simple Imputer,No using Ordinal Hot,0.08449578285217285,0.00020503997802734375
algerian_forest_fires_46279,simpleimputer,ordinalencoder,generic_univariate,power,MLPClassifier(random_state=0),3,0.9375,,No using Simple Imputer,No using Ordinal Hot,0.08578157424926758,0.0001876354217529297
algerian_forest_fires_46279,simpleimputer,ordinalencoder,generic_univariate,power,MLPClassifier(random_state=0),4,0.9791666666666666,,No using Simple Imputer,No using Ordinal Hot,0.0848243236541748,0.00019812583923339844
algerian_forest_fires_46279,simpleimputer,ordinalencoder,polynomial_features,power,MLPClassifier(random_state=0),0,0.9591836734693877,,No using Simple Imputer,No using Ordinal Hot,1.4484941959381104,0.00042939186096191406
algerian_forest_fires_46279,simpleimputer,ordinalencoder,polynomial_features,power,MLPClassifier(random_state=0),1,0.9387755102040817,,No using Simple Imputer,No using Ordinal Hot,1.5494143962860107,0.002773761749267578
algerian_forest_fires_46279,simpleimputer,ordinalencoder,polynomial_features,power,MLPClassifier(random_state=0),2,0.9387755102040817,,No using Simple Imputer,No using Ordinal Hot,1.6226961612701416,0.0038955211639404297
algerian_forest_fires_46279,simpleimputer,ordinalencoder,polynomial_features,power,MLPClassifier(random_state=0),3,0.9375,,No using Simple Imputer,No using Ordinal Hot,1.6454792022705078,0.000438690185546875
algerian_forest_fires_46279,simpleimputer,ordinalencoder,polynomial_features,power,MLPClassifier(random_state=0),4,0.9166666666666666,,No using Simple Imputer,No using Ordinal Hot,1.6020705699920654,0.0007941722869873047
algerian_forest_fires_46279,simpleimputer,ordinalencoder,nystroem,power,MLPClassifier(random_state=0),0,0.9591836734693877,,No using Simple Imputer,No using Ordinal Hot,0.2604830265045166,0.0004138946533203125
algerian_forest_fires_46279,simpleimputer,ordinalencoder,nystroem,power,MLPClassifier(random_state=0),1,0.9591836734693877,,No using Simple Imputer,No using Ordinal Hot,0.1954658031463623,0.0003883838653564453
algerian_forest_fires_46279,simpleimputer,ordinalencoder,nystroem,power,MLPClassifier(random_state=0),2,0.9591836734693877,,No using Simple Imputer,No using Ordinal Hot,0.25408244132995605,0.0003178119659423828
algerian_forest_fires_46279,simpleimputer,ordinalencoder,nystroem,power,MLPClassifier(random_state=0),3,0.9791666666666666,,No using Simple Imputer,No using Ordinal Hot,0.251600980758667,0.0003323554992675781
algerian_forest_fires_46279,simpleimputer,ordinalencoder,nystroem,power,MLPClassifier(random_state=0),4,0.9375,,No using Simple Imputer,No using Ordinal Hot,0.25882506370544434,0.0004401206970214844
algerian_forest_fires_46279,simpleimputer,ordinalencoder,rbf_sampler,power,MLPClassifier(random_state=0),0,0.5102040816326531,,No using Simple Imputer,No using Ordinal Hot,0.19305181503295898,0.000385284423828125
algerian_forest_fires_46279,simpleimputer,ordinalencoder,rbf_sampler,power,MLPClassifier(random_state=0),1,0.7551020408163265,,No using Simple Imputer,No using Ordinal Hot,0.19733262062072754,0.0003001689910888672
algerian_forest_fires_46279,simpleimputer,ordinalencoder,rbf_sampler,power,MLPClassifier(random_state=0),2,0.6938775510204082,,No using Simple Imputer,No using Ordinal Hot,0.19378876686096191,0.0003142356872558594
algerian_forest_fires_46279,simpleimputer,ordinalencoder,rbf_sampler,power,MLPClassifier(random_state=0),3,0.6875,,No using Simple Imputer,No using Ordinal Hot,0.19569087028503418,0.0003204345703125
algerian_forest_fires_46279,simpleimputer,ordinalencoder,rbf_sampler,power,MLPClassifier(random_state=0),4,0.6875,,No using Simple Imputer,No using Ordinal Hot,0.19263052940368652,0.0003809928894042969
algerian_forest_fires_46279,simpleimputer,ordinalencoder,random_trees_embedding,power,MLPClassifier(random_state=0),0,0.9591836734693877,,No using Simple Imputer,No using Ordinal Hot,0.5597996711730957,0.0013513565063476562
algerian_forest_fires_46279,simpleimputer,ordinalencoder,random_trees_embedding,power,MLPClassifier(random_state=0),1,0.9795918367346939,,No using Simple Imputer,No using Ordinal Hot,0.5182600021362305,0.0006356239318847656
algerian_forest_fires_46279,simpleimputer,ordinalencoder,random_trees_embedding,power,MLPClassifier(random_state=0),2,0.9795918367346939,,No using Simple Imputer,No using Ordinal Hot,0.6528627872467041,0.0006048679351806641
algerian_forest_fires_46279,simpleimputer,ordinalencoder,random_trees_embedding,power,MLPClassifier(random_state=0),3,0.9791666666666666,,No using Simple Imputer,No using Ordinal Hot,0.6288976669311523,0.0017542839050292969
algerian_forest_fires_46279,simpleimputer,ordinalencoder,random_trees_embedding,power,MLPClassifier(random_state=0),4,0.9791666666666666,,No using Simple Imputer,No using Ordinal Hot,0.6166188716888428,0.0005850791931152344
algerian_forest_fires_46279,simpleimputer,ordinalencoder,feature_agglomeration,power,MLPClassifier(random_state=0),0,0.8571428571428571,,No using Simple Imputer,No using Ordinal Hot,0.09491252899169922,0.00019431114196777344
algerian_forest_fires_46279,simpleimputer,ordinalencoder,feature_agglomeration,power,MLPClassifier(random_state=0),1,0.9183673469387755,,No using Simple Imputer,No using Ordinal Hot,0.08999156951904297,0.0002148151397705078
algerian_forest_fires_46279,simpleimputer,ordinalencoder,feature_agglomeration,power,MLPClassifier(random_state=0),2,0.8979591836734694,,No using Simple Imputer,No using Ordinal Hot,0.09012651443481445,0.00019788742065429688
algerian_forest_fires_46279,simpleimputer,ordinalencoder,feature_agglomeration,power,MLPClassifier(random_state=0),3,0.9583333333333334,,No using Simple Imputer,No using Ordinal Hot,0.08997106552124023,0.00022935867309570312
algerian_forest_fires_46279,simpleimputer,ordinalencoder,feature_agglomeration,power,MLPClassifier(random_state=0),4,0.9166666666666666,,No using Simple Imputer,No using Ordinal Hot,0.08984971046447754,0.00019121170043945312
algerian_forest_fires_46279,simpleimputer,ordinalencoder,extra_tree,power,MLPClassifier(random_state=0),0,0.9183673469387755,,No using Simple Imputer,No using Ordinal Hot,0.09081125259399414,0.0002002716064453125
algerian_forest_fires_46279,simpleimputer,ordinalencoder,extra_tree,power,MLPClassifier(random_state=0),1,0.9591836734693877,,No using Simple Imputer,No using Ordinal Hot,0.09221863746643066,0.00019478797912597656
algerian_forest_fires_46279,simpleimputer,ordinalencoder,extra_tree,power,MLPClassifier(random_state=0),2,0.9387755102040817,,No using Simple Imputer,No using Ordinal Hot,0.0926370620727539,0.00019598007202148438
algerian_forest_fires_46279,simpleimputer,ordinalencoder,extra_tree,power,MLPClassifier(random_state=0),3,0.9791666666666666,,No using Simple Imputer,No using Ordinal Hot,0.09075665473937988,0.00024962425231933594
algerian_forest_fires_46279,simpleimputer,ordinalencoder,extra_tree,power,MLPClassifier(random_state=0),4,0.9791666666666666,,No using Simple Imputer,No using Ordinal Hot,0.0891869068145752,0.00021576881408691406
algerian_forest_fires_46279,simpleimputer,ordinalencoder,linear_svc,power,MLPClassifier(random_state=0),0,0.9387755102040817,,No using Simple Imputer,No using Ordinal Hot,0.08976411819458008,0.00018739700317382812
algerian_forest_fires_46279,simpleimputer,ordinalencoder,linear_svc,power,MLPClassifier(random_state=0),1,0.9795918367346939,,No using Simple Imputer,No using Ordinal Hot,0.09240841865539551,0.000263214111328125
algerian_forest_fires_46279,simpleimputer,ordinalencoder,linear_svc,power,MLPClassifier(random_state=0),2,1.0,,No using Simple Imputer,No using Ordinal Hot,0.09212660789489746,0.00019359588623046875
algerian_forest_fires_46279,simpleimputer,ordinalencoder,linear_svc,power,MLPClassifier(random_state=0),3,0.9375,,No using Simple Imputer,No using Ordinal Hot,0.09302854537963867,0.00018715858459472656
algerian_forest_fires_46279,simpleimputer,ordinalencoder,linear_svc,power,MLPClassifier(random_state=0),4,0.9791666666666666,,No using Simple Imputer,No using Ordinal Hot,0.09193301200866699,0.00020885467529296875
algerian_forest_fires_46279,simpleimputer,ordinalencoder,kernel_pca,power,MLPClassifier(random_state=0),0,1.0,,No using Simple Imputer,No using Ordinal Hot,0.1410214900970459,0.0002269744873046875
algerian_forest_fires_46279,simpleimputer,ordinalencoder,kernel_pca,power,MLPClassifier(random_state=0),1,0.9795918367346939,,No using Simple Imputer,No using Ordinal Hot,0.12255620956420898,0.00024628639221191406
algerian_forest_fires_46279,simpleimputer,ordinalencoder,kernel_pca,power,MLPClassifier(random_state=0),2,0.9795918367346939,,No using Simple Imputer,No using Ordinal Hot,0.12420129776000977,0.00019502639770507812
algerian_forest_fires_46279,simpleimputer,ordinalencoder,kernel_pca,power,MLPClassifier(random_state=0),3,0.9791666666666666,,No using Simple Imputer,No using Ordinal Hot,0.14875006675720215,0.00030303001403808594
algerian_forest_fires_46279,simpleimputer,ordinalencoder,kernel_pca,power,MLPClassifier(random_state=0),4,0.9583333333333334,,No using Simple Imputer,No using Ordinal Hot,0.12451553344726562,0.00019025802612304688
algerian_forest_fires_46279,simpleimputer,ordinalencoder,,quantile,MLPClassifier(random_state=0),0,0.8979591836734694,,No using Simple Imputer,No using Ordinal Hot,0.09753799438476562,0.00021457672119140625
algerian_forest_fires_46279,simpleimputer,ordinalencoder,,quantile,MLPClassifier(random_state=0),1,0.9387755102040817,,No using Simple Imputer,No using Ordinal Hot,0.0982980728149414,0.0002162456512451172
algerian_forest_fires_46279,simpleimputer,ordinalencoder,,quantile,MLPClassifier(random_state=0),2,0.8775510204081632,,No using Simple Imputer,No using Ordinal Hot,0.09848189353942871,0.00019407272338867188
algerian_forest_fires_46279,simpleimputer,ordinalencoder,,quantile,MLPClassifier(random_state=0),3,0.9166666666666666,,No using Simple Imputer,No using Ordinal Hot,0.09903979301452637,0.0001952648162841797
algerian_forest_fires_46279,simpleimputer,ordinalencoder,,quantile,MLPClassifier(random_state=0),4,0.9583333333333334,,No using Simple Imputer,No using Ordinal Hot,0.0996849536895752,0.0002605915069580078
algerian_forest_fires_46279,simpleimputer,ordinalencoder,pca,quantile,MLPClassifier(random_state=0),0,0.9795918367346939,,No using Simple Imputer,No using Ordinal Hot,0.10219335556030273,0.00019550323486328125
algerian_forest_fires_46279,simpleimputer,ordinalencoder,pca,quantile,MLPClassifier(random_state=0),1,0.9795918367346939,,No using Simple Imputer,No using Ordinal Hot,0.10255193710327148,0.00023412704467773438
algerian_forest_fires_46279,simpleimputer,ordinalencoder,pca,quantile,MLPClassifier(random_state=0),2,0.9591836734693877,,No using Simple Imputer,No using Ordinal Hot,0.10104107856750488,0.00023484230041503906
algerian_forest_fires_46279,simpleimputer,ordinalencoder,pca,quantile,MLPClassifier(random_state=0),3,0.9583333333333334,,No using Simple Imputer,No using Ordinal Hot,0.10560846328735352,0.0002040863037109375
algerian_forest_fires_46279,simpleimputer,ordinalencoder,pca,quantile,MLPClassifier(random_state=0),4,0.9791666666666666,,No using Simple Imputer,No using Ordinal Hot,0.10097575187683105,0.00018334388732910156
algerian_forest_fires_46279,simpleimputer,ordinalencoder,fastica,quantile,MLPClassifier(random_state=0),0,0.8979591836734694,,No using Simple Imputer,No using Ordinal Hot,0.09823751449584961,0.00019168853759765625
algerian_forest_fires_46279,simpleimputer,ordinalencoder,fastica,quantile,MLPClassifier(random_state=0),1,0.9795918367346939,,No using Simple Imputer,No using Ordinal Hot,0.10180997848510742,0.00019979476928710938
algerian_forest_fires_46279,simpleimputer,ordinalencoder,fastica,quantile,MLPClassifier(random_state=0),2,0.9795918367346939,,No using Simple Imputer,No using Ordinal Hot,0.10254263877868652,0.00025725364685058594
algerian_forest_fires_46279,simpleimputer,ordinalencoder,fastica,quantile,MLPClassifier(random_state=0),3,0.9375,,No using Simple Imputer,No using Ordinal Hot,0.10389256477355957,0.0002124309539794922
algerian_forest_fires_46279,simpleimputer,ordinalencoder,fastica,quantile,MLPClassifier(random_state=0),4,0.9583333333333334,,No using Simple Imputer,No using Ordinal Hot,0.10346198081970215,0.00023794174194335938
algerian_forest_fires_46279,simpleimputer,ordinalencoder,truncated_svd,quantile,MLPClassifier(random_state=0),0,0.8979591836734694,,No using Simple Imputer,No using Ordinal Hot,0.0870656967163086,0.00022745132446289062
algerian_forest_fires_46279,simpleimputer,ordinalencoder,truncated_svd,quantile,MLPClassifier(random_state=0),1,0.9591836734693877,,No using Simple Imputer,No using Ordinal Hot,0.08734560012817383,0.00018835067749023438
algerian_forest_fires_46279,simpleimputer,ordinalencoder,truncated_svd,quantile,MLPClassifier(random_state=0),2,0.8979591836734694,,No using Simple Imputer,No using Ordinal Hot,0.08748269081115723,0.00022792816162109375
algerian_forest_fires_46279,simpleimputer,ordinalencoder,truncated_svd,quantile,MLPClassifier(random_state=0),3,0.8958333333333334,,No using Simple Imputer,No using Ordinal Hot,0.09070038795471191,0.00023508071899414062
algerian_forest_fires_46279,simpleimputer,ordinalencoder,truncated_svd,quantile,MLPClassifier(random_state=0),4,0.9791666666666666,,No using Simple Imputer,No using Ordinal Hot,0.09361076354980469,0.00021314620971679688
algerian_forest_fires_46279,simpleimputer,ordinalencoder,select_percentile,quantile,MLPClassifier(random_state=0),0,0.9387755102040817,,No using Simple Imputer,No using Ordinal Hot,0.08746552467346191,0.0002090930938720703
algerian_forest_fires_46279,simpleimputer,ordinalencoder,select_percentile,quantile,MLPClassifier(random_state=0),1,0.9795918367346939,,No using Simple Imputer,No using Ordinal Hot,0.08628344535827637,0.00018930435180664062
algerian_forest_fires_46279,simpleimputer,ordinalencoder,select_percentile,quantile,MLPClassifier(random_state=0),2,0.9795918367346939,,No using Simple Imputer,No using Ordinal Hot,0.09067201614379883,0.00020623207092285156
algerian_forest_fires_46279,simpleimputer,ordinalencoder,select_percentile,quantile,MLPClassifier(random_state=0),3,0.9375,,No using Simple Imputer,No using Ordinal Hot,0.08614873886108398,0.00018787384033203125
algerian_forest_fires_46279,simpleimputer,ordinalencoder,select_percentile,quantile,MLPClassifier(random_state=0),4,1.0,,No using Simple Imputer,No using Ordinal Hot,0.08696413040161133,0.0001881122589111328
algerian_forest_fires_46279,simpleimputer,ordinalencoder,generic_univariate,quantile,MLPClassifier(random_state=0),0,0.9387755102040817,,No using Simple Imputer,No using Ordinal Hot,0.08382749557495117,0.00018548965454101562
algerian_forest_fires_46279,simpleimputer,ordinalencoder,generic_univariate,quantile,MLPClassifier(random_state=0),1,0.9795918367346939,,No using Simple Imputer,No using Ordinal Hot,0.08303165435791016,0.00018787384033203125
algerian_forest_fires_46279,simpleimputer,ordinalencoder,generic_univariate,quantile,MLPClassifier(random_state=0),2,0.9795918367346939,,No using Simple Imputer,No using Ordinal Hot,0.08379864692687988,0.00020575523376464844
algerian_forest_fires_46279,simpleimputer,ordinalencoder,generic_univariate,quantile,MLPClassifier(random_state=0),3,0.9375,,No using Simple Imputer,No using Ordinal Hot,0.08340787887573242,0.00024771690368652344
algerian_forest_fires_46279,simpleimputer,ordinalencoder,generic_univariate,quantile,MLPClassifier(random_state=0),4,1.0,,No using Simple Imputer,No using Ordinal Hot,0.08802223205566406,0.00018835067749023438
algerian_forest_fires_46279,simpleimputer,ordinalencoder,polynomial_features,quantile,MLPClassifier(random_state=0),0,0.9795918367346939,,No using Simple Imputer,No using Ordinal Hot,1.3850646018981934,0.0003383159637451172
algerian_forest_fires_46279,simpleimputer,ordinalencoder,polynomial_features,quantile,MLPClassifier(random_state=0),1,0.9591836734693877,,No using Simple Imputer,No using Ordinal Hot,1.4012043476104736,0.0003256797790527344
algerian_forest_fires_46279,simpleimputer,ordinalencoder,polynomial_features,quantile,MLPClassifier(random_state=0),2,0.9183673469387755,,No using Simple Imputer,No using Ordinal Hot,1.4932780265808105,0.0003418922424316406
algerian_forest_fires_46279,simpleimputer,ordinalencoder,polynomial_features,quantile,MLPClassifier(random_state=0),3,0.9791666666666666,,No using Simple Imputer,No using Ordinal Hot,1.4753541946411133,0.0003228187561035156
algerian_forest_fires_46279,simpleimputer,ordinalencoder,polynomial_features,quantile,MLPClassifier(random_state=0),4,0.9791666666666666,,No using Simple Imputer,No using Ordinal Hot,2.2512741088867188,0.00032210350036621094
algerian_forest_fires_46279,simpleimputer,ordinalencoder,nystroem,quantile,MLPClassifier(random_state=0),0,0.9183673469387755,,No using Simple Imputer,No using Ordinal Hot,0.24583101272583008,0.0005843639373779297
algerian_forest_fires_46279,simpleimputer,ordinalencoder,nystroem,quantile,MLPClassifier(random_state=0),1,0.9591836734693877,,No using Simple Imputer,No using Ordinal Hot,0.20550036430358887,0.0003762245178222656
algerian_forest_fires_46279,simpleimputer,ordinalencoder,nystroem,quantile,MLPClassifier(random_state=0),2,0.8979591836734694,,No using Simple Imputer,No using Ordinal Hot,0.22755789756774902,0.0003056526184082031
algerian_forest_fires_46279,simpleimputer,ordinalencoder,nystroem,quantile,MLPClassifier(random_state=0),3,0.9375,,No using Simple Imputer,No using Ordinal Hot,0.25461506843566895,0.0002827644348144531
algerian_forest_fires_46279,simpleimputer,ordinalencoder,nystroem,quantile,MLPClassifier(random_state=0),4,0.9583333333333334,,No using Simple Imputer,No using Ordinal Hot,0.25273585319519043,0.00033473968505859375
algerian_forest_fires_46279,simpleimputer,ordinalencoder,rbf_sampler,quantile,MLPClassifier(random_state=0),0,0.9795918367346939,,No using Simple Imputer,No using Ordinal Hot,0.18216657638549805,0.0002913475036621094
algerian_forest_fires_46279,simpleimputer,ordinalencoder,rbf_sampler,quantile,MLPClassifier(random_state=0),1,0.9591836734693877,,No using Simple Imputer,No using Ordinal Hot,0.19487571716308594,0.00031113624572753906
algerian_forest_fires_46279,simpleimputer,ordinalencoder,rbf_sampler,quantile,MLPClassifier(random_state=0),2,0.9591836734693877,,No using Simple Imputer,No using Ordinal Hot,0.19798040390014648,0.00035572052001953125
algerian_forest_fires_46279,simpleimputer,ordinalencoder,rbf_sampler,quantile,MLPClassifier(random_state=0),3,0.9375,,No using Simple Imputer,No using Ordinal Hot,0.1952190399169922,0.00034880638122558594
algerian_forest_fires_46279,simpleimputer,ordinalencoder,rbf_sampler,quantile,MLPClassifier(random_state=0),4,0.9583333333333334,,No using Simple Imputer,No using Ordinal Hot,0.1912705898284912,0.0003376007080078125
algerian_forest_fires_46279,simpleimputer,ordinalencoder,random_trees_embedding,quantile,MLPClassifier(random_state=0),0,0.9387755102040817,,No using Simple Imputer,No using Ordinal Hot,0.5541203022003174,0.000652313232421875
algerian_forest_fires_46279,simpleimputer,ordinalencoder,random_trees_embedding,quantile,MLPClassifier(random_state=0),1,0.9795918367346939,,No using Simple Imputer,No using Ordinal Hot,0.5643417835235596,0.0005960464477539062
algerian_forest_fires_46279,simpleimputer,ordinalencoder,random_trees_embedding,quantile,MLPClassifier(random_state=0),2,0.9183673469387755,,No using Simple Imputer,No using Ordinal Hot,0.5057699680328369,0.0005903244018554688
algerian_forest_fires_46279,simpleimputer,ordinalencoder,random_trees_embedding,quantile,MLPClassifier(random_state=0),3,0.9583333333333334,,No using Simple Imputer,No using Ordinal Hot,0.5255947113037109,0.0006642341613769531
algerian_forest_fires_46279,simpleimputer,ordinalencoder,random_trees_embedding,quantile,MLPClassifier(random_state=0),4,0.9791666666666666,,No using Simple Imputer,No using Ordinal Hot,0.5288379192352295,0.0006270408630371094
algerian_forest_fires_46279,simpleimputer,ordinalencoder,feature_agglomeration,quantile,MLPClassifier(random_state=0),0,0.8367346938775511,,No using Simple Imputer,No using Ordinal Hot,0.10088253021240234,0.00018787384033203125
algerian_forest_fires_46279,simpleimputer,ordinalencoder,feature_agglomeration,quantile,MLPClassifier(random_state=0),1,0.8775510204081632,,No using Simple Imputer,No using Ordinal Hot,0.08476495742797852,0.00018286705017089844
algerian_forest_fires_46279,simpleimputer,ordinalencoder,feature_agglomeration,quantile,MLPClassifier(random_state=0),2,0.8775510204081632,,No using Simple Imputer,No using Ordinal Hot,0.0852968692779541,0.00018548965454101562
algerian_forest_fires_46279,simpleimputer,ordinalencoder,feature_agglomeration,quantile,MLPClassifier(random_state=0),3,0.9166666666666666,,No using Simple Imputer,No using Ordinal Hot,0.08673596382141113,0.00019311904907226562
algerian_forest_fires_46279,simpleimputer,ordinalencoder,feature_agglomeration,quantile,MLPClassifier(random_state=0),4,0.9375,,No using Simple Imputer,No using Ordinal Hot,0.08553838729858398,0.00023555755615234375
algerian_forest_fires_46279,simpleimputer,ordinalencoder,extra_tree,quantile,MLPClassifier(random_state=0),0,0.8979591836734694,,No using Simple Imputer,No using Ordinal Hot,0.09049797058105469,0.0002396106719970703
algerian_forest_fires_46279,simpleimputer,ordinalencoder,extra_tree,quantile,MLPClassifier(random_state=0),1,0.9591836734693877,,No using Simple Imputer,No using Ordinal Hot,0.0876777172088623,0.00022840499877929688
algerian_forest_fires_46279,simpleimputer,ordinalencoder,extra_tree,quantile,MLPClassifier(random_state=0),2,0.8775510204081632,,No using Simple Imputer,No using Ordinal Hot,0.0900413990020752,0.00020384788513183594
algerian_forest_fires_46279,simpleimputer,ordinalencoder,extra_tree,quantile,MLPClassifier(random_state=0),3,0.9375,,No using Simple Imputer,No using Ordinal Hot,0.08704781532287598,0.0002474784851074219
algerian_forest_fires_46279,simpleimputer,ordinalencoder,extra_tree,quantile,MLPClassifier(random_state=0),4,0.9375,,No using Simple Imputer,No using Ordinal Hot,0.09010529518127441,0.00022339820861816406
algerian_forest_fires_46279,simpleimputer,ordinalencoder,linear_svc,quantile,MLPClassifier(random_state=0),0,0.9387755102040817,,No using Simple Imputer,No using Ordinal Hot,0.08771777153015137,0.00021338462829589844
algerian_forest_fires_46279,simpleimputer,ordinalencoder,linear_svc,quantile,MLPClassifier(random_state=0),1,0.9591836734693877,,No using Simple Imputer,No using Ordinal Hot,0.08787417411804199,0.000186920166015625
algerian_forest_fires_46279,simpleimputer,ordinalencoder,linear_svc,quantile,MLPClassifier(random_state=0),2,0.9795918367346939,,No using Simple Imputer,No using Ordinal Hot,0.08809351921081543,0.00018930435180664062
algerian_forest_fires_46279,simpleimputer,ordinalencoder,linear_svc,quantile,MLPClassifier(random_state=0),3,0.9375,,No using Simple Imputer,No using Ordinal Hot,0.0879526138305664,0.0002181529998779297
algerian_forest_fires_46279,simpleimputer,ordinalencoder,linear_svc,quantile,MLPClassifier(random_state=0),4,0.9583333333333334,,No using Simple Imputer,No using Ordinal Hot,0.09475374221801758,0.00019478797912597656
algerian_forest_fires_46279,simpleimputer,ordinalencoder,kernel_pca,quantile,MLPClassifier(random_state=0),0,0.9795918367346939,,No using Simple Imputer,No using Ordinal Hot,0.12151122093200684,0.000202178955078125
algerian_forest_fires_46279,simpleimputer,ordinalencoder,kernel_pca,quantile,MLPClassifier(random_state=0),1,0.9795918367346939,,No using Simple Imputer,No using Ordinal Hot,0.12240743637084961,0.0002486705780029297
algerian_forest_fires_46279,simpleimputer,ordinalencoder,kernel_pca,quantile,MLPClassifier(random_state=0),2,0.9387755102040817,,No using Simple Imputer,No using Ordinal Hot,0.12163138389587402,0.0001876354217529297
algerian_forest_fires_46279,simpleimputer,ordinalencoder,kernel_pca,quantile,MLPClassifier(random_state=0),3,0.9583333333333334,,No using Simple Imputer,No using Ordinal Hot,0.12236952781677246,0.00018668174743652344
algerian_forest_fires_46279,simpleimputer,ordinalencoder,kernel_pca,quantile,MLPClassifier(random_state=0),4,0.9583333333333334,,No using Simple Imputer,No using Ordinal Hot,0.15087246894836426,0.0002465248107910156
