Dataset,Imputer Strategy,Categorical Strategy,Feature Selection,Scaler,Classifier,Fold,Fold Accuracy,Error,Using_imputer,Using_cat,Training Time,Testing Time
algerian_forest_fires_46279,,,,,ExtraTreesClassifier(random_state=0),0,0.9591836734693877,,,,0.07939267158508301,0.005368471145629883
algerian_forest_fires_46279,,,,,ExtraTreesClassifier(random_state=0),1,0.9795918367346939,,,,0.07912087440490723,0.005453348159790039
algerian_forest_fires_46279,,,,,ExtraTreesClassifier(random_state=0),2,1.0,,,,0.07961249351501465,0.005492210388183594
algerian_forest_fires_46279,,,,,ExtraTreesClassifier(random_state=0),3,0.9791666666666666,,,,0.08072805404663086,0.005278110504150391
algerian_forest_fires_46279,,,,,ExtraTreesClassifier(random_state=0),4,0.9583333333333334,,,,0.08086538314819336,0.0055468082427978516
algerian_forest_fires_46279,,,pca,,ExtraTreesClassifier(random_state=0),0,0.9795918367346939,,,,0.0836954116821289,0.00470423698425293
algerian_forest_fires_46279,,,pca,,ExtraTreesClassifier(random_state=0),1,0.9591836734693877,,,,0.0826864242553711,0.004666566848754883
algerian_forest_fires_46279,,,pca,,ExtraTreesClassifier(random_state=0),2,0.9183673469387755,,,,0.08246469497680664,0.004695415496826172
algerian_forest_fires_46279,,,pca,,ExtraTreesClassifier(random_state=0),3,0.9375,,,,0.08225178718566895,0.004511833190917969
algerian_forest_fires_46279,,,pca,,ExtraTreesClassifier(random_state=0),4,0.9375,,,,0.0804891586303711,0.004540920257568359
algerian_forest_fires_46279,,,fastica,,ExtraTreesClassifier(random_state=0),0,0.6530612244897959,,,,0.08691143989562988,0.004993438720703125
algerian_forest_fires_46279,,,fastica,,ExtraTreesClassifier(random_state=0),1,0.8163265306122449,,,,0.08260297775268555,0.004652500152587891
algerian_forest_fires_46279,,,fastica,,ExtraTreesClassifier(random_state=0),2,0.9183673469387755,,,,0.08246135711669922,0.0044918060302734375
algerian_forest_fires_46279,,,fastica,,ExtraTreesClassifier(random_state=0),3,0.9166666666666666,,,,0.08228325843811035,0.004515647888183594
algerian_forest_fires_46279,,,fastica,,ExtraTreesClassifier(random_state=0),4,0.6875,,,,0.08408927917480469,0.0046579837799072266
algerian_forest_fires_46279,,,truncated_svd,,ExtraTreesClassifier(random_state=0),0,0.8367346938775511,,,,0.0774390697479248,0.004583835601806641
algerian_forest_fires_46279,,,truncated_svd,,ExtraTreesClassifier(random_state=0),1,0.7755102040816326,,,,0.07778334617614746,0.0046617984771728516
algerian_forest_fires_46279,,,truncated_svd,,ExtraTreesClassifier(random_state=0),2,0.7959183673469388,,,,0.07808923721313477,0.004470348358154297
algerian_forest_fires_46279,,,truncated_svd,,ExtraTreesClassifier(random_state=0),3,0.8541666666666666,,,,0.07781791687011719,0.0045926570892333984
algerian_forest_fires_46279,,,truncated_svd,,ExtraTreesClassifier(random_state=0),4,0.875,,,,0.0784759521484375,0.004686117172241211
algerian_forest_fires_46279,,,select_percentile,,ExtraTreesClassifier(random_state=0),0,0.9795918367346939,,,,0.07754659652709961,0.004561424255371094
algerian_forest_fires_46279,,,select_percentile,,ExtraTreesClassifier(random_state=0),1,0.9795918367346939,,,,0.07704997062683105,0.004477739334106445
algerian_forest_fires_46279,,,select_percentile,,ExtraTreesClassifier(random_state=0),2,1.0,,,,0.07709503173828125,0.004571676254272461
algerian_forest_fires_46279,,,select_percentile,,ExtraTreesClassifier(random_state=0),3,0.9791666666666666,,,,0.07698512077331543,0.0047397613525390625
algerian_forest_fires_46279,,,select_percentile,,ExtraTreesClassifier(random_state=0),4,0.9583333333333334,,,,0.08576822280883789,0.004616975784301758
algerian_forest_fires_46279,,,generic_univariate,,ExtraTreesClassifier(random_state=0),0,1.0,,,,0.07793092727661133,0.004550933837890625
algerian_forest_fires_46279,,,generic_univariate,,ExtraTreesClassifier(random_state=0),1,1.0,,,,0.07698678970336914,0.0045070648193359375
algerian_forest_fires_46279,,,generic_univariate,,ExtraTreesClassifier(random_state=0),2,1.0,,,,0.07692527770996094,0.004496097564697266
algerian_forest_fires_46279,,,generic_univariate,,ExtraTreesClassifier(random_state=0),3,0.9583333333333334,,,,0.07725858688354492,0.004460811614990234
algerian_forest_fires_46279,,,generic_univariate,,ExtraTreesClassifier(random_state=0),4,0.9791666666666666,,,,0.07735109329223633,0.004454612731933594
algerian_forest_fires_46279,,,polynomial_features,,ExtraTreesClassifier(random_state=0),0,0.9591836734693877,,,,0.08169198036193848,0.0044896602630615234
algerian_forest_fires_46279,,,polynomial_features,,ExtraTreesClassifier(random_state=0),1,0.9795918367346939,,,,0.08229422569274902,0.004521369934082031
algerian_forest_fires_46279,,,polynomial_features,,ExtraTreesClassifier(random_state=0),2,1.0,,,,0.08279633522033691,0.004592418670654297
algerian_forest_fires_46279,,,polynomial_features,,ExtraTreesClassifier(random_state=0),3,0.9583333333333334,,,,0.08300328254699707,0.004471540451049805
algerian_forest_fires_46279,,,polynomial_features,,ExtraTreesClassifier(random_state=0),4,0.9583333333333334,,,,0.08190774917602539,0.00445103645324707
algerian_forest_fires_46279,,,nystroem,,ExtraTreesClassifier(random_state=0),0,0.673469387755102,,,,0.14803290367126465,0.00581049919128418
algerian_forest_fires_46279,,,nystroem,,ExtraTreesClassifier(random_state=0),1,0.8571428571428571,,,,0.1492319107055664,0.005738019943237305
algerian_forest_fires_46279,,,nystroem,,ExtraTreesClassifier(random_state=0),2,0.8367346938775511,,,,0.1479654312133789,0.005697727203369141
algerian_forest_fires_46279,,,nystroem,,ExtraTreesClassifier(random_state=0),3,0.7708333333333334,,,,0.1481478214263916,0.0058193206787109375
algerian_forest_fires_46279,,,nystroem,,ExtraTreesClassifier(random_state=0),4,0.8125,,,,0.1577005386352539,0.005743265151977539
algerian_forest_fires_46279,,,rbf_sampler,,ExtraTreesClassifier(random_state=0),0,0.5918367346938775,,,,0.0996100902557373,0.004797458648681641
algerian_forest_fires_46279,,,rbf_sampler,,ExtraTreesClassifier(random_state=0),1,0.5510204081632653,,,,0.0993509292602539,0.0048007965087890625
algerian_forest_fires_46279,,,rbf_sampler,,ExtraTreesClassifier(random_state=0),2,0.5714285714285714,,,,0.09782004356384277,0.004673957824707031
algerian_forest_fires_46279,,,rbf_sampler,,ExtraTreesClassifier(random_state=0),3,0.625,,,,0.09898066520690918,0.004831790924072266
algerian_forest_fires_46279,,,rbf_sampler,,ExtraTreesClassifier(random_state=0),4,0.5625,,,,0.09946823120117188,0.004998922348022461
algerian_forest_fires_46279,,,random_trees_embedding,,ExtraTreesClassifier(random_state=0),0,0.9795918367346939,,,,0.10109901428222656,0.005410671234130859
algerian_forest_fires_46279,,,random_trees_embedding,,ExtraTreesClassifier(random_state=0),1,0.9591836734693877,,,,0.10272669792175293,0.005398273468017578
algerian_forest_fires_46279,,,random_trees_embedding,,ExtraTreesClassifier(random_state=0),2,0.9795918367346939,,,,0.10193991661071777,0.00539088249206543
algerian_forest_fires_46279,,,random_trees_embedding,,ExtraTreesClassifier(random_state=0),3,0.9583333333333334,,,,0.10247659683227539,0.005287647247314453
algerian_forest_fires_46279,,,random_trees_embedding,,ExtraTreesClassifier(random_state=0),4,0.9583333333333334,,,,0.10366678237915039,0.006152629852294922
algerian_forest_fires_46279,,,feature_agglomeration,,ExtraTreesClassifier(random_state=0),0,0.7959183673469388,,,,0.08157157897949219,0.004816532135009766
algerian_forest_fires_46279,,,feature_agglomeration,,ExtraTreesClassifier(random_state=0),1,0.7959183673469388,,,,0.081390380859375,0.004830121994018555
algerian_forest_fires_46279,,,feature_agglomeration,,ExtraTreesClassifier(random_state=0),2,0.8367346938775511,,,,0.08005833625793457,0.004565715789794922
algerian_forest_fires_46279,,,feature_agglomeration,,ExtraTreesClassifier(random_state=0),3,0.8125,,,,0.07778763771057129,0.004602670669555664
algerian_forest_fires_46279,,,feature_agglomeration,,ExtraTreesClassifier(random_state=0),4,0.8333333333333334,,,,0.07877945899963379,0.0046694278717041016
algerian_forest_fires_46279,,,extra_tree,,ExtraTreesClassifier(random_state=0),0,0.9591836734693877,,,,0.07588386535644531,0.004454135894775391
algerian_forest_fires_46279,,,extra_tree,,ExtraTreesClassifier(random_state=0),1,0.9795918367346939,,,,0.07603740692138672,0.004381418228149414
algerian_forest_fires_46279,,,extra_tree,,ExtraTreesClassifier(random_state=0),2,1.0,,,,0.07535791397094727,0.004358768463134766
algerian_forest_fires_46279,,,extra_tree,,ExtraTreesClassifier(random_state=0),3,0.9583333333333334,,,,0.0756537914276123,0.0043909549713134766
algerian_forest_fires_46279,,,extra_tree,,ExtraTreesClassifier(random_state=0),4,0.9791666666666666,,,,0.07505297660827637,0.0043408870697021484
algerian_forest_fires_46279,,,linear_svc,,ExtraTreesClassifier(random_state=0),0,0.9591836734693877,,,,0.07532906532287598,0.00437617301940918
algerian_forest_fires_46279,,,linear_svc,,ExtraTreesClassifier(random_state=0),1,0.9795918367346939,,,,0.07504439353942871,0.0043871402740478516
algerian_forest_fires_46279,,,linear_svc,,ExtraTreesClassifier(random_state=0),2,0.9591836734693877,,,,0.0756230354309082,0.004525661468505859
algerian_forest_fires_46279,,,linear_svc,,ExtraTreesClassifier(random_state=0),3,0.9791666666666666,,,,0.07592964172363281,0.0043888092041015625
algerian_forest_fires_46279,,,linear_svc,,ExtraTreesClassifier(random_state=0),4,0.9791666666666666,,,,0.07622694969177246,0.004401683807373047
algerian_forest_fires_46279,,,kernel_pca,,ExtraTreesClassifier(random_state=0),0,0.9591836734693877,,,,0.10099959373474121,0.0049092769622802734
algerian_forest_fires_46279,,,kernel_pca,,ExtraTreesClassifier(random_state=0),1,0.9795918367346939,,,,0.10062408447265625,0.004969120025634766
algerian_forest_fires_46279,,,kernel_pca,,ExtraTreesClassifier(random_state=0),2,0.8979591836734694,,,,0.09954524040222168,0.004949092864990234
algerian_forest_fires_46279,,,kernel_pca,,ExtraTreesClassifier(random_state=0),3,0.9166666666666666,,,,0.0994572639465332,0.0050029754638671875
algerian_forest_fires_46279,,,kernel_pca,,ExtraTreesClassifier(random_state=0),4,0.8958333333333334,,,,0.09920477867126465,0.004967689514160156
algerian_forest_fires_46279,,,,standard,ExtraTreesClassifier(random_state=0),0,0.9591836734693877,,,,0.07788252830505371,0.0045566558837890625
algerian_forest_fires_46279,,,,standard,ExtraTreesClassifier(random_state=0),1,0.9795918367346939,,,,0.07852911949157715,0.004589080810546875
algerian_forest_fires_46279,,,,standard,ExtraTreesClassifier(random_state=0),2,1.0,,,,0.0775752067565918,0.004461050033569336
algerian_forest_fires_46279,,,,standard,ExtraTreesClassifier(random_state=0),3,0.9791666666666666,,,,0.07748293876647949,0.004538536071777344
algerian_forest_fires_46279,,,,standard,ExtraTreesClassifier(random_state=0),4,0.9583333333333334,,,,0.07725381851196289,0.004312276840209961
algerian_forest_fires_46279,,,pca,standard,ExtraTreesClassifier(random_state=0),0,0.9183673469387755,,,,0.08023691177368164,0.004618167877197266
algerian_forest_fires_46279,,,pca,standard,ExtraTreesClassifier(random_state=0),1,0.9795918367346939,,,,0.08081459999084473,0.004578113555908203
algerian_forest_fires_46279,,,pca,standard,ExtraTreesClassifier(random_state=0),2,0.8775510204081632,,,,0.08117842674255371,0.0045299530029296875
algerian_forest_fires_46279,,,pca,standard,ExtraTreesClassifier(random_state=0),3,0.9166666666666666,,,,0.08073306083679199,0.004563808441162109
algerian_forest_fires_46279,,,pca,standard,ExtraTreesClassifier(random_state=0),4,0.9166666666666666,,,,0.0809011459350586,0.004606008529663086
algerian_forest_fires_46279,,,fastica,standard,ExtraTreesClassifier(random_state=0),0,0.7551020408163265,,,,0.08429074287414551,0.004816770553588867
algerian_forest_fires_46279,,,fastica,standard,ExtraTreesClassifier(random_state=0),1,0.5510204081632653,,,,0.08499884605407715,0.0047609806060791016
algerian_forest_fires_46279,,,fastica,standard,ExtraTreesClassifier(random_state=0),2,0.8775510204081632,,,,0.08787155151367188,0.004888772964477539
algerian_forest_fires_46279,,,fastica,standard,ExtraTreesClassifier(random_state=0),3,0.9583333333333334,,,,0.09855127334594727,0.004850625991821289
algerian_forest_fires_46279,,,fastica,standard,ExtraTreesClassifier(random_state=0),4,0.8125,,,,0.08676457405090332,0.0048830509185791016
algerian_forest_fires_46279,,,truncated_svd,standard,ExtraTreesClassifier(random_state=0),0,0.7959183673469388,,,,0.08116865158081055,0.004866838455200195
algerian_forest_fires_46279,,,truncated_svd,standard,ExtraTreesClassifier(random_state=0),1,0.8367346938775511,,,,0.08192753791809082,0.0048520565032958984
algerian_forest_fires_46279,,,truncated_svd,standard,ExtraTreesClassifier(random_state=0),2,0.8367346938775511,,,,0.08132600784301758,0.004820346832275391
algerian_forest_fires_46279,,,truncated_svd,standard,ExtraTreesClassifier(random_state=0),3,0.875,,,,0.08151698112487793,0.0048749446868896484
algerian_forest_fires_46279,,,truncated_svd,standard,ExtraTreesClassifier(random_state=0),4,0.8958333333333334,,,,0.08176374435424805,0.0048236846923828125
algerian_forest_fires_46279,,,select_percentile,standard,ExtraTreesClassifier(random_state=0),0,0.9795918367346939,,,,0.07928824424743652,0.004611968994140625
algerian_forest_fires_46279,,,select_percentile,standard,ExtraTreesClassifier(random_state=0),1,0.9795918367346939,,,,0.07877874374389648,0.0045795440673828125
algerian_forest_fires_46279,,,select_percentile,standard,ExtraTreesClassifier(random_state=0),2,1.0,,,,0.07827353477478027,0.004689216613769531
algerian_forest_fires_46279,,,select_percentile,standard,ExtraTreesClassifier(random_state=0),3,0.9791666666666666,,,,0.07951927185058594,0.0046460628509521484
algerian_forest_fires_46279,,,select_percentile,standard,ExtraTreesClassifier(random_state=0),4,0.9583333333333334,,,,0.07895231246948242,0.004570960998535156
algerian_forest_fires_46279,,,generic_univariate,standard,ExtraTreesClassifier(random_state=0),0,1.0,,,,0.07877922058105469,0.004632234573364258
algerian_forest_fires_46279,,,generic_univariate,standard,ExtraTreesClassifier(random_state=0),1,1.0,,,,0.07827067375183105,0.004618406295776367
algerian_forest_fires_46279,,,generic_univariate,standard,ExtraTreesClassifier(random_state=0),2,1.0,,,,0.07821464538574219,0.004627227783203125
algerian_forest_fires_46279,,,generic_univariate,standard,ExtraTreesClassifier(random_state=0),3,0.9583333333333334,,,,0.07803153991699219,0.004594564437866211
algerian_forest_fires_46279,,,generic_univariate,standard,ExtraTreesClassifier(random_state=0),4,0.9791666666666666,,,,0.08269786834716797,0.0044972896575927734
algerian_forest_fires_46279,,,polynomial_features,standard,ExtraTreesClassifier(random_state=0),0,0.9591836734693877,,,,0.08518600463867188,0.004553794860839844
algerian_forest_fires_46279,,,polynomial_features,standard,ExtraTreesClassifier(random_state=0),1,0.9795918367346939,,,,0.08534836769104004,0.0046465396881103516
algerian_forest_fires_46279,,,polynomial_features,standard,ExtraTreesClassifier(random_state=0),2,0.9591836734693877,,,,0.0907745361328125,0.004629611968994141
algerian_forest_fires_46279,,,polynomial_features,standard,ExtraTreesClassifier(random_state=0),3,0.9791666666666666,,,,0.08567285537719727,0.004653453826904297
algerian_forest_fires_46279,,,polynomial_features,standard,ExtraTreesClassifier(random_state=0),4,0.9583333333333334,,,,0.08602643013000488,0.004565715789794922
algerian_forest_fires_46279,,,nystroem,standard,ExtraTreesClassifier(random_state=0),0,0.8571428571428571,,,,0.10324597358703613,0.0051059722900390625
algerian_forest_fires_46279,,,nystroem,standard,ExtraTreesClassifier(random_state=0),1,0.9591836734693877,,,,0.10982131958007812,0.004682302474975586
algerian_forest_fires_46279,,,nystroem,standard,ExtraTreesClassifier(random_state=0),2,0.8979591836734694,,,,0.0994725227355957,0.0047130584716796875
algerian_forest_fires_46279,,,nystroem,standard,ExtraTreesClassifier(random_state=0),3,0.9583333333333334,,,,0.10752677917480469,0.004652976989746094
algerian_forest_fires_46279,,,nystroem,standard,ExtraTreesClassifier(random_state=0),4,0.9583333333333334,,,,0.10947942733764648,0.005181550979614258
algerian_forest_fires_46279,,,rbf_sampler,standard,ExtraTreesClassifier(random_state=0),0,0.5918367346938775,,,,0.0984964370727539,0.00478053092956543
algerian_forest_fires_46279,,,rbf_sampler,standard,ExtraTreesClassifier(random_state=0),1,0.7346938775510204,,,,0.09812498092651367,0.004839897155761719
algerian_forest_fires_46279,,,rbf_sampler,standard,ExtraTreesClassifier(random_state=0),2,0.7346938775510204,,,,0.0976707935333252,0.004800081253051758
algerian_forest_fires_46279,,,rbf_sampler,standard,ExtraTreesClassifier(random_state=0),3,0.7291666666666666,,,,0.09732770919799805,0.0047931671142578125
algerian_forest_fires_46279,,,rbf_sampler,standard,ExtraTreesClassifier(random_state=0),4,0.7083333333333334,,,,0.09692740440368652,0.0046656131744384766
algerian_forest_fires_46279,,,random_trees_embedding,standard,ExtraTreesClassifier(random_state=0),0,0.9795918367346939,,,,0.09556984901428223,0.0051653385162353516
algerian_forest_fires_46279,,,random_trees_embedding,standard,ExtraTreesClassifier(random_state=0),1,0.9591836734693877,,,,0.0968475341796875,0.005074739456176758
algerian_forest_fires_46279,,,random_trees_embedding,standard,ExtraTreesClassifier(random_state=0),2,0.9795918367346939,,,,0.09603357315063477,0.005110979080200195
algerian_forest_fires_46279,,,random_trees_embedding,standard,ExtraTreesClassifier(random_state=0),3,0.9583333333333334,,,,0.09704303741455078,0.004981279373168945
algerian_forest_fires_46279,,,random_trees_embedding,standard,ExtraTreesClassifier(random_state=0),4,0.9583333333333334,,,,0.0961756706237793,0.005052089691162109
algerian_forest_fires_46279,,,feature_agglomeration,standard,ExtraTreesClassifier(random_state=0),0,0.7959183673469388,,,,0.07593679428100586,0.004454612731933594
algerian_forest_fires_46279,,,feature_agglomeration,standard,ExtraTreesClassifier(random_state=0),1,0.7959183673469388,,,,0.0765373706817627,0.004492282867431641
algerian_forest_fires_46279,,,feature_agglomeration,standard,ExtraTreesClassifier(random_state=0),2,0.8775510204081632,,,,0.07651233673095703,0.004555702209472656
algerian_forest_fires_46279,,,feature_agglomeration,standard,ExtraTreesClassifier(random_state=0),3,0.9375,,,,0.0763394832611084,0.004486799240112305
algerian_forest_fires_46279,,,feature_agglomeration,standard,ExtraTreesClassifier(random_state=0),4,0.9166666666666666,,,,0.0769805908203125,0.004544734954833984
algerian_forest_fires_46279,,,extra_tree,standard,ExtraTreesClassifier(random_state=0),0,0.9591836734693877,,,,0.07422733306884766,0.004408597946166992
algerian_forest_fires_46279,,,extra_tree,standard,ExtraTreesClassifier(random_state=0),1,0.9795918367346939,,,,0.07505965232849121,0.004336357116699219
algerian_forest_fires_46279,,,extra_tree,standard,ExtraTreesClassifier(random_state=0),2,1.0,,,,0.07623457908630371,0.0046503543853759766
algerian_forest_fires_46279,,,extra_tree,standard,ExtraTreesClassifier(random_state=0),3,0.9583333333333334,,,,0.07448387145996094,0.004388570785522461
algerian_forest_fires_46279,,,extra_tree,standard,ExtraTreesClassifier(random_state=0),4,0.9791666666666666,,,,0.07458901405334473,0.004328727722167969
algerian_forest_fires_46279,,,linear_svc,standard,ExtraTreesClassifier(random_state=0),0,0.9795918367346939,,,,0.0745534896850586,0.004354238510131836
algerian_forest_fires_46279,,,linear_svc,standard,ExtraTreesClassifier(random_state=0),1,0.9795918367346939,,,,0.074493408203125,0.004304170608520508
algerian_forest_fires_46279,,,linear_svc,standard,ExtraTreesClassifier(random_state=0),2,0.9795918367346939,,,,0.07406973838806152,0.004382133483886719
algerian_forest_fires_46279,,,linear_svc,standard,ExtraTreesClassifier(random_state=0),3,0.9583333333333334,,,,0.07468318939208984,0.004362821578979492
algerian_forest_fires_46279,,,linear_svc,standard,ExtraTreesClassifier(random_state=0),4,0.9791666666666666,,,,0.07418417930603027,0.00433039665222168
algerian_forest_fires_46279,,,kernel_pca,standard,ExtraTreesClassifier(random_state=0),0,0.9591836734693877,,,,0.09906840324401855,0.004849672317504883
algerian_forest_fires_46279,,,kernel_pca,standard,ExtraTreesClassifier(random_state=0),1,0.9795918367346939,,,,0.10101962089538574,0.004878997802734375
algerian_forest_fires_46279,,,kernel_pca,standard,ExtraTreesClassifier(random_state=0),2,0.8775510204081632,,,,0.10446763038635254,0.005415916442871094
algerian_forest_fires_46279,,,kernel_pca,standard,ExtraTreesClassifier(random_state=0),3,0.9375,,,,0.10599040985107422,0.005188941955566406
algerian_forest_fires_46279,,,kernel_pca,standard,ExtraTreesClassifier(random_state=0),4,0.9166666666666666,,,,0.10321187973022461,0.005163431167602539
algerian_forest_fires_46279,,,,minmax,ExtraTreesClassifier(random_state=0),0,0.9591836734693877,,,,0.08122396469116211,0.004849672317504883
algerian_forest_fires_46279,,,,minmax,ExtraTreesClassifier(random_state=0),1,0.9795918367346939,,,,0.0825495719909668,0.004700899124145508
algerian_forest_fires_46279,,,,minmax,ExtraTreesClassifier(random_state=0),2,1.0,,,,0.08142733573913574,0.00469970703125
algerian_forest_fires_46279,,,,minmax,ExtraTreesClassifier(random_state=0),3,0.9791666666666666,,,,0.08157896995544434,0.004656314849853516
algerian_forest_fires_46279,,,,minmax,ExtraTreesClassifier(random_state=0),4,0.9583333333333334,,,,0.08076643943786621,0.004655599594116211
algerian_forest_fires_46279,,,pca,minmax,ExtraTreesClassifier(random_state=0),0,0.9183673469387755,,,,0.08506035804748535,0.004815816879272461
algerian_forest_fires_46279,,,pca,minmax,ExtraTreesClassifier(random_state=0),1,0.9795918367346939,,,,0.084625244140625,0.004693269729614258
algerian_forest_fires_46279,,,pca,minmax,ExtraTreesClassifier(random_state=0),2,0.8979591836734694,,,,0.08439373970031738,0.00472712516784668
algerian_forest_fires_46279,,,pca,minmax,ExtraTreesClassifier(random_state=0),3,0.9375,,,,0.08447384834289551,0.004755258560180664
algerian_forest_fires_46279,,,pca,minmax,ExtraTreesClassifier(random_state=0),4,0.8958333333333334,,,,0.08426380157470703,0.0046367645263671875
algerian_forest_fires_46279,,,fastica,minmax,ExtraTreesClassifier(random_state=0),0,0.7959183673469388,,,,0.08701348304748535,0.0048716068267822266
algerian_forest_fires_46279,,,fastica,minmax,ExtraTreesClassifier(random_state=0),1,0.8163265306122449,,,,0.08653783798217773,0.004777193069458008
algerian_forest_fires_46279,,,fastica,minmax,ExtraTreesClassifier(random_state=0),2,0.7551020408163265,,,,0.0863645076751709,0.004904508590698242
algerian_forest_fires_46279,,,fastica,minmax,ExtraTreesClassifier(random_state=0),3,0.9166666666666666,,,,0.08644366264343262,0.004790067672729492
algerian_forest_fires_46279,,,fastica,minmax,ExtraTreesClassifier(random_state=0),4,0.8125,,,,0.0866546630859375,0.004800319671630859
algerian_forest_fires_46279,,,truncated_svd,minmax,ExtraTreesClassifier(random_state=0),0,0.8367346938775511,,,,0.0881648063659668,0.004814863204956055
algerian_forest_fires_46279,,,truncated_svd,minmax,ExtraTreesClassifier(random_state=0),1,0.8367346938775511,,,,0.08172249794006348,0.0048792362213134766
algerian_forest_fires_46279,,,truncated_svd,minmax,ExtraTreesClassifier(random_state=0),2,0.8163265306122449,,,,0.08203840255737305,0.0048296451568603516
algerian_forest_fires_46279,,,truncated_svd,minmax,ExtraTreesClassifier(random_state=0),3,0.9166666666666666,,,,0.08228468894958496,0.004720449447631836
algerian_forest_fires_46279,,,truncated_svd,minmax,ExtraTreesClassifier(random_state=0),4,0.8541666666666666,,,,0.0823214054107666,0.0047991275787353516
algerian_forest_fires_46279,,,select_percentile,minmax,ExtraTreesClassifier(random_state=0),0,0.9795918367346939,,,,0.07850360870361328,0.004605293273925781
algerian_forest_fires_46279,,,select_percentile,minmax,ExtraTreesClassifier(random_state=0),1,0.9795918367346939,,,,0.07821083068847656,0.004629850387573242
algerian_forest_fires_46279,,,select_percentile,minmax,ExtraTreesClassifier(random_state=0),2,1.0,,,,0.07879400253295898,0.004687309265136719
algerian_forest_fires_46279,,,select_percentile,minmax,ExtraTreesClassifier(random_state=0),3,0.9791666666666666,,,,0.07957816123962402,0.00455784797668457
algerian_forest_fires_46279,,,select_percentile,minmax,ExtraTreesClassifier(random_state=0),4,0.9583333333333334,,,,0.07830190658569336,0.0045969486236572266
algerian_forest_fires_46279,,,generic_univariate,minmax,ExtraTreesClassifier(random_state=0),0,1.0,,,,0.07810783386230469,0.004647970199584961
algerian_forest_fires_46279,,,generic_univariate,minmax,ExtraTreesClassifier(random_state=0),1,1.0,,,,0.07828950881958008,0.004557609558105469
algerian_forest_fires_46279,,,generic_univariate,minmax,ExtraTreesClassifier(random_state=0),2,1.0,,,,0.07770109176635742,0.00450587272644043
algerian_forest_fires_46279,,,generic_univariate,minmax,ExtraTreesClassifier(random_state=0),3,0.9583333333333334,,,,0.07743477821350098,0.0046808719635009766
algerian_forest_fires_46279,,,generic_univariate,minmax,ExtraTreesClassifier(random_state=0),4,0.9791666666666666,,,,0.07819890975952148,0.004456043243408203
algerian_forest_fires_46279,,,polynomial_features,minmax,ExtraTreesClassifier(random_state=0),0,0.9591836734693877,,,,0.0827486515045166,0.0046846866607666016
algerian_forest_fires_46279,,,polynomial_features,minmax,ExtraTreesClassifier(random_state=0),1,0.9795918367346939,,,,0.08763718605041504,0.004712104797363281
algerian_forest_fires_46279,,,polynomial_features,minmax,ExtraTreesClassifier(random_state=0),2,1.0,,,,0.0830850601196289,0.004659175872802734
algerian_forest_fires_46279,,,polynomial_features,minmax,ExtraTreesClassifier(random_state=0),3,0.9791666666666666,,,,0.0836021900177002,0.00461888313293457
algerian_forest_fires_46279,,,polynomial_features,minmax,ExtraTreesClassifier(random_state=0),4,0.9583333333333334,,,,0.08386516571044922,0.0048444271087646484
algerian_forest_fires_46279,,,nystroem,minmax,ExtraTreesClassifier(random_state=0),0,0.9183673469387755,,,,0.10555267333984375,0.004697322845458984
algerian_forest_fires_46279,,,nystroem,minmax,ExtraTreesClassifier(random_state=0),1,0.9387755102040817,,,,0.10345101356506348,0.004793643951416016
algerian_forest_fires_46279,,,nystroem,minmax,ExtraTreesClassifier(random_state=0),2,0.9183673469387755,,,,0.10391616821289062,0.004812479019165039
algerian_forest_fires_46279,,,nystroem,minmax,ExtraTreesClassifier(random_state=0),3,0.9791666666666666,,,,0.11766576766967773,0.004571437835693359
algerian_forest_fires_46279,,,nystroem,minmax,ExtraTreesClassifier(random_state=0),4,0.8958333333333334,,,,0.10027718544006348,0.004498004913330078
algerian_forest_fires_46279,,,rbf_sampler,minmax,ExtraTreesClassifier(random_state=0),0,0.9591836734693877,,,,0.08617758750915527,0.004495859146118164
algerian_forest_fires_46279,,,rbf_sampler,minmax,ExtraTreesClassifier(random_state=0),1,0.9591836734693877,,,,0.08582735061645508,0.004483699798583984
algerian_forest_fires_46279,,,rbf_sampler,minmax,ExtraTreesClassifier(random_state=0),2,0.8979591836734694,,,,0.08525633811950684,0.00452113151550293
algerian_forest_fires_46279,,,rbf_sampler,minmax,ExtraTreesClassifier(random_state=0),3,0.9791666666666666,,,,0.08620524406433105,0.0044171810150146484
algerian_forest_fires_46279,,,rbf_sampler,minmax,ExtraTreesClassifier(random_state=0),4,0.9166666666666666,,,,0.08462285995483398,0.004459857940673828
algerian_forest_fires_46279,,,random_trees_embedding,minmax,ExtraTreesClassifier(random_state=0),0,0.9795918367346939,,,,0.0966951847076416,0.005079507827758789
algerian_forest_fires_46279,,,random_trees_embedding,minmax,ExtraTreesClassifier(random_state=0),1,0.9591836734693877,,,,0.10190820693969727,0.005164384841918945
algerian_forest_fires_46279,,,random_trees_embedding,minmax,ExtraTreesClassifier(random_state=0),2,0.9795918367346939,,,,0.09718608856201172,0.005034923553466797
algerian_forest_fires_46279,,,random_trees_embedding,minmax,ExtraTreesClassifier(random_state=0),3,0.9583333333333334,,,,0.09723067283630371,0.005038022994995117
algerian_forest_fires_46279,,,random_trees_embedding,minmax,ExtraTreesClassifier(random_state=0),4,0.9583333333333334,,,,0.09627389907836914,0.005081653594970703
algerian_forest_fires_46279,,,feature_agglomeration,minmax,ExtraTreesClassifier(random_state=0),0,0.8979591836734694,,,,0.07807731628417969,0.004496335983276367
algerian_forest_fires_46279,,,feature_agglomeration,minmax,ExtraTreesClassifier(random_state=0),1,0.8775510204081632,,,,0.07802343368530273,0.004521608352661133
algerian_forest_fires_46279,,,feature_agglomeration,minmax,ExtraTreesClassifier(random_state=0),2,0.8571428571428571,,,,0.07806134223937988,0.004446506500244141
algerian_forest_fires_46279,,,feature_agglomeration,minmax,ExtraTreesClassifier(random_state=0),3,0.8541666666666666,,,,0.07725787162780762,0.0044209957122802734
algerian_forest_fires_46279,,,feature_agglomeration,minmax,ExtraTreesClassifier(random_state=0),4,0.8958333333333334,,,,0.07700967788696289,0.004606008529663086
algerian_forest_fires_46279,,,extra_tree,minmax,ExtraTreesClassifier(random_state=0),0,0.9591836734693877,,,,0.07517528533935547,0.004393577575683594
algerian_forest_fires_46279,,,extra_tree,minmax,ExtraTreesClassifier(random_state=0),1,0.9795918367346939,,,,0.07836651802062988,0.0045833587646484375
algerian_forest_fires_46279,,,extra_tree,minmax,ExtraTreesClassifier(random_state=0),2,1.0,,,,0.0746762752532959,0.004263162612915039
algerian_forest_fires_46279,,,extra_tree,minmax,ExtraTreesClassifier(random_state=0),3,0.9583333333333334,,,,0.07447528839111328,0.004205226898193359
algerian_forest_fires_46279,,,extra_tree,minmax,ExtraTreesClassifier(random_state=0),4,0.9791666666666666,,,,0.08086824417114258,0.004577159881591797
algerian_forest_fires_46279,,,linear_svc,minmax,ExtraTreesClassifier(random_state=0),0,0.9795918367346939,,,,0.0801401138305664,0.0047779083251953125
algerian_forest_fires_46279,,,linear_svc,minmax,ExtraTreesClassifier(random_state=0),1,0.9795918367346939,,,,0.08094620704650879,0.004591464996337891
algerian_forest_fires_46279,,,linear_svc,minmax,ExtraTreesClassifier(random_state=0),2,0.9591836734693877,,,,0.08141613006591797,0.0045909881591796875
algerian_forest_fires_46279,,,linear_svc,minmax,ExtraTreesClassifier(random_state=0),3,0.9583333333333334,,,,0.08104276657104492,0.004584074020385742
algerian_forest_fires_46279,,,linear_svc,minmax,ExtraTreesClassifier(random_state=0),4,0.9791666666666666,,,,0.08020687103271484,0.004576683044433594
algerian_forest_fires_46279,,,kernel_pca,minmax,ExtraTreesClassifier(random_state=0),0,0.9387755102040817,,,,0.10842061042785645,0.005201101303100586
algerian_forest_fires_46279,,,kernel_pca,minmax,ExtraTreesClassifier(random_state=0),1,0.9591836734693877,,,,0.10858798027038574,0.005446434020996094
algerian_forest_fires_46279,,,kernel_pca,minmax,ExtraTreesClassifier(random_state=0),2,0.8979591836734694,,,,0.09676289558410645,0.004743814468383789
algerian_forest_fires_46279,,,kernel_pca,minmax,ExtraTreesClassifier(random_state=0),3,0.9375,,,,0.10462212562561035,0.005202054977416992
algerian_forest_fires_46279,,,kernel_pca,minmax,ExtraTreesClassifier(random_state=0),4,0.9375,,,,0.10590577125549316,0.00528264045715332
algerian_forest_fires_46279,,,,robust,ExtraTreesClassifier(random_state=0),0,0.9591836734693877,,,,0.08185267448425293,0.004774332046508789
algerian_forest_fires_46279,,,,robust,ExtraTreesClassifier(random_state=0),1,0.9795918367346939,,,,0.08194327354431152,0.004761934280395508
algerian_forest_fires_46279,,,,robust,ExtraTreesClassifier(random_state=0),2,1.0,,,,0.0814816951751709,0.004811286926269531
algerian_forest_fires_46279,,,,robust,ExtraTreesClassifier(random_state=0),3,0.9791666666666666,,,,0.08169126510620117,0.004670143127441406
algerian_forest_fires_46279,,,,robust,ExtraTreesClassifier(random_state=0),4,0.9583333333333334,,,,0.0811305046081543,0.0047261714935302734
algerian_forest_fires_46279,,,pca,robust,ExtraTreesClassifier(random_state=0),0,0.8979591836734694,,,,0.08428335189819336,0.0047223567962646484
algerian_forest_fires_46279,,,pca,robust,ExtraTreesClassifier(random_state=0),1,0.9795918367346939,,,,0.08455681800842285,0.004895210266113281
algerian_forest_fires_46279,,,pca,robust,ExtraTreesClassifier(random_state=0),2,0.8979591836734694,,,,0.0847780704498291,0.0048351287841796875
algerian_forest_fires_46279,,,pca,robust,ExtraTreesClassifier(random_state=0),3,0.9166666666666666,,,,0.08510518074035645,0.004784345626831055
algerian_forest_fires_46279,,,pca,robust,ExtraTreesClassifier(random_state=0),4,0.9375,,,,0.08526921272277832,0.00481724739074707
algerian_forest_fires_46279,,,fastica,robust,ExtraTreesClassifier(random_state=0),0,0.8367346938775511,,,,0.08616375923156738,0.004843950271606445
algerian_forest_fires_46279,,,fastica,robust,ExtraTreesClassifier(random_state=0),1,0.6938775510204082,,,,0.08828973770141602,0.004854917526245117
algerian_forest_fires_46279,,,fastica,robust,ExtraTreesClassifier(random_state=0),2,0.5306122448979592,,,,0.08977246284484863,0.005017518997192383
algerian_forest_fires_46279,,,fastica,robust,ExtraTreesClassifier(random_state=0),3,0.8958333333333334,,,,0.08545351028442383,0.004884958267211914
algerian_forest_fires_46279,,,fastica,robust,ExtraTreesClassifier(random_state=0),4,0.8125,,,,0.08672881126403809,0.004853010177612305
algerian_forest_fires_46279,,,truncated_svd,robust,ExtraTreesClassifier(random_state=0),0,0.8571428571428571,,,,0.08042001724243164,0.004715442657470703
algerian_forest_fires_46279,,,truncated_svd,robust,ExtraTreesClassifier(random_state=0),1,0.9183673469387755,,,,0.08028221130371094,0.004793643951416016
algerian_forest_fires_46279,,,truncated_svd,robust,ExtraTreesClassifier(random_state=0),2,0.8367346938775511,,,,0.0815122127532959,0.00478672981262207
algerian_forest_fires_46279,,,truncated_svd,robust,ExtraTreesClassifier(random_state=0),3,0.9166666666666666,,,,0.08114767074584961,0.004759311676025391
algerian_forest_fires_46279,,,truncated_svd,robust,ExtraTreesClassifier(random_state=0),4,0.9375,,,,0.08097004890441895,0.0046539306640625
algerian_forest_fires_46279,,,select_percentile,robust,ExtraTreesClassifier(random_state=0),0,0.9795918367346939,,,,0.07868075370788574,0.004537343978881836
algerian_forest_fires_46279,,,select_percentile,robust,ExtraTreesClassifier(random_state=0),1,0.9795918367346939,,,,0.07711410522460938,0.004358530044555664
algerian_forest_fires_46279,,,select_percentile,robust,ExtraTreesClassifier(random_state=0),2,1.0,,,,0.07698559761047363,0.0045986175537109375
algerian_forest_fires_46279,,,select_percentile,robust,ExtraTreesClassifier(random_state=0),3,0.9791666666666666,,,,0.07588553428649902,0.0044803619384765625
algerian_forest_fires_46279,,,select_percentile,robust,ExtraTreesClassifier(random_state=0),4,0.9583333333333334,,,,0.07575201988220215,0.004406452178955078
algerian_forest_fires_46279,,,generic_univariate,robust,ExtraTreesClassifier(random_state=0),0,1.0,,,,0.07548093795776367,0.004568576812744141
algerian_forest_fires_46279,,,generic_univariate,robust,ExtraTreesClassifier(random_state=0),1,1.0,,,,0.0753030776977539,0.004416704177856445
algerian_forest_fires_46279,,,generic_univariate,robust,ExtraTreesClassifier(random_state=0),2,1.0,,,,0.07541680335998535,0.004395484924316406
algerian_forest_fires_46279,,,generic_univariate,robust,ExtraTreesClassifier(random_state=0),3,0.9583333333333334,,,,0.07467293739318848,0.0043637752532958984
algerian_forest_fires_46279,,,generic_univariate,robust,ExtraTreesClassifier(random_state=0),4,0.9791666666666666,,,,0.07494378089904785,0.004401206970214844
algerian_forest_fires_46279,,,polynomial_features,robust,ExtraTreesClassifier(random_state=0),0,0.9591836734693877,,,,0.0871577262878418,0.004547119140625
algerian_forest_fires_46279,,,polynomial_features,robust,ExtraTreesClassifier(random_state=0),1,0.9795918367346939,,,,0.08291792869567871,0.0044324398040771484
algerian_forest_fires_46279,,,polynomial_features,robust,ExtraTreesClassifier(random_state=0),2,0.9795918367346939,,,,0.08255815505981445,0.004477500915527344
algerian_forest_fires_46279,,,polynomial_features,robust,ExtraTreesClassifier(random_state=0),3,0.9375,,,,0.08368635177612305,0.0045201778411865234
algerian_forest_fires_46279,,,polynomial_features,robust,ExtraTreesClassifier(random_state=0),4,0.9791666666666666,,,,0.08235931396484375,0.004412412643432617
algerian_forest_fires_46279,,,nystroem,robust,ExtraTreesClassifier(random_state=0),0,0.8367346938775511,,,,0.10079407691955566,0.0044939517974853516
algerian_forest_fires_46279,,,nystroem,robust,ExtraTreesClassifier(random_state=0),1,0.9183673469387755,,,,0.10240602493286133,0.004896879196166992
algerian_forest_fires_46279,,,nystroem,robust,ExtraTreesClassifier(random_state=0),2,0.8775510204081632,,,,0.09343481063842773,0.0045816898345947266
algerian_forest_fires_46279,,,nystroem,robust,ExtraTreesClassifier(random_state=0),3,0.9791666666666666,,,,0.10918307304382324,0.004850864410400391
algerian_forest_fires_46279,,,nystroem,robust,ExtraTreesClassifier(random_state=0),4,0.9583333333333334,,,,0.10736870765686035,0.0048675537109375
algerian_forest_fires_46279,,,rbf_sampler,robust,ExtraTreesClassifier(random_state=0),0,0.6938775510204082,,,,0.09528803825378418,0.004582881927490234
algerian_forest_fires_46279,,,rbf_sampler,robust,ExtraTreesClassifier(random_state=0),1,0.7959183673469388,,,,0.09525203704833984,0.004636049270629883
algerian_forest_fires_46279,,,rbf_sampler,robust,ExtraTreesClassifier(random_state=0),2,0.6938775510204082,,,,0.09467267990112305,0.004623889923095703
algerian_forest_fires_46279,,,rbf_sampler,robust,ExtraTreesClassifier(random_state=0),3,0.8333333333333334,,,,0.09330558776855469,0.004526853561401367
algerian_forest_fires_46279,,,rbf_sampler,robust,ExtraTreesClassifier(random_state=0),4,0.7291666666666666,,,,0.09377932548522949,0.0045850276947021484
algerian_forest_fires_46279,,,random_trees_embedding,robust,ExtraTreesClassifier(random_state=0),0,0.9795918367346939,,,,0.10025143623352051,0.005123138427734375
algerian_forest_fires_46279,,,random_trees_embedding,robust,ExtraTreesClassifier(random_state=0),1,0.9591836734693877,,,,0.09940147399902344,0.005197286605834961
algerian_forest_fires_46279,,,random_trees_embedding,robust,ExtraTreesClassifier(random_state=0),2,0.9795918367346939,,,,0.09844422340393066,0.005197763442993164
algerian_forest_fires_46279,,,random_trees_embedding,robust,ExtraTreesClassifier(random_state=0),3,0.9583333333333334,,,,0.09927058219909668,0.005257129669189453
algerian_forest_fires_46279,,,random_trees_embedding,robust,ExtraTreesClassifier(random_state=0),4,0.9583333333333334,,,,0.09778904914855957,0.005207538604736328
algerian_forest_fires_46279,,,feature_agglomeration,robust,ExtraTreesClassifier(random_state=0),0,0.7959183673469388,,,,0.07820010185241699,0.004590511322021484
algerian_forest_fires_46279,,,feature_agglomeration,robust,ExtraTreesClassifier(random_state=0),1,0.8367346938775511,,,,0.07789945602416992,0.004598140716552734
algerian_forest_fires_46279,,,feature_agglomeration,robust,ExtraTreesClassifier(random_state=0),2,0.8775510204081632,,,,0.07760357856750488,0.004486560821533203
algerian_forest_fires_46279,,,feature_agglomeration,robust,ExtraTreesClassifier(random_state=0),3,0.8541666666666666,,,,0.07792353630065918,0.00445556640625
algerian_forest_fires_46279,,,feature_agglomeration,robust,ExtraTreesClassifier(random_state=0),4,0.8541666666666666,,,,0.08024978637695312,0.004770040512084961
algerian_forest_fires_46279,,,extra_tree,robust,ExtraTreesClassifier(random_state=0),0,0.9591836734693877,,,,0.08040428161621094,0.0044591426849365234
algerian_forest_fires_46279,,,extra_tree,robust,ExtraTreesClassifier(random_state=0),1,0.9795918367346939,,,,0.07806086540222168,0.004458427429199219
algerian_forest_fires_46279,,,extra_tree,robust,ExtraTreesClassifier(random_state=0),2,1.0,,,,0.07967019081115723,0.004500389099121094
algerian_forest_fires_46279,,,extra_tree,robust,ExtraTreesClassifier(random_state=0),3,0.9583333333333334,,,,0.08383750915527344,0.004575490951538086
algerian_forest_fires_46279,,,extra_tree,robust,ExtraTreesClassifier(random_state=0),4,0.9791666666666666,,,,0.07979202270507812,0.004599809646606445
algerian_forest_fires_46279,,,linear_svc,robust,ExtraTreesClassifier(random_state=0),0,0.9591836734693877,,,,0.08176875114440918,0.0044171810150146484
algerian_forest_fires_46279,,,linear_svc,robust,ExtraTreesClassifier(random_state=0),1,0.9795918367346939,,,,0.08000564575195312,0.004613637924194336
algerian_forest_fires_46279,,,linear_svc,robust,ExtraTreesClassifier(random_state=0),2,0.9795918367346939,,,,0.08111405372619629,0.004565238952636719
algerian_forest_fires_46279,,,linear_svc,robust,ExtraTreesClassifier(random_state=0),3,0.9583333333333334,,,,0.08261489868164062,0.0045375823974609375
algerian_forest_fires_46279,,,linear_svc,robust,ExtraTreesClassifier(random_state=0),4,0.9791666666666666,,,,0.08016633987426758,0.0044672489166259766
algerian_forest_fires_46279,,,kernel_pca,robust,ExtraTreesClassifier(random_state=0),0,0.9183673469387755,,,,0.10507559776306152,0.005202770233154297
algerian_forest_fires_46279,,,kernel_pca,robust,ExtraTreesClassifier(random_state=0),1,0.9795918367346939,,,,0.10467863082885742,0.005163669586181641
algerian_forest_fires_46279,,,kernel_pca,robust,ExtraTreesClassifier(random_state=0),2,0.8979591836734694,,,,0.10420489311218262,0.0053026676177978516
algerian_forest_fires_46279,,,kernel_pca,robust,ExtraTreesClassifier(random_state=0),3,0.9166666666666666,,,,0.10683202743530273,0.005219459533691406
algerian_forest_fires_46279,,,kernel_pca,robust,ExtraTreesClassifier(random_state=0),4,0.9375,,,,0.10756754875183105,0.005175590515136719
algerian_forest_fires_46279,,,,normalizer,ExtraTreesClassifier(random_state=0),0,0.9591836734693877,,,,0.08695554733276367,0.0046443939208984375
algerian_forest_fires_46279,,,,normalizer,ExtraTreesClassifier(random_state=0),1,0.9795918367346939,,,,0.08242559432983398,0.004655599594116211
algerian_forest_fires_46279,,,,normalizer,ExtraTreesClassifier(random_state=0),2,0.9795918367346939,,,,0.08250951766967773,0.004647731781005859
algerian_forest_fires_46279,,,,normalizer,ExtraTreesClassifier(random_state=0),3,0.9583333333333334,,,,0.08217859268188477,0.0048177242279052734
algerian_forest_fires_46279,,,,normalizer,ExtraTreesClassifier(random_state=0),4,0.9583333333333334,,,,0.08249902725219727,0.004828691482543945
algerian_forest_fires_46279,,,pca,normalizer,ExtraTreesClassifier(random_state=0),0,0.9591836734693877,,,,0.08986234664916992,0.004632711410522461
algerian_forest_fires_46279,,,pca,normalizer,ExtraTreesClassifier(random_state=0),1,0.9591836734693877,,,,0.08838772773742676,0.004868984222412109
algerian_forest_fires_46279,,,pca,normalizer,ExtraTreesClassifier(random_state=0),2,0.8979591836734694,,,,0.0858907699584961,0.004770040512084961
algerian_forest_fires_46279,,,pca,normalizer,ExtraTreesClassifier(random_state=0),3,0.9375,,,,0.08485937118530273,0.004685401916503906
algerian_forest_fires_46279,,,pca,normalizer,ExtraTreesClassifier(random_state=0),4,0.9583333333333334,,,,0.08964920043945312,0.004783153533935547
algerian_forest_fires_46279,,,fastica,normalizer,ExtraTreesClassifier(random_state=0),0,0.9183673469387755,,,,0.08510780334472656,0.0047359466552734375
algerian_forest_fires_46279,,,fastica,normalizer,ExtraTreesClassifier(random_state=0),1,0.9591836734693877,,,,0.0809934139251709,0.004558563232421875
algerian_forest_fires_46279,,,fastica,normalizer,ExtraTreesClassifier(random_state=0),2,0.8979591836734694,,,,0.08071780204772949,0.004657745361328125
algerian_forest_fires_46279,,,fastica,normalizer,ExtraTreesClassifier(random_state=0),3,0.8958333333333334,,,,0.08106541633605957,0.004470348358154297
algerian_forest_fires_46279,,,fastica,normalizer,ExtraTreesClassifier(random_state=0),4,0.9166666666666666,,,,0.08050251007080078,0.004572391510009766
algerian_forest_fires_46279,,,truncated_svd,normalizer,ExtraTreesClassifier(random_state=0),0,0.8163265306122449,,,,0.07698488235473633,0.0044403076171875
algerian_forest_fires_46279,,,truncated_svd,normalizer,ExtraTreesClassifier(random_state=0),1,0.7142857142857143,,,,0.07679510116577148,0.0045168399810791016
algerian_forest_fires_46279,,,truncated_svd,normalizer,ExtraTreesClassifier(random_state=0),2,0.7959183673469388,,,,0.07740449905395508,0.0049703121185302734
algerian_forest_fires_46279,,,truncated_svd,normalizer,ExtraTreesClassifier(random_state=0),3,0.8541666666666666,,,,0.08115482330322266,0.004639148712158203
algerian_forest_fires_46279,,,truncated_svd,normalizer,ExtraTreesClassifier(random_state=0),4,0.8541666666666666,,,,0.07837605476379395,0.004598855972290039
algerian_forest_fires_46279,,,select_percentile,normalizer,ExtraTreesClassifier(random_state=0),0,0.9795918367346939,,,,0.07482576370239258,0.004370689392089844
algerian_forest_fires_46279,,,select_percentile,normalizer,ExtraTreesClassifier(random_state=0),1,0.9795918367346939,,,,0.07381892204284668,0.004318952560424805
algerian_forest_fires_46279,,,select_percentile,normalizer,ExtraTreesClassifier(random_state=0),2,0.9795918367346939,,,,0.07395052909851074,0.004324674606323242
algerian_forest_fires_46279,,,select_percentile,normalizer,ExtraTreesClassifier(random_state=0),3,0.9791666666666666,,,,0.07413768768310547,0.00446319580078125
algerian_forest_fires_46279,,,select_percentile,normalizer,ExtraTreesClassifier(random_state=0),4,0.9583333333333334,,,,0.07480621337890625,0.004307746887207031
algerian_forest_fires_46279,,,generic_univariate,normalizer,ExtraTreesClassifier(random_state=0),0,0.9795918367346939,,,,0.07329273223876953,0.0043947696685791016
algerian_forest_fires_46279,,,generic_univariate,normalizer,ExtraTreesClassifier(random_state=0),1,1.0,,,,0.0741281509399414,0.004330873489379883
algerian_forest_fires_46279,,,generic_univariate,normalizer,ExtraTreesClassifier(random_state=0),2,0.9591836734693877,,,,0.07341766357421875,0.004344940185546875
algerian_forest_fires_46279,,,generic_univariate,normalizer,ExtraTreesClassifier(random_state=0),3,0.9375,,,,0.07464313507080078,0.004401445388793945
algerian_forest_fires_46279,,,generic_univariate,normalizer,ExtraTreesClassifier(random_state=0),4,0.9583333333333334,,,,0.07422876358032227,0.004373073577880859
algerian_forest_fires_46279,,,polynomial_features,normalizer,ExtraTreesClassifier(random_state=0),0,0.9591836734693877,,,,0.07891511917114258,0.0043201446533203125
algerian_forest_fires_46279,,,polynomial_features,normalizer,ExtraTreesClassifier(random_state=0),1,0.9795918367346939,,,,0.08164215087890625,0.0044400691986083984
algerian_forest_fires_46279,,,polynomial_features,normalizer,ExtraTreesClassifier(random_state=0),2,1.0,,,,0.08943867683410645,0.004616498947143555
algerian_forest_fires_46279,,,polynomial_features,normalizer,ExtraTreesClassifier(random_state=0),3,0.9583333333333334,,,,0.08021712303161621,0.0043561458587646484
algerian_forest_fires_46279,,,polynomial_features,normalizer,ExtraTreesClassifier(random_state=0),4,0.9583333333333334,,,,0.08019304275512695,0.0044672489166259766
algerian_forest_fires_46279,,,nystroem,normalizer,ExtraTreesClassifier(random_state=0),0,0.9387755102040817,,,,0.09652829170227051,0.0045623779296875
algerian_forest_fires_46279,,,nystroem,normalizer,ExtraTreesClassifier(random_state=0),1,0.9591836734693877,,,,0.11355257034301758,0.004461050033569336
algerian_forest_fires_46279,,,nystroem,normalizer,ExtraTreesClassifier(random_state=0),2,0.8979591836734694,,,,0.1338951587677002,0.0045092105865478516
algerian_forest_fires_46279,,,nystroem,normalizer,ExtraTreesClassifier(random_state=0),3,0.9583333333333334,,,,0.10930633544921875,0.004762172698974609
algerian_forest_fires_46279,,,nystroem,normalizer,ExtraTreesClassifier(random_state=0),4,0.9375,,,,0.12685585021972656,0.006918907165527344
algerian_forest_fires_46279,,,rbf_sampler,normalizer,ExtraTreesClassifier(random_state=0),0,0.9387755102040817,,,,0.08904337882995605,0.0047299861907958984
algerian_forest_fires_46279,,,rbf_sampler,normalizer,ExtraTreesClassifier(random_state=0),1,0.9591836734693877,,,,0.08846712112426758,0.004674673080444336
algerian_forest_fires_46279,,,rbf_sampler,normalizer,ExtraTreesClassifier(random_state=0),2,0.9591836734693877,,,,0.09605526924133301,0.005038261413574219
algerian_forest_fires_46279,,,rbf_sampler,normalizer,ExtraTreesClassifier(random_state=0),3,0.9583333333333334,,,,0.09232211112976074,0.004761457443237305
algerian_forest_fires_46279,,,rbf_sampler,normalizer,ExtraTreesClassifier(random_state=0),4,0.9583333333333334,,,,0.08812379837036133,0.004622936248779297
algerian_forest_fires_46279,,,random_trees_embedding,normalizer,ExtraTreesClassifier(random_state=0),0,0.9387755102040817,,,,0.1123802661895752,0.0056264400482177734
algerian_forest_fires_46279,,,random_trees_embedding,normalizer,ExtraTreesClassifier(random_state=0),1,0.9591836734693877,,,,0.10629630088806152,0.005491495132446289
algerian_forest_fires_46279,,,random_trees_embedding,normalizer,ExtraTreesClassifier(random_state=0),2,1.0,,,,0.10674715042114258,0.005811214447021484
algerian_forest_fires_46279,,,random_trees_embedding,normalizer,ExtraTreesClassifier(random_state=0),3,0.9583333333333334,,,,0.1061856746673584,0.005402326583862305
algerian_forest_fires_46279,,,random_trees_embedding,normalizer,ExtraTreesClassifier(random_state=0),4,0.9583333333333334,,,,0.10445332527160645,0.005486488342285156
algerian_forest_fires_46279,,,feature_agglomeration,normalizer,ExtraTreesClassifier(random_state=0),0,0.8163265306122449,,,,0.08429384231567383,0.005079746246337891
algerian_forest_fires_46279,,,feature_agglomeration,normalizer,ExtraTreesClassifier(random_state=0),1,0.8367346938775511,,,,0.08557510375976562,0.005121946334838867
algerian_forest_fires_46279,,,feature_agglomeration,normalizer,ExtraTreesClassifier(random_state=0),2,0.8571428571428571,,,,0.0965273380279541,0.004854440689086914
algerian_forest_fires_46279,,,feature_agglomeration,normalizer,ExtraTreesClassifier(random_state=0),3,0.8333333333333334,,,,0.08251333236694336,0.0048296451568603516
algerian_forest_fires_46279,,,feature_agglomeration,normalizer,ExtraTreesClassifier(random_state=0),4,0.875,,,,0.08219194412231445,0.004823207855224609
algerian_forest_fires_46279,,,extra_tree,normalizer,ExtraTreesClassifier(random_state=0),0,0.9591836734693877,,,,0.07884764671325684,0.004714488983154297
algerian_forest_fires_46279,,,extra_tree,normalizer,ExtraTreesClassifier(random_state=0),1,0.9795918367346939,,,,0.0800628662109375,0.004862546920776367
algerian_forest_fires_46279,,,extra_tree,normalizer,ExtraTreesClassifier(random_state=0),2,0.9795918367346939,,,,0.08477950096130371,0.004656076431274414
algerian_forest_fires_46279,,,extra_tree,normalizer,ExtraTreesClassifier(random_state=0),3,0.9583333333333334,,,,0.08142662048339844,0.0046236515045166016
algerian_forest_fires_46279,,,extra_tree,normalizer,ExtraTreesClassifier(random_state=0),4,0.9583333333333334,,,,0.08028173446655273,0.004588127136230469
algerian_forest_fires_46279,,,linear_svc,normalizer,ExtraTreesClassifier(random_state=0),0,0.9591836734693877,,,,0.08135223388671875,0.004594326019287109
algerian_forest_fires_46279,,,linear_svc,normalizer,ExtraTreesClassifier(random_state=0),1,0.9795918367346939,,,,0.08080196380615234,0.004597663879394531
algerian_forest_fires_46279,,,linear_svc,normalizer,ExtraTreesClassifier(random_state=0),2,0.9795918367346939,,,,0.08040857315063477,0.0049097537994384766
algerian_forest_fires_46279,,,linear_svc,normalizer,ExtraTreesClassifier(random_state=0),3,0.9583333333333334,,,,0.08443927764892578,0.004621744155883789
algerian_forest_fires_46279,,,linear_svc,normalizer,ExtraTreesClassifier(random_state=0),4,0.9583333333333334,,,,0.08027219772338867,0.004706144332885742
algerian_forest_fires_46279,,,kernel_pca,normalizer,ExtraTreesClassifier(random_state=0),0,0.9387755102040817,,,,0.1053628921508789,0.005228996276855469
algerian_forest_fires_46279,,,kernel_pca,normalizer,ExtraTreesClassifier(random_state=0),1,0.9591836734693877,,,,0.10616707801818848,0.005150794982910156
algerian_forest_fires_46279,,,kernel_pca,normalizer,ExtraTreesClassifier(random_state=0),2,0.8979591836734694,,,,0.10710978507995605,0.005454301834106445
algerian_forest_fires_46279,,,kernel_pca,normalizer,ExtraTreesClassifier(random_state=0),3,0.9166666666666666,,,,0.0996096134185791,0.004864215850830078
algerian_forest_fires_46279,,,kernel_pca,normalizer,ExtraTreesClassifier(random_state=0),4,0.8958333333333334,,,,0.09813094139099121,0.0048675537109375
algerian_forest_fires_46279,,,,power,ExtraTreesClassifier(random_state=0),0,0.9591836734693877,,,,0.07515192031860352,0.0043337345123291016
algerian_forest_fires_46279,,,,power,ExtraTreesClassifier(random_state=0),1,0.9795918367346939,,,,0.0757439136505127,0.004351615905761719
algerian_forest_fires_46279,,,,power,ExtraTreesClassifier(random_state=0),2,0.9795918367346939,,,,0.07548356056213379,0.004331827163696289
algerian_forest_fires_46279,,,,power,ExtraTreesClassifier(random_state=0),3,0.9791666666666666,,,,0.0752418041229248,0.004379987716674805
algerian_forest_fires_46279,,,,power,ExtraTreesClassifier(random_state=0),4,0.9583333333333334,,,,0.0751962661743164,0.004306793212890625
algerian_forest_fires_46279,,,pca,power,ExtraTreesClassifier(random_state=0),0,0.9795918367346939,,,,0.07792472839355469,0.004363059997558594
algerian_forest_fires_46279,,,pca,power,ExtraTreesClassifier(random_state=0),1,0.9591836734693877,,,,0.07814359664916992,0.004516124725341797
algerian_forest_fires_46279,,,pca,power,ExtraTreesClassifier(random_state=0),2,0.9591836734693877,,,,0.07769083976745605,0.004375934600830078
algerian_forest_fires_46279,,,pca,power,ExtraTreesClassifier(random_state=0),3,0.9583333333333334,,,,0.0782155990600586,0.004423618316650391
algerian_forest_fires_46279,,,pca,power,ExtraTreesClassifier(random_state=0),4,0.9375,,,,0.07855725288391113,0.004465579986572266
algerian_forest_fires_46279,,,fastica,power,ExtraTreesClassifier(random_state=0),0,0.8775510204081632,,,,0.08214426040649414,0.004590511322021484
algerian_forest_fires_46279,,,fastica,power,ExtraTreesClassifier(random_state=0),1,0.9183673469387755,,,,0.08199024200439453,0.004558086395263672
algerian_forest_fires_46279,,,fastica,power,ExtraTreesClassifier(random_state=0),2,0.7959183673469388,,,,0.08411478996276855,0.004557609558105469
algerian_forest_fires_46279,,,fastica,power,ExtraTreesClassifier(random_state=0),3,0.9583333333333334,,,,0.08063125610351562,0.0045282840728759766
algerian_forest_fires_46279,,,fastica,power,ExtraTreesClassifier(random_state=0),4,0.8541666666666666,,,,0.08090472221374512,0.004540681838989258
algerian_forest_fires_46279,,,truncated_svd,power,ExtraTreesClassifier(random_state=0),0,0.8571428571428571,,,,0.0754098892211914,0.00447535514831543
algerian_forest_fires_46279,,,truncated_svd,power,ExtraTreesClassifier(random_state=0),1,0.8979591836734694,,,,0.0786287784576416,0.004555225372314453
algerian_forest_fires_46279,,,truncated_svd,power,ExtraTreesClassifier(random_state=0),2,0.7959183673469388,,,,0.07811522483825684,0.004815816879272461
algerian_forest_fires_46279,,,truncated_svd,power,ExtraTreesClassifier(random_state=0),3,0.9375,,,,0.07831358909606934,0.004376888275146484
algerian_forest_fires_46279,,,truncated_svd,power,ExtraTreesClassifier(random_state=0),4,0.9166666666666666,,,,0.07754993438720703,0.004384040832519531
algerian_forest_fires_46279,,,select_percentile,power,ExtraTreesClassifier(random_state=0),0,0.9795918367346939,,,,0.07852792739868164,0.004755496978759766
algerian_forest_fires_46279,,,select_percentile,power,ExtraTreesClassifier(random_state=0),1,0.9795918367346939,,,,0.08032774925231934,0.00453639030456543
algerian_forest_fires_46279,,,select_percentile,power,ExtraTreesClassifier(random_state=0),2,0.9795918367346939,,,,0.0792381763458252,0.00458836555480957
algerian_forest_fires_46279,,,select_percentile,power,ExtraTreesClassifier(random_state=0),3,0.9583333333333334,,,,0.0785822868347168,0.004637479782104492
algerian_forest_fires_46279,,,select_percentile,power,ExtraTreesClassifier(random_state=0),4,0.9791666666666666,,,,0.07846879959106445,0.004617452621459961
algerian_forest_fires_46279,,,generic_univariate,power,ExtraTreesClassifier(random_state=0),0,0.9387755102040817,,,,0.07828593254089355,0.0045795440673828125
algerian_forest_fires_46279,,,generic_univariate,power,ExtraTreesClassifier(random_state=0),1,0.9183673469387755,,,,0.07893657684326172,0.004691123962402344
algerian_forest_fires_46279,,,generic_univariate,power,ExtraTreesClassifier(random_state=0),2,0.9183673469387755,,,,0.07918763160705566,0.00461888313293457
algerian_forest_fires_46279,,,generic_univariate,power,ExtraTreesClassifier(random_state=0),3,0.9166666666666666,,,,0.0786898136138916,0.0046923160552978516
algerian_forest_fires_46279,,,generic_univariate,power,ExtraTreesClassifier(random_state=0),4,0.9583333333333334,,,,0.07904815673828125,0.00460362434387207
algerian_forest_fires_46279,,,polynomial_features,power,ExtraTreesClassifier(random_state=0),0,0.9591836734693877,,,,0.0891258716583252,0.004640817642211914
algerian_forest_fires_46279,,,polynomial_features,power,ExtraTreesClassifier(random_state=0),1,0.9795918367346939,,,,0.08812689781188965,0.004796266555786133
algerian_forest_fires_46279,,,polynomial_features,power,ExtraTreesClassifier(random_state=0),2,0.9795918367346939,,,,0.09320688247680664,0.004647493362426758
algerian_forest_fires_46279,,,polynomial_features,power,ExtraTreesClassifier(random_state=0),3,0.9791666666666666,,,,0.09004068374633789,0.004739046096801758
algerian_forest_fires_46279,,,polynomial_features,power,ExtraTreesClassifier(random_state=0),4,0.9375,,,,0.0888204574584961,0.004972219467163086
algerian_forest_fires_46279,,,nystroem,power,ExtraTreesClassifier(random_state=0),0,0.9183673469387755,,,,0.10064482688903809,0.004639148712158203
algerian_forest_fires_46279,,,nystroem,power,ExtraTreesClassifier(random_state=0),1,0.9387755102040817,,,,0.10806441307067871,0.00510096549987793
algerian_forest_fires_46279,,,nystroem,power,ExtraTreesClassifier(random_state=0),2,0.9387755102040817,,,,0.1052086353302002,0.0047457218170166016
algerian_forest_fires_46279,,,nystroem,power,ExtraTreesClassifier(random_state=0),3,0.9791666666666666,,,,0.10537385940551758,0.0048449039459228516
algerian_forest_fires_46279,,,nystroem,power,ExtraTreesClassifier(random_state=0),4,0.9583333333333334,,,,0.10660886764526367,0.004852294921875
algerian_forest_fires_46279,,,rbf_sampler,power,ExtraTreesClassifier(random_state=0),0,0.6938775510204082,,,,0.10086774826049805,0.004830837249755859
algerian_forest_fires_46279,,,rbf_sampler,power,ExtraTreesClassifier(random_state=0),1,0.7142857142857143,,,,0.10036015510559082,0.00475764274597168
algerian_forest_fires_46279,,,rbf_sampler,power,ExtraTreesClassifier(random_state=0),2,0.6326530612244898,,,,0.09986519813537598,0.004738569259643555
algerian_forest_fires_46279,,,rbf_sampler,power,ExtraTreesClassifier(random_state=0),3,0.7291666666666666,,,,0.09682583808898926,0.004719734191894531
algerian_forest_fires_46279,,,rbf_sampler,power,ExtraTreesClassifier(random_state=0),4,0.6041666666666666,,,,0.09715080261230469,0.004746913909912109
algerian_forest_fires_46279,,,random_trees_embedding,power,ExtraTreesClassifier(random_state=0),0,0.9591836734693877,,,,0.09936785697937012,0.005361795425415039
algerian_forest_fires_46279,,,random_trees_embedding,power,ExtraTreesClassifier(random_state=0),1,0.9591836734693877,,,,0.10215520858764648,0.005417585372924805
algerian_forest_fires_46279,,,random_trees_embedding,power,ExtraTreesClassifier(random_state=0),2,0.9795918367346939,,,,0.10069799423217773,0.005402326583862305
algerian_forest_fires_46279,,,random_trees_embedding,power,ExtraTreesClassifier(random_state=0),3,0.9583333333333334,,,,0.10040664672851562,0.005359649658203125
algerian_forest_fires_46279,,,random_trees_embedding,power,ExtraTreesClassifier(random_state=0),4,0.9583333333333334,,,,0.09972286224365234,0.005243539810180664
algerian_forest_fires_46279,,,feature_agglomeration,power,ExtraTreesClassifier(random_state=0),0,0.8367346938775511,,,,0.07939434051513672,0.0046350955963134766
algerian_forest_fires_46279,,,feature_agglomeration,power,ExtraTreesClassifier(random_state=0),1,0.9183673469387755,,,,0.07980728149414062,0.004648685455322266
algerian_forest_fires_46279,,,feature_agglomeration,power,ExtraTreesClassifier(random_state=0),2,0.9795918367346939,,,,0.07963418960571289,0.004774570465087891
algerian_forest_fires_46279,,,feature_agglomeration,power,ExtraTreesClassifier(random_state=0),3,0.9166666666666666,,,,0.07820844650268555,0.004558086395263672
algerian_forest_fires_46279,,,feature_agglomeration,power,ExtraTreesClassifier(random_state=0),4,0.9166666666666666,,,,0.07596969604492188,0.0043947696685791016
algerian_forest_fires_46279,,,extra_tree,power,ExtraTreesClassifier(random_state=0),0,0.9591836734693877,,,,0.07400751113891602,0.004205465316772461
algerian_forest_fires_46279,,,extra_tree,power,ExtraTreesClassifier(random_state=0),1,0.9795918367346939,,,,0.07406067848205566,0.004330158233642578
algerian_forest_fires_46279,,,extra_tree,power,ExtraTreesClassifier(random_state=0),2,0.9795918367346939,,,,0.07453107833862305,0.0043413639068603516
algerian_forest_fires_46279,,,extra_tree,power,ExtraTreesClassifier(random_state=0),3,0.9583333333333334,,,,0.07539010047912598,0.004423856735229492
algerian_forest_fires_46279,,,extra_tree,power,ExtraTreesClassifier(random_state=0),4,0.9791666666666666,,,,0.07413315773010254,0.00429987907409668
algerian_forest_fires_46279,,,linear_svc,power,ExtraTreesClassifier(random_state=0),0,0.9795918367346939,,,,0.07448506355285645,0.004259347915649414
algerian_forest_fires_46279,,,linear_svc,power,ExtraTreesClassifier(random_state=0),1,0.9795918367346939,,,,0.07425737380981445,0.0043566226959228516
algerian_forest_fires_46279,,,linear_svc,power,ExtraTreesClassifier(random_state=0),2,0.9591836734693877,,,,0.07348251342773438,0.0042841434478759766
algerian_forest_fires_46279,,,linear_svc,power,ExtraTreesClassifier(random_state=0),3,0.9583333333333334,,,,0.07409310340881348,0.004294395446777344
algerian_forest_fires_46279,,,linear_svc,power,ExtraTreesClassifier(random_state=0),4,0.9583333333333334,,,,0.07474827766418457,0.004337787628173828
algerian_forest_fires_46279,,,kernel_pca,power,ExtraTreesClassifier(random_state=0),0,0.9591836734693877,,,,0.09679484367370605,0.0048809051513671875
algerian_forest_fires_46279,,,kernel_pca,power,ExtraTreesClassifier(random_state=0),1,0.9591836734693877,,,,0.09979367256164551,0.004991769790649414
algerian_forest_fires_46279,,,kernel_pca,power,ExtraTreesClassifier(random_state=0),2,0.9795918367346939,,,,0.10059118270874023,0.005014657974243164
algerian_forest_fires_46279,,,kernel_pca,power,ExtraTreesClassifier(random_state=0),3,0.9583333333333334,,,,0.09957551956176758,0.004843711853027344
algerian_forest_fires_46279,,,kernel_pca,power,ExtraTreesClassifier(random_state=0),4,0.9791666666666666,,,,0.09956121444702148,0.004890918731689453
algerian_forest_fires_46279,,,,quantile,ExtraTreesClassifier(random_state=0),0,0.9591836734693877,,,,0.07672858238220215,0.004468679428100586
algerian_forest_fires_46279,,,,quantile,ExtraTreesClassifier(random_state=0),1,0.9795918367346939,,,,0.07654166221618652,0.004464387893676758
algerian_forest_fires_46279,,,,quantile,ExtraTreesClassifier(random_state=0),2,1.0,,,,0.07744574546813965,0.004473447799682617
algerian_forest_fires_46279,,,,quantile,ExtraTreesClassifier(random_state=0),3,0.9583333333333334,,,,0.07834696769714355,0.0046694278717041016
algerian_forest_fires_46279,,,,quantile,ExtraTreesClassifier(random_state=0),4,0.9583333333333334,,,,0.08062005043029785,0.00464630126953125
algerian_forest_fires_46279,,,pca,quantile,ExtraTreesClassifier(random_state=0),0,0.8979591836734694,,,,0.08426809310913086,0.00473785400390625
algerian_forest_fires_46279,,,pca,quantile,ExtraTreesClassifier(random_state=0),1,0.9795918367346939,,,,0.08458256721496582,0.0047397613525390625
algerian_forest_fires_46279,,,pca,quantile,ExtraTreesClassifier(random_state=0),2,0.8979591836734694,,,,0.08389806747436523,0.004788875579833984
algerian_forest_fires_46279,,,pca,quantile,ExtraTreesClassifier(random_state=0),3,0.9166666666666666,,,,0.0847921371459961,0.004839897155761719
algerian_forest_fires_46279,,,pca,quantile,ExtraTreesClassifier(random_state=0),4,0.9375,,,,0.08412504196166992,0.004724740982055664
algerian_forest_fires_46279,,,fastica,quantile,ExtraTreesClassifier(random_state=0),0,0.7346938775510204,,,,0.0878903865814209,0.004849910736083984
algerian_forest_fires_46279,,,fastica,quantile,ExtraTreesClassifier(random_state=0),1,0.8571428571428571,,,,0.08790779113769531,0.004927635192871094
algerian_forest_fires_46279,,,fastica,quantile,ExtraTreesClassifier(random_state=0),2,0.8367346938775511,,,,0.08544635772705078,0.004897356033325195
algerian_forest_fires_46279,,,fastica,quantile,ExtraTreesClassifier(random_state=0),3,0.9166666666666666,,,,0.0855867862701416,0.004817485809326172
algerian_forest_fires_46279,,,fastica,quantile,ExtraTreesClassifier(random_state=0),4,0.8541666666666666,,,,0.08571934700012207,0.0047910213470458984
algerian_forest_fires_46279,,,truncated_svd,quantile,ExtraTreesClassifier(random_state=0),0,0.8979591836734694,,,,0.07947278022766113,0.004633903503417969
algerian_forest_fires_46279,,,truncated_svd,quantile,ExtraTreesClassifier(random_state=0),1,0.9387755102040817,,,,0.08251357078552246,0.0047185420989990234
algerian_forest_fires_46279,,,truncated_svd,quantile,ExtraTreesClassifier(random_state=0),2,0.8775510204081632,,,,0.07969403266906738,0.004701852798461914
algerian_forest_fires_46279,,,truncated_svd,quantile,ExtraTreesClassifier(random_state=0),3,0.8958333333333334,,,,0.08028316497802734,0.004702329635620117
algerian_forest_fires_46279,,,truncated_svd,quantile,ExtraTreesClassifier(random_state=0),4,0.9375,,,,0.08227705955505371,0.004990577697753906
algerian_forest_fires_46279,,,select_percentile,quantile,ExtraTreesClassifier(random_state=0),0,0.9795918367346939,,,,0.07709312438964844,0.004574298858642578
algerian_forest_fires_46279,,,select_percentile,quantile,ExtraTreesClassifier(random_state=0),1,0.9795918367346939,,,,0.07826542854309082,0.004580020904541016
algerian_forest_fires_46279,,,select_percentile,quantile,ExtraTreesClassifier(random_state=0),2,1.0,,,,0.07915735244750977,0.0048406124114990234
algerian_forest_fires_46279,,,select_percentile,quantile,ExtraTreesClassifier(random_state=0),3,0.9791666666666666,,,,0.07919168472290039,0.004492282867431641
algerian_forest_fires_46279,,,select_percentile,quantile,ExtraTreesClassifier(random_state=0),4,0.9583333333333334,,,,0.07939720153808594,0.00446009635925293
algerian_forest_fires_46279,,,generic_univariate,quantile,ExtraTreesClassifier(random_state=0),0,0.9795918367346939,,,,0.08222579956054688,0.004598855972290039
algerian_forest_fires_46279,,,generic_univariate,quantile,ExtraTreesClassifier(random_state=0),1,0.9795918367346939,,,,0.07796478271484375,0.0043675899505615234
algerian_forest_fires_46279,,,generic_univariate,quantile,ExtraTreesClassifier(random_state=0),2,1.0,,,,0.07904815673828125,0.004518747329711914
algerian_forest_fires_46279,,,generic_univariate,quantile,ExtraTreesClassifier(random_state=0),3,0.9375,,,,0.08306574821472168,0.004601240158081055
algerian_forest_fires_46279,,,generic_univariate,quantile,ExtraTreesClassifier(random_state=0),4,0.9375,,,,0.07762956619262695,0.004472017288208008
algerian_forest_fires_46279,,,polynomial_features,quantile,ExtraTreesClassifier(random_state=0),0,0.9591836734693877,,,,0.08432602882385254,0.0046024322509765625
algerian_forest_fires_46279,,,polynomial_features,quantile,ExtraTreesClassifier(random_state=0),1,0.9795918367346939,,,,0.08615803718566895,0.004633903503417969
algerian_forest_fires_46279,,,polynomial_features,quantile,ExtraTreesClassifier(random_state=0),2,1.0,,,,0.08698225021362305,0.004889488220214844
algerian_forest_fires_46279,,,polynomial_features,quantile,ExtraTreesClassifier(random_state=0),3,0.9791666666666666,,,,0.08580780029296875,0.004645109176635742
algerian_forest_fires_46279,,,polynomial_features,quantile,ExtraTreesClassifier(random_state=0),4,0.9583333333333334,,,,0.08666205406188965,0.004768848419189453
algerian_forest_fires_46279,,,nystroem,quantile,ExtraTreesClassifier(random_state=0),0,0.8571428571428571,,,,0.09977912902832031,0.0046231746673583984
algerian_forest_fires_46279,,,nystroem,quantile,ExtraTreesClassifier(random_state=0),1,0.9387755102040817,,,,0.10631704330444336,0.004743099212646484
algerian_forest_fires_46279,,,nystroem,quantile,ExtraTreesClassifier(random_state=0),2,0.8571428571428571,,,,0.10389852523803711,0.004917144775390625
algerian_forest_fires_46279,,,nystroem,quantile,ExtraTreesClassifier(random_state=0),3,0.9375,,,,0.1044921875,0.004685640335083008
algerian_forest_fires_46279,,,nystroem,quantile,ExtraTreesClassifier(random_state=0),4,0.9791666666666666,,,,0.10856461524963379,0.004805564880371094
algerian_forest_fires_46279,,,rbf_sampler,quantile,ExtraTreesClassifier(random_state=0),0,0.9183673469387755,,,,0.09299159049987793,0.0049474239349365234
algerian_forest_fires_46279,,,rbf_sampler,quantile,ExtraTreesClassifier(random_state=0),1,0.9387755102040817,,,,0.09334826469421387,0.004714488983154297
algerian_forest_fires_46279,,,rbf_sampler,quantile,ExtraTreesClassifier(random_state=0),2,0.9387755102040817,,,,0.08725452423095703,0.004477262496948242
algerian_forest_fires_46279,,,rbf_sampler,quantile,ExtraTreesClassifier(random_state=0),3,0.9375,,,,0.08734941482543945,0.004483938217163086
algerian_forest_fires_46279,,,rbf_sampler,quantile,ExtraTreesClassifier(random_state=0),4,0.9791666666666666,,,,0.08692812919616699,0.00442051887512207
algerian_forest_fires_46279,,,random_trees_embedding,quantile,ExtraTreesClassifier(random_state=0),0,0.9387755102040817,,,,0.10349440574645996,0.005173206329345703
algerian_forest_fires_46279,,,random_trees_embedding,quantile,ExtraTreesClassifier(random_state=0),1,0.9795918367346939,,,,0.09970521926879883,0.005113124847412109
algerian_forest_fires_46279,,,random_trees_embedding,quantile,ExtraTreesClassifier(random_state=0),2,0.9591836734693877,,,,0.09828829765319824,0.005472898483276367
algerian_forest_fires_46279,,,random_trees_embedding,quantile,ExtraTreesClassifier(random_state=0),3,0.9583333333333334,,,,0.0999460220336914,0.005401134490966797
algerian_forest_fires_46279,,,random_trees_embedding,quantile,ExtraTreesClassifier(random_state=0),4,0.9583333333333334,,,,0.09998822212219238,0.005043745040893555
algerian_forest_fires_46279,,,feature_agglomeration,quantile,ExtraTreesClassifier(random_state=0),0,0.8367346938775511,,,,0.07753419876098633,0.004807233810424805
algerian_forest_fires_46279,,,feature_agglomeration,quantile,ExtraTreesClassifier(random_state=0),1,0.8571428571428571,,,,0.07682323455810547,0.0044708251953125
algerian_forest_fires_46279,,,feature_agglomeration,quantile,ExtraTreesClassifier(random_state=0),2,0.8775510204081632,,,,0.07708168029785156,0.0046215057373046875
algerian_forest_fires_46279,,,feature_agglomeration,quantile,ExtraTreesClassifier(random_state=0),3,0.9166666666666666,,,,0.07711243629455566,0.004511117935180664
algerian_forest_fires_46279,,,feature_agglomeration,quantile,ExtraTreesClassifier(random_state=0),4,0.9375,,,,0.07724690437316895,0.004530906677246094
algerian_forest_fires_46279,,,extra_tree,quantile,ExtraTreesClassifier(random_state=0),0,0.9795918367346939,,,,0.07560491561889648,0.004410266876220703
algerian_forest_fires_46279,,,extra_tree,quantile,ExtraTreesClassifier(random_state=0),1,0.9795918367346939,,,,0.07667183876037598,0.004351377487182617
algerian_forest_fires_46279,,,extra_tree,quantile,ExtraTreesClassifier(random_state=0),2,1.0,,,,0.07585310935974121,0.004331111907958984
algerian_forest_fires_46279,,,extra_tree,quantile,ExtraTreesClassifier(random_state=0),3,0.9583333333333334,,,,0.07533478736877441,0.004371166229248047
algerian_forest_fires_46279,,,extra_tree,quantile,ExtraTreesClassifier(random_state=0),4,0.9583333333333334,,,,0.07773709297180176,0.004655599594116211
algerian_forest_fires_46279,,,linear_svc,quantile,ExtraTreesClassifier(random_state=0),0,0.9795918367346939,,,,0.07643651962280273,0.0044782161712646484
algerian_forest_fires_46279,,,linear_svc,quantile,ExtraTreesClassifier(random_state=0),1,0.9795918367346939,,,,0.07705259323120117,0.004348039627075195
algerian_forest_fires_46279,,,linear_svc,quantile,ExtraTreesClassifier(random_state=0),2,1.0,,,,0.0755155086517334,0.0043413639068603516
algerian_forest_fires_46279,,,linear_svc,quantile,ExtraTreesClassifier(random_state=0),3,0.9583333333333334,,,,0.07494449615478516,0.004370927810668945
algerian_forest_fires_46279,,,linear_svc,quantile,ExtraTreesClassifier(random_state=0),4,0.9583333333333334,,,,0.07527422904968262,0.004338979721069336
algerian_forest_fires_46279,,,kernel_pca,quantile,ExtraTreesClassifier(random_state=0),0,0.9591836734693877,,,,0.09907174110412598,0.004882097244262695
algerian_forest_fires_46279,,,kernel_pca,quantile,ExtraTreesClassifier(random_state=0),1,0.9591836734693877,,,,0.10283875465393066,0.005147695541381836
algerian_forest_fires_46279,,,kernel_pca,quantile,ExtraTreesClassifier(random_state=0),2,0.8979591836734694,,,,0.10380840301513672,0.0052263736724853516
algerian_forest_fires_46279,,,kernel_pca,quantile,ExtraTreesClassifier(random_state=0),3,0.9166666666666666,,,,0.10617947578430176,0.005053043365478516
algerian_forest_fires_46279,,,kernel_pca,quantile,ExtraTreesClassifier(random_state=0),4,0.9375,,,,0.10611128807067871,0.005411624908447266
algerian_forest_fires_46279,,onehot,,,ExtraTreesClassifier(random_state=0),0,0.9591836734693877,,,No using One Hot,0.0823674201965332,0.0057070255279541016
algerian_forest_fires_46279,,onehot,,,ExtraTreesClassifier(random_state=0),1,0.9795918367346939,,,No using One Hot,0.08238935470581055,0.005549192428588867
algerian_forest_fires_46279,,onehot,,,ExtraTreesClassifier(random_state=0),2,1.0,,,No using One Hot,0.08125066757202148,0.005514621734619141
algerian_forest_fires_46279,,onehot,,,ExtraTreesClassifier(random_state=0),3,0.9791666666666666,,,No using One Hot,0.08165669441223145,0.005521297454833984
algerian_forest_fires_46279,,onehot,,,ExtraTreesClassifier(random_state=0),4,0.9583333333333334,,,No using One Hot,0.08130121231079102,0.00549006462097168
algerian_forest_fires_46279,,onehot,pca,,ExtraTreesClassifier(random_state=0),0,0.9795918367346939,,,No using One Hot,0.08431458473205566,0.004755496978759766
algerian_forest_fires_46279,,onehot,pca,,ExtraTreesClassifier(random_state=0),1,0.9591836734693877,,,No using One Hot,0.0845947265625,0.004791259765625
algerian_forest_fires_46279,,onehot,pca,,ExtraTreesClassifier(random_state=0),2,0.9183673469387755,,,No using One Hot,0.08408355712890625,0.004753828048706055
algerian_forest_fires_46279,,onehot,pca,,ExtraTreesClassifier(random_state=0),3,0.9375,,,No using One Hot,0.08402657508850098,0.004645109176635742
algerian_forest_fires_46279,,onehot,pca,,ExtraTreesClassifier(random_state=0),4,0.9375,,,No using One Hot,0.08468818664550781,0.004715442657470703
algerian_forest_fires_46279,,onehot,fastica,,ExtraTreesClassifier(random_state=0),0,0.6530612244897959,,,No using One Hot,0.09293317794799805,0.0049169063568115234
algerian_forest_fires_46279,,onehot,fastica,,ExtraTreesClassifier(random_state=0),1,0.8163265306122449,,,No using One Hot,0.08762192726135254,0.004847049713134766
algerian_forest_fires_46279,,onehot,fastica,,ExtraTreesClassifier(random_state=0),2,0.9183673469387755,,,No using One Hot,0.08476114273071289,0.0048177242279052734
algerian_forest_fires_46279,,onehot,fastica,,ExtraTreesClassifier(random_state=0),3,0.9166666666666666,,,No using One Hot,0.08425068855285645,0.004774808883666992
algerian_forest_fires_46279,,onehot,fastica,,ExtraTreesClassifier(random_state=0),4,0.6875,,,No using One Hot,0.08762288093566895,0.004856586456298828
algerian_forest_fires_46279,,onehot,truncated_svd,,ExtraTreesClassifier(random_state=0),0,0.8367346938775511,,,No using One Hot,0.0857691764831543,0.004843235015869141
algerian_forest_fires_46279,,onehot,truncated_svd,,ExtraTreesClassifier(random_state=0),1,0.7755102040816326,,,No using One Hot,0.08172178268432617,0.004789829254150391
algerian_forest_fires_46279,,onehot,truncated_svd,,ExtraTreesClassifier(random_state=0),2,0.7959183673469388,,,No using One Hot,0.08290576934814453,0.0049381256103515625
algerian_forest_fires_46279,,onehot,truncated_svd,,ExtraTreesClassifier(random_state=0),3,0.8541666666666666,,,No using One Hot,0.08282208442687988,0.004759550094604492
algerian_forest_fires_46279,,onehot,truncated_svd,,ExtraTreesClassifier(random_state=0),4,0.875,,,No using One Hot,0.8685672283172607,0.004750490188598633
algerian_forest_fires_46279,,onehot,select_percentile,,ExtraTreesClassifier(random_state=0),0,0.9795918367346939,,,No using One Hot,0.07811641693115234,0.004541158676147461
algerian_forest_fires_46279,,onehot,select_percentile,,ExtraTreesClassifier(random_state=0),1,0.9795918367346939,,,No using One Hot,0.07787919044494629,0.004624605178833008
algerian_forest_fires_46279,,onehot,select_percentile,,ExtraTreesClassifier(random_state=0),2,1.0,,,No using One Hot,0.07821154594421387,0.004953622817993164
algerian_forest_fires_46279,,onehot,select_percentile,,ExtraTreesClassifier(random_state=0),3,0.9791666666666666,,,No using One Hot,0.08036303520202637,0.004584312438964844
algerian_forest_fires_46279,,onehot,select_percentile,,ExtraTreesClassifier(random_state=0),4,0.9583333333333334,,,No using One Hot,0.08067178726196289,0.004746198654174805
algerian_forest_fires_46279,,onehot,generic_univariate,,ExtraTreesClassifier(random_state=0),0,1.0,,,No using One Hot,0.07968401908874512,0.004568338394165039
algerian_forest_fires_46279,,onehot,generic_univariate,,ExtraTreesClassifier(random_state=0),1,1.0,,,No using One Hot,0.07834839820861816,0.004554033279418945
algerian_forest_fires_46279,,onehot,generic_univariate,,ExtraTreesClassifier(random_state=0),2,1.0,,,No using One Hot,0.07808828353881836,0.004570484161376953
algerian_forest_fires_46279,,onehot,generic_univariate,,ExtraTreesClassifier(random_state=0),3,0.9583333333333334,,,No using One Hot,0.07712364196777344,0.004570722579956055
algerian_forest_fires_46279,,onehot,generic_univariate,,ExtraTreesClassifier(random_state=0),4,0.9791666666666666,,,No using One Hot,0.07724380493164062,0.004423618316650391
algerian_forest_fires_46279,,onehot,polynomial_features,,ExtraTreesClassifier(random_state=0),0,0.9591836734693877,,,No using One Hot,0.07701373100280762,0.004324674606323242
algerian_forest_fires_46279,,onehot,polynomial_features,,ExtraTreesClassifier(random_state=0),1,0.9795918367346939,,,No using One Hot,0.07737898826599121,0.0042171478271484375
algerian_forest_fires_46279,,onehot,polynomial_features,,ExtraTreesClassifier(random_state=0),2,1.0,,,No using One Hot,0.07714438438415527,0.00424504280090332
algerian_forest_fires_46279,,onehot,polynomial_features,,ExtraTreesClassifier(random_state=0),3,0.9583333333333334,,,No using One Hot,0.07733011245727539,0.004302024841308594
algerian_forest_fires_46279,,onehot,polynomial_features,,ExtraTreesClassifier(random_state=0),4,0.9583333333333334,,,No using One Hot,0.07693696022033691,0.0042955875396728516
algerian_forest_fires_46279,,onehot,nystroem,,ExtraTreesClassifier(random_state=0),0,0.673469387755102,,,No using One Hot,0.12148022651672363,0.0053937435150146484
algerian_forest_fires_46279,,onehot,nystroem,,ExtraTreesClassifier(random_state=0),1,0.8571428571428571,,,No using One Hot,0.14172649383544922,0.0054416656494140625
algerian_forest_fires_46279,,onehot,nystroem,,ExtraTreesClassifier(random_state=0),2,0.8367346938775511,,,No using One Hot,0.1475086212158203,0.005666971206665039
algerian_forest_fires_46279,,onehot,nystroem,,ExtraTreesClassifier(random_state=0),3,0.7708333333333334,,,No using One Hot,0.1367499828338623,0.0054302215576171875
algerian_forest_fires_46279,,onehot,nystroem,,ExtraTreesClassifier(random_state=0),4,0.8125,,,No using One Hot,0.1365044116973877,0.005330324172973633
algerian_forest_fires_46279,,onehot,rbf_sampler,,ExtraTreesClassifier(random_state=0),0,0.5918367346938775,,,No using One Hot,0.09341621398925781,0.004541158676147461
algerian_forest_fires_46279,,onehot,rbf_sampler,,ExtraTreesClassifier(random_state=0),1,0.5510204081632653,,,No using One Hot,0.09318065643310547,0.0045087337493896484
algerian_forest_fires_46279,,onehot,rbf_sampler,,ExtraTreesClassifier(random_state=0),2,0.5714285714285714,,,No using One Hot,0.09263229370117188,0.004410266876220703
algerian_forest_fires_46279,,onehot,rbf_sampler,,ExtraTreesClassifier(random_state=0),3,0.625,,,No using One Hot,0.09330916404724121,0.0045664310455322266
algerian_forest_fires_46279,,onehot,rbf_sampler,,ExtraTreesClassifier(random_state=0),4,0.5625,,,No using One Hot,0.09280276298522949,0.004548788070678711
algerian_forest_fires_46279,,onehot,random_trees_embedding,,ExtraTreesClassifier(random_state=0),0,0.9795918367346939,,,No using One Hot,0.09606671333312988,0.005133152008056641
algerian_forest_fires_46279,,onehot,random_trees_embedding,,ExtraTreesClassifier(random_state=0),1,0.9591836734693877,,,No using One Hot,0.09690475463867188,0.005076885223388672
algerian_forest_fires_46279,,onehot,random_trees_embedding,,ExtraTreesClassifier(random_state=0),2,0.9795918367346939,,,No using One Hot,0.09552550315856934,0.005001544952392578
algerian_forest_fires_46279,,onehot,random_trees_embedding,,ExtraTreesClassifier(random_state=0),3,0.9583333333333334,,,No using One Hot,0.09672069549560547,0.005095481872558594
algerian_forest_fires_46279,,onehot,random_trees_embedding,,ExtraTreesClassifier(random_state=0),4,0.9583333333333334,,,No using One Hot,0.09577322006225586,0.005129337310791016
algerian_forest_fires_46279,,onehot,feature_agglomeration,,ExtraTreesClassifier(random_state=0),0,0.7959183673469388,,,No using One Hot,0.07690858840942383,0.004553318023681641
algerian_forest_fires_46279,,onehot,feature_agglomeration,,ExtraTreesClassifier(random_state=0),1,0.7959183673469388,,,No using One Hot,0.07706522941589355,0.004430532455444336
algerian_forest_fires_46279,,onehot,feature_agglomeration,,ExtraTreesClassifier(random_state=0),2,0.8367346938775511,,,No using One Hot,0.07730650901794434,0.004515409469604492
algerian_forest_fires_46279,,onehot,feature_agglomeration,,ExtraTreesClassifier(random_state=0),3,0.8125,,,No using One Hot,0.07822108268737793,0.0045893192291259766
algerian_forest_fires_46279,,onehot,feature_agglomeration,,ExtraTreesClassifier(random_state=0),4,0.8333333333333334,,,No using One Hot,0.0774083137512207,0.004495859146118164
algerian_forest_fires_46279,,onehot,extra_tree,,ExtraTreesClassifier(random_state=0),0,0.9591836734693877,,,No using One Hot,0.07523369789123535,0.0043675899505615234
algerian_forest_fires_46279,,onehot,extra_tree,,ExtraTreesClassifier(random_state=0),1,0.9795918367346939,,,No using One Hot,0.07557988166809082,0.004324913024902344
algerian_forest_fires_46279,,onehot,extra_tree,,ExtraTreesClassifier(random_state=0),2,1.0,,,No using One Hot,0.07837057113647461,0.004505157470703125
algerian_forest_fires_46279,,onehot,extra_tree,,ExtraTreesClassifier(random_state=0),3,0.9583333333333334,,,No using One Hot,0.07702970504760742,0.004538774490356445
algerian_forest_fires_46279,,onehot,extra_tree,,ExtraTreesClassifier(random_state=0),4,0.9791666666666666,,,No using One Hot,0.07621312141418457,0.004435300827026367
algerian_forest_fires_46279,,onehot,linear_svc,,ExtraTreesClassifier(random_state=0),0,0.9591836734693877,,,No using One Hot,0.07687544822692871,0.0045206546783447266
algerian_forest_fires_46279,,onehot,linear_svc,,ExtraTreesClassifier(random_state=0),1,0.9795918367346939,,,No using One Hot,0.07667660713195801,0.004483699798583984
algerian_forest_fires_46279,,onehot,linear_svc,,ExtraTreesClassifier(random_state=0),2,0.9591836734693877,,,No using One Hot,0.0771169662475586,0.004520416259765625
algerian_forest_fires_46279,,onehot,linear_svc,,ExtraTreesClassifier(random_state=0),3,0.9791666666666666,,,No using One Hot,0.07689952850341797,0.004402875900268555
algerian_forest_fires_46279,,onehot,linear_svc,,ExtraTreesClassifier(random_state=0),4,0.9791666666666666,,,No using One Hot,0.07653307914733887,0.004517316818237305
algerian_forest_fires_46279,,onehot,kernel_pca,,ExtraTreesClassifier(random_state=0),0,0.9591836734693877,,,No using One Hot,0.10197782516479492,0.005064964294433594
algerian_forest_fires_46279,,onehot,kernel_pca,,ExtraTreesClassifier(random_state=0),1,0.9795918367346939,,,No using One Hot,0.10241484642028809,0.005102872848510742
algerian_forest_fires_46279,,onehot,kernel_pca,,ExtraTreesClassifier(random_state=0),2,0.8979591836734694,,,No using One Hot,0.10398745536804199,0.005355119705200195
algerian_forest_fires_46279,,onehot,kernel_pca,,ExtraTreesClassifier(random_state=0),3,0.9166666666666666,,,No using One Hot,0.1011805534362793,0.004992246627807617
algerian_forest_fires_46279,,onehot,kernel_pca,,ExtraTreesClassifier(random_state=0),4,0.8958333333333334,,,No using One Hot,0.10294747352600098,0.0050084590911865234
algerian_forest_fires_46279,,onehot,,standard,ExtraTreesClassifier(random_state=0),0,0.9591836734693877,,,No using One Hot,0.07853507995605469,0.00451350212097168
algerian_forest_fires_46279,,onehot,,standard,ExtraTreesClassifier(random_state=0),1,0.9795918367346939,,,No using One Hot,0.07925724983215332,0.004632711410522461
algerian_forest_fires_46279,,onehot,,standard,ExtraTreesClassifier(random_state=0),2,1.0,,,No using One Hot,0.07899212837219238,0.00452113151550293
algerian_forest_fires_46279,,onehot,,standard,ExtraTreesClassifier(random_state=0),3,0.9791666666666666,,,No using One Hot,0.0792238712310791,0.0046231746673583984
algerian_forest_fires_46279,,onehot,,standard,ExtraTreesClassifier(random_state=0),4,0.9583333333333334,,,No using One Hot,0.08454251289367676,0.004490852355957031
algerian_forest_fires_46279,,onehot,pca,standard,ExtraTreesClassifier(random_state=0),0,0.9183673469387755,,,No using One Hot,0.08298134803771973,0.004759550094604492
algerian_forest_fires_46279,,onehot,pca,standard,ExtraTreesClassifier(random_state=0),1,0.9795918367346939,,,No using One Hot,0.08335375785827637,0.004730939865112305
algerian_forest_fires_46279,,onehot,pca,standard,ExtraTreesClassifier(random_state=0),2,0.8775510204081632,,,No using One Hot,0.08278203010559082,0.004684925079345703
algerian_forest_fires_46279,,onehot,pca,standard,ExtraTreesClassifier(random_state=0),3,0.9166666666666666,,,No using One Hot,0.08725690841674805,0.004739284515380859
algerian_forest_fires_46279,,onehot,pca,standard,ExtraTreesClassifier(random_state=0),4,0.9166666666666666,,,No using One Hot,0.0827796459197998,0.0046498775482177734
algerian_forest_fires_46279,,onehot,fastica,standard,ExtraTreesClassifier(random_state=0),0,0.7551020408163265,,,No using One Hot,0.08586382865905762,0.0046803951263427734
algerian_forest_fires_46279,,onehot,fastica,standard,ExtraTreesClassifier(random_state=0),1,0.5510204081632653,,,No using One Hot,0.08680415153503418,0.005033969879150391
algerian_forest_fires_46279,,onehot,fastica,standard,ExtraTreesClassifier(random_state=0),2,0.8775510204081632,,,No using One Hot,0.08586883544921875,0.004871845245361328
algerian_forest_fires_46279,,onehot,fastica,standard,ExtraTreesClassifier(random_state=0),3,0.9583333333333334,,,No using One Hot,0.08434605598449707,0.004709482192993164
algerian_forest_fires_46279,,onehot,fastica,standard,ExtraTreesClassifier(random_state=0),4,0.8125,,,No using One Hot,0.08539414405822754,0.004807710647583008
algerian_forest_fires_46279,,onehot,truncated_svd,standard,ExtraTreesClassifier(random_state=0),0,0.7959183673469388,,,No using One Hot,0.08011031150817871,0.004799365997314453
algerian_forest_fires_46279,,onehot,truncated_svd,standard,ExtraTreesClassifier(random_state=0),1,0.8367346938775511,,,No using One Hot,0.08040714263916016,0.004800081253051758
algerian_forest_fires_46279,,onehot,truncated_svd,standard,ExtraTreesClassifier(random_state=0),2,0.8367346938775511,,,No using One Hot,0.08041167259216309,0.004714012145996094
algerian_forest_fires_46279,,onehot,truncated_svd,standard,ExtraTreesClassifier(random_state=0),3,0.875,,,No using One Hot,0.08097434043884277,0.0048143863677978516
algerian_forest_fires_46279,,onehot,truncated_svd,standard,ExtraTreesClassifier(random_state=0),4,0.8958333333333334,,,No using One Hot,0.08135223388671875,0.0049571990966796875
algerian_forest_fires_46279,,onehot,select_percentile,standard,ExtraTreesClassifier(random_state=0),0,0.9795918367346939,,,No using One Hot,0.07747960090637207,0.0047495365142822266
algerian_forest_fires_46279,,onehot,select_percentile,standard,ExtraTreesClassifier(random_state=0),1,0.9795918367346939,,,No using One Hot,0.07726049423217773,0.004797220230102539
algerian_forest_fires_46279,,onehot,select_percentile,standard,ExtraTreesClassifier(random_state=0),2,1.0,,,No using One Hot,0.07750391960144043,0.004763603210449219
algerian_forest_fires_46279,,onehot,select_percentile,standard,ExtraTreesClassifier(random_state=0),3,0.9791666666666666,,,No using One Hot,0.07691168785095215,0.004625558853149414
algerian_forest_fires_46279,,onehot,select_percentile,standard,ExtraTreesClassifier(random_state=0),4,0.9583333333333334,,,No using One Hot,0.07681536674499512,0.004551410675048828
algerian_forest_fires_46279,,onehot,generic_univariate,standard,ExtraTreesClassifier(random_state=0),0,1.0,,,No using One Hot,0.07663822174072266,0.004515171051025391
algerian_forest_fires_46279,,onehot,generic_univariate,standard,ExtraTreesClassifier(random_state=0),1,1.0,,,No using One Hot,0.0764467716217041,0.00447392463684082
algerian_forest_fires_46279,,onehot,generic_univariate,standard,ExtraTreesClassifier(random_state=0),2,1.0,,,No using One Hot,0.07658100128173828,0.004542827606201172
algerian_forest_fires_46279,,onehot,generic_univariate,standard,ExtraTreesClassifier(random_state=0),3,0.9583333333333334,,,No using One Hot,0.0765528678894043,0.0044231414794921875
algerian_forest_fires_46279,,onehot,generic_univariate,standard,ExtraTreesClassifier(random_state=0),4,0.9791666666666666,,,No using One Hot,0.07636308670043945,0.004495382308959961
algerian_forest_fires_46279,,onehot,polynomial_features,standard,ExtraTreesClassifier(random_state=0),0,0.9591836734693877,,,No using One Hot,0.08273649215698242,0.004477977752685547
algerian_forest_fires_46279,,onehot,polynomial_features,standard,ExtraTreesClassifier(random_state=0),1,0.9795918367346939,,,No using One Hot,0.08298993110656738,0.0044786930084228516
algerian_forest_fires_46279,,onehot,polynomial_features,standard,ExtraTreesClassifier(random_state=0),2,0.9591836734693877,,,No using One Hot,0.08301806449890137,0.004503726959228516
algerian_forest_fires_46279,,onehot,polynomial_features,standard,ExtraTreesClassifier(random_state=0),3,0.9791666666666666,,,No using One Hot,0.08595705032348633,0.004665851593017578
algerian_forest_fires_46279,,onehot,polynomial_features,standard,ExtraTreesClassifier(random_state=0),4,0.9583333333333334,,,No using One Hot,0.08449172973632812,0.0046427249908447266
algerian_forest_fires_46279,,onehot,nystroem,standard,ExtraTreesClassifier(random_state=0),0,0.8571428571428571,,,No using One Hot,0.1052999496459961,0.0046045780181884766
algerian_forest_fires_46279,,onehot,nystroem,standard,ExtraTreesClassifier(random_state=0),1,0.9591836734693877,,,No using One Hot,0.10813689231872559,0.004941701889038086
algerian_forest_fires_46279,,onehot,nystroem,standard,ExtraTreesClassifier(random_state=0),2,0.8979591836734694,,,No using One Hot,0.10356807708740234,0.004679203033447266
algerian_forest_fires_46279,,onehot,nystroem,standard,ExtraTreesClassifier(random_state=0),3,0.9583333333333334,,,No using One Hot,0.10602068901062012,0.004598379135131836
algerian_forest_fires_46279,,onehot,nystroem,standard,ExtraTreesClassifier(random_state=0),4,0.9583333333333334,,,No using One Hot,0.10566973686218262,0.004922151565551758
algerian_forest_fires_46279,,onehot,rbf_sampler,standard,ExtraTreesClassifier(random_state=0),0,0.5918367346938775,,,No using One Hot,0.09737873077392578,0.004702091217041016
algerian_forest_fires_46279,,onehot,rbf_sampler,standard,ExtraTreesClassifier(random_state=0),1,0.7346938775510204,,,No using One Hot,0.0972285270690918,0.004767417907714844
algerian_forest_fires_46279,,onehot,rbf_sampler,standard,ExtraTreesClassifier(random_state=0),2,0.7346938775510204,,,No using One Hot,0.09643912315368652,0.00471186637878418
algerian_forest_fires_46279,,onehot,rbf_sampler,standard,ExtraTreesClassifier(random_state=0),3,0.7291666666666666,,,No using One Hot,0.09527111053466797,0.004616260528564453
algerian_forest_fires_46279,,onehot,rbf_sampler,standard,ExtraTreesClassifier(random_state=0),4,0.7083333333333334,,,No using One Hot,0.0965876579284668,0.004572629928588867
algerian_forest_fires_46279,,onehot,random_trees_embedding,standard,ExtraTreesClassifier(random_state=0),0,0.9795918367346939,,,No using One Hot,0.09976911544799805,0.005194664001464844
algerian_forest_fires_46279,,onehot,random_trees_embedding,standard,ExtraTreesClassifier(random_state=0),1,0.9591836734693877,,,No using One Hot,0.10039353370666504,0.005314350128173828
algerian_forest_fires_46279,,onehot,random_trees_embedding,standard,ExtraTreesClassifier(random_state=0),2,0.9795918367346939,,,No using One Hot,0.10212230682373047,0.0060045719146728516
algerian_forest_fires_46279,,onehot,random_trees_embedding,standard,ExtraTreesClassifier(random_state=0),3,0.9583333333333334,,,No using One Hot,0.10121417045593262,0.005297422409057617
algerian_forest_fires_46279,,onehot,random_trees_embedding,standard,ExtraTreesClassifier(random_state=0),4,0.9583333333333334,,,No using One Hot,0.1002664566040039,0.0052738189697265625
algerian_forest_fires_46279,,onehot,feature_agglomeration,standard,ExtraTreesClassifier(random_state=0),0,0.7959183673469388,,,No using One Hot,0.08012843132019043,0.0046541690826416016
algerian_forest_fires_46279,,onehot,feature_agglomeration,standard,ExtraTreesClassifier(random_state=0),1,0.7959183673469388,,,No using One Hot,0.0819246768951416,0.004878520965576172
algerian_forest_fires_46279,,onehot,feature_agglomeration,standard,ExtraTreesClassifier(random_state=0),2,0.8775510204081632,,,No using One Hot,0.07970428466796875,0.0047762393951416016
algerian_forest_fires_46279,,onehot,feature_agglomeration,standard,ExtraTreesClassifier(random_state=0),3,0.9375,,,No using One Hot,0.08038520812988281,0.004553794860839844
algerian_forest_fires_46279,,onehot,feature_agglomeration,standard,ExtraTreesClassifier(random_state=0),4,0.9166666666666666,,,No using One Hot,0.08040690422058105,0.0045833587646484375
algerian_forest_fires_46279,,onehot,extra_tree,standard,ExtraTreesClassifier(random_state=0),0,0.9591836734693877,,,No using One Hot,0.07785725593566895,0.004679203033447266
algerian_forest_fires_46279,,onehot,extra_tree,standard,ExtraTreesClassifier(random_state=0),1,0.9795918367346939,,,No using One Hot,0.07738876342773438,0.004628419876098633
algerian_forest_fires_46279,,onehot,extra_tree,standard,ExtraTreesClassifier(random_state=0),2,1.0,,,No using One Hot,0.07718658447265625,0.004469394683837891
algerian_forest_fires_46279,,onehot,extra_tree,standard,ExtraTreesClassifier(random_state=0),3,0.9583333333333334,,,No using One Hot,0.07721400260925293,0.0045490264892578125
algerian_forest_fires_46279,,onehot,extra_tree,standard,ExtraTreesClassifier(random_state=0),4,0.9791666666666666,,,No using One Hot,0.07659697532653809,0.004532575607299805
algerian_forest_fires_46279,,onehot,linear_svc,standard,ExtraTreesClassifier(random_state=0),0,0.9795918367346939,,,No using One Hot,0.07711052894592285,0.004586696624755859
algerian_forest_fires_46279,,onehot,linear_svc,standard,ExtraTreesClassifier(random_state=0),1,0.9795918367346939,,,No using One Hot,0.07742810249328613,0.004439353942871094
algerian_forest_fires_46279,,onehot,linear_svc,standard,ExtraTreesClassifier(random_state=0),2,0.9795918367346939,,,No using One Hot,0.07699847221374512,0.004560232162475586
algerian_forest_fires_46279,,onehot,linear_svc,standard,ExtraTreesClassifier(random_state=0),3,0.9583333333333334,,,No using One Hot,0.07753348350524902,0.004446744918823242
algerian_forest_fires_46279,,onehot,linear_svc,standard,ExtraTreesClassifier(random_state=0),4,0.9791666666666666,,,No using One Hot,0.07739472389221191,0.004521846771240234
algerian_forest_fires_46279,,onehot,kernel_pca,standard,ExtraTreesClassifier(random_state=0),0,0.9591836734693877,,,No using One Hot,0.10307884216308594,0.005096912384033203
algerian_forest_fires_46279,,onehot,kernel_pca,standard,ExtraTreesClassifier(random_state=0),1,0.9795918367346939,,,No using One Hot,0.10459280014038086,0.005101680755615234
algerian_forest_fires_46279,,onehot,kernel_pca,standard,ExtraTreesClassifier(random_state=0),2,0.8775510204081632,,,No using One Hot,0.10123181343078613,0.0051326751708984375
algerian_forest_fires_46279,,onehot,kernel_pca,standard,ExtraTreesClassifier(random_state=0),3,0.9375,,,No using One Hot,0.10396528244018555,0.004990816116333008
algerian_forest_fires_46279,,onehot,kernel_pca,standard,ExtraTreesClassifier(random_state=0),4,0.9166666666666666,,,No using One Hot,0.10238409042358398,0.0051708221435546875
algerian_forest_fires_46279,,onehot,,minmax,ExtraTreesClassifier(random_state=0),0,0.9591836734693877,,,No using One Hot,0.07973122596740723,0.004807233810424805
algerian_forest_fires_46279,,onehot,,minmax,ExtraTreesClassifier(random_state=0),1,0.9795918367346939,,,No using One Hot,0.08018732070922852,0.0045318603515625
algerian_forest_fires_46279,,onehot,,minmax,ExtraTreesClassifier(random_state=0),2,1.0,,,No using One Hot,0.07934856414794922,0.004634380340576172
algerian_forest_fires_46279,,onehot,,minmax,ExtraTreesClassifier(random_state=0),3,0.9791666666666666,,,No using One Hot,0.07889389991760254,0.004502534866333008
algerian_forest_fires_46279,,onehot,,minmax,ExtraTreesClassifier(random_state=0),4,0.9583333333333334,,,No using One Hot,0.0786898136138916,0.004549980163574219
algerian_forest_fires_46279,,onehot,pca,minmax,ExtraTreesClassifier(random_state=0),0,0.9183673469387755,,,No using One Hot,0.08190011978149414,0.00459742546081543
algerian_forest_fires_46279,,onehot,pca,minmax,ExtraTreesClassifier(random_state=0),1,0.9795918367346939,,,No using One Hot,0.08270072937011719,0.004741191864013672
algerian_forest_fires_46279,,onehot,pca,minmax,ExtraTreesClassifier(random_state=0),2,0.8979591836734694,,,No using One Hot,0.08199071884155273,0.004639387130737305
algerian_forest_fires_46279,,onehot,pca,minmax,ExtraTreesClassifier(random_state=0),3,0.9375,,,No using One Hot,0.08236026763916016,0.0047266483306884766
algerian_forest_fires_46279,,onehot,pca,minmax,ExtraTreesClassifier(random_state=0),4,0.8958333333333334,,,No using One Hot,0.08263468742370605,0.00464940071105957
algerian_forest_fires_46279,,onehot,fastica,minmax,ExtraTreesClassifier(random_state=0),0,0.7959183673469388,,,No using One Hot,0.08576250076293945,0.004646778106689453
algerian_forest_fires_46279,,onehot,fastica,minmax,ExtraTreesClassifier(random_state=0),1,0.8163265306122449,,,No using One Hot,0.08402705192565918,0.004721164703369141
algerian_forest_fires_46279,,onehot,fastica,minmax,ExtraTreesClassifier(random_state=0),2,0.7551020408163265,,,No using One Hot,0.08521127700805664,0.004810810089111328
algerian_forest_fires_46279,,onehot,fastica,minmax,ExtraTreesClassifier(random_state=0),3,0.9166666666666666,,,No using One Hot,0.08463120460510254,0.004746675491333008
algerian_forest_fires_46279,,onehot,fastica,minmax,ExtraTreesClassifier(random_state=0),4,0.8125,,,No using One Hot,0.08486056327819824,0.004724979400634766
algerian_forest_fires_46279,,onehot,truncated_svd,minmax,ExtraTreesClassifier(random_state=0),0,0.8367346938775511,,,No using One Hot,0.0810234546661377,0.004598140716552734
algerian_forest_fires_46279,,onehot,truncated_svd,minmax,ExtraTreesClassifier(random_state=0),1,0.8367346938775511,,,No using One Hot,0.08056926727294922,0.0046234130859375
algerian_forest_fires_46279,,onehot,truncated_svd,minmax,ExtraTreesClassifier(random_state=0),2,0.8163265306122449,,,No using One Hot,0.07981204986572266,0.004596710205078125
algerian_forest_fires_46279,,onehot,truncated_svd,minmax,ExtraTreesClassifier(random_state=0),3,0.9166666666666666,,,No using One Hot,0.07918810844421387,0.004711151123046875
algerian_forest_fires_46279,,onehot,truncated_svd,minmax,ExtraTreesClassifier(random_state=0),4,0.8541666666666666,,,No using One Hot,0.07932376861572266,0.004614830017089844
algerian_forest_fires_46279,,onehot,select_percentile,minmax,ExtraTreesClassifier(random_state=0),0,0.9795918367346939,,,No using One Hot,0.07692933082580566,0.004546642303466797
algerian_forest_fires_46279,,onehot,select_percentile,minmax,ExtraTreesClassifier(random_state=0),1,0.9795918367346939,,,No using One Hot,0.07730412483215332,0.004510641098022461
algerian_forest_fires_46279,,onehot,select_percentile,minmax,ExtraTreesClassifier(random_state=0),2,1.0,,,No using One Hot,0.07679939270019531,0.0043964385986328125
algerian_forest_fires_46279,,onehot,select_percentile,minmax,ExtraTreesClassifier(random_state=0),3,0.9791666666666666,,,No using One Hot,0.07582664489746094,0.0044896602630615234
algerian_forest_fires_46279,,onehot,select_percentile,minmax,ExtraTreesClassifier(random_state=0),4,0.9583333333333334,,,No using One Hot,0.0760197639465332,0.004481315612792969
algerian_forest_fires_46279,,onehot,generic_univariate,minmax,ExtraTreesClassifier(random_state=0),0,1.0,,,No using One Hot,0.07664942741394043,0.004668712615966797
algerian_forest_fires_46279,,onehot,generic_univariate,minmax,ExtraTreesClassifier(random_state=0),1,1.0,,,No using One Hot,0.07669806480407715,0.004401445388793945
algerian_forest_fires_46279,,onehot,generic_univariate,minmax,ExtraTreesClassifier(random_state=0),2,1.0,,,No using One Hot,0.07638430595397949,0.0044307708740234375
algerian_forest_fires_46279,,onehot,generic_univariate,minmax,ExtraTreesClassifier(random_state=0),3,0.9583333333333334,,,No using One Hot,0.0782163143157959,0.004507303237915039
algerian_forest_fires_46279,,onehot,generic_univariate,minmax,ExtraTreesClassifier(random_state=0),4,0.9791666666666666,,,No using One Hot,0.07857966423034668,0.004451751708984375
algerian_forest_fires_46279,,onehot,polynomial_features,minmax,ExtraTreesClassifier(random_state=0),0,0.9591836734693877,,,No using One Hot,0.08167171478271484,0.0045223236083984375
algerian_forest_fires_46279,,onehot,polynomial_features,minmax,ExtraTreesClassifier(random_state=0),1,0.9795918367346939,,,No using One Hot,0.08138871192932129,0.0045130252838134766
algerian_forest_fires_46279,,onehot,polynomial_features,minmax,ExtraTreesClassifier(random_state=0),2,1.0,,,No using One Hot,0.0811619758605957,0.004575490951538086
algerian_forest_fires_46279,,onehot,polynomial_features,minmax,ExtraTreesClassifier(random_state=0),3,0.9791666666666666,,,No using One Hot,0.08233857154846191,0.004447460174560547
algerian_forest_fires_46279,,onehot,polynomial_features,minmax,ExtraTreesClassifier(random_state=0),4,0.9583333333333334,,,No using One Hot,0.08133435249328613,0.0044460296630859375
algerian_forest_fires_46279,,onehot,nystroem,minmax,ExtraTreesClassifier(random_state=0),0,0.9183673469387755,,,No using One Hot,0.1051187515258789,0.004987239837646484
algerian_forest_fires_46279,,onehot,nystroem,minmax,ExtraTreesClassifier(random_state=0),1,0.9387755102040817,,,No using One Hot,0.10454130172729492,0.004931449890136719
algerian_forest_fires_46279,,onehot,nystroem,minmax,ExtraTreesClassifier(random_state=0),2,0.9183673469387755,,,No using One Hot,0.10567045211791992,0.004878044128417969
algerian_forest_fires_46279,,onehot,nystroem,minmax,ExtraTreesClassifier(random_state=0),3,0.9791666666666666,,,No using One Hot,0.10751152038574219,0.004965066909790039
algerian_forest_fires_46279,,onehot,nystroem,minmax,ExtraTreesClassifier(random_state=0),4,0.8958333333333334,,,No using One Hot,0.10795879364013672,0.005009651184082031
algerian_forest_fires_46279,,onehot,rbf_sampler,minmax,ExtraTreesClassifier(random_state=0),0,0.9591836734693877,,,No using One Hot,0.08691143989562988,0.004487514495849609
algerian_forest_fires_46279,,onehot,rbf_sampler,minmax,ExtraTreesClassifier(random_state=0),1,0.9591836734693877,,,No using One Hot,0.08848953247070312,0.0044727325439453125
algerian_forest_fires_46279,,onehot,rbf_sampler,minmax,ExtraTreesClassifier(random_state=0),2,0.8979591836734694,,,No using One Hot,0.0855112075805664,0.004448890686035156
algerian_forest_fires_46279,,onehot,rbf_sampler,minmax,ExtraTreesClassifier(random_state=0),3,0.9791666666666666,,,No using One Hot,0.08732342720031738,0.0044591426849365234
algerian_forest_fires_46279,,onehot,rbf_sampler,minmax,ExtraTreesClassifier(random_state=0),4,0.9166666666666666,,,No using One Hot,0.09277176856994629,0.004574775695800781
algerian_forest_fires_46279,,onehot,random_trees_embedding,minmax,ExtraTreesClassifier(random_state=0),0,0.9795918367346939,,,No using One Hot,0.10002756118774414,0.005339860916137695
algerian_forest_fires_46279,,onehot,random_trees_embedding,minmax,ExtraTreesClassifier(random_state=0),1,0.9591836734693877,,,No using One Hot,0.10181021690368652,0.005484342575073242
algerian_forest_fires_46279,,onehot,random_trees_embedding,minmax,ExtraTreesClassifier(random_state=0),2,0.9795918367346939,,,No using One Hot,0.10075902938842773,0.005337953567504883
algerian_forest_fires_46279,,onehot,random_trees_embedding,minmax,ExtraTreesClassifier(random_state=0),3,0.9583333333333334,,,No using One Hot,0.10199761390686035,0.005280494689941406
algerian_forest_fires_46279,,onehot,random_trees_embedding,minmax,ExtraTreesClassifier(random_state=0),4,0.9583333333333334,,,No using One Hot,0.09822726249694824,0.005240440368652344
algerian_forest_fires_46279,,onehot,feature_agglomeration,minmax,ExtraTreesClassifier(random_state=0),0,0.8979591836734694,,,No using One Hot,0.0787649154663086,0.004559040069580078
algerian_forest_fires_46279,,onehot,feature_agglomeration,minmax,ExtraTreesClassifier(random_state=0),1,0.8775510204081632,,,No using One Hot,0.07904911041259766,0.004686117172241211
algerian_forest_fires_46279,,onehot,feature_agglomeration,minmax,ExtraTreesClassifier(random_state=0),2,0.8571428571428571,,,No using One Hot,0.07930374145507812,0.004616975784301758
algerian_forest_fires_46279,,onehot,feature_agglomeration,minmax,ExtraTreesClassifier(random_state=0),3,0.8541666666666666,,,No using One Hot,0.07961750030517578,0.004642963409423828
algerian_forest_fires_46279,,onehot,feature_agglomeration,minmax,ExtraTreesClassifier(random_state=0),4,0.8958333333333334,,,No using One Hot,0.0790107250213623,0.004602670669555664
algerian_forest_fires_46279,,onehot,extra_tree,minmax,ExtraTreesClassifier(random_state=0),0,0.9591836734693877,,,No using One Hot,0.07738304138183594,0.004402637481689453
algerian_forest_fires_46279,,onehot,extra_tree,minmax,ExtraTreesClassifier(random_state=0),1,0.9795918367346939,,,No using One Hot,0.07657265663146973,0.004376888275146484
algerian_forest_fires_46279,,onehot,extra_tree,minmax,ExtraTreesClassifier(random_state=0),2,1.0,,,No using One Hot,0.07670783996582031,0.00453948974609375
algerian_forest_fires_46279,,onehot,extra_tree,minmax,ExtraTreesClassifier(random_state=0),3,0.9583333333333334,,,No using One Hot,0.07685136795043945,0.00442194938659668
algerian_forest_fires_46279,,onehot,extra_tree,minmax,ExtraTreesClassifier(random_state=0),4,0.9791666666666666,,,No using One Hot,0.0803365707397461,0.005024909973144531
algerian_forest_fires_46279,,onehot,linear_svc,minmax,ExtraTreesClassifier(random_state=0),0,0.9795918367346939,,,No using One Hot,0.0769052505493164,0.004532575607299805
algerian_forest_fires_46279,,onehot,linear_svc,minmax,ExtraTreesClassifier(random_state=0),1,0.9795918367346939,,,No using One Hot,0.07700896263122559,0.004540920257568359
algerian_forest_fires_46279,,onehot,linear_svc,minmax,ExtraTreesClassifier(random_state=0),2,0.9591836734693877,,,No using One Hot,0.07720470428466797,0.004463911056518555
algerian_forest_fires_46279,,onehot,linear_svc,minmax,ExtraTreesClassifier(random_state=0),3,0.9583333333333334,,,No using One Hot,0.07682251930236816,0.0045948028564453125
algerian_forest_fires_46279,,onehot,linear_svc,minmax,ExtraTreesClassifier(random_state=0),4,0.9791666666666666,,,No using One Hot,0.07709646224975586,0.004427433013916016
algerian_forest_fires_46279,,onehot,kernel_pca,minmax,ExtraTreesClassifier(random_state=0),0,0.9387755102040817,,,No using One Hot,0.10233426094055176,0.005018472671508789
algerian_forest_fires_46279,,onehot,kernel_pca,minmax,ExtraTreesClassifier(random_state=0),1,0.9591836734693877,,,No using One Hot,0.10314774513244629,0.005180835723876953
algerian_forest_fires_46279,,onehot,kernel_pca,minmax,ExtraTreesClassifier(random_state=0),2,0.8979591836734694,,,No using One Hot,0.10257577896118164,0.005019426345825195
algerian_forest_fires_46279,,onehot,kernel_pca,minmax,ExtraTreesClassifier(random_state=0),3,0.9375,,,No using One Hot,0.1052405834197998,0.0050051212310791016
algerian_forest_fires_46279,,onehot,kernel_pca,minmax,ExtraTreesClassifier(random_state=0),4,0.9375,,,No using One Hot,0.09604072570800781,0.0046579837799072266
algerian_forest_fires_46279,,onehot,,robust,ExtraTreesClassifier(random_state=0),0,0.9591836734693877,,,No using One Hot,0.08074545860290527,0.004542112350463867
algerian_forest_fires_46279,,onehot,,robust,ExtraTreesClassifier(random_state=0),1,0.9795918367346939,,,No using One Hot,0.08109164237976074,0.004511117935180664
algerian_forest_fires_46279,,onehot,,robust,ExtraTreesClassifier(random_state=0),2,1.0,,,No using One Hot,0.0809776782989502,0.004449605941772461
algerian_forest_fires_46279,,onehot,,robust,ExtraTreesClassifier(random_state=0),3,0.9791666666666666,,,No using One Hot,0.08387041091918945,0.004870414733886719
algerian_forest_fires_46279,,onehot,,robust,ExtraTreesClassifier(random_state=0),4,0.9583333333333334,,,No using One Hot,0.07974839210510254,0.004530191421508789
algerian_forest_fires_46279,,onehot,pca,robust,ExtraTreesClassifier(random_state=0),0,0.8979591836734694,,,No using One Hot,0.08341574668884277,0.004770994186401367
algerian_forest_fires_46279,,onehot,pca,robust,ExtraTreesClassifier(random_state=0),1,0.9795918367346939,,,No using One Hot,0.08310723304748535,0.004804372787475586
algerian_forest_fires_46279,,onehot,pca,robust,ExtraTreesClassifier(random_state=0),2,0.8979591836734694,,,No using One Hot,0.08325338363647461,0.004744529724121094
algerian_forest_fires_46279,,onehot,pca,robust,ExtraTreesClassifier(random_state=0),3,0.9166666666666666,,,No using One Hot,0.0831148624420166,0.004668474197387695
algerian_forest_fires_46279,,onehot,pca,robust,ExtraTreesClassifier(random_state=0),4,0.9375,,,No using One Hot,0.0820014476776123,0.004529476165771484
algerian_forest_fires_46279,,onehot,fastica,robust,ExtraTreesClassifier(random_state=0),0,0.8367346938775511,,,No using One Hot,0.08353281021118164,0.0047283172607421875
algerian_forest_fires_46279,,onehot,fastica,robust,ExtraTreesClassifier(random_state=0),1,0.6938775510204082,,,No using One Hot,0.08605384826660156,0.00458216667175293
algerian_forest_fires_46279,,onehot,fastica,robust,ExtraTreesClassifier(random_state=0),2,0.5306122448979592,,,No using One Hot,0.08620643615722656,0.004738330841064453
algerian_forest_fires_46279,,onehot,fastica,robust,ExtraTreesClassifier(random_state=0),3,0.8958333333333334,,,No using One Hot,0.08254337310791016,0.004580259323120117
algerian_forest_fires_46279,,onehot,fastica,robust,ExtraTreesClassifier(random_state=0),4,0.8125,,,No using One Hot,0.08346104621887207,0.004669904708862305
algerian_forest_fires_46279,,onehot,truncated_svd,robust,ExtraTreesClassifier(random_state=0),0,0.8571428571428571,,,No using One Hot,0.07768464088439941,0.004511594772338867
algerian_forest_fires_46279,,onehot,truncated_svd,robust,ExtraTreesClassifier(random_state=0),1,0.9183673469387755,,,No using One Hot,0.07779407501220703,0.004550933837890625
algerian_forest_fires_46279,,onehot,truncated_svd,robust,ExtraTreesClassifier(random_state=0),2,0.8367346938775511,,,No using One Hot,0.08012223243713379,0.004956483840942383
algerian_forest_fires_46279,,onehot,truncated_svd,robust,ExtraTreesClassifier(random_state=0),3,0.9166666666666666,,,No using One Hot,0.08093810081481934,0.004700422286987305
algerian_forest_fires_46279,,onehot,truncated_svd,robust,ExtraTreesClassifier(random_state=0),4,0.9375,,,No using One Hot,0.0826103687286377,0.004659414291381836
algerian_forest_fires_46279,,onehot,select_percentile,robust,ExtraTreesClassifier(random_state=0),0,0.9795918367346939,,,No using One Hot,0.07940363883972168,0.0048029422760009766
algerian_forest_fires_46279,,onehot,select_percentile,robust,ExtraTreesClassifier(random_state=0),1,0.9795918367346939,,,No using One Hot,0.07866716384887695,0.004789113998413086
algerian_forest_fires_46279,,onehot,select_percentile,robust,ExtraTreesClassifier(random_state=0),2,1.0,,,No using One Hot,0.07946467399597168,0.004578828811645508
algerian_forest_fires_46279,,onehot,select_percentile,robust,ExtraTreesClassifier(random_state=0),3,0.9791666666666666,,,No using One Hot,0.07865166664123535,0.004488468170166016
algerian_forest_fires_46279,,onehot,select_percentile,robust,ExtraTreesClassifier(random_state=0),4,0.9583333333333334,,,No using One Hot,0.08050394058227539,0.00449824333190918
algerian_forest_fires_46279,,onehot,generic_univariate,robust,ExtraTreesClassifier(random_state=0),0,1.0,,,No using One Hot,0.07698321342468262,0.004499673843383789
algerian_forest_fires_46279,,onehot,generic_univariate,robust,ExtraTreesClassifier(random_state=0),1,1.0,,,No using One Hot,0.07653260231018066,0.0045015811920166016
algerian_forest_fires_46279,,onehot,generic_univariate,robust,ExtraTreesClassifier(random_state=0),2,1.0,,,No using One Hot,0.07702279090881348,0.004532814025878906
algerian_forest_fires_46279,,onehot,generic_univariate,robust,ExtraTreesClassifier(random_state=0),3,0.9583333333333334,,,No using One Hot,0.07686138153076172,0.00444340705871582
algerian_forest_fires_46279,,onehot,generic_univariate,robust,ExtraTreesClassifier(random_state=0),4,0.9791666666666666,,,No using One Hot,0.0774538516998291,0.004500389099121094
algerian_forest_fires_46279,,onehot,polynomial_features,robust,ExtraTreesClassifier(random_state=0),0,0.9591836734693877,,,No using One Hot,0.0844573974609375,0.004639625549316406
algerian_forest_fires_46279,,onehot,polynomial_features,robust,ExtraTreesClassifier(random_state=0),1,0.9795918367346939,,,No using One Hot,0.08462357521057129,0.004530668258666992
algerian_forest_fires_46279,,onehot,polynomial_features,robust,ExtraTreesClassifier(random_state=0),2,0.9795918367346939,,,No using One Hot,0.0842597484588623,0.004572629928588867
algerian_forest_fires_46279,,onehot,polynomial_features,robust,ExtraTreesClassifier(random_state=0),3,0.9375,,,No using One Hot,0.08477306365966797,0.004561424255371094
algerian_forest_fires_46279,,onehot,polynomial_features,robust,ExtraTreesClassifier(random_state=0),4,0.9791666666666666,,,No using One Hot,0.08426070213317871,0.004552602767944336
algerian_forest_fires_46279,,onehot,nystroem,robust,ExtraTreesClassifier(random_state=0),0,0.8367346938775511,,,No using One Hot,0.10434198379516602,0.0050656795501708984
algerian_forest_fires_46279,,onehot,nystroem,robust,ExtraTreesClassifier(random_state=0),1,0.9183673469387755,,,No using One Hot,0.10890555381774902,0.004735231399536133
algerian_forest_fires_46279,,onehot,nystroem,robust,ExtraTreesClassifier(random_state=0),2,0.8775510204081632,,,No using One Hot,0.10883212089538574,0.00497746467590332
algerian_forest_fires_46279,,onehot,nystroem,robust,ExtraTreesClassifier(random_state=0),3,0.9791666666666666,,,No using One Hot,0.11432766914367676,0.005064964294433594
algerian_forest_fires_46279,,onehot,nystroem,robust,ExtraTreesClassifier(random_state=0),4,0.9583333333333334,,,No using One Hot,0.13938164710998535,0.005219936370849609
algerian_forest_fires_46279,,onehot,rbf_sampler,robust,ExtraTreesClassifier(random_state=0),0,0.6938775510204082,,,No using One Hot,0.1059119701385498,0.004831075668334961
algerian_forest_fires_46279,,onehot,rbf_sampler,robust,ExtraTreesClassifier(random_state=0),1,0.7959183673469388,,,No using One Hot,0.10135626792907715,0.005177497863769531
algerian_forest_fires_46279,,onehot,rbf_sampler,robust,ExtraTreesClassifier(random_state=0),2,0.6938775510204082,,,No using One Hot,0.09707474708557129,0.004678964614868164
algerian_forest_fires_46279,,onehot,rbf_sampler,robust,ExtraTreesClassifier(random_state=0),3,0.8333333333333334,,,No using One Hot,0.10151338577270508,0.004733562469482422
algerian_forest_fires_46279,,onehot,rbf_sampler,robust,ExtraTreesClassifier(random_state=0),4,0.7291666666666666,,,No using One Hot,0.10157251358032227,0.004892587661743164
algerian_forest_fires_46279,,onehot,random_trees_embedding,robust,ExtraTreesClassifier(random_state=0),0,0.9795918367346939,,,No using One Hot,0.1020965576171875,0.005330562591552734
algerian_forest_fires_46279,,onehot,random_trees_embedding,robust,ExtraTreesClassifier(random_state=0),1,0.9591836734693877,,,No using One Hot,0.11031413078308105,0.005807638168334961
algerian_forest_fires_46279,,onehot,random_trees_embedding,robust,ExtraTreesClassifier(random_state=0),2,0.9795918367346939,,,No using One Hot,0.10306835174560547,0.005629301071166992
algerian_forest_fires_46279,,onehot,random_trees_embedding,robust,ExtraTreesClassifier(random_state=0),3,0.9583333333333334,,,No using One Hot,0.10493278503417969,0.005434513092041016
algerian_forest_fires_46279,,onehot,random_trees_embedding,robust,ExtraTreesClassifier(random_state=0),4,0.9583333333333334,,,No using One Hot,0.10317540168762207,0.005453824996948242
algerian_forest_fires_46279,,onehot,feature_agglomeration,robust,ExtraTreesClassifier(random_state=0),0,0.7959183673469388,,,No using One Hot,0.0807344913482666,0.004767179489135742
algerian_forest_fires_46279,,onehot,feature_agglomeration,robust,ExtraTreesClassifier(random_state=0),1,0.8367346938775511,,,No using One Hot,0.08188033103942871,0.004822254180908203
algerian_forest_fires_46279,,onehot,feature_agglomeration,robust,ExtraTreesClassifier(random_state=0),2,0.8775510204081632,,,No using One Hot,0.08045816421508789,0.004750967025756836
algerian_forest_fires_46279,,onehot,feature_agglomeration,robust,ExtraTreesClassifier(random_state=0),3,0.8541666666666666,,,No using One Hot,0.08031487464904785,0.0047321319580078125
algerian_forest_fires_46279,,onehot,feature_agglomeration,robust,ExtraTreesClassifier(random_state=0),4,0.8541666666666666,,,No using One Hot,0.08382511138916016,0.005060911178588867
algerian_forest_fires_46279,,onehot,extra_tree,robust,ExtraTreesClassifier(random_state=0),0,0.9591836734693877,,,No using One Hot,0.07801699638366699,0.004465579986572266
algerian_forest_fires_46279,,onehot,extra_tree,robust,ExtraTreesClassifier(random_state=0),1,0.9795918367346939,,,No using One Hot,0.07796740531921387,0.004538774490356445
algerian_forest_fires_46279,,onehot,extra_tree,robust,ExtraTreesClassifier(random_state=0),2,1.0,,,No using One Hot,0.0773930549621582,0.004661083221435547
algerian_forest_fires_46279,,onehot,extra_tree,robust,ExtraTreesClassifier(random_state=0),3,0.9583333333333334,,,No using One Hot,0.08102536201477051,0.005153656005859375
algerian_forest_fires_46279,,onehot,extra_tree,robust,ExtraTreesClassifier(random_state=0),4,0.9791666666666666,,,No using One Hot,0.07946443557739258,0.004614353179931641
algerian_forest_fires_46279,,onehot,linear_svc,robust,ExtraTreesClassifier(random_state=0),0,0.9591836734693877,,,No using One Hot,0.07993507385253906,0.004550933837890625
algerian_forest_fires_46279,,onehot,linear_svc,robust,ExtraTreesClassifier(random_state=0),1,0.9795918367346939,,,No using One Hot,0.08041167259216309,0.004527091979980469
algerian_forest_fires_46279,,onehot,linear_svc,robust,ExtraTreesClassifier(random_state=0),2,0.9795918367346939,,,No using One Hot,0.0802762508392334,0.004438638687133789
algerian_forest_fires_46279,,onehot,linear_svc,robust,ExtraTreesClassifier(random_state=0),3,0.9583333333333334,,,No using One Hot,0.07907629013061523,0.004431486129760742
algerian_forest_fires_46279,,onehot,linear_svc,robust,ExtraTreesClassifier(random_state=0),4,0.9791666666666666,,,No using One Hot,0.07823848724365234,0.004735469818115234
algerian_forest_fires_46279,,onehot,kernel_pca,robust,ExtraTreesClassifier(random_state=0),0,0.9183673469387755,,,No using One Hot,0.10380053520202637,0.005175352096557617
algerian_forest_fires_46279,,onehot,kernel_pca,robust,ExtraTreesClassifier(random_state=0),1,0.9795918367346939,,,No using One Hot,0.10471868515014648,0.005127906799316406
algerian_forest_fires_46279,,onehot,kernel_pca,robust,ExtraTreesClassifier(random_state=0),2,0.8979591836734694,,,No using One Hot,0.0920722484588623,0.004716634750366211
algerian_forest_fires_46279,,onehot,kernel_pca,robust,ExtraTreesClassifier(random_state=0),3,0.9166666666666666,,,No using One Hot,0.10055685043334961,0.004948616027832031
algerian_forest_fires_46279,,onehot,kernel_pca,robust,ExtraTreesClassifier(random_state=0),4,0.9375,,,No using One Hot,0.09910464286804199,0.004933595657348633
algerian_forest_fires_46279,,onehot,,normalizer,ExtraTreesClassifier(random_state=0),0,0.9591836734693877,,,No using One Hot,0.07784080505371094,0.004452705383300781
algerian_forest_fires_46279,,onehot,,normalizer,ExtraTreesClassifier(random_state=0),1,0.9795918367346939,,,No using One Hot,0.07814145088195801,0.0044574737548828125
algerian_forest_fires_46279,,onehot,,normalizer,ExtraTreesClassifier(random_state=0),2,0.9795918367346939,,,No using One Hot,0.07802891731262207,0.004376888275146484
algerian_forest_fires_46279,,onehot,,normalizer,ExtraTreesClassifier(random_state=0),3,0.9583333333333334,,,No using One Hot,0.07838582992553711,0.004409074783325195
algerian_forest_fires_46279,,onehot,,normalizer,ExtraTreesClassifier(random_state=0),4,0.9583333333333334,,,No using One Hot,0.07852435111999512,0.004404544830322266
algerian_forest_fires_46279,,onehot,pca,normalizer,ExtraTreesClassifier(random_state=0),0,0.9591836734693877,,,No using One Hot,0.08097982406616211,0.00459742546081543
algerian_forest_fires_46279,,onehot,pca,normalizer,ExtraTreesClassifier(random_state=0),1,0.9591836734693877,,,No using One Hot,0.08136534690856934,0.0045070648193359375
algerian_forest_fires_46279,,onehot,pca,normalizer,ExtraTreesClassifier(random_state=0),2,0.8979591836734694,,,No using One Hot,0.08053779602050781,0.00462651252746582
algerian_forest_fires_46279,,onehot,pca,normalizer,ExtraTreesClassifier(random_state=0),3,0.9375,,,No using One Hot,0.08082365989685059,0.004605293273925781
algerian_forest_fires_46279,,onehot,pca,normalizer,ExtraTreesClassifier(random_state=0),4,0.9583333333333334,,,No using One Hot,0.08098816871643066,0.004503488540649414
algerian_forest_fires_46279,,onehot,fastica,normalizer,ExtraTreesClassifier(random_state=0),0,0.9183673469387755,,,No using One Hot,0.08109283447265625,0.004576206207275391
algerian_forest_fires_46279,,onehot,fastica,normalizer,ExtraTreesClassifier(random_state=0),1,0.9591836734693877,,,No using One Hot,0.08114051818847656,0.004502058029174805
algerian_forest_fires_46279,,onehot,fastica,normalizer,ExtraTreesClassifier(random_state=0),2,0.8979591836734694,,,No using One Hot,0.08125662803649902,0.004613637924194336
algerian_forest_fires_46279,,onehot,fastica,normalizer,ExtraTreesClassifier(random_state=0),3,0.8958333333333334,,,No using One Hot,0.08258748054504395,0.004612922668457031
algerian_forest_fires_46279,,onehot,fastica,normalizer,ExtraTreesClassifier(random_state=0),4,0.9166666666666666,,,No using One Hot,0.08204007148742676,0.0046465396881103516
algerian_forest_fires_46279,,onehot,truncated_svd,normalizer,ExtraTreesClassifier(random_state=0),0,0.8163265306122449,,,No using One Hot,0.07803058624267578,0.0045986175537109375
algerian_forest_fires_46279,,onehot,truncated_svd,normalizer,ExtraTreesClassifier(random_state=0),1,0.7142857142857143,,,No using One Hot,0.0778348445892334,0.004678487777709961
algerian_forest_fires_46279,,onehot,truncated_svd,normalizer,ExtraTreesClassifier(random_state=0),2,0.7959183673469388,,,No using One Hot,0.07811236381530762,0.004627704620361328
algerian_forest_fires_46279,,onehot,truncated_svd,normalizer,ExtraTreesClassifier(random_state=0),3,0.8541666666666666,,,No using One Hot,0.07815885543823242,0.0046651363372802734
algerian_forest_fires_46279,,onehot,truncated_svd,normalizer,ExtraTreesClassifier(random_state=0),4,0.8541666666666666,,,No using One Hot,0.07801246643066406,0.004709959030151367
algerian_forest_fires_46279,,onehot,select_percentile,normalizer,ExtraTreesClassifier(random_state=0),0,0.9795918367346939,,,No using One Hot,0.07444310188293457,0.0043392181396484375
algerian_forest_fires_46279,,onehot,select_percentile,normalizer,ExtraTreesClassifier(random_state=0),1,0.9795918367346939,,,No using One Hot,0.07715463638305664,0.0047304630279541016
algerian_forest_fires_46279,,onehot,select_percentile,normalizer,ExtraTreesClassifier(random_state=0),2,0.9795918367346939,,,No using One Hot,0.07502341270446777,0.004412651062011719
algerian_forest_fires_46279,,onehot,select_percentile,normalizer,ExtraTreesClassifier(random_state=0),3,0.9791666666666666,,,No using One Hot,0.07469320297241211,0.004427433013916016
algerian_forest_fires_46279,,onehot,select_percentile,normalizer,ExtraTreesClassifier(random_state=0),4,0.9583333333333334,,,No using One Hot,0.07457256317138672,0.004412651062011719
algerian_forest_fires_46279,,onehot,generic_univariate,normalizer,ExtraTreesClassifier(random_state=0),0,0.9795918367346939,,,No using One Hot,0.07463693618774414,0.004405021667480469
algerian_forest_fires_46279,,onehot,generic_univariate,normalizer,ExtraTreesClassifier(random_state=0),1,1.0,,,No using One Hot,0.07439422607421875,0.004419088363647461
algerian_forest_fires_46279,,onehot,generic_univariate,normalizer,ExtraTreesClassifier(random_state=0),2,0.9591836734693877,,,No using One Hot,0.0743553638458252,0.00434422492980957
algerian_forest_fires_46279,,onehot,generic_univariate,normalizer,ExtraTreesClassifier(random_state=0),3,0.9375,,,No using One Hot,0.07415127754211426,0.004392862319946289
algerian_forest_fires_46279,,onehot,generic_univariate,normalizer,ExtraTreesClassifier(random_state=0),4,0.9583333333333334,,,No using One Hot,0.07425904273986816,0.004349470138549805
algerian_forest_fires_46279,,onehot,polynomial_features,normalizer,ExtraTreesClassifier(random_state=0),0,0.9591836734693877,,,No using One Hot,0.07877945899963379,0.004393577575683594
algerian_forest_fires_46279,,onehot,polynomial_features,normalizer,ExtraTreesClassifier(random_state=0),1,0.9795918367346939,,,No using One Hot,0.07941555976867676,0.0044481754302978516
algerian_forest_fires_46279,,onehot,polynomial_features,normalizer,ExtraTreesClassifier(random_state=0),2,1.0,,,No using One Hot,0.07987141609191895,0.004401683807373047
algerian_forest_fires_46279,,onehot,polynomial_features,normalizer,ExtraTreesClassifier(random_state=0),3,0.9583333333333334,,,No using One Hot,0.07979822158813477,0.004332304000854492
algerian_forest_fires_46279,,onehot,polynomial_features,normalizer,ExtraTreesClassifier(random_state=0),4,0.9583333333333334,,,No using One Hot,0.07967376708984375,0.004335165023803711
algerian_forest_fires_46279,,onehot,nystroem,normalizer,ExtraTreesClassifier(random_state=0),0,0.9387755102040817,,,No using One Hot,0.10251402854919434,0.0045223236083984375
algerian_forest_fires_46279,,onehot,nystroem,normalizer,ExtraTreesClassifier(random_state=0),1,0.9591836734693877,,,No using One Hot,0.10149765014648438,0.004572629928588867
algerian_forest_fires_46279,,onehot,nystroem,normalizer,ExtraTreesClassifier(random_state=0),2,0.8979591836734694,,,No using One Hot,0.09582304954528809,0.0045166015625
algerian_forest_fires_46279,,onehot,nystroem,normalizer,ExtraTreesClassifier(random_state=0),3,0.9583333333333334,,,No using One Hot,0.10312533378601074,0.0047838687896728516
algerian_forest_fires_46279,,onehot,nystroem,normalizer,ExtraTreesClassifier(random_state=0),4,0.9375,,,No using One Hot,0.09720087051391602,0.004656314849853516
algerian_forest_fires_46279,,onehot,rbf_sampler,normalizer,ExtraTreesClassifier(random_state=0),0,0.9387755102040817,,,No using One Hot,0.08576154708862305,0.004708528518676758
algerian_forest_fires_46279,,onehot,rbf_sampler,normalizer,ExtraTreesClassifier(random_state=0),1,0.9591836734693877,,,No using One Hot,0.08535146713256836,0.004587411880493164
algerian_forest_fires_46279,,onehot,rbf_sampler,normalizer,ExtraTreesClassifier(random_state=0),2,0.9591836734693877,,,No using One Hot,0.08496761322021484,0.0044667720794677734
algerian_forest_fires_46279,,onehot,rbf_sampler,normalizer,ExtraTreesClassifier(random_state=0),3,0.9583333333333334,,,No using One Hot,0.08462762832641602,0.004439353942871094
algerian_forest_fires_46279,,onehot,rbf_sampler,normalizer,ExtraTreesClassifier(random_state=0),4,0.9583333333333334,,,No using One Hot,0.08523249626159668,0.004408597946166992
algerian_forest_fires_46279,,onehot,random_trees_embedding,normalizer,ExtraTreesClassifier(random_state=0),0,0.9387755102040817,,,No using One Hot,0.10188412666320801,0.005323886871337891
algerian_forest_fires_46279,,onehot,random_trees_embedding,normalizer,ExtraTreesClassifier(random_state=0),1,0.9591836734693877,,,No using One Hot,0.10208272933959961,0.005280733108520508
algerian_forest_fires_46279,,onehot,random_trees_embedding,normalizer,ExtraTreesClassifier(random_state=0),2,1.0,,,No using One Hot,0.10188841819763184,0.005239963531494141
algerian_forest_fires_46279,,onehot,random_trees_embedding,normalizer,ExtraTreesClassifier(random_state=0),3,0.9583333333333334,,,No using One Hot,0.10186958312988281,0.005301237106323242
algerian_forest_fires_46279,,onehot,random_trees_embedding,normalizer,ExtraTreesClassifier(random_state=0),4,0.9583333333333334,,,No using One Hot,0.10061144828796387,0.005269289016723633
algerian_forest_fires_46279,,onehot,feature_agglomeration,normalizer,ExtraTreesClassifier(random_state=0),0,0.8163265306122449,,,No using One Hot,0.08012604713439941,0.004732608795166016
algerian_forest_fires_46279,,onehot,feature_agglomeration,normalizer,ExtraTreesClassifier(random_state=0),1,0.8367346938775511,,,No using One Hot,0.08050799369812012,0.004740715026855469
algerian_forest_fires_46279,,onehot,feature_agglomeration,normalizer,ExtraTreesClassifier(random_state=0),2,0.8571428571428571,,,No using One Hot,0.0797119140625,0.004746437072753906
algerian_forest_fires_46279,,onehot,feature_agglomeration,normalizer,ExtraTreesClassifier(random_state=0),3,0.8333333333333334,,,No using One Hot,0.08117151260375977,0.00464177131652832
algerian_forest_fires_46279,,onehot,feature_agglomeration,normalizer,ExtraTreesClassifier(random_state=0),4,0.875,,,No using One Hot,0.08166766166687012,0.004790544509887695
algerian_forest_fires_46279,,onehot,extra_tree,normalizer,ExtraTreesClassifier(random_state=0),0,0.9591836734693877,,,No using One Hot,0.07702088356018066,0.00456690788269043
algerian_forest_fires_46279,,onehot,extra_tree,normalizer,ExtraTreesClassifier(random_state=0),1,0.9795918367346939,,,No using One Hot,0.07783102989196777,0.0045623779296875
algerian_forest_fires_46279,,onehot,extra_tree,normalizer,ExtraTreesClassifier(random_state=0),2,0.9795918367346939,,,No using One Hot,0.07770657539367676,0.004494190216064453
algerian_forest_fires_46279,,onehot,extra_tree,normalizer,ExtraTreesClassifier(random_state=0),3,0.9583333333333334,,,No using One Hot,0.0774381160736084,0.00445866584777832
algerian_forest_fires_46279,,onehot,extra_tree,normalizer,ExtraTreesClassifier(random_state=0),4,0.9583333333333334,,,No using One Hot,0.07791471481323242,0.004595518112182617
algerian_forest_fires_46279,,onehot,linear_svc,normalizer,ExtraTreesClassifier(random_state=0),0,0.9591836734693877,,,No using One Hot,0.07900118827819824,0.0045316219329833984
algerian_forest_fires_46279,,onehot,linear_svc,normalizer,ExtraTreesClassifier(random_state=0),1,0.9795918367346939,,,No using One Hot,0.07934260368347168,0.004580259323120117
algerian_forest_fires_46279,,onehot,linear_svc,normalizer,ExtraTreesClassifier(random_state=0),2,0.9795918367346939,,,No using One Hot,0.07825183868408203,0.004499673843383789
algerian_forest_fires_46279,,onehot,linear_svc,normalizer,ExtraTreesClassifier(random_state=0),3,0.9583333333333334,,,No using One Hot,0.07770395278930664,0.004892110824584961
algerian_forest_fires_46279,,onehot,linear_svc,normalizer,ExtraTreesClassifier(random_state=0),4,0.9583333333333334,,,No using One Hot,0.0788571834564209,0.004434823989868164
algerian_forest_fires_46279,,onehot,kernel_pca,normalizer,ExtraTreesClassifier(random_state=0),0,0.9387755102040817,,,No using One Hot,0.10373044013977051,0.005022287368774414
algerian_forest_fires_46279,,onehot,kernel_pca,normalizer,ExtraTreesClassifier(random_state=0),1,0.9591836734693877,,,No using One Hot,0.0843660831451416,0.00467228889465332
algerian_forest_fires_46279,,onehot,kernel_pca,normalizer,ExtraTreesClassifier(random_state=0),2,0.8979591836734694,,,No using One Hot,0.10279273986816406,0.005113124847412109
algerian_forest_fires_46279,,onehot,kernel_pca,normalizer,ExtraTreesClassifier(random_state=0),3,0.9166666666666666,,,No using One Hot,0.10177779197692871,0.005042552947998047
algerian_forest_fires_46279,,onehot,kernel_pca,normalizer,ExtraTreesClassifier(random_state=0),4,0.8958333333333334,,,No using One Hot,0.10354280471801758,0.005156755447387695
algerian_forest_fires_46279,,onehot,,power,ExtraTreesClassifier(random_state=0),0,0.9591836734693877,,,No using One Hot,0.07903480529785156,0.0045773983001708984
algerian_forest_fires_46279,,onehot,,power,ExtraTreesClassifier(random_state=0),1,0.9795918367346939,,,No using One Hot,0.0792844295501709,0.004546403884887695
algerian_forest_fires_46279,,onehot,,power,ExtraTreesClassifier(random_state=0),2,0.9795918367346939,,,No using One Hot,0.07888245582580566,0.004536628723144531
algerian_forest_fires_46279,,onehot,,power,ExtraTreesClassifier(random_state=0),3,0.9791666666666666,,,No using One Hot,0.07837605476379395,0.004446268081665039
algerian_forest_fires_46279,,onehot,,power,ExtraTreesClassifier(random_state=0),4,0.9583333333333334,,,No using One Hot,0.07870268821716309,0.004498481750488281
algerian_forest_fires_46279,,onehot,pca,power,ExtraTreesClassifier(random_state=0),0,0.9795918367346939,,,No using One Hot,0.08172082901000977,0.004631757736206055
algerian_forest_fires_46279,,onehot,pca,power,ExtraTreesClassifier(random_state=0),1,0.9591836734693877,,,No using One Hot,0.08245325088500977,0.004791975021362305
algerian_forest_fires_46279,,onehot,pca,power,ExtraTreesClassifier(random_state=0),2,0.9591836734693877,,,No using One Hot,0.08188390731811523,0.004679203033447266
algerian_forest_fires_46279,,onehot,pca,power,ExtraTreesClassifier(random_state=0),3,0.9583333333333334,,,No using One Hot,0.08197021484375,0.0046346187591552734
algerian_forest_fires_46279,,onehot,pca,power,ExtraTreesClassifier(random_state=0),4,0.9375,,,No using One Hot,0.0940253734588623,0.0046117305755615234
algerian_forest_fires_46279,,onehot,fastica,power,ExtraTreesClassifier(random_state=0),0,0.8775510204081632,,,No using One Hot,0.0856771469116211,0.0048024654388427734
algerian_forest_fires_46279,,onehot,fastica,power,ExtraTreesClassifier(random_state=0),1,0.9183673469387755,,,No using One Hot,0.08422708511352539,0.004660606384277344
algerian_forest_fires_46279,,onehot,fastica,power,ExtraTreesClassifier(random_state=0),2,0.7959183673469388,,,No using One Hot,0.0845937728881836,0.004734516143798828
algerian_forest_fires_46279,,onehot,fastica,power,ExtraTreesClassifier(random_state=0),3,0.9583333333333334,,,No using One Hot,0.08317923545837402,0.00470423698425293
algerian_forest_fires_46279,,onehot,fastica,power,ExtraTreesClassifier(random_state=0),4,0.8541666666666666,,,No using One Hot,0.08507061004638672,0.004772186279296875
algerian_forest_fires_46279,,onehot,truncated_svd,power,ExtraTreesClassifier(random_state=0),0,0.8571428571428571,,,No using One Hot,0.07992005348205566,0.004728555679321289
algerian_forest_fires_46279,,onehot,truncated_svd,power,ExtraTreesClassifier(random_state=0),1,0.8979591836734694,,,No using One Hot,0.07991528511047363,0.0046923160552978516
algerian_forest_fires_46279,,onehot,truncated_svd,power,ExtraTreesClassifier(random_state=0),2,0.7959183673469388,,,No using One Hot,0.07990741729736328,0.004660606384277344
algerian_forest_fires_46279,,onehot,truncated_svd,power,ExtraTreesClassifier(random_state=0),3,0.9375,,,No using One Hot,0.07974529266357422,0.004778146743774414
algerian_forest_fires_46279,,onehot,truncated_svd,power,ExtraTreesClassifier(random_state=0),4,0.9166666666666666,,,No using One Hot,0.080230712890625,0.0047380924224853516
algerian_forest_fires_46279,,onehot,select_percentile,power,ExtraTreesClassifier(random_state=0),0,0.9795918367346939,,,No using One Hot,0.07758474349975586,0.004416465759277344
algerian_forest_fires_46279,,onehot,select_percentile,power,ExtraTreesClassifier(random_state=0),1,0.9795918367346939,,,No using One Hot,0.07767796516418457,0.004434823989868164
algerian_forest_fires_46279,,onehot,select_percentile,power,ExtraTreesClassifier(random_state=0),2,0.9795918367346939,,,No using One Hot,0.07727408409118652,0.005026340484619141
algerian_forest_fires_46279,,onehot,select_percentile,power,ExtraTreesClassifier(random_state=0),3,0.9583333333333334,,,No using One Hot,0.07616353034973145,0.004780292510986328
algerian_forest_fires_46279,,onehot,select_percentile,power,ExtraTreesClassifier(random_state=0),4,0.9791666666666666,,,No using One Hot,0.07604360580444336,0.004539012908935547
algerian_forest_fires_46279,,onehot,generic_univariate,power,ExtraTreesClassifier(random_state=0),0,0.9387755102040817,,,No using One Hot,0.07684826850891113,0.004427909851074219
algerian_forest_fires_46279,,onehot,generic_univariate,power,ExtraTreesClassifier(random_state=0),1,0.9183673469387755,,,No using One Hot,0.0773460865020752,0.004627704620361328
algerian_forest_fires_46279,,onehot,generic_univariate,power,ExtraTreesClassifier(random_state=0),2,0.9183673469387755,,,No using One Hot,0.0777122974395752,0.004826784133911133
algerian_forest_fires_46279,,onehot,generic_univariate,power,ExtraTreesClassifier(random_state=0),3,0.9166666666666666,,,No using One Hot,0.07758212089538574,0.00460052490234375
algerian_forest_fires_46279,,onehot,generic_univariate,power,ExtraTreesClassifier(random_state=0),4,0.9583333333333334,,,No using One Hot,0.07793188095092773,0.004546403884887695
algerian_forest_fires_46279,,onehot,polynomial_features,power,ExtraTreesClassifier(random_state=0),0,0.9591836734693877,,,No using One Hot,0.08452081680297852,0.004621744155883789
algerian_forest_fires_46279,,onehot,polynomial_features,power,ExtraTreesClassifier(random_state=0),1,0.9795918367346939,,,No using One Hot,0.08498239517211914,0.00465083122253418
algerian_forest_fires_46279,,onehot,polynomial_features,power,ExtraTreesClassifier(random_state=0),2,0.9795918367346939,,,No using One Hot,0.08485603332519531,0.004654407501220703
algerian_forest_fires_46279,,onehot,polynomial_features,power,ExtraTreesClassifier(random_state=0),3,0.9791666666666666,,,No using One Hot,0.08926963806152344,0.004438638687133789
algerian_forest_fires_46279,,onehot,polynomial_features,power,ExtraTreesClassifier(random_state=0),4,0.9375,,,No using One Hot,0.08344101905822754,0.004511356353759766
algerian_forest_fires_46279,,onehot,nystroem,power,ExtraTreesClassifier(random_state=0),0,0.9183673469387755,,,No using One Hot,0.09611034393310547,0.004582643508911133
algerian_forest_fires_46279,,onehot,nystroem,power,ExtraTreesClassifier(random_state=0),1,0.9387755102040817,,,No using One Hot,0.10402393341064453,0.004894256591796875
algerian_forest_fires_46279,,onehot,nystroem,power,ExtraTreesClassifier(random_state=0),2,0.9387755102040817,,,No using One Hot,0.10433673858642578,0.004914045333862305
algerian_forest_fires_46279,,onehot,nystroem,power,ExtraTreesClassifier(random_state=0),3,0.9791666666666666,,,No using One Hot,0.10322308540344238,0.004953622817993164
algerian_forest_fires_46279,,onehot,nystroem,power,ExtraTreesClassifier(random_state=0),4,0.9583333333333334,,,No using One Hot,0.10485315322875977,0.004932403564453125
algerian_forest_fires_46279,,onehot,rbf_sampler,power,ExtraTreesClassifier(random_state=0),0,0.6938775510204082,,,No using One Hot,0.09690380096435547,0.004727602005004883
algerian_forest_fires_46279,,onehot,rbf_sampler,power,ExtraTreesClassifier(random_state=0),1,0.7142857142857143,,,No using One Hot,0.09618353843688965,0.004690647125244141
algerian_forest_fires_46279,,onehot,rbf_sampler,power,ExtraTreesClassifier(random_state=0),2,0.6326530612244898,,,No using One Hot,0.09601306915283203,0.004691600799560547
algerian_forest_fires_46279,,onehot,rbf_sampler,power,ExtraTreesClassifier(random_state=0),3,0.7291666666666666,,,No using One Hot,0.09647178649902344,0.004668474197387695
algerian_forest_fires_46279,,onehot,rbf_sampler,power,ExtraTreesClassifier(random_state=0),4,0.6041666666666666,,,No using One Hot,0.09685850143432617,0.004967927932739258
algerian_forest_fires_46279,,onehot,random_trees_embedding,power,ExtraTreesClassifier(random_state=0),0,0.9591836734693877,,,No using One Hot,0.09917926788330078,0.005248546600341797
algerian_forest_fires_46279,,onehot,random_trees_embedding,power,ExtraTreesClassifier(random_state=0),1,0.9591836734693877,,,No using One Hot,0.10091781616210938,0.005264759063720703
algerian_forest_fires_46279,,onehot,random_trees_embedding,power,ExtraTreesClassifier(random_state=0),2,0.9795918367346939,,,No using One Hot,0.09893679618835449,0.00535130500793457
algerian_forest_fires_46279,,onehot,random_trees_embedding,power,ExtraTreesClassifier(random_state=0),3,0.9583333333333334,,,No using One Hot,0.0997169017791748,0.005249977111816406
algerian_forest_fires_46279,,onehot,random_trees_embedding,power,ExtraTreesClassifier(random_state=0),4,0.9583333333333334,,,No using One Hot,0.09869551658630371,0.005243778228759766
algerian_forest_fires_46279,,onehot,feature_agglomeration,power,ExtraTreesClassifier(random_state=0),0,0.8367346938775511,,,No using One Hot,0.07888412475585938,0.004671335220336914
algerian_forest_fires_46279,,onehot,feature_agglomeration,power,ExtraTreesClassifier(random_state=0),1,0.9183673469387755,,,No using One Hot,0.07902121543884277,0.004602193832397461
algerian_forest_fires_46279,,onehot,feature_agglomeration,power,ExtraTreesClassifier(random_state=0),2,0.9795918367346939,,,No using One Hot,0.07938838005065918,0.004629611968994141
algerian_forest_fires_46279,,onehot,feature_agglomeration,power,ExtraTreesClassifier(random_state=0),3,0.9166666666666666,,,No using One Hot,0.08003950119018555,0.004740476608276367
algerian_forest_fires_46279,,onehot,feature_agglomeration,power,ExtraTreesClassifier(random_state=0),4,0.9166666666666666,,,No using One Hot,0.07978010177612305,0.004680633544921875
algerian_forest_fires_46279,,onehot,extra_tree,power,ExtraTreesClassifier(random_state=0),0,0.9591836734693877,,,No using One Hot,0.0769803524017334,0.004385948181152344
algerian_forest_fires_46279,,onehot,extra_tree,power,ExtraTreesClassifier(random_state=0),1,0.9795918367346939,,,No using One Hot,0.0774681568145752,0.0045206546783447266
algerian_forest_fires_46279,,onehot,extra_tree,power,ExtraTreesClassifier(random_state=0),2,0.9795918367346939,,,No using One Hot,0.07760500907897949,0.0045011043548583984
algerian_forest_fires_46279,,onehot,extra_tree,power,ExtraTreesClassifier(random_state=0),3,0.9583333333333334,,,No using One Hot,0.07622790336608887,0.0044422149658203125
algerian_forest_fires_46279,,onehot,extra_tree,power,ExtraTreesClassifier(random_state=0),4,0.9791666666666666,,,No using One Hot,0.07694387435913086,0.004439592361450195
algerian_forest_fires_46279,,onehot,linear_svc,power,ExtraTreesClassifier(random_state=0),0,0.9795918367346939,,,No using One Hot,0.07650065422058105,0.004513740539550781
algerian_forest_fires_46279,,onehot,linear_svc,power,ExtraTreesClassifier(random_state=0),1,0.9795918367346939,,,No using One Hot,0.07735514640808105,0.004407167434692383
algerian_forest_fires_46279,,onehot,linear_svc,power,ExtraTreesClassifier(random_state=0),2,0.9591836734693877,,,No using One Hot,0.07683181762695312,0.004382133483886719
algerian_forest_fires_46279,,onehot,linear_svc,power,ExtraTreesClassifier(random_state=0),3,0.9583333333333334,,,No using One Hot,0.07662415504455566,0.004473686218261719
algerian_forest_fires_46279,,onehot,linear_svc,power,ExtraTreesClassifier(random_state=0),4,0.9583333333333334,,,No using One Hot,0.07676410675048828,0.00433349609375
algerian_forest_fires_46279,,onehot,kernel_pca,power,ExtraTreesClassifier(random_state=0),0,0.9591836734693877,,,No using One Hot,0.10105013847351074,0.004994392395019531
algerian_forest_fires_46279,,onehot,kernel_pca,power,ExtraTreesClassifier(random_state=0),1,0.9591836734693877,,,No using One Hot,0.1030433177947998,0.004983186721801758
algerian_forest_fires_46279,,onehot,kernel_pca,power,ExtraTreesClassifier(random_state=0),2,0.9795918367346939,,,No using One Hot,0.09993481636047363,0.005003213882446289
algerian_forest_fires_46279,,onehot,kernel_pca,power,ExtraTreesClassifier(random_state=0),3,0.9583333333333334,,,No using One Hot,0.10472226142883301,0.005136251449584961
algerian_forest_fires_46279,,onehot,kernel_pca,power,ExtraTreesClassifier(random_state=0),4,0.9791666666666666,,,No using One Hot,0.10463857650756836,0.005010366439819336
algerian_forest_fires_46279,,onehot,,quantile,ExtraTreesClassifier(random_state=0),0,0.9591836734693877,,,No using One Hot,0.07950425148010254,0.004779815673828125
algerian_forest_fires_46279,,onehot,,quantile,ExtraTreesClassifier(random_state=0),1,0.9795918367346939,,,No using One Hot,0.07983088493347168,0.004715919494628906
algerian_forest_fires_46279,,onehot,,quantile,ExtraTreesClassifier(random_state=0),2,1.0,,,No using One Hot,0.0798044204711914,0.0047147274017333984
algerian_forest_fires_46279,,onehot,,quantile,ExtraTreesClassifier(random_state=0),3,0.9583333333333334,,,No using One Hot,0.07971453666687012,0.004735469818115234
algerian_forest_fires_46279,,onehot,,quantile,ExtraTreesClassifier(random_state=0),4,0.9583333333333334,,,No using One Hot,0.08466553688049316,0.004495143890380859
algerian_forest_fires_46279,,onehot,pca,quantile,ExtraTreesClassifier(random_state=0),0,0.8979591836734694,,,No using One Hot,0.08312153816223145,0.004731655120849609
algerian_forest_fires_46279,,onehot,pca,quantile,ExtraTreesClassifier(random_state=0),1,0.9795918367346939,,,No using One Hot,0.08215165138244629,0.0047032833099365234
algerian_forest_fires_46279,,onehot,pca,quantile,ExtraTreesClassifier(random_state=0),2,0.8979591836734694,,,No using One Hot,0.08259916305541992,0.004617929458618164
algerian_forest_fires_46279,,onehot,pca,quantile,ExtraTreesClassifier(random_state=0),3,0.9166666666666666,,,No using One Hot,0.08525657653808594,0.004727363586425781
algerian_forest_fires_46279,,onehot,pca,quantile,ExtraTreesClassifier(random_state=0),4,0.9375,,,No using One Hot,0.08427929878234863,0.004749774932861328
algerian_forest_fires_46279,,onehot,fastica,quantile,ExtraTreesClassifier(random_state=0),0,0.7346938775510204,,,No using One Hot,0.08565735816955566,0.004870891571044922
algerian_forest_fires_46279,,onehot,fastica,quantile,ExtraTreesClassifier(random_state=0),1,0.8571428571428571,,,No using One Hot,0.08523130416870117,0.004794597625732422
algerian_forest_fires_46279,,onehot,fastica,quantile,ExtraTreesClassifier(random_state=0),2,0.8367346938775511,,,No using One Hot,0.08379173278808594,0.0047473907470703125
algerian_forest_fires_46279,,onehot,fastica,quantile,ExtraTreesClassifier(random_state=0),3,0.9166666666666666,,,No using One Hot,0.08357024192810059,0.004698514938354492
algerian_forest_fires_46279,,onehot,fastica,quantile,ExtraTreesClassifier(random_state=0),4,0.8541666666666666,,,No using One Hot,0.08461856842041016,0.0048024654388427734
algerian_forest_fires_46279,,onehot,truncated_svd,quantile,ExtraTreesClassifier(random_state=0),0,0.8979591836734694,,,No using One Hot,0.08060359954833984,0.004643917083740234
algerian_forest_fires_46279,,onehot,truncated_svd,quantile,ExtraTreesClassifier(random_state=0),1,0.9387755102040817,,,No using One Hot,0.08121347427368164,0.004586458206176758
algerian_forest_fires_46279,,onehot,truncated_svd,quantile,ExtraTreesClassifier(random_state=0),2,0.8775510204081632,,,No using One Hot,0.07960987091064453,0.004823923110961914
algerian_forest_fires_46279,,onehot,truncated_svd,quantile,ExtraTreesClassifier(random_state=0),3,0.8958333333333334,,,No using One Hot,0.0794060230255127,0.0045185089111328125
algerian_forest_fires_46279,,onehot,truncated_svd,quantile,ExtraTreesClassifier(random_state=0),4,0.9375,,,No using One Hot,0.07858014106750488,0.0045375823974609375
algerian_forest_fires_46279,,onehot,select_percentile,quantile,ExtraTreesClassifier(random_state=0),0,0.9795918367346939,,,No using One Hot,0.07545709609985352,0.004501819610595703
algerian_forest_fires_46279,,onehot,select_percentile,quantile,ExtraTreesClassifier(random_state=0),1,0.9795918367346939,,,No using One Hot,0.07561993598937988,0.004491567611694336
algerian_forest_fires_46279,,onehot,select_percentile,quantile,ExtraTreesClassifier(random_state=0),2,1.0,,,No using One Hot,0.07572484016418457,0.004433631896972656
algerian_forest_fires_46279,,onehot,select_percentile,quantile,ExtraTreesClassifier(random_state=0),3,0.9791666666666666,,,No using One Hot,0.07639670372009277,0.004462242126464844
algerian_forest_fires_46279,,onehot,select_percentile,quantile,ExtraTreesClassifier(random_state=0),4,0.9583333333333334,,,No using One Hot,0.07868289947509766,0.0044765472412109375
algerian_forest_fires_46279,,onehot,generic_univariate,quantile,ExtraTreesClassifier(random_state=0),0,0.9795918367346939,,,No using One Hot,0.07637906074523926,0.004480838775634766
algerian_forest_fires_46279,,onehot,generic_univariate,quantile,ExtraTreesClassifier(random_state=0),1,0.9795918367346939,,,No using One Hot,0.07644462585449219,0.00444340705871582
algerian_forest_fires_46279,,onehot,generic_univariate,quantile,ExtraTreesClassifier(random_state=0),2,1.0,,,No using One Hot,0.0764307975769043,0.004500150680541992
algerian_forest_fires_46279,,onehot,generic_univariate,quantile,ExtraTreesClassifier(random_state=0),3,0.9375,,,No using One Hot,0.07599353790283203,0.004503726959228516
algerian_forest_fires_46279,,onehot,generic_univariate,quantile,ExtraTreesClassifier(random_state=0),4,0.9375,,,No using One Hot,0.07521772384643555,0.004435539245605469
algerian_forest_fires_46279,,onehot,polynomial_features,quantile,ExtraTreesClassifier(random_state=0),0,0.9591836734693877,,,No using One Hot,0.0806417465209961,0.004369497299194336
algerian_forest_fires_46279,,onehot,polynomial_features,quantile,ExtraTreesClassifier(random_state=0),1,0.9795918367346939,,,No using One Hot,0.08076596260070801,0.004385948181152344
algerian_forest_fires_46279,,onehot,polynomial_features,quantile,ExtraTreesClassifier(random_state=0),2,1.0,,,No using One Hot,0.08036231994628906,0.004350185394287109
algerian_forest_fires_46279,,onehot,polynomial_features,quantile,ExtraTreesClassifier(random_state=0),3,0.9791666666666666,,,No using One Hot,0.08083772659301758,0.004469394683837891
algerian_forest_fires_46279,,onehot,polynomial_features,quantile,ExtraTreesClassifier(random_state=0),4,0.9583333333333334,,,No using One Hot,0.08178377151489258,0.004396915435791016
algerian_forest_fires_46279,,onehot,nystroem,quantile,ExtraTreesClassifier(random_state=0),0,0.8571428571428571,,,No using One Hot,0.09683418273925781,0.00451207160949707
algerian_forest_fires_46279,,onehot,nystroem,quantile,ExtraTreesClassifier(random_state=0),1,0.9387755102040817,,,No using One Hot,0.10704970359802246,0.0050389766693115234
algerian_forest_fires_46279,,onehot,nystroem,quantile,ExtraTreesClassifier(random_state=0),2,0.8571428571428571,,,No using One Hot,0.10392642021179199,0.0049190521240234375
algerian_forest_fires_46279,,onehot,nystroem,quantile,ExtraTreesClassifier(random_state=0),3,0.9375,,,No using One Hot,0.10372686386108398,0.0049211978912353516
algerian_forest_fires_46279,,onehot,nystroem,quantile,ExtraTreesClassifier(random_state=0),4,0.9791666666666666,,,No using One Hot,0.10214734077453613,0.004532575607299805
algerian_forest_fires_46279,,onehot,rbf_sampler,quantile,ExtraTreesClassifier(random_state=0),0,0.9183673469387755,,,No using One Hot,0.0884695053100586,0.004609346389770508
algerian_forest_fires_46279,,onehot,rbf_sampler,quantile,ExtraTreesClassifier(random_state=0),1,0.9387755102040817,,,No using One Hot,0.08887410163879395,0.004577159881591797
algerian_forest_fires_46279,,onehot,rbf_sampler,quantile,ExtraTreesClassifier(random_state=0),2,0.9387755102040817,,,No using One Hot,0.08810615539550781,0.0045092105865478516
algerian_forest_fires_46279,,onehot,rbf_sampler,quantile,ExtraTreesClassifier(random_state=0),3,0.9375,,,No using One Hot,0.08745431900024414,0.004540920257568359
algerian_forest_fires_46279,,onehot,rbf_sampler,quantile,ExtraTreesClassifier(random_state=0),4,0.9791666666666666,,,No using One Hot,0.09133172035217285,0.0044901371002197266
algerian_forest_fires_46279,,onehot,random_trees_embedding,quantile,ExtraTreesClassifier(random_state=0),0,0.9387755102040817,,,No using One Hot,0.10013318061828613,0.00528264045715332
algerian_forest_fires_46279,,onehot,random_trees_embedding,quantile,ExtraTreesClassifier(random_state=0),1,0.9795918367346939,,,No using One Hot,0.0995948314666748,0.0052645206451416016
algerian_forest_fires_46279,,onehot,random_trees_embedding,quantile,ExtraTreesClassifier(random_state=0),2,0.9591836734693877,,,No using One Hot,0.09954524040222168,0.005261898040771484
algerian_forest_fires_46279,,onehot,random_trees_embedding,quantile,ExtraTreesClassifier(random_state=0),3,0.9583333333333334,,,No using One Hot,0.1001737117767334,0.005212068557739258
algerian_forest_fires_46279,,onehot,random_trees_embedding,quantile,ExtraTreesClassifier(random_state=0),4,0.9583333333333334,,,No using One Hot,0.09932136535644531,0.005266904830932617
algerian_forest_fires_46279,,onehot,feature_agglomeration,quantile,ExtraTreesClassifier(random_state=0),0,0.8367346938775511,,,No using One Hot,0.07850265502929688,0.004616975784301758
algerian_forest_fires_46279,,onehot,feature_agglomeration,quantile,ExtraTreesClassifier(random_state=0),1,0.8571428571428571,,,No using One Hot,0.07942843437194824,0.00470423698425293
algerian_forest_fires_46279,,onehot,feature_agglomeration,quantile,ExtraTreesClassifier(random_state=0),2,0.8775510204081632,,,No using One Hot,0.08289957046508789,0.004720449447631836
algerian_forest_fires_46279,,onehot,feature_agglomeration,quantile,ExtraTreesClassifier(random_state=0),3,0.9166666666666666,,,No using One Hot,0.07967519760131836,0.004597663879394531
algerian_forest_fires_46279,,onehot,feature_agglomeration,quantile,ExtraTreesClassifier(random_state=0),4,0.9375,,,No using One Hot,0.07955741882324219,0.004573345184326172
algerian_forest_fires_46279,,onehot,extra_tree,quantile,ExtraTreesClassifier(random_state=0),0,0.9795918367346939,,,No using One Hot,0.07666301727294922,0.0044329166412353516
algerian_forest_fires_46279,,onehot,extra_tree,quantile,ExtraTreesClassifier(random_state=0),1,0.9795918367346939,,,No using One Hot,0.07709980010986328,0.0044097900390625
algerian_forest_fires_46279,,onehot,extra_tree,quantile,ExtraTreesClassifier(random_state=0),2,1.0,,,No using One Hot,0.07955455780029297,0.004497051239013672
algerian_forest_fires_46279,,onehot,extra_tree,quantile,ExtraTreesClassifier(random_state=0),3,0.9583333333333334,,,No using One Hot,0.07687115669250488,0.004416465759277344
algerian_forest_fires_46279,,onehot,extra_tree,quantile,ExtraTreesClassifier(random_state=0),4,0.9583333333333334,,,No using One Hot,0.07714223861694336,0.004470109939575195
algerian_forest_fires_46279,,onehot,linear_svc,quantile,ExtraTreesClassifier(random_state=0),0,0.9795918367346939,,,No using One Hot,0.07613468170166016,0.0044286251068115234
algerian_forest_fires_46279,,onehot,linear_svc,quantile,ExtraTreesClassifier(random_state=0),1,0.9795918367346939,,,No using One Hot,0.07615232467651367,0.004495859146118164
algerian_forest_fires_46279,,onehot,linear_svc,quantile,ExtraTreesClassifier(random_state=0),2,1.0,,,No using One Hot,0.07886075973510742,0.004484653472900391
algerian_forest_fires_46279,,onehot,linear_svc,quantile,ExtraTreesClassifier(random_state=0),3,0.9583333333333334,,,No using One Hot,0.07728362083435059,0.004532814025878906
algerian_forest_fires_46279,,onehot,linear_svc,quantile,ExtraTreesClassifier(random_state=0),4,0.9583333333333334,,,No using One Hot,0.07822418212890625,0.004388332366943359
algerian_forest_fires_46279,,onehot,kernel_pca,quantile,ExtraTreesClassifier(random_state=0),0,0.9591836734693877,,,No using One Hot,0.10213088989257812,0.005012989044189453
algerian_forest_fires_46279,,onehot,kernel_pca,quantile,ExtraTreesClassifier(random_state=0),1,0.9591836734693877,,,No using One Hot,0.10367751121520996,0.005202531814575195
algerian_forest_fires_46279,,onehot,kernel_pca,quantile,ExtraTreesClassifier(random_state=0),2,0.8979591836734694,,,No using One Hot,0.1040964126586914,0.00519561767578125
algerian_forest_fires_46279,,onehot,kernel_pca,quantile,ExtraTreesClassifier(random_state=0),3,0.9166666666666666,,,No using One Hot,0.10352063179016113,0.005082368850708008
algerian_forest_fires_46279,,onehot,kernel_pca,quantile,ExtraTreesClassifier(random_state=0),4,0.9375,,,No using One Hot,0.10171055793762207,0.004974365234375
algerian_forest_fires_46279,,ordinalencoder,,,ExtraTreesClassifier(random_state=0),0,0.9591836734693877,,,No using Ordinal Hot,0.08084774017333984,0.005526304244995117
algerian_forest_fires_46279,,ordinalencoder,,,ExtraTreesClassifier(random_state=0),1,0.9795918367346939,,,No using Ordinal Hot,0.08160567283630371,0.005524873733520508
algerian_forest_fires_46279,,ordinalencoder,,,ExtraTreesClassifier(random_state=0),2,1.0,,,No using Ordinal Hot,0.08008837699890137,0.0053844451904296875
algerian_forest_fires_46279,,ordinalencoder,,,ExtraTreesClassifier(random_state=0),3,0.9791666666666666,,,No using Ordinal Hot,0.07685399055480957,0.005239248275756836
algerian_forest_fires_46279,,ordinalencoder,,,ExtraTreesClassifier(random_state=0),4,0.9583333333333334,,,No using Ordinal Hot,0.07650279998779297,0.005143880844116211
algerian_forest_fires_46279,,ordinalencoder,pca,,ExtraTreesClassifier(random_state=0),0,0.9795918367346939,,,No using Ordinal Hot,0.07931232452392578,0.004494667053222656
algerian_forest_fires_46279,,ordinalencoder,pca,,ExtraTreesClassifier(random_state=0),1,0.9591836734693877,,,No using Ordinal Hot,0.08033490180969238,0.004513740539550781
algerian_forest_fires_46279,,ordinalencoder,pca,,ExtraTreesClassifier(random_state=0),2,0.9183673469387755,,,No using Ordinal Hot,0.07949018478393555,0.004524707794189453
algerian_forest_fires_46279,,ordinalencoder,pca,,ExtraTreesClassifier(random_state=0),3,0.9375,,,No using Ordinal Hot,0.07988452911376953,0.004553556442260742
algerian_forest_fires_46279,,ordinalencoder,pca,,ExtraTreesClassifier(random_state=0),4,0.9375,,,No using Ordinal Hot,0.07991552352905273,0.004500150680541992
algerian_forest_fires_46279,,ordinalencoder,fastica,,ExtraTreesClassifier(random_state=0),0,0.6530612244897959,,,No using Ordinal Hot,0.08301568031311035,0.004620075225830078
algerian_forest_fires_46279,,ordinalencoder,fastica,,ExtraTreesClassifier(random_state=0),1,0.8163265306122449,,,No using Ordinal Hot,0.08230757713317871,0.004651308059692383
algerian_forest_fires_46279,,ordinalencoder,fastica,,ExtraTreesClassifier(random_state=0),2,0.9183673469387755,,,No using Ordinal Hot,0.08179116249084473,0.004605770111083984
algerian_forest_fires_46279,,ordinalencoder,fastica,,ExtraTreesClassifier(random_state=0),3,0.9166666666666666,,,No using Ordinal Hot,0.0817713737487793,0.004555225372314453
algerian_forest_fires_46279,,ordinalencoder,fastica,,ExtraTreesClassifier(random_state=0),4,0.6875,,,No using Ordinal Hot,0.08356642723083496,0.004671573638916016
algerian_forest_fires_46279,,ordinalencoder,truncated_svd,,ExtraTreesClassifier(random_state=0),0,0.8367346938775511,,,No using Ordinal Hot,0.07810568809509277,0.00448918342590332
algerian_forest_fires_46279,,ordinalencoder,truncated_svd,,ExtraTreesClassifier(random_state=0),1,0.7755102040816326,,,No using Ordinal Hot,0.07709050178527832,0.0045566558837890625
algerian_forest_fires_46279,,ordinalencoder,truncated_svd,,ExtraTreesClassifier(random_state=0),2,0.7959183673469388,,,No using Ordinal Hot,0.0819559097290039,0.0044536590576171875
algerian_forest_fires_46279,,ordinalencoder,truncated_svd,,ExtraTreesClassifier(random_state=0),3,0.8541666666666666,,,No using Ordinal Hot,0.07721328735351562,0.00458073616027832
algerian_forest_fires_46279,,ordinalencoder,truncated_svd,,ExtraTreesClassifier(random_state=0),4,0.875,,,No using Ordinal Hot,0.07726049423217773,0.0045163631439208984
algerian_forest_fires_46279,,ordinalencoder,select_percentile,,ExtraTreesClassifier(random_state=0),0,0.9795918367346939,,,No using Ordinal Hot,0.07369518280029297,0.004392385482788086
algerian_forest_fires_46279,,ordinalencoder,select_percentile,,ExtraTreesClassifier(random_state=0),1,0.9795918367346939,,,No using Ordinal Hot,0.0738377571105957,0.004281044006347656
algerian_forest_fires_46279,,ordinalencoder,select_percentile,,ExtraTreesClassifier(random_state=0),2,1.0,,,No using Ordinal Hot,0.07394933700561523,0.0043375492095947266
algerian_forest_fires_46279,,ordinalencoder,select_percentile,,ExtraTreesClassifier(random_state=0),3,0.9791666666666666,,,No using Ordinal Hot,0.07409191131591797,0.0042667388916015625
algerian_forest_fires_46279,,ordinalencoder,select_percentile,,ExtraTreesClassifier(random_state=0),4,0.9583333333333334,,,No using Ordinal Hot,0.07389569282531738,0.004294872283935547
algerian_forest_fires_46279,,ordinalencoder,generic_univariate,,ExtraTreesClassifier(random_state=0),0,1.0,,,No using Ordinal Hot,0.07336735725402832,0.0042383670806884766
algerian_forest_fires_46279,,ordinalencoder,generic_univariate,,ExtraTreesClassifier(random_state=0),1,1.0,,,No using Ordinal Hot,0.07387995719909668,0.004294157028198242
algerian_forest_fires_46279,,ordinalencoder,generic_univariate,,ExtraTreesClassifier(random_state=0),2,1.0,,,No using Ordinal Hot,0.07706761360168457,0.004595756530761719
algerian_forest_fires_46279,,ordinalencoder,generic_univariate,,ExtraTreesClassifier(random_state=0),3,0.9583333333333334,,,No using Ordinal Hot,0.07369709014892578,0.004339456558227539
algerian_forest_fires_46279,,ordinalencoder,generic_univariate,,ExtraTreesClassifier(random_state=0),4,0.9791666666666666,,,No using Ordinal Hot,0.07350492477416992,0.004259586334228516
algerian_forest_fires_46279,,ordinalencoder,polynomial_features,,ExtraTreesClassifier(random_state=0),0,0.9591836734693877,,,No using Ordinal Hot,0.07787823677062988,0.004366636276245117
algerian_forest_fires_46279,,ordinalencoder,polynomial_features,,ExtraTreesClassifier(random_state=0),1,0.9795918367346939,,,No using Ordinal Hot,0.07964468002319336,0.004259824752807617
algerian_forest_fires_46279,,ordinalencoder,polynomial_features,,ExtraTreesClassifier(random_state=0),2,1.0,,,No using Ordinal Hot,0.08025169372558594,0.004677534103393555
algerian_forest_fires_46279,,ordinalencoder,polynomial_features,,ExtraTreesClassifier(random_state=0),3,0.9583333333333334,,,No using Ordinal Hot,0.08054327964782715,0.004357337951660156
algerian_forest_fires_46279,,ordinalencoder,polynomial_features,,ExtraTreesClassifier(random_state=0),4,0.9583333333333334,,,No using Ordinal Hot,0.08072710037231445,0.004355430603027344
algerian_forest_fires_46279,,ordinalencoder,nystroem,,ExtraTreesClassifier(random_state=0),0,0.673469387755102,,,No using Ordinal Hot,0.127730131149292,0.005428791046142578
algerian_forest_fires_46279,,ordinalencoder,nystroem,,ExtraTreesClassifier(random_state=0),1,0.8571428571428571,,,No using Ordinal Hot,0.1439657211303711,0.005432605743408203
algerian_forest_fires_46279,,ordinalencoder,nystroem,,ExtraTreesClassifier(random_state=0),2,0.8367346938775511,,,No using Ordinal Hot,0.1436765193939209,0.005795478820800781
algerian_forest_fires_46279,,ordinalencoder,nystroem,,ExtraTreesClassifier(random_state=0),3,0.7708333333333334,,,No using Ordinal Hot,0.14767670631408691,0.005658626556396484
algerian_forest_fires_46279,,ordinalencoder,nystroem,,ExtraTreesClassifier(random_state=0),4,0.8125,,,No using Ordinal Hot,0.1460123062133789,0.005558967590332031
algerian_forest_fires_46279,,ordinalencoder,rbf_sampler,,ExtraTreesClassifier(random_state=0),0,0.5918367346938775,,,No using Ordinal Hot,0.09717345237731934,0.0046939849853515625
algerian_forest_fires_46279,,ordinalencoder,rbf_sampler,,ExtraTreesClassifier(random_state=0),1,0.5510204081632653,,,No using Ordinal Hot,0.09772515296936035,0.004704952239990234
algerian_forest_fires_46279,,ordinalencoder,rbf_sampler,,ExtraTreesClassifier(random_state=0),2,0.5714285714285714,,,No using Ordinal Hot,0.09707117080688477,0.0047702789306640625
algerian_forest_fires_46279,,ordinalencoder,rbf_sampler,,ExtraTreesClassifier(random_state=0),3,0.625,,,No using Ordinal Hot,0.09695267677307129,0.004606962203979492
algerian_forest_fires_46279,,ordinalencoder,rbf_sampler,,ExtraTreesClassifier(random_state=0),4,0.5625,,,No using Ordinal Hot,0.09650802612304688,0.004730939865112305
algerian_forest_fires_46279,,ordinalencoder,random_trees_embedding,,ExtraTreesClassifier(random_state=0),0,0.9795918367346939,,,No using Ordinal Hot,0.10517024993896484,0.005391359329223633
algerian_forest_fires_46279,,ordinalencoder,random_trees_embedding,,ExtraTreesClassifier(random_state=0),1,0.9591836734693877,,,No using Ordinal Hot,0.10203003883361816,0.005368709564208984
algerian_forest_fires_46279,,ordinalencoder,random_trees_embedding,,ExtraTreesClassifier(random_state=0),2,0.9795918367346939,,,No using Ordinal Hot,0.10129928588867188,0.005278110504150391
algerian_forest_fires_46279,,ordinalencoder,random_trees_embedding,,ExtraTreesClassifier(random_state=0),3,0.9583333333333334,,,No using Ordinal Hot,0.10138773918151855,0.0052945613861083984
algerian_forest_fires_46279,,ordinalencoder,random_trees_embedding,,ExtraTreesClassifier(random_state=0),4,0.9583333333333334,,,No using Ordinal Hot,0.0997169017791748,0.0053386688232421875
algerian_forest_fires_46279,,ordinalencoder,feature_agglomeration,,ExtraTreesClassifier(random_state=0),0,0.7959183673469388,,,No using Ordinal Hot,0.08040356636047363,0.0047760009765625
algerian_forest_fires_46279,,ordinalencoder,feature_agglomeration,,ExtraTreesClassifier(random_state=0),1,0.7959183673469388,,,No using Ordinal Hot,0.07996678352355957,0.004751920700073242
algerian_forest_fires_46279,,ordinalencoder,feature_agglomeration,,ExtraTreesClassifier(random_state=0),2,0.8367346938775511,,,No using Ordinal Hot,0.07975363731384277,0.0047454833984375
algerian_forest_fires_46279,,ordinalencoder,feature_agglomeration,,ExtraTreesClassifier(random_state=0),3,0.8125,,,No using Ordinal Hot,0.07959175109863281,0.0047702789306640625
algerian_forest_fires_46279,,ordinalencoder,feature_agglomeration,,ExtraTreesClassifier(random_state=0),4,0.8333333333333334,,,No using Ordinal Hot,0.07970333099365234,0.004728794097900391
algerian_forest_fires_46279,,ordinalencoder,extra_tree,,ExtraTreesClassifier(random_state=0),0,0.9591836734693877,,,No using Ordinal Hot,0.07667088508605957,0.004554033279418945
algerian_forest_fires_46279,,ordinalencoder,extra_tree,,ExtraTreesClassifier(random_state=0),1,0.9795918367346939,,,No using Ordinal Hot,0.07696366310119629,0.004499912261962891
algerian_forest_fires_46279,,ordinalencoder,extra_tree,,ExtraTreesClassifier(random_state=0),2,1.0,,,No using Ordinal Hot,0.07683849334716797,0.004438877105712891
algerian_forest_fires_46279,,ordinalencoder,extra_tree,,ExtraTreesClassifier(random_state=0),3,0.9583333333333334,,,No using Ordinal Hot,0.07644891738891602,0.0044286251068115234
algerian_forest_fires_46279,,ordinalencoder,extra_tree,,ExtraTreesClassifier(random_state=0),4,0.9791666666666666,,,No using Ordinal Hot,0.07619714736938477,0.00449061393737793
algerian_forest_fires_46279,,ordinalencoder,linear_svc,,ExtraTreesClassifier(random_state=0),0,0.9591836734693877,,,No using Ordinal Hot,0.07789897918701172,0.004540205001831055
algerian_forest_fires_46279,,ordinalencoder,linear_svc,,ExtraTreesClassifier(random_state=0),1,0.9795918367346939,,,No using Ordinal Hot,0.0790708065032959,0.004542112350463867
algerian_forest_fires_46279,,ordinalencoder,linear_svc,,ExtraTreesClassifier(random_state=0),2,0.9591836734693877,,,No using Ordinal Hot,0.07835984230041504,0.004604816436767578
algerian_forest_fires_46279,,ordinalencoder,linear_svc,,ExtraTreesClassifier(random_state=0),3,0.9791666666666666,,,No using Ordinal Hot,0.07830381393432617,0.004557609558105469
algerian_forest_fires_46279,,ordinalencoder,linear_svc,,ExtraTreesClassifier(random_state=0),4,0.9791666666666666,,,No using Ordinal Hot,0.0774390697479248,0.004510402679443359
algerian_forest_fires_46279,,ordinalencoder,kernel_pca,,ExtraTreesClassifier(random_state=0),0,0.9591836734693877,,,No using Ordinal Hot,0.1031045913696289,0.005131959915161133
algerian_forest_fires_46279,,ordinalencoder,kernel_pca,,ExtraTreesClassifier(random_state=0),1,0.9795918367346939,,,No using Ordinal Hot,0.10385370254516602,0.005164384841918945
algerian_forest_fires_46279,,ordinalencoder,kernel_pca,,ExtraTreesClassifier(random_state=0),2,0.8979591836734694,,,No using Ordinal Hot,0.10329651832580566,0.005076408386230469
algerian_forest_fires_46279,,ordinalencoder,kernel_pca,,ExtraTreesClassifier(random_state=0),3,0.9166666666666666,,,No using Ordinal Hot,0.10257792472839355,0.005003452301025391
algerian_forest_fires_46279,,ordinalencoder,kernel_pca,,ExtraTreesClassifier(random_state=0),4,0.8958333333333334,,,No using Ordinal Hot,0.10326600074768066,0.00513768196105957
algerian_forest_fires_46279,,ordinalencoder,,standard,ExtraTreesClassifier(random_state=0),0,0.9591836734693877,,,No using Ordinal Hot,0.07930898666381836,0.004639625549316406
algerian_forest_fires_46279,,ordinalencoder,,standard,ExtraTreesClassifier(random_state=0),1,0.9795918367346939,,,No using Ordinal Hot,0.07952475547790527,0.004591941833496094
algerian_forest_fires_46279,,ordinalencoder,,standard,ExtraTreesClassifier(random_state=0),2,1.0,,,No using Ordinal Hot,0.07947731018066406,0.004543304443359375
algerian_forest_fires_46279,,ordinalencoder,,standard,ExtraTreesClassifier(random_state=0),3,0.9791666666666666,,,No using Ordinal Hot,0.07943892478942871,0.004547119140625
algerian_forest_fires_46279,,ordinalencoder,,standard,ExtraTreesClassifier(random_state=0),4,0.9583333333333334,,,No using Ordinal Hot,0.07915854454040527,0.00445103645324707
algerian_forest_fires_46279,,ordinalencoder,pca,standard,ExtraTreesClassifier(random_state=0),0,0.9183673469387755,,,No using Ordinal Hot,0.08208131790161133,0.004707813262939453
algerian_forest_fires_46279,,ordinalencoder,pca,standard,ExtraTreesClassifier(random_state=0),1,0.9795918367346939,,,No using Ordinal Hot,0.08355450630187988,0.0047435760498046875
algerian_forest_fires_46279,,ordinalencoder,pca,standard,ExtraTreesClassifier(random_state=0),2,0.8775510204081632,,,No using Ordinal Hot,0.08302545547485352,0.004704475402832031
algerian_forest_fires_46279,,ordinalencoder,pca,standard,ExtraTreesClassifier(random_state=0),3,0.9166666666666666,,,No using Ordinal Hot,0.0831441879272461,0.0046558380126953125
algerian_forest_fires_46279,,ordinalencoder,pca,standard,ExtraTreesClassifier(random_state=0),4,0.9166666666666666,,,No using Ordinal Hot,0.08326840400695801,0.00465703010559082
algerian_forest_fires_46279,,ordinalencoder,fastica,standard,ExtraTreesClassifier(random_state=0),0,0.7551020408163265,,,No using Ordinal Hot,0.08660197257995605,0.004775524139404297
algerian_forest_fires_46279,,ordinalencoder,fastica,standard,ExtraTreesClassifier(random_state=0),1,0.5510204081632653,,,No using Ordinal Hot,0.08752059936523438,0.004708528518676758
algerian_forest_fires_46279,,ordinalencoder,fastica,standard,ExtraTreesClassifier(random_state=0),2,0.8775510204081632,,,No using Ordinal Hot,0.08438467979431152,0.004628181457519531
algerian_forest_fires_46279,,ordinalencoder,fastica,standard,ExtraTreesClassifier(random_state=0),3,0.9583333333333334,,,No using Ordinal Hot,0.08415412902832031,0.004702568054199219
algerian_forest_fires_46279,,ordinalencoder,fastica,standard,ExtraTreesClassifier(random_state=0),4,0.8125,,,No using Ordinal Hot,0.08517265319824219,0.00471806526184082
algerian_forest_fires_46279,,ordinalencoder,truncated_svd,standard,ExtraTreesClassifier(random_state=0),0,0.7959183673469388,,,No using Ordinal Hot,0.08018064498901367,0.0047149658203125
algerian_forest_fires_46279,,ordinalencoder,truncated_svd,standard,ExtraTreesClassifier(random_state=0),1,0.8367346938775511,,,No using Ordinal Hot,0.08104968070983887,0.00476384162902832
algerian_forest_fires_46279,,ordinalencoder,truncated_svd,standard,ExtraTreesClassifier(random_state=0),2,0.8367346938775511,,,No using Ordinal Hot,0.07999467849731445,0.00484466552734375
algerian_forest_fires_46279,,ordinalencoder,truncated_svd,standard,ExtraTreesClassifier(random_state=0),3,0.875,,,No using Ordinal Hot,0.08185482025146484,0.004902839660644531
algerian_forest_fires_46279,,ordinalencoder,truncated_svd,standard,ExtraTreesClassifier(random_state=0),4,0.8958333333333334,,,No using Ordinal Hot,0.08147406578063965,0.004706382751464844
algerian_forest_fires_46279,,ordinalencoder,select_percentile,standard,ExtraTreesClassifier(random_state=0),0,0.9795918367346939,,,No using Ordinal Hot,0.07692289352416992,0.004556894302368164
algerian_forest_fires_46279,,ordinalencoder,select_percentile,standard,ExtraTreesClassifier(random_state=0),1,0.9795918367346939,,,No using Ordinal Hot,0.07672667503356934,0.004502296447753906
algerian_forest_fires_46279,,ordinalencoder,select_percentile,standard,ExtraTreesClassifier(random_state=0),2,1.0,,,No using Ordinal Hot,0.07744359970092773,0.004622697830200195
algerian_forest_fires_46279,,ordinalencoder,select_percentile,standard,ExtraTreesClassifier(random_state=0),3,0.9791666666666666,,,No using Ordinal Hot,0.07687640190124512,0.004560232162475586
algerian_forest_fires_46279,,ordinalencoder,select_percentile,standard,ExtraTreesClassifier(random_state=0),4,0.9583333333333334,,,No using Ordinal Hot,0.07659053802490234,0.0044422149658203125
algerian_forest_fires_46279,,ordinalencoder,generic_univariate,standard,ExtraTreesClassifier(random_state=0),0,1.0,,,No using Ordinal Hot,0.0754709243774414,0.004488468170166016
algerian_forest_fires_46279,,ordinalencoder,generic_univariate,standard,ExtraTreesClassifier(random_state=0),1,1.0,,,No using Ordinal Hot,0.07590913772583008,0.004330158233642578
algerian_forest_fires_46279,,ordinalencoder,generic_univariate,standard,ExtraTreesClassifier(random_state=0),2,1.0,,,No using Ordinal Hot,0.07562708854675293,0.004456996917724609
algerian_forest_fires_46279,,ordinalencoder,generic_univariate,standard,ExtraTreesClassifier(random_state=0),3,0.9583333333333334,,,No using Ordinal Hot,0.07572817802429199,0.0044155120849609375
algerian_forest_fires_46279,,ordinalencoder,generic_univariate,standard,ExtraTreesClassifier(random_state=0),4,0.9791666666666666,,,No using Ordinal Hot,0.07561087608337402,0.00469660758972168
algerian_forest_fires_46279,,ordinalencoder,polynomial_features,standard,ExtraTreesClassifier(random_state=0),0,0.9591836734693877,,,No using Ordinal Hot,0.08337759971618652,0.004622459411621094
algerian_forest_fires_46279,,ordinalencoder,polynomial_features,standard,ExtraTreesClassifier(random_state=0),1,0.9795918367346939,,,No using Ordinal Hot,0.08390092849731445,0.004575490951538086
algerian_forest_fires_46279,,ordinalencoder,polynomial_features,standard,ExtraTreesClassifier(random_state=0),2,0.9591836734693877,,,No using Ordinal Hot,0.08378338813781738,0.004523515701293945
algerian_forest_fires_46279,,ordinalencoder,polynomial_features,standard,ExtraTreesClassifier(random_state=0),3,0.9791666666666666,,,No using Ordinal Hot,0.08506464958190918,0.0046689510345458984
algerian_forest_fires_46279,,ordinalencoder,polynomial_features,standard,ExtraTreesClassifier(random_state=0),4,0.9583333333333334,,,No using Ordinal Hot,0.08467650413513184,0.004631996154785156
algerian_forest_fires_46279,,ordinalencoder,nystroem,standard,ExtraTreesClassifier(random_state=0),0,0.8571428571428571,,,No using Ordinal Hot,0.09908103942871094,0.0046460628509521484
algerian_forest_fires_46279,,ordinalencoder,nystroem,standard,ExtraTreesClassifier(random_state=0),1,0.9591836734693877,,,No using Ordinal Hot,0.10542464256286621,0.004849433898925781
algerian_forest_fires_46279,,ordinalencoder,nystroem,standard,ExtraTreesClassifier(random_state=0),2,0.8979591836734694,,,No using Ordinal Hot,0.10525798797607422,0.004643678665161133
algerian_forest_fires_46279,,ordinalencoder,nystroem,standard,ExtraTreesClassifier(random_state=0),3,0.9583333333333334,,,No using Ordinal Hot,0.10575246810913086,0.004982709884643555
algerian_forest_fires_46279,,ordinalencoder,nystroem,standard,ExtraTreesClassifier(random_state=0),4,0.9583333333333334,,,No using Ordinal Hot,0.10689663887023926,0.005033254623413086
algerian_forest_fires_46279,,ordinalencoder,rbf_sampler,standard,ExtraTreesClassifier(random_state=0),0,0.5918367346938775,,,No using Ordinal Hot,0.09551262855529785,0.004622936248779297
algerian_forest_fires_46279,,ordinalencoder,rbf_sampler,standard,ExtraTreesClassifier(random_state=0),1,0.7346938775510204,,,No using Ordinal Hot,0.09638452529907227,0.00469660758972168
algerian_forest_fires_46279,,ordinalencoder,rbf_sampler,standard,ExtraTreesClassifier(random_state=0),2,0.7346938775510204,,,No using Ordinal Hot,0.09587860107421875,0.004687070846557617
algerian_forest_fires_46279,,ordinalencoder,rbf_sampler,standard,ExtraTreesClassifier(random_state=0),3,0.7291666666666666,,,No using Ordinal Hot,0.09574389457702637,0.004682302474975586
algerian_forest_fires_46279,,ordinalencoder,rbf_sampler,standard,ExtraTreesClassifier(random_state=0),4,0.7083333333333334,,,No using Ordinal Hot,0.09582948684692383,0.004586458206176758
algerian_forest_fires_46279,,ordinalencoder,random_trees_embedding,standard,ExtraTreesClassifier(random_state=0),0,0.9795918367346939,,,No using Ordinal Hot,0.09928441047668457,0.005288600921630859
algerian_forest_fires_46279,,ordinalencoder,random_trees_embedding,standard,ExtraTreesClassifier(random_state=0),1,0.9591836734693877,,,No using Ordinal Hot,0.10177063941955566,0.005372762680053711
algerian_forest_fires_46279,,ordinalencoder,random_trees_embedding,standard,ExtraTreesClassifier(random_state=0),2,0.9795918367346939,,,No using Ordinal Hot,0.10130476951599121,0.0053632259368896484
algerian_forest_fires_46279,,ordinalencoder,random_trees_embedding,standard,ExtraTreesClassifier(random_state=0),3,0.9583333333333334,,,No using Ordinal Hot,0.10388398170471191,0.00537109375
algerian_forest_fires_46279,,ordinalencoder,random_trees_embedding,standard,ExtraTreesClassifier(random_state=0),4,0.9583333333333334,,,No using Ordinal Hot,0.10048818588256836,0.005372047424316406
algerian_forest_fires_46279,,ordinalencoder,feature_agglomeration,standard,ExtraTreesClassifier(random_state=0),0,0.7959183673469388,,,No using Ordinal Hot,0.07983589172363281,0.0046384334564208984
algerian_forest_fires_46279,,ordinalencoder,feature_agglomeration,standard,ExtraTreesClassifier(random_state=0),1,0.7959183673469388,,,No using Ordinal Hot,0.08012509346008301,0.004593372344970703
algerian_forest_fires_46279,,ordinalencoder,feature_agglomeration,standard,ExtraTreesClassifier(random_state=0),2,0.8775510204081632,,,No using Ordinal Hot,0.08089351654052734,0.004748106002807617
algerian_forest_fires_46279,,ordinalencoder,feature_agglomeration,standard,ExtraTreesClassifier(random_state=0),3,0.9375,,,No using Ordinal Hot,0.08068442344665527,0.004735469818115234
algerian_forest_fires_46279,,ordinalencoder,feature_agglomeration,standard,ExtraTreesClassifier(random_state=0),4,0.9166666666666666,,,No using Ordinal Hot,0.07953739166259766,0.004759073257446289
algerian_forest_fires_46279,,ordinalencoder,extra_tree,standard,ExtraTreesClassifier(random_state=0),0,0.9591836734693877,,,No using Ordinal Hot,0.07689881324768066,0.004500865936279297
algerian_forest_fires_46279,,ordinalencoder,extra_tree,standard,ExtraTreesClassifier(random_state=0),1,0.9795918367346939,,,No using Ordinal Hot,0.07689142227172852,0.00439906120300293
algerian_forest_fires_46279,,ordinalencoder,extra_tree,standard,ExtraTreesClassifier(random_state=0),2,1.0,,,No using Ordinal Hot,0.078216552734375,0.004631519317626953
algerian_forest_fires_46279,,ordinalencoder,extra_tree,standard,ExtraTreesClassifier(random_state=0),3,0.9583333333333334,,,No using Ordinal Hot,0.07773756980895996,0.0045642852783203125
algerian_forest_fires_46279,,ordinalencoder,extra_tree,standard,ExtraTreesClassifier(random_state=0),4,0.9791666666666666,,,No using Ordinal Hot,0.07615113258361816,0.004426002502441406
algerian_forest_fires_46279,,ordinalencoder,linear_svc,standard,ExtraTreesClassifier(random_state=0),0,0.9795918367346939,,,No using Ordinal Hot,0.0774693489074707,0.004517555236816406
algerian_forest_fires_46279,,ordinalencoder,linear_svc,standard,ExtraTreesClassifier(random_state=0),1,0.9795918367346939,,,No using Ordinal Hot,0.07798290252685547,0.0045583248138427734
algerian_forest_fires_46279,,ordinalencoder,linear_svc,standard,ExtraTreesClassifier(random_state=0),2,0.9795918367346939,,,No using Ordinal Hot,0.07790589332580566,0.00451350212097168
algerian_forest_fires_46279,,ordinalencoder,linear_svc,standard,ExtraTreesClassifier(random_state=0),3,0.9583333333333334,,,No using Ordinal Hot,0.07784390449523926,0.004617929458618164
algerian_forest_fires_46279,,ordinalencoder,linear_svc,standard,ExtraTreesClassifier(random_state=0),4,0.9791666666666666,,,No using Ordinal Hot,0.0775747299194336,0.0044403076171875
algerian_forest_fires_46279,,ordinalencoder,kernel_pca,standard,ExtraTreesClassifier(random_state=0),0,0.9591836734693877,,,No using Ordinal Hot,0.1022038459777832,0.00513911247253418
algerian_forest_fires_46279,,ordinalencoder,kernel_pca,standard,ExtraTreesClassifier(random_state=0),1,0.9795918367346939,,,No using Ordinal Hot,0.10485553741455078,0.005101919174194336
algerian_forest_fires_46279,,ordinalencoder,kernel_pca,standard,ExtraTreesClassifier(random_state=0),2,0.8775510204081632,,,No using Ordinal Hot,0.10107612609863281,0.005128145217895508
algerian_forest_fires_46279,,ordinalencoder,kernel_pca,standard,ExtraTreesClassifier(random_state=0),3,0.9375,,,No using Ordinal Hot,0.10095667839050293,0.0050051212310791016
algerian_forest_fires_46279,,ordinalencoder,kernel_pca,standard,ExtraTreesClassifier(random_state=0),4,0.9166666666666666,,,No using Ordinal Hot,0.10586214065551758,0.005294084548950195
algerian_forest_fires_46279,,ordinalencoder,,minmax,ExtraTreesClassifier(random_state=0),0,0.9591836734693877,,,No using Ordinal Hot,0.08112239837646484,0.004821300506591797
algerian_forest_fires_46279,,ordinalencoder,,minmax,ExtraTreesClassifier(random_state=0),1,0.9795918367346939,,,No using Ordinal Hot,0.08156228065490723,0.004857063293457031
algerian_forest_fires_46279,,ordinalencoder,,minmax,ExtraTreesClassifier(random_state=0),2,1.0,,,No using Ordinal Hot,0.08203864097595215,0.004849433898925781
algerian_forest_fires_46279,,ordinalencoder,,minmax,ExtraTreesClassifier(random_state=0),3,0.9791666666666666,,,No using Ordinal Hot,0.08112359046936035,0.004853010177612305
algerian_forest_fires_46279,,ordinalencoder,,minmax,ExtraTreesClassifier(random_state=0),4,0.9583333333333334,,,No using Ordinal Hot,0.0812234878540039,0.004513263702392578
algerian_forest_fires_46279,,ordinalencoder,pca,minmax,ExtraTreesClassifier(random_state=0),0,0.9183673469387755,,,No using Ordinal Hot,0.08438563346862793,0.0046215057373046875
algerian_forest_fires_46279,,ordinalencoder,pca,minmax,ExtraTreesClassifier(random_state=0),1,0.9795918367346939,,,No using Ordinal Hot,0.08402442932128906,0.0047338008880615234
algerian_forest_fires_46279,,ordinalencoder,pca,minmax,ExtraTreesClassifier(random_state=0),2,0.8979591836734694,,,No using Ordinal Hot,0.0827796459197998,0.004658937454223633
algerian_forest_fires_46279,,ordinalencoder,pca,minmax,ExtraTreesClassifier(random_state=0),3,0.9375,,,No using Ordinal Hot,0.08259201049804688,0.004716634750366211
algerian_forest_fires_46279,,ordinalencoder,pca,minmax,ExtraTreesClassifier(random_state=0),4,0.8958333333333334,,,No using Ordinal Hot,0.08261489868164062,0.004565238952636719
algerian_forest_fires_46279,,ordinalencoder,fastica,minmax,ExtraTreesClassifier(random_state=0),0,0.7959183673469388,,,No using Ordinal Hot,0.08563947677612305,0.0048198699951171875
algerian_forest_fires_46279,,ordinalencoder,fastica,minmax,ExtraTreesClassifier(random_state=0),1,0.8163265306122449,,,No using Ordinal Hot,0.08494877815246582,0.004797458648681641
algerian_forest_fires_46279,,ordinalencoder,fastica,minmax,ExtraTreesClassifier(random_state=0),2,0.7551020408163265,,,No using Ordinal Hot,0.09231162071228027,0.005105257034301758
algerian_forest_fires_46279,,ordinalencoder,fastica,minmax,ExtraTreesClassifier(random_state=0),3,0.9166666666666666,,,No using Ordinal Hot,0.08415794372558594,0.0047664642333984375
algerian_forest_fires_46279,,ordinalencoder,fastica,minmax,ExtraTreesClassifier(random_state=0),4,0.8125,,,No using Ordinal Hot,0.0845022201538086,0.004739046096801758
algerian_forest_fires_46279,,ordinalencoder,truncated_svd,minmax,ExtraTreesClassifier(random_state=0),0,0.8367346938775511,,,No using Ordinal Hot,0.08044004440307617,0.00470280647277832
algerian_forest_fires_46279,,ordinalencoder,truncated_svd,minmax,ExtraTreesClassifier(random_state=0),1,0.8367346938775511,,,No using Ordinal Hot,0.08096504211425781,0.004664897918701172
algerian_forest_fires_46279,,ordinalencoder,truncated_svd,minmax,ExtraTreesClassifier(random_state=0),2,0.8163265306122449,,,No using Ordinal Hot,0.08023285865783691,0.004713535308837891
algerian_forest_fires_46279,,ordinalencoder,truncated_svd,minmax,ExtraTreesClassifier(random_state=0),3,0.9166666666666666,,,No using Ordinal Hot,0.0806729793548584,0.004698514938354492
algerian_forest_fires_46279,,ordinalencoder,truncated_svd,minmax,ExtraTreesClassifier(random_state=0),4,0.8541666666666666,,,No using Ordinal Hot,0.08011889457702637,0.004775285720825195
algerian_forest_fires_46279,,ordinalencoder,select_percentile,minmax,ExtraTreesClassifier(random_state=0),0,0.9795918367346939,,,No using Ordinal Hot,0.07686066627502441,0.004530429840087891
algerian_forest_fires_46279,,ordinalencoder,select_percentile,minmax,ExtraTreesClassifier(random_state=0),1,0.9795918367346939,,,No using Ordinal Hot,0.0772089958190918,0.004530668258666992
algerian_forest_fires_46279,,ordinalencoder,select_percentile,minmax,ExtraTreesClassifier(random_state=0),2,1.0,,,No using Ordinal Hot,0.07778120040893555,0.004604339599609375
algerian_forest_fires_46279,,ordinalencoder,select_percentile,minmax,ExtraTreesClassifier(random_state=0),3,0.9791666666666666,,,No using Ordinal Hot,0.07741498947143555,0.004591226577758789
algerian_forest_fires_46279,,ordinalencoder,select_percentile,minmax,ExtraTreesClassifier(random_state=0),4,0.9583333333333334,,,No using Ordinal Hot,0.0774226188659668,0.0045392513275146484
algerian_forest_fires_46279,,ordinalencoder,generic_univariate,minmax,ExtraTreesClassifier(random_state=0),0,1.0,,,No using Ordinal Hot,0.07705521583557129,0.00452423095703125
algerian_forest_fires_46279,,ordinalencoder,generic_univariate,minmax,ExtraTreesClassifier(random_state=0),1,1.0,,,No using Ordinal Hot,0.0768132209777832,0.004536151885986328
algerian_forest_fires_46279,,ordinalencoder,generic_univariate,minmax,ExtraTreesClassifier(random_state=0),2,1.0,,,No using Ordinal Hot,0.07671070098876953,0.004424095153808594
algerian_forest_fires_46279,,ordinalencoder,generic_univariate,minmax,ExtraTreesClassifier(random_state=0),3,0.9583333333333334,,,No using Ordinal Hot,0.07784080505371094,0.004603862762451172
algerian_forest_fires_46279,,ordinalencoder,generic_univariate,minmax,ExtraTreesClassifier(random_state=0),4,0.9791666666666666,,,No using Ordinal Hot,0.0774085521697998,0.004512310028076172
algerian_forest_fires_46279,,ordinalencoder,polynomial_features,minmax,ExtraTreesClassifier(random_state=0),0,0.9591836734693877,,,No using Ordinal Hot,0.08233165740966797,0.0045528411865234375
algerian_forest_fires_46279,,ordinalencoder,polynomial_features,minmax,ExtraTreesClassifier(random_state=0),1,0.9795918367346939,,,No using Ordinal Hot,0.08231902122497559,0.004580020904541016
algerian_forest_fires_46279,,ordinalencoder,polynomial_features,minmax,ExtraTreesClassifier(random_state=0),2,1.0,,,No using Ordinal Hot,0.08243966102600098,0.004615306854248047
algerian_forest_fires_46279,,ordinalencoder,polynomial_features,minmax,ExtraTreesClassifier(random_state=0),3,0.9791666666666666,,,No using Ordinal Hot,0.08228373527526855,0.004421234130859375
algerian_forest_fires_46279,,ordinalencoder,polynomial_features,minmax,ExtraTreesClassifier(random_state=0),4,0.9583333333333334,,,No using Ordinal Hot,0.08428120613098145,0.004481077194213867
algerian_forest_fires_46279,,ordinalencoder,nystroem,minmax,ExtraTreesClassifier(random_state=0),0,0.9183673469387755,,,No using Ordinal Hot,0.11268186569213867,0.004743099212646484
algerian_forest_fires_46279,,ordinalencoder,nystroem,minmax,ExtraTreesClassifier(random_state=0),1,0.9387755102040817,,,No using Ordinal Hot,0.10763359069824219,0.005017518997192383
algerian_forest_fires_46279,,ordinalencoder,nystroem,minmax,ExtraTreesClassifier(random_state=0),2,0.9183673469387755,,,No using Ordinal Hot,0.13608145713806152,0.0046727657318115234
algerian_forest_fires_46279,,ordinalencoder,nystroem,minmax,ExtraTreesClassifier(random_state=0),3,0.9791666666666666,,,No using Ordinal Hot,0.1262502670288086,0.005421638488769531
algerian_forest_fires_46279,,ordinalencoder,nystroem,minmax,ExtraTreesClassifier(random_state=0),4,0.8958333333333334,,,No using Ordinal Hot,0.10998344421386719,0.0051496028900146484
algerian_forest_fires_46279,,ordinalencoder,rbf_sampler,minmax,ExtraTreesClassifier(random_state=0),0,0.9591836734693877,,,No using Ordinal Hot,0.09273552894592285,0.005160331726074219
algerian_forest_fires_46279,,ordinalencoder,rbf_sampler,minmax,ExtraTreesClassifier(random_state=0),1,0.9591836734693877,,,No using Ordinal Hot,0.08922886848449707,0.004705905914306641
algerian_forest_fires_46279,,ordinalencoder,rbf_sampler,minmax,ExtraTreesClassifier(random_state=0),2,0.8979591836734694,,,No using Ordinal Hot,0.08793830871582031,0.004666805267333984
algerian_forest_fires_46279,,ordinalencoder,rbf_sampler,minmax,ExtraTreesClassifier(random_state=0),3,0.9791666666666666,,,No using Ordinal Hot,0.09439992904663086,0.0052225589752197266
algerian_forest_fires_46279,,ordinalencoder,rbf_sampler,minmax,ExtraTreesClassifier(random_state=0),4,0.9166666666666666,,,No using Ordinal Hot,0.09200930595397949,0.004677295684814453
algerian_forest_fires_46279,,ordinalencoder,random_trees_embedding,minmax,ExtraTreesClassifier(random_state=0),0,0.9795918367346939,,,No using Ordinal Hot,0.10157132148742676,0.005435943603515625
algerian_forest_fires_46279,,ordinalencoder,random_trees_embedding,minmax,ExtraTreesClassifier(random_state=0),1,0.9591836734693877,,,No using Ordinal Hot,0.10714125633239746,0.005614757537841797
algerian_forest_fires_46279,,ordinalencoder,random_trees_embedding,minmax,ExtraTreesClassifier(random_state=0),2,0.9795918367346939,,,No using Ordinal Hot,0.10244464874267578,0.005502462387084961
algerian_forest_fires_46279,,ordinalencoder,random_trees_embedding,minmax,ExtraTreesClassifier(random_state=0),3,0.9583333333333334,,,No using Ordinal Hot,0.10261178016662598,0.005395650863647461
algerian_forest_fires_46279,,ordinalencoder,random_trees_embedding,minmax,ExtraTreesClassifier(random_state=0),4,0.9583333333333334,,,No using Ordinal Hot,0.1011042594909668,0.005399942398071289
algerian_forest_fires_46279,,ordinalencoder,feature_agglomeration,minmax,ExtraTreesClassifier(random_state=0),0,0.8979591836734694,,,No using Ordinal Hot,0.08045768737792969,0.004721879959106445
algerian_forest_fires_46279,,ordinalencoder,feature_agglomeration,minmax,ExtraTreesClassifier(random_state=0),1,0.8775510204081632,,,No using Ordinal Hot,0.08063483238220215,0.004708528518676758
algerian_forest_fires_46279,,ordinalencoder,feature_agglomeration,minmax,ExtraTreesClassifier(random_state=0),2,0.8571428571428571,,,No using Ordinal Hot,0.08019423484802246,0.0046727657318115234
algerian_forest_fires_46279,,ordinalencoder,feature_agglomeration,minmax,ExtraTreesClassifier(random_state=0),3,0.8541666666666666,,,No using Ordinal Hot,0.08059024810791016,0.004750967025756836
algerian_forest_fires_46279,,ordinalencoder,feature_agglomeration,minmax,ExtraTreesClassifier(random_state=0),4,0.8958333333333334,,,No using Ordinal Hot,0.0822594165802002,0.00490260124206543
algerian_forest_fires_46279,,ordinalencoder,extra_tree,minmax,ExtraTreesClassifier(random_state=0),0,0.9591836734693877,,,No using Ordinal Hot,0.07827472686767578,0.004555940628051758
algerian_forest_fires_46279,,ordinalencoder,extra_tree,minmax,ExtraTreesClassifier(random_state=0),1,0.9795918367346939,,,No using Ordinal Hot,0.07816123962402344,0.004585742950439453
algerian_forest_fires_46279,,ordinalencoder,extra_tree,minmax,ExtraTreesClassifier(random_state=0),2,1.0,,,No using Ordinal Hot,0.0785379409790039,0.004639625549316406
algerian_forest_fires_46279,,ordinalencoder,extra_tree,minmax,ExtraTreesClassifier(random_state=0),3,0.9583333333333334,,,No using Ordinal Hot,0.07831048965454102,0.004654645919799805
algerian_forest_fires_46279,,ordinalencoder,extra_tree,minmax,ExtraTreesClassifier(random_state=0),4,0.9791666666666666,,,No using Ordinal Hot,0.08271336555480957,0.004579782485961914
algerian_forest_fires_46279,,ordinalencoder,linear_svc,minmax,ExtraTreesClassifier(random_state=0),0,0.9795918367346939,,,No using Ordinal Hot,0.0778646469116211,0.004574298858642578
algerian_forest_fires_46279,,ordinalencoder,linear_svc,minmax,ExtraTreesClassifier(random_state=0),1,0.9795918367346939,,,No using Ordinal Hot,0.0778815746307373,0.004572153091430664
algerian_forest_fires_46279,,ordinalencoder,linear_svc,minmax,ExtraTreesClassifier(random_state=0),2,0.9591836734693877,,,No using Ordinal Hot,0.07832694053649902,0.004517793655395508
algerian_forest_fires_46279,,ordinalencoder,linear_svc,minmax,ExtraTreesClassifier(random_state=0),3,0.9583333333333334,,,No using Ordinal Hot,0.07768487930297852,0.004503965377807617
algerian_forest_fires_46279,,ordinalencoder,linear_svc,minmax,ExtraTreesClassifier(random_state=0),4,0.9791666666666666,,,No using Ordinal Hot,0.07716202735900879,0.0045278072357177734
algerian_forest_fires_46279,,ordinalencoder,kernel_pca,minmax,ExtraTreesClassifier(random_state=0),0,0.9387755102040817,,,No using Ordinal Hot,0.1024923324584961,0.005078315734863281
algerian_forest_fires_46279,,ordinalencoder,kernel_pca,minmax,ExtraTreesClassifier(random_state=0),1,0.9591836734693877,,,No using Ordinal Hot,0.10348749160766602,0.005175352096557617
algerian_forest_fires_46279,,ordinalencoder,kernel_pca,minmax,ExtraTreesClassifier(random_state=0),2,0.8979591836734694,,,No using Ordinal Hot,0.10289716720581055,0.0050318241119384766
algerian_forest_fires_46279,,ordinalencoder,kernel_pca,minmax,ExtraTreesClassifier(random_state=0),3,0.9375,,,No using Ordinal Hot,0.10514998435974121,0.005093097686767578
algerian_forest_fires_46279,,ordinalencoder,kernel_pca,minmax,ExtraTreesClassifier(random_state=0),4,0.9375,,,No using Ordinal Hot,0.10211014747619629,0.0047893524169921875
algerian_forest_fires_46279,,ordinalencoder,,robust,ExtraTreesClassifier(random_state=0),0,0.9591836734693877,,,No using Ordinal Hot,0.07526397705078125,0.004389286041259766
algerian_forest_fires_46279,,ordinalencoder,,robust,ExtraTreesClassifier(random_state=0),1,0.9795918367346939,,,No using Ordinal Hot,0.07526254653930664,0.004358053207397461
algerian_forest_fires_46279,,ordinalencoder,,robust,ExtraTreesClassifier(random_state=0),2,1.0,,,No using Ordinal Hot,0.07513761520385742,0.00433039665222168
algerian_forest_fires_46279,,ordinalencoder,,robust,ExtraTreesClassifier(random_state=0),3,0.9791666666666666,,,No using Ordinal Hot,0.07936859130859375,0.0043277740478515625
algerian_forest_fires_46279,,ordinalencoder,,robust,ExtraTreesClassifier(random_state=0),4,0.9583333333333334,,,No using Ordinal Hot,0.07559704780578613,0.004417896270751953
algerian_forest_fires_46279,,ordinalencoder,pca,robust,ExtraTreesClassifier(random_state=0),0,0.8979591836734694,,,No using Ordinal Hot,0.07816553115844727,0.004487752914428711
algerian_forest_fires_46279,,ordinalencoder,pca,robust,ExtraTreesClassifier(random_state=0),1,0.9795918367346939,,,No using Ordinal Hot,0.07823824882507324,0.004487037658691406
algerian_forest_fires_46279,,ordinalencoder,pca,robust,ExtraTreesClassifier(random_state=0),2,0.8979591836734694,,,No using Ordinal Hot,0.08089256286621094,0.004750251770019531
algerian_forest_fires_46279,,ordinalencoder,pca,robust,ExtraTreesClassifier(random_state=0),3,0.9166666666666666,,,No using Ordinal Hot,0.08875751495361328,0.004480600357055664
algerian_forest_fires_46279,,ordinalencoder,pca,robust,ExtraTreesClassifier(random_state=0),4,0.9375,,,No using Ordinal Hot,0.07903766632080078,0.004493236541748047
algerian_forest_fires_46279,,ordinalencoder,fastica,robust,ExtraTreesClassifier(random_state=0),0,0.8367346938775511,,,No using Ordinal Hot,0.08053374290466309,0.004506111145019531
algerian_forest_fires_46279,,ordinalencoder,fastica,robust,ExtraTreesClassifier(random_state=0),1,0.6938775510204082,,,No using Ordinal Hot,0.0831289291381836,0.004575014114379883
algerian_forest_fires_46279,,ordinalencoder,fastica,robust,ExtraTreesClassifier(random_state=0),2,0.5306122448979592,,,No using Ordinal Hot,0.08264589309692383,0.004563570022583008
algerian_forest_fires_46279,,ordinalencoder,fastica,robust,ExtraTreesClassifier(random_state=0),3,0.8958333333333334,,,No using Ordinal Hot,0.07983946800231934,0.0044362545013427734
algerian_forest_fires_46279,,ordinalencoder,fastica,robust,ExtraTreesClassifier(random_state=0),4,0.8125,,,No using Ordinal Hot,0.08162522315979004,0.004555463790893555
algerian_forest_fires_46279,,ordinalencoder,truncated_svd,robust,ExtraTreesClassifier(random_state=0),0,0.8571428571428571,,,No using Ordinal Hot,0.07623291015625,0.004653215408325195
algerian_forest_fires_46279,,ordinalencoder,truncated_svd,robust,ExtraTreesClassifier(random_state=0),1,0.9183673469387755,,,No using Ordinal Hot,0.07636165618896484,0.004407644271850586
algerian_forest_fires_46279,,ordinalencoder,truncated_svd,robust,ExtraTreesClassifier(random_state=0),2,0.8367346938775511,,,No using Ordinal Hot,0.07633543014526367,0.004472970962524414
algerian_forest_fires_46279,,ordinalencoder,truncated_svd,robust,ExtraTreesClassifier(random_state=0),3,0.9166666666666666,,,No using Ordinal Hot,0.07599639892578125,0.004387855529785156
algerian_forest_fires_46279,,ordinalencoder,truncated_svd,robust,ExtraTreesClassifier(random_state=0),4,0.9375,,,No using Ordinal Hot,0.0778508186340332,0.004663705825805664
algerian_forest_fires_46279,,ordinalencoder,select_percentile,robust,ExtraTreesClassifier(random_state=0),0,0.9795918367346939,,,No using Ordinal Hot,0.07486104965209961,0.004293203353881836
algerian_forest_fires_46279,,ordinalencoder,select_percentile,robust,ExtraTreesClassifier(random_state=0),1,0.9795918367346939,,,No using Ordinal Hot,0.0748295783996582,0.004201412200927734
algerian_forest_fires_46279,,ordinalencoder,select_percentile,robust,ExtraTreesClassifier(random_state=0),2,1.0,,,No using Ordinal Hot,0.07460236549377441,0.004365205764770508
algerian_forest_fires_46279,,ordinalencoder,select_percentile,robust,ExtraTreesClassifier(random_state=0),3,0.9791666666666666,,,No using Ordinal Hot,0.07328081130981445,0.004335880279541016
algerian_forest_fires_46279,,ordinalencoder,select_percentile,robust,ExtraTreesClassifier(random_state=0),4,0.9583333333333334,,,No using Ordinal Hot,0.07310056686401367,0.004317760467529297
algerian_forest_fires_46279,,ordinalencoder,generic_univariate,robust,ExtraTreesClassifier(random_state=0),0,1.0,,,No using Ordinal Hot,0.07241654396057129,0.0042629241943359375
algerian_forest_fires_46279,,ordinalencoder,generic_univariate,robust,ExtraTreesClassifier(random_state=0),1,1.0,,,No using Ordinal Hot,0.07208609580993652,0.004285335540771484
algerian_forest_fires_46279,,ordinalencoder,generic_univariate,robust,ExtraTreesClassifier(random_state=0),2,1.0,,,No using Ordinal Hot,0.07379603385925293,0.004431962966918945
algerian_forest_fires_46279,,ordinalencoder,generic_univariate,robust,ExtraTreesClassifier(random_state=0),3,0.9583333333333334,,,No using Ordinal Hot,0.07974529266357422,0.004788398742675781
algerian_forest_fires_46279,,ordinalencoder,generic_univariate,robust,ExtraTreesClassifier(random_state=0),4,0.9791666666666666,,,No using Ordinal Hot,0.07599997520446777,0.004389286041259766
algerian_forest_fires_46279,,ordinalencoder,polynomial_features,robust,ExtraTreesClassifier(random_state=0),0,0.9591836734693877,,,No using Ordinal Hot,0.0828249454498291,0.004558086395263672
algerian_forest_fires_46279,,ordinalencoder,polynomial_features,robust,ExtraTreesClassifier(random_state=0),1,0.9795918367346939,,,No using Ordinal Hot,0.08318018913269043,0.004519224166870117
algerian_forest_fires_46279,,ordinalencoder,polynomial_features,robust,ExtraTreesClassifier(random_state=0),2,0.9795918367346939,,,No using Ordinal Hot,0.08340930938720703,0.00468134880065918
algerian_forest_fires_46279,,ordinalencoder,polynomial_features,robust,ExtraTreesClassifier(random_state=0),3,0.9375,,,No using Ordinal Hot,0.08392071723937988,0.004453182220458984
algerian_forest_fires_46279,,ordinalencoder,polynomial_features,robust,ExtraTreesClassifier(random_state=0),4,0.9791666666666666,,,No using Ordinal Hot,0.08334207534790039,0.0045855045318603516
algerian_forest_fires_46279,,ordinalencoder,nystroem,robust,ExtraTreesClassifier(random_state=0),0,0.8367346938775511,,,No using Ordinal Hot,0.1081993579864502,0.005021095275878906
algerian_forest_fires_46279,,ordinalencoder,nystroem,robust,ExtraTreesClassifier(random_state=0),1,0.9183673469387755,,,No using Ordinal Hot,0.10398745536804199,0.004982471466064453
algerian_forest_fires_46279,,ordinalencoder,nystroem,robust,ExtraTreesClassifier(random_state=0),2,0.8775510204081632,,,No using Ordinal Hot,0.11222672462463379,0.0046308040618896484
algerian_forest_fires_46279,,ordinalencoder,nystroem,robust,ExtraTreesClassifier(random_state=0),3,0.9791666666666666,,,No using Ordinal Hot,0.10326170921325684,0.005120515823364258
algerian_forest_fires_46279,,ordinalencoder,nystroem,robust,ExtraTreesClassifier(random_state=0),4,0.9583333333333334,,,No using Ordinal Hot,0.10674023628234863,0.004850864410400391
algerian_forest_fires_46279,,ordinalencoder,rbf_sampler,robust,ExtraTreesClassifier(random_state=0),0,0.6938775510204082,,,No using Ordinal Hot,0.09732866287231445,0.004738569259643555
algerian_forest_fires_46279,,ordinalencoder,rbf_sampler,robust,ExtraTreesClassifier(random_state=0),1,0.7959183673469388,,,No using Ordinal Hot,0.09785842895507812,0.004741191864013672
algerian_forest_fires_46279,,ordinalencoder,rbf_sampler,robust,ExtraTreesClassifier(random_state=0),2,0.6938775510204082,,,No using Ordinal Hot,0.09558534622192383,0.004624128341674805
algerian_forest_fires_46279,,ordinalencoder,rbf_sampler,robust,ExtraTreesClassifier(random_state=0),3,0.8333333333333334,,,No using Ordinal Hot,0.09418892860412598,0.004572391510009766
algerian_forest_fires_46279,,ordinalencoder,rbf_sampler,robust,ExtraTreesClassifier(random_state=0),4,0.7291666666666666,,,No using Ordinal Hot,0.09485483169555664,0.004689216613769531
algerian_forest_fires_46279,,ordinalencoder,random_trees_embedding,robust,ExtraTreesClassifier(random_state=0),0,0.9795918367346939,,,No using Ordinal Hot,0.09905433654785156,0.0052411556243896484
algerian_forest_fires_46279,,ordinalencoder,random_trees_embedding,robust,ExtraTreesClassifier(random_state=0),1,0.9591836734693877,,,No using Ordinal Hot,0.10077023506164551,0.005211830139160156
algerian_forest_fires_46279,,ordinalencoder,random_trees_embedding,robust,ExtraTreesClassifier(random_state=0),2,0.9795918367346939,,,No using Ordinal Hot,0.09938430786132812,0.005310773849487305
algerian_forest_fires_46279,,ordinalencoder,random_trees_embedding,robust,ExtraTreesClassifier(random_state=0),3,0.9583333333333334,,,No using Ordinal Hot,0.1002964973449707,0.005249500274658203
algerian_forest_fires_46279,,ordinalencoder,random_trees_embedding,robust,ExtraTreesClassifier(random_state=0),4,0.9583333333333334,,,No using Ordinal Hot,0.09903740882873535,0.0052700042724609375
algerian_forest_fires_46279,,ordinalencoder,feature_agglomeration,robust,ExtraTreesClassifier(random_state=0),0,0.7959183673469388,,,No using Ordinal Hot,0.07950997352600098,0.004957914352416992
algerian_forest_fires_46279,,ordinalencoder,feature_agglomeration,robust,ExtraTreesClassifier(random_state=0),1,0.8367346938775511,,,No using Ordinal Hot,0.0810849666595459,0.004676342010498047
algerian_forest_fires_46279,,ordinalencoder,feature_agglomeration,robust,ExtraTreesClassifier(random_state=0),2,0.8775510204081632,,,No using Ordinal Hot,0.07979536056518555,0.004576683044433594
algerian_forest_fires_46279,,ordinalencoder,feature_agglomeration,robust,ExtraTreesClassifier(random_state=0),3,0.8541666666666666,,,No using Ordinal Hot,0.07914423942565918,0.004658937454223633
algerian_forest_fires_46279,,ordinalencoder,feature_agglomeration,robust,ExtraTreesClassifier(random_state=0),4,0.8541666666666666,,,No using Ordinal Hot,0.08005595207214355,0.004750251770019531
algerian_forest_fires_46279,,ordinalencoder,extra_tree,robust,ExtraTreesClassifier(random_state=0),0,0.9591836734693877,,,No using Ordinal Hot,0.0774531364440918,0.00447392463684082
algerian_forest_fires_46279,,ordinalencoder,extra_tree,robust,ExtraTreesClassifier(random_state=0),1,0.9795918367346939,,,No using Ordinal Hot,0.07764673233032227,0.0045049190521240234
algerian_forest_fires_46279,,ordinalencoder,extra_tree,robust,ExtraTreesClassifier(random_state=0),2,1.0,,,No using Ordinal Hot,0.07712244987487793,0.0044460296630859375
algerian_forest_fires_46279,,ordinalencoder,extra_tree,robust,ExtraTreesClassifier(random_state=0),3,0.9583333333333334,,,No using Ordinal Hot,0.07634592056274414,0.004438161849975586
algerian_forest_fires_46279,,ordinalencoder,extra_tree,robust,ExtraTreesClassifier(random_state=0),4,0.9791666666666666,,,No using Ordinal Hot,0.07539582252502441,0.0044918060302734375
algerian_forest_fires_46279,,ordinalencoder,linear_svc,robust,ExtraTreesClassifier(random_state=0),0,0.9591836734693877,,,No using Ordinal Hot,0.07634758949279785,0.0045413970947265625
algerian_forest_fires_46279,,ordinalencoder,linear_svc,robust,ExtraTreesClassifier(random_state=0),1,0.9795918367346939,,,No using Ordinal Hot,0.07641386985778809,0.004418849945068359
algerian_forest_fires_46279,,ordinalencoder,linear_svc,robust,ExtraTreesClassifier(random_state=0),2,0.9795918367346939,,,No using Ordinal Hot,0.07616138458251953,0.004471778869628906
algerian_forest_fires_46279,,ordinalencoder,linear_svc,robust,ExtraTreesClassifier(random_state=0),3,0.9583333333333334,,,No using Ordinal Hot,0.07681155204772949,0.00445246696472168
algerian_forest_fires_46279,,ordinalencoder,linear_svc,robust,ExtraTreesClassifier(random_state=0),4,0.9791666666666666,,,No using Ordinal Hot,0.07950782775878906,0.004511594772338867
algerian_forest_fires_46279,,ordinalencoder,kernel_pca,robust,ExtraTreesClassifier(random_state=0),0,0.9183673469387755,,,No using Ordinal Hot,0.1031339168548584,0.0049571990966796875
algerian_forest_fires_46279,,ordinalencoder,kernel_pca,robust,ExtraTreesClassifier(random_state=0),1,0.9795918367346939,,,No using Ordinal Hot,0.10096144676208496,0.0050275325775146484
algerian_forest_fires_46279,,ordinalencoder,kernel_pca,robust,ExtraTreesClassifier(random_state=0),2,0.8979591836734694,,,No using Ordinal Hot,0.10220694541931152,0.004906654357910156
algerian_forest_fires_46279,,ordinalencoder,kernel_pca,robust,ExtraTreesClassifier(random_state=0),3,0.9166666666666666,,,No using Ordinal Hot,0.10103464126586914,0.005055904388427734
algerian_forest_fires_46279,,ordinalencoder,kernel_pca,robust,ExtraTreesClassifier(random_state=0),4,0.9375,,,No using Ordinal Hot,0.10334610939025879,0.004959821701049805
algerian_forest_fires_46279,,ordinalencoder,,normalizer,ExtraTreesClassifier(random_state=0),0,0.9591836734693877,,,No using Ordinal Hot,0.07819247245788574,0.004499673843383789
algerian_forest_fires_46279,,ordinalencoder,,normalizer,ExtraTreesClassifier(random_state=0),1,0.9795918367346939,,,No using Ordinal Hot,0.0787503719329834,0.004503011703491211
algerian_forest_fires_46279,,ordinalencoder,,normalizer,ExtraTreesClassifier(random_state=0),2,0.9795918367346939,,,No using Ordinal Hot,0.07812857627868652,0.004533290863037109
algerian_forest_fires_46279,,ordinalencoder,,normalizer,ExtraTreesClassifier(random_state=0),3,0.9583333333333334,,,No using Ordinal Hot,0.07934093475341797,0.004487752914428711
algerian_forest_fires_46279,,ordinalencoder,,normalizer,ExtraTreesClassifier(random_state=0),4,0.9583333333333334,,,No using Ordinal Hot,0.07766532897949219,0.004505157470703125
algerian_forest_fires_46279,,ordinalencoder,pca,normalizer,ExtraTreesClassifier(random_state=0),0,0.9591836734693877,,,No using Ordinal Hot,0.08060216903686523,0.004599094390869141
algerian_forest_fires_46279,,ordinalencoder,pca,normalizer,ExtraTreesClassifier(random_state=0),1,0.9591836734693877,,,No using Ordinal Hot,0.08087778091430664,0.004518747329711914
algerian_forest_fires_46279,,ordinalencoder,pca,normalizer,ExtraTreesClassifier(random_state=0),2,0.8979591836734694,,,No using Ordinal Hot,0.08521533012390137,0.004548072814941406
algerian_forest_fires_46279,,ordinalencoder,pca,normalizer,ExtraTreesClassifier(random_state=0),3,0.9375,,,No using Ordinal Hot,0.08067679405212402,0.004546403884887695
algerian_forest_fires_46279,,ordinalencoder,pca,normalizer,ExtraTreesClassifier(random_state=0),4,0.9583333333333334,,,No using Ordinal Hot,0.08320856094360352,0.004621028900146484
algerian_forest_fires_46279,,ordinalencoder,fastica,normalizer,ExtraTreesClassifier(random_state=0),0,0.9183673469387755,,,No using Ordinal Hot,0.08260297775268555,0.004847288131713867
algerian_forest_fires_46279,,ordinalencoder,fastica,normalizer,ExtraTreesClassifier(random_state=0),1,0.9591836734693877,,,No using Ordinal Hot,0.08303046226501465,0.004684925079345703
algerian_forest_fires_46279,,ordinalencoder,fastica,normalizer,ExtraTreesClassifier(random_state=0),2,0.8979591836734694,,,No using Ordinal Hot,0.0818173885345459,0.0045659542083740234
algerian_forest_fires_46279,,ordinalencoder,fastica,normalizer,ExtraTreesClassifier(random_state=0),3,0.8958333333333334,,,No using Ordinal Hot,0.08226346969604492,0.004603862762451172
algerian_forest_fires_46279,,ordinalencoder,fastica,normalizer,ExtraTreesClassifier(random_state=0),4,0.9166666666666666,,,No using Ordinal Hot,0.08204030990600586,0.004676342010498047
algerian_forest_fires_46279,,ordinalencoder,truncated_svd,normalizer,ExtraTreesClassifier(random_state=0),0,0.8163265306122449,,,No using Ordinal Hot,0.07843375205993652,0.004663705825805664
algerian_forest_fires_46279,,ordinalencoder,truncated_svd,normalizer,ExtraTreesClassifier(random_state=0),1,0.7142857142857143,,,No using Ordinal Hot,0.0783088207244873,0.004598140716552734
algerian_forest_fires_46279,,ordinalencoder,truncated_svd,normalizer,ExtraTreesClassifier(random_state=0),2,0.7959183673469388,,,No using Ordinal Hot,0.07868480682373047,0.004521608352661133
algerian_forest_fires_46279,,ordinalencoder,truncated_svd,normalizer,ExtraTreesClassifier(random_state=0),3,0.8541666666666666,,,No using Ordinal Hot,0.07897233963012695,0.0046901702880859375
algerian_forest_fires_46279,,ordinalencoder,truncated_svd,normalizer,ExtraTreesClassifier(random_state=0),4,0.8541666666666666,,,No using Ordinal Hot,0.07823681831359863,0.004769563674926758
algerian_forest_fires_46279,,ordinalencoder,select_percentile,normalizer,ExtraTreesClassifier(random_state=0),0,0.9795918367346939,,,No using Ordinal Hot,0.07495331764221191,0.004411935806274414
algerian_forest_fires_46279,,ordinalencoder,select_percentile,normalizer,ExtraTreesClassifier(random_state=0),1,0.9795918367346939,,,No using Ordinal Hot,0.07640957832336426,0.004568815231323242
algerian_forest_fires_46279,,ordinalencoder,select_percentile,normalizer,ExtraTreesClassifier(random_state=0),2,0.9795918367346939,,,No using Ordinal Hot,0.07583808898925781,0.004545927047729492
algerian_forest_fires_46279,,ordinalencoder,select_percentile,normalizer,ExtraTreesClassifier(random_state=0),3,0.9791666666666666,,,No using Ordinal Hot,0.07556891441345215,0.004428386688232422
algerian_forest_fires_46279,,ordinalencoder,select_percentile,normalizer,ExtraTreesClassifier(random_state=0),4,0.9583333333333334,,,No using Ordinal Hot,0.07607460021972656,0.004452228546142578
algerian_forest_fires_46279,,ordinalencoder,generic_univariate,normalizer,ExtraTreesClassifier(random_state=0),0,0.9795918367346939,,,No using Ordinal Hot,0.07527804374694824,0.0044095516204833984
algerian_forest_fires_46279,,ordinalencoder,generic_univariate,normalizer,ExtraTreesClassifier(random_state=0),1,1.0,,,No using Ordinal Hot,0.07681012153625488,0.004483699798583984
algerian_forest_fires_46279,,ordinalencoder,generic_univariate,normalizer,ExtraTreesClassifier(random_state=0),2,0.9591836734693877,,,No using Ordinal Hot,0.07741808891296387,0.004366397857666016
algerian_forest_fires_46279,,ordinalencoder,generic_univariate,normalizer,ExtraTreesClassifier(random_state=0),3,0.9375,,,No using Ordinal Hot,0.07520008087158203,0.004411458969116211
algerian_forest_fires_46279,,ordinalencoder,generic_univariate,normalizer,ExtraTreesClassifier(random_state=0),4,0.9583333333333334,,,No using Ordinal Hot,0.07515382766723633,0.004400730133056641
algerian_forest_fires_46279,,ordinalencoder,polynomial_features,normalizer,ExtraTreesClassifier(random_state=0),0,0.9591836734693877,,,No using Ordinal Hot,0.07999157905578613,0.004438877105712891
algerian_forest_fires_46279,,ordinalencoder,polynomial_features,normalizer,ExtraTreesClassifier(random_state=0),1,0.9795918367346939,,,No using Ordinal Hot,0.0807352066040039,0.004466533660888672
algerian_forest_fires_46279,,ordinalencoder,polynomial_features,normalizer,ExtraTreesClassifier(random_state=0),2,1.0,,,No using Ordinal Hot,0.08010315895080566,0.004473209381103516
algerian_forest_fires_46279,,ordinalencoder,polynomial_features,normalizer,ExtraTreesClassifier(random_state=0),3,0.9583333333333334,,,No using Ordinal Hot,0.0800788402557373,0.004386425018310547
algerian_forest_fires_46279,,ordinalencoder,polynomial_features,normalizer,ExtraTreesClassifier(random_state=0),4,0.9583333333333334,,,No using Ordinal Hot,0.07986330986022949,0.004426002502441406
algerian_forest_fires_46279,,ordinalencoder,nystroem,normalizer,ExtraTreesClassifier(random_state=0),0,0.9387755102040817,,,No using Ordinal Hot,0.09943342208862305,0.00450444221496582
algerian_forest_fires_46279,,ordinalencoder,nystroem,normalizer,ExtraTreesClassifier(random_state=0),1,0.9591836734693877,,,No using Ordinal Hot,0.1092386245727539,0.005080223083496094
algerian_forest_fires_46279,,ordinalencoder,nystroem,normalizer,ExtraTreesClassifier(random_state=0),2,0.8979591836734694,,,No using Ordinal Hot,0.10455870628356934,0.004807233810424805
algerian_forest_fires_46279,,ordinalencoder,nystroem,normalizer,ExtraTreesClassifier(random_state=0),3,0.9583333333333334,,,No using Ordinal Hot,0.10116910934448242,0.0044782161712646484
algerian_forest_fires_46279,,ordinalencoder,nystroem,normalizer,ExtraTreesClassifier(random_state=0),4,0.9375,,,No using Ordinal Hot,0.10399127006530762,0.004883766174316406
algerian_forest_fires_46279,,ordinalencoder,rbf_sampler,normalizer,ExtraTreesClassifier(random_state=0),0,0.9387755102040817,,,No using Ordinal Hot,0.0863656997680664,0.004553318023681641
algerian_forest_fires_46279,,ordinalencoder,rbf_sampler,normalizer,ExtraTreesClassifier(random_state=0),1,0.9591836734693877,,,No using Ordinal Hot,0.08655881881713867,0.004761457443237305
algerian_forest_fires_46279,,ordinalencoder,rbf_sampler,normalizer,ExtraTreesClassifier(random_state=0),2,0.9591836734693877,,,No using Ordinal Hot,0.0863790512084961,0.004435062408447266
algerian_forest_fires_46279,,ordinalencoder,rbf_sampler,normalizer,ExtraTreesClassifier(random_state=0),3,0.9583333333333334,,,No using Ordinal Hot,0.08421707153320312,0.004519939422607422
algerian_forest_fires_46279,,ordinalencoder,rbf_sampler,normalizer,ExtraTreesClassifier(random_state=0),4,0.9583333333333334,,,No using Ordinal Hot,0.08496308326721191,0.0045969486236572266
algerian_forest_fires_46279,,ordinalencoder,random_trees_embedding,normalizer,ExtraTreesClassifier(random_state=0),0,0.9387755102040817,,,No using Ordinal Hot,0.10186910629272461,0.005336761474609375
algerian_forest_fires_46279,,ordinalencoder,random_trees_embedding,normalizer,ExtraTreesClassifier(random_state=0),1,0.9591836734693877,,,No using Ordinal Hot,0.10181736946105957,0.0059583187103271484
algerian_forest_fires_46279,,ordinalencoder,random_trees_embedding,normalizer,ExtraTreesClassifier(random_state=0),2,1.0,,,No using Ordinal Hot,0.10107278823852539,0.005258321762084961
algerian_forest_fires_46279,,ordinalencoder,random_trees_embedding,normalizer,ExtraTreesClassifier(random_state=0),3,0.9583333333333334,,,No using Ordinal Hot,0.10036826133728027,0.005270957946777344
algerian_forest_fires_46279,,ordinalencoder,random_trees_embedding,normalizer,ExtraTreesClassifier(random_state=0),4,0.9583333333333334,,,No using Ordinal Hot,0.09935402870178223,0.005316972732543945
algerian_forest_fires_46279,,ordinalencoder,feature_agglomeration,normalizer,ExtraTreesClassifier(random_state=0),0,0.8163265306122449,,,No using Ordinal Hot,0.07927703857421875,0.004769563674926758
algerian_forest_fires_46279,,ordinalencoder,feature_agglomeration,normalizer,ExtraTreesClassifier(random_state=0),1,0.8367346938775511,,,No using Ordinal Hot,0.07987308502197266,0.004689693450927734
algerian_forest_fires_46279,,ordinalencoder,feature_agglomeration,normalizer,ExtraTreesClassifier(random_state=0),2,0.8571428571428571,,,No using Ordinal Hot,0.08042430877685547,0.0046482086181640625
algerian_forest_fires_46279,,ordinalencoder,feature_agglomeration,normalizer,ExtraTreesClassifier(random_state=0),3,0.8333333333333334,,,No using Ordinal Hot,0.08087301254272461,0.004909992218017578
algerian_forest_fires_46279,,ordinalencoder,feature_agglomeration,normalizer,ExtraTreesClassifier(random_state=0),4,0.875,,,No using Ordinal Hot,0.08104944229125977,0.004784107208251953
algerian_forest_fires_46279,,ordinalencoder,extra_tree,normalizer,ExtraTreesClassifier(random_state=0),0,0.9591836734693877,,,No using Ordinal Hot,0.07660055160522461,0.0044155120849609375
algerian_forest_fires_46279,,ordinalencoder,extra_tree,normalizer,ExtraTreesClassifier(random_state=0),1,0.9795918367346939,,,No using Ordinal Hot,0.07674551010131836,0.004471778869628906
algerian_forest_fires_46279,,ordinalencoder,extra_tree,normalizer,ExtraTreesClassifier(random_state=0),2,0.9795918367346939,,,No using Ordinal Hot,0.07614827156066895,0.004456520080566406
algerian_forest_fires_46279,,ordinalencoder,extra_tree,normalizer,ExtraTreesClassifier(random_state=0),3,0.9583333333333334,,,No using Ordinal Hot,0.0794365406036377,0.004488229751586914
algerian_forest_fires_46279,,ordinalencoder,extra_tree,normalizer,ExtraTreesClassifier(random_state=0),4,0.9583333333333334,,,No using Ordinal Hot,0.07903409004211426,0.004498958587646484
algerian_forest_fires_46279,,ordinalencoder,linear_svc,normalizer,ExtraTreesClassifier(random_state=0),0,0.9591836734693877,,,No using Ordinal Hot,0.08083724975585938,0.0044858455657958984
algerian_forest_fires_46279,,ordinalencoder,linear_svc,normalizer,ExtraTreesClassifier(random_state=0),1,0.9795918367346939,,,No using Ordinal Hot,0.08054685592651367,0.004416942596435547
algerian_forest_fires_46279,,ordinalencoder,linear_svc,normalizer,ExtraTreesClassifier(random_state=0),2,0.9795918367346939,,,No using Ordinal Hot,0.07775497436523438,0.004625797271728516
algerian_forest_fires_46279,,ordinalencoder,linear_svc,normalizer,ExtraTreesClassifier(random_state=0),3,0.9583333333333334,,,No using Ordinal Hot,0.0782766342163086,0.004545927047729492
algerian_forest_fires_46279,,ordinalencoder,linear_svc,normalizer,ExtraTreesClassifier(random_state=0),4,0.9583333333333334,,,No using Ordinal Hot,0.0790398120880127,0.004522562026977539
algerian_forest_fires_46279,,ordinalencoder,kernel_pca,normalizer,ExtraTreesClassifier(random_state=0),0,0.9387755102040817,,,No using Ordinal Hot,0.10352420806884766,0.005103349685668945
algerian_forest_fires_46279,,ordinalencoder,kernel_pca,normalizer,ExtraTreesClassifier(random_state=0),1,0.9591836734693877,,,No using Ordinal Hot,0.10386991500854492,0.005153656005859375
algerian_forest_fires_46279,,ordinalencoder,kernel_pca,normalizer,ExtraTreesClassifier(random_state=0),2,0.8979591836734694,,,No using Ordinal Hot,0.10611867904663086,0.0050678253173828125
algerian_forest_fires_46279,,ordinalencoder,kernel_pca,normalizer,ExtraTreesClassifier(random_state=0),3,0.9166666666666666,,,No using Ordinal Hot,0.10326480865478516,0.005063295364379883
algerian_forest_fires_46279,,ordinalencoder,kernel_pca,normalizer,ExtraTreesClassifier(random_state=0),4,0.8958333333333334,,,No using Ordinal Hot,0.10253548622131348,0.005122184753417969
algerian_forest_fires_46279,,ordinalencoder,,power,ExtraTreesClassifier(random_state=0),0,0.9591836734693877,,,No using Ordinal Hot,0.0793464183807373,0.004589080810546875
algerian_forest_fires_46279,,ordinalencoder,,power,ExtraTreesClassifier(random_state=0),1,0.9795918367346939,,,No using Ordinal Hot,0.07984614372253418,0.004651784896850586
algerian_forest_fires_46279,,ordinalencoder,,power,ExtraTreesClassifier(random_state=0),2,0.9795918367346939,,,No using Ordinal Hot,0.07895708084106445,0.004440784454345703
algerian_forest_fires_46279,,ordinalencoder,,power,ExtraTreesClassifier(random_state=0),3,0.9791666666666666,,,No using Ordinal Hot,0.07839298248291016,0.004534244537353516
algerian_forest_fires_46279,,ordinalencoder,,power,ExtraTreesClassifier(random_state=0),4,0.9583333333333334,,,No using Ordinal Hot,0.07816958427429199,0.004521846771240234
algerian_forest_fires_46279,,ordinalencoder,pca,power,ExtraTreesClassifier(random_state=0),0,0.9795918367346939,,,No using Ordinal Hot,0.0810701847076416,0.004748821258544922
algerian_forest_fires_46279,,ordinalencoder,pca,power,ExtraTreesClassifier(random_state=0),1,0.9591836734693877,,,No using Ordinal Hot,0.08116436004638672,0.004691362380981445
algerian_forest_fires_46279,,ordinalencoder,pca,power,ExtraTreesClassifier(random_state=0),2,0.9591836734693877,,,No using Ordinal Hot,0.08498001098632812,0.0048983097076416016
algerian_forest_fires_46279,,ordinalencoder,pca,power,ExtraTreesClassifier(random_state=0),3,0.9583333333333334,,,No using Ordinal Hot,0.08215451240539551,0.004725933074951172
algerian_forest_fires_46279,,ordinalencoder,pca,power,ExtraTreesClassifier(random_state=0),4,0.9375,,,No using Ordinal Hot,0.08322548866271973,0.0046994686126708984
algerian_forest_fires_46279,,ordinalencoder,fastica,power,ExtraTreesClassifier(random_state=0),0,0.8775510204081632,,,No using Ordinal Hot,0.08518695831298828,0.0049321651458740234
algerian_forest_fires_46279,,ordinalencoder,fastica,power,ExtraTreesClassifier(random_state=0),1,0.9183673469387755,,,No using Ordinal Hot,0.08580374717712402,0.0047914981842041016
algerian_forest_fires_46279,,ordinalencoder,fastica,power,ExtraTreesClassifier(random_state=0),2,0.7959183673469388,,,No using Ordinal Hot,0.08631420135498047,0.0048639774322509766
algerian_forest_fires_46279,,ordinalencoder,fastica,power,ExtraTreesClassifier(random_state=0),3,0.9583333333333334,,,No using Ordinal Hot,0.08375215530395508,0.004780769348144531
algerian_forest_fires_46279,,ordinalencoder,fastica,power,ExtraTreesClassifier(random_state=0),4,0.8541666666666666,,,No using Ordinal Hot,0.08480644226074219,0.005124330520629883
algerian_forest_fires_46279,,ordinalencoder,truncated_svd,power,ExtraTreesClassifier(random_state=0),0,0.8571428571428571,,,No using Ordinal Hot,0.07906174659729004,0.0047223567962646484
algerian_forest_fires_46279,,ordinalencoder,truncated_svd,power,ExtraTreesClassifier(random_state=0),1,0.8979591836734694,,,No using Ordinal Hot,0.07973241806030273,0.00471043586730957
algerian_forest_fires_46279,,ordinalencoder,truncated_svd,power,ExtraTreesClassifier(random_state=0),2,0.7959183673469388,,,No using Ordinal Hot,0.07980203628540039,0.0047397613525390625
algerian_forest_fires_46279,,ordinalencoder,truncated_svd,power,ExtraTreesClassifier(random_state=0),3,0.9375,,,No using Ordinal Hot,0.08056521415710449,0.004697084426879883
algerian_forest_fires_46279,,ordinalencoder,truncated_svd,power,ExtraTreesClassifier(random_state=0),4,0.9166666666666666,,,No using Ordinal Hot,0.08005499839782715,0.004661083221435547
algerian_forest_fires_46279,,ordinalencoder,select_percentile,power,ExtraTreesClassifier(random_state=0),0,0.9795918367346939,,,No using Ordinal Hot,0.07773518562316895,0.004496574401855469
algerian_forest_fires_46279,,ordinalencoder,select_percentile,power,ExtraTreesClassifier(random_state=0),1,0.9795918367346939,,,No using Ordinal Hot,0.07762765884399414,0.004488945007324219
algerian_forest_fires_46279,,ordinalencoder,select_percentile,power,ExtraTreesClassifier(random_state=0),2,0.9795918367346939,,,No using Ordinal Hot,0.07722926139831543,0.004703521728515625
algerian_forest_fires_46279,,ordinalencoder,select_percentile,power,ExtraTreesClassifier(random_state=0),3,0.9583333333333334,,,No using Ordinal Hot,1.0908970832824707,0.004484891891479492
algerian_forest_fires_46279,,ordinalencoder,select_percentile,power,ExtraTreesClassifier(random_state=0),4,0.9791666666666666,,,No using Ordinal Hot,0.07721734046936035,0.004523038864135742
algerian_forest_fires_46279,,ordinalencoder,generic_univariate,power,ExtraTreesClassifier(random_state=0),0,0.9387755102040817,,,No using Ordinal Hot,0.07845330238342285,0.004645586013793945
algerian_forest_fires_46279,,ordinalencoder,generic_univariate,power,ExtraTreesClassifier(random_state=0),1,0.9183673469387755,,,No using Ordinal Hot,0.07936358451843262,0.004619598388671875
algerian_forest_fires_46279,,ordinalencoder,generic_univariate,power,ExtraTreesClassifier(random_state=0),2,0.9183673469387755,,,No using Ordinal Hot,0.08131170272827148,0.004751920700073242
algerian_forest_fires_46279,,ordinalencoder,generic_univariate,power,ExtraTreesClassifier(random_state=0),3,0.9166666666666666,,,No using Ordinal Hot,0.0794827938079834,0.004659175872802734
algerian_forest_fires_46279,,ordinalencoder,generic_univariate,power,ExtraTreesClassifier(random_state=0),4,0.9583333333333334,,,No using Ordinal Hot,0.07869791984558105,0.004560947418212891
algerian_forest_fires_46279,,ordinalencoder,polynomial_features,power,ExtraTreesClassifier(random_state=0),0,0.9591836734693877,,,No using Ordinal Hot,0.08621644973754883,0.004712104797363281
algerian_forest_fires_46279,,ordinalencoder,polynomial_features,power,ExtraTreesClassifier(random_state=0),1,0.9795918367346939,,,No using Ordinal Hot,0.08689284324645996,0.004729747772216797
algerian_forest_fires_46279,,ordinalencoder,polynomial_features,power,ExtraTreesClassifier(random_state=0),2,0.9795918367346939,,,No using Ordinal Hot,0.08659219741821289,0.004687070846557617
algerian_forest_fires_46279,,ordinalencoder,polynomial_features,power,ExtraTreesClassifier(random_state=0),3,0.9791666666666666,,,No using Ordinal Hot,0.08715033531188965,0.004664897918701172
algerian_forest_fires_46279,,ordinalencoder,polynomial_features,power,ExtraTreesClassifier(random_state=0),4,0.9375,,,No using Ordinal Hot,0.08643436431884766,0.004615068435668945
algerian_forest_fires_46279,,ordinalencoder,nystroem,power,ExtraTreesClassifier(random_state=0),0,0.9183673469387755,,,No using Ordinal Hot,0.09981584548950195,0.004704952239990234
algerian_forest_fires_46279,,ordinalencoder,nystroem,power,ExtraTreesClassifier(random_state=0),1,0.9387755102040817,,,No using Ordinal Hot,0.10138630867004395,0.0050394535064697266
algerian_forest_fires_46279,,ordinalencoder,nystroem,power,ExtraTreesClassifier(random_state=0),2,0.9387755102040817,,,No using Ordinal Hot,0.10522580146789551,0.005012035369873047
algerian_forest_fires_46279,,ordinalencoder,nystroem,power,ExtraTreesClassifier(random_state=0),3,0.9791666666666666,,,No using Ordinal Hot,0.08503031730651855,0.004607677459716797
algerian_forest_fires_46279,,ordinalencoder,nystroem,power,ExtraTreesClassifier(random_state=0),4,0.9583333333333334,,,No using Ordinal Hot,0.10722017288208008,0.005027294158935547
algerian_forest_fires_46279,,ordinalencoder,rbf_sampler,power,ExtraTreesClassifier(random_state=0),0,0.6938775510204082,,,No using Ordinal Hot,0.09810280799865723,0.00482177734375
algerian_forest_fires_46279,,ordinalencoder,rbf_sampler,power,ExtraTreesClassifier(random_state=0),1,0.7142857142857143,,,No using Ordinal Hot,0.09836864471435547,0.0048792362213134766
algerian_forest_fires_46279,,ordinalencoder,rbf_sampler,power,ExtraTreesClassifier(random_state=0),2,0.6326530612244898,,,No using Ordinal Hot,0.09800505638122559,0.004829883575439453
algerian_forest_fires_46279,,ordinalencoder,rbf_sampler,power,ExtraTreesClassifier(random_state=0),3,0.7291666666666666,,,No using Ordinal Hot,0.09781932830810547,0.004688739776611328
algerian_forest_fires_46279,,ordinalencoder,rbf_sampler,power,ExtraTreesClassifier(random_state=0),4,0.6041666666666666,,,No using Ordinal Hot,0.09758305549621582,0.0047452449798583984
algerian_forest_fires_46279,,ordinalencoder,random_trees_embedding,power,ExtraTreesClassifier(random_state=0),0,0.9591836734693877,,,No using Ordinal Hot,0.09892892837524414,0.005331277847290039
algerian_forest_fires_46279,,ordinalencoder,random_trees_embedding,power,ExtraTreesClassifier(random_state=0),1,0.9591836734693877,,,No using Ordinal Hot,0.10257506370544434,0.005548238754272461
algerian_forest_fires_46279,,ordinalencoder,random_trees_embedding,power,ExtraTreesClassifier(random_state=0),2,0.9795918367346939,,,No using Ordinal Hot,0.10490202903747559,0.005482196807861328
algerian_forest_fires_46279,,ordinalencoder,random_trees_embedding,power,ExtraTreesClassifier(random_state=0),3,0.9583333333333334,,,No using Ordinal Hot,0.10172104835510254,0.005451202392578125
algerian_forest_fires_46279,,ordinalencoder,random_trees_embedding,power,ExtraTreesClassifier(random_state=0),4,0.9583333333333334,,,No using Ordinal Hot,0.10012650489807129,0.005381345748901367
algerian_forest_fires_46279,,ordinalencoder,feature_agglomeration,power,ExtraTreesClassifier(random_state=0),0,0.8367346938775511,,,No using Ordinal Hot,0.08083200454711914,0.004652261734008789
algerian_forest_fires_46279,,ordinalencoder,feature_agglomeration,power,ExtraTreesClassifier(random_state=0),1,0.9183673469387755,,,No using Ordinal Hot,0.08042740821838379,0.00469207763671875
algerian_forest_fires_46279,,ordinalencoder,feature_agglomeration,power,ExtraTreesClassifier(random_state=0),2,0.9795918367346939,,,No using Ordinal Hot,0.08168530464172363,0.004735469818115234
algerian_forest_fires_46279,,ordinalencoder,feature_agglomeration,power,ExtraTreesClassifier(random_state=0),3,0.9166666666666666,,,No using Ordinal Hot,0.08239197731018066,0.0048639774322509766
algerian_forest_fires_46279,,ordinalencoder,feature_agglomeration,power,ExtraTreesClassifier(random_state=0),4,0.9166666666666666,,,No using Ordinal Hot,0.08324313163757324,0.004874467849731445
algerian_forest_fires_46279,,ordinalencoder,extra_tree,power,ExtraTreesClassifier(random_state=0),0,0.9591836734693877,,,No using Ordinal Hot,0.08102107048034668,0.0044956207275390625
algerian_forest_fires_46279,,ordinalencoder,extra_tree,power,ExtraTreesClassifier(random_state=0),1,0.9795918367346939,,,No using Ordinal Hot,0.0798335075378418,0.004451274871826172
algerian_forest_fires_46279,,ordinalencoder,extra_tree,power,ExtraTreesClassifier(random_state=0),2,0.9795918367346939,,,No using Ordinal Hot,0.07881355285644531,0.004521846771240234
algerian_forest_fires_46279,,ordinalencoder,extra_tree,power,ExtraTreesClassifier(random_state=0),3,0.9583333333333334,,,No using Ordinal Hot,0.07945823669433594,0.004575252532958984
algerian_forest_fires_46279,,ordinalencoder,extra_tree,power,ExtraTreesClassifier(random_state=0),4,0.9791666666666666,,,No using Ordinal Hot,0.07900738716125488,0.004629373550415039
algerian_forest_fires_46279,,ordinalencoder,linear_svc,power,ExtraTreesClassifier(random_state=0),0,0.9795918367346939,,,No using Ordinal Hot,0.07895421981811523,0.004557132720947266
algerian_forest_fires_46279,,ordinalencoder,linear_svc,power,ExtraTreesClassifier(random_state=0),1,0.9795918367346939,,,No using Ordinal Hot,0.07924389839172363,0.00458836555480957
algerian_forest_fires_46279,,ordinalencoder,linear_svc,power,ExtraTreesClassifier(random_state=0),2,0.9591836734693877,,,No using Ordinal Hot,0.07976055145263672,0.004491567611694336
algerian_forest_fires_46279,,ordinalencoder,linear_svc,power,ExtraTreesClassifier(random_state=0),3,0.9583333333333334,,,No using Ordinal Hot,0.07952642440795898,0.0045926570892333984
algerian_forest_fires_46279,,ordinalencoder,linear_svc,power,ExtraTreesClassifier(random_state=0),4,0.9583333333333334,,,No using Ordinal Hot,0.07968306541442871,0.004538536071777344
algerian_forest_fires_46279,,ordinalencoder,kernel_pca,power,ExtraTreesClassifier(random_state=0),0,0.9591836734693877,,,No using Ordinal Hot,0.08763837814331055,0.004783153533935547
algerian_forest_fires_46279,,ordinalencoder,kernel_pca,power,ExtraTreesClassifier(random_state=0),1,0.9591836734693877,,,No using Ordinal Hot,0.10224652290344238,0.004660129547119141
algerian_forest_fires_46279,,ordinalencoder,kernel_pca,power,ExtraTreesClassifier(random_state=0),2,0.9795918367346939,,,No using Ordinal Hot,0.09365034103393555,0.004710674285888672
algerian_forest_fires_46279,,ordinalencoder,kernel_pca,power,ExtraTreesClassifier(random_state=0),3,0.9583333333333334,,,No using Ordinal Hot,0.09451651573181152,0.004604339599609375
algerian_forest_fires_46279,,ordinalencoder,kernel_pca,power,ExtraTreesClassifier(random_state=0),4,0.9791666666666666,,,No using Ordinal Hot,0.09423065185546875,0.004708051681518555
algerian_forest_fires_46279,,ordinalencoder,,quantile,ExtraTreesClassifier(random_state=0),0,0.9591836734693877,,,No using Ordinal Hot,0.07367753982543945,0.004203319549560547
algerian_forest_fires_46279,,ordinalencoder,,quantile,ExtraTreesClassifier(random_state=0),1,0.9795918367346939,,,No using Ordinal Hot,0.07323861122131348,0.004207134246826172
algerian_forest_fires_46279,,ordinalencoder,,quantile,ExtraTreesClassifier(random_state=0),2,1.0,,,No using Ordinal Hot,0.07294774055480957,0.004215717315673828
algerian_forest_fires_46279,,ordinalencoder,,quantile,ExtraTreesClassifier(random_state=0),3,0.9583333333333334,,,No using Ordinal Hot,0.07372713088989258,0.004191160202026367
algerian_forest_fires_46279,,ordinalencoder,,quantile,ExtraTreesClassifier(random_state=0),4,0.9583333333333334,,,No using Ordinal Hot,0.0735015869140625,0.0041735172271728516
algerian_forest_fires_46279,,ordinalencoder,pca,quantile,ExtraTreesClassifier(random_state=0),0,0.8979591836734694,,,No using Ordinal Hot,0.07694363594055176,0.00431370735168457
algerian_forest_fires_46279,,ordinalencoder,pca,quantile,ExtraTreesClassifier(random_state=0),1,0.9795918367346939,,,No using Ordinal Hot,0.07656073570251465,0.004342079162597656
algerian_forest_fires_46279,,ordinalencoder,pca,quantile,ExtraTreesClassifier(random_state=0),2,0.8979591836734694,,,No using Ordinal Hot,0.0767221450805664,0.004407405853271484
algerian_forest_fires_46279,,ordinalencoder,pca,quantile,ExtraTreesClassifier(random_state=0),3,0.9166666666666666,,,No using Ordinal Hot,0.07641863822937012,0.0044176578521728516
algerian_forest_fires_46279,,ordinalencoder,pca,quantile,ExtraTreesClassifier(random_state=0),4,0.9375,,,No using Ordinal Hot,0.07705974578857422,0.004374027252197266
algerian_forest_fires_46279,,ordinalencoder,fastica,quantile,ExtraTreesClassifier(random_state=0),0,0.7346938775510204,,,No using Ordinal Hot,0.0794062614440918,0.004445075988769531
algerian_forest_fires_46279,,ordinalencoder,fastica,quantile,ExtraTreesClassifier(random_state=0),1,0.8571428571428571,,,No using Ordinal Hot,0.07834506034851074,0.0045588016510009766
algerian_forest_fires_46279,,ordinalencoder,fastica,quantile,ExtraTreesClassifier(random_state=0),2,0.8367346938775511,,,No using Ordinal Hot,0.07778787612915039,0.0044291019439697266
algerian_forest_fires_46279,,ordinalencoder,fastica,quantile,ExtraTreesClassifier(random_state=0),3,0.9166666666666666,,,No using Ordinal Hot,0.07737255096435547,0.004425525665283203
algerian_forest_fires_46279,,ordinalencoder,fastica,quantile,ExtraTreesClassifier(random_state=0),4,0.8541666666666666,,,No using Ordinal Hot,0.07744765281677246,0.004366159439086914
algerian_forest_fires_46279,,ordinalencoder,truncated_svd,quantile,ExtraTreesClassifier(random_state=0),0,0.8979591836734694,,,No using Ordinal Hot,0.07226872444152832,0.004258155822753906
algerian_forest_fires_46279,,ordinalencoder,truncated_svd,quantile,ExtraTreesClassifier(random_state=0),1,0.9387755102040817,,,No using Ordinal Hot,0.07257485389709473,0.004323244094848633
algerian_forest_fires_46279,,ordinalencoder,truncated_svd,quantile,ExtraTreesClassifier(random_state=0),2,0.8775510204081632,,,No using Ordinal Hot,0.07273578643798828,0.00429081916809082
algerian_forest_fires_46279,,ordinalencoder,truncated_svd,quantile,ExtraTreesClassifier(random_state=0),3,0.8958333333333334,,,No using Ordinal Hot,0.0724935531616211,0.0042722225189208984
algerian_forest_fires_46279,,ordinalencoder,truncated_svd,quantile,ExtraTreesClassifier(random_state=0),4,0.9375,,,No using Ordinal Hot,0.07263422012329102,0.0042841434478759766
algerian_forest_fires_46279,,ordinalencoder,select_percentile,quantile,ExtraTreesClassifier(random_state=0),0,0.9795918367346939,,,No using Ordinal Hot,0.07089400291442871,0.004194974899291992
algerian_forest_fires_46279,,ordinalencoder,select_percentile,quantile,ExtraTreesClassifier(random_state=0),1,0.9795918367346939,,,No using Ordinal Hot,0.07077431678771973,0.004108905792236328
algerian_forest_fires_46279,,ordinalencoder,select_percentile,quantile,ExtraTreesClassifier(random_state=0),2,1.0,,,No using Ordinal Hot,0.07615494728088379,0.004231929779052734
algerian_forest_fires_46279,,ordinalencoder,select_percentile,quantile,ExtraTreesClassifier(random_state=0),3,0.9791666666666666,,,No using Ordinal Hot,0.07133030891418457,0.004189252853393555
algerian_forest_fires_46279,,ordinalencoder,select_percentile,quantile,ExtraTreesClassifier(random_state=0),4,0.9583333333333334,,,No using Ordinal Hot,0.07096695899963379,0.004160881042480469
algerian_forest_fires_46279,,ordinalencoder,generic_univariate,quantile,ExtraTreesClassifier(random_state=0),0,0.9795918367346939,,,No using Ordinal Hot,0.07071805000305176,0.0041730403900146484
algerian_forest_fires_46279,,ordinalencoder,generic_univariate,quantile,ExtraTreesClassifier(random_state=0),1,0.9795918367346939,,,No using Ordinal Hot,0.07039046287536621,0.0041654109954833984
algerian_forest_fires_46279,,ordinalencoder,generic_univariate,quantile,ExtraTreesClassifier(random_state=0),2,1.0,,,No using Ordinal Hot,0.07101011276245117,0.004182577133178711
algerian_forest_fires_46279,,ordinalencoder,generic_univariate,quantile,ExtraTreesClassifier(random_state=0),3,0.9375,,,No using Ordinal Hot,0.07047271728515625,0.004157543182373047
algerian_forest_fires_46279,,ordinalencoder,generic_univariate,quantile,ExtraTreesClassifier(random_state=0),4,0.9375,,,No using Ordinal Hot,0.06997871398925781,0.004087209701538086
algerian_forest_fires_46279,,ordinalencoder,polynomial_features,quantile,ExtraTreesClassifier(random_state=0),0,0.9591836734693877,,,No using Ordinal Hot,0.07496380805969238,0.004134654998779297
algerian_forest_fires_46279,,ordinalencoder,polynomial_features,quantile,ExtraTreesClassifier(random_state=0),1,0.9795918367346939,,,No using Ordinal Hot,0.07459545135498047,0.004129648208618164
algerian_forest_fires_46279,,ordinalencoder,polynomial_features,quantile,ExtraTreesClassifier(random_state=0),2,1.0,,,No using Ordinal Hot,0.07538414001464844,0.004185199737548828
algerian_forest_fires_46279,,ordinalencoder,polynomial_features,quantile,ExtraTreesClassifier(random_state=0),3,0.9791666666666666,,,No using Ordinal Hot,0.07634210586547852,0.004148006439208984
algerian_forest_fires_46279,,ordinalencoder,polynomial_features,quantile,ExtraTreesClassifier(random_state=0),4,0.9583333333333334,,,No using Ordinal Hot,0.07596683502197266,0.00410151481628418
algerian_forest_fires_46279,,ordinalencoder,nystroem,quantile,ExtraTreesClassifier(random_state=0),0,0.8571428571428571,,,No using Ordinal Hot,0.09311389923095703,0.004594087600708008
algerian_forest_fires_46279,,ordinalencoder,nystroem,quantile,ExtraTreesClassifier(random_state=0),1,0.9387755102040817,,,No using Ordinal Hot,0.09714460372924805,0.004590034484863281
algerian_forest_fires_46279,,ordinalencoder,nystroem,quantile,ExtraTreesClassifier(random_state=0),2,0.8571428571428571,,,No using Ordinal Hot,0.09478926658630371,0.004225254058837891
algerian_forest_fires_46279,,ordinalencoder,nystroem,quantile,ExtraTreesClassifier(random_state=0),3,0.9375,,,No using Ordinal Hot,0.10008406639099121,0.004851579666137695
algerian_forest_fires_46279,,ordinalencoder,nystroem,quantile,ExtraTreesClassifier(random_state=0),4,0.9791666666666666,,,No using Ordinal Hot,0.10298609733581543,0.004895687103271484
algerian_forest_fires_46279,,ordinalencoder,rbf_sampler,quantile,ExtraTreesClassifier(random_state=0),0,0.9183673469387755,,,No using Ordinal Hot,0.09253334999084473,0.0046443939208984375
algerian_forest_fires_46279,,ordinalencoder,rbf_sampler,quantile,ExtraTreesClassifier(random_state=0),1,0.9387755102040817,,,No using Ordinal Hot,0.08819127082824707,0.004553318023681641
algerian_forest_fires_46279,,ordinalencoder,rbf_sampler,quantile,ExtraTreesClassifier(random_state=0),2,0.9387755102040817,,,No using Ordinal Hot,0.0883185863494873,0.0046422481536865234
algerian_forest_fires_46279,,ordinalencoder,rbf_sampler,quantile,ExtraTreesClassifier(random_state=0),3,0.9375,,,No using Ordinal Hot,0.08828377723693848,0.004639625549316406
algerian_forest_fires_46279,,ordinalencoder,rbf_sampler,quantile,ExtraTreesClassifier(random_state=0),4,0.9791666666666666,,,No using Ordinal Hot,0.0883636474609375,0.004684925079345703
algerian_forest_fires_46279,,ordinalencoder,random_trees_embedding,quantile,ExtraTreesClassifier(random_state=0),0,0.9387755102040817,,,No using Ordinal Hot,0.10120654106140137,0.005368232727050781
algerian_forest_fires_46279,,ordinalencoder,random_trees_embedding,quantile,ExtraTreesClassifier(random_state=0),1,0.9795918367346939,,,No using Ordinal Hot,0.10007047653198242,0.005265951156616211
algerian_forest_fires_46279,,ordinalencoder,random_trees_embedding,quantile,ExtraTreesClassifier(random_state=0),2,0.9591836734693877,,,No using Ordinal Hot,0.09937596321105957,0.00530695915222168
algerian_forest_fires_46279,,ordinalencoder,random_trees_embedding,quantile,ExtraTreesClassifier(random_state=0),3,0.9583333333333334,,,No using Ordinal Hot,0.10051369667053223,0.005339860916137695
algerian_forest_fires_46279,,ordinalencoder,random_trees_embedding,quantile,ExtraTreesClassifier(random_state=0),4,0.9583333333333334,,,No using Ordinal Hot,0.09971189498901367,0.005393028259277344
algerian_forest_fires_46279,,ordinalencoder,feature_agglomeration,quantile,ExtraTreesClassifier(random_state=0),0,0.8367346938775511,,,No using Ordinal Hot,0.07847952842712402,0.004681110382080078
algerian_forest_fires_46279,,ordinalencoder,feature_agglomeration,quantile,ExtraTreesClassifier(random_state=0),1,0.8571428571428571,,,No using Ordinal Hot,0.07886600494384766,0.0046842098236083984
algerian_forest_fires_46279,,ordinalencoder,feature_agglomeration,quantile,ExtraTreesClassifier(random_state=0),2,0.8775510204081632,,,No using Ordinal Hot,0.07873225212097168,0.004659414291381836
algerian_forest_fires_46279,,ordinalencoder,feature_agglomeration,quantile,ExtraTreesClassifier(random_state=0),3,0.9166666666666666,,,No using Ordinal Hot,0.07881689071655273,0.0045282840728759766
algerian_forest_fires_46279,,ordinalencoder,feature_agglomeration,quantile,ExtraTreesClassifier(random_state=0),4,0.9375,,,No using Ordinal Hot,0.08185744285583496,0.004694461822509766
algerian_forest_fires_46279,,ordinalencoder,extra_tree,quantile,ExtraTreesClassifier(random_state=0),0,0.9795918367346939,,,No using Ordinal Hot,0.07798051834106445,0.0045166015625
algerian_forest_fires_46279,,ordinalencoder,extra_tree,quantile,ExtraTreesClassifier(random_state=0),1,0.9795918367346939,,,No using Ordinal Hot,0.07840275764465332,0.004605531692504883
algerian_forest_fires_46279,,ordinalencoder,extra_tree,quantile,ExtraTreesClassifier(random_state=0),2,1.0,,,No using Ordinal Hot,0.07783198356628418,0.004498004913330078
algerian_forest_fires_46279,,ordinalencoder,extra_tree,quantile,ExtraTreesClassifier(random_state=0),3,0.9583333333333334,,,No using Ordinal Hot,0.07749366760253906,0.0045011043548583984
algerian_forest_fires_46279,,ordinalencoder,extra_tree,quantile,ExtraTreesClassifier(random_state=0),4,0.9583333333333334,,,No using Ordinal Hot,0.0773935317993164,0.004405021667480469
algerian_forest_fires_46279,,ordinalencoder,linear_svc,quantile,ExtraTreesClassifier(random_state=0),0,0.9795918367346939,,,No using Ordinal Hot,0.07635092735290527,0.004567623138427734
algerian_forest_fires_46279,,ordinalencoder,linear_svc,quantile,ExtraTreesClassifier(random_state=0),1,0.9795918367346939,,,No using Ordinal Hot,0.07672286033630371,0.0044727325439453125
algerian_forest_fires_46279,,ordinalencoder,linear_svc,quantile,ExtraTreesClassifier(random_state=0),2,1.0,,,No using Ordinal Hot,0.07727408409118652,0.004492998123168945
algerian_forest_fires_46279,,ordinalencoder,linear_svc,quantile,ExtraTreesClassifier(random_state=0),3,0.9583333333333334,,,No using Ordinal Hot,0.07678580284118652,0.004479646682739258
algerian_forest_fires_46279,,ordinalencoder,linear_svc,quantile,ExtraTreesClassifier(random_state=0),4,0.9583333333333334,,,No using Ordinal Hot,0.07735824584960938,0.004525661468505859
algerian_forest_fires_46279,,ordinalencoder,kernel_pca,quantile,ExtraTreesClassifier(random_state=0),0,0.9591836734693877,,,No using Ordinal Hot,0.10390925407409668,0.0050983428955078125
algerian_forest_fires_46279,,ordinalencoder,kernel_pca,quantile,ExtraTreesClassifier(random_state=0),1,0.9591836734693877,,,No using Ordinal Hot,0.10240697860717773,0.0051343441009521484
algerian_forest_fires_46279,,ordinalencoder,kernel_pca,quantile,ExtraTreesClassifier(random_state=0),2,0.8979591836734694,,,No using Ordinal Hot,0.10098552703857422,0.005071163177490234
algerian_forest_fires_46279,,ordinalencoder,kernel_pca,quantile,ExtraTreesClassifier(random_state=0),3,0.9166666666666666,,,No using Ordinal Hot,0.10499215126037598,0.0052034854888916016
algerian_forest_fires_46279,,ordinalencoder,kernel_pca,quantile,ExtraTreesClassifier(random_state=0),4,0.9375,,,No using Ordinal Hot,0.08091402053833008,0.004597663879394531
algerian_forest_fires_46279,simpleimputer,,,,ExtraTreesClassifier(random_state=0),0,0.9591836734693877,,No using Simple Imputer,,0.07918143272399902,0.00543665885925293
algerian_forest_fires_46279,simpleimputer,,,,ExtraTreesClassifier(random_state=0),1,0.9795918367346939,,No using Simple Imputer,,0.07894539833068848,0.005519866943359375
algerian_forest_fires_46279,simpleimputer,,,,ExtraTreesClassifier(random_state=0),2,1.0,,No using Simple Imputer,,0.07897138595581055,0.005321979522705078
algerian_forest_fires_46279,simpleimputer,,,,ExtraTreesClassifier(random_state=0),3,0.9791666666666666,,No using Simple Imputer,,0.07877540588378906,0.005273580551147461
algerian_forest_fires_46279,simpleimputer,,,,ExtraTreesClassifier(random_state=0),4,0.9583333333333334,,No using Simple Imputer,,0.08051633834838867,0.005704164505004883
algerian_forest_fires_46279,simpleimputer,,pca,,ExtraTreesClassifier(random_state=0),0,0.9795918367346939,,No using Simple Imputer,,0.08213472366333008,0.00461268424987793
algerian_forest_fires_46279,simpleimputer,,pca,,ExtraTreesClassifier(random_state=0),1,0.9591836734693877,,No using Simple Imputer,,0.08148789405822754,0.004759311676025391
algerian_forest_fires_46279,simpleimputer,,pca,,ExtraTreesClassifier(random_state=0),2,0.9183673469387755,,No using Simple Imputer,,0.08148932456970215,0.004650115966796875
algerian_forest_fires_46279,simpleimputer,,pca,,ExtraTreesClassifier(random_state=0),3,0.9375,,No using Simple Imputer,,0.0813589096069336,0.0045528411865234375
algerian_forest_fires_46279,simpleimputer,,pca,,ExtraTreesClassifier(random_state=0),4,0.9375,,No using Simple Imputer,,0.0860140323638916,0.004601240158081055
algerian_forest_fires_46279,simpleimputer,,fastica,,ExtraTreesClassifier(random_state=0),0,0.6530612244897959,,No using Simple Imputer,,0.08449864387512207,0.004652976989746094
algerian_forest_fires_46279,simpleimputer,,fastica,,ExtraTreesClassifier(random_state=0),1,0.8163265306122449,,No using Simple Imputer,,0.08490133285522461,0.004922151565551758
algerian_forest_fires_46279,simpleimputer,,fastica,,ExtraTreesClassifier(random_state=0),2,0.9183673469387755,,No using Simple Imputer,,0.08336544036865234,0.004720449447631836
algerian_forest_fires_46279,simpleimputer,,fastica,,ExtraTreesClassifier(random_state=0),3,0.9166666666666666,,No using Simple Imputer,,0.08316779136657715,0.00465703010559082
algerian_forest_fires_46279,simpleimputer,,fastica,,ExtraTreesClassifier(random_state=0),4,0.6875,,No using Simple Imputer,,0.08629012107849121,0.004794597625732422
algerian_forest_fires_46279,simpleimputer,,truncated_svd,,ExtraTreesClassifier(random_state=0),0,0.8367346938775511,,No using Simple Imputer,,0.08034110069274902,0.004578351974487305
algerian_forest_fires_46279,simpleimputer,,truncated_svd,,ExtraTreesClassifier(random_state=0),1,0.7755102040816326,,No using Simple Imputer,,0.0804893970489502,0.00461125373840332
algerian_forest_fires_46279,simpleimputer,,truncated_svd,,ExtraTreesClassifier(random_state=0),2,0.7959183673469388,,No using Simple Imputer,,0.07924413681030273,0.004766702651977539
algerian_forest_fires_46279,simpleimputer,,truncated_svd,,ExtraTreesClassifier(random_state=0),3,0.8541666666666666,,No using Simple Imputer,,0.07957744598388672,0.0046384334564208984
algerian_forest_fires_46279,simpleimputer,,truncated_svd,,ExtraTreesClassifier(random_state=0),4,0.875,,No using Simple Imputer,,0.07961583137512207,0.004673480987548828
algerian_forest_fires_46279,simpleimputer,,select_percentile,,ExtraTreesClassifier(random_state=0),0,0.9795918367346939,,No using Simple Imputer,,0.07591891288757324,0.004430532455444336
algerian_forest_fires_46279,simpleimputer,,select_percentile,,ExtraTreesClassifier(random_state=0),1,0.9795918367346939,,No using Simple Imputer,,0.07555913925170898,0.004451751708984375
algerian_forest_fires_46279,simpleimputer,,select_percentile,,ExtraTreesClassifier(random_state=0),2,1.0,,No using Simple Imputer,,0.0767817497253418,0.004525184631347656
algerian_forest_fires_46279,simpleimputer,,select_percentile,,ExtraTreesClassifier(random_state=0),3,0.9791666666666666,,No using Simple Imputer,,0.07634973526000977,0.0044558048248291016
algerian_forest_fires_46279,simpleimputer,,select_percentile,,ExtraTreesClassifier(random_state=0),4,0.9583333333333334,,No using Simple Imputer,,0.07631468772888184,0.00447845458984375
algerian_forest_fires_46279,simpleimputer,,generic_univariate,,ExtraTreesClassifier(random_state=0),0,1.0,,No using Simple Imputer,,0.07588887214660645,0.0044057369232177734
algerian_forest_fires_46279,simpleimputer,,generic_univariate,,ExtraTreesClassifier(random_state=0),1,1.0,,No using Simple Imputer,,0.07641410827636719,0.004689931869506836
algerian_forest_fires_46279,simpleimputer,,generic_univariate,,ExtraTreesClassifier(random_state=0),2,1.0,,No using Simple Imputer,,0.0767974853515625,0.004479885101318359
algerian_forest_fires_46279,simpleimputer,,generic_univariate,,ExtraTreesClassifier(random_state=0),3,0.9583333333333334,,No using Simple Imputer,,0.07680082321166992,0.0043680667877197266
algerian_forest_fires_46279,simpleimputer,,generic_univariate,,ExtraTreesClassifier(random_state=0),4,0.9791666666666666,,No using Simple Imputer,,0.07607316970825195,0.004439353942871094
algerian_forest_fires_46279,simpleimputer,,polynomial_features,,ExtraTreesClassifier(random_state=0),0,0.9591836734693877,,No using Simple Imputer,,0.08067440986633301,0.004422187805175781
algerian_forest_fires_46279,simpleimputer,,polynomial_features,,ExtraTreesClassifier(random_state=0),1,0.9795918367346939,,No using Simple Imputer,,0.08141016960144043,0.004532814025878906
algerian_forest_fires_46279,simpleimputer,,polynomial_features,,ExtraTreesClassifier(random_state=0),2,1.0,,No using Simple Imputer,,0.08441710472106934,0.004580259323120117
algerian_forest_fires_46279,simpleimputer,,polynomial_features,,ExtraTreesClassifier(random_state=0),3,0.9583333333333334,,No using Simple Imputer,,0.08251690864562988,0.004538297653198242
algerian_forest_fires_46279,simpleimputer,,polynomial_features,,ExtraTreesClassifier(random_state=0),4,0.9583333333333334,,No using Simple Imputer,,0.08129405975341797,0.0044097900390625
algerian_forest_fires_46279,simpleimputer,,nystroem,,ExtraTreesClassifier(random_state=0),0,0.673469387755102,,No using Simple Imputer,,0.14539337158203125,0.005645751953125
algerian_forest_fires_46279,simpleimputer,,nystroem,,ExtraTreesClassifier(random_state=0),1,0.8571428571428571,,No using Simple Imputer,,0.143904447555542,0.0055522918701171875
algerian_forest_fires_46279,simpleimputer,,nystroem,,ExtraTreesClassifier(random_state=0),2,0.8367346938775511,,No using Simple Imputer,,0.14736008644104004,0.005644083023071289
algerian_forest_fires_46279,simpleimputer,,nystroem,,ExtraTreesClassifier(random_state=0),3,0.7708333333333334,,No using Simple Imputer,,0.1642932891845703,0.005699872970581055
algerian_forest_fires_46279,simpleimputer,,nystroem,,ExtraTreesClassifier(random_state=0),4,0.8125,,No using Simple Imputer,,0.14733648300170898,0.005623817443847656
algerian_forest_fires_46279,simpleimputer,,rbf_sampler,,ExtraTreesClassifier(random_state=0),0,0.5918367346938775,,No using Simple Imputer,,0.09676003456115723,0.0046846866607666016
algerian_forest_fires_46279,simpleimputer,,rbf_sampler,,ExtraTreesClassifier(random_state=0),1,0.5510204081632653,,No using Simple Imputer,,0.09724712371826172,0.004752159118652344
algerian_forest_fires_46279,simpleimputer,,rbf_sampler,,ExtraTreesClassifier(random_state=0),2,0.5714285714285714,,No using Simple Imputer,,0.09961819648742676,0.006072521209716797
algerian_forest_fires_46279,simpleimputer,,rbf_sampler,,ExtraTreesClassifier(random_state=0),3,0.625,,No using Simple Imputer,,0.09888720512390137,0.004769086837768555
algerian_forest_fires_46279,simpleimputer,,rbf_sampler,,ExtraTreesClassifier(random_state=0),4,0.5625,,No using Simple Imputer,,0.09701704978942871,0.004594326019287109
algerian_forest_fires_46279,simpleimputer,,random_trees_embedding,,ExtraTreesClassifier(random_state=0),0,0.9795918367346939,,No using Simple Imputer,,0.10268974304199219,0.005346536636352539
algerian_forest_fires_46279,simpleimputer,,random_trees_embedding,,ExtraTreesClassifier(random_state=0),1,0.9591836734693877,,No using Simple Imputer,,0.10116457939147949,0.0052547454833984375
algerian_forest_fires_46279,simpleimputer,,random_trees_embedding,,ExtraTreesClassifier(random_state=0),2,0.9795918367346939,,No using Simple Imputer,,0.09944295883178711,0.005181789398193359
algerian_forest_fires_46279,simpleimputer,,random_trees_embedding,,ExtraTreesClassifier(random_state=0),3,0.9583333333333334,,No using Simple Imputer,,0.10078883171081543,0.005179643630981445
algerian_forest_fires_46279,simpleimputer,,random_trees_embedding,,ExtraTreesClassifier(random_state=0),4,0.9583333333333334,,No using Simple Imputer,,0.09967660903930664,0.005151033401489258
algerian_forest_fires_46279,simpleimputer,,feature_agglomeration,,ExtraTreesClassifier(random_state=0),0,0.7959183673469388,,No using Simple Imputer,,0.07927584648132324,0.004654407501220703
algerian_forest_fires_46279,simpleimputer,,feature_agglomeration,,ExtraTreesClassifier(random_state=0),1,0.7959183673469388,,No using Simple Imputer,,0.08266234397888184,0.004651308059692383
algerian_forest_fires_46279,simpleimputer,,feature_agglomeration,,ExtraTreesClassifier(random_state=0),2,0.8367346938775511,,No using Simple Imputer,,0.07947850227355957,0.004693031311035156
algerian_forest_fires_46279,simpleimputer,,feature_agglomeration,,ExtraTreesClassifier(random_state=0),3,0.8125,,No using Simple Imputer,,0.0794827938079834,0.004578828811645508
algerian_forest_fires_46279,simpleimputer,,feature_agglomeration,,ExtraTreesClassifier(random_state=0),4,0.8333333333333334,,No using Simple Imputer,,0.07919454574584961,0.004625558853149414
algerian_forest_fires_46279,simpleimputer,,extra_tree,,ExtraTreesClassifier(random_state=0),0,0.9591836734693877,,No using Simple Imputer,,0.07663846015930176,0.004494667053222656
algerian_forest_fires_46279,simpleimputer,,extra_tree,,ExtraTreesClassifier(random_state=0),1,0.9795918367346939,,No using Simple Imputer,,0.0773930549621582,0.004659175872802734
algerian_forest_fires_46279,simpleimputer,,extra_tree,,ExtraTreesClassifier(random_state=0),2,1.0,,No using Simple Imputer,,0.07755351066589355,0.004431724548339844
algerian_forest_fires_46279,simpleimputer,,extra_tree,,ExtraTreesClassifier(random_state=0),3,0.9583333333333334,,No using Simple Imputer,,0.07677340507507324,0.004454135894775391
algerian_forest_fires_46279,simpleimputer,,extra_tree,,ExtraTreesClassifier(random_state=0),4,0.9791666666666666,,No using Simple Imputer,,0.07568001747131348,0.004411458969116211
algerian_forest_fires_46279,simpleimputer,,linear_svc,,ExtraTreesClassifier(random_state=0),0,0.9591836734693877,,No using Simple Imputer,,0.07658982276916504,0.004537105560302734
algerian_forest_fires_46279,simpleimputer,,linear_svc,,ExtraTreesClassifier(random_state=0),1,0.9795918367346939,,No using Simple Imputer,,0.07616400718688965,0.004531383514404297
algerian_forest_fires_46279,simpleimputer,,linear_svc,,ExtraTreesClassifier(random_state=0),2,0.9591836734693877,,No using Simple Imputer,,0.07685279846191406,0.004500150680541992
algerian_forest_fires_46279,simpleimputer,,linear_svc,,ExtraTreesClassifier(random_state=0),3,0.9791666666666666,,No using Simple Imputer,,0.07804727554321289,0.004614114761352539
algerian_forest_fires_46279,simpleimputer,,linear_svc,,ExtraTreesClassifier(random_state=0),4,0.9791666666666666,,No using Simple Imputer,,0.07793879508972168,0.0044307708740234375
algerian_forest_fires_46279,simpleimputer,,kernel_pca,,ExtraTreesClassifier(random_state=0),0,0.9591836734693877,,No using Simple Imputer,,0.10218048095703125,0.005068302154541016
algerian_forest_fires_46279,simpleimputer,,kernel_pca,,ExtraTreesClassifier(random_state=0),1,0.9795918367346939,,No using Simple Imputer,,0.10212469100952148,0.004679441452026367
algerian_forest_fires_46279,simpleimputer,,kernel_pca,,ExtraTreesClassifier(random_state=0),2,0.8979591836734694,,No using Simple Imputer,,0.10407066345214844,0.00511479377746582
algerian_forest_fires_46279,simpleimputer,,kernel_pca,,ExtraTreesClassifier(random_state=0),3,0.9166666666666666,,No using Simple Imputer,,0.10293364524841309,0.005085468292236328
algerian_forest_fires_46279,simpleimputer,,kernel_pca,,ExtraTreesClassifier(random_state=0),4,0.8958333333333334,,No using Simple Imputer,,0.10358357429504395,0.00511932373046875
algerian_forest_fires_46279,simpleimputer,,,standard,ExtraTreesClassifier(random_state=0),0,0.9591836734693877,,No using Simple Imputer,,0.07967090606689453,0.0045680999755859375
algerian_forest_fires_46279,simpleimputer,,,standard,ExtraTreesClassifier(random_state=0),1,0.9795918367346939,,No using Simple Imputer,,0.08082342147827148,0.004488229751586914
algerian_forest_fires_46279,simpleimputer,,,standard,ExtraTreesClassifier(random_state=0),2,1.0,,No using Simple Imputer,,0.0812525749206543,0.004496335983276367
algerian_forest_fires_46279,simpleimputer,,,standard,ExtraTreesClassifier(random_state=0),3,0.9791666666666666,,No using Simple Imputer,,0.08141827583312988,0.004564762115478516
algerian_forest_fires_46279,simpleimputer,,,standard,ExtraTreesClassifier(random_state=0),4,0.9583333333333334,,No using Simple Imputer,,0.08075380325317383,0.0045318603515625
algerian_forest_fires_46279,simpleimputer,,pca,standard,ExtraTreesClassifier(random_state=0),0,0.9183673469387755,,No using Simple Imputer,,0.0849616527557373,0.004987955093383789
algerian_forest_fires_46279,simpleimputer,,pca,standard,ExtraTreesClassifier(random_state=0),1,0.9795918367346939,,No using Simple Imputer,,0.0851600170135498,0.004762411117553711
algerian_forest_fires_46279,simpleimputer,,pca,standard,ExtraTreesClassifier(random_state=0),2,0.8775510204081632,,No using Simple Imputer,,0.08424735069274902,0.004628181457519531
algerian_forest_fires_46279,simpleimputer,,pca,standard,ExtraTreesClassifier(random_state=0),3,0.9166666666666666,,No using Simple Imputer,,0.08421707153320312,0.004613161087036133
algerian_forest_fires_46279,simpleimputer,,pca,standard,ExtraTreesClassifier(random_state=0),4,0.9166666666666666,,No using Simple Imputer,,0.08231759071350098,0.0045506954193115234
algerian_forest_fires_46279,simpleimputer,,fastica,standard,ExtraTreesClassifier(random_state=0),0,0.7551020408163265,,No using Simple Imputer,,0.08572816848754883,0.004830598831176758
algerian_forest_fires_46279,simpleimputer,,fastica,standard,ExtraTreesClassifier(random_state=0),1,0.5510204081632653,,No using Simple Imputer,,0.08686351776123047,0.004859209060668945
algerian_forest_fires_46279,simpleimputer,,fastica,standard,ExtraTreesClassifier(random_state=0),2,0.8775510204081632,,No using Simple Imputer,,0.08342170715332031,0.004633903503417969
algerian_forest_fires_46279,simpleimputer,,fastica,standard,ExtraTreesClassifier(random_state=0),3,0.9583333333333334,,No using Simple Imputer,,0.083709716796875,0.004604816436767578
algerian_forest_fires_46279,simpleimputer,,fastica,standard,ExtraTreesClassifier(random_state=0),4,0.8125,,No using Simple Imputer,,0.08493900299072266,0.0046613216400146484
algerian_forest_fires_46279,simpleimputer,,truncated_svd,standard,ExtraTreesClassifier(random_state=0),0,0.7959183673469388,,No using Simple Imputer,,0.07897210121154785,0.004714250564575195
algerian_forest_fires_46279,simpleimputer,,truncated_svd,standard,ExtraTreesClassifier(random_state=0),1,0.8367346938775511,,No using Simple Imputer,,0.08062529563903809,0.004765510559082031
algerian_forest_fires_46279,simpleimputer,,truncated_svd,standard,ExtraTreesClassifier(random_state=0),2,0.8367346938775511,,No using Simple Imputer,,0.0808560848236084,0.004688739776611328
algerian_forest_fires_46279,simpleimputer,,truncated_svd,standard,ExtraTreesClassifier(random_state=0),3,0.875,,No using Simple Imputer,,0.08023500442504883,0.00475764274597168
algerian_forest_fires_46279,simpleimputer,,truncated_svd,standard,ExtraTreesClassifier(random_state=0),4,0.8958333333333334,,No using Simple Imputer,,0.08079910278320312,0.0049741268157958984
algerian_forest_fires_46279,simpleimputer,,select_percentile,standard,ExtraTreesClassifier(random_state=0),0,0.9795918367346939,,No using Simple Imputer,,0.07661104202270508,0.0045893192291259766
algerian_forest_fires_46279,simpleimputer,,select_percentile,standard,ExtraTreesClassifier(random_state=0),1,0.9795918367346939,,No using Simple Imputer,,0.07633256912231445,0.0045146942138671875
algerian_forest_fires_46279,simpleimputer,,select_percentile,standard,ExtraTreesClassifier(random_state=0),2,1.0,,No using Simple Imputer,,0.07703232765197754,0.004511117935180664
algerian_forest_fires_46279,simpleimputer,,select_percentile,standard,ExtraTreesClassifier(random_state=0),3,0.9791666666666666,,No using Simple Imputer,,0.07903790473937988,0.004479885101318359
algerian_forest_fires_46279,simpleimputer,,select_percentile,standard,ExtraTreesClassifier(random_state=0),4,0.9583333333333334,,No using Simple Imputer,,0.07838749885559082,0.004460811614990234
algerian_forest_fires_46279,simpleimputer,,generic_univariate,standard,ExtraTreesClassifier(random_state=0),0,1.0,,No using Simple Imputer,,0.07856631278991699,0.004495859146118164
algerian_forest_fires_46279,simpleimputer,,generic_univariate,standard,ExtraTreesClassifier(random_state=0),1,1.0,,No using Simple Imputer,,0.07860207557678223,0.004496097564697266
algerian_forest_fires_46279,simpleimputer,,generic_univariate,standard,ExtraTreesClassifier(random_state=0),2,1.0,,No using Simple Imputer,,0.07865071296691895,0.004454612731933594
algerian_forest_fires_46279,simpleimputer,,generic_univariate,standard,ExtraTreesClassifier(random_state=0),3,0.9583333333333334,,No using Simple Imputer,,0.07658910751342773,0.004556894302368164
algerian_forest_fires_46279,simpleimputer,,generic_univariate,standard,ExtraTreesClassifier(random_state=0),4,0.9791666666666666,,No using Simple Imputer,,0.07727980613708496,0.004456758499145508
algerian_forest_fires_46279,simpleimputer,,polynomial_features,standard,ExtraTreesClassifier(random_state=0),0,0.9591836734693877,,No using Simple Imputer,,0.084930419921875,0.004614353179931641
algerian_forest_fires_46279,simpleimputer,,polynomial_features,standard,ExtraTreesClassifier(random_state=0),1,0.9795918367346939,,No using Simple Imputer,,1.0789895057678223,0.004650592803955078
algerian_forest_fires_46279,simpleimputer,,polynomial_features,standard,ExtraTreesClassifier(random_state=0),2,0.9591836734693877,,No using Simple Imputer,,0.08629703521728516,0.004671335220336914
algerian_forest_fires_46279,simpleimputer,,polynomial_features,standard,ExtraTreesClassifier(random_state=0),3,0.9791666666666666,,No using Simple Imputer,,0.0862274169921875,0.004616975784301758
algerian_forest_fires_46279,simpleimputer,,polynomial_features,standard,ExtraTreesClassifier(random_state=0),4,0.9583333333333334,,No using Simple Imputer,,0.08660054206848145,0.00461125373840332
algerian_forest_fires_46279,simpleimputer,,nystroem,standard,ExtraTreesClassifier(random_state=0),0,0.8571428571428571,,No using Simple Imputer,,0.11012005805969238,0.0050427913665771484
algerian_forest_fires_46279,simpleimputer,,nystroem,standard,ExtraTreesClassifier(random_state=0),1,0.9591836734693877,,No using Simple Imputer,,0.1085810661315918,0.004981040954589844
algerian_forest_fires_46279,simpleimputer,,nystroem,standard,ExtraTreesClassifier(random_state=0),2,0.8979591836734694,,No using Simple Imputer,,0.10141444206237793,0.004681587219238281
algerian_forest_fires_46279,simpleimputer,,nystroem,standard,ExtraTreesClassifier(random_state=0),3,0.9583333333333334,,No using Simple Imputer,,0.1320803165435791,0.004921913146972656
algerian_forest_fires_46279,simpleimputer,,nystroem,standard,ExtraTreesClassifier(random_state=0),4,0.9583333333333334,,No using Simple Imputer,,0.11965751647949219,0.005012035369873047
algerian_forest_fires_46279,simpleimputer,,rbf_sampler,standard,ExtraTreesClassifier(random_state=0),0,0.5918367346938775,,No using Simple Imputer,,0.10059094429016113,0.00483250617980957
algerian_forest_fires_46279,simpleimputer,,rbf_sampler,standard,ExtraTreesClassifier(random_state=0),1,0.7346938775510204,,No using Simple Imputer,,0.09881758689880371,0.004840373992919922
algerian_forest_fires_46279,simpleimputer,,rbf_sampler,standard,ExtraTreesClassifier(random_state=0),2,0.7346938775510204,,No using Simple Imputer,,0.09808731079101562,0.004723310470581055
algerian_forest_fires_46279,simpleimputer,,rbf_sampler,standard,ExtraTreesClassifier(random_state=0),3,0.7291666666666666,,No using Simple Imputer,,0.09790611267089844,0.004876375198364258
algerian_forest_fires_46279,simpleimputer,,rbf_sampler,standard,ExtraTreesClassifier(random_state=0),4,0.7083333333333334,,No using Simple Imputer,,0.10252094268798828,0.00485539436340332
algerian_forest_fires_46279,simpleimputer,,random_trees_embedding,standard,ExtraTreesClassifier(random_state=0),0,0.9795918367346939,,No using Simple Imputer,,0.10180377960205078,0.0055010318756103516
algerian_forest_fires_46279,simpleimputer,,random_trees_embedding,standard,ExtraTreesClassifier(random_state=0),1,0.9591836734693877,,No using Simple Imputer,,0.10356807708740234,0.005353450775146484
algerian_forest_fires_46279,simpleimputer,,random_trees_embedding,standard,ExtraTreesClassifier(random_state=0),2,0.9795918367346939,,No using Simple Imputer,,0.1049799919128418,0.005457162857055664
algerian_forest_fires_46279,simpleimputer,,random_trees_embedding,standard,ExtraTreesClassifier(random_state=0),3,0.9583333333333334,,No using Simple Imputer,,0.10367608070373535,0.005446910858154297
algerian_forest_fires_46279,simpleimputer,,random_trees_embedding,standard,ExtraTreesClassifier(random_state=0),4,0.9583333333333334,,No using Simple Imputer,,0.10217785835266113,0.005310535430908203
algerian_forest_fires_46279,simpleimputer,,feature_agglomeration,standard,ExtraTreesClassifier(random_state=0),0,0.7959183673469388,,No using Simple Imputer,,0.08055710792541504,0.005150318145751953
algerian_forest_fires_46279,simpleimputer,,feature_agglomeration,standard,ExtraTreesClassifier(random_state=0),1,0.7959183673469388,,No using Simple Imputer,,0.09681868553161621,0.005320072174072266
algerian_forest_fires_46279,simpleimputer,,feature_agglomeration,standard,ExtraTreesClassifier(random_state=0),2,0.8775510204081632,,No using Simple Imputer,,0.08289408683776855,0.004839897155761719
algerian_forest_fires_46279,simpleimputer,,feature_agglomeration,standard,ExtraTreesClassifier(random_state=0),3,0.9375,,No using Simple Imputer,,0.08248066902160645,0.0048067569732666016
algerian_forest_fires_46279,simpleimputer,,feature_agglomeration,standard,ExtraTreesClassifier(random_state=0),4,0.9166666666666666,,No using Simple Imputer,,0.08330821990966797,0.004857063293457031
algerian_forest_fires_46279,simpleimputer,,extra_tree,standard,ExtraTreesClassifier(random_state=0),0,0.9591836734693877,,No using Simple Imputer,,0.07877659797668457,0.004454851150512695
algerian_forest_fires_46279,simpleimputer,,extra_tree,standard,ExtraTreesClassifier(random_state=0),1,0.9795918367346939,,No using Simple Imputer,,0.08056259155273438,0.004551410675048828
algerian_forest_fires_46279,simpleimputer,,extra_tree,standard,ExtraTreesClassifier(random_state=0),2,1.0,,No using Simple Imputer,,0.07865643501281738,0.00460505485534668
algerian_forest_fires_46279,simpleimputer,,extra_tree,standard,ExtraTreesClassifier(random_state=0),3,0.9583333333333334,,No using Simple Imputer,,0.07997918128967285,0.004622936248779297
algerian_forest_fires_46279,simpleimputer,,extra_tree,standard,ExtraTreesClassifier(random_state=0),4,0.9791666666666666,,No using Simple Imputer,,0.07793498039245605,0.004587888717651367
algerian_forest_fires_46279,simpleimputer,,linear_svc,standard,ExtraTreesClassifier(random_state=0),0,0.9795918367346939,,No using Simple Imputer,,0.07862114906311035,0.004548311233520508
algerian_forest_fires_46279,simpleimputer,,linear_svc,standard,ExtraTreesClassifier(random_state=0),1,0.9795918367346939,,No using Simple Imputer,,0.0791473388671875,0.004680156707763672
algerian_forest_fires_46279,simpleimputer,,linear_svc,standard,ExtraTreesClassifier(random_state=0),2,0.9795918367346939,,No using Simple Imputer,,0.0814359188079834,0.004677534103393555
algerian_forest_fires_46279,simpleimputer,,linear_svc,standard,ExtraTreesClassifier(random_state=0),3,0.9583333333333334,,No using Simple Imputer,,0.07914614677429199,0.004601001739501953
algerian_forest_fires_46279,simpleimputer,,linear_svc,standard,ExtraTreesClassifier(random_state=0),4,0.9791666666666666,,No using Simple Imputer,,0.07904505729675293,0.0045435428619384766
algerian_forest_fires_46279,simpleimputer,,kernel_pca,standard,ExtraTreesClassifier(random_state=0),0,0.9591836734693877,,No using Simple Imputer,,0.10392332077026367,0.0051724910736083984
algerian_forest_fires_46279,simpleimputer,,kernel_pca,standard,ExtraTreesClassifier(random_state=0),1,0.9795918367346939,,No using Simple Imputer,,0.10554337501525879,0.005338191986083984
algerian_forest_fires_46279,simpleimputer,,kernel_pca,standard,ExtraTreesClassifier(random_state=0),2,0.8775510204081632,,No using Simple Imputer,,0.12208056449890137,0.005103588104248047
algerian_forest_fires_46279,simpleimputer,,kernel_pca,standard,ExtraTreesClassifier(random_state=0),3,0.9375,,No using Simple Imputer,,0.10263371467590332,0.0051538944244384766
algerian_forest_fires_46279,simpleimputer,,kernel_pca,standard,ExtraTreesClassifier(random_state=0),4,0.9166666666666666,,No using Simple Imputer,,0.10332870483398438,0.005154132843017578
algerian_forest_fires_46279,simpleimputer,,,minmax,ExtraTreesClassifier(random_state=0),0,0.9591836734693877,,No using Simple Imputer,,0.08051347732543945,0.004615068435668945
algerian_forest_fires_46279,simpleimputer,,,minmax,ExtraTreesClassifier(random_state=0),1,0.9795918367346939,,No using Simple Imputer,,0.08118677139282227,0.00479578971862793
algerian_forest_fires_46279,simpleimputer,,,minmax,ExtraTreesClassifier(random_state=0),2,1.0,,No using Simple Imputer,,0.08075571060180664,0.0045833587646484375
algerian_forest_fires_46279,simpleimputer,,,minmax,ExtraTreesClassifier(random_state=0),3,0.9791666666666666,,No using Simple Imputer,,0.08057880401611328,0.004628658294677734
algerian_forest_fires_46279,simpleimputer,,,minmax,ExtraTreesClassifier(random_state=0),4,0.9583333333333334,,No using Simple Imputer,,0.08086228370666504,0.004634857177734375
algerian_forest_fires_46279,simpleimputer,,pca,minmax,ExtraTreesClassifier(random_state=0),0,0.9183673469387755,,No using Simple Imputer,,0.0829010009765625,0.004731178283691406
algerian_forest_fires_46279,simpleimputer,,pca,minmax,ExtraTreesClassifier(random_state=0),1,0.9795918367346939,,No using Simple Imputer,,0.08363199234008789,0.004788637161254883
algerian_forest_fires_46279,simpleimputer,,pca,minmax,ExtraTreesClassifier(random_state=0),2,0.8979591836734694,,No using Simple Imputer,,0.08286595344543457,0.004694938659667969
algerian_forest_fires_46279,simpleimputer,,pca,minmax,ExtraTreesClassifier(random_state=0),3,0.9375,,No using Simple Imputer,,0.08306193351745605,0.0046939849853515625
algerian_forest_fires_46279,simpleimputer,,pca,minmax,ExtraTreesClassifier(random_state=0),4,0.8958333333333334,,No using Simple Imputer,,0.08065199851989746,0.004262685775756836
algerian_forest_fires_46279,simpleimputer,,fastica,minmax,ExtraTreesClassifier(random_state=0),0,0.7959183673469388,,No using Simple Imputer,,0.07860112190246582,0.0044193267822265625
algerian_forest_fires_46279,simpleimputer,,fastica,minmax,ExtraTreesClassifier(random_state=0),1,0.8163265306122449,,No using Simple Imputer,,0.07742619514465332,0.004282951354980469
algerian_forest_fires_46279,simpleimputer,,fastica,minmax,ExtraTreesClassifier(random_state=0),2,0.7551020408163265,,No using Simple Imputer,,0.07752418518066406,0.004300117492675781
algerian_forest_fires_46279,simpleimputer,,fastica,minmax,ExtraTreesClassifier(random_state=0),3,0.9166666666666666,,No using Simple Imputer,,0.07758903503417969,0.004374980926513672
algerian_forest_fires_46279,simpleimputer,,fastica,minmax,ExtraTreesClassifier(random_state=0),4,0.8125,,No using Simple Imputer,,0.07792901992797852,0.0043218135833740234
algerian_forest_fires_46279,simpleimputer,,truncated_svd,minmax,ExtraTreesClassifier(random_state=0),0,0.8367346938775511,,No using Simple Imputer,,0.07254958152770996,0.004297971725463867
algerian_forest_fires_46279,simpleimputer,,truncated_svd,minmax,ExtraTreesClassifier(random_state=0),1,0.8367346938775511,,No using Simple Imputer,,0.07301783561706543,0.004297733306884766
algerian_forest_fires_46279,simpleimputer,,truncated_svd,minmax,ExtraTreesClassifier(random_state=0),2,0.8163265306122449,,No using Simple Imputer,,0.07288217544555664,0.004229545593261719
algerian_forest_fires_46279,simpleimputer,,truncated_svd,minmax,ExtraTreesClassifier(random_state=0),3,0.9166666666666666,,No using Simple Imputer,,0.07280087471008301,0.004321575164794922
algerian_forest_fires_46279,simpleimputer,,truncated_svd,minmax,ExtraTreesClassifier(random_state=0),4,0.8541666666666666,,No using Simple Imputer,,0.07297587394714355,0.004218339920043945
algerian_forest_fires_46279,simpleimputer,,select_percentile,minmax,ExtraTreesClassifier(random_state=0),0,0.9795918367346939,,No using Simple Imputer,,0.07059955596923828,0.004259586334228516
algerian_forest_fires_46279,simpleimputer,,select_percentile,minmax,ExtraTreesClassifier(random_state=0),1,0.9795918367346939,,No using Simple Imputer,,0.07102251052856445,0.004176616668701172
algerian_forest_fires_46279,simpleimputer,,select_percentile,minmax,ExtraTreesClassifier(random_state=0),2,1.0,,No using Simple Imputer,,0.07089996337890625,0.004173755645751953
algerian_forest_fires_46279,simpleimputer,,select_percentile,minmax,ExtraTreesClassifier(random_state=0),3,0.9791666666666666,,No using Simple Imputer,,0.07077717781066895,0.004159450531005859
algerian_forest_fires_46279,simpleimputer,,select_percentile,minmax,ExtraTreesClassifier(random_state=0),4,0.9583333333333334,,No using Simple Imputer,,0.07087254524230957,0.0041408538818359375
algerian_forest_fires_46279,simpleimputer,,generic_univariate,minmax,ExtraTreesClassifier(random_state=0),0,1.0,,No using Simple Imputer,,0.07028722763061523,0.004159212112426758
algerian_forest_fires_46279,simpleimputer,,generic_univariate,minmax,ExtraTreesClassifier(random_state=0),1,1.0,,No using Simple Imputer,,0.07029843330383301,0.004018306732177734
algerian_forest_fires_46279,simpleimputer,,generic_univariate,minmax,ExtraTreesClassifier(random_state=0),2,1.0,,No using Simple Imputer,,0.07107162475585938,0.0040743350982666016
algerian_forest_fires_46279,simpleimputer,,generic_univariate,minmax,ExtraTreesClassifier(random_state=0),3,0.9583333333333334,,No using Simple Imputer,,0.07131457328796387,0.004200935363769531
algerian_forest_fires_46279,simpleimputer,,generic_univariate,minmax,ExtraTreesClassifier(random_state=0),4,0.9791666666666666,,No using Simple Imputer,,0.07052826881408691,0.004054546356201172
algerian_forest_fires_46279,simpleimputer,,polynomial_features,minmax,ExtraTreesClassifier(random_state=0),0,0.9591836734693877,,No using Simple Imputer,,0.07435774803161621,0.00418400764465332
algerian_forest_fires_46279,simpleimputer,,polynomial_features,minmax,ExtraTreesClassifier(random_state=0),1,0.9795918367346939,,No using Simple Imputer,,0.07490706443786621,0.004190206527709961
algerian_forest_fires_46279,simpleimputer,,polynomial_features,minmax,ExtraTreesClassifier(random_state=0),2,1.0,,No using Simple Imputer,,0.07446479797363281,0.004091024398803711
algerian_forest_fires_46279,simpleimputer,,polynomial_features,minmax,ExtraTreesClassifier(random_state=0),3,0.9791666666666666,,No using Simple Imputer,,0.07461977005004883,0.0041615962982177734
algerian_forest_fires_46279,simpleimputer,,polynomial_features,minmax,ExtraTreesClassifier(random_state=0),4,0.9583333333333334,,No using Simple Imputer,,0.07468152046203613,0.0042264461517333984
algerian_forest_fires_46279,simpleimputer,,nystroem,minmax,ExtraTreesClassifier(random_state=0),0,0.9183673469387755,,No using Simple Imputer,,0.0923619270324707,0.0043146610260009766
algerian_forest_fires_46279,simpleimputer,,nystroem,minmax,ExtraTreesClassifier(random_state=0),1,0.9387755102040817,,No using Simple Imputer,,0.097900390625,0.00480341911315918
algerian_forest_fires_46279,simpleimputer,,nystroem,minmax,ExtraTreesClassifier(random_state=0),2,0.9183673469387755,,No using Simple Imputer,,0.09788227081298828,0.004588603973388672
algerian_forest_fires_46279,simpleimputer,,nystroem,minmax,ExtraTreesClassifier(random_state=0),3,0.9791666666666666,,No using Simple Imputer,,0.0956883430480957,0.004198551177978516
algerian_forest_fires_46279,simpleimputer,,nystroem,minmax,ExtraTreesClassifier(random_state=0),4,0.8958333333333334,,No using Simple Imputer,,0.0958714485168457,0.0045719146728515625
algerian_forest_fires_46279,simpleimputer,,rbf_sampler,minmax,ExtraTreesClassifier(random_state=0),0,0.9591836734693877,,No using Simple Imputer,,0.08867692947387695,0.004584789276123047
algerian_forest_fires_46279,simpleimputer,,rbf_sampler,minmax,ExtraTreesClassifier(random_state=0),1,0.9591836734693877,,No using Simple Imputer,,0.08972334861755371,0.004630565643310547
algerian_forest_fires_46279,simpleimputer,,rbf_sampler,minmax,ExtraTreesClassifier(random_state=0),2,0.8979591836734694,,No using Simple Imputer,,0.0896151065826416,0.004565715789794922
algerian_forest_fires_46279,simpleimputer,,rbf_sampler,minmax,ExtraTreesClassifier(random_state=0),3,0.9791666666666666,,No using Simple Imputer,,0.0901939868927002,0.004637479782104492
algerian_forest_fires_46279,simpleimputer,,rbf_sampler,minmax,ExtraTreesClassifier(random_state=0),4,0.9166666666666666,,No using Simple Imputer,,0.08844566345214844,0.004626035690307617
algerian_forest_fires_46279,simpleimputer,,random_trees_embedding,minmax,ExtraTreesClassifier(random_state=0),0,0.9795918367346939,,No using Simple Imputer,,0.09953975677490234,0.005247354507446289
algerian_forest_fires_46279,simpleimputer,,random_trees_embedding,minmax,ExtraTreesClassifier(random_state=0),1,0.9591836734693877,,No using Simple Imputer,,0.10180830955505371,0.005292177200317383
algerian_forest_fires_46279,simpleimputer,,random_trees_embedding,minmax,ExtraTreesClassifier(random_state=0),2,0.9795918367346939,,No using Simple Imputer,,0.10075950622558594,0.005270719528198242
algerian_forest_fires_46279,simpleimputer,,random_trees_embedding,minmax,ExtraTreesClassifier(random_state=0),3,0.9583333333333334,,No using Simple Imputer,,0.10164570808410645,0.005337238311767578
algerian_forest_fires_46279,simpleimputer,,random_trees_embedding,minmax,ExtraTreesClassifier(random_state=0),4,0.9583333333333334,,No using Simple Imputer,,0.09928393363952637,0.0053789615631103516
algerian_forest_fires_46279,simpleimputer,,feature_agglomeration,minmax,ExtraTreesClassifier(random_state=0),0,0.8979591836734694,,No using Simple Imputer,,0.07887887954711914,0.0046803951263427734
algerian_forest_fires_46279,simpleimputer,,feature_agglomeration,minmax,ExtraTreesClassifier(random_state=0),1,0.8775510204081632,,No using Simple Imputer,,0.07898640632629395,0.004599809646606445
algerian_forest_fires_46279,simpleimputer,,feature_agglomeration,minmax,ExtraTreesClassifier(random_state=0),2,0.8571428571428571,,No using Simple Imputer,,0.07970213890075684,0.004680156707763672
algerian_forest_fires_46279,simpleimputer,,feature_agglomeration,minmax,ExtraTreesClassifier(random_state=0),3,0.8541666666666666,,No using Simple Imputer,,0.07964849472045898,0.004673004150390625
algerian_forest_fires_46279,simpleimputer,,feature_agglomeration,minmax,ExtraTreesClassifier(random_state=0),4,0.8958333333333334,,No using Simple Imputer,,0.07935619354248047,0.0046727657318115234
algerian_forest_fires_46279,simpleimputer,,extra_tree,minmax,ExtraTreesClassifier(random_state=0),0,0.9591836734693877,,No using Simple Imputer,,0.07734203338623047,0.004545688629150391
algerian_forest_fires_46279,simpleimputer,,extra_tree,minmax,ExtraTreesClassifier(random_state=0),1,0.9795918367346939,,No using Simple Imputer,,0.07711100578308105,0.004570960998535156
algerian_forest_fires_46279,simpleimputer,,extra_tree,minmax,ExtraTreesClassifier(random_state=0),2,1.0,,No using Simple Imputer,,0.07657933235168457,0.004514217376708984
algerian_forest_fires_46279,simpleimputer,,extra_tree,minmax,ExtraTreesClassifier(random_state=0),3,0.9583333333333334,,No using Simple Imputer,,0.07665610313415527,0.004496097564697266
algerian_forest_fires_46279,simpleimputer,,extra_tree,minmax,ExtraTreesClassifier(random_state=0),4,0.9791666666666666,,No using Simple Imputer,,0.07712912559509277,0.004517078399658203
algerian_forest_fires_46279,simpleimputer,,linear_svc,minmax,ExtraTreesClassifier(random_state=0),0,0.9795918367346939,,No using Simple Imputer,,0.07692980766296387,0.004503488540649414
algerian_forest_fires_46279,simpleimputer,,linear_svc,minmax,ExtraTreesClassifier(random_state=0),1,0.9795918367346939,,No using Simple Imputer,,0.0770256519317627,0.004451751708984375
algerian_forest_fires_46279,simpleimputer,,linear_svc,minmax,ExtraTreesClassifier(random_state=0),2,0.9591836734693877,,No using Simple Imputer,,0.07817649841308594,0.004467964172363281
algerian_forest_fires_46279,simpleimputer,,linear_svc,minmax,ExtraTreesClassifier(random_state=0),3,0.9583333333333334,,No using Simple Imputer,,0.0776519775390625,0.004596710205078125
algerian_forest_fires_46279,simpleimputer,,linear_svc,minmax,ExtraTreesClassifier(random_state=0),4,0.9791666666666666,,No using Simple Imputer,,0.07716178894042969,0.004539966583251953
algerian_forest_fires_46279,simpleimputer,,kernel_pca,minmax,ExtraTreesClassifier(random_state=0),0,0.9387755102040817,,No using Simple Imputer,,0.10204553604125977,0.0050089359283447266
algerian_forest_fires_46279,simpleimputer,,kernel_pca,minmax,ExtraTreesClassifier(random_state=0),1,0.9591836734693877,,No using Simple Imputer,,0.10270047187805176,0.005059242248535156
algerian_forest_fires_46279,simpleimputer,,kernel_pca,minmax,ExtraTreesClassifier(random_state=0),2,0.8979591836734694,,No using Simple Imputer,,0.1020357608795166,0.005140781402587891
algerian_forest_fires_46279,simpleimputer,,kernel_pca,minmax,ExtraTreesClassifier(random_state=0),3,0.9375,,No using Simple Imputer,,0.10481452941894531,0.005178928375244141
algerian_forest_fires_46279,simpleimputer,,kernel_pca,minmax,ExtraTreesClassifier(random_state=0),4,0.9375,,No using Simple Imputer,,0.10386419296264648,0.004984378814697266
algerian_forest_fires_46279,simpleimputer,,,robust,ExtraTreesClassifier(random_state=0),0,0.9591836734693877,,No using Simple Imputer,,0.0793147087097168,0.004552125930786133
algerian_forest_fires_46279,simpleimputer,,,robust,ExtraTreesClassifier(random_state=0),1,0.9795918367346939,,No using Simple Imputer,,0.07926487922668457,0.004589080810546875
algerian_forest_fires_46279,simpleimputer,,,robust,ExtraTreesClassifier(random_state=0),2,1.0,,No using Simple Imputer,,0.07896566390991211,0.004555225372314453
algerian_forest_fires_46279,simpleimputer,,,robust,ExtraTreesClassifier(random_state=0),3,0.9791666666666666,,No using Simple Imputer,,0.07905697822570801,0.004537105560302734
algerian_forest_fires_46279,simpleimputer,,,robust,ExtraTreesClassifier(random_state=0),4,0.9583333333333334,,No using Simple Imputer,,0.0793154239654541,0.004538536071777344
algerian_forest_fires_46279,simpleimputer,,pca,robust,ExtraTreesClassifier(random_state=0),0,0.8979591836734694,,No using Simple Imputer,,0.08240151405334473,0.0046539306640625
algerian_forest_fires_46279,simpleimputer,,pca,robust,ExtraTreesClassifier(random_state=0),1,0.9795918367346939,,No using Simple Imputer,,0.08237886428833008,0.004589080810546875
algerian_forest_fires_46279,simpleimputer,,pca,robust,ExtraTreesClassifier(random_state=0),2,0.8979591836734694,,No using Simple Imputer,,0.0827019214630127,0.004658699035644531
algerian_forest_fires_46279,simpleimputer,,pca,robust,ExtraTreesClassifier(random_state=0),3,0.9166666666666666,,No using Simple Imputer,,0.08341550827026367,0.004734039306640625
algerian_forest_fires_46279,simpleimputer,,pca,robust,ExtraTreesClassifier(random_state=0),4,0.9375,,No using Simple Imputer,,0.08296656608581543,0.004653453826904297
algerian_forest_fires_46279,simpleimputer,,fastica,robust,ExtraTreesClassifier(random_state=0),0,0.8367346938775511,,No using Simple Imputer,,0.08823513984680176,0.0048902034759521484
algerian_forest_fires_46279,simpleimputer,,fastica,robust,ExtraTreesClassifier(random_state=0),1,0.6938775510204082,,No using Simple Imputer,,0.08658599853515625,0.00481104850769043
algerian_forest_fires_46279,simpleimputer,,fastica,robust,ExtraTreesClassifier(random_state=0),2,0.5306122448979592,,No using Simple Imputer,,0.0872807502746582,0.004849672317504883
algerian_forest_fires_46279,simpleimputer,,fastica,robust,ExtraTreesClassifier(random_state=0),3,0.8958333333333334,,No using Simple Imputer,,0.08394312858581543,0.004679679870605469
algerian_forest_fires_46279,simpleimputer,,fastica,robust,ExtraTreesClassifier(random_state=0),4,0.8125,,No using Simple Imputer,,0.08532476425170898,0.004636287689208984
algerian_forest_fires_46279,simpleimputer,,truncated_svd,robust,ExtraTreesClassifier(random_state=0),0,0.8571428571428571,,No using Simple Imputer,,0.0785520076751709,0.004627704620361328
algerian_forest_fires_46279,simpleimputer,,truncated_svd,robust,ExtraTreesClassifier(random_state=0),1,0.9183673469387755,,No using Simple Imputer,,0.07837343215942383,0.004635810852050781
algerian_forest_fires_46279,simpleimputer,,truncated_svd,robust,ExtraTreesClassifier(random_state=0),2,0.8367346938775511,,No using Simple Imputer,,0.07867908477783203,0.0048618316650390625
algerian_forest_fires_46279,simpleimputer,,truncated_svd,robust,ExtraTreesClassifier(random_state=0),3,0.9166666666666666,,No using Simple Imputer,,0.07897734642028809,0.00467228889465332
algerian_forest_fires_46279,simpleimputer,,truncated_svd,robust,ExtraTreesClassifier(random_state=0),4,0.9375,,No using Simple Imputer,,0.07875990867614746,0.004525423049926758
algerian_forest_fires_46279,simpleimputer,,select_percentile,robust,ExtraTreesClassifier(random_state=0),0,0.9795918367346939,,No using Simple Imputer,,0.07661223411560059,0.004477500915527344
algerian_forest_fires_46279,simpleimputer,,select_percentile,robust,ExtraTreesClassifier(random_state=0),1,0.9795918367346939,,No using Simple Imputer,,0.07675933837890625,0.004443645477294922
algerian_forest_fires_46279,simpleimputer,,select_percentile,robust,ExtraTreesClassifier(random_state=0),2,1.0,,No using Simple Imputer,,0.07750558853149414,0.004721164703369141
algerian_forest_fires_46279,simpleimputer,,select_percentile,robust,ExtraTreesClassifier(random_state=0),3,0.9791666666666666,,No using Simple Imputer,,0.07771635055541992,0.004455089569091797
algerian_forest_fires_46279,simpleimputer,,select_percentile,robust,ExtraTreesClassifier(random_state=0),4,0.9583333333333334,,No using Simple Imputer,,0.0779876708984375,0.004420280456542969
algerian_forest_fires_46279,simpleimputer,,generic_univariate,robust,ExtraTreesClassifier(random_state=0),0,1.0,,No using Simple Imputer,,0.08056020736694336,0.004561185836791992
algerian_forest_fires_46279,simpleimputer,,generic_univariate,robust,ExtraTreesClassifier(random_state=0),1,1.0,,No using Simple Imputer,,0.07715058326721191,0.004481315612792969
algerian_forest_fires_46279,simpleimputer,,generic_univariate,robust,ExtraTreesClassifier(random_state=0),2,1.0,,No using Simple Imputer,,0.07683539390563965,0.004483699798583984
algerian_forest_fires_46279,simpleimputer,,generic_univariate,robust,ExtraTreesClassifier(random_state=0),3,0.9583333333333334,,No using Simple Imputer,,0.076629638671875,0.0043680667877197266
algerian_forest_fires_46279,simpleimputer,,generic_univariate,robust,ExtraTreesClassifier(random_state=0),4,0.9791666666666666,,No using Simple Imputer,,0.07621908187866211,0.004397869110107422
algerian_forest_fires_46279,simpleimputer,,polynomial_features,robust,ExtraTreesClassifier(random_state=0),0,0.9591836734693877,,No using Simple Imputer,,0.08299684524536133,0.004544734954833984
algerian_forest_fires_46279,simpleimputer,,polynomial_features,robust,ExtraTreesClassifier(random_state=0),1,0.9795918367346939,,No using Simple Imputer,,0.08457684516906738,0.00449824333190918
algerian_forest_fires_46279,simpleimputer,,polynomial_features,robust,ExtraTreesClassifier(random_state=0),2,0.9795918367346939,,No using Simple Imputer,,0.08388376235961914,0.004624605178833008
algerian_forest_fires_46279,simpleimputer,,polynomial_features,robust,ExtraTreesClassifier(random_state=0),3,0.9375,,No using Simple Imputer,,0.08568501472473145,0.004785776138305664
algerian_forest_fires_46279,simpleimputer,,polynomial_features,robust,ExtraTreesClassifier(random_state=0),4,0.9791666666666666,,No using Simple Imputer,,0.0838327407836914,0.004486799240112305
algerian_forest_fires_46279,simpleimputer,,nystroem,robust,ExtraTreesClassifier(random_state=0),0,0.8367346938775511,,No using Simple Imputer,,0.1054995059967041,0.00497126579284668
algerian_forest_fires_46279,simpleimputer,,nystroem,robust,ExtraTreesClassifier(random_state=0),1,0.9183673469387755,,No using Simple Imputer,,0.1051645278930664,0.004884004592895508
algerian_forest_fires_46279,simpleimputer,,nystroem,robust,ExtraTreesClassifier(random_state=0),2,0.8775510204081632,,No using Simple Imputer,,0.10560083389282227,0.004934072494506836
algerian_forest_fires_46279,simpleimputer,,nystroem,robust,ExtraTreesClassifier(random_state=0),3,0.9791666666666666,,No using Simple Imputer,,0.10635232925415039,0.0048983097076416016
algerian_forest_fires_46279,simpleimputer,,nystroem,robust,ExtraTreesClassifier(random_state=0),4,0.9583333333333334,,No using Simple Imputer,,0.10849428176879883,0.004931211471557617
algerian_forest_fires_46279,simpleimputer,,rbf_sampler,robust,ExtraTreesClassifier(random_state=0),0,0.6938775510204082,,No using Simple Imputer,,0.0959024429321289,0.004721879959106445
algerian_forest_fires_46279,simpleimputer,,rbf_sampler,robust,ExtraTreesClassifier(random_state=0),1,0.7959183673469388,,No using Simple Imputer,,0.09586977958679199,0.004616498947143555
algerian_forest_fires_46279,simpleimputer,,rbf_sampler,robust,ExtraTreesClassifier(random_state=0),2,0.6938775510204082,,No using Simple Imputer,,0.09550666809082031,0.004700183868408203
algerian_forest_fires_46279,simpleimputer,,rbf_sampler,robust,ExtraTreesClassifier(random_state=0),3,0.8333333333333334,,No using Simple Imputer,,0.09446382522583008,0.004639387130737305
algerian_forest_fires_46279,simpleimputer,,rbf_sampler,robust,ExtraTreesClassifier(random_state=0),4,0.7291666666666666,,No using Simple Imputer,,0.09688258171081543,0.00482940673828125
algerian_forest_fires_46279,simpleimputer,,random_trees_embedding,robust,ExtraTreesClassifier(random_state=0),0,0.9795918367346939,,No using Simple Imputer,,0.10054516792297363,0.00532078742980957
algerian_forest_fires_46279,simpleimputer,,random_trees_embedding,robust,ExtraTreesClassifier(random_state=0),1,0.9591836734693877,,No using Simple Imputer,,0.10139989852905273,0.005315065383911133
algerian_forest_fires_46279,simpleimputer,,random_trees_embedding,robust,ExtraTreesClassifier(random_state=0),2,0.9795918367346939,,No using Simple Imputer,,0.10074448585510254,0.005358219146728516
algerian_forest_fires_46279,simpleimputer,,random_trees_embedding,robust,ExtraTreesClassifier(random_state=0),3,0.9583333333333334,,No using Simple Imputer,,0.10147857666015625,0.005340576171875
algerian_forest_fires_46279,simpleimputer,,random_trees_embedding,robust,ExtraTreesClassifier(random_state=0),4,0.9583333333333334,,No using Simple Imputer,,0.09910273551940918,0.00532078742980957
algerian_forest_fires_46279,simpleimputer,,feature_agglomeration,robust,ExtraTreesClassifier(random_state=0),0,0.7959183673469388,,No using Simple Imputer,,0.07940292358398438,0.004639148712158203
algerian_forest_fires_46279,simpleimputer,,feature_agglomeration,robust,ExtraTreesClassifier(random_state=0),1,0.8367346938775511,,No using Simple Imputer,,0.0784609317779541,0.004603385925292969
algerian_forest_fires_46279,simpleimputer,,feature_agglomeration,robust,ExtraTreesClassifier(random_state=0),2,0.8775510204081632,,No using Simple Imputer,,0.07894539833068848,0.0046384334564208984
algerian_forest_fires_46279,simpleimputer,,feature_agglomeration,robust,ExtraTreesClassifier(random_state=0),3,0.8541666666666666,,No using Simple Imputer,,0.0833275318145752,0.004555463790893555
algerian_forest_fires_46279,simpleimputer,,feature_agglomeration,robust,ExtraTreesClassifier(random_state=0),4,0.8541666666666666,,No using Simple Imputer,,0.0785360336303711,0.004583120346069336
algerian_forest_fires_46279,simpleimputer,,extra_tree,robust,ExtraTreesClassifier(random_state=0),0,0.9591836734693877,,No using Simple Imputer,,0.0765388011932373,0.004431962966918945
algerian_forest_fires_46279,simpleimputer,,extra_tree,robust,ExtraTreesClassifier(random_state=0),1,0.9795918367346939,,No using Simple Imputer,,0.07785892486572266,0.004805803298950195
algerian_forest_fires_46279,simpleimputer,,extra_tree,robust,ExtraTreesClassifier(random_state=0),2,1.0,,No using Simple Imputer,,0.0792393684387207,0.0045320987701416016
algerian_forest_fires_46279,simpleimputer,,extra_tree,robust,ExtraTreesClassifier(random_state=0),3,0.9583333333333334,,No using Simple Imputer,,0.07635688781738281,0.0043904781341552734
algerian_forest_fires_46279,simpleimputer,,extra_tree,robust,ExtraTreesClassifier(random_state=0),4,0.9791666666666666,,No using Simple Imputer,,0.07906532287597656,0.004876136779785156
algerian_forest_fires_46279,simpleimputer,,linear_svc,robust,ExtraTreesClassifier(random_state=0),0,0.9591836734693877,,No using Simple Imputer,,0.07803487777709961,0.004494428634643555
algerian_forest_fires_46279,simpleimputer,,linear_svc,robust,ExtraTreesClassifier(random_state=0),1,0.9795918367346939,,No using Simple Imputer,,0.07760453224182129,0.004547595977783203
algerian_forest_fires_46279,simpleimputer,,linear_svc,robust,ExtraTreesClassifier(random_state=0),2,0.9795918367346939,,No using Simple Imputer,,0.07741522789001465,0.004416227340698242
algerian_forest_fires_46279,simpleimputer,,linear_svc,robust,ExtraTreesClassifier(random_state=0),3,0.9583333333333334,,No using Simple Imputer,,0.07739400863647461,0.0044689178466796875
algerian_forest_fires_46279,simpleimputer,,linear_svc,robust,ExtraTreesClassifier(random_state=0),4,0.9791666666666666,,No using Simple Imputer,,0.0776057243347168,0.0045680999755859375
algerian_forest_fires_46279,simpleimputer,,kernel_pca,robust,ExtraTreesClassifier(random_state=0),0,0.9183673469387755,,No using Simple Imputer,,0.10163283348083496,0.005110740661621094
algerian_forest_fires_46279,simpleimputer,,kernel_pca,robust,ExtraTreesClassifier(random_state=0),1,0.9795918367346939,,No using Simple Imputer,,0.10281705856323242,0.004980802536010742
algerian_forest_fires_46279,simpleimputer,,kernel_pca,robust,ExtraTreesClassifier(random_state=0),2,0.8979591836734694,,No using Simple Imputer,,0.10364890098571777,0.005147457122802734
algerian_forest_fires_46279,simpleimputer,,kernel_pca,robust,ExtraTreesClassifier(random_state=0),3,0.9166666666666666,,No using Simple Imputer,,0.10329794883728027,0.0053691864013671875
algerian_forest_fires_46279,simpleimputer,,kernel_pca,robust,ExtraTreesClassifier(random_state=0),4,0.9375,,No using Simple Imputer,,0.10463452339172363,0.005076885223388672
algerian_forest_fires_46279,simpleimputer,,,normalizer,ExtraTreesClassifier(random_state=0),0,0.9591836734693877,,No using Simple Imputer,,0.079345703125,0.004651069641113281
algerian_forest_fires_46279,simpleimputer,,,normalizer,ExtraTreesClassifier(random_state=0),1,0.9795918367346939,,No using Simple Imputer,,0.07996368408203125,0.004573345184326172
algerian_forest_fires_46279,simpleimputer,,,normalizer,ExtraTreesClassifier(random_state=0),2,0.9795918367346939,,No using Simple Imputer,,0.0795280933380127,0.0046122074127197266
algerian_forest_fires_46279,simpleimputer,,,normalizer,ExtraTreesClassifier(random_state=0),3,0.9583333333333334,,No using Simple Imputer,,0.07903075218200684,0.004372358322143555
algerian_forest_fires_46279,simpleimputer,,,normalizer,ExtraTreesClassifier(random_state=0),4,0.9583333333333334,,No using Simple Imputer,,0.07815814018249512,0.004506587982177734
algerian_forest_fires_46279,simpleimputer,,pca,normalizer,ExtraTreesClassifier(random_state=0),0,0.9591836734693877,,No using Simple Imputer,,0.08175539970397949,0.0045549869537353516
algerian_forest_fires_46279,simpleimputer,,pca,normalizer,ExtraTreesClassifier(random_state=0),1,0.9591836734693877,,No using Simple Imputer,,0.08266878128051758,0.0046045780181884766
algerian_forest_fires_46279,simpleimputer,,pca,normalizer,ExtraTreesClassifier(random_state=0),2,0.8979591836734694,,No using Simple Imputer,,0.08257508277893066,0.004631996154785156
algerian_forest_fires_46279,simpleimputer,,pca,normalizer,ExtraTreesClassifier(random_state=0),3,0.9375,,No using Simple Imputer,,0.08167505264282227,0.004498720169067383
algerian_forest_fires_46279,simpleimputer,,pca,normalizer,ExtraTreesClassifier(random_state=0),4,0.9583333333333334,,No using Simple Imputer,,0.08245611190795898,0.0046710968017578125
algerian_forest_fires_46279,simpleimputer,,fastica,normalizer,ExtraTreesClassifier(random_state=0),0,0.9183673469387755,,No using Simple Imputer,,0.08357095718383789,0.0046541690826416016
algerian_forest_fires_46279,simpleimputer,,fastica,normalizer,ExtraTreesClassifier(random_state=0),1,0.9591836734693877,,No using Simple Imputer,,0.08363795280456543,0.00464320182800293
algerian_forest_fires_46279,simpleimputer,,fastica,normalizer,ExtraTreesClassifier(random_state=0),2,0.8979591836734694,,No using Simple Imputer,,0.08362889289855957,0.00471806526184082
algerian_forest_fires_46279,simpleimputer,,fastica,normalizer,ExtraTreesClassifier(random_state=0),3,0.8958333333333334,,No using Simple Imputer,,0.08337664604187012,0.004766941070556641
algerian_forest_fires_46279,simpleimputer,,fastica,normalizer,ExtraTreesClassifier(random_state=0),4,0.9166666666666666,,No using Simple Imputer,,0.08308649063110352,0.004668235778808594
algerian_forest_fires_46279,simpleimputer,,truncated_svd,normalizer,ExtraTreesClassifier(random_state=0),0,0.8163265306122449,,No using Simple Imputer,,0.08143830299377441,0.004806041717529297
algerian_forest_fires_46279,simpleimputer,,truncated_svd,normalizer,ExtraTreesClassifier(random_state=0),1,0.7142857142857143,,No using Simple Imputer,,0.08119893074035645,0.004809141159057617
algerian_forest_fires_46279,simpleimputer,,truncated_svd,normalizer,ExtraTreesClassifier(random_state=0),2,0.7959183673469388,,No using Simple Imputer,,0.08032965660095215,0.004633665084838867
algerian_forest_fires_46279,simpleimputer,,truncated_svd,normalizer,ExtraTreesClassifier(random_state=0),3,0.8541666666666666,,No using Simple Imputer,,0.08037948608398438,0.004806995391845703
algerian_forest_fires_46279,simpleimputer,,truncated_svd,normalizer,ExtraTreesClassifier(random_state=0),4,0.8541666666666666,,No using Simple Imputer,,0.08048439025878906,0.00485992431640625
algerian_forest_fires_46279,simpleimputer,,select_percentile,normalizer,ExtraTreesClassifier(random_state=0),0,0.9795918367346939,,No using Simple Imputer,,0.07648301124572754,0.004461526870727539
algerian_forest_fires_46279,simpleimputer,,select_percentile,normalizer,ExtraTreesClassifier(random_state=0),1,0.9795918367346939,,No using Simple Imputer,,0.07622766494750977,0.004462003707885742
algerian_forest_fires_46279,simpleimputer,,select_percentile,normalizer,ExtraTreesClassifier(random_state=0),2,0.9795918367346939,,No using Simple Imputer,,0.0766744613647461,0.004633426666259766
algerian_forest_fires_46279,simpleimputer,,select_percentile,normalizer,ExtraTreesClassifier(random_state=0),3,0.9791666666666666,,No using Simple Imputer,,0.07576584815979004,0.0045642852783203125
algerian_forest_fires_46279,simpleimputer,,select_percentile,normalizer,ExtraTreesClassifier(random_state=0),4,0.9583333333333334,,No using Simple Imputer,,0.07643008232116699,0.0044934749603271484
algerian_forest_fires_46279,simpleimputer,,generic_univariate,normalizer,ExtraTreesClassifier(random_state=0),0,0.9795918367346939,,No using Simple Imputer,,0.07571172714233398,0.004393100738525391
algerian_forest_fires_46279,simpleimputer,,generic_univariate,normalizer,ExtraTreesClassifier(random_state=0),1,1.0,,No using Simple Imputer,,0.0756521224975586,0.004381895065307617
algerian_forest_fires_46279,simpleimputer,,generic_univariate,normalizer,ExtraTreesClassifier(random_state=0),2,0.9591836734693877,,No using Simple Imputer,,0.07563948631286621,0.004473447799682617
algerian_forest_fires_46279,simpleimputer,,generic_univariate,normalizer,ExtraTreesClassifier(random_state=0),3,0.9375,,No using Simple Imputer,,0.07563018798828125,0.004441499710083008
algerian_forest_fires_46279,simpleimputer,,generic_univariate,normalizer,ExtraTreesClassifier(random_state=0),4,0.9583333333333334,,No using Simple Imputer,,0.07583785057067871,0.0043604373931884766
algerian_forest_fires_46279,simpleimputer,,polynomial_features,normalizer,ExtraTreesClassifier(random_state=0),0,0.9591836734693877,,No using Simple Imputer,,0.08011722564697266,0.004519224166870117
algerian_forest_fires_46279,simpleimputer,,polynomial_features,normalizer,ExtraTreesClassifier(random_state=0),1,0.9795918367346939,,No using Simple Imputer,,0.08068633079528809,0.0043942928314208984
algerian_forest_fires_46279,simpleimputer,,polynomial_features,normalizer,ExtraTreesClassifier(random_state=0),2,1.0,,No using Simple Imputer,,0.0809011459350586,0.004564523696899414
algerian_forest_fires_46279,simpleimputer,,polynomial_features,normalizer,ExtraTreesClassifier(random_state=0),3,0.9583333333333334,,No using Simple Imputer,,0.08116817474365234,0.004431247711181641
algerian_forest_fires_46279,simpleimputer,,polynomial_features,normalizer,ExtraTreesClassifier(random_state=0),4,0.9583333333333334,,No using Simple Imputer,,0.08228135108947754,0.004658222198486328
algerian_forest_fires_46279,simpleimputer,,nystroem,normalizer,ExtraTreesClassifier(random_state=0),0,0.9387755102040817,,No using Simple Imputer,,0.10263490676879883,0.005082607269287109
algerian_forest_fires_46279,simpleimputer,,nystroem,normalizer,ExtraTreesClassifier(random_state=0),1,0.9591836734693877,,No using Simple Imputer,,0.10735583305358887,0.0047113895416259766
algerian_forest_fires_46279,simpleimputer,,nystroem,normalizer,ExtraTreesClassifier(random_state=0),2,0.8979591836734694,,No using Simple Imputer,,0.10740256309509277,0.004921674728393555
algerian_forest_fires_46279,simpleimputer,,nystroem,normalizer,ExtraTreesClassifier(random_state=0),3,0.9583333333333334,,No using Simple Imputer,,0.10849404335021973,0.005181074142456055
algerian_forest_fires_46279,simpleimputer,,nystroem,normalizer,ExtraTreesClassifier(random_state=0),4,0.9375,,No using Simple Imputer,,0.10677790641784668,0.004533052444458008
algerian_forest_fires_46279,simpleimputer,,rbf_sampler,normalizer,ExtraTreesClassifier(random_state=0),0,0.9387755102040817,,No using Simple Imputer,,0.08606314659118652,0.004563808441162109
algerian_forest_fires_46279,simpleimputer,,rbf_sampler,normalizer,ExtraTreesClassifier(random_state=0),1,0.9591836734693877,,No using Simple Imputer,,0.08576512336730957,0.004611015319824219
algerian_forest_fires_46279,simpleimputer,,rbf_sampler,normalizer,ExtraTreesClassifier(random_state=0),2,0.9591836734693877,,No using Simple Imputer,,0.08585572242736816,0.004548311233520508
algerian_forest_fires_46279,simpleimputer,,rbf_sampler,normalizer,ExtraTreesClassifier(random_state=0),3,0.9583333333333334,,No using Simple Imputer,,0.08472251892089844,0.004421710968017578
algerian_forest_fires_46279,simpleimputer,,rbf_sampler,normalizer,ExtraTreesClassifier(random_state=0),4,0.9583333333333334,,No using Simple Imputer,,0.08542704582214355,0.004400968551635742
algerian_forest_fires_46279,simpleimputer,,random_trees_embedding,normalizer,ExtraTreesClassifier(random_state=0),0,0.9387755102040817,,No using Simple Imputer,,0.10363340377807617,0.005383968353271484
algerian_forest_fires_46279,simpleimputer,,random_trees_embedding,normalizer,ExtraTreesClassifier(random_state=0),1,0.9591836734693877,,No using Simple Imputer,,0.10294032096862793,0.005373477935791016
algerian_forest_fires_46279,simpleimputer,,random_trees_embedding,normalizer,ExtraTreesClassifier(random_state=0),2,1.0,,No using Simple Imputer,,0.10587596893310547,0.005305767059326172
algerian_forest_fires_46279,simpleimputer,,random_trees_embedding,normalizer,ExtraTreesClassifier(random_state=0),3,0.9583333333333334,,No using Simple Imputer,,0.10201668739318848,0.005346775054931641
algerian_forest_fires_46279,simpleimputer,,random_trees_embedding,normalizer,ExtraTreesClassifier(random_state=0),4,0.9583333333333334,,No using Simple Imputer,,0.10251784324645996,0.005346536636352539
algerian_forest_fires_46279,simpleimputer,,feature_agglomeration,normalizer,ExtraTreesClassifier(random_state=0),0,0.8163265306122449,,No using Simple Imputer,,0.08034753799438477,0.004720211029052734
algerian_forest_fires_46279,simpleimputer,,feature_agglomeration,normalizer,ExtraTreesClassifier(random_state=0),1,0.8367346938775511,,No using Simple Imputer,,0.0811464786529541,0.0048787593841552734
algerian_forest_fires_46279,simpleimputer,,feature_agglomeration,normalizer,ExtraTreesClassifier(random_state=0),2,0.8571428571428571,,No using Simple Imputer,,0.08083033561706543,0.004815578460693359
algerian_forest_fires_46279,simpleimputer,,feature_agglomeration,normalizer,ExtraTreesClassifier(random_state=0),3,0.8333333333333334,,No using Simple Imputer,,0.08112883567810059,0.0046727657318115234
algerian_forest_fires_46279,simpleimputer,,feature_agglomeration,normalizer,ExtraTreesClassifier(random_state=0),4,0.875,,No using Simple Imputer,,0.08128023147583008,0.004832029342651367
algerian_forest_fires_46279,simpleimputer,,extra_tree,normalizer,ExtraTreesClassifier(random_state=0),0,0.9591836734693877,,No using Simple Imputer,,0.07831287384033203,0.004712820053100586
algerian_forest_fires_46279,simpleimputer,,extra_tree,normalizer,ExtraTreesClassifier(random_state=0),1,0.9795918367346939,,No using Simple Imputer,,0.07776904106140137,0.004490375518798828
algerian_forest_fires_46279,simpleimputer,,extra_tree,normalizer,ExtraTreesClassifier(random_state=0),2,0.9795918367346939,,No using Simple Imputer,,0.0771024227142334,0.00447392463684082
algerian_forest_fires_46279,simpleimputer,,extra_tree,normalizer,ExtraTreesClassifier(random_state=0),3,0.9583333333333334,,No using Simple Imputer,,0.07746076583862305,0.004395723342895508
algerian_forest_fires_46279,simpleimputer,,extra_tree,normalizer,ExtraTreesClassifier(random_state=0),4,0.9583333333333334,,No using Simple Imputer,,0.07706522941589355,0.004576444625854492
algerian_forest_fires_46279,simpleimputer,,linear_svc,normalizer,ExtraTreesClassifier(random_state=0),0,0.9591836734693877,,No using Simple Imputer,,0.07842421531677246,0.004595279693603516
algerian_forest_fires_46279,simpleimputer,,linear_svc,normalizer,ExtraTreesClassifier(random_state=0),1,0.9795918367346939,,No using Simple Imputer,,0.07976794242858887,0.00452733039855957
algerian_forest_fires_46279,simpleimputer,,linear_svc,normalizer,ExtraTreesClassifier(random_state=0),2,0.9795918367346939,,No using Simple Imputer,,0.07918882369995117,0.00465083122253418
algerian_forest_fires_46279,simpleimputer,,linear_svc,normalizer,ExtraTreesClassifier(random_state=0),3,0.9583333333333334,,No using Simple Imputer,,0.08036231994628906,0.004602909088134766
algerian_forest_fires_46279,simpleimputer,,linear_svc,normalizer,ExtraTreesClassifier(random_state=0),4,0.9583333333333334,,No using Simple Imputer,,0.07998108863830566,0.004628658294677734
algerian_forest_fires_46279,simpleimputer,,kernel_pca,normalizer,ExtraTreesClassifier(random_state=0),0,0.9387755102040817,,No using Simple Imputer,,0.10522174835205078,0.005155324935913086
algerian_forest_fires_46279,simpleimputer,,kernel_pca,normalizer,ExtraTreesClassifier(random_state=0),1,0.9591836734693877,,No using Simple Imputer,,0.10613632202148438,0.005093574523925781
algerian_forest_fires_46279,simpleimputer,,kernel_pca,normalizer,ExtraTreesClassifier(random_state=0),2,0.8979591836734694,,No using Simple Imputer,,0.10420870780944824,0.0051631927490234375
algerian_forest_fires_46279,simpleimputer,,kernel_pca,normalizer,ExtraTreesClassifier(random_state=0),3,0.9166666666666666,,No using Simple Imputer,,0.10487127304077148,0.0051271915435791016
algerian_forest_fires_46279,simpleimputer,,kernel_pca,normalizer,ExtraTreesClassifier(random_state=0),4,0.8958333333333334,,No using Simple Imputer,,0.10348892211914062,0.005101442337036133
algerian_forest_fires_46279,simpleimputer,,,power,ExtraTreesClassifier(random_state=0),0,0.9591836734693877,,No using Simple Imputer,,0.08305239677429199,0.004620075225830078
algerian_forest_fires_46279,simpleimputer,,,power,ExtraTreesClassifier(random_state=0),1,0.9795918367346939,,No using Simple Imputer,,0.07996487617492676,0.004647254943847656
algerian_forest_fires_46279,simpleimputer,,,power,ExtraTreesClassifier(random_state=0),2,0.9795918367346939,,No using Simple Imputer,,0.07991504669189453,0.004622697830200195
algerian_forest_fires_46279,simpleimputer,,,power,ExtraTreesClassifier(random_state=0),3,0.9791666666666666,,No using Simple Imputer,,0.08012127876281738,0.004746913909912109
algerian_forest_fires_46279,simpleimputer,,,power,ExtraTreesClassifier(random_state=0),4,0.9583333333333334,,No using Simple Imputer,,0.0809164047241211,0.004727602005004883
algerian_forest_fires_46279,simpleimputer,,pca,power,ExtraTreesClassifier(random_state=0),0,0.9795918367346939,,No using Simple Imputer,,0.08635306358337402,0.004793405532836914
algerian_forest_fires_46279,simpleimputer,,pca,power,ExtraTreesClassifier(random_state=0),1,0.9591836734693877,,No using Simple Imputer,,0.08349251747131348,0.004729032516479492
algerian_forest_fires_46279,simpleimputer,,pca,power,ExtraTreesClassifier(random_state=0),2,0.9591836734693877,,No using Simple Imputer,,0.08333158493041992,0.004640340805053711
algerian_forest_fires_46279,simpleimputer,,pca,power,ExtraTreesClassifier(random_state=0),3,0.9583333333333334,,No using Simple Imputer,,0.08273863792419434,0.0047054290771484375
algerian_forest_fires_46279,simpleimputer,,pca,power,ExtraTreesClassifier(random_state=0),4,0.9375,,No using Simple Imputer,,0.08270788192749023,0.004698991775512695
algerian_forest_fires_46279,simpleimputer,,fastica,power,ExtraTreesClassifier(random_state=0),0,0.8775510204081632,,No using Simple Imputer,,0.08791971206665039,0.004977703094482422
algerian_forest_fires_46279,simpleimputer,,fastica,power,ExtraTreesClassifier(random_state=0),1,0.9183673469387755,,No using Simple Imputer,,0.08593392372131348,0.0048291683197021484
algerian_forest_fires_46279,simpleimputer,,fastica,power,ExtraTreesClassifier(random_state=0),2,0.7959183673469388,,No using Simple Imputer,,0.08691644668579102,0.004845142364501953
algerian_forest_fires_46279,simpleimputer,,fastica,power,ExtraTreesClassifier(random_state=0),3,0.9583333333333334,,No using Simple Imputer,,0.08902907371520996,0.004809379577636719
algerian_forest_fires_46279,simpleimputer,,fastica,power,ExtraTreesClassifier(random_state=0),4,0.8541666666666666,,No using Simple Imputer,,0.08467292785644531,0.0048062801361083984
algerian_forest_fires_46279,simpleimputer,,truncated_svd,power,ExtraTreesClassifier(random_state=0),0,0.8571428571428571,,No using Simple Imputer,,0.07940459251403809,0.004572868347167969
algerian_forest_fires_46279,simpleimputer,,truncated_svd,power,ExtraTreesClassifier(random_state=0),1,0.8979591836734694,,No using Simple Imputer,,0.07949662208557129,0.004586935043334961
algerian_forest_fires_46279,simpleimputer,,truncated_svd,power,ExtraTreesClassifier(random_state=0),2,0.7959183673469388,,No using Simple Imputer,,0.07889056205749512,0.004556894302368164
algerian_forest_fires_46279,simpleimputer,,truncated_svd,power,ExtraTreesClassifier(random_state=0),3,0.9375,,No using Simple Imputer,,0.08065104484558105,0.0046656131744384766
algerian_forest_fires_46279,simpleimputer,,truncated_svd,power,ExtraTreesClassifier(random_state=0),4,0.9166666666666666,,No using Simple Imputer,,0.08364057540893555,0.004700660705566406
algerian_forest_fires_46279,simpleimputer,,select_percentile,power,ExtraTreesClassifier(random_state=0),0,0.9795918367346939,,No using Simple Imputer,,0.07684922218322754,0.004411220550537109
algerian_forest_fires_46279,simpleimputer,,select_percentile,power,ExtraTreesClassifier(random_state=0),1,0.9795918367346939,,No using Simple Imputer,,0.07593894004821777,0.004584789276123047
algerian_forest_fires_46279,simpleimputer,,select_percentile,power,ExtraTreesClassifier(random_state=0),2,0.9795918367346939,,No using Simple Imputer,,0.07732701301574707,0.004454851150512695
algerian_forest_fires_46279,simpleimputer,,select_percentile,power,ExtraTreesClassifier(random_state=0),3,0.9583333333333334,,No using Simple Imputer,,0.07640194892883301,0.004467487335205078
algerian_forest_fires_46279,simpleimputer,,select_percentile,power,ExtraTreesClassifier(random_state=0),4,0.9791666666666666,,No using Simple Imputer,,0.07622385025024414,0.004441261291503906
algerian_forest_fires_46279,simpleimputer,,generic_univariate,power,ExtraTreesClassifier(random_state=0),0,0.9387755102040817,,No using Simple Imputer,,0.07611799240112305,0.004408597946166992
algerian_forest_fires_46279,simpleimputer,,generic_univariate,power,ExtraTreesClassifier(random_state=0),1,0.9183673469387755,,No using Simple Imputer,,0.0771338939666748,0.004503726959228516
algerian_forest_fires_46279,simpleimputer,,generic_univariate,power,ExtraTreesClassifier(random_state=0),2,0.9183673469387755,,No using Simple Imputer,,0.0777285099029541,0.004413127899169922
algerian_forest_fires_46279,simpleimputer,,generic_univariate,power,ExtraTreesClassifier(random_state=0),3,0.9166666666666666,,No using Simple Imputer,,0.07782697677612305,0.004500865936279297
algerian_forest_fires_46279,simpleimputer,,generic_univariate,power,ExtraTreesClassifier(random_state=0),4,0.9583333333333334,,No using Simple Imputer,,0.07695531845092773,0.004535675048828125
algerian_forest_fires_46279,simpleimputer,,polynomial_features,power,ExtraTreesClassifier(random_state=0),0,0.9591836734693877,,No using Simple Imputer,,0.08417177200317383,0.004613161087036133
algerian_forest_fires_46279,simpleimputer,,polynomial_features,power,ExtraTreesClassifier(random_state=0),1,0.9795918367346939,,No using Simple Imputer,,0.08492779731750488,0.0045430660247802734
algerian_forest_fires_46279,simpleimputer,,polynomial_features,power,ExtraTreesClassifier(random_state=0),2,0.9795918367346939,,No using Simple Imputer,,0.08469843864440918,0.004532814025878906
algerian_forest_fires_46279,simpleimputer,,polynomial_features,power,ExtraTreesClassifier(random_state=0),3,0.9791666666666666,,No using Simple Imputer,,0.08487629890441895,0.004506587982177734
algerian_forest_fires_46279,simpleimputer,,polynomial_features,power,ExtraTreesClassifier(random_state=0),4,0.9375,,No using Simple Imputer,,0.08429884910583496,0.004445552825927734
algerian_forest_fires_46279,simpleimputer,,nystroem,power,ExtraTreesClassifier(random_state=0),0,0.9183673469387755,,No using Simple Imputer,,0.1049504280090332,0.004844188690185547
algerian_forest_fires_46279,simpleimputer,,nystroem,power,ExtraTreesClassifier(random_state=0),1,0.9387755102040817,,No using Simple Imputer,,0.1026298999786377,0.004980325698852539
algerian_forest_fires_46279,simpleimputer,,nystroem,power,ExtraTreesClassifier(random_state=0),2,0.9387755102040817,,No using Simple Imputer,,0.10198545455932617,0.004865407943725586
algerian_forest_fires_46279,simpleimputer,,nystroem,power,ExtraTreesClassifier(random_state=0),3,0.9791666666666666,,No using Simple Imputer,,0.10452532768249512,0.004968404769897461
algerian_forest_fires_46279,simpleimputer,,nystroem,power,ExtraTreesClassifier(random_state=0),4,0.9583333333333334,,No using Simple Imputer,,0.10159587860107422,0.00452876091003418
algerian_forest_fires_46279,simpleimputer,,rbf_sampler,power,ExtraTreesClassifier(random_state=0),0,0.6938775510204082,,No using Simple Imputer,,0.09572505950927734,0.004683017730712891
algerian_forest_fires_46279,simpleimputer,,rbf_sampler,power,ExtraTreesClassifier(random_state=0),1,0.7142857142857143,,No using Simple Imputer,,0.09629297256469727,0.004698038101196289
algerian_forest_fires_46279,simpleimputer,,rbf_sampler,power,ExtraTreesClassifier(random_state=0),2,0.6326530612244898,,No using Simple Imputer,,0.09635424613952637,0.004704713821411133
algerian_forest_fires_46279,simpleimputer,,rbf_sampler,power,ExtraTreesClassifier(random_state=0),3,0.7291666666666666,,No using Simple Imputer,,0.09605741500854492,0.004671812057495117
algerian_forest_fires_46279,simpleimputer,,rbf_sampler,power,ExtraTreesClassifier(random_state=0),4,0.6041666666666666,,No using Simple Imputer,,0.09537482261657715,0.004703044891357422
algerian_forest_fires_46279,simpleimputer,,random_trees_embedding,power,ExtraTreesClassifier(random_state=0),0,0.9591836734693877,,No using Simple Imputer,,0.09729337692260742,0.005539417266845703
algerian_forest_fires_46279,simpleimputer,,random_trees_embedding,power,ExtraTreesClassifier(random_state=0),1,0.9591836734693877,,No using Simple Imputer,,0.0986778736114502,0.0052411556243896484
algerian_forest_fires_46279,simpleimputer,,random_trees_embedding,power,ExtraTreesClassifier(random_state=0),2,0.9795918367346939,,No using Simple Imputer,,0.09785652160644531,0.005290031433105469
algerian_forest_fires_46279,simpleimputer,,random_trees_embedding,power,ExtraTreesClassifier(random_state=0),3,0.9583333333333334,,No using Simple Imputer,,0.10325121879577637,0.005352020263671875
algerian_forest_fires_46279,simpleimputer,,random_trees_embedding,power,ExtraTreesClassifier(random_state=0),4,0.9583333333333334,,No using Simple Imputer,,0.11131691932678223,0.005293607711791992
algerian_forest_fires_46279,simpleimputer,,feature_agglomeration,power,ExtraTreesClassifier(random_state=0),0,0.8367346938775511,,No using Simple Imputer,,0.0788118839263916,0.004608631134033203
algerian_forest_fires_46279,simpleimputer,,feature_agglomeration,power,ExtraTreesClassifier(random_state=0),1,0.9183673469387755,,No using Simple Imputer,,0.07905125617980957,0.004632472991943359
algerian_forest_fires_46279,simpleimputer,,feature_agglomeration,power,ExtraTreesClassifier(random_state=0),2,0.9795918367346939,,No using Simple Imputer,,0.07931327819824219,0.00463414192199707
algerian_forest_fires_46279,simpleimputer,,feature_agglomeration,power,ExtraTreesClassifier(random_state=0),3,0.9166666666666666,,No using Simple Imputer,,0.08425617218017578,0.004639625549316406
algerian_forest_fires_46279,simpleimputer,,feature_agglomeration,power,ExtraTreesClassifier(random_state=0),4,0.9166666666666666,,No using Simple Imputer,,0.07947683334350586,0.004619121551513672
algerian_forest_fires_46279,simpleimputer,,extra_tree,power,ExtraTreesClassifier(random_state=0),0,0.9591836734693877,,No using Simple Imputer,,0.07609319686889648,0.0043637752532958984
algerian_forest_fires_46279,simpleimputer,,extra_tree,power,ExtraTreesClassifier(random_state=0),1,0.9795918367346939,,No using Simple Imputer,,0.07638859748840332,0.004399299621582031
algerian_forest_fires_46279,simpleimputer,,extra_tree,power,ExtraTreesClassifier(random_state=0),2,0.9795918367346939,,No using Simple Imputer,,0.0773012638092041,0.0043871402740478516
algerian_forest_fires_46279,simpleimputer,,extra_tree,power,ExtraTreesClassifier(random_state=0),3,0.9583333333333334,,No using Simple Imputer,,0.07638120651245117,0.00441741943359375
algerian_forest_fires_46279,simpleimputer,,extra_tree,power,ExtraTreesClassifier(random_state=0),4,0.9791666666666666,,No using Simple Imputer,,0.07579612731933594,0.004534244537353516
algerian_forest_fires_46279,simpleimputer,,linear_svc,power,ExtraTreesClassifier(random_state=0),0,0.9795918367346939,,No using Simple Imputer,,0.07675766944885254,0.0044481754302978516
algerian_forest_fires_46279,simpleimputer,,linear_svc,power,ExtraTreesClassifier(random_state=0),1,0.9795918367346939,,No using Simple Imputer,,0.07629919052124023,0.004356861114501953
algerian_forest_fires_46279,simpleimputer,,linear_svc,power,ExtraTreesClassifier(random_state=0),2,0.9591836734693877,,No using Simple Imputer,,0.07631421089172363,0.004412651062011719
algerian_forest_fires_46279,simpleimputer,,linear_svc,power,ExtraTreesClassifier(random_state=0),3,0.9583333333333334,,No using Simple Imputer,,0.07651400566101074,0.004442691802978516
algerian_forest_fires_46279,simpleimputer,,linear_svc,power,ExtraTreesClassifier(random_state=0),4,0.9583333333333334,,No using Simple Imputer,,0.08026790618896484,0.004343748092651367
algerian_forest_fires_46279,simpleimputer,,kernel_pca,power,ExtraTreesClassifier(random_state=0),0,0.9591836734693877,,No using Simple Imputer,,0.10196971893310547,0.005061149597167969
algerian_forest_fires_46279,simpleimputer,,kernel_pca,power,ExtraTreesClassifier(random_state=0),1,0.9591836734693877,,No using Simple Imputer,,0.10037660598754883,0.005084514617919922
algerian_forest_fires_46279,simpleimputer,,kernel_pca,power,ExtraTreesClassifier(random_state=0),2,0.9795918367346939,,No using Simple Imputer,,0.10290884971618652,0.005223512649536133
algerian_forest_fires_46279,simpleimputer,,kernel_pca,power,ExtraTreesClassifier(random_state=0),3,0.9583333333333334,,No using Simple Imputer,,0.0958101749420166,0.004771709442138672
algerian_forest_fires_46279,simpleimputer,,kernel_pca,power,ExtraTreesClassifier(random_state=0),4,0.9791666666666666,,No using Simple Imputer,,0.09613752365112305,0.004702091217041016
algerian_forest_fires_46279,simpleimputer,,,quantile,ExtraTreesClassifier(random_state=0),0,0.9591836734693877,,No using Simple Imputer,,0.07488751411437988,0.004305362701416016
algerian_forest_fires_46279,simpleimputer,,,quantile,ExtraTreesClassifier(random_state=0),1,0.9795918367346939,,No using Simple Imputer,,0.0742027759552002,0.004311800003051758
algerian_forest_fires_46279,simpleimputer,,,quantile,ExtraTreesClassifier(random_state=0),2,1.0,,No using Simple Imputer,,0.07417130470275879,0.004347085952758789
algerian_forest_fires_46279,simpleimputer,,,quantile,ExtraTreesClassifier(random_state=0),3,0.9583333333333334,,No using Simple Imputer,,0.07396125793457031,0.004209280014038086
algerian_forest_fires_46279,simpleimputer,,,quantile,ExtraTreesClassifier(random_state=0),4,0.9583333333333334,,No using Simple Imputer,,0.07407164573669434,0.004114866256713867
algerian_forest_fires_46279,simpleimputer,,pca,quantile,ExtraTreesClassifier(random_state=0),0,0.8979591836734694,,No using Simple Imputer,,0.07705044746398926,0.004376411437988281
algerian_forest_fires_46279,simpleimputer,,pca,quantile,ExtraTreesClassifier(random_state=0),1,0.9795918367346939,,No using Simple Imputer,,0.07758045196533203,0.0044116973876953125
algerian_forest_fires_46279,simpleimputer,,pca,quantile,ExtraTreesClassifier(random_state=0),2,0.8979591836734694,,No using Simple Imputer,,0.07735085487365723,0.004407167434692383
algerian_forest_fires_46279,simpleimputer,,pca,quantile,ExtraTreesClassifier(random_state=0),3,0.9166666666666666,,No using Simple Imputer,,0.0774075984954834,0.00434565544128418
algerian_forest_fires_46279,simpleimputer,,pca,quantile,ExtraTreesClassifier(random_state=0),4,0.9375,,No using Simple Imputer,,0.07719254493713379,0.00441741943359375
algerian_forest_fires_46279,simpleimputer,,fastica,quantile,ExtraTreesClassifier(random_state=0),0,0.7346938775510204,,No using Simple Imputer,,0.07938289642333984,0.0044367313385009766
algerian_forest_fires_46279,simpleimputer,,fastica,quantile,ExtraTreesClassifier(random_state=0),1,0.8571428571428571,,No using Simple Imputer,,0.0795292854309082,0.004514932632446289
algerian_forest_fires_46279,simpleimputer,,fastica,quantile,ExtraTreesClassifier(random_state=0),2,0.8367346938775511,,No using Simple Imputer,,0.07974553108215332,0.004480123519897461
algerian_forest_fires_46279,simpleimputer,,fastica,quantile,ExtraTreesClassifier(random_state=0),3,0.9166666666666666,,No using Simple Imputer,,0.08005952835083008,0.004484891891479492
algerian_forest_fires_46279,simpleimputer,,fastica,quantile,ExtraTreesClassifier(random_state=0),4,0.8541666666666666,,No using Simple Imputer,,0.07863402366638184,0.004347801208496094
algerian_forest_fires_46279,simpleimputer,,truncated_svd,quantile,ExtraTreesClassifier(random_state=0),0,0.8979591836734694,,No using Simple Imputer,,0.0760800838470459,0.0043218135833740234
algerian_forest_fires_46279,simpleimputer,,truncated_svd,quantile,ExtraTreesClassifier(random_state=0),1,0.9387755102040817,,No using Simple Imputer,,0.07334208488464355,0.004204511642456055
algerian_forest_fires_46279,simpleimputer,,truncated_svd,quantile,ExtraTreesClassifier(random_state=0),2,0.8775510204081632,,No using Simple Imputer,,0.07302594184875488,0.004403352737426758
algerian_forest_fires_46279,simpleimputer,,truncated_svd,quantile,ExtraTreesClassifier(random_state=0),3,0.8958333333333334,,No using Simple Imputer,,0.07295107841491699,0.00423121452331543
algerian_forest_fires_46279,simpleimputer,,truncated_svd,quantile,ExtraTreesClassifier(random_state=0),4,0.9375,,No using Simple Imputer,,0.07397055625915527,0.0043582916259765625
algerian_forest_fires_46279,simpleimputer,,select_percentile,quantile,ExtraTreesClassifier(random_state=0),0,0.9795918367346939,,No using Simple Imputer,,0.07559633255004883,0.0041615962982177734
algerian_forest_fires_46279,simpleimputer,,select_percentile,quantile,ExtraTreesClassifier(random_state=0),1,0.9795918367346939,,No using Simple Imputer,,0.07141804695129395,0.004214763641357422
algerian_forest_fires_46279,simpleimputer,,select_percentile,quantile,ExtraTreesClassifier(random_state=0),2,1.0,,No using Simple Imputer,,0.07181239128112793,0.004244327545166016
algerian_forest_fires_46279,simpleimputer,,select_percentile,quantile,ExtraTreesClassifier(random_state=0),3,0.9791666666666666,,No using Simple Imputer,,0.07228946685791016,0.00416874885559082
algerian_forest_fires_46279,simpleimputer,,select_percentile,quantile,ExtraTreesClassifier(random_state=0),4,0.9583333333333334,,No using Simple Imputer,,0.07155704498291016,0.004364490509033203
algerian_forest_fires_46279,simpleimputer,,generic_univariate,quantile,ExtraTreesClassifier(random_state=0),0,0.9795918367346939,,No using Simple Imputer,,0.07123589515686035,0.0041277408599853516
algerian_forest_fires_46279,simpleimputer,,generic_univariate,quantile,ExtraTreesClassifier(random_state=0),1,0.9795918367346939,,No using Simple Imputer,,0.07097482681274414,0.004079103469848633
algerian_forest_fires_46279,simpleimputer,,generic_univariate,quantile,ExtraTreesClassifier(random_state=0),2,1.0,,No using Simple Imputer,,0.0709984302520752,0.0041387081146240234
algerian_forest_fires_46279,simpleimputer,,generic_univariate,quantile,ExtraTreesClassifier(random_state=0),3,0.9375,,No using Simple Imputer,,0.07101774215698242,0.0041277408599853516
algerian_forest_fires_46279,simpleimputer,,generic_univariate,quantile,ExtraTreesClassifier(random_state=0),4,0.9375,,No using Simple Imputer,,0.0715186595916748,0.004140615463256836
algerian_forest_fires_46279,simpleimputer,,polynomial_features,quantile,ExtraTreesClassifier(random_state=0),0,0.9591836734693877,,No using Simple Imputer,,0.07520699501037598,0.004240989685058594
algerian_forest_fires_46279,simpleimputer,,polynomial_features,quantile,ExtraTreesClassifier(random_state=0),1,0.9795918367346939,,No using Simple Imputer,,0.07646799087524414,0.004225730895996094
algerian_forest_fires_46279,simpleimputer,,polynomial_features,quantile,ExtraTreesClassifier(random_state=0),2,1.0,,No using Simple Imputer,,0.08020901679992676,0.004523038864135742
algerian_forest_fires_46279,simpleimputer,,polynomial_features,quantile,ExtraTreesClassifier(random_state=0),3,0.9791666666666666,,No using Simple Imputer,,0.08217430114746094,0.004536151885986328
algerian_forest_fires_46279,simpleimputer,,polynomial_features,quantile,ExtraTreesClassifier(random_state=0),4,0.9583333333333334,,No using Simple Imputer,,0.08226323127746582,0.0045435428619384766
algerian_forest_fires_46279,simpleimputer,,nystroem,quantile,ExtraTreesClassifier(random_state=0),0,0.8571428571428571,,No using Simple Imputer,,0.09539532661437988,0.004689455032348633
algerian_forest_fires_46279,simpleimputer,,nystroem,quantile,ExtraTreesClassifier(random_state=0),1,0.9387755102040817,,No using Simple Imputer,,0.10307693481445312,0.004914522171020508
algerian_forest_fires_46279,simpleimputer,,nystroem,quantile,ExtraTreesClassifier(random_state=0),2,0.8571428571428571,,No using Simple Imputer,,0.10137391090393066,0.00491642951965332
algerian_forest_fires_46279,simpleimputer,,nystroem,quantile,ExtraTreesClassifier(random_state=0),3,0.9375,,No using Simple Imputer,,0.10561847686767578,0.004834413528442383
algerian_forest_fires_46279,simpleimputer,,nystroem,quantile,ExtraTreesClassifier(random_state=0),4,0.9791666666666666,,No using Simple Imputer,,0.10392498970031738,0.004527568817138672
algerian_forest_fires_46279,simpleimputer,,rbf_sampler,quantile,ExtraTreesClassifier(random_state=0),0,0.9183673469387755,,No using Simple Imputer,,0.08773159980773926,0.0045604705810546875
algerian_forest_fires_46279,simpleimputer,,rbf_sampler,quantile,ExtraTreesClassifier(random_state=0),1,0.9387755102040817,,No using Simple Imputer,,0.0877523422241211,0.004548311233520508
algerian_forest_fires_46279,simpleimputer,,rbf_sampler,quantile,ExtraTreesClassifier(random_state=0),2,0.9387755102040817,,No using Simple Imputer,,0.08778667449951172,0.004575490951538086
algerian_forest_fires_46279,simpleimputer,,rbf_sampler,quantile,ExtraTreesClassifier(random_state=0),3,0.9375,,No using Simple Imputer,,0.0879373550415039,0.004552364349365234
algerian_forest_fires_46279,simpleimputer,,rbf_sampler,quantile,ExtraTreesClassifier(random_state=0),4,0.9791666666666666,,No using Simple Imputer,,0.08827829360961914,0.004681587219238281
algerian_forest_fires_46279,simpleimputer,,random_trees_embedding,quantile,ExtraTreesClassifier(random_state=0),0,0.9387755102040817,,No using Simple Imputer,,0.10028314590454102,0.005295515060424805
algerian_forest_fires_46279,simpleimputer,,random_trees_embedding,quantile,ExtraTreesClassifier(random_state=0),1,0.9795918367346939,,No using Simple Imputer,,0.09994173049926758,0.0051839351654052734
algerian_forest_fires_46279,simpleimputer,,random_trees_embedding,quantile,ExtraTreesClassifier(random_state=0),2,0.9591836734693877,,No using Simple Imputer,,0.1000974178314209,0.005383014678955078
algerian_forest_fires_46279,simpleimputer,,random_trees_embedding,quantile,ExtraTreesClassifier(random_state=0),3,0.9583333333333334,,No using Simple Imputer,,0.10190939903259277,0.005426883697509766
algerian_forest_fires_46279,simpleimputer,,random_trees_embedding,quantile,ExtraTreesClassifier(random_state=0),4,0.9583333333333334,,No using Simple Imputer,,0.10092735290527344,0.005305290222167969
algerian_forest_fires_46279,simpleimputer,,feature_agglomeration,quantile,ExtraTreesClassifier(random_state=0),0,0.8367346938775511,,No using Simple Imputer,,0.07994723320007324,0.004639863967895508
algerian_forest_fires_46279,simpleimputer,,feature_agglomeration,quantile,ExtraTreesClassifier(random_state=0),1,0.8571428571428571,,No using Simple Imputer,,0.08072066307067871,0.00487518310546875
algerian_forest_fires_46279,simpleimputer,,feature_agglomeration,quantile,ExtraTreesClassifier(random_state=0),2,0.8775510204081632,,No using Simple Imputer,,0.07965207099914551,0.0045735836029052734
algerian_forest_fires_46279,simpleimputer,,feature_agglomeration,quantile,ExtraTreesClassifier(random_state=0),3,0.9166666666666666,,No using Simple Imputer,,0.08067774772644043,0.004511356353759766
algerian_forest_fires_46279,simpleimputer,,feature_agglomeration,quantile,ExtraTreesClassifier(random_state=0),4,0.9375,,No using Simple Imputer,,0.08062052726745605,0.00478363037109375
algerian_forest_fires_46279,simpleimputer,,extra_tree,quantile,ExtraTreesClassifier(random_state=0),0,0.9795918367346939,,No using Simple Imputer,,0.0762629508972168,0.004468202590942383
algerian_forest_fires_46279,simpleimputer,,extra_tree,quantile,ExtraTreesClassifier(random_state=0),1,0.9795918367346939,,No using Simple Imputer,,0.07843422889709473,0.004466056823730469
algerian_forest_fires_46279,simpleimputer,,extra_tree,quantile,ExtraTreesClassifier(random_state=0),2,1.0,,No using Simple Imputer,,0.07731032371520996,0.004539966583251953
algerian_forest_fires_46279,simpleimputer,,extra_tree,quantile,ExtraTreesClassifier(random_state=0),3,0.9583333333333334,,No using Simple Imputer,,0.07701992988586426,0.004483222961425781
algerian_forest_fires_46279,simpleimputer,,extra_tree,quantile,ExtraTreesClassifier(random_state=0),4,0.9583333333333334,,No using Simple Imputer,,0.07680201530456543,0.004343748092651367
algerian_forest_fires_46279,simpleimputer,,linear_svc,quantile,ExtraTreesClassifier(random_state=0),0,0.9795918367346939,,No using Simple Imputer,,0.07618904113769531,0.0045318603515625
algerian_forest_fires_46279,simpleimputer,,linear_svc,quantile,ExtraTreesClassifier(random_state=0),1,0.9795918367346939,,No using Simple Imputer,,0.07619810104370117,0.004457712173461914
algerian_forest_fires_46279,simpleimputer,,linear_svc,quantile,ExtraTreesClassifier(random_state=0),2,1.0,,No using Simple Imputer,,0.07675004005432129,0.004569530487060547
algerian_forest_fires_46279,simpleimputer,,linear_svc,quantile,ExtraTreesClassifier(random_state=0),3,0.9583333333333334,,No using Simple Imputer,,0.07663154602050781,0.004387855529785156
algerian_forest_fires_46279,simpleimputer,,linear_svc,quantile,ExtraTreesClassifier(random_state=0),4,0.9583333333333334,,No using Simple Imputer,,0.07684087753295898,0.004425764083862305
algerian_forest_fires_46279,simpleimputer,,kernel_pca,quantile,ExtraTreesClassifier(random_state=0),0,0.9591836734693877,,No using Simple Imputer,,0.10294485092163086,0.0049896240234375
algerian_forest_fires_46279,simpleimputer,,kernel_pca,quantile,ExtraTreesClassifier(random_state=0),1,0.9591836734693877,,No using Simple Imputer,,0.10524749755859375,0.00499725341796875
algerian_forest_fires_46279,simpleimputer,,kernel_pca,quantile,ExtraTreesClassifier(random_state=0),2,0.8979591836734694,,No using Simple Imputer,,0.10167241096496582,0.00497126579284668
algerian_forest_fires_46279,simpleimputer,,kernel_pca,quantile,ExtraTreesClassifier(random_state=0),3,0.9166666666666666,,No using Simple Imputer,,0.10233306884765625,0.00503993034362793
algerian_forest_fires_46279,simpleimputer,,kernel_pca,quantile,ExtraTreesClassifier(random_state=0),4,0.9375,,No using Simple Imputer,,0.10219168663024902,0.0051653385162353516
algerian_forest_fires_46279,simpleimputer,onehot,,,ExtraTreesClassifier(random_state=0),0,0.9591836734693877,,No using Simple Imputer,No using One Hot,0.08014678955078125,0.005545139312744141
algerian_forest_fires_46279,simpleimputer,onehot,,,ExtraTreesClassifier(random_state=0),1,0.9795918367346939,,No using Simple Imputer,No using One Hot,0.08102178573608398,0.005477428436279297
algerian_forest_fires_46279,simpleimputer,onehot,,,ExtraTreesClassifier(random_state=0),2,1.0,,No using Simple Imputer,No using One Hot,0.0807499885559082,0.005417585372924805
algerian_forest_fires_46279,simpleimputer,onehot,,,ExtraTreesClassifier(random_state=0),3,0.9791666666666666,,No using Simple Imputer,No using One Hot,0.08055520057678223,0.005492687225341797
algerian_forest_fires_46279,simpleimputer,onehot,,,ExtraTreesClassifier(random_state=0),4,0.9583333333333334,,No using Simple Imputer,No using One Hot,0.07990264892578125,0.0053136348724365234
algerian_forest_fires_46279,simpleimputer,onehot,pca,,ExtraTreesClassifier(random_state=0),0,0.9795918367346939,,No using Simple Imputer,No using One Hot,0.08250236511230469,0.004735708236694336
algerian_forest_fires_46279,simpleimputer,onehot,pca,,ExtraTreesClassifier(random_state=0),1,0.9591836734693877,,No using Simple Imputer,No using One Hot,0.08299660682678223,0.00460505485534668
algerian_forest_fires_46279,simpleimputer,onehot,pca,,ExtraTreesClassifier(random_state=0),2,0.9183673469387755,,No using Simple Imputer,No using One Hot,0.08251357078552246,0.004711151123046875
algerian_forest_fires_46279,simpleimputer,onehot,pca,,ExtraTreesClassifier(random_state=0),3,0.9375,,No using Simple Imputer,No using One Hot,0.08743476867675781,0.004682302474975586
algerian_forest_fires_46279,simpleimputer,onehot,pca,,ExtraTreesClassifier(random_state=0),4,0.9375,,No using Simple Imputer,No using One Hot,0.08246278762817383,0.00458836555480957
algerian_forest_fires_46279,simpleimputer,onehot,fastica,,ExtraTreesClassifier(random_state=0),0,0.6530612244897959,,No using Simple Imputer,No using One Hot,0.08551836013793945,0.0046770572662353516
algerian_forest_fires_46279,simpleimputer,onehot,fastica,,ExtraTreesClassifier(random_state=0),1,0.8163265306122449,,No using Simple Imputer,No using One Hot,0.0854496955871582,0.004743814468383789
algerian_forest_fires_46279,simpleimputer,onehot,fastica,,ExtraTreesClassifier(random_state=0),2,0.9183673469387755,,No using Simple Imputer,No using One Hot,0.08599996566772461,0.0050334930419921875
algerian_forest_fires_46279,simpleimputer,onehot,fastica,,ExtraTreesClassifier(random_state=0),3,0.9166666666666666,,No using Simple Imputer,No using One Hot,0.08532118797302246,0.0049779415130615234
algerian_forest_fires_46279,simpleimputer,onehot,fastica,,ExtraTreesClassifier(random_state=0),4,0.6875,,No using Simple Imputer,No using One Hot,0.09201335906982422,0.004880428314208984
algerian_forest_fires_46279,simpleimputer,onehot,truncated_svd,,ExtraTreesClassifier(random_state=0),0,0.8367346938775511,,No using Simple Imputer,No using One Hot,0.08261990547180176,0.004744291305541992
algerian_forest_fires_46279,simpleimputer,onehot,truncated_svd,,ExtraTreesClassifier(random_state=0),1,0.7755102040816326,,No using Simple Imputer,No using One Hot,0.08623051643371582,0.004683494567871094
algerian_forest_fires_46279,simpleimputer,onehot,truncated_svd,,ExtraTreesClassifier(random_state=0),2,0.7959183673469388,,No using Simple Imputer,No using One Hot,0.0815134048461914,0.004741191864013672
algerian_forest_fires_46279,simpleimputer,onehot,truncated_svd,,ExtraTreesClassifier(random_state=0),3,0.8541666666666666,,No using Simple Imputer,No using One Hot,0.08141112327575684,0.004747152328491211
algerian_forest_fires_46279,simpleimputer,onehot,truncated_svd,,ExtraTreesClassifier(random_state=0),4,0.875,,No using Simple Imputer,No using One Hot,0.08131647109985352,0.0048940181732177734
algerian_forest_fires_46279,simpleimputer,onehot,select_percentile,,ExtraTreesClassifier(random_state=0),0,0.9795918367346939,,No using Simple Imputer,No using One Hot,0.07778620719909668,0.0047550201416015625
algerian_forest_fires_46279,simpleimputer,onehot,select_percentile,,ExtraTreesClassifier(random_state=0),1,0.9795918367346939,,No using Simple Imputer,No using One Hot,0.07788228988647461,0.004710674285888672
algerian_forest_fires_46279,simpleimputer,onehot,select_percentile,,ExtraTreesClassifier(random_state=0),2,1.0,,No using Simple Imputer,No using One Hot,0.07802176475524902,0.004569292068481445
algerian_forest_fires_46279,simpleimputer,onehot,select_percentile,,ExtraTreesClassifier(random_state=0),3,0.9791666666666666,,No using Simple Imputer,No using One Hot,0.07794904708862305,0.004576444625854492
algerian_forest_fires_46279,simpleimputer,onehot,select_percentile,,ExtraTreesClassifier(random_state=0),4,0.9583333333333334,,No using Simple Imputer,No using One Hot,0.07780051231384277,0.004939556121826172
algerian_forest_fires_46279,simpleimputer,onehot,generic_univariate,,ExtraTreesClassifier(random_state=0),0,1.0,,No using Simple Imputer,No using One Hot,0.07742190361022949,0.004710197448730469
algerian_forest_fires_46279,simpleimputer,onehot,generic_univariate,,ExtraTreesClassifier(random_state=0),1,1.0,,No using Simple Imputer,No using One Hot,0.07768416404724121,0.004685401916503906
algerian_forest_fires_46279,simpleimputer,onehot,generic_univariate,,ExtraTreesClassifier(random_state=0),2,1.0,,No using Simple Imputer,No using One Hot,0.07806110382080078,0.004522800445556641
algerian_forest_fires_46279,simpleimputer,onehot,generic_univariate,,ExtraTreesClassifier(random_state=0),3,0.9583333333333334,,No using Simple Imputer,No using One Hot,0.07759475708007812,0.00450897216796875
algerian_forest_fires_46279,simpleimputer,onehot,generic_univariate,,ExtraTreesClassifier(random_state=0),4,0.9791666666666666,,No using Simple Imputer,No using One Hot,0.07762765884399414,0.004482746124267578
algerian_forest_fires_46279,simpleimputer,onehot,polynomial_features,,ExtraTreesClassifier(random_state=0),0,0.9591836734693877,,No using Simple Imputer,No using One Hot,0.08199191093444824,0.004547595977783203
algerian_forest_fires_46279,simpleimputer,onehot,polynomial_features,,ExtraTreesClassifier(random_state=0),1,0.9795918367346939,,No using Simple Imputer,No using One Hot,0.08236193656921387,0.004446744918823242
algerian_forest_fires_46279,simpleimputer,onehot,polynomial_features,,ExtraTreesClassifier(random_state=0),2,1.0,,No using Simple Imputer,No using One Hot,0.08258271217346191,0.004347324371337891
algerian_forest_fires_46279,simpleimputer,onehot,polynomial_features,,ExtraTreesClassifier(random_state=0),3,0.9583333333333334,,No using Simple Imputer,No using One Hot,0.08294987678527832,0.00446009635925293
algerian_forest_fires_46279,simpleimputer,onehot,polynomial_features,,ExtraTreesClassifier(random_state=0),4,0.9583333333333334,,No using Simple Imputer,No using One Hot,0.08243179321289062,0.004418373107910156
algerian_forest_fires_46279,simpleimputer,onehot,nystroem,,ExtraTreesClassifier(random_state=0),0,0.673469387755102,,No using Simple Imputer,No using One Hot,0.14912819862365723,0.0058977603912353516
algerian_forest_fires_46279,simpleimputer,onehot,nystroem,,ExtraTreesClassifier(random_state=0),1,0.8571428571428571,,No using Simple Imputer,No using One Hot,0.14753985404968262,0.005947113037109375
algerian_forest_fires_46279,simpleimputer,onehot,nystroem,,ExtraTreesClassifier(random_state=0),2,0.8367346938775511,,No using Simple Imputer,No using One Hot,0.1474921703338623,0.0056226253509521484
algerian_forest_fires_46279,simpleimputer,onehot,nystroem,,ExtraTreesClassifier(random_state=0),3,0.7708333333333334,,No using Simple Imputer,No using One Hot,0.147080659866333,0.00571441650390625
algerian_forest_fires_46279,simpleimputer,onehot,nystroem,,ExtraTreesClassifier(random_state=0),4,0.8125,,No using Simple Imputer,No using One Hot,0.14225244522094727,0.005593776702880859
algerian_forest_fires_46279,simpleimputer,onehot,rbf_sampler,,ExtraTreesClassifier(random_state=0),0,0.5918367346938775,,No using Simple Imputer,No using One Hot,0.09729218482971191,0.004715681076049805
algerian_forest_fires_46279,simpleimputer,onehot,rbf_sampler,,ExtraTreesClassifier(random_state=0),1,0.5510204081632653,,No using Simple Imputer,No using One Hot,0.0975799560546875,0.004739522933959961
algerian_forest_fires_46279,simpleimputer,onehot,rbf_sampler,,ExtraTreesClassifier(random_state=0),2,0.5714285714285714,,No using Simple Imputer,No using One Hot,0.09894251823425293,0.004701137542724609
algerian_forest_fires_46279,simpleimputer,onehot,rbf_sampler,,ExtraTreesClassifier(random_state=0),3,0.625,,No using Simple Imputer,No using One Hot,0.09737300872802734,0.004740238189697266
algerian_forest_fires_46279,simpleimputer,onehot,rbf_sampler,,ExtraTreesClassifier(random_state=0),4,0.5625,,No using Simple Imputer,No using One Hot,0.0980379581451416,0.0046977996826171875
algerian_forest_fires_46279,simpleimputer,onehot,random_trees_embedding,,ExtraTreesClassifier(random_state=0),0,0.9795918367346939,,No using Simple Imputer,No using One Hot,0.10217785835266113,0.005466938018798828
algerian_forest_fires_46279,simpleimputer,onehot,random_trees_embedding,,ExtraTreesClassifier(random_state=0),1,0.9591836734693877,,No using Simple Imputer,No using One Hot,0.1027684211730957,0.005440473556518555
algerian_forest_fires_46279,simpleimputer,onehot,random_trees_embedding,,ExtraTreesClassifier(random_state=0),2,0.9795918367346939,,No using Simple Imputer,No using One Hot,0.10294532775878906,0.005532741546630859
algerian_forest_fires_46279,simpleimputer,onehot,random_trees_embedding,,ExtraTreesClassifier(random_state=0),3,0.9583333333333334,,No using Simple Imputer,No using One Hot,0.10419487953186035,0.00524139404296875
algerian_forest_fires_46279,simpleimputer,onehot,random_trees_embedding,,ExtraTreesClassifier(random_state=0),4,0.9583333333333334,,No using Simple Imputer,No using One Hot,0.1002662181854248,0.005263566970825195
algerian_forest_fires_46279,simpleimputer,onehot,feature_agglomeration,,ExtraTreesClassifier(random_state=0),0,0.7959183673469388,,No using Simple Imputer,No using One Hot,0.07987594604492188,0.004818439483642578
algerian_forest_fires_46279,simpleimputer,onehot,feature_agglomeration,,ExtraTreesClassifier(random_state=0),1,0.7959183673469388,,No using Simple Imputer,No using One Hot,0.08009696006774902,0.004666805267333984
algerian_forest_fires_46279,simpleimputer,onehot,feature_agglomeration,,ExtraTreesClassifier(random_state=0),2,0.8367346938775511,,No using Simple Imputer,No using One Hot,0.07992386817932129,0.004702091217041016
algerian_forest_fires_46279,simpleimputer,onehot,feature_agglomeration,,ExtraTreesClassifier(random_state=0),3,0.8125,,No using Simple Imputer,No using One Hot,0.07990241050720215,0.004706621170043945
algerian_forest_fires_46279,simpleimputer,onehot,feature_agglomeration,,ExtraTreesClassifier(random_state=0),4,0.8333333333333334,,No using Simple Imputer,No using One Hot,0.08178973197937012,0.004669666290283203
algerian_forest_fires_46279,simpleimputer,onehot,extra_tree,,ExtraTreesClassifier(random_state=0),0,0.9591836734693877,,No using Simple Imputer,No using One Hot,0.08019852638244629,0.00467228889465332
algerian_forest_fires_46279,simpleimputer,onehot,extra_tree,,ExtraTreesClassifier(random_state=0),1,0.9795918367346939,,No using Simple Imputer,No using One Hot,0.07814812660217285,0.0045375823974609375
algerian_forest_fires_46279,simpleimputer,onehot,extra_tree,,ExtraTreesClassifier(random_state=0),2,1.0,,No using Simple Imputer,No using One Hot,0.07891559600830078,0.00450897216796875
algerian_forest_fires_46279,simpleimputer,onehot,extra_tree,,ExtraTreesClassifier(random_state=0),3,0.9583333333333334,,No using Simple Imputer,No using One Hot,0.07840394973754883,0.004901409149169922
algerian_forest_fires_46279,simpleimputer,onehot,extra_tree,,ExtraTreesClassifier(random_state=0),4,0.9791666666666666,,No using Simple Imputer,No using One Hot,0.08084464073181152,0.004613161087036133
algerian_forest_fires_46279,simpleimputer,onehot,linear_svc,,ExtraTreesClassifier(random_state=0),0,0.9591836734693877,,No using Simple Imputer,No using One Hot,0.07796502113342285,0.004578351974487305
algerian_forest_fires_46279,simpleimputer,onehot,linear_svc,,ExtraTreesClassifier(random_state=0),1,0.9795918367346939,,No using Simple Imputer,No using One Hot,0.07705092430114746,0.004479885101318359
algerian_forest_fires_46279,simpleimputer,onehot,linear_svc,,ExtraTreesClassifier(random_state=0),2,0.9591836734693877,,No using Simple Imputer,No using One Hot,0.07764911651611328,0.004595279693603516
algerian_forest_fires_46279,simpleimputer,onehot,linear_svc,,ExtraTreesClassifier(random_state=0),3,0.9791666666666666,,No using Simple Imputer,No using One Hot,0.0827951431274414,0.0047490596771240234
algerian_forest_fires_46279,simpleimputer,onehot,linear_svc,,ExtraTreesClassifier(random_state=0),4,0.9791666666666666,,No using Simple Imputer,No using One Hot,0.08226394653320312,0.004518270492553711
algerian_forest_fires_46279,simpleimputer,onehot,kernel_pca,,ExtraTreesClassifier(random_state=0),0,0.9591836734693877,,No using Simple Imputer,No using One Hot,0.10389184951782227,0.005380153656005859
algerian_forest_fires_46279,simpleimputer,onehot,kernel_pca,,ExtraTreesClassifier(random_state=0),1,0.9795918367346939,,No using Simple Imputer,No using One Hot,0.10402750968933105,0.005175590515136719
algerian_forest_fires_46279,simpleimputer,onehot,kernel_pca,,ExtraTreesClassifier(random_state=0),2,0.8979591836734694,,No using Simple Imputer,No using One Hot,0.10478401184082031,0.007486104965209961
algerian_forest_fires_46279,simpleimputer,onehot,kernel_pca,,ExtraTreesClassifier(random_state=0),3,0.9166666666666666,,No using Simple Imputer,No using One Hot,0.10430049896240234,0.005254268646240234
algerian_forest_fires_46279,simpleimputer,onehot,kernel_pca,,ExtraTreesClassifier(random_state=0),4,0.8958333333333334,,No using Simple Imputer,No using One Hot,0.08596587181091309,0.00469207763671875
algerian_forest_fires_46279,simpleimputer,onehot,,standard,ExtraTreesClassifier(random_state=0),0,0.9591836734693877,,No using Simple Imputer,No using One Hot,0.0812535285949707,0.00469970703125
algerian_forest_fires_46279,simpleimputer,onehot,,standard,ExtraTreesClassifier(random_state=0),1,0.9795918367346939,,No using Simple Imputer,No using One Hot,0.08418965339660645,0.004912376403808594
algerian_forest_fires_46279,simpleimputer,onehot,,standard,ExtraTreesClassifier(random_state=0),2,1.0,,No using Simple Imputer,No using One Hot,0.08221054077148438,0.004601001739501953
algerian_forest_fires_46279,simpleimputer,onehot,,standard,ExtraTreesClassifier(random_state=0),3,0.9791666666666666,,No using Simple Imputer,No using One Hot,0.07975268363952637,0.004606962203979492
algerian_forest_fires_46279,simpleimputer,onehot,,standard,ExtraTreesClassifier(random_state=0),4,0.9583333333333334,,No using Simple Imputer,No using One Hot,0.07982540130615234,0.004584312438964844
algerian_forest_fires_46279,simpleimputer,onehot,pca,standard,ExtraTreesClassifier(random_state=0),0,0.9183673469387755,,No using Simple Imputer,No using One Hot,0.0842142105102539,0.004882335662841797
algerian_forest_fires_46279,simpleimputer,onehot,pca,standard,ExtraTreesClassifier(random_state=0),1,0.9795918367346939,,No using Simple Imputer,No using One Hot,0.09344291687011719,0.0056209564208984375
algerian_forest_fires_46279,simpleimputer,onehot,pca,standard,ExtraTreesClassifier(random_state=0),2,0.8775510204081632,,No using Simple Imputer,No using One Hot,0.08535480499267578,0.004728555679321289
algerian_forest_fires_46279,simpleimputer,onehot,pca,standard,ExtraTreesClassifier(random_state=0),3,0.9166666666666666,,No using Simple Imputer,No using One Hot,0.08345246315002441,0.0047054290771484375
algerian_forest_fires_46279,simpleimputer,onehot,pca,standard,ExtraTreesClassifier(random_state=0),4,0.9166666666666666,,No using Simple Imputer,No using One Hot,0.0836482048034668,0.004756927490234375
algerian_forest_fires_46279,simpleimputer,onehot,fastica,standard,ExtraTreesClassifier(random_state=0),0,0.7551020408163265,,No using Simple Imputer,No using One Hot,0.09057927131652832,0.004978656768798828
algerian_forest_fires_46279,simpleimputer,onehot,fastica,standard,ExtraTreesClassifier(random_state=0),1,0.5510204081632653,,No using Simple Imputer,No using One Hot,0.09092330932617188,0.004858732223510742
algerian_forest_fires_46279,simpleimputer,onehot,fastica,standard,ExtraTreesClassifier(random_state=0),2,0.8775510204081632,,No using Simple Imputer,No using One Hot,0.08464598655700684,0.0047910213470458984
algerian_forest_fires_46279,simpleimputer,onehot,fastica,standard,ExtraTreesClassifier(random_state=0),3,0.9583333333333334,,No using Simple Imputer,No using One Hot,0.08495140075683594,0.004792928695678711
algerian_forest_fires_46279,simpleimputer,onehot,fastica,standard,ExtraTreesClassifier(random_state=0),4,0.8125,,No using Simple Imputer,No using One Hot,0.08601808547973633,0.004885196685791016
algerian_forest_fires_46279,simpleimputer,onehot,truncated_svd,standard,ExtraTreesClassifier(random_state=0),0,0.7959183673469388,,No using Simple Imputer,No using One Hot,0.08032703399658203,0.0047607421875
algerian_forest_fires_46279,simpleimputer,onehot,truncated_svd,standard,ExtraTreesClassifier(random_state=0),1,0.8367346938775511,,No using Simple Imputer,No using One Hot,0.07954263687133789,0.004529237747192383
algerian_forest_fires_46279,simpleimputer,onehot,truncated_svd,standard,ExtraTreesClassifier(random_state=0),2,0.8367346938775511,,No using Simple Imputer,No using One Hot,0.07518815994262695,0.0043582916259765625
algerian_forest_fires_46279,simpleimputer,onehot,truncated_svd,standard,ExtraTreesClassifier(random_state=0),3,0.875,,No using Simple Imputer,No using One Hot,0.07481551170349121,0.004357814788818359
algerian_forest_fires_46279,simpleimputer,onehot,truncated_svd,standard,ExtraTreesClassifier(random_state=0),4,0.8958333333333334,,No using Simple Imputer,No using One Hot,0.07445931434631348,0.004303693771362305
algerian_forest_fires_46279,simpleimputer,onehot,select_percentile,standard,ExtraTreesClassifier(random_state=0),0,0.9795918367346939,,No using Simple Imputer,No using One Hot,0.07131457328796387,0.0044591426849365234
algerian_forest_fires_46279,simpleimputer,onehot,select_percentile,standard,ExtraTreesClassifier(random_state=0),1,0.9795918367346939,,No using Simple Imputer,No using One Hot,0.0712282657623291,0.004193782806396484
algerian_forest_fires_46279,simpleimputer,onehot,select_percentile,standard,ExtraTreesClassifier(random_state=0),2,1.0,,No using Simple Imputer,No using One Hot,0.07274699211120605,0.004228115081787109
algerian_forest_fires_46279,simpleimputer,onehot,select_percentile,standard,ExtraTreesClassifier(random_state=0),3,0.9791666666666666,,No using Simple Imputer,No using One Hot,0.07194948196411133,0.004240989685058594
algerian_forest_fires_46279,simpleimputer,onehot,select_percentile,standard,ExtraTreesClassifier(random_state=0),4,0.9583333333333334,,No using Simple Imputer,No using One Hot,0.07299208641052246,0.004231691360473633
algerian_forest_fires_46279,simpleimputer,onehot,generic_univariate,standard,ExtraTreesClassifier(random_state=0),0,1.0,,No using Simple Imputer,No using One Hot,0.07150840759277344,0.004200935363769531
algerian_forest_fires_46279,simpleimputer,onehot,generic_univariate,standard,ExtraTreesClassifier(random_state=0),1,1.0,,No using Simple Imputer,No using One Hot,0.07197260856628418,0.004435539245605469
algerian_forest_fires_46279,simpleimputer,onehot,generic_univariate,standard,ExtraTreesClassifier(random_state=0),2,1.0,,No using Simple Imputer,No using One Hot,0.07487320899963379,0.004059791564941406
algerian_forest_fires_46279,simpleimputer,onehot,generic_univariate,standard,ExtraTreesClassifier(random_state=0),3,0.9583333333333334,,No using Simple Imputer,No using One Hot,0.07178497314453125,0.004132986068725586
algerian_forest_fires_46279,simpleimputer,onehot,generic_univariate,standard,ExtraTreesClassifier(random_state=0),4,0.9791666666666666,,No using Simple Imputer,No using One Hot,0.07133817672729492,0.004263639450073242
algerian_forest_fires_46279,simpleimputer,onehot,polynomial_features,standard,ExtraTreesClassifier(random_state=0),0,0.9591836734693877,,No using Simple Imputer,No using One Hot,0.0788571834564209,0.004366874694824219
algerian_forest_fires_46279,simpleimputer,onehot,polynomial_features,standard,ExtraTreesClassifier(random_state=0),1,0.9795918367346939,,No using Simple Imputer,No using One Hot,0.07899856567382812,0.004255771636962891
algerian_forest_fires_46279,simpleimputer,onehot,polynomial_features,standard,ExtraTreesClassifier(random_state=0),2,0.9591836734693877,,No using Simple Imputer,No using One Hot,0.07935714721679688,0.0042841434478759766
algerian_forest_fires_46279,simpleimputer,onehot,polynomial_features,standard,ExtraTreesClassifier(random_state=0),3,0.9791666666666666,,No using Simple Imputer,No using One Hot,0.07949233055114746,0.004258394241333008
algerian_forest_fires_46279,simpleimputer,onehot,polynomial_features,standard,ExtraTreesClassifier(random_state=0),4,0.9583333333333334,,No using Simple Imputer,No using One Hot,0.0788264274597168,0.004255771636962891
algerian_forest_fires_46279,simpleimputer,onehot,nystroem,standard,ExtraTreesClassifier(random_state=0),0,0.8571428571428571,,No using Simple Imputer,No using One Hot,0.09363436698913574,0.004519224166870117
algerian_forest_fires_46279,simpleimputer,onehot,nystroem,standard,ExtraTreesClassifier(random_state=0),1,0.9591836734693877,,No using Simple Imputer,No using One Hot,0.1000673770904541,0.004411220550537109
algerian_forest_fires_46279,simpleimputer,onehot,nystroem,standard,ExtraTreesClassifier(random_state=0),2,0.8979591836734694,,No using Simple Imputer,No using One Hot,0.10167193412780762,0.0046842098236083984
algerian_forest_fires_46279,simpleimputer,onehot,nystroem,standard,ExtraTreesClassifier(random_state=0),3,0.9583333333333334,,No using Simple Imputer,No using One Hot,0.10119819641113281,0.0042645931243896484
algerian_forest_fires_46279,simpleimputer,onehot,nystroem,standard,ExtraTreesClassifier(random_state=0),4,0.9583333333333334,,No using Simple Imputer,No using One Hot,0.10190606117248535,0.004454612731933594
algerian_forest_fires_46279,simpleimputer,onehot,rbf_sampler,standard,ExtraTreesClassifier(random_state=0),0,0.5918367346938775,,No using Simple Imputer,No using One Hot,0.09054708480834961,0.00445556640625
algerian_forest_fires_46279,simpleimputer,onehot,rbf_sampler,standard,ExtraTreesClassifier(random_state=0),1,0.7346938775510204,,No using Simple Imputer,No using One Hot,0.09061264991760254,0.004437446594238281
algerian_forest_fires_46279,simpleimputer,onehot,rbf_sampler,standard,ExtraTreesClassifier(random_state=0),2,0.7346938775510204,,No using Simple Imputer,No using One Hot,0.08947467803955078,0.0042803287506103516
algerian_forest_fires_46279,simpleimputer,onehot,rbf_sampler,standard,ExtraTreesClassifier(random_state=0),3,0.7291666666666666,,No using Simple Imputer,No using One Hot,0.08925867080688477,0.004328250885009766
algerian_forest_fires_46279,simpleimputer,onehot,rbf_sampler,standard,ExtraTreesClassifier(random_state=0),4,0.7083333333333334,,No using Simple Imputer,No using One Hot,0.08872842788696289,0.004335880279541016
algerian_forest_fires_46279,simpleimputer,onehot,random_trees_embedding,standard,ExtraTreesClassifier(random_state=0),0,0.9795918367346939,,No using Simple Imputer,No using One Hot,0.09273004531860352,0.004986763000488281
algerian_forest_fires_46279,simpleimputer,onehot,random_trees_embedding,standard,ExtraTreesClassifier(random_state=0),1,0.9591836734693877,,No using Simple Imputer,No using One Hot,0.10075092315673828,0.005322456359863281
algerian_forest_fires_46279,simpleimputer,onehot,random_trees_embedding,standard,ExtraTreesClassifier(random_state=0),2,0.9795918367346939,,No using Simple Imputer,No using One Hot,0.10018706321716309,0.005163431167602539
algerian_forest_fires_46279,simpleimputer,onehot,random_trees_embedding,standard,ExtraTreesClassifier(random_state=0),3,0.9583333333333334,,No using Simple Imputer,No using One Hot,0.10069394111633301,0.00523829460144043
algerian_forest_fires_46279,simpleimputer,onehot,random_trees_embedding,standard,ExtraTreesClassifier(random_state=0),4,0.9583333333333334,,No using Simple Imputer,No using One Hot,0.09903311729431152,0.0052433013916015625
algerian_forest_fires_46279,simpleimputer,onehot,feature_agglomeration,standard,ExtraTreesClassifier(random_state=0),0,0.7959183673469388,,No using Simple Imputer,No using One Hot,0.07959318161010742,0.004633426666259766
algerian_forest_fires_46279,simpleimputer,onehot,feature_agglomeration,standard,ExtraTreesClassifier(random_state=0),1,0.7959183673469388,,No using Simple Imputer,No using One Hot,0.08031511306762695,0.004703998565673828
algerian_forest_fires_46279,simpleimputer,onehot,feature_agglomeration,standard,ExtraTreesClassifier(random_state=0),2,0.8775510204081632,,No using Simple Imputer,No using One Hot,0.08390378952026367,0.0048084259033203125
algerian_forest_fires_46279,simpleimputer,onehot,feature_agglomeration,standard,ExtraTreesClassifier(random_state=0),3,0.9375,,No using Simple Imputer,No using One Hot,0.08122420310974121,0.004807949066162109
algerian_forest_fires_46279,simpleimputer,onehot,feature_agglomeration,standard,ExtraTreesClassifier(random_state=0),4,0.9166666666666666,,No using Simple Imputer,No using One Hot,0.08137702941894531,0.004745006561279297
algerian_forest_fires_46279,simpleimputer,onehot,extra_tree,standard,ExtraTreesClassifier(random_state=0),0,0.9591836734693877,,No using Simple Imputer,No using One Hot,0.07859969139099121,0.004410982131958008
algerian_forest_fires_46279,simpleimputer,onehot,extra_tree,standard,ExtraTreesClassifier(random_state=0),1,0.9795918367346939,,No using Simple Imputer,No using One Hot,0.07757425308227539,0.004662752151489258
algerian_forest_fires_46279,simpleimputer,onehot,extra_tree,standard,ExtraTreesClassifier(random_state=0),2,1.0,,No using Simple Imputer,No using One Hot,0.07738399505615234,0.004627227783203125
algerian_forest_fires_46279,simpleimputer,onehot,extra_tree,standard,ExtraTreesClassifier(random_state=0),3,0.9583333333333334,,No using Simple Imputer,No using One Hot,0.07761216163635254,0.004610538482666016
algerian_forest_fires_46279,simpleimputer,onehot,extra_tree,standard,ExtraTreesClassifier(random_state=0),4,0.9791666666666666,,No using Simple Imputer,No using One Hot,0.07758712768554688,0.004494428634643555
algerian_forest_fires_46279,simpleimputer,onehot,linear_svc,standard,ExtraTreesClassifier(random_state=0),0,0.9795918367346939,,No using Simple Imputer,No using One Hot,0.07916855812072754,0.004743337631225586
algerian_forest_fires_46279,simpleimputer,onehot,linear_svc,standard,ExtraTreesClassifier(random_state=0),1,0.9795918367346939,,No using Simple Imputer,No using One Hot,0.0782008171081543,0.004366636276245117
algerian_forest_fires_46279,simpleimputer,onehot,linear_svc,standard,ExtraTreesClassifier(random_state=0),2,0.9795918367346939,,No using Simple Imputer,No using One Hot,0.07834506034851074,0.004397153854370117
algerian_forest_fires_46279,simpleimputer,onehot,linear_svc,standard,ExtraTreesClassifier(random_state=0),3,0.9583333333333334,,No using Simple Imputer,No using One Hot,0.08418488502502441,0.004450559616088867
algerian_forest_fires_46279,simpleimputer,onehot,linear_svc,standard,ExtraTreesClassifier(random_state=0),4,0.9791666666666666,,No using Simple Imputer,No using One Hot,0.07911467552185059,0.00441431999206543
algerian_forest_fires_46279,simpleimputer,onehot,kernel_pca,standard,ExtraTreesClassifier(random_state=0),0,0.9591836734693877,,No using Simple Imputer,No using One Hot,0.10340237617492676,0.005045652389526367
algerian_forest_fires_46279,simpleimputer,onehot,kernel_pca,standard,ExtraTreesClassifier(random_state=0),1,0.9795918367346939,,No using Simple Imputer,No using One Hot,0.10247135162353516,0.0051116943359375
algerian_forest_fires_46279,simpleimputer,onehot,kernel_pca,standard,ExtraTreesClassifier(random_state=0),2,0.8775510204081632,,No using Simple Imputer,No using One Hot,0.10135173797607422,0.005007743835449219
algerian_forest_fires_46279,simpleimputer,onehot,kernel_pca,standard,ExtraTreesClassifier(random_state=0),3,0.9375,,No using Simple Imputer,No using One Hot,0.1018831729888916,0.005065202713012695
algerian_forest_fires_46279,simpleimputer,onehot,kernel_pca,standard,ExtraTreesClassifier(random_state=0),4,0.9166666666666666,,No using Simple Imputer,No using One Hot,0.10320806503295898,0.005011320114135742
algerian_forest_fires_46279,simpleimputer,onehot,,minmax,ExtraTreesClassifier(random_state=0),0,0.9591836734693877,,No using Simple Imputer,No using One Hot,0.07918190956115723,0.004555463790893555
algerian_forest_fires_46279,simpleimputer,onehot,,minmax,ExtraTreesClassifier(random_state=0),1,0.9795918367346939,,No using Simple Imputer,No using One Hot,0.07920694351196289,0.0045244693756103516
algerian_forest_fires_46279,simpleimputer,onehot,,minmax,ExtraTreesClassifier(random_state=0),2,1.0,,No using Simple Imputer,No using One Hot,0.07895278930664062,0.004542827606201172
algerian_forest_fires_46279,simpleimputer,onehot,,minmax,ExtraTreesClassifier(random_state=0),3,0.9791666666666666,,No using Simple Imputer,No using One Hot,0.07926273345947266,0.004580974578857422
algerian_forest_fires_46279,simpleimputer,onehot,,minmax,ExtraTreesClassifier(random_state=0),4,0.9583333333333334,,No using Simple Imputer,No using One Hot,0.07919168472290039,0.004427194595336914
algerian_forest_fires_46279,simpleimputer,onehot,pca,minmax,ExtraTreesClassifier(random_state=0),0,0.9183673469387755,,No using Simple Imputer,No using One Hot,0.08302712440490723,0.004603385925292969
algerian_forest_fires_46279,simpleimputer,onehot,pca,minmax,ExtraTreesClassifier(random_state=0),1,0.9795918367346939,,No using Simple Imputer,No using One Hot,0.08340311050415039,0.004782915115356445
algerian_forest_fires_46279,simpleimputer,onehot,pca,minmax,ExtraTreesClassifier(random_state=0),2,0.8979591836734694,,No using Simple Imputer,No using One Hot,0.08284425735473633,0.004727602005004883
algerian_forest_fires_46279,simpleimputer,onehot,pca,minmax,ExtraTreesClassifier(random_state=0),3,0.9375,,No using Simple Imputer,No using One Hot,0.08297395706176758,0.004509925842285156
algerian_forest_fires_46279,simpleimputer,onehot,pca,minmax,ExtraTreesClassifier(random_state=0),4,0.8958333333333334,,No using Simple Imputer,No using One Hot,0.08254122734069824,0.00464630126953125
algerian_forest_fires_46279,simpleimputer,onehot,fastica,minmax,ExtraTreesClassifier(random_state=0),0,0.7959183673469388,,No using Simple Imputer,No using One Hot,0.08491158485412598,0.004688262939453125
algerian_forest_fires_46279,simpleimputer,onehot,fastica,minmax,ExtraTreesClassifier(random_state=0),1,0.8163265306122449,,No using Simple Imputer,No using One Hot,0.0845491886138916,0.004731893539428711
algerian_forest_fires_46279,simpleimputer,onehot,fastica,minmax,ExtraTreesClassifier(random_state=0),2,0.7551020408163265,,No using Simple Imputer,No using One Hot,0.0851750373840332,0.004637956619262695
algerian_forest_fires_46279,simpleimputer,onehot,fastica,minmax,ExtraTreesClassifier(random_state=0),3,0.9166666666666666,,No using Simple Imputer,No using One Hot,0.08423686027526855,0.0047686100006103516
algerian_forest_fires_46279,simpleimputer,onehot,fastica,minmax,ExtraTreesClassifier(random_state=0),4,0.8125,,No using Simple Imputer,No using One Hot,0.08460450172424316,0.004716396331787109
algerian_forest_fires_46279,simpleimputer,onehot,truncated_svd,minmax,ExtraTreesClassifier(random_state=0),0,0.8367346938775511,,No using Simple Imputer,No using One Hot,0.0794670581817627,0.004613161087036133
algerian_forest_fires_46279,simpleimputer,onehot,truncated_svd,minmax,ExtraTreesClassifier(random_state=0),1,0.8367346938775511,,No using Simple Imputer,No using One Hot,0.08114147186279297,0.0047953128814697266
algerian_forest_fires_46279,simpleimputer,onehot,truncated_svd,minmax,ExtraTreesClassifier(random_state=0),2,0.8163265306122449,,No using Simple Imputer,No using One Hot,0.07994365692138672,0.004652261734008789
algerian_forest_fires_46279,simpleimputer,onehot,truncated_svd,minmax,ExtraTreesClassifier(random_state=0),3,0.9166666666666666,,No using Simple Imputer,No using One Hot,0.08000731468200684,0.004548549652099609
algerian_forest_fires_46279,simpleimputer,onehot,truncated_svd,minmax,ExtraTreesClassifier(random_state=0),4,0.8541666666666666,,No using Simple Imputer,No using One Hot,0.0790560245513916,0.0047037601470947266
algerian_forest_fires_46279,simpleimputer,onehot,select_percentile,minmax,ExtraTreesClassifier(random_state=0),0,0.9795918367346939,,No using Simple Imputer,No using One Hot,0.07660794258117676,0.004430532455444336
algerian_forest_fires_46279,simpleimputer,onehot,select_percentile,minmax,ExtraTreesClassifier(random_state=0),1,0.9795918367346939,,No using Simple Imputer,No using One Hot,0.07623291015625,0.0044214725494384766
algerian_forest_fires_46279,simpleimputer,onehot,select_percentile,minmax,ExtraTreesClassifier(random_state=0),2,1.0,,No using Simple Imputer,No using One Hot,0.07732295989990234,0.004503965377807617
algerian_forest_fires_46279,simpleimputer,onehot,select_percentile,minmax,ExtraTreesClassifier(random_state=0),3,0.9791666666666666,,No using Simple Imputer,No using One Hot,0.07525444030761719,0.0043299198150634766
algerian_forest_fires_46279,simpleimputer,onehot,select_percentile,minmax,ExtraTreesClassifier(random_state=0),4,0.9583333333333334,,No using Simple Imputer,No using One Hot,0.07636523246765137,0.0044193267822265625
algerian_forest_fires_46279,simpleimputer,onehot,generic_univariate,minmax,ExtraTreesClassifier(random_state=0),0,1.0,,No using Simple Imputer,No using One Hot,0.07557868957519531,0.004362344741821289
algerian_forest_fires_46279,simpleimputer,onehot,generic_univariate,minmax,ExtraTreesClassifier(random_state=0),1,1.0,,No using Simple Imputer,No using One Hot,0.07611203193664551,0.00445246696472168
algerian_forest_fires_46279,simpleimputer,onehot,generic_univariate,minmax,ExtraTreesClassifier(random_state=0),2,1.0,,No using Simple Imputer,No using One Hot,0.0768427848815918,0.0043599605560302734
algerian_forest_fires_46279,simpleimputer,onehot,generic_univariate,minmax,ExtraTreesClassifier(random_state=0),3,0.9583333333333334,,No using Simple Imputer,No using One Hot,0.07703876495361328,0.004477262496948242
algerian_forest_fires_46279,simpleimputer,onehot,generic_univariate,minmax,ExtraTreesClassifier(random_state=0),4,0.9791666666666666,,No using Simple Imputer,No using One Hot,0.07716608047485352,0.0044536590576171875
algerian_forest_fires_46279,simpleimputer,onehot,polynomial_features,minmax,ExtraTreesClassifier(random_state=0),0,0.9591836734693877,,No using Simple Imputer,No using One Hot,0.08178210258483887,0.004518747329711914
algerian_forest_fires_46279,simpleimputer,onehot,polynomial_features,minmax,ExtraTreesClassifier(random_state=0),1,0.9795918367346939,,No using Simple Imputer,No using One Hot,0.0812842845916748,0.004554033279418945
algerian_forest_fires_46279,simpleimputer,onehot,polynomial_features,minmax,ExtraTreesClassifier(random_state=0),2,1.0,,No using Simple Imputer,No using One Hot,0.08153700828552246,0.004522562026977539
algerian_forest_fires_46279,simpleimputer,onehot,polynomial_features,minmax,ExtraTreesClassifier(random_state=0),3,0.9791666666666666,,No using Simple Imputer,No using One Hot,0.08207416534423828,0.004487514495849609
algerian_forest_fires_46279,simpleimputer,onehot,polynomial_features,minmax,ExtraTreesClassifier(random_state=0),4,0.9583333333333334,,No using Simple Imputer,No using One Hot,0.08168196678161621,0.004409074783325195
algerian_forest_fires_46279,simpleimputer,onehot,nystroem,minmax,ExtraTreesClassifier(random_state=0),0,0.9183673469387755,,No using Simple Imputer,No using One Hot,0.09958529472351074,0.00457310676574707
algerian_forest_fires_46279,simpleimputer,onehot,nystroem,minmax,ExtraTreesClassifier(random_state=0),1,0.9387755102040817,,No using Simple Imputer,No using One Hot,0.10381317138671875,0.004816770553588867
algerian_forest_fires_46279,simpleimputer,onehot,nystroem,minmax,ExtraTreesClassifier(random_state=0),2,0.9183673469387755,,No using Simple Imputer,No using One Hot,0.10633182525634766,0.004907846450805664
algerian_forest_fires_46279,simpleimputer,onehot,nystroem,minmax,ExtraTreesClassifier(random_state=0),3,0.9791666666666666,,No using Simple Imputer,No using One Hot,0.10738921165466309,0.004914045333862305
algerian_forest_fires_46279,simpleimputer,onehot,nystroem,minmax,ExtraTreesClassifier(random_state=0),4,0.8958333333333334,,No using Simple Imputer,No using One Hot,0.10653924942016602,0.0049457550048828125
algerian_forest_fires_46279,simpleimputer,onehot,rbf_sampler,minmax,ExtraTreesClassifier(random_state=0),0,0.9591836734693877,,No using Simple Imputer,No using One Hot,0.08801770210266113,0.00463104248046875
algerian_forest_fires_46279,simpleimputer,onehot,rbf_sampler,minmax,ExtraTreesClassifier(random_state=0),1,0.9591836734693877,,No using Simple Imputer,No using One Hot,0.08798456192016602,0.004572153091430664
algerian_forest_fires_46279,simpleimputer,onehot,rbf_sampler,minmax,ExtraTreesClassifier(random_state=0),2,0.8979591836734694,,No using Simple Imputer,No using One Hot,0.08724021911621094,0.004609107971191406
algerian_forest_fires_46279,simpleimputer,onehot,rbf_sampler,minmax,ExtraTreesClassifier(random_state=0),3,0.9791666666666666,,No using Simple Imputer,No using One Hot,0.08869314193725586,0.004655122756958008
algerian_forest_fires_46279,simpleimputer,onehot,rbf_sampler,minmax,ExtraTreesClassifier(random_state=0),4,0.9166666666666666,,No using Simple Imputer,No using One Hot,0.0904691219329834,0.0045201778411865234
algerian_forest_fires_46279,simpleimputer,onehot,random_trees_embedding,minmax,ExtraTreesClassifier(random_state=0),0,0.9795918367346939,,No using Simple Imputer,No using One Hot,0.10282373428344727,0.005278348922729492
algerian_forest_fires_46279,simpleimputer,onehot,random_trees_embedding,minmax,ExtraTreesClassifier(random_state=0),1,0.9591836734693877,,No using Simple Imputer,No using One Hot,0.10251784324645996,0.005448818206787109
algerian_forest_fires_46279,simpleimputer,onehot,random_trees_embedding,minmax,ExtraTreesClassifier(random_state=0),2,0.9795918367346939,,No using Simple Imputer,No using One Hot,0.10184359550476074,0.00557398796081543
algerian_forest_fires_46279,simpleimputer,onehot,random_trees_embedding,minmax,ExtraTreesClassifier(random_state=0),3,0.9583333333333334,,No using Simple Imputer,No using One Hot,0.10258316993713379,0.005155324935913086
algerian_forest_fires_46279,simpleimputer,onehot,random_trees_embedding,minmax,ExtraTreesClassifier(random_state=0),4,0.9583333333333334,,No using Simple Imputer,No using One Hot,0.10195755958557129,0.0054323673248291016
algerian_forest_fires_46279,simpleimputer,onehot,feature_agglomeration,minmax,ExtraTreesClassifier(random_state=0),0,0.8979591836734694,,No using Simple Imputer,No using One Hot,0.08025646209716797,0.004664897918701172
algerian_forest_fires_46279,simpleimputer,onehot,feature_agglomeration,minmax,ExtraTreesClassifier(random_state=0),1,0.8775510204081632,,No using Simple Imputer,No using One Hot,0.08056354522705078,0.004669189453125
algerian_forest_fires_46279,simpleimputer,onehot,feature_agglomeration,minmax,ExtraTreesClassifier(random_state=0),2,0.8571428571428571,,No using Simple Imputer,No using One Hot,0.08073902130126953,0.004648685455322266
algerian_forest_fires_46279,simpleimputer,onehot,feature_agglomeration,minmax,ExtraTreesClassifier(random_state=0),3,0.8541666666666666,,No using Simple Imputer,No using One Hot,0.08083367347717285,0.004713296890258789
algerian_forest_fires_46279,simpleimputer,onehot,feature_agglomeration,minmax,ExtraTreesClassifier(random_state=0),4,0.8958333333333334,,No using Simple Imputer,No using One Hot,0.08098363876342773,0.0046465396881103516
algerian_forest_fires_46279,simpleimputer,onehot,extra_tree,minmax,ExtraTreesClassifier(random_state=0),0,0.9591836734693877,,No using Simple Imputer,No using One Hot,0.07750511169433594,0.0045130252838134766
algerian_forest_fires_46279,simpleimputer,onehot,extra_tree,minmax,ExtraTreesClassifier(random_state=0),1,0.9795918367346939,,No using Simple Imputer,No using One Hot,0.07762885093688965,0.004522562026977539
algerian_forest_fires_46279,simpleimputer,onehot,extra_tree,minmax,ExtraTreesClassifier(random_state=0),2,1.0,,No using Simple Imputer,No using One Hot,0.07738924026489258,0.004507541656494141
algerian_forest_fires_46279,simpleimputer,onehot,extra_tree,minmax,ExtraTreesClassifier(random_state=0),3,0.9583333333333334,,No using Simple Imputer,No using One Hot,0.07687735557556152,0.004528522491455078
algerian_forest_fires_46279,simpleimputer,onehot,extra_tree,minmax,ExtraTreesClassifier(random_state=0),4,0.9791666666666666,,No using Simple Imputer,No using One Hot,0.07607769966125488,0.004400730133056641
algerian_forest_fires_46279,simpleimputer,onehot,linear_svc,minmax,ExtraTreesClassifier(random_state=0),0,0.9795918367346939,,No using Simple Imputer,No using One Hot,0.07578015327453613,0.004474639892578125
algerian_forest_fires_46279,simpleimputer,onehot,linear_svc,minmax,ExtraTreesClassifier(random_state=0),1,0.9795918367346939,,No using Simple Imputer,No using One Hot,0.07705974578857422,0.004454612731933594
algerian_forest_fires_46279,simpleimputer,onehot,linear_svc,minmax,ExtraTreesClassifier(random_state=0),2,0.9591836734693877,,No using Simple Imputer,No using One Hot,0.07703709602355957,0.0044994354248046875
algerian_forest_fires_46279,simpleimputer,onehot,linear_svc,minmax,ExtraTreesClassifier(random_state=0),3,0.9583333333333334,,No using Simple Imputer,No using One Hot,0.07930541038513184,0.0046765804290771484
algerian_forest_fires_46279,simpleimputer,onehot,linear_svc,minmax,ExtraTreesClassifier(random_state=0),4,0.9791666666666666,,No using Simple Imputer,No using One Hot,0.07742166519165039,0.004495382308959961
algerian_forest_fires_46279,simpleimputer,onehot,kernel_pca,minmax,ExtraTreesClassifier(random_state=0),0,0.9387755102040817,,No using Simple Imputer,No using One Hot,0.10231757164001465,0.005091667175292969
algerian_forest_fires_46279,simpleimputer,onehot,kernel_pca,minmax,ExtraTreesClassifier(random_state=0),1,0.9591836734693877,,No using Simple Imputer,No using One Hot,0.10312843322753906,0.0051000118255615234
algerian_forest_fires_46279,simpleimputer,onehot,kernel_pca,minmax,ExtraTreesClassifier(random_state=0),2,0.8979591836734694,,No using Simple Imputer,No using One Hot,0.10507822036743164,0.005367755889892578
algerian_forest_fires_46279,simpleimputer,onehot,kernel_pca,minmax,ExtraTreesClassifier(random_state=0),3,0.9375,,No using Simple Imputer,No using One Hot,0.10102367401123047,0.004986763000488281
algerian_forest_fires_46279,simpleimputer,onehot,kernel_pca,minmax,ExtraTreesClassifier(random_state=0),4,0.9375,,No using Simple Imputer,No using One Hot,0.10272789001464844,0.0051233768463134766
algerian_forest_fires_46279,simpleimputer,onehot,,robust,ExtraTreesClassifier(random_state=0),0,0.9591836734693877,,No using Simple Imputer,No using One Hot,0.07961583137512207,0.004568576812744141
algerian_forest_fires_46279,simpleimputer,onehot,,robust,ExtraTreesClassifier(random_state=0),1,0.9795918367346939,,No using Simple Imputer,No using One Hot,0.0799400806427002,0.004534721374511719
algerian_forest_fires_46279,simpleimputer,onehot,,robust,ExtraTreesClassifier(random_state=0),2,1.0,,No using Simple Imputer,No using One Hot,0.07961654663085938,0.004536628723144531
algerian_forest_fires_46279,simpleimputer,onehot,,robust,ExtraTreesClassifier(random_state=0),3,0.9791666666666666,,No using Simple Imputer,No using One Hot,0.07957196235656738,0.004416227340698242
algerian_forest_fires_46279,simpleimputer,onehot,,robust,ExtraTreesClassifier(random_state=0),4,0.9583333333333334,,No using Simple Imputer,No using One Hot,0.07872605323791504,0.00451970100402832
algerian_forest_fires_46279,simpleimputer,onehot,pca,robust,ExtraTreesClassifier(random_state=0),0,0.8979591836734694,,No using Simple Imputer,No using One Hot,0.08286738395690918,0.004609823226928711
algerian_forest_fires_46279,simpleimputer,onehot,pca,robust,ExtraTreesClassifier(random_state=0),1,0.9795918367346939,,No using Simple Imputer,No using One Hot,0.08309793472290039,0.004606723785400391
algerian_forest_fires_46279,simpleimputer,onehot,pca,robust,ExtraTreesClassifier(random_state=0),2,0.8979591836734694,,No using Simple Imputer,No using One Hot,0.08263564109802246,0.004650592803955078
algerian_forest_fires_46279,simpleimputer,onehot,pca,robust,ExtraTreesClassifier(random_state=0),3,0.9166666666666666,,No using Simple Imputer,No using One Hot,0.08304691314697266,0.004731178283691406
algerian_forest_fires_46279,simpleimputer,onehot,pca,robust,ExtraTreesClassifier(random_state=0),4,0.9375,,No using Simple Imputer,No using One Hot,0.08324050903320312,0.004712104797363281
algerian_forest_fires_46279,simpleimputer,onehot,fastica,robust,ExtraTreesClassifier(random_state=0),0,0.8367346938775511,,No using Simple Imputer,No using One Hot,0.08438563346862793,0.00474095344543457
algerian_forest_fires_46279,simpleimputer,onehot,fastica,robust,ExtraTreesClassifier(random_state=0),1,0.6938775510204082,,No using Simple Imputer,No using One Hot,0.08567571640014648,0.0047032833099365234
algerian_forest_fires_46279,simpleimputer,onehot,fastica,robust,ExtraTreesClassifier(random_state=0),2,0.5306122448979592,,No using Simple Imputer,No using One Hot,0.0867469310760498,0.004843950271606445
algerian_forest_fires_46279,simpleimputer,onehot,fastica,robust,ExtraTreesClassifier(random_state=0),3,0.8958333333333334,,No using Simple Imputer,No using One Hot,0.08394813537597656,0.004826784133911133
algerian_forest_fires_46279,simpleimputer,onehot,fastica,robust,ExtraTreesClassifier(random_state=0),4,0.8125,,No using Simple Imputer,No using One Hot,0.0858161449432373,0.004704952239990234
algerian_forest_fires_46279,simpleimputer,onehot,truncated_svd,robust,ExtraTreesClassifier(random_state=0),0,0.8571428571428571,,No using Simple Imputer,No using One Hot,0.07867288589477539,0.0046234130859375
algerian_forest_fires_46279,simpleimputer,onehot,truncated_svd,robust,ExtraTreesClassifier(random_state=0),1,0.9183673469387755,,No using Simple Imputer,No using One Hot,0.07850432395935059,0.004577159881591797
algerian_forest_fires_46279,simpleimputer,onehot,truncated_svd,robust,ExtraTreesClassifier(random_state=0),2,0.8367346938775511,,No using Simple Imputer,No using One Hot,0.07819890975952148,0.0045473575592041016
algerian_forest_fires_46279,simpleimputer,onehot,truncated_svd,robust,ExtraTreesClassifier(random_state=0),3,0.9166666666666666,,No using Simple Imputer,No using One Hot,0.07865786552429199,0.00458979606628418
algerian_forest_fires_46279,simpleimputer,onehot,truncated_svd,robust,ExtraTreesClassifier(random_state=0),4,0.9375,,No using Simple Imputer,No using One Hot,0.07839441299438477,0.004622697830200195
algerian_forest_fires_46279,simpleimputer,onehot,select_percentile,robust,ExtraTreesClassifier(random_state=0),0,0.9795918367346939,,No using Simple Imputer,No using One Hot,0.0764932632446289,0.004530906677246094
algerian_forest_fires_46279,simpleimputer,onehot,select_percentile,robust,ExtraTreesClassifier(random_state=0),1,0.9795918367346939,,No using Simple Imputer,No using One Hot,0.07583308219909668,0.00447535514831543
algerian_forest_fires_46279,simpleimputer,onehot,select_percentile,robust,ExtraTreesClassifier(random_state=0),2,1.0,,No using Simple Imputer,No using One Hot,0.0758371353149414,0.0044748783111572266
algerian_forest_fires_46279,simpleimputer,onehot,select_percentile,robust,ExtraTreesClassifier(random_state=0),3,0.9791666666666666,,No using Simple Imputer,No using One Hot,0.07576441764831543,0.004374504089355469
algerian_forest_fires_46279,simpleimputer,onehot,select_percentile,robust,ExtraTreesClassifier(random_state=0),4,0.9583333333333334,,No using Simple Imputer,No using One Hot,0.07743549346923828,0.004616975784301758
algerian_forest_fires_46279,simpleimputer,onehot,generic_univariate,robust,ExtraTreesClassifier(random_state=0),0,1.0,,No using Simple Imputer,No using One Hot,0.07733798027038574,0.0045680999755859375
algerian_forest_fires_46279,simpleimputer,onehot,generic_univariate,robust,ExtraTreesClassifier(random_state=0),1,1.0,,No using Simple Imputer,No using One Hot,0.07556271553039551,0.0044672489166259766
algerian_forest_fires_46279,simpleimputer,onehot,generic_univariate,robust,ExtraTreesClassifier(random_state=0),2,1.0,,No using Simple Imputer,No using One Hot,0.0781257152557373,0.004584550857543945
algerian_forest_fires_46279,simpleimputer,onehot,generic_univariate,robust,ExtraTreesClassifier(random_state=0),3,0.9583333333333334,,No using Simple Imputer,No using One Hot,0.0764775276184082,0.004412651062011719
algerian_forest_fires_46279,simpleimputer,onehot,generic_univariate,robust,ExtraTreesClassifier(random_state=0),4,0.9791666666666666,,No using Simple Imputer,No using One Hot,0.07630467414855957,0.004480600357055664
algerian_forest_fires_46279,simpleimputer,onehot,polynomial_features,robust,ExtraTreesClassifier(random_state=0),0,0.9591836734693877,,No using Simple Imputer,No using One Hot,0.08355307579040527,0.004567623138427734
algerian_forest_fires_46279,simpleimputer,onehot,polynomial_features,robust,ExtraTreesClassifier(random_state=0),1,0.9795918367346939,,No using Simple Imputer,No using One Hot,0.08433699607849121,0.004599571228027344
algerian_forest_fires_46279,simpleimputer,onehot,polynomial_features,robust,ExtraTreesClassifier(random_state=0),2,0.9795918367346939,,No using Simple Imputer,No using One Hot,0.0838930606842041,0.004564523696899414
algerian_forest_fires_46279,simpleimputer,onehot,polynomial_features,robust,ExtraTreesClassifier(random_state=0),3,0.9375,,No using Simple Imputer,No using One Hot,0.0839681625366211,0.0046198368072509766
algerian_forest_fires_46279,simpleimputer,onehot,polynomial_features,robust,ExtraTreesClassifier(random_state=0),4,0.9791666666666666,,No using Simple Imputer,No using One Hot,0.08558058738708496,0.004528522491455078
algerian_forest_fires_46279,simpleimputer,onehot,nystroem,robust,ExtraTreesClassifier(random_state=0),0,0.8367346938775511,,No using Simple Imputer,No using One Hot,0.10770583152770996,0.005131959915161133
algerian_forest_fires_46279,simpleimputer,onehot,nystroem,robust,ExtraTreesClassifier(random_state=0),1,0.9183673469387755,,No using Simple Imputer,No using One Hot,0.10945820808410645,0.005066394805908203
algerian_forest_fires_46279,simpleimputer,onehot,nystroem,robust,ExtraTreesClassifier(random_state=0),2,0.8775510204081632,,No using Simple Imputer,No using One Hot,0.11117005348205566,0.005110263824462891
algerian_forest_fires_46279,simpleimputer,onehot,nystroem,robust,ExtraTreesClassifier(random_state=0),3,0.9791666666666666,,No using Simple Imputer,No using One Hot,0.10919642448425293,0.005077838897705078
algerian_forest_fires_46279,simpleimputer,onehot,nystroem,robust,ExtraTreesClassifier(random_state=0),4,0.9583333333333334,,No using Simple Imputer,No using One Hot,0.1071157455444336,0.00473332405090332
algerian_forest_fires_46279,simpleimputer,onehot,rbf_sampler,robust,ExtraTreesClassifier(random_state=0),0,0.6938775510204082,,No using Simple Imputer,No using One Hot,0.09827113151550293,0.004805326461791992
algerian_forest_fires_46279,simpleimputer,onehot,rbf_sampler,robust,ExtraTreesClassifier(random_state=0),1,0.7959183673469388,,No using Simple Imputer,No using One Hot,0.09885311126708984,0.004824161529541016
algerian_forest_fires_46279,simpleimputer,onehot,rbf_sampler,robust,ExtraTreesClassifier(random_state=0),2,0.6938775510204082,,No using Simple Imputer,No using One Hot,0.09757852554321289,0.004734516143798828
algerian_forest_fires_46279,simpleimputer,onehot,rbf_sampler,robust,ExtraTreesClassifier(random_state=0),3,0.8333333333333334,,No using Simple Imputer,No using One Hot,0.09732484817504883,0.004801750183105469
algerian_forest_fires_46279,simpleimputer,onehot,rbf_sampler,robust,ExtraTreesClassifier(random_state=0),4,0.7291666666666666,,No using Simple Imputer,No using One Hot,0.09759926795959473,0.004781246185302734
algerian_forest_fires_46279,simpleimputer,onehot,random_trees_embedding,robust,ExtraTreesClassifier(random_state=0),0,0.9795918367346939,,No using Simple Imputer,No using One Hot,0.10215902328491211,0.005501985549926758
algerian_forest_fires_46279,simpleimputer,onehot,random_trees_embedding,robust,ExtraTreesClassifier(random_state=0),1,0.9591836734693877,,No using Simple Imputer,No using One Hot,0.1032710075378418,0.005400896072387695
algerian_forest_fires_46279,simpleimputer,onehot,random_trees_embedding,robust,ExtraTreesClassifier(random_state=0),2,0.9795918367346939,,No using Simple Imputer,No using One Hot,0.10141611099243164,0.005331277847290039
algerian_forest_fires_46279,simpleimputer,onehot,random_trees_embedding,robust,ExtraTreesClassifier(random_state=0),3,0.9583333333333334,,No using Simple Imputer,No using One Hot,0.10355591773986816,0.005369901657104492
algerian_forest_fires_46279,simpleimputer,onehot,random_trees_embedding,robust,ExtraTreesClassifier(random_state=0),4,0.9583333333333334,,No using Simple Imputer,No using One Hot,0.10095977783203125,0.005332469940185547
algerian_forest_fires_46279,simpleimputer,onehot,feature_agglomeration,robust,ExtraTreesClassifier(random_state=0),0,0.7959183673469388,,No using Simple Imputer,No using One Hot,0.08202409744262695,0.004821062088012695
algerian_forest_fires_46279,simpleimputer,onehot,feature_agglomeration,robust,ExtraTreesClassifier(random_state=0),1,0.8367346938775511,,No using Simple Imputer,No using One Hot,0.08130812644958496,0.004689931869506836
algerian_forest_fires_46279,simpleimputer,onehot,feature_agglomeration,robust,ExtraTreesClassifier(random_state=0),2,0.8775510204081632,,No using Simple Imputer,No using One Hot,0.08145546913146973,0.004799365997314453
algerian_forest_fires_46279,simpleimputer,onehot,feature_agglomeration,robust,ExtraTreesClassifier(random_state=0),3,0.8541666666666666,,No using Simple Imputer,No using One Hot,0.08092880249023438,0.004659414291381836
algerian_forest_fires_46279,simpleimputer,onehot,feature_agglomeration,robust,ExtraTreesClassifier(random_state=0),4,0.8541666666666666,,No using Simple Imputer,No using One Hot,0.08055949211120605,0.004698276519775391
algerian_forest_fires_46279,simpleimputer,onehot,extra_tree,robust,ExtraTreesClassifier(random_state=0),0,0.9591836734693877,,No using Simple Imputer,No using One Hot,0.0780327320098877,0.0045659542083740234
algerian_forest_fires_46279,simpleimputer,onehot,extra_tree,robust,ExtraTreesClassifier(random_state=0),1,0.9795918367346939,,No using Simple Imputer,No using One Hot,0.07801079750061035,0.004541158676147461
algerian_forest_fires_46279,simpleimputer,onehot,extra_tree,robust,ExtraTreesClassifier(random_state=0),2,1.0,,No using Simple Imputer,No using One Hot,0.07747435569763184,0.004580259323120117
algerian_forest_fires_46279,simpleimputer,onehot,extra_tree,robust,ExtraTreesClassifier(random_state=0),3,0.9583333333333334,,No using Simple Imputer,No using One Hot,0.08055639266967773,0.004708051681518555
algerian_forest_fires_46279,simpleimputer,onehot,extra_tree,robust,ExtraTreesClassifier(random_state=0),4,0.9791666666666666,,No using Simple Imputer,No using One Hot,0.07861566543579102,0.004631996154785156
algerian_forest_fires_46279,simpleimputer,onehot,linear_svc,robust,ExtraTreesClassifier(random_state=0),0,0.9591836734693877,,No using Simple Imputer,No using One Hot,0.07876014709472656,0.0048062801361083984
algerian_forest_fires_46279,simpleimputer,onehot,linear_svc,robust,ExtraTreesClassifier(random_state=0),1,0.9795918367346939,,No using Simple Imputer,No using One Hot,0.07863616943359375,0.004568338394165039
algerian_forest_fires_46279,simpleimputer,onehot,linear_svc,robust,ExtraTreesClassifier(random_state=0),2,0.9795918367346939,,No using Simple Imputer,No using One Hot,0.07807397842407227,0.004552364349365234
algerian_forest_fires_46279,simpleimputer,onehot,linear_svc,robust,ExtraTreesClassifier(random_state=0),3,0.9583333333333334,,No using Simple Imputer,No using One Hot,0.07872986793518066,0.004523277282714844
algerian_forest_fires_46279,simpleimputer,onehot,linear_svc,robust,ExtraTreesClassifier(random_state=0),4,0.9791666666666666,,No using Simple Imputer,No using One Hot,0.07882857322692871,0.004530191421508789
algerian_forest_fires_46279,simpleimputer,onehot,kernel_pca,robust,ExtraTreesClassifier(random_state=0),0,0.9183673469387755,,No using Simple Imputer,No using One Hot,0.10605216026306152,0.00511932373046875
algerian_forest_fires_46279,simpleimputer,onehot,kernel_pca,robust,ExtraTreesClassifier(random_state=0),1,0.9795918367346939,,No using Simple Imputer,No using One Hot,0.1040644645690918,0.005152463912963867
algerian_forest_fires_46279,simpleimputer,onehot,kernel_pca,robust,ExtraTreesClassifier(random_state=0),2,0.8979591836734694,,No using Simple Imputer,No using One Hot,0.10573482513427734,0.00513911247253418
algerian_forest_fires_46279,simpleimputer,onehot,kernel_pca,robust,ExtraTreesClassifier(random_state=0),3,0.9166666666666666,,No using Simple Imputer,No using One Hot,0.10238051414489746,0.005063533782958984
algerian_forest_fires_46279,simpleimputer,onehot,kernel_pca,robust,ExtraTreesClassifier(random_state=0),4,0.9375,,No using Simple Imputer,No using One Hot,0.10452771186828613,0.0050983428955078125
algerian_forest_fires_46279,simpleimputer,onehot,,normalizer,ExtraTreesClassifier(random_state=0),0,0.9591836734693877,,No using Simple Imputer,No using One Hot,0.08190202713012695,0.0046575069427490234
algerian_forest_fires_46279,simpleimputer,onehot,,normalizer,ExtraTreesClassifier(random_state=0),1,0.9795918367346939,,No using Simple Imputer,No using One Hot,0.08447527885437012,0.004697084426879883
algerian_forest_fires_46279,simpleimputer,onehot,,normalizer,ExtraTreesClassifier(random_state=0),2,0.9795918367346939,,No using Simple Imputer,No using One Hot,0.07946944236755371,0.00457310676574707
algerian_forest_fires_46279,simpleimputer,onehot,,normalizer,ExtraTreesClassifier(random_state=0),3,0.9583333333333334,,No using Simple Imputer,No using One Hot,0.08000922203063965,0.004690647125244141
algerian_forest_fires_46279,simpleimputer,onehot,,normalizer,ExtraTreesClassifier(random_state=0),4,0.9583333333333334,,No using Simple Imputer,No using One Hot,0.0794835090637207,0.004500150680541992
algerian_forest_fires_46279,simpleimputer,onehot,pca,normalizer,ExtraTreesClassifier(random_state=0),0,0.9591836734693877,,No using Simple Imputer,No using One Hot,0.08267879486083984,0.004645824432373047
algerian_forest_fires_46279,simpleimputer,onehot,pca,normalizer,ExtraTreesClassifier(random_state=0),1,0.9591836734693877,,No using Simple Imputer,No using One Hot,0.08281326293945312,0.0047490596771240234
algerian_forest_fires_46279,simpleimputer,onehot,pca,normalizer,ExtraTreesClassifier(random_state=0),2,0.8979591836734694,,No using Simple Imputer,No using One Hot,0.08269453048706055,0.004672050476074219
algerian_forest_fires_46279,simpleimputer,onehot,pca,normalizer,ExtraTreesClassifier(random_state=0),3,0.9375,,No using Simple Imputer,No using One Hot,0.08784604072570801,0.004641294479370117
algerian_forest_fires_46279,simpleimputer,onehot,pca,normalizer,ExtraTreesClassifier(random_state=0),4,0.9583333333333334,,No using Simple Imputer,No using One Hot,0.08302617073059082,0.00470733642578125
algerian_forest_fires_46279,simpleimputer,onehot,fastica,normalizer,ExtraTreesClassifier(random_state=0),0,0.9183673469387755,,No using Simple Imputer,No using One Hot,0.08363175392150879,0.004717826843261719
algerian_forest_fires_46279,simpleimputer,onehot,fastica,normalizer,ExtraTreesClassifier(random_state=0),1,0.9591836734693877,,No using Simple Imputer,No using One Hot,0.08375000953674316,0.004690408706665039
algerian_forest_fires_46279,simpleimputer,onehot,fastica,normalizer,ExtraTreesClassifier(random_state=0),2,0.8979591836734694,,No using Simple Imputer,No using One Hot,0.08331751823425293,0.004736185073852539
algerian_forest_fires_46279,simpleimputer,onehot,fastica,normalizer,ExtraTreesClassifier(random_state=0),3,0.8958333333333334,,No using Simple Imputer,No using One Hot,0.0846560001373291,0.004713773727416992
algerian_forest_fires_46279,simpleimputer,onehot,fastica,normalizer,ExtraTreesClassifier(random_state=0),4,0.9166666666666666,,No using Simple Imputer,No using One Hot,0.08321714401245117,0.004708528518676758
algerian_forest_fires_46279,simpleimputer,onehot,truncated_svd,normalizer,ExtraTreesClassifier(random_state=0),0,0.8163265306122449,,No using Simple Imputer,No using One Hot,0.07891154289245605,0.004770994186401367
algerian_forest_fires_46279,simpleimputer,onehot,truncated_svd,normalizer,ExtraTreesClassifier(random_state=0),1,0.7142857142857143,,No using Simple Imputer,No using One Hot,0.07982921600341797,0.004775047302246094
algerian_forest_fires_46279,simpleimputer,onehot,truncated_svd,normalizer,ExtraTreesClassifier(random_state=0),2,0.7959183673469388,,No using Simple Imputer,No using One Hot,0.08021283149719238,0.004711627960205078
algerian_forest_fires_46279,simpleimputer,onehot,truncated_svd,normalizer,ExtraTreesClassifier(random_state=0),3,0.8541666666666666,,No using Simple Imputer,No using One Hot,0.08028960227966309,0.004669666290283203
algerian_forest_fires_46279,simpleimputer,onehot,truncated_svd,normalizer,ExtraTreesClassifier(random_state=0),4,0.8541666666666666,,No using Simple Imputer,No using One Hot,0.0798649787902832,0.004682302474975586
algerian_forest_fires_46279,simpleimputer,onehot,select_percentile,normalizer,ExtraTreesClassifier(random_state=0),0,0.9795918367346939,,No using Simple Imputer,No using One Hot,0.07587361335754395,0.004458904266357422
algerian_forest_fires_46279,simpleimputer,onehot,select_percentile,normalizer,ExtraTreesClassifier(random_state=0),1,0.9795918367346939,,No using Simple Imputer,No using One Hot,0.07591104507446289,0.00446772575378418
algerian_forest_fires_46279,simpleimputer,onehot,select_percentile,normalizer,ExtraTreesClassifier(random_state=0),2,0.9795918367346939,,No using Simple Imputer,No using One Hot,0.07550287246704102,0.004449129104614258
algerian_forest_fires_46279,simpleimputer,onehot,select_percentile,normalizer,ExtraTreesClassifier(random_state=0),3,0.9791666666666666,,No using Simple Imputer,No using One Hot,0.07609891891479492,0.0044400691986083984
algerian_forest_fires_46279,simpleimputer,onehot,select_percentile,normalizer,ExtraTreesClassifier(random_state=0),4,0.9583333333333334,,No using Simple Imputer,No using One Hot,0.0754704475402832,0.004498004913330078
algerian_forest_fires_46279,simpleimputer,onehot,generic_univariate,normalizer,ExtraTreesClassifier(random_state=0),0,0.9795918367346939,,No using Simple Imputer,No using One Hot,0.07547235488891602,0.004469633102416992
algerian_forest_fires_46279,simpleimputer,onehot,generic_univariate,normalizer,ExtraTreesClassifier(random_state=0),1,1.0,,No using Simple Imputer,No using One Hot,0.07606220245361328,0.004628419876098633
algerian_forest_fires_46279,simpleimputer,onehot,generic_univariate,normalizer,ExtraTreesClassifier(random_state=0),2,0.9591836734693877,,No using Simple Imputer,No using One Hot,0.07612228393554688,0.0043866634368896484
algerian_forest_fires_46279,simpleimputer,onehot,generic_univariate,normalizer,ExtraTreesClassifier(random_state=0),3,0.9375,,No using Simple Imputer,No using One Hot,0.07600522041320801,0.0045588016510009766
algerian_forest_fires_46279,simpleimputer,onehot,generic_univariate,normalizer,ExtraTreesClassifier(random_state=0),4,0.9583333333333334,,No using Simple Imputer,No using One Hot,0.07604527473449707,0.004430055618286133
algerian_forest_fires_46279,simpleimputer,onehot,polynomial_features,normalizer,ExtraTreesClassifier(random_state=0),0,0.9591836734693877,,No using Simple Imputer,No using One Hot,0.0804753303527832,0.00450444221496582
algerian_forest_fires_46279,simpleimputer,onehot,polynomial_features,normalizer,ExtraTreesClassifier(random_state=0),1,0.9795918367346939,,No using Simple Imputer,No using One Hot,0.08320808410644531,0.004488229751586914
algerian_forest_fires_46279,simpleimputer,onehot,polynomial_features,normalizer,ExtraTreesClassifier(random_state=0),2,1.0,,No using Simple Imputer,No using One Hot,0.08270025253295898,0.0044519901275634766
algerian_forest_fires_46279,simpleimputer,onehot,polynomial_features,normalizer,ExtraTreesClassifier(random_state=0),3,0.9583333333333334,,No using Simple Imputer,No using One Hot,0.08341002464294434,0.004441261291503906
algerian_forest_fires_46279,simpleimputer,onehot,polynomial_features,normalizer,ExtraTreesClassifier(random_state=0),4,0.9583333333333334,,No using Simple Imputer,No using One Hot,0.08265066146850586,0.004435539245605469
algerian_forest_fires_46279,simpleimputer,onehot,nystroem,normalizer,ExtraTreesClassifier(random_state=0),0,0.9387755102040817,,No using Simple Imputer,No using One Hot,0.10595178604125977,0.004934072494506836
algerian_forest_fires_46279,simpleimputer,onehot,nystroem,normalizer,ExtraTreesClassifier(random_state=0),1,0.9591836734693877,,No using Simple Imputer,No using One Hot,0.09887433052062988,0.004540681838989258
algerian_forest_fires_46279,simpleimputer,onehot,nystroem,normalizer,ExtraTreesClassifier(random_state=0),2,0.8979591836734694,,No using Simple Imputer,No using One Hot,0.10557317733764648,0.004879951477050781
algerian_forest_fires_46279,simpleimputer,onehot,nystroem,normalizer,ExtraTreesClassifier(random_state=0),3,0.9583333333333334,,No using Simple Imputer,No using One Hot,0.1073000431060791,0.004673957824707031
algerian_forest_fires_46279,simpleimputer,onehot,nystroem,normalizer,ExtraTreesClassifier(random_state=0),4,0.9375,,No using Simple Imputer,No using One Hot,0.1061396598815918,0.005158185958862305
algerian_forest_fires_46279,simpleimputer,onehot,rbf_sampler,normalizer,ExtraTreesClassifier(random_state=0),0,0.9387755102040817,,No using Simple Imputer,No using One Hot,0.08578038215637207,0.004511356353759766
algerian_forest_fires_46279,simpleimputer,onehot,rbf_sampler,normalizer,ExtraTreesClassifier(random_state=0),1,0.9591836734693877,,No using Simple Imputer,No using One Hot,0.08672547340393066,0.004603147506713867
algerian_forest_fires_46279,simpleimputer,onehot,rbf_sampler,normalizer,ExtraTreesClassifier(random_state=0),2,0.9591836734693877,,No using Simple Imputer,No using One Hot,0.08585762977600098,0.00473332405090332
algerian_forest_fires_46279,simpleimputer,onehot,rbf_sampler,normalizer,ExtraTreesClassifier(random_state=0),3,0.9583333333333334,,No using Simple Imputer,No using One Hot,0.08597993850708008,0.00455784797668457
algerian_forest_fires_46279,simpleimputer,onehot,rbf_sampler,normalizer,ExtraTreesClassifier(random_state=0),4,0.9583333333333334,,No using Simple Imputer,No using One Hot,0.08620285987854004,0.004602670669555664
algerian_forest_fires_46279,simpleimputer,onehot,random_trees_embedding,normalizer,ExtraTreesClassifier(random_state=0),0,0.9387755102040817,,No using Simple Imputer,No using One Hot,0.10186362266540527,0.0054051876068115234
algerian_forest_fires_46279,simpleimputer,onehot,random_trees_embedding,normalizer,ExtraTreesClassifier(random_state=0),1,0.9591836734693877,,No using Simple Imputer,No using One Hot,0.10165762901306152,0.005277156829833984
algerian_forest_fires_46279,simpleimputer,onehot,random_trees_embedding,normalizer,ExtraTreesClassifier(random_state=0),2,1.0,,No using Simple Imputer,No using One Hot,0.09977960586547852,0.005314350128173828
algerian_forest_fires_46279,simpleimputer,onehot,random_trees_embedding,normalizer,ExtraTreesClassifier(random_state=0),3,0.9583333333333334,,No using Simple Imputer,No using One Hot,0.09993124008178711,0.00523686408996582
algerian_forest_fires_46279,simpleimputer,onehot,random_trees_embedding,normalizer,ExtraTreesClassifier(random_state=0),4,0.9583333333333334,,No using Simple Imputer,No using One Hot,0.09942960739135742,0.005311489105224609
algerian_forest_fires_46279,simpleimputer,onehot,feature_agglomeration,normalizer,ExtraTreesClassifier(random_state=0),0,0.8163265306122449,,No using Simple Imputer,No using One Hot,0.07824897766113281,0.004659414291381836
algerian_forest_fires_46279,simpleimputer,onehot,feature_agglomeration,normalizer,ExtraTreesClassifier(random_state=0),1,0.8367346938775511,,No using Simple Imputer,No using One Hot,0.0785665512084961,0.0046539306640625
algerian_forest_fires_46279,simpleimputer,onehot,feature_agglomeration,normalizer,ExtraTreesClassifier(random_state=0),2,0.8571428571428571,,No using Simple Imputer,No using One Hot,0.07883453369140625,0.0047452449798583984
algerian_forest_fires_46279,simpleimputer,onehot,feature_agglomeration,normalizer,ExtraTreesClassifier(random_state=0),3,0.8333333333333334,,No using Simple Imputer,No using One Hot,0.07933402061462402,0.0046465396881103516
algerian_forest_fires_46279,simpleimputer,onehot,feature_agglomeration,normalizer,ExtraTreesClassifier(random_state=0),4,0.875,,No using Simple Imputer,No using One Hot,0.07919907569885254,0.0046579837799072266
algerian_forest_fires_46279,simpleimputer,onehot,extra_tree,normalizer,ExtraTreesClassifier(random_state=0),0,0.9591836734693877,,No using Simple Imputer,No using One Hot,0.07590818405151367,0.004519224166870117
algerian_forest_fires_46279,simpleimputer,onehot,extra_tree,normalizer,ExtraTreesClassifier(random_state=0),1,0.9795918367346939,,No using Simple Imputer,No using One Hot,0.07595014572143555,0.0044727325439453125
algerian_forest_fires_46279,simpleimputer,onehot,extra_tree,normalizer,ExtraTreesClassifier(random_state=0),2,0.9795918367346939,,No using Simple Imputer,No using One Hot,0.0754847526550293,0.0045239925384521484
algerian_forest_fires_46279,simpleimputer,onehot,extra_tree,normalizer,ExtraTreesClassifier(random_state=0),3,0.9583333333333334,,No using Simple Imputer,No using One Hot,0.0764913558959961,0.004434108734130859
algerian_forest_fires_46279,simpleimputer,onehot,extra_tree,normalizer,ExtraTreesClassifier(random_state=0),4,0.9583333333333334,,No using Simple Imputer,No using One Hot,0.07550239562988281,0.004405021667480469
algerian_forest_fires_46279,simpleimputer,onehot,linear_svc,normalizer,ExtraTreesClassifier(random_state=0),0,0.9591836734693877,,No using Simple Imputer,No using One Hot,0.07717204093933105,0.004549980163574219
algerian_forest_fires_46279,simpleimputer,onehot,linear_svc,normalizer,ExtraTreesClassifier(random_state=0),1,0.9795918367346939,,No using Simple Imputer,No using One Hot,0.07896924018859863,0.004645347595214844
algerian_forest_fires_46279,simpleimputer,onehot,linear_svc,normalizer,ExtraTreesClassifier(random_state=0),2,0.9795918367346939,,No using Simple Imputer,No using One Hot,0.07773995399475098,0.0045168399810791016
algerian_forest_fires_46279,simpleimputer,onehot,linear_svc,normalizer,ExtraTreesClassifier(random_state=0),3,0.9583333333333334,,No using Simple Imputer,No using One Hot,0.07764053344726562,0.0045452117919921875
algerian_forest_fires_46279,simpleimputer,onehot,linear_svc,normalizer,ExtraTreesClassifier(random_state=0),4,0.9583333333333334,,No using Simple Imputer,No using One Hot,0.07777166366577148,0.004552602767944336
algerian_forest_fires_46279,simpleimputer,onehot,kernel_pca,normalizer,ExtraTreesClassifier(random_state=0),0,0.9387755102040817,,No using Simple Imputer,No using One Hot,0.10188865661621094,0.0049896240234375
algerian_forest_fires_46279,simpleimputer,onehot,kernel_pca,normalizer,ExtraTreesClassifier(random_state=0),1,0.9591836734693877,,No using Simple Imputer,No using One Hot,0.10121679306030273,0.004778146743774414
algerian_forest_fires_46279,simpleimputer,onehot,kernel_pca,normalizer,ExtraTreesClassifier(random_state=0),2,0.8979591836734694,,No using Simple Imputer,No using One Hot,0.09796643257141113,0.0048067569732666016
algerian_forest_fires_46279,simpleimputer,onehot,kernel_pca,normalizer,ExtraTreesClassifier(random_state=0),3,0.9166666666666666,,No using Simple Imputer,No using One Hot,0.09802627563476562,0.004774808883666992
algerian_forest_fires_46279,simpleimputer,onehot,kernel_pca,normalizer,ExtraTreesClassifier(random_state=0),4,0.8958333333333334,,No using Simple Imputer,No using One Hot,0.09739089012145996,0.0047948360443115234
algerian_forest_fires_46279,simpleimputer,onehot,,power,ExtraTreesClassifier(random_state=0),0,0.9591836734693877,,No using Simple Imputer,No using One Hot,0.07411026954650879,0.004353523254394531
algerian_forest_fires_46279,simpleimputer,onehot,,power,ExtraTreesClassifier(random_state=0),1,0.9795918367346939,,No using Simple Imputer,No using One Hot,0.07451295852661133,0.004340171813964844
algerian_forest_fires_46279,simpleimputer,onehot,,power,ExtraTreesClassifier(random_state=0),2,0.9795918367346939,,No using Simple Imputer,No using One Hot,0.07436656951904297,0.0042552947998046875
algerian_forest_fires_46279,simpleimputer,onehot,,power,ExtraTreesClassifier(random_state=0),3,0.9791666666666666,,No using Simple Imputer,No using One Hot,0.07430100440979004,0.0043179988861083984
algerian_forest_fires_46279,simpleimputer,onehot,,power,ExtraTreesClassifier(random_state=0),4,0.9583333333333334,,No using Simple Imputer,No using One Hot,0.07416534423828125,0.004231691360473633
algerian_forest_fires_46279,simpleimputer,onehot,pca,power,ExtraTreesClassifier(random_state=0),0,0.9795918367346939,,No using Simple Imputer,No using One Hot,0.07691025733947754,0.0043332576751708984
algerian_forest_fires_46279,simpleimputer,onehot,pca,power,ExtraTreesClassifier(random_state=0),1,0.9591836734693877,,No using Simple Imputer,No using One Hot,0.07837247848510742,0.004462003707885742
algerian_forest_fires_46279,simpleimputer,onehot,pca,power,ExtraTreesClassifier(random_state=0),2,0.9591836734693877,,No using Simple Imputer,No using One Hot,0.07778644561767578,0.0044748783111572266
algerian_forest_fires_46279,simpleimputer,onehot,pca,power,ExtraTreesClassifier(random_state=0),3,0.9583333333333334,,No using Simple Imputer,No using One Hot,0.07787275314331055,0.004433393478393555
algerian_forest_fires_46279,simpleimputer,onehot,pca,power,ExtraTreesClassifier(random_state=0),4,0.9375,,No using Simple Imputer,No using One Hot,0.07834625244140625,0.004376649856567383
algerian_forest_fires_46279,simpleimputer,onehot,fastica,power,ExtraTreesClassifier(random_state=0),0,0.8775510204081632,,No using Simple Imputer,No using One Hot,0.08029627799987793,0.004394054412841797
algerian_forest_fires_46279,simpleimputer,onehot,fastica,power,ExtraTreesClassifier(random_state=0),1,0.9183673469387755,,No using Simple Imputer,No using One Hot,0.0788872241973877,0.004476070404052734
algerian_forest_fires_46279,simpleimputer,onehot,fastica,power,ExtraTreesClassifier(random_state=0),2,0.7959183673469388,,No using Simple Imputer,No using One Hot,0.0797281265258789,0.00453495979309082
algerian_forest_fires_46279,simpleimputer,onehot,fastica,power,ExtraTreesClassifier(random_state=0),3,0.9583333333333334,,No using Simple Imputer,No using One Hot,0.07805418968200684,0.0044841766357421875
algerian_forest_fires_46279,simpleimputer,onehot,fastica,power,ExtraTreesClassifier(random_state=0),4,0.8541666666666666,,No using Simple Imputer,No using One Hot,0.07914328575134277,0.004473209381103516
algerian_forest_fires_46279,simpleimputer,onehot,truncated_svd,power,ExtraTreesClassifier(random_state=0),0,0.8571428571428571,,No using Simple Imputer,No using One Hot,0.07376813888549805,0.004391908645629883
algerian_forest_fires_46279,simpleimputer,onehot,truncated_svd,power,ExtraTreesClassifier(random_state=0),1,0.8979591836734694,,No using Simple Imputer,No using One Hot,0.07433366775512695,0.004469633102416992
algerian_forest_fires_46279,simpleimputer,onehot,truncated_svd,power,ExtraTreesClassifier(random_state=0),2,0.7959183673469388,,No using Simple Imputer,No using One Hot,0.07440710067749023,0.004420042037963867
algerian_forest_fires_46279,simpleimputer,onehot,truncated_svd,power,ExtraTreesClassifier(random_state=0),3,0.9375,,No using Simple Imputer,No using One Hot,0.0775156021118164,0.00459599494934082
algerian_forest_fires_46279,simpleimputer,onehot,truncated_svd,power,ExtraTreesClassifier(random_state=0),4,0.9166666666666666,,No using Simple Imputer,No using One Hot,0.07876992225646973,0.0045185089111328125
algerian_forest_fires_46279,simpleimputer,onehot,select_percentile,power,ExtraTreesClassifier(random_state=0),0,0.9795918367346939,,No using Simple Imputer,No using One Hot,0.07669758796691895,0.0045239925384521484
algerian_forest_fires_46279,simpleimputer,onehot,select_percentile,power,ExtraTreesClassifier(random_state=0),1,0.9795918367346939,,No using Simple Imputer,No using One Hot,0.07803106307983398,0.004556417465209961
algerian_forest_fires_46279,simpleimputer,onehot,select_percentile,power,ExtraTreesClassifier(random_state=0),2,0.9795918367346939,,No using Simple Imputer,No using One Hot,0.0765986442565918,0.004458904266357422
algerian_forest_fires_46279,simpleimputer,onehot,select_percentile,power,ExtraTreesClassifier(random_state=0),3,0.9583333333333334,,No using Simple Imputer,No using One Hot,0.07676458358764648,0.004477977752685547
algerian_forest_fires_46279,simpleimputer,onehot,select_percentile,power,ExtraTreesClassifier(random_state=0),4,0.9791666666666666,,No using Simple Imputer,No using One Hot,0.08199214935302734,0.0044400691986083984
algerian_forest_fires_46279,simpleimputer,onehot,generic_univariate,power,ExtraTreesClassifier(random_state=0),0,0.9387755102040817,,No using Simple Imputer,No using One Hot,0.07689404487609863,0.004570722579956055
algerian_forest_fires_46279,simpleimputer,onehot,generic_univariate,power,ExtraTreesClassifier(random_state=0),1,0.9183673469387755,,No using Simple Imputer,No using One Hot,0.07766485214233398,0.004503011703491211
algerian_forest_fires_46279,simpleimputer,onehot,generic_univariate,power,ExtraTreesClassifier(random_state=0),2,0.9183673469387755,,No using Simple Imputer,No using One Hot,0.07735538482666016,0.0045108795166015625
algerian_forest_fires_46279,simpleimputer,onehot,generic_univariate,power,ExtraTreesClassifier(random_state=0),3,0.9166666666666666,,No using Simple Imputer,No using One Hot,0.07648587226867676,0.004486560821533203
algerian_forest_fires_46279,simpleimputer,onehot,generic_univariate,power,ExtraTreesClassifier(random_state=0),4,0.9583333333333334,,No using Simple Imputer,No using One Hot,0.0769815444946289,0.004693269729614258
algerian_forest_fires_46279,simpleimputer,onehot,polynomial_features,power,ExtraTreesClassifier(random_state=0),0,0.9591836734693877,,No using Simple Imputer,No using One Hot,0.08443593978881836,0.004603385925292969
algerian_forest_fires_46279,simpleimputer,onehot,polynomial_features,power,ExtraTreesClassifier(random_state=0),1,0.9795918367346939,,No using Simple Imputer,No using One Hot,0.0854041576385498,0.004584550857543945
algerian_forest_fires_46279,simpleimputer,onehot,polynomial_features,power,ExtraTreesClassifier(random_state=0),2,0.9795918367346939,,No using Simple Imputer,No using One Hot,0.08476519584655762,0.00447535514831543
algerian_forest_fires_46279,simpleimputer,onehot,polynomial_features,power,ExtraTreesClassifier(random_state=0),3,0.9791666666666666,,No using Simple Imputer,No using One Hot,0.08387398719787598,0.004504680633544922
algerian_forest_fires_46279,simpleimputer,onehot,polynomial_features,power,ExtraTreesClassifier(random_state=0),4,0.9375,,No using Simple Imputer,No using One Hot,0.08355379104614258,0.004552364349365234
algerian_forest_fires_46279,simpleimputer,onehot,nystroem,power,ExtraTreesClassifier(random_state=0),0,0.9183673469387755,,No using Simple Imputer,No using One Hot,0.09804582595825195,0.004581928253173828
algerian_forest_fires_46279,simpleimputer,onehot,nystroem,power,ExtraTreesClassifier(random_state=0),1,0.9387755102040817,,No using Simple Imputer,No using One Hot,0.10446405410766602,0.00487971305847168
algerian_forest_fires_46279,simpleimputer,onehot,nystroem,power,ExtraTreesClassifier(random_state=0),2,0.9387755102040817,,No using Simple Imputer,No using One Hot,0.10354447364807129,0.004756927490234375
algerian_forest_fires_46279,simpleimputer,onehot,nystroem,power,ExtraTreesClassifier(random_state=0),3,0.9791666666666666,,No using Simple Imputer,No using One Hot,0.10705900192260742,0.004923820495605469
algerian_forest_fires_46279,simpleimputer,onehot,nystroem,power,ExtraTreesClassifier(random_state=0),4,0.9583333333333334,,No using Simple Imputer,No using One Hot,0.10645771026611328,0.00452876091003418
algerian_forest_fires_46279,simpleimputer,onehot,rbf_sampler,power,ExtraTreesClassifier(random_state=0),0,0.6938775510204082,,No using Simple Imputer,No using One Hot,0.09680843353271484,0.00465083122253418
algerian_forest_fires_46279,simpleimputer,onehot,rbf_sampler,power,ExtraTreesClassifier(random_state=0),1,0.7142857142857143,,No using Simple Imputer,No using One Hot,0.09734082221984863,0.004798173904418945
algerian_forest_fires_46279,simpleimputer,onehot,rbf_sampler,power,ExtraTreesClassifier(random_state=0),2,0.6326530612244898,,No using Simple Imputer,No using One Hot,0.09634232521057129,0.004630088806152344
algerian_forest_fires_46279,simpleimputer,onehot,rbf_sampler,power,ExtraTreesClassifier(random_state=0),3,0.7291666666666666,,No using Simple Imputer,No using One Hot,0.09550905227661133,0.004952430725097656
algerian_forest_fires_46279,simpleimputer,onehot,rbf_sampler,power,ExtraTreesClassifier(random_state=0),4,0.6041666666666666,,No using Simple Imputer,No using One Hot,0.09755563735961914,0.0048024654388427734
algerian_forest_fires_46279,simpleimputer,onehot,random_trees_embedding,power,ExtraTreesClassifier(random_state=0),0,0.9591836734693877,,No using Simple Imputer,No using One Hot,0.09773516654968262,0.005290985107421875
algerian_forest_fires_46279,simpleimputer,onehot,random_trees_embedding,power,ExtraTreesClassifier(random_state=0),1,0.9591836734693877,,No using Simple Imputer,No using One Hot,0.09993886947631836,0.005360126495361328
algerian_forest_fires_46279,simpleimputer,onehot,random_trees_embedding,power,ExtraTreesClassifier(random_state=0),2,0.9795918367346939,,No using Simple Imputer,No using One Hot,0.09901547431945801,0.005402326583862305
algerian_forest_fires_46279,simpleimputer,onehot,random_trees_embedding,power,ExtraTreesClassifier(random_state=0),3,0.9583333333333334,,No using Simple Imputer,No using One Hot,0.10019993782043457,0.005335330963134766
algerian_forest_fires_46279,simpleimputer,onehot,random_trees_embedding,power,ExtraTreesClassifier(random_state=0),4,0.9583333333333334,,No using Simple Imputer,No using One Hot,0.09898591041564941,0.005228757858276367
algerian_forest_fires_46279,simpleimputer,onehot,feature_agglomeration,power,ExtraTreesClassifier(random_state=0),0,0.8367346938775511,,No using Simple Imputer,No using One Hot,0.07857346534729004,0.004572629928588867
algerian_forest_fires_46279,simpleimputer,onehot,feature_agglomeration,power,ExtraTreesClassifier(random_state=0),1,0.9183673469387755,,No using Simple Imputer,No using One Hot,0.07988452911376953,0.004622459411621094
algerian_forest_fires_46279,simpleimputer,onehot,feature_agglomeration,power,ExtraTreesClassifier(random_state=0),2,0.9795918367346939,,No using Simple Imputer,No using One Hot,0.07913327217102051,0.004713773727416992
algerian_forest_fires_46279,simpleimputer,onehot,feature_agglomeration,power,ExtraTreesClassifier(random_state=0),3,0.9166666666666666,,No using Simple Imputer,No using One Hot,0.07915711402893066,0.004662275314331055
algerian_forest_fires_46279,simpleimputer,onehot,feature_agglomeration,power,ExtraTreesClassifier(random_state=0),4,0.9166666666666666,,No using Simple Imputer,No using One Hot,0.07914137840270996,0.004713535308837891
algerian_forest_fires_46279,simpleimputer,onehot,extra_tree,power,ExtraTreesClassifier(random_state=0),0,0.9591836734693877,,No using Simple Imputer,No using One Hot,0.07737374305725098,0.004396915435791016
algerian_forest_fires_46279,simpleimputer,onehot,extra_tree,power,ExtraTreesClassifier(random_state=0),1,0.9795918367346939,,No using Simple Imputer,No using One Hot,0.07716798782348633,0.004372119903564453
algerian_forest_fires_46279,simpleimputer,onehot,extra_tree,power,ExtraTreesClassifier(random_state=0),2,0.9795918367346939,,No using Simple Imputer,No using One Hot,0.07756233215332031,0.004522085189819336
algerian_forest_fires_46279,simpleimputer,onehot,extra_tree,power,ExtraTreesClassifier(random_state=0),3,0.9583333333333334,,No using Simple Imputer,No using One Hot,0.07739543914794922,0.0045011043548583984
algerian_forest_fires_46279,simpleimputer,onehot,extra_tree,power,ExtraTreesClassifier(random_state=0),4,0.9791666666666666,,No using Simple Imputer,No using One Hot,0.07643437385559082,0.004461526870727539
algerian_forest_fires_46279,simpleimputer,onehot,linear_svc,power,ExtraTreesClassifier(random_state=0),0,0.9795918367346939,,No using Simple Imputer,No using One Hot,0.07671451568603516,0.004494190216064453
algerian_forest_fires_46279,simpleimputer,onehot,linear_svc,power,ExtraTreesClassifier(random_state=0),1,0.9795918367346939,,No using Simple Imputer,No using One Hot,0.07740283012390137,0.004355907440185547
algerian_forest_fires_46279,simpleimputer,onehot,linear_svc,power,ExtraTreesClassifier(random_state=0),2,0.9591836734693877,,No using Simple Imputer,No using One Hot,0.07636809349060059,0.004489898681640625
algerian_forest_fires_46279,simpleimputer,onehot,linear_svc,power,ExtraTreesClassifier(random_state=0),3,0.9583333333333334,,No using Simple Imputer,No using One Hot,0.07684016227722168,0.004388093948364258
algerian_forest_fires_46279,simpleimputer,onehot,linear_svc,power,ExtraTreesClassifier(random_state=0),4,0.9583333333333334,,No using Simple Imputer,No using One Hot,0.07719302177429199,0.004463911056518555
algerian_forest_fires_46279,simpleimputer,onehot,kernel_pca,power,ExtraTreesClassifier(random_state=0),0,0.9591836734693877,,No using Simple Imputer,No using One Hot,0.10132527351379395,0.005003213882446289
algerian_forest_fires_46279,simpleimputer,onehot,kernel_pca,power,ExtraTreesClassifier(random_state=0),1,0.9591836734693877,,No using Simple Imputer,No using One Hot,0.10161280632019043,0.005064487457275391
algerian_forest_fires_46279,simpleimputer,onehot,kernel_pca,power,ExtraTreesClassifier(random_state=0),2,0.9795918367346939,,No using Simple Imputer,No using One Hot,0.10053205490112305,0.0050373077392578125
algerian_forest_fires_46279,simpleimputer,onehot,kernel_pca,power,ExtraTreesClassifier(random_state=0),3,0.9583333333333334,,No using Simple Imputer,No using One Hot,0.10142731666564941,0.005062580108642578
algerian_forest_fires_46279,simpleimputer,onehot,kernel_pca,power,ExtraTreesClassifier(random_state=0),4,0.9791666666666666,,No using Simple Imputer,No using One Hot,0.10466575622558594,0.0050160884857177734
algerian_forest_fires_46279,simpleimputer,onehot,,quantile,ExtraTreesClassifier(random_state=0),0,0.9591836734693877,,No using Simple Imputer,No using One Hot,0.07898187637329102,0.0045087337493896484
algerian_forest_fires_46279,simpleimputer,onehot,,quantile,ExtraTreesClassifier(random_state=0),1,0.9795918367346939,,No using Simple Imputer,No using One Hot,0.07883620262145996,0.00475001335144043
algerian_forest_fires_46279,simpleimputer,onehot,,quantile,ExtraTreesClassifier(random_state=0),2,1.0,,No using Simple Imputer,No using One Hot,0.07902717590332031,0.004470109939575195
algerian_forest_fires_46279,simpleimputer,onehot,,quantile,ExtraTreesClassifier(random_state=0),3,0.9583333333333334,,No using Simple Imputer,No using One Hot,0.07903790473937988,0.004496574401855469
algerian_forest_fires_46279,simpleimputer,onehot,,quantile,ExtraTreesClassifier(random_state=0),4,0.9583333333333334,,No using Simple Imputer,No using One Hot,0.07784199714660645,0.0044786930084228516
algerian_forest_fires_46279,simpleimputer,onehot,pca,quantile,ExtraTreesClassifier(random_state=0),0,0.8979591836734694,,No using Simple Imputer,No using One Hot,0.08102941513061523,0.004575014114379883
algerian_forest_fires_46279,simpleimputer,onehot,pca,quantile,ExtraTreesClassifier(random_state=0),1,0.9795918367346939,,No using Simple Imputer,No using One Hot,0.08162498474121094,0.004657745361328125
algerian_forest_fires_46279,simpleimputer,onehot,pca,quantile,ExtraTreesClassifier(random_state=0),2,0.8979591836734694,,No using Simple Imputer,No using One Hot,0.08134627342224121,0.004729747772216797
algerian_forest_fires_46279,simpleimputer,onehot,pca,quantile,ExtraTreesClassifier(random_state=0),3,0.9166666666666666,,No using Simple Imputer,No using One Hot,0.08177733421325684,0.004720449447631836
algerian_forest_fires_46279,simpleimputer,onehot,pca,quantile,ExtraTreesClassifier(random_state=0),4,0.9375,,No using Simple Imputer,No using One Hot,0.08261728286743164,0.004599332809448242
algerian_forest_fires_46279,simpleimputer,onehot,fastica,quantile,ExtraTreesClassifier(random_state=0),0,0.7346938775510204,,No using Simple Imputer,No using One Hot,0.08497452735900879,0.00475311279296875
algerian_forest_fires_46279,simpleimputer,onehot,fastica,quantile,ExtraTreesClassifier(random_state=0),1,0.8571428571428571,,No using Simple Imputer,No using One Hot,0.08431100845336914,0.004780769348144531
algerian_forest_fires_46279,simpleimputer,onehot,fastica,quantile,ExtraTreesClassifier(random_state=0),2,0.8367346938775511,,No using Simple Imputer,No using One Hot,0.08388018608093262,0.004754543304443359
algerian_forest_fires_46279,simpleimputer,onehot,fastica,quantile,ExtraTreesClassifier(random_state=0),3,0.9166666666666666,,No using Simple Imputer,No using One Hot,0.08438253402709961,0.004754066467285156
algerian_forest_fires_46279,simpleimputer,onehot,fastica,quantile,ExtraTreesClassifier(random_state=0),4,0.8541666666666666,,No using Simple Imputer,No using One Hot,0.08352041244506836,0.00467991828918457
algerian_forest_fires_46279,simpleimputer,onehot,truncated_svd,quantile,ExtraTreesClassifier(random_state=0),0,0.8979591836734694,,No using Simple Imputer,No using One Hot,0.07764649391174316,0.00455474853515625
algerian_forest_fires_46279,simpleimputer,onehot,truncated_svd,quantile,ExtraTreesClassifier(random_state=0),1,0.9387755102040817,,No using Simple Imputer,No using One Hot,0.07747149467468262,0.00458836555480957
algerian_forest_fires_46279,simpleimputer,onehot,truncated_svd,quantile,ExtraTreesClassifier(random_state=0),2,0.8775510204081632,,No using Simple Imputer,No using One Hot,0.07728695869445801,0.004563331604003906
algerian_forest_fires_46279,simpleimputer,onehot,truncated_svd,quantile,ExtraTreesClassifier(random_state=0),3,0.8958333333333334,,No using Simple Imputer,No using One Hot,0.07756233215332031,0.004537105560302734
algerian_forest_fires_46279,simpleimputer,onehot,truncated_svd,quantile,ExtraTreesClassifier(random_state=0),4,0.9375,,No using Simple Imputer,No using One Hot,0.07877707481384277,0.004471778869628906
algerian_forest_fires_46279,simpleimputer,onehot,select_percentile,quantile,ExtraTreesClassifier(random_state=0),0,0.9795918367346939,,No using Simple Imputer,No using One Hot,0.09143257141113281,0.004697322845458984
algerian_forest_fires_46279,simpleimputer,onehot,select_percentile,quantile,ExtraTreesClassifier(random_state=0),1,0.9795918367346939,,No using Simple Imputer,No using One Hot,0.0776677131652832,0.004422903060913086
algerian_forest_fires_46279,simpleimputer,onehot,select_percentile,quantile,ExtraTreesClassifier(random_state=0),2,1.0,,No using Simple Imputer,No using One Hot,0.07652115821838379,0.004510402679443359
algerian_forest_fires_46279,simpleimputer,onehot,select_percentile,quantile,ExtraTreesClassifier(random_state=0),3,0.9791666666666666,,No using Simple Imputer,No using One Hot,0.07640910148620605,0.004833698272705078
algerian_forest_fires_46279,simpleimputer,onehot,select_percentile,quantile,ExtraTreesClassifier(random_state=0),4,0.9583333333333334,,No using Simple Imputer,No using One Hot,0.07659769058227539,0.0044252872467041016
algerian_forest_fires_46279,simpleimputer,onehot,generic_univariate,quantile,ExtraTreesClassifier(random_state=0),0,0.9795918367346939,,No using Simple Imputer,No using One Hot,0.07688522338867188,0.004456758499145508
algerian_forest_fires_46279,simpleimputer,onehot,generic_univariate,quantile,ExtraTreesClassifier(random_state=0),1,0.9795918367346939,,No using Simple Imputer,No using One Hot,0.07671499252319336,0.004384756088256836
algerian_forest_fires_46279,simpleimputer,onehot,generic_univariate,quantile,ExtraTreesClassifier(random_state=0),2,1.0,,No using Simple Imputer,No using One Hot,0.07674145698547363,0.00445103645324707
algerian_forest_fires_46279,simpleimputer,onehot,generic_univariate,quantile,ExtraTreesClassifier(random_state=0),3,0.9375,,No using Simple Imputer,No using One Hot,0.07619166374206543,0.004445552825927734
algerian_forest_fires_46279,simpleimputer,onehot,generic_univariate,quantile,ExtraTreesClassifier(random_state=0),4,0.9375,,No using Simple Imputer,No using One Hot,0.08005595207214355,0.004530429840087891
algerian_forest_fires_46279,simpleimputer,onehot,polynomial_features,quantile,ExtraTreesClassifier(random_state=0),0,0.9591836734693877,,No using Simple Imputer,No using One Hot,0.08131551742553711,0.0045623779296875
algerian_forest_fires_46279,simpleimputer,onehot,polynomial_features,quantile,ExtraTreesClassifier(random_state=0),1,0.9795918367346939,,No using Simple Imputer,No using One Hot,0.08166003227233887,0.004427671432495117
algerian_forest_fires_46279,simpleimputer,onehot,polynomial_features,quantile,ExtraTreesClassifier(random_state=0),2,1.0,,No using Simple Imputer,No using One Hot,0.08159804344177246,0.004536628723144531
algerian_forest_fires_46279,simpleimputer,onehot,polynomial_features,quantile,ExtraTreesClassifier(random_state=0),3,0.9791666666666666,,No using Simple Imputer,No using One Hot,0.0813591480255127,0.0044269561767578125
algerian_forest_fires_46279,simpleimputer,onehot,polynomial_features,quantile,ExtraTreesClassifier(random_state=0),4,0.9583333333333334,,No using Simple Imputer,No using One Hot,0.0816202163696289,0.004479408264160156
algerian_forest_fires_46279,simpleimputer,onehot,nystroem,quantile,ExtraTreesClassifier(random_state=0),0,0.8571428571428571,,No using Simple Imputer,No using One Hot,1.079641580581665,0.0050394535064697266
algerian_forest_fires_46279,simpleimputer,onehot,nystroem,quantile,ExtraTreesClassifier(random_state=0),1,0.9387755102040817,,No using Simple Imputer,No using One Hot,0.10455989837646484,0.005053520202636719
algerian_forest_fires_46279,simpleimputer,onehot,nystroem,quantile,ExtraTreesClassifier(random_state=0),2,0.8571428571428571,,No using Simple Imputer,No using One Hot,0.10408711433410645,0.004987001419067383
algerian_forest_fires_46279,simpleimputer,onehot,nystroem,quantile,ExtraTreesClassifier(random_state=0),3,0.9375,,No using Simple Imputer,No using One Hot,0.10499072074890137,0.0049860477447509766
algerian_forest_fires_46279,simpleimputer,onehot,nystroem,quantile,ExtraTreesClassifier(random_state=0),4,0.9791666666666666,,No using Simple Imputer,No using One Hot,0.1047508716583252,0.004593372344970703
algerian_forest_fires_46279,simpleimputer,onehot,rbf_sampler,quantile,ExtraTreesClassifier(random_state=0),0,0.9183673469387755,,No using Simple Imputer,No using One Hot,0.08878016471862793,0.004670381546020508
algerian_forest_fires_46279,simpleimputer,onehot,rbf_sampler,quantile,ExtraTreesClassifier(random_state=0),1,0.9387755102040817,,No using Simple Imputer,No using One Hot,0.09100008010864258,0.0046443939208984375
algerian_forest_fires_46279,simpleimputer,onehot,rbf_sampler,quantile,ExtraTreesClassifier(random_state=0),2,0.9387755102040817,,No using Simple Imputer,No using One Hot,0.08851337432861328,0.0046117305755615234
algerian_forest_fires_46279,simpleimputer,onehot,rbf_sampler,quantile,ExtraTreesClassifier(random_state=0),3,0.9375,,No using Simple Imputer,No using One Hot,0.08800697326660156,0.004584550857543945
algerian_forest_fires_46279,simpleimputer,onehot,rbf_sampler,quantile,ExtraTreesClassifier(random_state=0),4,0.9791666666666666,,No using Simple Imputer,No using One Hot,0.08914470672607422,0.004648923873901367
algerian_forest_fires_46279,simpleimputer,onehot,random_trees_embedding,quantile,ExtraTreesClassifier(random_state=0),0,0.9387755102040817,,No using Simple Imputer,No using One Hot,0.10540246963500977,0.00539851188659668
algerian_forest_fires_46279,simpleimputer,onehot,random_trees_embedding,quantile,ExtraTreesClassifier(random_state=0),1,0.9795918367346939,,No using Simple Imputer,No using One Hot,0.10240674018859863,0.00536656379699707
algerian_forest_fires_46279,simpleimputer,onehot,random_trees_embedding,quantile,ExtraTreesClassifier(random_state=0),2,0.9591836734693877,,No using Simple Imputer,No using One Hot,0.10367417335510254,0.005556821823120117
algerian_forest_fires_46279,simpleimputer,onehot,random_trees_embedding,quantile,ExtraTreesClassifier(random_state=0),3,0.9583333333333334,,No using Simple Imputer,No using One Hot,0.10325336456298828,0.005419015884399414
algerian_forest_fires_46279,simpleimputer,onehot,random_trees_embedding,quantile,ExtraTreesClassifier(random_state=0),4,0.9583333333333334,,No using Simple Imputer,No using One Hot,0.10193443298339844,0.0053522586822509766
algerian_forest_fires_46279,simpleimputer,onehot,feature_agglomeration,quantile,ExtraTreesClassifier(random_state=0),0,0.8367346938775511,,No using Simple Imputer,No using One Hot,0.08265113830566406,0.004742145538330078
algerian_forest_fires_46279,simpleimputer,onehot,feature_agglomeration,quantile,ExtraTreesClassifier(random_state=0),1,0.8571428571428571,,No using Simple Imputer,No using One Hot,0.08098912239074707,0.004717111587524414
algerian_forest_fires_46279,simpleimputer,onehot,feature_agglomeration,quantile,ExtraTreesClassifier(random_state=0),2,0.8775510204081632,,No using Simple Imputer,No using One Hot,0.08143973350524902,0.004721879959106445
algerian_forest_fires_46279,simpleimputer,onehot,feature_agglomeration,quantile,ExtraTreesClassifier(random_state=0),3,0.9166666666666666,,No using Simple Imputer,No using One Hot,0.08042001724243164,0.004691123962402344
algerian_forest_fires_46279,simpleimputer,onehot,feature_agglomeration,quantile,ExtraTreesClassifier(random_state=0),4,0.9375,,No using Simple Imputer,No using One Hot,0.08046627044677734,0.004727840423583984
algerian_forest_fires_46279,simpleimputer,onehot,extra_tree,quantile,ExtraTreesClassifier(random_state=0),0,0.9795918367346939,,No using Simple Imputer,No using One Hot,0.07972478866577148,0.004595518112182617
algerian_forest_fires_46279,simpleimputer,onehot,extra_tree,quantile,ExtraTreesClassifier(random_state=0),1,0.9795918367346939,,No using Simple Imputer,No using One Hot,0.07773399353027344,0.004451274871826172
algerian_forest_fires_46279,simpleimputer,onehot,extra_tree,quantile,ExtraTreesClassifier(random_state=0),2,1.0,,No using Simple Imputer,No using One Hot,0.07895326614379883,0.004458904266357422
algerian_forest_fires_46279,simpleimputer,onehot,extra_tree,quantile,ExtraTreesClassifier(random_state=0),3,0.9583333333333334,,No using Simple Imputer,No using One Hot,0.07782530784606934,0.00444483757019043
algerian_forest_fires_46279,simpleimputer,onehot,extra_tree,quantile,ExtraTreesClassifier(random_state=0),4,0.9583333333333334,,No using Simple Imputer,No using One Hot,0.09448575973510742,0.0050432682037353516
algerian_forest_fires_46279,simpleimputer,onehot,linear_svc,quantile,ExtraTreesClassifier(random_state=0),0,0.9795918367346939,,No using Simple Imputer,No using One Hot,0.07939481735229492,0.0046083927154541016
algerian_forest_fires_46279,simpleimputer,onehot,linear_svc,quantile,ExtraTreesClassifier(random_state=0),1,0.9795918367346939,,No using Simple Imputer,No using One Hot,0.07795000076293945,0.004532575607299805
algerian_forest_fires_46279,simpleimputer,onehot,linear_svc,quantile,ExtraTreesClassifier(random_state=0),2,1.0,,No using Simple Imputer,No using One Hot,0.07793450355529785,0.004544973373413086
algerian_forest_fires_46279,simpleimputer,onehot,linear_svc,quantile,ExtraTreesClassifier(random_state=0),3,0.9583333333333334,,No using Simple Imputer,No using One Hot,0.07735776901245117,0.004597187042236328
algerian_forest_fires_46279,simpleimputer,onehot,linear_svc,quantile,ExtraTreesClassifier(random_state=0),4,0.9583333333333334,,No using Simple Imputer,No using One Hot,0.07761001586914062,0.004524707794189453
algerian_forest_fires_46279,simpleimputer,onehot,kernel_pca,quantile,ExtraTreesClassifier(random_state=0),0,0.9591836734693877,,No using Simple Imputer,No using One Hot,0.10251450538635254,0.005140066146850586
algerian_forest_fires_46279,simpleimputer,onehot,kernel_pca,quantile,ExtraTreesClassifier(random_state=0),1,0.9591836734693877,,No using Simple Imputer,No using One Hot,0.11599969863891602,0.004744291305541992
algerian_forest_fires_46279,simpleimputer,onehot,kernel_pca,quantile,ExtraTreesClassifier(random_state=0),2,0.8979591836734694,,No using Simple Imputer,No using One Hot,0.10335803031921387,0.005061149597167969
algerian_forest_fires_46279,simpleimputer,onehot,kernel_pca,quantile,ExtraTreesClassifier(random_state=0),3,0.9166666666666666,,No using Simple Imputer,No using One Hot,0.10253334045410156,0.005053281784057617
algerian_forest_fires_46279,simpleimputer,onehot,kernel_pca,quantile,ExtraTreesClassifier(random_state=0),4,0.9375,,No using Simple Imputer,No using One Hot,0.10303068161010742,0.005088329315185547
algerian_forest_fires_46279,simpleimputer,ordinalencoder,,,ExtraTreesClassifier(random_state=0),0,0.9591836734693877,,No using Simple Imputer,No using Ordinal Hot,0.08155202865600586,0.005644798278808594
algerian_forest_fires_46279,simpleimputer,ordinalencoder,,,ExtraTreesClassifier(random_state=0),1,0.9795918367346939,,No using Simple Imputer,No using Ordinal Hot,0.08298635482788086,0.005554914474487305
algerian_forest_fires_46279,simpleimputer,ordinalencoder,,,ExtraTreesClassifier(random_state=0),2,1.0,,No using Simple Imputer,No using Ordinal Hot,0.08124327659606934,0.0055582523345947266
algerian_forest_fires_46279,simpleimputer,ordinalencoder,,,ExtraTreesClassifier(random_state=0),3,0.9791666666666666,,No using Simple Imputer,No using Ordinal Hot,0.08126521110534668,0.005530595779418945
algerian_forest_fires_46279,simpleimputer,ordinalencoder,,,ExtraTreesClassifier(random_state=0),4,0.9583333333333334,,No using Simple Imputer,No using Ordinal Hot,0.08115959167480469,0.00547027587890625
algerian_forest_fires_46279,simpleimputer,ordinalencoder,pca,,ExtraTreesClassifier(random_state=0),0,0.9795918367346939,,No using Simple Imputer,No using Ordinal Hot,0.08417224884033203,0.004759073257446289
algerian_forest_fires_46279,simpleimputer,ordinalencoder,pca,,ExtraTreesClassifier(random_state=0),1,0.9591836734693877,,No using Simple Imputer,No using Ordinal Hot,0.08416485786437988,0.004694461822509766
algerian_forest_fires_46279,simpleimputer,ordinalencoder,pca,,ExtraTreesClassifier(random_state=0),2,0.9183673469387755,,No using Simple Imputer,No using Ordinal Hot,0.08348941802978516,0.004680633544921875
algerian_forest_fires_46279,simpleimputer,ordinalencoder,pca,,ExtraTreesClassifier(random_state=0),3,0.9375,,No using Simple Imputer,No using Ordinal Hot,0.08077192306518555,0.00448298454284668
algerian_forest_fires_46279,simpleimputer,ordinalencoder,pca,,ExtraTreesClassifier(random_state=0),4,0.9375,,No using Simple Imputer,No using Ordinal Hot,0.07859253883361816,0.004430294036865234
algerian_forest_fires_46279,simpleimputer,ordinalencoder,fastica,,ExtraTreesClassifier(random_state=0),0,0.6530612244897959,,No using Simple Imputer,No using Ordinal Hot,0.08147525787353516,0.004448890686035156
algerian_forest_fires_46279,simpleimputer,ordinalencoder,fastica,,ExtraTreesClassifier(random_state=0),1,0.8163265306122449,,No using Simple Imputer,No using Ordinal Hot,0.0805976390838623,0.004549503326416016
algerian_forest_fires_46279,simpleimputer,ordinalencoder,fastica,,ExtraTreesClassifier(random_state=0),2,0.9183673469387755,,No using Simple Imputer,No using Ordinal Hot,0.07778358459472656,0.00442051887512207
algerian_forest_fires_46279,simpleimputer,ordinalencoder,fastica,,ExtraTreesClassifier(random_state=0),3,0.9166666666666666,,No using Simple Imputer,No using Ordinal Hot,0.0781245231628418,0.0043528079986572266
algerian_forest_fires_46279,simpleimputer,ordinalencoder,fastica,,ExtraTreesClassifier(random_state=0),4,0.6875,,No using Simple Imputer,No using Ordinal Hot,0.08095693588256836,0.004427433013916016
algerian_forest_fires_46279,simpleimputer,ordinalencoder,truncated_svd,,ExtraTreesClassifier(random_state=0),0,0.8367346938775511,,No using Simple Imputer,No using Ordinal Hot,0.07404828071594238,0.004434823989868164
algerian_forest_fires_46279,simpleimputer,ordinalencoder,truncated_svd,,ExtraTreesClassifier(random_state=0),1,0.7755102040816326,,No using Simple Imputer,No using Ordinal Hot,0.07420182228088379,0.004419565200805664
algerian_forest_fires_46279,simpleimputer,ordinalencoder,truncated_svd,,ExtraTreesClassifier(random_state=0),2,0.7959183673469388,,No using Simple Imputer,No using Ordinal Hot,0.07469344139099121,0.0044596195220947266
algerian_forest_fires_46279,simpleimputer,ordinalencoder,truncated_svd,,ExtraTreesClassifier(random_state=0),3,0.8541666666666666,,No using Simple Imputer,No using Ordinal Hot,0.07451057434082031,0.004288673400878906
algerian_forest_fires_46279,simpleimputer,ordinalencoder,truncated_svd,,ExtraTreesClassifier(random_state=0),4,0.875,,No using Simple Imputer,No using Ordinal Hot,0.0766763687133789,0.004456281661987305
algerian_forest_fires_46279,simpleimputer,ordinalencoder,select_percentile,,ExtraTreesClassifier(random_state=0),0,0.9795918367346939,,No using Simple Imputer,No using Ordinal Hot,0.07364511489868164,0.0042378902435302734
algerian_forest_fires_46279,simpleimputer,ordinalencoder,select_percentile,,ExtraTreesClassifier(random_state=0),1,0.9795918367346939,,No using Simple Imputer,No using Ordinal Hot,0.07377052307128906,0.004225492477416992
algerian_forest_fires_46279,simpleimputer,ordinalencoder,select_percentile,,ExtraTreesClassifier(random_state=0),2,1.0,,No using Simple Imputer,No using Ordinal Hot,0.07328104972839355,0.004422903060913086
algerian_forest_fires_46279,simpleimputer,ordinalencoder,select_percentile,,ExtraTreesClassifier(random_state=0),3,0.9791666666666666,,No using Simple Imputer,No using Ordinal Hot,0.07147336006164551,0.004183530807495117
algerian_forest_fires_46279,simpleimputer,ordinalencoder,select_percentile,,ExtraTreesClassifier(random_state=0),4,0.9583333333333334,,No using Simple Imputer,No using Ordinal Hot,0.07151460647583008,0.00417017936706543
algerian_forest_fires_46279,simpleimputer,ordinalencoder,generic_univariate,,ExtraTreesClassifier(random_state=0),0,1.0,,No using Simple Imputer,No using Ordinal Hot,0.0713808536529541,0.004202127456665039
algerian_forest_fires_46279,simpleimputer,ordinalencoder,generic_univariate,,ExtraTreesClassifier(random_state=0),1,1.0,,No using Simple Imputer,No using Ordinal Hot,0.07138919830322266,0.004303455352783203
algerian_forest_fires_46279,simpleimputer,ordinalencoder,generic_univariate,,ExtraTreesClassifier(random_state=0),2,1.0,,No using Simple Imputer,No using Ordinal Hot,0.07659602165222168,0.004171609878540039
algerian_forest_fires_46279,simpleimputer,ordinalencoder,generic_univariate,,ExtraTreesClassifier(random_state=0),3,0.9583333333333334,,No using Simple Imputer,No using Ordinal Hot,0.07234382629394531,0.004191875457763672
algerian_forest_fires_46279,simpleimputer,ordinalencoder,generic_univariate,,ExtraTreesClassifier(random_state=0),4,0.9791666666666666,,No using Simple Imputer,No using Ordinal Hot,0.07140612602233887,0.004124641418457031
algerian_forest_fires_46279,simpleimputer,ordinalencoder,polynomial_features,,ExtraTreesClassifier(random_state=0),0,0.9591836734693877,,No using Simple Imputer,No using Ordinal Hot,0.07934379577636719,0.004147052764892578
algerian_forest_fires_46279,simpleimputer,ordinalencoder,polynomial_features,,ExtraTreesClassifier(random_state=0),1,0.9795918367346939,,No using Simple Imputer,No using Ordinal Hot,0.07655000686645508,0.004228830337524414
algerian_forest_fires_46279,simpleimputer,ordinalencoder,polynomial_features,,ExtraTreesClassifier(random_state=0),2,1.0,,No using Simple Imputer,No using Ordinal Hot,0.07634496688842773,0.0041656494140625
algerian_forest_fires_46279,simpleimputer,ordinalencoder,polynomial_features,,ExtraTreesClassifier(random_state=0),3,0.9583333333333334,,No using Simple Imputer,No using Ordinal Hot,0.07651090621948242,0.004218578338623047
algerian_forest_fires_46279,simpleimputer,ordinalencoder,polynomial_features,,ExtraTreesClassifier(random_state=0),4,0.9583333333333334,,No using Simple Imputer,No using Ordinal Hot,0.07637143135070801,0.004240751266479492
algerian_forest_fires_46279,simpleimputer,ordinalencoder,nystroem,,ExtraTreesClassifier(random_state=0),0,0.673469387755102,,No using Simple Imputer,No using Ordinal Hot,0.1194760799407959,0.005292415618896484
algerian_forest_fires_46279,simpleimputer,ordinalencoder,nystroem,,ExtraTreesClassifier(random_state=0),1,0.8571428571428571,,No using Simple Imputer,No using Ordinal Hot,0.1349625587463379,0.00527644157409668
algerian_forest_fires_46279,simpleimputer,ordinalencoder,nystroem,,ExtraTreesClassifier(random_state=0),2,0.8367346938775511,,No using Simple Imputer,No using Ordinal Hot,0.13691329956054688,0.005166053771972656
algerian_forest_fires_46279,simpleimputer,ordinalencoder,nystroem,,ExtraTreesClassifier(random_state=0),3,0.7708333333333334,,No using Simple Imputer,No using Ordinal Hot,0.13611459732055664,0.005433797836303711
algerian_forest_fires_46279,simpleimputer,ordinalencoder,nystroem,,ExtraTreesClassifier(random_state=0),4,0.8125,,No using Simple Imputer,No using Ordinal Hot,0.12942957878112793,0.0051763057708740234
algerian_forest_fires_46279,simpleimputer,ordinalencoder,rbf_sampler,,ExtraTreesClassifier(random_state=0),0,0.5918367346938775,,No using Simple Imputer,No using Ordinal Hot,0.09079456329345703,0.004434823989868164
algerian_forest_fires_46279,simpleimputer,ordinalencoder,rbf_sampler,,ExtraTreesClassifier(random_state=0),1,0.5510204081632653,,No using Simple Imputer,No using Ordinal Hot,0.09135985374450684,0.004462242126464844
algerian_forest_fires_46279,simpleimputer,ordinalencoder,rbf_sampler,,ExtraTreesClassifier(random_state=0),2,0.5714285714285714,,No using Simple Imputer,No using Ordinal Hot,0.0910942554473877,0.004405975341796875
algerian_forest_fires_46279,simpleimputer,ordinalencoder,rbf_sampler,,ExtraTreesClassifier(random_state=0),3,0.625,,No using Simple Imputer,No using Ordinal Hot,0.0909268856048584,0.00421905517578125
algerian_forest_fires_46279,simpleimputer,ordinalencoder,rbf_sampler,,ExtraTreesClassifier(random_state=0),4,0.5625,,No using Simple Imputer,No using Ordinal Hot,0.09032750129699707,0.004484653472900391
algerian_forest_fires_46279,simpleimputer,ordinalencoder,random_trees_embedding,,ExtraTreesClassifier(random_state=0),0,0.9795918367346939,,No using Simple Imputer,No using Ordinal Hot,0.09341287612915039,0.00498509407043457
algerian_forest_fires_46279,simpleimputer,ordinalencoder,random_trees_embedding,,ExtraTreesClassifier(random_state=0),1,0.9591836734693877,,No using Simple Imputer,No using Ordinal Hot,0.09743833541870117,0.005333423614501953
algerian_forest_fires_46279,simpleimputer,ordinalencoder,random_trees_embedding,,ExtraTreesClassifier(random_state=0),2,0.9795918367346939,,No using Simple Imputer,No using Ordinal Hot,0.10046005249023438,0.00533294677734375
algerian_forest_fires_46279,simpleimputer,ordinalencoder,random_trees_embedding,,ExtraTreesClassifier(random_state=0),3,0.9583333333333334,,No using Simple Imputer,No using Ordinal Hot,0.10206794738769531,0.0053060054779052734
algerian_forest_fires_46279,simpleimputer,ordinalencoder,random_trees_embedding,,ExtraTreesClassifier(random_state=0),4,0.9583333333333334,,No using Simple Imputer,No using Ordinal Hot,0.0997779369354248,0.005234956741333008
algerian_forest_fires_46279,simpleimputer,ordinalencoder,feature_agglomeration,,ExtraTreesClassifier(random_state=0),0,0.7959183673469388,,No using Simple Imputer,No using Ordinal Hot,0.08057856559753418,0.004678249359130859
algerian_forest_fires_46279,simpleimputer,ordinalencoder,feature_agglomeration,,ExtraTreesClassifier(random_state=0),1,0.7959183673469388,,No using Simple Imputer,No using Ordinal Hot,0.08023548126220703,0.004721641540527344
algerian_forest_fires_46279,simpleimputer,ordinalencoder,feature_agglomeration,,ExtraTreesClassifier(random_state=0),2,0.8367346938775511,,No using Simple Imputer,No using Ordinal Hot,0.08044695854187012,0.00460362434387207
algerian_forest_fires_46279,simpleimputer,ordinalencoder,feature_agglomeration,,ExtraTreesClassifier(random_state=0),3,0.8125,,No using Simple Imputer,No using Ordinal Hot,0.08095407485961914,0.004686832427978516
algerian_forest_fires_46279,simpleimputer,ordinalencoder,feature_agglomeration,,ExtraTreesClassifier(random_state=0),4,0.8333333333333334,,No using Simple Imputer,No using Ordinal Hot,0.0804898738861084,0.0047643184661865234
algerian_forest_fires_46279,simpleimputer,ordinalencoder,extra_tree,,ExtraTreesClassifier(random_state=0),0,0.9591836734693877,,No using Simple Imputer,No using Ordinal Hot,0.0775303840637207,0.004569530487060547
algerian_forest_fires_46279,simpleimputer,ordinalencoder,extra_tree,,ExtraTreesClassifier(random_state=0),1,0.9795918367346939,,No using Simple Imputer,No using Ordinal Hot,0.07744503021240234,0.00448298454284668
algerian_forest_fires_46279,simpleimputer,ordinalencoder,extra_tree,,ExtraTreesClassifier(random_state=0),2,1.0,,No using Simple Imputer,No using Ordinal Hot,0.07760381698608398,0.0045621395111083984
algerian_forest_fires_46279,simpleimputer,ordinalencoder,extra_tree,,ExtraTreesClassifier(random_state=0),3,0.9583333333333334,,No using Simple Imputer,No using Ordinal Hot,0.0769650936126709,0.004533052444458008
algerian_forest_fires_46279,simpleimputer,ordinalencoder,extra_tree,,ExtraTreesClassifier(random_state=0),4,0.9791666666666666,,No using Simple Imputer,No using Ordinal Hot,0.07640957832336426,0.004433155059814453
algerian_forest_fires_46279,simpleimputer,ordinalencoder,linear_svc,,ExtraTreesClassifier(random_state=0),0,0.9591836734693877,,No using Simple Imputer,No using Ordinal Hot,0.07736492156982422,0.004499197006225586
algerian_forest_fires_46279,simpleimputer,ordinalencoder,linear_svc,,ExtraTreesClassifier(random_state=0),1,0.9795918367346939,,No using Simple Imputer,No using Ordinal Hot,0.07721662521362305,0.004506111145019531
algerian_forest_fires_46279,simpleimputer,ordinalencoder,linear_svc,,ExtraTreesClassifier(random_state=0),2,0.9591836734693877,,No using Simple Imputer,No using Ordinal Hot,0.07801532745361328,0.0045621395111083984
algerian_forest_fires_46279,simpleimputer,ordinalencoder,linear_svc,,ExtraTreesClassifier(random_state=0),3,0.9791666666666666,,No using Simple Imputer,No using Ordinal Hot,0.07754302024841309,0.004531145095825195
algerian_forest_fires_46279,simpleimputer,ordinalencoder,linear_svc,,ExtraTreesClassifier(random_state=0),4,0.9791666666666666,,No using Simple Imputer,No using Ordinal Hot,0.07767677307128906,0.00453639030456543
algerian_forest_fires_46279,simpleimputer,ordinalencoder,kernel_pca,,ExtraTreesClassifier(random_state=0),0,0.9591836734693877,,No using Simple Imputer,No using Ordinal Hot,0.10274195671081543,0.005091190338134766
algerian_forest_fires_46279,simpleimputer,ordinalencoder,kernel_pca,,ExtraTreesClassifier(random_state=0),1,0.9795918367346939,,No using Simple Imputer,No using Ordinal Hot,0.10346412658691406,0.0050525665283203125
algerian_forest_fires_46279,simpleimputer,ordinalencoder,kernel_pca,,ExtraTreesClassifier(random_state=0),2,0.8979591836734694,,No using Simple Imputer,No using Ordinal Hot,0.10246396064758301,0.005087375640869141
algerian_forest_fires_46279,simpleimputer,ordinalencoder,kernel_pca,,ExtraTreesClassifier(random_state=0),3,0.9166666666666666,,No using Simple Imputer,No using Ordinal Hot,0.10204148292541504,0.005022287368774414
algerian_forest_fires_46279,simpleimputer,ordinalencoder,kernel_pca,,ExtraTreesClassifier(random_state=0),4,0.8958333333333334,,No using Simple Imputer,No using Ordinal Hot,0.10582566261291504,0.0050923824310302734
algerian_forest_fires_46279,simpleimputer,ordinalencoder,,standard,ExtraTreesClassifier(random_state=0),0,0.9591836734693877,,No using Simple Imputer,No using Ordinal Hot,0.07837271690368652,0.004539966583251953
algerian_forest_fires_46279,simpleimputer,ordinalencoder,,standard,ExtraTreesClassifier(random_state=0),1,0.9795918367346939,,No using Simple Imputer,No using Ordinal Hot,0.0796208381652832,0.004580259323120117
algerian_forest_fires_46279,simpleimputer,ordinalencoder,,standard,ExtraTreesClassifier(random_state=0),2,1.0,,No using Simple Imputer,No using Ordinal Hot,0.07776284217834473,0.004420280456542969
algerian_forest_fires_46279,simpleimputer,ordinalencoder,,standard,ExtraTreesClassifier(random_state=0),3,0.9791666666666666,,No using Simple Imputer,No using Ordinal Hot,0.07812786102294922,0.004529237747192383
algerian_forest_fires_46279,simpleimputer,ordinalencoder,,standard,ExtraTreesClassifier(random_state=0),4,0.9583333333333334,,No using Simple Imputer,No using Ordinal Hot,0.0785987377166748,0.004476070404052734
algerian_forest_fires_46279,simpleimputer,ordinalencoder,pca,standard,ExtraTreesClassifier(random_state=0),0,0.9183673469387755,,No using Simple Imputer,No using Ordinal Hot,0.08253693580627441,0.004643440246582031
algerian_forest_fires_46279,simpleimputer,ordinalencoder,pca,standard,ExtraTreesClassifier(random_state=0),1,0.9795918367346939,,No using Simple Imputer,No using Ordinal Hot,0.08240866661071777,0.004666328430175781
algerian_forest_fires_46279,simpleimputer,ordinalencoder,pca,standard,ExtraTreesClassifier(random_state=0),2,0.8775510204081632,,No using Simple Imputer,No using Ordinal Hot,0.08195328712463379,0.0047855377197265625
algerian_forest_fires_46279,simpleimputer,ordinalencoder,pca,standard,ExtraTreesClassifier(random_state=0),3,0.9166666666666666,,No using Simple Imputer,No using Ordinal Hot,0.08292603492736816,0.004651069641113281
algerian_forest_fires_46279,simpleimputer,ordinalencoder,pca,standard,ExtraTreesClassifier(random_state=0),4,0.9166666666666666,,No using Simple Imputer,No using Ordinal Hot,0.08318281173706055,0.004655599594116211
algerian_forest_fires_46279,simpleimputer,ordinalencoder,fastica,standard,ExtraTreesClassifier(random_state=0),0,0.7551020408163265,,No using Simple Imputer,No using Ordinal Hot,0.08569860458374023,0.004700899124145508
algerian_forest_fires_46279,simpleimputer,ordinalencoder,fastica,standard,ExtraTreesClassifier(random_state=0),1,0.5510204081632653,,No using Simple Imputer,No using Ordinal Hot,0.08705639839172363,0.004801511764526367
algerian_forest_fires_46279,simpleimputer,ordinalencoder,fastica,standard,ExtraTreesClassifier(random_state=0),2,0.8775510204081632,,No using Simple Imputer,No using Ordinal Hot,0.08345770835876465,0.0046041011810302734
algerian_forest_fires_46279,simpleimputer,ordinalencoder,fastica,standard,ExtraTreesClassifier(random_state=0),3,0.9583333333333334,,No using Simple Imputer,No using Ordinal Hot,0.08405733108520508,0.004651546478271484
algerian_forest_fires_46279,simpleimputer,ordinalencoder,fastica,standard,ExtraTreesClassifier(random_state=0),4,0.8125,,No using Simple Imputer,No using Ordinal Hot,0.08480691909790039,0.004746437072753906
algerian_forest_fires_46279,simpleimputer,ordinalencoder,truncated_svd,standard,ExtraTreesClassifier(random_state=0),0,0.7959183673469388,,No using Simple Imputer,No using Ordinal Hot,0.08094024658203125,0.004738807678222656
algerian_forest_fires_46279,simpleimputer,ordinalencoder,truncated_svd,standard,ExtraTreesClassifier(random_state=0),1,0.8367346938775511,,No using Simple Imputer,No using Ordinal Hot,0.08073616027832031,0.004628181457519531
algerian_forest_fires_46279,simpleimputer,ordinalencoder,truncated_svd,standard,ExtraTreesClassifier(random_state=0),2,0.8367346938775511,,No using Simple Imputer,No using Ordinal Hot,0.07970094680786133,0.004771709442138672
algerian_forest_fires_46279,simpleimputer,ordinalencoder,truncated_svd,standard,ExtraTreesClassifier(random_state=0),3,0.875,,No using Simple Imputer,No using Ordinal Hot,0.07968974113464355,0.0046765804290771484
algerian_forest_fires_46279,simpleimputer,ordinalencoder,truncated_svd,standard,ExtraTreesClassifier(random_state=0),4,0.8958333333333334,,No using Simple Imputer,No using Ordinal Hot,0.07995986938476562,0.004729509353637695
algerian_forest_fires_46279,simpleimputer,ordinalencoder,select_percentile,standard,ExtraTreesClassifier(random_state=0),0,0.9795918367346939,,No using Simple Imputer,No using Ordinal Hot,0.07645940780639648,0.004502296447753906
algerian_forest_fires_46279,simpleimputer,ordinalencoder,select_percentile,standard,ExtraTreesClassifier(random_state=0),1,0.9795918367346939,,No using Simple Imputer,No using Ordinal Hot,0.07662081718444824,0.004488229751586914
algerian_forest_fires_46279,simpleimputer,ordinalencoder,select_percentile,standard,ExtraTreesClassifier(random_state=0),2,1.0,,No using Simple Imputer,No using Ordinal Hot,0.07708597183227539,0.004605531692504883
algerian_forest_fires_46279,simpleimputer,ordinalencoder,select_percentile,standard,ExtraTreesClassifier(random_state=0),3,0.9791666666666666,,No using Simple Imputer,No using Ordinal Hot,0.07638955116271973,0.004525899887084961
algerian_forest_fires_46279,simpleimputer,ordinalencoder,select_percentile,standard,ExtraTreesClassifier(random_state=0),4,0.9583333333333334,,No using Simple Imputer,No using Ordinal Hot,0.07657766342163086,0.0045130252838134766
algerian_forest_fires_46279,simpleimputer,ordinalencoder,generic_univariate,standard,ExtraTreesClassifier(random_state=0),0,1.0,,No using Simple Imputer,No using Ordinal Hot,0.07628512382507324,0.004507303237915039
algerian_forest_fires_46279,simpleimputer,ordinalencoder,generic_univariate,standard,ExtraTreesClassifier(random_state=0),1,1.0,,No using Simple Imputer,No using Ordinal Hot,0.07628130912780762,0.004431486129760742
algerian_forest_fires_46279,simpleimputer,ordinalencoder,generic_univariate,standard,ExtraTreesClassifier(random_state=0),2,1.0,,No using Simple Imputer,No using Ordinal Hot,0.07665705680847168,0.004533529281616211
algerian_forest_fires_46279,simpleimputer,ordinalencoder,generic_univariate,standard,ExtraTreesClassifier(random_state=0),3,0.9583333333333334,,No using Simple Imputer,No using Ordinal Hot,0.0759732723236084,0.0045013427734375
algerian_forest_fires_46279,simpleimputer,ordinalencoder,generic_univariate,standard,ExtraTreesClassifier(random_state=0),4,0.9791666666666666,,No using Simple Imputer,No using Ordinal Hot,0.0754241943359375,0.0044400691986083984
algerian_forest_fires_46279,simpleimputer,ordinalencoder,polynomial_features,standard,ExtraTreesClassifier(random_state=0),0,0.9591836734693877,,No using Simple Imputer,No using Ordinal Hot,0.08302426338195801,0.004437685012817383
algerian_forest_fires_46279,simpleimputer,ordinalencoder,polynomial_features,standard,ExtraTreesClassifier(random_state=0),1,0.9795918367346939,,No using Simple Imputer,No using Ordinal Hot,0.08304929733276367,0.004435062408447266
algerian_forest_fires_46279,simpleimputer,ordinalencoder,polynomial_features,standard,ExtraTreesClassifier(random_state=0),2,0.9591836734693877,,No using Simple Imputer,No using Ordinal Hot,0.08350348472595215,0.004449367523193359
algerian_forest_fires_46279,simpleimputer,ordinalencoder,polynomial_features,standard,ExtraTreesClassifier(random_state=0),3,0.9791666666666666,,No using Simple Imputer,No using Ordinal Hot,0.08476114273071289,0.0045816898345947266
algerian_forest_fires_46279,simpleimputer,ordinalencoder,polynomial_features,standard,ExtraTreesClassifier(random_state=0),4,0.9583333333333334,,No using Simple Imputer,No using Ordinal Hot,0.08343648910522461,0.004547834396362305
algerian_forest_fires_46279,simpleimputer,ordinalencoder,nystroem,standard,ExtraTreesClassifier(random_state=0),0,0.8571428571428571,,No using Simple Imputer,No using Ordinal Hot,0.10752320289611816,0.004992961883544922
algerian_forest_fires_46279,simpleimputer,ordinalencoder,nystroem,standard,ExtraTreesClassifier(random_state=0),1,0.9591836734693877,,No using Simple Imputer,No using Ordinal Hot,0.10860133171081543,0.0048809051513671875
algerian_forest_fires_46279,simpleimputer,ordinalencoder,nystroem,standard,ExtraTreesClassifier(random_state=0),2,0.8979591836734694,,No using Simple Imputer,No using Ordinal Hot,0.09580016136169434,0.004550457000732422
algerian_forest_fires_46279,simpleimputer,ordinalencoder,nystroem,standard,ExtraTreesClassifier(random_state=0),3,0.9583333333333334,,No using Simple Imputer,No using Ordinal Hot,0.10502839088439941,0.0048487186431884766
algerian_forest_fires_46279,simpleimputer,ordinalencoder,nystroem,standard,ExtraTreesClassifier(random_state=0),4,0.9583333333333334,,No using Simple Imputer,No using Ordinal Hot,0.10607409477233887,0.0049288272857666016
algerian_forest_fires_46279,simpleimputer,ordinalencoder,rbf_sampler,standard,ExtraTreesClassifier(random_state=0),0,0.5918367346938775,,No using Simple Imputer,No using Ordinal Hot,0.09575247764587402,0.004697084426879883
algerian_forest_fires_46279,simpleimputer,ordinalencoder,rbf_sampler,standard,ExtraTreesClassifier(random_state=0),1,0.7346938775510204,,No using Simple Imputer,No using Ordinal Hot,0.09658384323120117,0.004685163497924805
algerian_forest_fires_46279,simpleimputer,ordinalencoder,rbf_sampler,standard,ExtraTreesClassifier(random_state=0),2,0.7346938775510204,,No using Simple Imputer,No using Ordinal Hot,0.09644460678100586,0.004755735397338867
algerian_forest_fires_46279,simpleimputer,ordinalencoder,rbf_sampler,standard,ExtraTreesClassifier(random_state=0),3,0.7291666666666666,,No using Simple Imputer,No using Ordinal Hot,0.09582757949829102,0.004648447036743164
algerian_forest_fires_46279,simpleimputer,ordinalencoder,rbf_sampler,standard,ExtraTreesClassifier(random_state=0),4,0.7083333333333334,,No using Simple Imputer,No using Ordinal Hot,0.09423327445983887,0.004615068435668945
algerian_forest_fires_46279,simpleimputer,ordinalencoder,random_trees_embedding,standard,ExtraTreesClassifier(random_state=0),0,0.9795918367346939,,No using Simple Imputer,No using Ordinal Hot,0.10010814666748047,0.005368709564208984
algerian_forest_fires_46279,simpleimputer,ordinalencoder,random_trees_embedding,standard,ExtraTreesClassifier(random_state=0),1,0.9591836734693877,,No using Simple Imputer,No using Ordinal Hot,0.10087156295776367,0.005181074142456055
algerian_forest_fires_46279,simpleimputer,ordinalencoder,random_trees_embedding,standard,ExtraTreesClassifier(random_state=0),2,0.9795918367346939,,No using Simple Imputer,No using Ordinal Hot,0.10016107559204102,0.005342960357666016
algerian_forest_fires_46279,simpleimputer,ordinalencoder,random_trees_embedding,standard,ExtraTreesClassifier(random_state=0),3,0.9583333333333334,,No using Simple Imputer,No using Ordinal Hot,0.10155963897705078,0.00524592399597168
algerian_forest_fires_46279,simpleimputer,ordinalencoder,random_trees_embedding,standard,ExtraTreesClassifier(random_state=0),4,0.9583333333333334,,No using Simple Imputer,No using Ordinal Hot,0.10031652450561523,0.00530695915222168
algerian_forest_fires_46279,simpleimputer,ordinalencoder,feature_agglomeration,standard,ExtraTreesClassifier(random_state=0),0,0.7959183673469388,,No using Simple Imputer,No using Ordinal Hot,0.0801851749420166,0.00470733642578125
algerian_forest_fires_46279,simpleimputer,ordinalencoder,feature_agglomeration,standard,ExtraTreesClassifier(random_state=0),1,0.7959183673469388,,No using Simple Imputer,No using Ordinal Hot,0.08008003234863281,0.00477910041809082
algerian_forest_fires_46279,simpleimputer,ordinalencoder,feature_agglomeration,standard,ExtraTreesClassifier(random_state=0),2,0.8775510204081632,,No using Simple Imputer,No using Ordinal Hot,0.08030509948730469,0.004693269729614258
algerian_forest_fires_46279,simpleimputer,ordinalencoder,feature_agglomeration,standard,ExtraTreesClassifier(random_state=0),3,0.9375,,No using Simple Imputer,No using Ordinal Hot,0.08012819290161133,0.0047931671142578125
algerian_forest_fires_46279,simpleimputer,ordinalencoder,feature_agglomeration,standard,ExtraTreesClassifier(random_state=0),4,0.9166666666666666,,No using Simple Imputer,No using Ordinal Hot,0.08021426200866699,0.00466609001159668
algerian_forest_fires_46279,simpleimputer,ordinalencoder,extra_tree,standard,ExtraTreesClassifier(random_state=0),0,0.9591836734693877,,No using Simple Imputer,No using Ordinal Hot,0.07704472541809082,0.004572868347167969
algerian_forest_fires_46279,simpleimputer,ordinalencoder,extra_tree,standard,ExtraTreesClassifier(random_state=0),1,0.9795918367346939,,No using Simple Imputer,No using Ordinal Hot,0.07711076736450195,0.0044481754302978516
algerian_forest_fires_46279,simpleimputer,ordinalencoder,extra_tree,standard,ExtraTreesClassifier(random_state=0),2,1.0,,No using Simple Imputer,No using Ordinal Hot,0.07665801048278809,0.0045948028564453125
algerian_forest_fires_46279,simpleimputer,ordinalencoder,extra_tree,standard,ExtraTreesClassifier(random_state=0),3,0.9583333333333334,,No using Simple Imputer,No using Ordinal Hot,0.07690048217773438,0.004497528076171875
algerian_forest_fires_46279,simpleimputer,ordinalencoder,extra_tree,standard,ExtraTreesClassifier(random_state=0),4,0.9791666666666666,,No using Simple Imputer,No using Ordinal Hot,0.07661080360412598,0.004469633102416992
algerian_forest_fires_46279,simpleimputer,ordinalencoder,linear_svc,standard,ExtraTreesClassifier(random_state=0),0,0.9795918367346939,,No using Simple Imputer,No using Ordinal Hot,0.0917823314666748,0.004753589630126953
algerian_forest_fires_46279,simpleimputer,ordinalencoder,linear_svc,standard,ExtraTreesClassifier(random_state=0),1,0.9795918367346939,,No using Simple Imputer,No using Ordinal Hot,0.07732868194580078,0.004503726959228516
algerian_forest_fires_46279,simpleimputer,ordinalencoder,linear_svc,standard,ExtraTreesClassifier(random_state=0),2,0.9795918367346939,,No using Simple Imputer,No using Ordinal Hot,0.07737374305725098,0.0046198368072509766
algerian_forest_fires_46279,simpleimputer,ordinalencoder,linear_svc,standard,ExtraTreesClassifier(random_state=0),3,0.9583333333333334,,No using Simple Imputer,No using Ordinal Hot,0.07756686210632324,0.00446629524230957
algerian_forest_fires_46279,simpleimputer,ordinalencoder,linear_svc,standard,ExtraTreesClassifier(random_state=0),4,0.9791666666666666,,No using Simple Imputer,No using Ordinal Hot,0.07728743553161621,0.004511117935180664
algerian_forest_fires_46279,simpleimputer,ordinalencoder,kernel_pca,standard,ExtraTreesClassifier(random_state=0),0,0.9591836734693877,,No using Simple Imputer,No using Ordinal Hot,0.10341858863830566,0.005133628845214844
algerian_forest_fires_46279,simpleimputer,ordinalencoder,kernel_pca,standard,ExtraTreesClassifier(random_state=0),1,0.9795918367346939,,No using Simple Imputer,No using Ordinal Hot,0.10405898094177246,0.005025148391723633
algerian_forest_fires_46279,simpleimputer,ordinalencoder,kernel_pca,standard,ExtraTreesClassifier(random_state=0),2,0.8775510204081632,,No using Simple Imputer,No using Ordinal Hot,0.1027686595916748,0.004997730255126953
algerian_forest_fires_46279,simpleimputer,ordinalencoder,kernel_pca,standard,ExtraTreesClassifier(random_state=0),3,0.9375,,No using Simple Imputer,No using Ordinal Hot,0.10334444046020508,0.0050928592681884766
algerian_forest_fires_46279,simpleimputer,ordinalencoder,kernel_pca,standard,ExtraTreesClassifier(random_state=0),4,0.9166666666666666,,No using Simple Imputer,No using Ordinal Hot,0.10328936576843262,0.005053520202636719
algerian_forest_fires_46279,simpleimputer,ordinalencoder,,minmax,ExtraTreesClassifier(random_state=0),0,0.9591836734693877,,No using Simple Imputer,No using Ordinal Hot,0.08142352104187012,0.004548311233520508
algerian_forest_fires_46279,simpleimputer,ordinalencoder,,minmax,ExtraTreesClassifier(random_state=0),1,0.9795918367346939,,No using Simple Imputer,No using Ordinal Hot,0.08113694190979004,0.00471043586730957
algerian_forest_fires_46279,simpleimputer,ordinalencoder,,minmax,ExtraTreesClassifier(random_state=0),2,1.0,,No using Simple Imputer,No using Ordinal Hot,0.08180642127990723,0.004608631134033203
algerian_forest_fires_46279,simpleimputer,ordinalencoder,,minmax,ExtraTreesClassifier(random_state=0),3,0.9791666666666666,,No using Simple Imputer,No using Ordinal Hot,0.08136940002441406,0.004567623138427734
algerian_forest_fires_46279,simpleimputer,ordinalencoder,,minmax,ExtraTreesClassifier(random_state=0),4,0.9583333333333334,,No using Simple Imputer,No using Ordinal Hot,0.0849599838256836,0.004715919494628906
algerian_forest_fires_46279,simpleimputer,ordinalencoder,pca,minmax,ExtraTreesClassifier(random_state=0),0,0.9183673469387755,,No using Simple Imputer,No using Ordinal Hot,0.0836336612701416,0.004690647125244141
algerian_forest_fires_46279,simpleimputer,ordinalencoder,pca,minmax,ExtraTreesClassifier(random_state=0),1,0.9795918367346939,,No using Simple Imputer,No using Ordinal Hot,0.08400392532348633,0.004838466644287109
algerian_forest_fires_46279,simpleimputer,ordinalencoder,pca,minmax,ExtraTreesClassifier(random_state=0),2,0.8979591836734694,,No using Simple Imputer,No using Ordinal Hot,0.0820622444152832,0.004735708236694336
algerian_forest_fires_46279,simpleimputer,ordinalencoder,pca,minmax,ExtraTreesClassifier(random_state=0),3,0.9375,,No using Simple Imputer,No using Ordinal Hot,0.0817861557006836,0.0046575069427490234
algerian_forest_fires_46279,simpleimputer,ordinalencoder,pca,minmax,ExtraTreesClassifier(random_state=0),4,0.8958333333333334,,No using Simple Imputer,No using Ordinal Hot,0.0816502571105957,0.00469970703125
algerian_forest_fires_46279,simpleimputer,ordinalencoder,fastica,minmax,ExtraTreesClassifier(random_state=0),0,0.7959183673469388,,No using Simple Imputer,No using Ordinal Hot,0.08614802360534668,0.00479435920715332
algerian_forest_fires_46279,simpleimputer,ordinalencoder,fastica,minmax,ExtraTreesClassifier(random_state=0),1,0.8163265306122449,,No using Simple Imputer,No using Ordinal Hot,0.08462285995483398,0.004839181900024414
algerian_forest_fires_46279,simpleimputer,ordinalencoder,fastica,minmax,ExtraTreesClassifier(random_state=0),2,0.7551020408163265,,No using Simple Imputer,No using Ordinal Hot,0.08448147773742676,0.004711151123046875
algerian_forest_fires_46279,simpleimputer,ordinalencoder,fastica,minmax,ExtraTreesClassifier(random_state=0),3,0.9166666666666666,,No using Simple Imputer,No using Ordinal Hot,0.08437371253967285,0.0047130584716796875
algerian_forest_fires_46279,simpleimputer,ordinalencoder,fastica,minmax,ExtraTreesClassifier(random_state=0),4,0.8125,,No using Simple Imputer,No using Ordinal Hot,0.08495020866394043,0.004741191864013672
algerian_forest_fires_46279,simpleimputer,ordinalencoder,truncated_svd,minmax,ExtraTreesClassifier(random_state=0),0,0.8367346938775511,,No using Simple Imputer,No using Ordinal Hot,0.07961225509643555,0.004698276519775391
algerian_forest_fires_46279,simpleimputer,ordinalencoder,truncated_svd,minmax,ExtraTreesClassifier(random_state=0),1,0.8367346938775511,,No using Simple Imputer,No using Ordinal Hot,0.0794980525970459,0.00477147102355957
algerian_forest_fires_46279,simpleimputer,ordinalencoder,truncated_svd,minmax,ExtraTreesClassifier(random_state=0),2,0.8163265306122449,,No using Simple Imputer,No using Ordinal Hot,0.07974958419799805,0.004765987396240234
algerian_forest_fires_46279,simpleimputer,ordinalencoder,truncated_svd,minmax,ExtraTreesClassifier(random_state=0),3,0.9166666666666666,,No using Simple Imputer,No using Ordinal Hot,0.08012008666992188,0.004776954650878906
algerian_forest_fires_46279,simpleimputer,ordinalencoder,truncated_svd,minmax,ExtraTreesClassifier(random_state=0),4,0.8541666666666666,,No using Simple Imputer,No using Ordinal Hot,0.07952451705932617,0.0047113895416259766
algerian_forest_fires_46279,simpleimputer,ordinalencoder,select_percentile,minmax,ExtraTreesClassifier(random_state=0),0,0.9795918367346939,,No using Simple Imputer,No using Ordinal Hot,0.07687687873840332,0.004519224166870117
algerian_forest_fires_46279,simpleimputer,ordinalencoder,select_percentile,minmax,ExtraTreesClassifier(random_state=0),1,0.9795918367346939,,No using Simple Imputer,No using Ordinal Hot,0.07663440704345703,0.0046193599700927734
algerian_forest_fires_46279,simpleimputer,ordinalencoder,select_percentile,minmax,ExtraTreesClassifier(random_state=0),2,1.0,,No using Simple Imputer,No using Ordinal Hot,0.08301353454589844,0.004512310028076172
algerian_forest_fires_46279,simpleimputer,ordinalencoder,select_percentile,minmax,ExtraTreesClassifier(random_state=0),3,0.9791666666666666,,No using Simple Imputer,No using Ordinal Hot,0.07633137702941895,0.0046024322509765625
algerian_forest_fires_46279,simpleimputer,ordinalencoder,select_percentile,minmax,ExtraTreesClassifier(random_state=0),4,0.9583333333333334,,No using Simple Imputer,No using Ordinal Hot,0.0763251781463623,0.004510641098022461
algerian_forest_fires_46279,simpleimputer,ordinalencoder,generic_univariate,minmax,ExtraTreesClassifier(random_state=0),0,1.0,,No using Simple Imputer,No using Ordinal Hot,0.07647919654846191,0.0045168399810791016
algerian_forest_fires_46279,simpleimputer,ordinalencoder,generic_univariate,minmax,ExtraTreesClassifier(random_state=0),1,1.0,,No using Simple Imputer,No using Ordinal Hot,0.07624435424804688,0.004418849945068359
algerian_forest_fires_46279,simpleimputer,ordinalencoder,generic_univariate,minmax,ExtraTreesClassifier(random_state=0),2,1.0,,No using Simple Imputer,No using Ordinal Hot,0.07639622688293457,0.0045108795166015625
algerian_forest_fires_46279,simpleimputer,ordinalencoder,generic_univariate,minmax,ExtraTreesClassifier(random_state=0),3,0.9583333333333334,,No using Simple Imputer,No using Ordinal Hot,0.07619714736938477,0.004492759704589844
algerian_forest_fires_46279,simpleimputer,ordinalencoder,generic_univariate,minmax,ExtraTreesClassifier(random_state=0),4,0.9791666666666666,,No using Simple Imputer,No using Ordinal Hot,0.07649898529052734,0.004454135894775391
algerian_forest_fires_46279,simpleimputer,ordinalencoder,polynomial_features,minmax,ExtraTreesClassifier(random_state=0),0,0.9591836734693877,,No using Simple Imputer,No using Ordinal Hot,0.08122968673706055,0.004513263702392578
algerian_forest_fires_46279,simpleimputer,ordinalencoder,polynomial_features,minmax,ExtraTreesClassifier(random_state=0),1,0.9795918367346939,,No using Simple Imputer,No using Ordinal Hot,0.08181071281433105,0.004540443420410156
algerian_forest_fires_46279,simpleimputer,ordinalencoder,polynomial_features,minmax,ExtraTreesClassifier(random_state=0),2,1.0,,No using Simple Imputer,No using Ordinal Hot,0.08108019828796387,0.004569053649902344
algerian_forest_fires_46279,simpleimputer,ordinalencoder,polynomial_features,minmax,ExtraTreesClassifier(random_state=0),3,0.9791666666666666,,No using Simple Imputer,No using Ordinal Hot,0.08090090751647949,0.0043926239013671875
algerian_forest_fires_46279,simpleimputer,ordinalencoder,polynomial_features,minmax,ExtraTreesClassifier(random_state=0),4,0.9583333333333334,,No using Simple Imputer,No using Ordinal Hot,0.08043694496154785,0.004477262496948242
algerian_forest_fires_46279,simpleimputer,ordinalencoder,nystroem,minmax,ExtraTreesClassifier(random_state=0),0,0.9183673469387755,,No using Simple Imputer,No using Ordinal Hot,0.1038215160369873,0.004659414291381836
algerian_forest_fires_46279,simpleimputer,ordinalencoder,nystroem,minmax,ExtraTreesClassifier(random_state=0),1,0.9387755102040817,,No using Simple Imputer,No using Ordinal Hot,0.10744690895080566,0.005156517028808594
algerian_forest_fires_46279,simpleimputer,ordinalencoder,nystroem,minmax,ExtraTreesClassifier(random_state=0),2,0.9183673469387755,,No using Simple Imputer,No using Ordinal Hot,0.10408234596252441,0.004588603973388672
algerian_forest_fires_46279,simpleimputer,ordinalencoder,nystroem,minmax,ExtraTreesClassifier(random_state=0),3,0.9791666666666666,,No using Simple Imputer,No using Ordinal Hot,0.10478639602661133,0.004666566848754883
algerian_forest_fires_46279,simpleimputer,ordinalencoder,nystroem,minmax,ExtraTreesClassifier(random_state=0),4,0.8958333333333334,,No using Simple Imputer,No using Ordinal Hot,0.10664701461791992,0.0049190521240234375
algerian_forest_fires_46279,simpleimputer,ordinalencoder,rbf_sampler,minmax,ExtraTreesClassifier(random_state=0),0,0.9591836734693877,,No using Simple Imputer,No using Ordinal Hot,0.09188199043273926,0.004629850387573242
algerian_forest_fires_46279,simpleimputer,ordinalencoder,rbf_sampler,minmax,ExtraTreesClassifier(random_state=0),1,0.9591836734693877,,No using Simple Imputer,No using Ordinal Hot,0.08795046806335449,0.004674196243286133
algerian_forest_fires_46279,simpleimputer,ordinalencoder,rbf_sampler,minmax,ExtraTreesClassifier(random_state=0),2,0.8979591836734694,,No using Simple Imputer,No using Ordinal Hot,0.08739042282104492,0.004575967788696289
algerian_forest_fires_46279,simpleimputer,ordinalencoder,rbf_sampler,minmax,ExtraTreesClassifier(random_state=0),3,0.9791666666666666,,No using Simple Imputer,No using Ordinal Hot,0.08779001235961914,0.004609346389770508
algerian_forest_fires_46279,simpleimputer,ordinalencoder,rbf_sampler,minmax,ExtraTreesClassifier(random_state=0),4,0.9166666666666666,,No using Simple Imputer,No using Ordinal Hot,0.08744668960571289,0.0045206546783447266
algerian_forest_fires_46279,simpleimputer,ordinalencoder,random_trees_embedding,minmax,ExtraTreesClassifier(random_state=0),0,0.9795918367346939,,No using Simple Imputer,No using Ordinal Hot,0.09998846054077148,0.005287647247314453
algerian_forest_fires_46279,simpleimputer,ordinalencoder,random_trees_embedding,minmax,ExtraTreesClassifier(random_state=0),1,0.9591836734693877,,No using Simple Imputer,No using Ordinal Hot,0.10063672065734863,0.005284547805786133
algerian_forest_fires_46279,simpleimputer,ordinalencoder,random_trees_embedding,minmax,ExtraTreesClassifier(random_state=0),2,0.9795918367346939,,No using Simple Imputer,No using Ordinal Hot,0.09924006462097168,0.005243539810180664
algerian_forest_fires_46279,simpleimputer,ordinalencoder,random_trees_embedding,minmax,ExtraTreesClassifier(random_state=0),3,0.9583333333333334,,No using Simple Imputer,No using Ordinal Hot,0.10488700866699219,0.005256175994873047
algerian_forest_fires_46279,simpleimputer,ordinalencoder,random_trees_embedding,minmax,ExtraTreesClassifier(random_state=0),4,0.9583333333333334,,No using Simple Imputer,No using Ordinal Hot,0.10090303421020508,0.005316972732543945
algerian_forest_fires_46279,simpleimputer,ordinalencoder,feature_agglomeration,minmax,ExtraTreesClassifier(random_state=0),0,0.8979591836734694,,No using Simple Imputer,No using Ordinal Hot,0.0831141471862793,0.004960536956787109
algerian_forest_fires_46279,simpleimputer,ordinalencoder,feature_agglomeration,minmax,ExtraTreesClassifier(random_state=0),1,0.8775510204081632,,No using Simple Imputer,No using Ordinal Hot,0.08022475242614746,0.004720211029052734
algerian_forest_fires_46279,simpleimputer,ordinalencoder,feature_agglomeration,minmax,ExtraTreesClassifier(random_state=0),2,0.8571428571428571,,No using Simple Imputer,No using Ordinal Hot,0.08093905448913574,0.00474238395690918
algerian_forest_fires_46279,simpleimputer,ordinalencoder,feature_agglomeration,minmax,ExtraTreesClassifier(random_state=0),3,0.8541666666666666,,No using Simple Imputer,No using Ordinal Hot,0.0803375244140625,0.004664897918701172
algerian_forest_fires_46279,simpleimputer,ordinalencoder,feature_agglomeration,minmax,ExtraTreesClassifier(random_state=0),4,0.8958333333333334,,No using Simple Imputer,No using Ordinal Hot,0.0810091495513916,0.004845857620239258
algerian_forest_fires_46279,simpleimputer,ordinalencoder,extra_tree,minmax,ExtraTreesClassifier(random_state=0),0,0.9591836734693877,,No using Simple Imputer,No using Ordinal Hot,0.07903051376342773,0.004580259323120117
algerian_forest_fires_46279,simpleimputer,ordinalencoder,extra_tree,minmax,ExtraTreesClassifier(random_state=0),1,0.9795918367346939,,No using Simple Imputer,No using Ordinal Hot,0.07863521575927734,0.004495143890380859
algerian_forest_fires_46279,simpleimputer,ordinalencoder,extra_tree,minmax,ExtraTreesClassifier(random_state=0),2,1.0,,No using Simple Imputer,No using Ordinal Hot,0.07818770408630371,0.0045506954193115234
algerian_forest_fires_46279,simpleimputer,ordinalencoder,extra_tree,minmax,ExtraTreesClassifier(random_state=0),3,0.9583333333333334,,No using Simple Imputer,No using Ordinal Hot,0.08062028884887695,0.004863739013671875
algerian_forest_fires_46279,simpleimputer,ordinalencoder,extra_tree,minmax,ExtraTreesClassifier(random_state=0),4,0.9791666666666666,,No using Simple Imputer,No using Ordinal Hot,0.07730269432067871,0.004570960998535156
algerian_forest_fires_46279,simpleimputer,ordinalencoder,linear_svc,minmax,ExtraTreesClassifier(random_state=0),0,0.9795918367346939,,No using Simple Imputer,No using Ordinal Hot,0.07705259323120117,0.004471540451049805
algerian_forest_fires_46279,simpleimputer,ordinalencoder,linear_svc,minmax,ExtraTreesClassifier(random_state=0),1,0.9795918367346939,,No using Simple Imputer,No using Ordinal Hot,0.07703924179077148,0.004599332809448242
algerian_forest_fires_46279,simpleimputer,ordinalencoder,linear_svc,minmax,ExtraTreesClassifier(random_state=0),2,0.9591836734693877,,No using Simple Imputer,No using Ordinal Hot,0.07775354385375977,0.004483461380004883
algerian_forest_fires_46279,simpleimputer,ordinalencoder,linear_svc,minmax,ExtraTreesClassifier(random_state=0),3,0.9583333333333334,,No using Simple Imputer,No using Ordinal Hot,0.07838225364685059,0.004582881927490234
algerian_forest_fires_46279,simpleimputer,ordinalencoder,linear_svc,minmax,ExtraTreesClassifier(random_state=0),4,0.9791666666666666,,No using Simple Imputer,No using Ordinal Hot,0.07876896858215332,0.004546403884887695
algerian_forest_fires_46279,simpleimputer,ordinalencoder,kernel_pca,minmax,ExtraTreesClassifier(random_state=0),0,0.9387755102040817,,No using Simple Imputer,No using Ordinal Hot,0.10457968711853027,0.005173206329345703
algerian_forest_fires_46279,simpleimputer,ordinalencoder,kernel_pca,minmax,ExtraTreesClassifier(random_state=0),1,0.9591836734693877,,No using Simple Imputer,No using Ordinal Hot,0.10553908348083496,0.005229473114013672
algerian_forest_fires_46279,simpleimputer,ordinalencoder,kernel_pca,minmax,ExtraTreesClassifier(random_state=0),2,0.8979591836734694,,No using Simple Imputer,No using Ordinal Hot,0.10535788536071777,0.005495786666870117
algerian_forest_fires_46279,simpleimputer,ordinalencoder,kernel_pca,minmax,ExtraTreesClassifier(random_state=0),3,0.9375,,No using Simple Imputer,No using Ordinal Hot,0.10569453239440918,0.005115985870361328
algerian_forest_fires_46279,simpleimputer,ordinalencoder,kernel_pca,minmax,ExtraTreesClassifier(random_state=0),4,0.9375,,No using Simple Imputer,No using Ordinal Hot,0.10691475868225098,0.005156755447387695
algerian_forest_fires_46279,simpleimputer,ordinalencoder,,robust,ExtraTreesClassifier(random_state=0),0,0.9591836734693877,,No using Simple Imputer,No using Ordinal Hot,0.08100676536560059,0.004706621170043945
algerian_forest_fires_46279,simpleimputer,ordinalencoder,,robust,ExtraTreesClassifier(random_state=0),1,0.9795918367346939,,No using Simple Imputer,No using Ordinal Hot,0.08096671104431152,0.004736185073852539
algerian_forest_fires_46279,simpleimputer,ordinalencoder,,robust,ExtraTreesClassifier(random_state=0),2,1.0,,No using Simple Imputer,No using Ordinal Hot,0.08090758323669434,0.00471186637878418
algerian_forest_fires_46279,simpleimputer,ordinalencoder,,robust,ExtraTreesClassifier(random_state=0),3,0.9791666666666666,,No using Simple Imputer,No using Ordinal Hot,0.08066844940185547,0.004884481430053711
algerian_forest_fires_46279,simpleimputer,ordinalencoder,,robust,ExtraTreesClassifier(random_state=0),4,0.9583333333333334,,No using Simple Imputer,No using Ordinal Hot,0.08537864685058594,0.004542350769042969
algerian_forest_fires_46279,simpleimputer,ordinalencoder,pca,robust,ExtraTreesClassifier(random_state=0),0,0.8979591836734694,,No using Simple Imputer,No using Ordinal Hot,0.083892822265625,0.0047740936279296875
algerian_forest_fires_46279,simpleimputer,ordinalencoder,pca,robust,ExtraTreesClassifier(random_state=0),1,0.9795918367346939,,No using Simple Imputer,No using Ordinal Hot,0.0843513011932373,0.004791975021362305
algerian_forest_fires_46279,simpleimputer,ordinalencoder,pca,robust,ExtraTreesClassifier(random_state=0),2,0.8979591836734694,,No using Simple Imputer,No using Ordinal Hot,0.08395791053771973,0.004759550094604492
algerian_forest_fires_46279,simpleimputer,ordinalencoder,pca,robust,ExtraTreesClassifier(random_state=0),3,0.9166666666666666,,No using Simple Imputer,No using Ordinal Hot,0.0839083194732666,0.004734992980957031
algerian_forest_fires_46279,simpleimputer,ordinalencoder,pca,robust,ExtraTreesClassifier(random_state=0),4,0.9375,,No using Simple Imputer,No using Ordinal Hot,0.08444499969482422,0.004791736602783203
algerian_forest_fires_46279,simpleimputer,ordinalencoder,fastica,robust,ExtraTreesClassifier(random_state=0),0,0.8367346938775511,,No using Simple Imputer,No using Ordinal Hot,0.08600378036499023,0.004923105239868164
algerian_forest_fires_46279,simpleimputer,ordinalencoder,fastica,robust,ExtraTreesClassifier(random_state=0),1,0.6938775510204082,,No using Simple Imputer,No using Ordinal Hot,0.08948898315429688,0.004927396774291992
algerian_forest_fires_46279,simpleimputer,ordinalencoder,fastica,robust,ExtraTreesClassifier(random_state=0),2,0.5306122448979592,,No using Simple Imputer,No using Ordinal Hot,0.08984589576721191,0.004861116409301758
algerian_forest_fires_46279,simpleimputer,ordinalencoder,fastica,robust,ExtraTreesClassifier(random_state=0),3,0.8958333333333334,,No using Simple Imputer,No using Ordinal Hot,0.08586478233337402,0.0047452449798583984
algerian_forest_fires_46279,simpleimputer,ordinalencoder,fastica,robust,ExtraTreesClassifier(random_state=0),4,0.8125,,No using Simple Imputer,No using Ordinal Hot,0.08754873275756836,0.0048065185546875
algerian_forest_fires_46279,simpleimputer,ordinalencoder,truncated_svd,robust,ExtraTreesClassifier(random_state=0),0,0.8571428571428571,,No using Simple Imputer,No using Ordinal Hot,0.08134055137634277,0.004658699035644531
algerian_forest_fires_46279,simpleimputer,ordinalencoder,truncated_svd,robust,ExtraTreesClassifier(random_state=0),1,0.9183673469387755,,No using Simple Imputer,No using Ordinal Hot,0.08100557327270508,0.004732608795166016
algerian_forest_fires_46279,simpleimputer,ordinalencoder,truncated_svd,robust,ExtraTreesClassifier(random_state=0),2,0.8367346938775511,,No using Simple Imputer,No using Ordinal Hot,0.08112192153930664,0.004608631134033203
algerian_forest_fires_46279,simpleimputer,ordinalencoder,truncated_svd,robust,ExtraTreesClassifier(random_state=0),3,0.9166666666666666,,No using Simple Imputer,No using Ordinal Hot,0.0813910961151123,0.0048177242279052734
algerian_forest_fires_46279,simpleimputer,ordinalencoder,truncated_svd,robust,ExtraTreesClassifier(random_state=0),4,0.9375,,No using Simple Imputer,No using Ordinal Hot,0.08112144470214844,0.004703044891357422
algerian_forest_fires_46279,simpleimputer,ordinalencoder,select_percentile,robust,ExtraTreesClassifier(random_state=0),0,0.9795918367346939,,No using Simple Imputer,No using Ordinal Hot,0.0784451961517334,0.004563808441162109
algerian_forest_fires_46279,simpleimputer,ordinalencoder,select_percentile,robust,ExtraTreesClassifier(random_state=0),1,0.9795918367346939,,No using Simple Imputer,No using Ordinal Hot,0.07825517654418945,0.004621982574462891
algerian_forest_fires_46279,simpleimputer,ordinalencoder,select_percentile,robust,ExtraTreesClassifier(random_state=0),2,1.0,,No using Simple Imputer,No using Ordinal Hot,0.07913994789123535,0.0045146942138671875
algerian_forest_fires_46279,simpleimputer,ordinalencoder,select_percentile,robust,ExtraTreesClassifier(random_state=0),3,0.9791666666666666,,No using Simple Imputer,No using Ordinal Hot,0.07689261436462402,0.004535198211669922
algerian_forest_fires_46279,simpleimputer,ordinalencoder,select_percentile,robust,ExtraTreesClassifier(random_state=0),4,0.9583333333333334,,No using Simple Imputer,No using Ordinal Hot,0.07825565338134766,0.004497051239013672
algerian_forest_fires_46279,simpleimputer,ordinalencoder,generic_univariate,robust,ExtraTreesClassifier(random_state=0),0,1.0,,No using Simple Imputer,No using Ordinal Hot,0.0774228572845459,0.004549503326416016
algerian_forest_fires_46279,simpleimputer,ordinalencoder,generic_univariate,robust,ExtraTreesClassifier(random_state=0),1,1.0,,No using Simple Imputer,No using Ordinal Hot,0.07883954048156738,0.004406929016113281
algerian_forest_fires_46279,simpleimputer,ordinalencoder,generic_univariate,robust,ExtraTreesClassifier(random_state=0),2,1.0,,No using Simple Imputer,No using Ordinal Hot,0.07779240608215332,0.004520416259765625
algerian_forest_fires_46279,simpleimputer,ordinalencoder,generic_univariate,robust,ExtraTreesClassifier(random_state=0),3,0.9583333333333334,,No using Simple Imputer,No using Ordinal Hot,0.07826924324035645,0.0045948028564453125
algerian_forest_fires_46279,simpleimputer,ordinalencoder,generic_univariate,robust,ExtraTreesClassifier(random_state=0),4,0.9791666666666666,,No using Simple Imputer,No using Ordinal Hot,0.07807779312133789,0.004814863204956055
algerian_forest_fires_46279,simpleimputer,ordinalencoder,polynomial_features,robust,ExtraTreesClassifier(random_state=0),0,0.9591836734693877,,No using Simple Imputer,No using Ordinal Hot,0.08438563346862793,0.004571199417114258
algerian_forest_fires_46279,simpleimputer,ordinalencoder,polynomial_features,robust,ExtraTreesClassifier(random_state=0),1,0.9795918367346939,,No using Simple Imputer,No using Ordinal Hot,0.08467483520507812,0.004635334014892578
algerian_forest_fires_46279,simpleimputer,ordinalencoder,polynomial_features,robust,ExtraTreesClassifier(random_state=0),2,0.9795918367346939,,No using Simple Imputer,No using Ordinal Hot,0.08499693870544434,0.0045659542083740234
algerian_forest_fires_46279,simpleimputer,ordinalencoder,polynomial_features,robust,ExtraTreesClassifier(random_state=0),3,0.9375,,No using Simple Imputer,No using Ordinal Hot,0.08474493026733398,0.004492521286010742
algerian_forest_fires_46279,simpleimputer,ordinalencoder,polynomial_features,robust,ExtraTreesClassifier(random_state=0),4,0.9791666666666666,,No using Simple Imputer,No using Ordinal Hot,0.08442568778991699,0.0045948028564453125
algerian_forest_fires_46279,simpleimputer,ordinalencoder,nystroem,robust,ExtraTreesClassifier(random_state=0),0,0.8367346938775511,,No using Simple Imputer,No using Ordinal Hot,0.09858250617980957,0.0045948028564453125
algerian_forest_fires_46279,simpleimputer,ordinalencoder,nystroem,robust,ExtraTreesClassifier(random_state=0),1,0.9183673469387755,,No using Simple Imputer,No using Ordinal Hot,0.09401130676269531,0.004735708236694336
algerian_forest_fires_46279,simpleimputer,ordinalencoder,nystroem,robust,ExtraTreesClassifier(random_state=0),2,0.8775510204081632,,No using Simple Imputer,No using Ordinal Hot,0.10869264602661133,0.004985332489013672
algerian_forest_fires_46279,simpleimputer,ordinalencoder,nystroem,robust,ExtraTreesClassifier(random_state=0),3,0.9791666666666666,,No using Simple Imputer,No using Ordinal Hot,0.10744285583496094,0.0049648284912109375
algerian_forest_fires_46279,simpleimputer,ordinalencoder,nystroem,robust,ExtraTreesClassifier(random_state=0),4,0.9583333333333334,,No using Simple Imputer,No using Ordinal Hot,0.10740208625793457,0.004919290542602539
algerian_forest_fires_46279,simpleimputer,ordinalencoder,rbf_sampler,robust,ExtraTreesClassifier(random_state=0),0,0.6938775510204082,,No using Simple Imputer,No using Ordinal Hot,0.09644508361816406,0.0047070980072021484
algerian_forest_fires_46279,simpleimputer,ordinalencoder,rbf_sampler,robust,ExtraTreesClassifier(random_state=0),1,0.7959183673469388,,No using Simple Imputer,No using Ordinal Hot,0.09610939025878906,0.0047338008880615234
algerian_forest_fires_46279,simpleimputer,ordinalencoder,rbf_sampler,robust,ExtraTreesClassifier(random_state=0),2,0.6938775510204082,,No using Simple Imputer,No using Ordinal Hot,0.09518623352050781,0.004673480987548828
algerian_forest_fires_46279,simpleimputer,ordinalencoder,rbf_sampler,robust,ExtraTreesClassifier(random_state=0),3,0.8333333333333334,,No using Simple Imputer,No using Ordinal Hot,0.09592914581298828,0.0047228336334228516
algerian_forest_fires_46279,simpleimputer,ordinalencoder,rbf_sampler,robust,ExtraTreesClassifier(random_state=0),4,0.7291666666666666,,No using Simple Imputer,No using Ordinal Hot,0.09604072570800781,0.004742145538330078
algerian_forest_fires_46279,simpleimputer,ordinalencoder,random_trees_embedding,robust,ExtraTreesClassifier(random_state=0),0,0.9795918367346939,,No using Simple Imputer,No using Ordinal Hot,0.10023665428161621,0.005386829376220703
algerian_forest_fires_46279,simpleimputer,ordinalencoder,random_trees_embedding,robust,ExtraTreesClassifier(random_state=0),1,0.9591836734693877,,No using Simple Imputer,No using Ordinal Hot,0.10186886787414551,0.0052411556243896484
algerian_forest_fires_46279,simpleimputer,ordinalencoder,random_trees_embedding,robust,ExtraTreesClassifier(random_state=0),2,0.9795918367346939,,No using Simple Imputer,No using Ordinal Hot,0.0998227596282959,0.005207061767578125
algerian_forest_fires_46279,simpleimputer,ordinalencoder,random_trees_embedding,robust,ExtraTreesClassifier(random_state=0),3,0.9583333333333334,,No using Simple Imputer,No using Ordinal Hot,0.10332298278808594,0.0054018497467041016
algerian_forest_fires_46279,simpleimputer,ordinalencoder,random_trees_embedding,robust,ExtraTreesClassifier(random_state=0),4,0.9583333333333334,,No using Simple Imputer,No using Ordinal Hot,0.10148000717163086,0.005267143249511719
algerian_forest_fires_46279,simpleimputer,ordinalencoder,feature_agglomeration,robust,ExtraTreesClassifier(random_state=0),0,0.7959183673469388,,No using Simple Imputer,No using Ordinal Hot,0.08069920539855957,0.004674434661865234
algerian_forest_fires_46279,simpleimputer,ordinalencoder,feature_agglomeration,robust,ExtraTreesClassifier(random_state=0),1,0.8367346938775511,,No using Simple Imputer,No using Ordinal Hot,0.07858014106750488,0.0046918392181396484
algerian_forest_fires_46279,simpleimputer,ordinalencoder,feature_agglomeration,robust,ExtraTreesClassifier(random_state=0),2,0.8775510204081632,,No using Simple Imputer,No using Ordinal Hot,0.07819080352783203,0.0045528411865234375
algerian_forest_fires_46279,simpleimputer,ordinalencoder,feature_agglomeration,robust,ExtraTreesClassifier(random_state=0),3,0.8541666666666666,,No using Simple Imputer,No using Ordinal Hot,0.07844853401184082,0.004583120346069336
algerian_forest_fires_46279,simpleimputer,ordinalencoder,feature_agglomeration,robust,ExtraTreesClassifier(random_state=0),4,0.8541666666666666,,No using Simple Imputer,No using Ordinal Hot,0.0792386531829834,0.004798412322998047
algerian_forest_fires_46279,simpleimputer,ordinalencoder,extra_tree,robust,ExtraTreesClassifier(random_state=0),0,0.9591836734693877,,No using Simple Imputer,No using Ordinal Hot,0.07749676704406738,0.004443645477294922
algerian_forest_fires_46279,simpleimputer,ordinalencoder,extra_tree,robust,ExtraTreesClassifier(random_state=0),1,0.9795918367346939,,No using Simple Imputer,No using Ordinal Hot,0.07832527160644531,0.004590034484863281
algerian_forest_fires_46279,simpleimputer,ordinalencoder,extra_tree,robust,ExtraTreesClassifier(random_state=0),2,1.0,,No using Simple Imputer,No using Ordinal Hot,0.07778096199035645,0.004574298858642578
algerian_forest_fires_46279,simpleimputer,ordinalencoder,extra_tree,robust,ExtraTreesClassifier(random_state=0),3,0.9583333333333334,,No using Simple Imputer,No using Ordinal Hot,0.0778505802154541,0.004483461380004883
algerian_forest_fires_46279,simpleimputer,ordinalencoder,extra_tree,robust,ExtraTreesClassifier(random_state=0),4,0.9791666666666666,,No using Simple Imputer,No using Ordinal Hot,0.0773630142211914,0.004572391510009766
algerian_forest_fires_46279,simpleimputer,ordinalencoder,linear_svc,robust,ExtraTreesClassifier(random_state=0),0,0.9591836734693877,,No using Simple Imputer,No using Ordinal Hot,0.07738304138183594,0.00448155403137207
algerian_forest_fires_46279,simpleimputer,ordinalencoder,linear_svc,robust,ExtraTreesClassifier(random_state=0),1,0.9795918367346939,,No using Simple Imputer,No using Ordinal Hot,0.07736659049987793,0.0044362545013427734
algerian_forest_fires_46279,simpleimputer,ordinalencoder,linear_svc,robust,ExtraTreesClassifier(random_state=0),2,0.9795918367346939,,No using Simple Imputer,No using Ordinal Hot,0.07750105857849121,0.004468441009521484
algerian_forest_fires_46279,simpleimputer,ordinalencoder,linear_svc,robust,ExtraTreesClassifier(random_state=0),3,0.9583333333333334,,No using Simple Imputer,No using Ordinal Hot,0.07676410675048828,0.004465341567993164
algerian_forest_fires_46279,simpleimputer,ordinalencoder,linear_svc,robust,ExtraTreesClassifier(random_state=0),4,0.9791666666666666,,No using Simple Imputer,No using Ordinal Hot,0.07712030410766602,0.004392385482788086
algerian_forest_fires_46279,simpleimputer,ordinalencoder,kernel_pca,robust,ExtraTreesClassifier(random_state=0),0,0.9183673469387755,,No using Simple Imputer,No using Ordinal Hot,0.10137367248535156,0.005087375640869141
algerian_forest_fires_46279,simpleimputer,ordinalencoder,kernel_pca,robust,ExtraTreesClassifier(random_state=0),1,0.9795918367346939,,No using Simple Imputer,No using Ordinal Hot,0.10567402839660645,0.0050983428955078125
algerian_forest_fires_46279,simpleimputer,ordinalencoder,kernel_pca,robust,ExtraTreesClassifier(random_state=0),2,0.8979591836734694,,No using Simple Imputer,No using Ordinal Hot,0.1056661605834961,0.0050275325775146484
algerian_forest_fires_46279,simpleimputer,ordinalencoder,kernel_pca,robust,ExtraTreesClassifier(random_state=0),3,0.9166666666666666,,No using Simple Imputer,No using Ordinal Hot,0.10348820686340332,0.0054247379302978516
algerian_forest_fires_46279,simpleimputer,ordinalencoder,kernel_pca,robust,ExtraTreesClassifier(random_state=0),4,0.9375,,No using Simple Imputer,No using Ordinal Hot,0.10372376441955566,0.005294084548950195
algerian_forest_fires_46279,simpleimputer,ordinalencoder,,normalizer,ExtraTreesClassifier(random_state=0),0,0.9591836734693877,,No using Simple Imputer,No using Ordinal Hot,0.08013701438903809,0.004785060882568359
algerian_forest_fires_46279,simpleimputer,ordinalencoder,,normalizer,ExtraTreesClassifier(random_state=0),1,0.9795918367346939,,No using Simple Imputer,No using Ordinal Hot,0.08022499084472656,0.004542112350463867
algerian_forest_fires_46279,simpleimputer,ordinalencoder,,normalizer,ExtraTreesClassifier(random_state=0),2,0.9795918367346939,,No using Simple Imputer,No using Ordinal Hot,0.07958102226257324,0.004578113555908203
algerian_forest_fires_46279,simpleimputer,ordinalencoder,,normalizer,ExtraTreesClassifier(random_state=0),3,0.9583333333333334,,No using Simple Imputer,No using Ordinal Hot,0.07958865165710449,0.00453639030456543
algerian_forest_fires_46279,simpleimputer,ordinalencoder,,normalizer,ExtraTreesClassifier(random_state=0),4,0.9583333333333334,,No using Simple Imputer,No using Ordinal Hot,0.07970929145812988,0.004613399505615234
algerian_forest_fires_46279,simpleimputer,ordinalencoder,pca,normalizer,ExtraTreesClassifier(random_state=0),0,0.9591836734693877,,No using Simple Imputer,No using Ordinal Hot,0.08331847190856934,0.004745006561279297
algerian_forest_fires_46279,simpleimputer,ordinalencoder,pca,normalizer,ExtraTreesClassifier(random_state=0),1,0.9591836734693877,,No using Simple Imputer,No using Ordinal Hot,0.08346843719482422,0.004609107971191406
algerian_forest_fires_46279,simpleimputer,ordinalencoder,pca,normalizer,ExtraTreesClassifier(random_state=0),2,0.8979591836734694,,No using Simple Imputer,No using Ordinal Hot,0.0824880599975586,0.004664182662963867
algerian_forest_fires_46279,simpleimputer,ordinalencoder,pca,normalizer,ExtraTreesClassifier(random_state=0),3,0.9375,,No using Simple Imputer,No using Ordinal Hot,0.08296489715576172,0.004714488983154297
algerian_forest_fires_46279,simpleimputer,ordinalencoder,pca,normalizer,ExtraTreesClassifier(random_state=0),4,0.9583333333333334,,No using Simple Imputer,No using Ordinal Hot,0.08242464065551758,0.0046863555908203125
algerian_forest_fires_46279,simpleimputer,ordinalencoder,fastica,normalizer,ExtraTreesClassifier(random_state=0),0,0.9183673469387755,,No using Simple Imputer,No using Ordinal Hot,0.0829160213470459,0.004714012145996094
algerian_forest_fires_46279,simpleimputer,ordinalencoder,fastica,normalizer,ExtraTreesClassifier(random_state=0),1,0.9591836734693877,,No using Simple Imputer,No using Ordinal Hot,0.0830996036529541,0.004524946212768555
algerian_forest_fires_46279,simpleimputer,ordinalencoder,fastica,normalizer,ExtraTreesClassifier(random_state=0),2,0.8979591836734694,,No using Simple Imputer,No using Ordinal Hot,0.08208513259887695,0.004675388336181641
algerian_forest_fires_46279,simpleimputer,ordinalencoder,fastica,normalizer,ExtraTreesClassifier(random_state=0),3,0.8958333333333334,,No using Simple Imputer,No using Ordinal Hot,0.08285927772521973,0.004693508148193359
algerian_forest_fires_46279,simpleimputer,ordinalencoder,fastica,normalizer,ExtraTreesClassifier(random_state=0),4,0.9166666666666666,,No using Simple Imputer,No using Ordinal Hot,0.0827016830444336,0.00444793701171875
algerian_forest_fires_46279,simpleimputer,ordinalencoder,truncated_svd,normalizer,ExtraTreesClassifier(random_state=0),0,0.8163265306122449,,No using Simple Imputer,No using Ordinal Hot,0.07726025581359863,0.004580020904541016
algerian_forest_fires_46279,simpleimputer,ordinalencoder,truncated_svd,normalizer,ExtraTreesClassifier(random_state=0),1,0.7142857142857143,,No using Simple Imputer,No using Ordinal Hot,0.07669258117675781,0.004591941833496094
algerian_forest_fires_46279,simpleimputer,ordinalencoder,truncated_svd,normalizer,ExtraTreesClassifier(random_state=0),2,0.7959183673469388,,No using Simple Imputer,No using Ordinal Hot,0.07676887512207031,0.004558086395263672
algerian_forest_fires_46279,simpleimputer,ordinalencoder,truncated_svd,normalizer,ExtraTreesClassifier(random_state=0),3,0.8541666666666666,,No using Simple Imputer,No using Ordinal Hot,0.07686829566955566,0.004563093185424805
algerian_forest_fires_46279,simpleimputer,ordinalencoder,truncated_svd,normalizer,ExtraTreesClassifier(random_state=0),4,0.8541666666666666,,No using Simple Imputer,No using Ordinal Hot,0.07783770561218262,0.0045261383056640625
algerian_forest_fires_46279,simpleimputer,ordinalencoder,select_percentile,normalizer,ExtraTreesClassifier(random_state=0),0,0.9795918367346939,,No using Simple Imputer,No using Ordinal Hot,0.0734395980834961,0.004337310791015625
algerian_forest_fires_46279,simpleimputer,ordinalencoder,select_percentile,normalizer,ExtraTreesClassifier(random_state=0),1,0.9795918367346939,,No using Simple Imputer,No using Ordinal Hot,0.07504940032958984,0.004324436187744141
algerian_forest_fires_46279,simpleimputer,ordinalencoder,select_percentile,normalizer,ExtraTreesClassifier(random_state=0),2,0.9795918367346939,,No using Simple Imputer,No using Ordinal Hot,0.07546734809875488,0.004423618316650391
algerian_forest_fires_46279,simpleimputer,ordinalencoder,select_percentile,normalizer,ExtraTreesClassifier(random_state=0),3,0.9791666666666666,,No using Simple Imputer,No using Ordinal Hot,0.07412576675415039,0.004350423812866211
algerian_forest_fires_46279,simpleimputer,ordinalencoder,select_percentile,normalizer,ExtraTreesClassifier(random_state=0),4,0.9583333333333334,,No using Simple Imputer,No using Ordinal Hot,0.07360124588012695,0.004388570785522461
algerian_forest_fires_46279,simpleimputer,ordinalencoder,generic_univariate,normalizer,ExtraTreesClassifier(random_state=0),0,0.9795918367346939,,No using Simple Imputer,No using Ordinal Hot,0.07405853271484375,0.004303455352783203
algerian_forest_fires_46279,simpleimputer,ordinalencoder,generic_univariate,normalizer,ExtraTreesClassifier(random_state=0),1,1.0,,No using Simple Imputer,No using Ordinal Hot,0.07618522644042969,0.004340171813964844
algerian_forest_fires_46279,simpleimputer,ordinalencoder,generic_univariate,normalizer,ExtraTreesClassifier(random_state=0),2,0.9591836734693877,,No using Simple Imputer,No using Ordinal Hot,0.07520794868469238,0.004412651062011719
algerian_forest_fires_46279,simpleimputer,ordinalencoder,generic_univariate,normalizer,ExtraTreesClassifier(random_state=0),3,0.9375,,No using Simple Imputer,No using Ordinal Hot,0.07510733604431152,0.004275321960449219
algerian_forest_fires_46279,simpleimputer,ordinalencoder,generic_univariate,normalizer,ExtraTreesClassifier(random_state=0),4,0.9583333333333334,,No using Simple Imputer,No using Ordinal Hot,0.0739603042602539,0.004231929779052734
algerian_forest_fires_46279,simpleimputer,ordinalencoder,polynomial_features,normalizer,ExtraTreesClassifier(random_state=0),0,0.9591836734693877,,No using Simple Imputer,No using Ordinal Hot,0.08661532402038574,0.004312276840209961
algerian_forest_fires_46279,simpleimputer,ordinalencoder,polynomial_features,normalizer,ExtraTreesClassifier(random_state=0),1,0.9795918367346939,,No using Simple Imputer,No using Ordinal Hot,0.08031749725341797,0.004322528839111328
algerian_forest_fires_46279,simpleimputer,ordinalencoder,polynomial_features,normalizer,ExtraTreesClassifier(random_state=0),2,1.0,,No using Simple Imputer,No using Ordinal Hot,0.0797429084777832,0.004724979400634766
algerian_forest_fires_46279,simpleimputer,ordinalencoder,polynomial_features,normalizer,ExtraTreesClassifier(random_state=0),3,0.9583333333333334,,No using Simple Imputer,No using Ordinal Hot,0.08500194549560547,0.004219770431518555
algerian_forest_fires_46279,simpleimputer,ordinalencoder,polynomial_features,normalizer,ExtraTreesClassifier(random_state=0),4,0.9583333333333334,,No using Simple Imputer,No using Ordinal Hot,0.08003997802734375,0.004349708557128906
algerian_forest_fires_46279,simpleimputer,ordinalencoder,nystroem,normalizer,ExtraTreesClassifier(random_state=0),0,0.9387755102040817,,No using Simple Imputer,No using Ordinal Hot,0.10209894180297852,0.004775285720825195
algerian_forest_fires_46279,simpleimputer,ordinalencoder,nystroem,normalizer,ExtraTreesClassifier(random_state=0),1,0.9591836734693877,,No using Simple Imputer,No using Ordinal Hot,0.10480904579162598,0.00489354133605957
algerian_forest_fires_46279,simpleimputer,ordinalencoder,nystroem,normalizer,ExtraTreesClassifier(random_state=0),2,0.8979591836734694,,No using Simple Imputer,No using Ordinal Hot,0.10209393501281738,0.004427194595336914
algerian_forest_fires_46279,simpleimputer,ordinalencoder,nystroem,normalizer,ExtraTreesClassifier(random_state=0),3,0.9583333333333334,,No using Simple Imputer,No using Ordinal Hot,0.10200357437133789,0.0047607421875
algerian_forest_fires_46279,simpleimputer,ordinalencoder,nystroem,normalizer,ExtraTreesClassifier(random_state=0),4,0.9375,,No using Simple Imputer,No using Ordinal Hot,0.10249114036560059,0.004773616790771484
algerian_forest_fires_46279,simpleimputer,ordinalencoder,rbf_sampler,normalizer,ExtraTreesClassifier(random_state=0),0,0.9387755102040817,,No using Simple Imputer,No using Ordinal Hot,0.08257746696472168,0.004389047622680664
algerian_forest_fires_46279,simpleimputer,ordinalencoder,rbf_sampler,normalizer,ExtraTreesClassifier(random_state=0),1,0.9591836734693877,,No using Simple Imputer,No using Ordinal Hot,0.082733154296875,0.004446506500244141
algerian_forest_fires_46279,simpleimputer,ordinalencoder,rbf_sampler,normalizer,ExtraTreesClassifier(random_state=0),2,0.9591836734693877,,No using Simple Imputer,No using Ordinal Hot,0.08665943145751953,0.004488706588745117
algerian_forest_fires_46279,simpleimputer,ordinalencoder,rbf_sampler,normalizer,ExtraTreesClassifier(random_state=0),3,0.9583333333333334,,No using Simple Imputer,No using Ordinal Hot,0.08225178718566895,0.0043680667877197266
algerian_forest_fires_46279,simpleimputer,ordinalencoder,rbf_sampler,normalizer,ExtraTreesClassifier(random_state=0),4,0.9583333333333334,,No using Simple Imputer,No using Ordinal Hot,0.08265256881713867,0.004280567169189453
algerian_forest_fires_46279,simpleimputer,ordinalencoder,random_trees_embedding,normalizer,ExtraTreesClassifier(random_state=0),0,0.9387755102040817,,No using Simple Imputer,No using Ordinal Hot,0.09971737861633301,0.005118846893310547
algerian_forest_fires_46279,simpleimputer,ordinalencoder,random_trees_embedding,normalizer,ExtraTreesClassifier(random_state=0),1,0.9591836734693877,,No using Simple Imputer,No using Ordinal Hot,0.10188722610473633,0.005058765411376953
algerian_forest_fires_46279,simpleimputer,ordinalencoder,random_trees_embedding,normalizer,ExtraTreesClassifier(random_state=0),2,1.0,,No using Simple Imputer,No using Ordinal Hot,0.10049200057983398,0.005107879638671875
algerian_forest_fires_46279,simpleimputer,ordinalencoder,random_trees_embedding,normalizer,ExtraTreesClassifier(random_state=0),3,0.9583333333333334,,No using Simple Imputer,No using Ordinal Hot,0.09679436683654785,0.005095720291137695
algerian_forest_fires_46279,simpleimputer,ordinalencoder,random_trees_embedding,normalizer,ExtraTreesClassifier(random_state=0),4,0.9583333333333334,,No using Simple Imputer,No using Ordinal Hot,0.09544682502746582,0.004952669143676758
algerian_forest_fires_46279,simpleimputer,ordinalencoder,feature_agglomeration,normalizer,ExtraTreesClassifier(random_state=0),0,0.8163265306122449,,No using Simple Imputer,No using Ordinal Hot,0.07607078552246094,0.0045239925384521484
algerian_forest_fires_46279,simpleimputer,ordinalencoder,feature_agglomeration,normalizer,ExtraTreesClassifier(random_state=0),1,0.8367346938775511,,No using Simple Imputer,No using Ordinal Hot,0.07716536521911621,0.004748106002807617
algerian_forest_fires_46279,simpleimputer,ordinalencoder,feature_agglomeration,normalizer,ExtraTreesClassifier(random_state=0),2,0.8571428571428571,,No using Simple Imputer,No using Ordinal Hot,0.07738256454467773,0.004474639892578125
algerian_forest_fires_46279,simpleimputer,ordinalencoder,feature_agglomeration,normalizer,ExtraTreesClassifier(random_state=0),3,0.8333333333333334,,No using Simple Imputer,No using Ordinal Hot,0.07721400260925293,0.004494905471801758
algerian_forest_fires_46279,simpleimputer,ordinalencoder,feature_agglomeration,normalizer,ExtraTreesClassifier(random_state=0),4,0.875,,No using Simple Imputer,No using Ordinal Hot,0.07680034637451172,0.004515647888183594
algerian_forest_fires_46279,simpleimputer,ordinalencoder,extra_tree,normalizer,ExtraTreesClassifier(random_state=0),0,0.9591836734693877,,No using Simple Imputer,No using Ordinal Hot,0.07550263404846191,0.004464387893676758
algerian_forest_fires_46279,simpleimputer,ordinalencoder,extra_tree,normalizer,ExtraTreesClassifier(random_state=0),1,0.9795918367346939,,No using Simple Imputer,No using Ordinal Hot,0.07692384719848633,0.004384756088256836
algerian_forest_fires_46279,simpleimputer,ordinalencoder,extra_tree,normalizer,ExtraTreesClassifier(random_state=0),2,0.9795918367346939,,No using Simple Imputer,No using Ordinal Hot,0.07406854629516602,0.004245281219482422
algerian_forest_fires_46279,simpleimputer,ordinalencoder,extra_tree,normalizer,ExtraTreesClassifier(random_state=0),3,0.9583333333333334,,No using Simple Imputer,No using Ordinal Hot,0.07378029823303223,0.00423431396484375
algerian_forest_fires_46279,simpleimputer,ordinalencoder,extra_tree,normalizer,ExtraTreesClassifier(random_state=0),4,0.9583333333333334,,No using Simple Imputer,No using Ordinal Hot,0.07395577430725098,0.0044040679931640625
algerian_forest_fires_46279,simpleimputer,ordinalencoder,linear_svc,normalizer,ExtraTreesClassifier(random_state=0),0,0.9591836734693877,,No using Simple Imputer,No using Ordinal Hot,0.07706618309020996,0.004592180252075195
algerian_forest_fires_46279,simpleimputer,ordinalencoder,linear_svc,normalizer,ExtraTreesClassifier(random_state=0),1,0.9795918367346939,,No using Simple Imputer,No using Ordinal Hot,0.07845306396484375,0.004516124725341797
algerian_forest_fires_46279,simpleimputer,ordinalencoder,linear_svc,normalizer,ExtraTreesClassifier(random_state=0),2,0.9795918367346939,,No using Simple Imputer,No using Ordinal Hot,0.07757329940795898,0.004499912261962891
algerian_forest_fires_46279,simpleimputer,ordinalencoder,linear_svc,normalizer,ExtraTreesClassifier(random_state=0),3,0.9583333333333334,,No using Simple Imputer,No using Ordinal Hot,0.07747077941894531,0.004569292068481445
algerian_forest_fires_46279,simpleimputer,ordinalencoder,linear_svc,normalizer,ExtraTreesClassifier(random_state=0),4,0.9583333333333334,,No using Simple Imputer,No using Ordinal Hot,0.07771468162536621,0.004557609558105469
algerian_forest_fires_46279,simpleimputer,ordinalencoder,kernel_pca,normalizer,ExtraTreesClassifier(random_state=0),0,0.9387755102040817,,No using Simple Imputer,No using Ordinal Hot,0.1025853157043457,0.005054473876953125
algerian_forest_fires_46279,simpleimputer,ordinalencoder,kernel_pca,normalizer,ExtraTreesClassifier(random_state=0),1,0.9591836734693877,,No using Simple Imputer,No using Ordinal Hot,0.10447096824645996,0.005185365676879883
algerian_forest_fires_46279,simpleimputer,ordinalencoder,kernel_pca,normalizer,ExtraTreesClassifier(random_state=0),2,0.8979591836734694,,No using Simple Imputer,No using Ordinal Hot,0.10614275932312012,0.005033254623413086
algerian_forest_fires_46279,simpleimputer,ordinalencoder,kernel_pca,normalizer,ExtraTreesClassifier(random_state=0),3,0.9166666666666666,,No using Simple Imputer,No using Ordinal Hot,0.10463809967041016,0.005031108856201172
algerian_forest_fires_46279,simpleimputer,ordinalencoder,kernel_pca,normalizer,ExtraTreesClassifier(random_state=0),4,0.8958333333333334,,No using Simple Imputer,No using Ordinal Hot,0.10232996940612793,0.005005598068237305
algerian_forest_fires_46279,simpleimputer,ordinalencoder,,power,ExtraTreesClassifier(random_state=0),0,0.9591836734693877,,No using Simple Imputer,No using Ordinal Hot,0.08098602294921875,0.00449371337890625
algerian_forest_fires_46279,simpleimputer,ordinalencoder,,power,ExtraTreesClassifier(random_state=0),1,0.9795918367346939,,No using Simple Imputer,No using Ordinal Hot,0.07868719100952148,0.00450897216796875
algerian_forest_fires_46279,simpleimputer,ordinalencoder,,power,ExtraTreesClassifier(random_state=0),2,0.9795918367346939,,No using Simple Imputer,No using Ordinal Hot,0.07862353324890137,0.004591226577758789
algerian_forest_fires_46279,simpleimputer,ordinalencoder,,power,ExtraTreesClassifier(random_state=0),3,0.9791666666666666,,No using Simple Imputer,No using Ordinal Hot,0.07854080200195312,0.004457712173461914
algerian_forest_fires_46279,simpleimputer,ordinalencoder,,power,ExtraTreesClassifier(random_state=0),4,0.9583333333333334,,No using Simple Imputer,No using Ordinal Hot,0.07770013809204102,0.004424333572387695
algerian_forest_fires_46279,simpleimputer,ordinalencoder,pca,power,ExtraTreesClassifier(random_state=0),0,0.9795918367346939,,No using Simple Imputer,No using Ordinal Hot,0.0815577507019043,0.004615068435668945
algerian_forest_fires_46279,simpleimputer,ordinalencoder,pca,power,ExtraTreesClassifier(random_state=0),1,0.9591836734693877,,No using Simple Imputer,No using Ordinal Hot,0.08073759078979492,0.004524707794189453
algerian_forest_fires_46279,simpleimputer,ordinalencoder,pca,power,ExtraTreesClassifier(random_state=0),2,0.9591836734693877,,No using Simple Imputer,No using Ordinal Hot,0.08081364631652832,0.0045015811920166016
algerian_forest_fires_46279,simpleimputer,ordinalencoder,pca,power,ExtraTreesClassifier(random_state=0),3,0.9583333333333334,,No using Simple Imputer,No using Ordinal Hot,0.08367753028869629,0.004621267318725586
algerian_forest_fires_46279,simpleimputer,ordinalencoder,pca,power,ExtraTreesClassifier(random_state=0),4,0.9375,,No using Simple Imputer,No using Ordinal Hot,0.08126401901245117,0.004631996154785156
algerian_forest_fires_46279,simpleimputer,ordinalencoder,fastica,power,ExtraTreesClassifier(random_state=0),0,0.8775510204081632,,No using Simple Imputer,No using Ordinal Hot,0.08522868156433105,0.004747152328491211
algerian_forest_fires_46279,simpleimputer,ordinalencoder,fastica,power,ExtraTreesClassifier(random_state=0),1,0.9183673469387755,,No using Simple Imputer,No using Ordinal Hot,0.08542275428771973,0.005156278610229492
algerian_forest_fires_46279,simpleimputer,ordinalencoder,fastica,power,ExtraTreesClassifier(random_state=0),2,0.7959183673469388,,No using Simple Imputer,No using Ordinal Hot,0.08622074127197266,0.004838705062866211
algerian_forest_fires_46279,simpleimputer,ordinalencoder,fastica,power,ExtraTreesClassifier(random_state=0),3,0.9583333333333334,,No using Simple Imputer,No using Ordinal Hot,0.08378982543945312,0.0047681331634521484
algerian_forest_fires_46279,simpleimputer,ordinalencoder,fastica,power,ExtraTreesClassifier(random_state=0),4,0.8541666666666666,,No using Simple Imputer,No using Ordinal Hot,0.08402442932128906,0.0047626495361328125
algerian_forest_fires_46279,simpleimputer,ordinalencoder,truncated_svd,power,ExtraTreesClassifier(random_state=0),0,0.8571428571428571,,No using Simple Imputer,No using Ordinal Hot,0.07853937149047852,0.0046672821044921875
algerian_forest_fires_46279,simpleimputer,ordinalencoder,truncated_svd,power,ExtraTreesClassifier(random_state=0),1,0.8979591836734694,,No using Simple Imputer,No using Ordinal Hot,0.07849597930908203,0.0046575069427490234
algerian_forest_fires_46279,simpleimputer,ordinalencoder,truncated_svd,power,ExtraTreesClassifier(random_state=0),2,0.7959183673469388,,No using Simple Imputer,No using Ordinal Hot,0.07869744300842285,0.004628658294677734
algerian_forest_fires_46279,simpleimputer,ordinalencoder,truncated_svd,power,ExtraTreesClassifier(random_state=0),3,0.9375,,No using Simple Imputer,No using Ordinal Hot,0.07917976379394531,0.004711151123046875
algerian_forest_fires_46279,simpleimputer,ordinalencoder,truncated_svd,power,ExtraTreesClassifier(random_state=0),4,0.9166666666666666,,No using Simple Imputer,No using Ordinal Hot,0.07947540283203125,0.004686594009399414
algerian_forest_fires_46279,simpleimputer,ordinalencoder,select_percentile,power,ExtraTreesClassifier(random_state=0),0,0.9795918367346939,,No using Simple Imputer,No using Ordinal Hot,0.07657289505004883,0.004515409469604492
algerian_forest_fires_46279,simpleimputer,ordinalencoder,select_percentile,power,ExtraTreesClassifier(random_state=0),1,0.9795918367346939,,No using Simple Imputer,No using Ordinal Hot,0.07659196853637695,0.004523277282714844
algerian_forest_fires_46279,simpleimputer,ordinalencoder,select_percentile,power,ExtraTreesClassifier(random_state=0),2,0.9795918367346939,,No using Simple Imputer,No using Ordinal Hot,0.07643008232116699,0.004557132720947266
algerian_forest_fires_46279,simpleimputer,ordinalencoder,select_percentile,power,ExtraTreesClassifier(random_state=0),3,0.9583333333333334,,No using Simple Imputer,No using Ordinal Hot,0.07672119140625,0.004495382308959961
algerian_forest_fires_46279,simpleimputer,ordinalencoder,select_percentile,power,ExtraTreesClassifier(random_state=0),4,0.9791666666666666,,No using Simple Imputer,No using Ordinal Hot,0.07648754119873047,0.004329204559326172
algerian_forest_fires_46279,simpleimputer,ordinalencoder,generic_univariate,power,ExtraTreesClassifier(random_state=0),0,0.9387755102040817,,No using Simple Imputer,No using Ordinal Hot,0.0759279727935791,0.004432201385498047
algerian_forest_fires_46279,simpleimputer,ordinalencoder,generic_univariate,power,ExtraTreesClassifier(random_state=0),1,0.9183673469387755,,No using Simple Imputer,No using Ordinal Hot,0.0774838924407959,0.004545688629150391
algerian_forest_fires_46279,simpleimputer,ordinalencoder,generic_univariate,power,ExtraTreesClassifier(random_state=0),2,0.9183673469387755,,No using Simple Imputer,No using Ordinal Hot,0.07730388641357422,0.0044727325439453125
algerian_forest_fires_46279,simpleimputer,ordinalencoder,generic_univariate,power,ExtraTreesClassifier(random_state=0),3,0.9166666666666666,,No using Simple Imputer,No using Ordinal Hot,0.07788228988647461,0.0045697689056396484
algerian_forest_fires_46279,simpleimputer,ordinalencoder,generic_univariate,power,ExtraTreesClassifier(random_state=0),4,0.9583333333333334,,No using Simple Imputer,No using Ordinal Hot,0.0774681568145752,0.00449061393737793
algerian_forest_fires_46279,simpleimputer,ordinalencoder,polynomial_features,power,ExtraTreesClassifier(random_state=0),0,0.9591836734693877,,No using Simple Imputer,No using Ordinal Hot,0.08418917655944824,0.004561662673950195
algerian_forest_fires_46279,simpleimputer,ordinalencoder,polynomial_features,power,ExtraTreesClassifier(random_state=0),1,0.9795918367346939,,No using Simple Imputer,No using Ordinal Hot,0.08460140228271484,0.004521369934082031
algerian_forest_fires_46279,simpleimputer,ordinalencoder,polynomial_features,power,ExtraTreesClassifier(random_state=0),2,0.9795918367346939,,No using Simple Imputer,No using Ordinal Hot,0.08397364616394043,0.004499197006225586
algerian_forest_fires_46279,simpleimputer,ordinalencoder,polynomial_features,power,ExtraTreesClassifier(random_state=0),3,0.9791666666666666,,No using Simple Imputer,No using Ordinal Hot,0.08442163467407227,0.004578351974487305
algerian_forest_fires_46279,simpleimputer,ordinalencoder,polynomial_features,power,ExtraTreesClassifier(random_state=0),4,0.9375,,No using Simple Imputer,No using Ordinal Hot,0.08388376235961914,0.004514217376708984
algerian_forest_fires_46279,simpleimputer,ordinalencoder,nystroem,power,ExtraTreesClassifier(random_state=0),0,0.9183673469387755,,No using Simple Imputer,No using Ordinal Hot,0.0995943546295166,0.004502296447753906
algerian_forest_fires_46279,simpleimputer,ordinalencoder,nystroem,power,ExtraTreesClassifier(random_state=0),1,0.9387755102040817,,No using Simple Imputer,No using Ordinal Hot,0.10526752471923828,0.004889726638793945
algerian_forest_fires_46279,simpleimputer,ordinalencoder,nystroem,power,ExtraTreesClassifier(random_state=0),2,0.9387755102040817,,No using Simple Imputer,No using Ordinal Hot,0.10691094398498535,0.00496363639831543
algerian_forest_fires_46279,simpleimputer,ordinalencoder,nystroem,power,ExtraTreesClassifier(random_state=0),3,0.9791666666666666,,No using Simple Imputer,No using Ordinal Hot,0.10248303413391113,0.004903554916381836
algerian_forest_fires_46279,simpleimputer,ordinalencoder,nystroem,power,ExtraTreesClassifier(random_state=0),4,0.9583333333333334,,No using Simple Imputer,No using Ordinal Hot,0.10716128349304199,0.004495143890380859
algerian_forest_fires_46279,simpleimputer,ordinalencoder,rbf_sampler,power,ExtraTreesClassifier(random_state=0),0,0.6938775510204082,,No using Simple Imputer,No using Ordinal Hot,0.0963897705078125,0.0046045780181884766
algerian_forest_fires_46279,simpleimputer,ordinalencoder,rbf_sampler,power,ExtraTreesClassifier(random_state=0),1,0.7142857142857143,,No using Simple Imputer,No using Ordinal Hot,0.09660816192626953,0.0046939849853515625
algerian_forest_fires_46279,simpleimputer,ordinalencoder,rbf_sampler,power,ExtraTreesClassifier(random_state=0),2,0.6326530612244898,,No using Simple Imputer,No using Ordinal Hot,0.09617304801940918,0.004676342010498047
algerian_forest_fires_46279,simpleimputer,ordinalencoder,rbf_sampler,power,ExtraTreesClassifier(random_state=0),3,0.7291666666666666,,No using Simple Imputer,No using Ordinal Hot,0.10117363929748535,0.004772663116455078
algerian_forest_fires_46279,simpleimputer,ordinalencoder,rbf_sampler,power,ExtraTreesClassifier(random_state=0),4,0.6041666666666666,,No using Simple Imputer,No using Ordinal Hot,0.09510612487792969,0.004709720611572266
algerian_forest_fires_46279,simpleimputer,ordinalencoder,random_trees_embedding,power,ExtraTreesClassifier(random_state=0),0,0.9591836734693877,,No using Simple Imputer,No using Ordinal Hot,0.09708380699157715,0.005188703536987305
algerian_forest_fires_46279,simpleimputer,ordinalencoder,random_trees_embedding,power,ExtraTreesClassifier(random_state=0),1,0.9591836734693877,,No using Simple Imputer,No using Ordinal Hot,0.10337066650390625,0.005284547805786133
algerian_forest_fires_46279,simpleimputer,ordinalencoder,random_trees_embedding,power,ExtraTreesClassifier(random_state=0),2,0.9795918367346939,,No using Simple Imputer,No using Ordinal Hot,0.09911704063415527,0.005328655242919922
algerian_forest_fires_46279,simpleimputer,ordinalencoder,random_trees_embedding,power,ExtraTreesClassifier(random_state=0),3,0.9583333333333334,,No using Simple Imputer,No using Ordinal Hot,0.09990525245666504,0.0053098201751708984
algerian_forest_fires_46279,simpleimputer,ordinalencoder,random_trees_embedding,power,ExtraTreesClassifier(random_state=0),4,0.9583333333333334,,No using Simple Imputer,No using Ordinal Hot,0.0983278751373291,0.005242109298706055
algerian_forest_fires_46279,simpleimputer,ordinalencoder,feature_agglomeration,power,ExtraTreesClassifier(random_state=0),0,0.8367346938775511,,No using Simple Imputer,No using Ordinal Hot,0.07872605323791504,0.004643917083740234
algerian_forest_fires_46279,simpleimputer,ordinalencoder,feature_agglomeration,power,ExtraTreesClassifier(random_state=0),1,0.9183673469387755,,No using Simple Imputer,No using Ordinal Hot,0.07893133163452148,0.0047016143798828125
algerian_forest_fires_46279,simpleimputer,ordinalencoder,feature_agglomeration,power,ExtraTreesClassifier(random_state=0),2,0.9795918367346939,,No using Simple Imputer,No using Ordinal Hot,0.07936429977416992,0.00478363037109375
algerian_forest_fires_46279,simpleimputer,ordinalencoder,feature_agglomeration,power,ExtraTreesClassifier(random_state=0),3,0.9166666666666666,,No using Simple Imputer,No using Ordinal Hot,0.07985281944274902,0.004927396774291992
algerian_forest_fires_46279,simpleimputer,ordinalencoder,feature_agglomeration,power,ExtraTreesClassifier(random_state=0),4,0.9166666666666666,,No using Simple Imputer,No using Ordinal Hot,0.07979774475097656,0.00456690788269043
algerian_forest_fires_46279,simpleimputer,ordinalencoder,extra_tree,power,ExtraTreesClassifier(random_state=0),0,0.9591836734693877,,No using Simple Imputer,No using Ordinal Hot,0.07709717750549316,0.004540681838989258
algerian_forest_fires_46279,simpleimputer,ordinalencoder,extra_tree,power,ExtraTreesClassifier(random_state=0),1,0.9795918367346939,,No using Simple Imputer,No using Ordinal Hot,0.07729840278625488,0.004511833190917969
algerian_forest_fires_46279,simpleimputer,ordinalencoder,extra_tree,power,ExtraTreesClassifier(random_state=0),2,0.9795918367346939,,No using Simple Imputer,No using Ordinal Hot,0.0767524242401123,0.004502773284912109
algerian_forest_fires_46279,simpleimputer,ordinalencoder,extra_tree,power,ExtraTreesClassifier(random_state=0),3,0.9583333333333334,,No using Simple Imputer,No using Ordinal Hot,0.07695937156677246,0.004517078399658203
algerian_forest_fires_46279,simpleimputer,ordinalencoder,extra_tree,power,ExtraTreesClassifier(random_state=0),4,0.9791666666666666,,No using Simple Imputer,No using Ordinal Hot,0.9672327041625977,0.004923582077026367
algerian_forest_fires_46279,simpleimputer,ordinalencoder,linear_svc,power,ExtraTreesClassifier(random_state=0),0,0.9795918367346939,,No using Simple Imputer,No using Ordinal Hot,0.0769805908203125,0.004493236541748047
algerian_forest_fires_46279,simpleimputer,ordinalencoder,linear_svc,power,ExtraTreesClassifier(random_state=0),1,0.9795918367346939,,No using Simple Imputer,No using Ordinal Hot,0.07745075225830078,0.004489421844482422
algerian_forest_fires_46279,simpleimputer,ordinalencoder,linear_svc,power,ExtraTreesClassifier(random_state=0),2,0.9591836734693877,,No using Simple Imputer,No using Ordinal Hot,0.07742977142333984,0.004468441009521484
algerian_forest_fires_46279,simpleimputer,ordinalencoder,linear_svc,power,ExtraTreesClassifier(random_state=0),3,0.9583333333333334,,No using Simple Imputer,No using Ordinal Hot,0.0776529312133789,0.004490852355957031
algerian_forest_fires_46279,simpleimputer,ordinalencoder,linear_svc,power,ExtraTreesClassifier(random_state=0),4,0.9583333333333334,,No using Simple Imputer,No using Ordinal Hot,0.07703566551208496,0.0044918060302734375
algerian_forest_fires_46279,simpleimputer,ordinalencoder,kernel_pca,power,ExtraTreesClassifier(random_state=0),0,0.9591836734693877,,No using Simple Imputer,No using Ordinal Hot,0.10236239433288574,0.005043506622314453
algerian_forest_fires_46279,simpleimputer,ordinalencoder,kernel_pca,power,ExtraTreesClassifier(random_state=0),1,0.9591836734693877,,No using Simple Imputer,No using Ordinal Hot,0.10813713073730469,0.005040645599365234
algerian_forest_fires_46279,simpleimputer,ordinalencoder,kernel_pca,power,ExtraTreesClassifier(random_state=0),2,0.9795918367346939,,No using Simple Imputer,No using Ordinal Hot,0.10345673561096191,0.005025386810302734
algerian_forest_fires_46279,simpleimputer,ordinalencoder,kernel_pca,power,ExtraTreesClassifier(random_state=0),3,0.9583333333333334,,No using Simple Imputer,No using Ordinal Hot,0.08933782577514648,0.004580020904541016
algerian_forest_fires_46279,simpleimputer,ordinalencoder,kernel_pca,power,ExtraTreesClassifier(random_state=0),4,0.9791666666666666,,No using Simple Imputer,No using Ordinal Hot,0.10034751892089844,0.004994869232177734
algerian_forest_fires_46279,simpleimputer,ordinalencoder,,quantile,ExtraTreesClassifier(random_state=0),0,0.9591836734693877,,No using Simple Imputer,No using Ordinal Hot,0.0813138484954834,0.004628181457519531
algerian_forest_fires_46279,simpleimputer,ordinalencoder,,quantile,ExtraTreesClassifier(random_state=0),1,0.9795918367346939,,No using Simple Imputer,No using Ordinal Hot,0.08490371704101562,0.004595041275024414
algerian_forest_fires_46279,simpleimputer,ordinalencoder,,quantile,ExtraTreesClassifier(random_state=0),2,1.0,,No using Simple Imputer,No using Ordinal Hot,0.07896184921264648,0.004620552062988281
algerian_forest_fires_46279,simpleimputer,ordinalencoder,,quantile,ExtraTreesClassifier(random_state=0),3,0.9583333333333334,,No using Simple Imputer,No using Ordinal Hot,0.07926058769226074,0.0045108795166015625
algerian_forest_fires_46279,simpleimputer,ordinalencoder,,quantile,ExtraTreesClassifier(random_state=0),4,0.9583333333333334,,No using Simple Imputer,No using Ordinal Hot,0.08431243896484375,0.0046389102935791016
algerian_forest_fires_46279,simpleimputer,ordinalencoder,pca,quantile,ExtraTreesClassifier(random_state=0),0,0.8979591836734694,,No using Simple Imputer,No using Ordinal Hot,0.09128475189208984,0.004795074462890625
algerian_forest_fires_46279,simpleimputer,ordinalencoder,pca,quantile,ExtraTreesClassifier(random_state=0),1,0.9795918367346939,,No using Simple Imputer,No using Ordinal Hot,0.08268260955810547,0.004740238189697266
algerian_forest_fires_46279,simpleimputer,ordinalencoder,pca,quantile,ExtraTreesClassifier(random_state=0),2,0.8979591836734694,,No using Simple Imputer,No using Ordinal Hot,0.08239507675170898,0.0048370361328125
algerian_forest_fires_46279,simpleimputer,ordinalencoder,pca,quantile,ExtraTreesClassifier(random_state=0),3,0.9166666666666666,,No using Simple Imputer,No using Ordinal Hot,0.08256864547729492,0.004720211029052734
algerian_forest_fires_46279,simpleimputer,ordinalencoder,pca,quantile,ExtraTreesClassifier(random_state=0),4,0.9375,,No using Simple Imputer,No using Ordinal Hot,0.0834970474243164,0.00490570068359375
algerian_forest_fires_46279,simpleimputer,ordinalencoder,fastica,quantile,ExtraTreesClassifier(random_state=0),0,0.7346938775510204,,No using Simple Imputer,No using Ordinal Hot,0.08995318412780762,0.004786491394042969
algerian_forest_fires_46279,simpleimputer,ordinalencoder,fastica,quantile,ExtraTreesClassifier(random_state=0),1,0.8571428571428571,,No using Simple Imputer,No using Ordinal Hot,0.09308290481567383,0.0048372745513916016
algerian_forest_fires_46279,simpleimputer,ordinalencoder,fastica,quantile,ExtraTreesClassifier(random_state=0),2,0.8367346938775511,,No using Simple Imputer,No using Ordinal Hot,0.08482885360717773,0.004764080047607422
algerian_forest_fires_46279,simpleimputer,ordinalencoder,fastica,quantile,ExtraTreesClassifier(random_state=0),3,0.9166666666666666,,No using Simple Imputer,No using Ordinal Hot,0.08850288391113281,0.004830360412597656
algerian_forest_fires_46279,simpleimputer,ordinalencoder,fastica,quantile,ExtraTreesClassifier(random_state=0),4,0.8541666666666666,,No using Simple Imputer,No using Ordinal Hot,0.08423471450805664,0.004765033721923828
algerian_forest_fires_46279,simpleimputer,ordinalencoder,truncated_svd,quantile,ExtraTreesClassifier(random_state=0),0,0.8979591836734694,,No using Simple Imputer,No using Ordinal Hot,0.07829475402832031,0.004656791687011719
algerian_forest_fires_46279,simpleimputer,ordinalencoder,truncated_svd,quantile,ExtraTreesClassifier(random_state=0),1,0.9387755102040817,,No using Simple Imputer,No using Ordinal Hot,0.07858943939208984,0.005039215087890625
algerian_forest_fires_46279,simpleimputer,ordinalencoder,truncated_svd,quantile,ExtraTreesClassifier(random_state=0),2,0.8775510204081632,,No using Simple Imputer,No using Ordinal Hot,0.07834601402282715,0.0045490264892578125
algerian_forest_fires_46279,simpleimputer,ordinalencoder,truncated_svd,quantile,ExtraTreesClassifier(random_state=0),3,0.8958333333333334,,No using Simple Imputer,No using Ordinal Hot,0.083251953125,0.004797697067260742
algerian_forest_fires_46279,simpleimputer,ordinalencoder,truncated_svd,quantile,ExtraTreesClassifier(random_state=0),4,0.9375,,No using Simple Imputer,No using Ordinal Hot,0.0805208683013916,0.004581451416015625
algerian_forest_fires_46279,simpleimputer,ordinalencoder,select_percentile,quantile,ExtraTreesClassifier(random_state=0),0,0.9795918367346939,,No using Simple Imputer,No using Ordinal Hot,0.07650351524353027,0.004544258117675781
algerian_forest_fires_46279,simpleimputer,ordinalencoder,select_percentile,quantile,ExtraTreesClassifier(random_state=0),1,0.9795918367346939,,No using Simple Imputer,No using Ordinal Hot,0.07619905471801758,0.004455089569091797
algerian_forest_fires_46279,simpleimputer,ordinalencoder,select_percentile,quantile,ExtraTreesClassifier(random_state=0),2,1.0,,No using Simple Imputer,No using Ordinal Hot,0.07725143432617188,0.004495859146118164
algerian_forest_fires_46279,simpleimputer,ordinalencoder,select_percentile,quantile,ExtraTreesClassifier(random_state=0),3,0.9791666666666666,,No using Simple Imputer,No using Ordinal Hot,0.07716155052185059,0.00449371337890625
algerian_forest_fires_46279,simpleimputer,ordinalencoder,select_percentile,quantile,ExtraTreesClassifier(random_state=0),4,0.9583333333333334,,No using Simple Imputer,No using Ordinal Hot,0.08838033676147461,0.004762411117553711
algerian_forest_fires_46279,simpleimputer,ordinalencoder,generic_univariate,quantile,ExtraTreesClassifier(random_state=0),0,0.9795918367346939,,No using Simple Imputer,No using Ordinal Hot,0.07947635650634766,0.0044820308685302734
algerian_forest_fires_46279,simpleimputer,ordinalencoder,generic_univariate,quantile,ExtraTreesClassifier(random_state=0),1,0.9795918367346939,,No using Simple Imputer,No using Ordinal Hot,0.0809469223022461,0.004403829574584961
algerian_forest_fires_46279,simpleimputer,ordinalencoder,generic_univariate,quantile,ExtraTreesClassifier(random_state=0),2,1.0,,No using Simple Imputer,No using Ordinal Hot,0.07626509666442871,0.0044629573822021484
algerian_forest_fires_46279,simpleimputer,ordinalencoder,generic_univariate,quantile,ExtraTreesClassifier(random_state=0),3,0.9375,,No using Simple Imputer,No using Ordinal Hot,0.0761728286743164,0.004529714584350586
algerian_forest_fires_46279,simpleimputer,ordinalencoder,generic_univariate,quantile,ExtraTreesClassifier(random_state=0),4,0.9375,,No using Simple Imputer,No using Ordinal Hot,0.07612466812133789,0.00451207160949707
algerian_forest_fires_46279,simpleimputer,ordinalencoder,polynomial_features,quantile,ExtraTreesClassifier(random_state=0),0,0.9591836734693877,,No using Simple Imputer,No using Ordinal Hot,0.0813300609588623,0.004542112350463867
algerian_forest_fires_46279,simpleimputer,ordinalencoder,polynomial_features,quantile,ExtraTreesClassifier(random_state=0),1,0.9795918367346939,,No using Simple Imputer,No using Ordinal Hot,0.08202576637268066,0.0044612884521484375
algerian_forest_fires_46279,simpleimputer,ordinalencoder,polynomial_features,quantile,ExtraTreesClassifier(random_state=0),2,1.0,,No using Simple Imputer,No using Ordinal Hot,0.0868232250213623,0.004645586013793945
algerian_forest_fires_46279,simpleimputer,ordinalencoder,polynomial_features,quantile,ExtraTreesClassifier(random_state=0),3,0.9791666666666666,,No using Simple Imputer,No using Ordinal Hot,0.08381295204162598,0.004644870758056641
algerian_forest_fires_46279,simpleimputer,ordinalencoder,polynomial_features,quantile,ExtraTreesClassifier(random_state=0),4,0.9583333333333334,,No using Simple Imputer,No using Ordinal Hot,0.08258318901062012,0.004581451416015625
algerian_forest_fires_46279,simpleimputer,ordinalencoder,nystroem,quantile,ExtraTreesClassifier(random_state=0),0,0.8571428571428571,,No using Simple Imputer,No using Ordinal Hot,0.1005856990814209,0.004608154296875
algerian_forest_fires_46279,simpleimputer,ordinalencoder,nystroem,quantile,ExtraTreesClassifier(random_state=0),1,0.9387755102040817,,No using Simple Imputer,No using Ordinal Hot,0.10232830047607422,0.004835605621337891
algerian_forest_fires_46279,simpleimputer,ordinalencoder,nystroem,quantile,ExtraTreesClassifier(random_state=0),2,0.8571428571428571,,No using Simple Imputer,No using Ordinal Hot,0.10538721084594727,0.0049517154693603516
algerian_forest_fires_46279,simpleimputer,ordinalencoder,nystroem,quantile,ExtraTreesClassifier(random_state=0),3,0.9375,,No using Simple Imputer,No using Ordinal Hot,0.08935332298278809,0.004340171813964844
algerian_forest_fires_46279,simpleimputer,ordinalencoder,nystroem,quantile,ExtraTreesClassifier(random_state=0),4,0.9791666666666666,,No using Simple Imputer,No using Ordinal Hot,0.09932351112365723,0.004654407501220703
algerian_forest_fires_46279,simpleimputer,ordinalencoder,rbf_sampler,quantile,ExtraTreesClassifier(random_state=0),0,0.9183673469387755,,No using Simple Imputer,No using Ordinal Hot,0.08454322814941406,0.004450321197509766
algerian_forest_fires_46279,simpleimputer,ordinalencoder,rbf_sampler,quantile,ExtraTreesClassifier(random_state=0),1,0.9387755102040817,,No using Simple Imputer,No using Ordinal Hot,0.08447861671447754,0.0043828487396240234
algerian_forest_fires_46279,simpleimputer,ordinalencoder,rbf_sampler,quantile,ExtraTreesClassifier(random_state=0),2,0.9387755102040817,,No using Simple Imputer,No using Ordinal Hot,0.0838785171508789,0.004338502883911133
algerian_forest_fires_46279,simpleimputer,ordinalencoder,rbf_sampler,quantile,ExtraTreesClassifier(random_state=0),3,0.9375,,No using Simple Imputer,No using Ordinal Hot,0.08387160301208496,0.004316568374633789
algerian_forest_fires_46279,simpleimputer,ordinalencoder,rbf_sampler,quantile,ExtraTreesClassifier(random_state=0),4,0.9791666666666666,,No using Simple Imputer,No using Ordinal Hot,0.08397603034973145,0.004365682601928711
algerian_forest_fires_46279,simpleimputer,ordinalencoder,random_trees_embedding,quantile,ExtraTreesClassifier(random_state=0),0,0.9387755102040817,,No using Simple Imputer,No using Ordinal Hot,0.09581327438354492,0.005161285400390625
algerian_forest_fires_46279,simpleimputer,ordinalencoder,random_trees_embedding,quantile,ExtraTreesClassifier(random_state=0),1,0.9795918367346939,,No using Simple Imputer,No using Ordinal Hot,0.0957796573638916,0.0051097869873046875
algerian_forest_fires_46279,simpleimputer,ordinalencoder,random_trees_embedding,quantile,ExtraTreesClassifier(random_state=0),2,0.9591836734693877,,No using Simple Imputer,No using Ordinal Hot,0.09477519989013672,0.004987001419067383
algerian_forest_fires_46279,simpleimputer,ordinalencoder,random_trees_embedding,quantile,ExtraTreesClassifier(random_state=0),3,0.9583333333333334,,No using Simple Imputer,No using Ordinal Hot,0.09648275375366211,0.005057096481323242
algerian_forest_fires_46279,simpleimputer,ordinalencoder,random_trees_embedding,quantile,ExtraTreesClassifier(random_state=0),4,0.9583333333333334,,No using Simple Imputer,No using Ordinal Hot,0.09545731544494629,0.0050547122955322266
algerian_forest_fires_46279,simpleimputer,ordinalencoder,feature_agglomeration,quantile,ExtraTreesClassifier(random_state=0),0,0.8367346938775511,,No using Simple Imputer,No using Ordinal Hot,0.07472062110900879,0.00455474853515625
algerian_forest_fires_46279,simpleimputer,ordinalencoder,feature_agglomeration,quantile,ExtraTreesClassifier(random_state=0),1,0.8571428571428571,,No using Simple Imputer,No using Ordinal Hot,0.07809734344482422,0.0043430328369140625
algerian_forest_fires_46279,simpleimputer,ordinalencoder,feature_agglomeration,quantile,ExtraTreesClassifier(random_state=0),2,0.8775510204081632,,No using Simple Imputer,No using Ordinal Hot,0.07500958442687988,0.004433870315551758
algerian_forest_fires_46279,simpleimputer,ordinalencoder,feature_agglomeration,quantile,ExtraTreesClassifier(random_state=0),3,0.9166666666666666,,No using Simple Imputer,No using Ordinal Hot,0.07531118392944336,0.00443577766418457
algerian_forest_fires_46279,simpleimputer,ordinalencoder,feature_agglomeration,quantile,ExtraTreesClassifier(random_state=0),4,0.9375,,No using Simple Imputer,No using Ordinal Hot,0.07532191276550293,0.004336357116699219
algerian_forest_fires_46279,simpleimputer,ordinalencoder,extra_tree,quantile,ExtraTreesClassifier(random_state=0),0,0.9795918367346939,,No using Simple Imputer,No using Ordinal Hot,0.07396364212036133,0.004316806793212891
algerian_forest_fires_46279,simpleimputer,ordinalencoder,extra_tree,quantile,ExtraTreesClassifier(random_state=0),1,0.9795918367346939,,No using Simple Imputer,No using Ordinal Hot,0.07301902770996094,0.004209995269775391
algerian_forest_fires_46279,simpleimputer,ordinalencoder,extra_tree,quantile,ExtraTreesClassifier(random_state=0),2,1.0,,No using Simple Imputer,No using Ordinal Hot,0.07336950302124023,0.004277229309082031
algerian_forest_fires_46279,simpleimputer,ordinalencoder,extra_tree,quantile,ExtraTreesClassifier(random_state=0),3,0.9583333333333334,,No using Simple Imputer,No using Ordinal Hot,0.07291364669799805,0.00415492057800293
algerian_forest_fires_46279,simpleimputer,ordinalencoder,extra_tree,quantile,ExtraTreesClassifier(random_state=0),4,0.9583333333333334,,No using Simple Imputer,No using Ordinal Hot,0.07322955131530762,0.004228115081787109
algerian_forest_fires_46279,simpleimputer,ordinalencoder,linear_svc,quantile,ExtraTreesClassifier(random_state=0),0,0.9795918367346939,,No using Simple Imputer,No using Ordinal Hot,0.07270097732543945,0.004285573959350586
algerian_forest_fires_46279,simpleimputer,ordinalencoder,linear_svc,quantile,ExtraTreesClassifier(random_state=0),1,0.9795918367346939,,No using Simple Imputer,No using Ordinal Hot,0.07309794425964355,0.0042705535888671875
algerian_forest_fires_46279,simpleimputer,ordinalencoder,linear_svc,quantile,ExtraTreesClassifier(random_state=0),2,1.0,,No using Simple Imputer,No using Ordinal Hot,0.0741724967956543,0.0042760372161865234
algerian_forest_fires_46279,simpleimputer,ordinalencoder,linear_svc,quantile,ExtraTreesClassifier(random_state=0),3,0.9583333333333334,,No using Simple Imputer,No using Ordinal Hot,0.07371068000793457,0.0043125152587890625
algerian_forest_fires_46279,simpleimputer,ordinalencoder,linear_svc,quantile,ExtraTreesClassifier(random_state=0),4,0.9583333333333334,,No using Simple Imputer,No using Ordinal Hot,0.07410383224487305,0.004324197769165039
algerian_forest_fires_46279,simpleimputer,ordinalencoder,kernel_pca,quantile,ExtraTreesClassifier(random_state=0),0,0.9591836734693877,,No using Simple Imputer,No using Ordinal Hot,0.11970067024230957,0.004430055618286133
algerian_forest_fires_46279,simpleimputer,ordinalencoder,kernel_pca,quantile,ExtraTreesClassifier(random_state=0),1,0.9591836734693877,,No using Simple Imputer,No using Ordinal Hot,0.0979146957397461,0.004793882369995117
algerian_forest_fires_46279,simpleimputer,ordinalencoder,kernel_pca,quantile,ExtraTreesClassifier(random_state=0),2,0.8979591836734694,,No using Simple Imputer,No using Ordinal Hot,0.09688162803649902,0.004799365997314453
algerian_forest_fires_46279,simpleimputer,ordinalencoder,kernel_pca,quantile,ExtraTreesClassifier(random_state=0),3,0.9166666666666666,,No using Simple Imputer,No using Ordinal Hot,0.09804391860961914,0.0047495365142822266
algerian_forest_fires_46279,simpleimputer,ordinalencoder,kernel_pca,quantile,ExtraTreesClassifier(random_state=0),4,0.9375,,No using Simple Imputer,No using Ordinal Hot,0.09670710563659668,0.0047609806060791016
