Dataset,Imputer Strategy,Categorical Strategy,Feature Selection,Scaler,Classifier,Fold,Fold Accuracy,Error,Using_imputer,Using_cat,Training Time,Testing Time
algerian_forest_fires_46279,,,,,PassiveAggressiveClassifier(random_state=0),0,0.673469387755102,,,,0.004586696624755859,0.0009398460388183594
algerian_forest_fires_46279,,,,,PassiveAggressiveClassifier(random_state=0),1,0.6326530612244898,,,,0.002196073532104492,0.0008797645568847656
algerian_forest_fires_46279,,,,,PassiveAggressiveClassifier(random_state=0),2,0.6530612244897959,,,,0.0024166107177734375,0.0008666515350341797
algerian_forest_fires_46279,,,,,PassiveAggressiveClassifier(random_state=0),3,0.625,,,,0.0022933483123779297,0.0008585453033447266
algerian_forest_fires_46279,,,,,PassiveAggressiveClassifier(random_state=0),4,0.8958333333333334,,,,0.0022656917572021484,0.0009000301361083984
algerian_forest_fires_46279,,,pca,,PassiveAggressiveClassifier(random_state=0),0,0.9795918367346939,,,,0.0012602806091308594,0.00012254714965820312
algerian_forest_fires_46279,,,pca,,PassiveAggressiveClassifier(random_state=0),1,0.9795918367346939,,,,0.0012350082397460938,0.00011754035949707031
algerian_forest_fires_46279,,,pca,,PassiveAggressiveClassifier(random_state=0),2,0.9795918367346939,,,,0.0012710094451904297,0.00011849403381347656
algerian_forest_fires_46279,,,pca,,PassiveAggressiveClassifier(random_state=0),3,0.9791666666666666,,,,0.0013477802276611328,0.0001442432403564453
algerian_forest_fires_46279,,,pca,,PassiveAggressiveClassifier(random_state=0),4,0.9583333333333334,,,,0.0013968944549560547,0.00013399124145507812
algerian_forest_fires_46279,,,fastica,,PassiveAggressiveClassifier(random_state=0),0,0.7959183673469388,,,,0.001439809799194336,0.0001220703125
algerian_forest_fires_46279,,,fastica,,PassiveAggressiveClassifier(random_state=0),1,0.9183673469387755,,,,0.0013637542724609375,0.00012159347534179688
algerian_forest_fires_46279,,,fastica,,PassiveAggressiveClassifier(random_state=0),2,0.9795918367346939,,,,0.0012860298156738281,0.00012826919555664062
algerian_forest_fires_46279,,,fastica,,PassiveAggressiveClassifier(random_state=0),3,0.9583333333333334,,,,0.001237630844116211,0.00014495849609375
algerian_forest_fires_46279,,,fastica,,PassiveAggressiveClassifier(random_state=0),4,0.9583333333333334,,,,0.0013549327850341797,0.00012731552124023438
algerian_forest_fires_46279,,,truncated_svd,,PassiveAggressiveClassifier(random_state=0),0,0.6122448979591837,,,,0.0012629032135009766,0.0001246929168701172
algerian_forest_fires_46279,,,truncated_svd,,PassiveAggressiveClassifier(random_state=0),1,0.5306122448979592,,,,0.0011532306671142578,0.00011587142944335938
algerian_forest_fires_46279,,,truncated_svd,,PassiveAggressiveClassifier(random_state=0),2,0.46938775510204084,,,,0.0013184547424316406,0.00014352798461914062
algerian_forest_fires_46279,,,truncated_svd,,PassiveAggressiveClassifier(random_state=0),3,0.6041666666666666,,,,0.0012104511260986328,0.0001163482666015625
algerian_forest_fires_46279,,,truncated_svd,,PassiveAggressiveClassifier(random_state=0),4,0.625,,,,0.0011293888092041016,0.00011491775512695312
algerian_forest_fires_46279,,,select_percentile,,PassiveAggressiveClassifier(random_state=0),0,0.8979591836734694,,,,0.0012063980102539062,0.00012969970703125
algerian_forest_fires_46279,,,select_percentile,,PassiveAggressiveClassifier(random_state=0),1,0.9795918367346939,,,,0.00138092041015625,0.000118255615234375
algerian_forest_fires_46279,,,select_percentile,,PassiveAggressiveClassifier(random_state=0),2,0.8571428571428571,,,,0.0014688968658447266,0.00011682510375976562
algerian_forest_fires_46279,,,select_percentile,,PassiveAggressiveClassifier(random_state=0),3,0.9375,,,,0.001444101333618164,0.00011658668518066406
algerian_forest_fires_46279,,,select_percentile,,PassiveAggressiveClassifier(random_state=0),4,0.9166666666666666,,,,0.001331329345703125,0.00011754035949707031
algerian_forest_fires_46279,,,generic_univariate,,PassiveAggressiveClassifier(random_state=0),0,0.5510204081632653,,,,0.0012590885162353516,0.00014591217041015625
algerian_forest_fires_46279,,,generic_univariate,,PassiveAggressiveClassifier(random_state=0),1,0.4489795918367347,,,,0.0010526180267333984,0.0001125335693359375
algerian_forest_fires_46279,,,generic_univariate,,PassiveAggressiveClassifier(random_state=0),2,0.42857142857142855,,,,0.00110626220703125,0.00011467933654785156
algerian_forest_fires_46279,,,generic_univariate,,PassiveAggressiveClassifier(random_state=0),3,0.6041666666666666,,,,0.0011153221130371094,0.00011610984802246094
algerian_forest_fires_46279,,,generic_univariate,,PassiveAggressiveClassifier(random_state=0),4,0.4583333333333333,,,,0.0011150836944580078,0.00011587142944335938
algerian_forest_fires_46279,,,polynomial_features,,PassiveAggressiveClassifier(random_state=0),0,0.673469387755102,,,,0.0015482902526855469,0.00012373924255371094
algerian_forest_fires_46279,,,polynomial_features,,PassiveAggressiveClassifier(random_state=0),1,0.6326530612244898,,,,0.002039194107055664,0.00013017654418945312
algerian_forest_fires_46279,,,polynomial_features,,PassiveAggressiveClassifier(random_state=0),2,0.6530612244897959,,,,0.0020477771759033203,0.00012063980102539062
algerian_forest_fires_46279,,,polynomial_features,,PassiveAggressiveClassifier(random_state=0),3,0.625,,,,0.002635955810546875,0.00014495849609375
algerian_forest_fires_46279,,,polynomial_features,,PassiveAggressiveClassifier(random_state=0),4,0.8958333333333334,,,,0.0024764537811279297,0.0002219676971435547
algerian_forest_fires_46279,,,nystroem,,PassiveAggressiveClassifier(random_state=0),0,0.5510204081632653,,,,0.0021545886993408203,0.0001418590545654297
algerian_forest_fires_46279,,,nystroem,,PassiveAggressiveClassifier(random_state=0),1,0.4489795918367347,,,,0.0026466846466064453,0.0001392364501953125
algerian_forest_fires_46279,,,nystroem,,PassiveAggressiveClassifier(random_state=0),2,0.5714285714285714,,,,0.002356290817260742,0.00014138221740722656
algerian_forest_fires_46279,,,nystroem,,PassiveAggressiveClassifier(random_state=0),3,0.6041666666666666,,,,0.0024602413177490234,0.0001380443572998047
algerian_forest_fires_46279,,,nystroem,,PassiveAggressiveClassifier(random_state=0),4,0.5416666666666666,,,,0.0017406940460205078,0.00013136863708496094
algerian_forest_fires_46279,,,rbf_sampler,,PassiveAggressiveClassifier(random_state=0),0,0.6122448979591837,,,,0.0021829605102539062,0.0001704692840576172
algerian_forest_fires_46279,,,rbf_sampler,,PassiveAggressiveClassifier(random_state=0),1,0.5510204081632653,,,,0.00264739990234375,0.00019478797912597656
algerian_forest_fires_46279,,,rbf_sampler,,PassiveAggressiveClassifier(random_state=0),2,0.5306122448979592,,,,0.003030061721801758,0.00014495849609375
algerian_forest_fires_46279,,,rbf_sampler,,PassiveAggressiveClassifier(random_state=0),3,0.4791666666666667,,,,0.0019483566284179688,0.00012636184692382812
algerian_forest_fires_46279,,,rbf_sampler,,PassiveAggressiveClassifier(random_state=0),4,0.5208333333333334,,,,0.003062009811401367,0.00017786026000976562
algerian_forest_fires_46279,,,random_trees_embedding,,PassiveAggressiveClassifier(random_state=0),0,0.9591836734693877,,,,0.0018301010131835938,0.0001647472381591797
algerian_forest_fires_46279,,,random_trees_embedding,,PassiveAggressiveClassifier(random_state=0),1,0.9591836734693877,,,,0.0018219947814941406,0.00013566017150878906
algerian_forest_fires_46279,,,random_trees_embedding,,PassiveAggressiveClassifier(random_state=0),2,0.9591836734693877,,,,0.001739501953125,0.00013184547424316406
algerian_forest_fires_46279,,,random_trees_embedding,,PassiveAggressiveClassifier(random_state=0),3,0.9791666666666666,,,,0.0018963813781738281,0.00013685226440429688
algerian_forest_fires_46279,,,random_trees_embedding,,PassiveAggressiveClassifier(random_state=0),4,0.9375,,,,0.0017292499542236328,0.0001327991485595703
algerian_forest_fires_46279,,,feature_agglomeration,,PassiveAggressiveClassifier(random_state=0),0,0.5510204081632653,,,,0.0012040138244628906,0.00011467933654785156
algerian_forest_fires_46279,,,feature_agglomeration,,PassiveAggressiveClassifier(random_state=0),1,0.4489795918367347,,,,0.0012273788452148438,0.0001347064971923828
algerian_forest_fires_46279,,,feature_agglomeration,,PassiveAggressiveClassifier(random_state=0),2,0.42857142857142855,,,,0.0011200904846191406,0.00011539459228515625
algerian_forest_fires_46279,,,feature_agglomeration,,PassiveAggressiveClassifier(random_state=0),3,0.6041666666666666,,,,0.0011560916900634766,0.00011658668518066406
algerian_forest_fires_46279,,,feature_agglomeration,,PassiveAggressiveClassifier(random_state=0),4,0.4583333333333333,,,,0.0011551380157470703,0.00011444091796875
algerian_forest_fires_46279,,,extra_tree,,PassiveAggressiveClassifier(random_state=0),0,0.8979591836734694,,,,0.0013751983642578125,0.00011801719665527344
algerian_forest_fires_46279,,,extra_tree,,PassiveAggressiveClassifier(random_state=0),1,0.9387755102040817,,,,0.0013072490692138672,0.00011777877807617188
algerian_forest_fires_46279,,,extra_tree,,PassiveAggressiveClassifier(random_state=0),2,0.8571428571428571,,,,0.0014843940734863281,0.00011730194091796875
algerian_forest_fires_46279,,,extra_tree,,PassiveAggressiveClassifier(random_state=0),3,0.9583333333333334,,,,0.0015444755554199219,0.00011897087097167969
algerian_forest_fires_46279,,,extra_tree,,PassiveAggressiveClassifier(random_state=0),4,0.9583333333333334,,,,0.0011913776397705078,0.00013566017150878906
algerian_forest_fires_46279,,,linear_svc,,PassiveAggressiveClassifier(random_state=0),0,0.8775510204081632,,,,0.0012755393981933594,0.00011324882507324219
algerian_forest_fires_46279,,,linear_svc,,PassiveAggressiveClassifier(random_state=0),1,0.9387755102040817,,,,0.001306772232055664,0.00011706352233886719
algerian_forest_fires_46279,,,linear_svc,,PassiveAggressiveClassifier(random_state=0),2,0.9387755102040817,,,,0.0012187957763671875,0.00011348724365234375
algerian_forest_fires_46279,,,linear_svc,,PassiveAggressiveClassifier(random_state=0),3,0.9375,,,,0.0013086795806884766,0.00015234947204589844
algerian_forest_fires_46279,,,linear_svc,,PassiveAggressiveClassifier(random_state=0),4,0.8541666666666666,,,,0.0012183189392089844,0.00011658668518066406
algerian_forest_fires_46279,,,kernel_pca,,PassiveAggressiveClassifier(random_state=0),0,0.9795918367346939,,,,0.0021827220916748047,0.000141143798828125
algerian_forest_fires_46279,,,kernel_pca,,PassiveAggressiveClassifier(random_state=0),1,0.9795918367346939,,,,0.001512765884399414,0.0003342628479003906
algerian_forest_fires_46279,,,kernel_pca,,PassiveAggressiveClassifier(random_state=0),2,0.9795918367346939,,,,0.0013852119445800781,0.0001354217529296875
algerian_forest_fires_46279,,,kernel_pca,,PassiveAggressiveClassifier(random_state=0),3,0.9791666666666666,,,,0.001508951187133789,0.00013184547424316406
algerian_forest_fires_46279,,,kernel_pca,,PassiveAggressiveClassifier(random_state=0),4,0.9583333333333334,,,,0.0015552043914794922,0.0001347064971923828
algerian_forest_fires_46279,,,,standard,PassiveAggressiveClassifier(random_state=0),0,0.9591836734693877,,,,0.0014374256134033203,0.0001590251922607422
algerian_forest_fires_46279,,,,standard,PassiveAggressiveClassifier(random_state=0),1,0.9795918367346939,,,,0.0016071796417236328,0.000164031982421875
algerian_forest_fires_46279,,,,standard,PassiveAggressiveClassifier(random_state=0),2,1.0,,,,0.0015037059783935547,0.0001399517059326172
algerian_forest_fires_46279,,,,standard,PassiveAggressiveClassifier(random_state=0),3,0.9583333333333334,,,,0.0014271736145019531,0.0001366138458251953
algerian_forest_fires_46279,,,,standard,PassiveAggressiveClassifier(random_state=0),4,0.9583333333333334,,,,0.0014362335205078125,0.0001251697540283203
algerian_forest_fires_46279,,,pca,standard,PassiveAggressiveClassifier(random_state=0),0,0.9591836734693877,,,,0.0012917518615722656,0.00012111663818359375
algerian_forest_fires_46279,,,pca,standard,PassiveAggressiveClassifier(random_state=0),1,0.9795918367346939,,,,0.0013704299926757812,0.00011897087097167969
algerian_forest_fires_46279,,,pca,standard,PassiveAggressiveClassifier(random_state=0),2,1.0,,,,0.0012297630310058594,0.00011467933654785156
algerian_forest_fires_46279,,,pca,standard,PassiveAggressiveClassifier(random_state=0),3,0.9583333333333334,,,,0.001168966293334961,0.00011277198791503906
algerian_forest_fires_46279,,,pca,standard,PassiveAggressiveClassifier(random_state=0),4,0.9583333333333334,,,,0.0012447834014892578,0.0001361370086669922
algerian_forest_fires_46279,,,fastica,standard,PassiveAggressiveClassifier(random_state=0),0,0.7959183673469388,,,,0.0012710094451904297,0.00011873245239257812
algerian_forest_fires_46279,,,fastica,standard,PassiveAggressiveClassifier(random_state=0),1,0.4489795918367347,,,,0.001117706298828125,0.00013566017150878906
algerian_forest_fires_46279,,,fastica,standard,PassiveAggressiveClassifier(random_state=0),2,0.9795918367346939,,,,0.0012369155883789062,0.000118255615234375
algerian_forest_fires_46279,,,fastica,standard,PassiveAggressiveClassifier(random_state=0),3,0.9583333333333334,,,,0.0012392997741699219,0.00011801719665527344
algerian_forest_fires_46279,,,fastica,standard,PassiveAggressiveClassifier(random_state=0),4,0.9375,,,,0.0012650489807128906,0.000118255615234375
algerian_forest_fires_46279,,,truncated_svd,standard,PassiveAggressiveClassifier(random_state=0),0,0.7959183673469388,,,,0.0011227130889892578,0.00011372566223144531
algerian_forest_fires_46279,,,truncated_svd,standard,PassiveAggressiveClassifier(random_state=0),1,0.8367346938775511,,,,0.0010645389556884766,0.00011229515075683594
algerian_forest_fires_46279,,,truncated_svd,standard,PassiveAggressiveClassifier(random_state=0),2,0.8163265306122449,,,,0.0012280941009521484,0.00013184547424316406
algerian_forest_fires_46279,,,truncated_svd,standard,PassiveAggressiveClassifier(random_state=0),3,0.9166666666666666,,,,0.0011620521545410156,0.00012874603271484375
algerian_forest_fires_46279,,,truncated_svd,standard,PassiveAggressiveClassifier(random_state=0),4,0.5416666666666666,,,,0.0011508464813232422,0.00011277198791503906
algerian_forest_fires_46279,,,select_percentile,standard,PassiveAggressiveClassifier(random_state=0),0,0.9387755102040817,,,,0.0011968612670898438,0.00013136863708496094
algerian_forest_fires_46279,,,select_percentile,standard,PassiveAggressiveClassifier(random_state=0),1,0.9795918367346939,,,,0.0011394023895263672,0.000110626220703125
algerian_forest_fires_46279,,,select_percentile,standard,PassiveAggressiveClassifier(random_state=0),2,0.9795918367346939,,,,0.0011866092681884766,0.00012159347534179688
algerian_forest_fires_46279,,,select_percentile,standard,PassiveAggressiveClassifier(random_state=0),3,1.0,,,,0.00128936767578125,0.0001506805419921875
algerian_forest_fires_46279,,,select_percentile,standard,PassiveAggressiveClassifier(random_state=0),4,0.9583333333333334,,,,0.0013353824615478516,0.00016570091247558594
algerian_forest_fires_46279,,,generic_univariate,standard,PassiveAggressiveClassifier(random_state=0),0,0.9387755102040817,,,,0.001149892807006836,0.00011157989501953125
algerian_forest_fires_46279,,,generic_univariate,standard,PassiveAggressiveClassifier(random_state=0),1,0.9591836734693877,,,,0.0011324882507324219,0.00011014938354492188
algerian_forest_fires_46279,,,generic_univariate,standard,PassiveAggressiveClassifier(random_state=0),2,0.9591836734693877,,,,0.001096487045288086,0.00010895729064941406
algerian_forest_fires_46279,,,generic_univariate,standard,PassiveAggressiveClassifier(random_state=0),3,0.9791666666666666,,,,0.0010693073272705078,0.00013303756713867188
algerian_forest_fires_46279,,,generic_univariate,standard,PassiveAggressiveClassifier(random_state=0),4,0.9583333333333334,,,,0.0010581016540527344,0.00011157989501953125
algerian_forest_fires_46279,,,polynomial_features,standard,PassiveAggressiveClassifier(random_state=0),0,0.9387755102040817,,,,0.002447366714477539,0.00012135505676269531
algerian_forest_fires_46279,,,polynomial_features,standard,PassiveAggressiveClassifier(random_state=0),1,0.9387755102040817,,,,0.002407073974609375,0.00012063980102539062
algerian_forest_fires_46279,,,polynomial_features,standard,PassiveAggressiveClassifier(random_state=0),2,0.9387755102040817,,,,0.002048492431640625,0.000118255615234375
algerian_forest_fires_46279,,,polynomial_features,standard,PassiveAggressiveClassifier(random_state=0),3,0.9583333333333334,,,,0.0018656253814697266,0.0001347064971923828
algerian_forest_fires_46279,,,polynomial_features,standard,PassiveAggressiveClassifier(random_state=0),4,0.9583333333333334,,,,0.002167940139770508,0.00011849403381347656
algerian_forest_fires_46279,,,nystroem,standard,PassiveAggressiveClassifier(random_state=0),0,0.9387755102040817,,,,0.002854585647583008,0.0001437664031982422
algerian_forest_fires_46279,,,nystroem,standard,PassiveAggressiveClassifier(random_state=0),1,0.9591836734693877,,,,0.00316619873046875,0.0001647472381591797
algerian_forest_fires_46279,,,nystroem,standard,PassiveAggressiveClassifier(random_state=0),2,0.9795918367346939,,,,0.002404451370239258,0.0001480579376220703
algerian_forest_fires_46279,,,nystroem,standard,PassiveAggressiveClassifier(random_state=0),3,0.9791666666666666,,,,0.003469705581665039,0.00013899803161621094
algerian_forest_fires_46279,,,nystroem,standard,PassiveAggressiveClassifier(random_state=0),4,0.9583333333333334,,,,0.0032241344451904297,0.00013899803161621094
algerian_forest_fires_46279,,,rbf_sampler,standard,PassiveAggressiveClassifier(random_state=0),0,0.6326530612244898,,,,0.0037474632263183594,0.0001494884490966797
algerian_forest_fires_46279,,,rbf_sampler,standard,PassiveAggressiveClassifier(random_state=0),1,0.7142857142857143,,,,0.00298309326171875,0.00014352798461914062
algerian_forest_fires_46279,,,rbf_sampler,standard,PassiveAggressiveClassifier(random_state=0),2,0.6326530612244898,,,,0.0022840499877929688,0.00013589859008789062
algerian_forest_fires_46279,,,rbf_sampler,standard,PassiveAggressiveClassifier(random_state=0),3,0.625,,,,0.0022161006927490234,0.00013875961303710938
algerian_forest_fires_46279,,,rbf_sampler,standard,PassiveAggressiveClassifier(random_state=0),4,0.5625,,,,0.003773927688598633,0.00013375282287597656
algerian_forest_fires_46279,,,random_trees_embedding,standard,PassiveAggressiveClassifier(random_state=0),0,0.9591836734693877,,,,0.0017933845520019531,0.0001354217529296875
algerian_forest_fires_46279,,,random_trees_embedding,standard,PassiveAggressiveClassifier(random_state=0),1,0.9591836734693877,,,,0.0018191337585449219,0.00015497207641601562
algerian_forest_fires_46279,,,random_trees_embedding,standard,PassiveAggressiveClassifier(random_state=0),2,0.9591836734693877,,,,0.0017976760864257812,0.0001327991485595703
algerian_forest_fires_46279,,,random_trees_embedding,standard,PassiveAggressiveClassifier(random_state=0),3,0.9791666666666666,,,,0.0018720626831054688,0.00013589859008789062
algerian_forest_fires_46279,,,random_trees_embedding,standard,PassiveAggressiveClassifier(random_state=0),4,0.9375,,,,0.0017066001892089844,0.0001506805419921875
algerian_forest_fires_46279,,,feature_agglomeration,standard,PassiveAggressiveClassifier(random_state=0),0,0.8367346938775511,,,,0.0010654926300048828,0.000110626220703125
algerian_forest_fires_46279,,,feature_agglomeration,standard,PassiveAggressiveClassifier(random_state=0),1,0.8775510204081632,,,,0.0010561943054199219,0.0001323223114013672
algerian_forest_fires_46279,,,feature_agglomeration,standard,PassiveAggressiveClassifier(random_state=0),2,0.8775510204081632,,,,0.0011756420135498047,0.00012159347534179688
algerian_forest_fires_46279,,,feature_agglomeration,standard,PassiveAggressiveClassifier(random_state=0),3,0.7291666666666666,,,,0.0011043548583984375,0.00011420249938964844
algerian_forest_fires_46279,,,feature_agglomeration,standard,PassiveAggressiveClassifier(random_state=0),4,0.9166666666666666,,,,0.0011615753173828125,0.00011396408081054688
algerian_forest_fires_46279,,,extra_tree,standard,PassiveAggressiveClassifier(random_state=0),0,0.9795918367346939,,,,0.0011432170867919922,0.00011730194091796875
algerian_forest_fires_46279,,,extra_tree,standard,PassiveAggressiveClassifier(random_state=0),1,0.9591836734693877,,,,0.0011794567108154297,0.00011682510375976562
algerian_forest_fires_46279,,,extra_tree,standard,PassiveAggressiveClassifier(random_state=0),2,1.0,,,,0.0011475086212158203,0.00011587142944335938
algerian_forest_fires_46279,,,extra_tree,standard,PassiveAggressiveClassifier(random_state=0),3,0.9375,,,,0.0012140274047851562,0.00011754035949707031
algerian_forest_fires_46279,,,extra_tree,standard,PassiveAggressiveClassifier(random_state=0),4,1.0,,,,0.0011718273162841797,0.00011444091796875
algerian_forest_fires_46279,,,linear_svc,standard,PassiveAggressiveClassifier(random_state=0),0,0.9795918367346939,,,,0.0012137889862060547,0.0001227855682373047
algerian_forest_fires_46279,,,linear_svc,standard,PassiveAggressiveClassifier(random_state=0),1,0.9795918367346939,,,,0.0011098384857177734,0.00011420249938964844
algerian_forest_fires_46279,,,linear_svc,standard,PassiveAggressiveClassifier(random_state=0),2,1.0,,,,0.0012156963348388672,0.0001163482666015625
algerian_forest_fires_46279,,,linear_svc,standard,PassiveAggressiveClassifier(random_state=0),3,0.9791666666666666,,,,0.0013494491577148438,0.00011944770812988281
algerian_forest_fires_46279,,,linear_svc,standard,PassiveAggressiveClassifier(random_state=0),4,0.9791666666666666,,,,0.0011942386627197266,0.00011587142944335938
algerian_forest_fires_46279,,,kernel_pca,standard,PassiveAggressiveClassifier(random_state=0),0,0.9591836734693877,,,,0.0015163421630859375,0.00013518333435058594
algerian_forest_fires_46279,,,kernel_pca,standard,PassiveAggressiveClassifier(random_state=0),1,0.9795918367346939,,,,0.0017771720886230469,0.00014162063598632812
algerian_forest_fires_46279,,,kernel_pca,standard,PassiveAggressiveClassifier(random_state=0),2,1.0,,,,0.001522064208984375,0.00013589859008789062
algerian_forest_fires_46279,,,kernel_pca,standard,PassiveAggressiveClassifier(random_state=0),3,0.9583333333333334,,,,0.001489400863647461,0.00013566017150878906
algerian_forest_fires_46279,,,kernel_pca,standard,PassiveAggressiveClassifier(random_state=0),4,0.9583333333333334,,,,0.008386373519897461,0.0001964569091796875
algerian_forest_fires_46279,,,,minmax,PassiveAggressiveClassifier(random_state=0),0,0.9591836734693877,,,,0.0017833709716796875,0.00016307830810546875
algerian_forest_fires_46279,,,,minmax,PassiveAggressiveClassifier(random_state=0),1,0.8775510204081632,,,,0.001531362533569336,0.00012993812561035156
algerian_forest_fires_46279,,,,minmax,PassiveAggressiveClassifier(random_state=0),2,0.9387755102040817,,,,0.0013384819030761719,0.00012183189392089844
algerian_forest_fires_46279,,,,minmax,PassiveAggressiveClassifier(random_state=0),3,0.9583333333333334,,,,0.0014772415161132812,0.0001239776611328125
algerian_forest_fires_46279,,,,minmax,PassiveAggressiveClassifier(random_state=0),4,0.9375,,,,0.0013594627380371094,0.00012373924255371094
algerian_forest_fires_46279,,,pca,minmax,PassiveAggressiveClassifier(random_state=0),0,0.8979591836734694,,,,0.0014820098876953125,0.00012683868408203125
algerian_forest_fires_46279,,,pca,minmax,PassiveAggressiveClassifier(random_state=0),1,0.9387755102040817,,,,0.0013854503631591797,0.00014925003051757812
algerian_forest_fires_46279,,,pca,minmax,PassiveAggressiveClassifier(random_state=0),2,0.9183673469387755,,,,0.0013320446014404297,0.0001232624053955078
algerian_forest_fires_46279,,,pca,minmax,PassiveAggressiveClassifier(random_state=0),3,0.9583333333333334,,,,0.0011539459228515625,0.00011324882507324219
algerian_forest_fires_46279,,,pca,minmax,PassiveAggressiveClassifier(random_state=0),4,0.9583333333333334,,,,0.0012335777282714844,0.00011348724365234375
algerian_forest_fires_46279,,,fastica,minmax,PassiveAggressiveClassifier(random_state=0),0,0.9591836734693877,,,,0.001194000244140625,0.0001163482666015625
algerian_forest_fires_46279,,,fastica,minmax,PassiveAggressiveClassifier(random_state=0),1,0.9795918367346939,,,,0.0013148784637451172,0.00011944770812988281
algerian_forest_fires_46279,,,fastica,minmax,PassiveAggressiveClassifier(random_state=0),2,0.9591836734693877,,,,0.0012803077697753906,0.0001201629638671875
algerian_forest_fires_46279,,,fastica,minmax,PassiveAggressiveClassifier(random_state=0),3,0.9583333333333334,,,,0.0012094974517822266,0.00012421607971191406
algerian_forest_fires_46279,,,fastica,minmax,PassiveAggressiveClassifier(random_state=0),4,1.0,,,,0.0013537406921386719,0.000118255615234375
algerian_forest_fires_46279,,,truncated_svd,minmax,PassiveAggressiveClassifier(random_state=0),0,0.8163265306122449,,,,0.0011963844299316406,0.00011444091796875
algerian_forest_fires_46279,,,truncated_svd,minmax,PassiveAggressiveClassifier(random_state=0),1,0.8367346938775511,,,,0.0011441707611083984,0.00011301040649414062
algerian_forest_fires_46279,,,truncated_svd,minmax,PassiveAggressiveClassifier(random_state=0),2,0.8571428571428571,,,,0.0012004375457763672,0.0001232624053955078
algerian_forest_fires_46279,,,truncated_svd,minmax,PassiveAggressiveClassifier(random_state=0),3,0.8958333333333334,,,,0.0011959075927734375,0.00011682510375976562
algerian_forest_fires_46279,,,truncated_svd,minmax,PassiveAggressiveClassifier(random_state=0),4,0.6875,,,,0.0011899471282958984,0.00011444091796875
algerian_forest_fires_46279,,,select_percentile,minmax,PassiveAggressiveClassifier(random_state=0),0,0.9387755102040817,,,,0.0012538433074951172,0.00011348724365234375
algerian_forest_fires_46279,,,select_percentile,minmax,PassiveAggressiveClassifier(random_state=0),1,1.0,,,,0.0011942386627197266,0.00011467933654785156
algerian_forest_fires_46279,,,select_percentile,minmax,PassiveAggressiveClassifier(random_state=0),2,0.9591836734693877,,,,0.0011501312255859375,0.00011539459228515625
algerian_forest_fires_46279,,,select_percentile,minmax,PassiveAggressiveClassifier(random_state=0),3,0.9791666666666666,,,,0.0012333393096923828,0.00013780593872070312
algerian_forest_fires_46279,,,select_percentile,minmax,PassiveAggressiveClassifier(random_state=0),4,0.9583333333333334,,,,0.0014529228210449219,0.00013136863708496094
algerian_forest_fires_46279,,,generic_univariate,minmax,PassiveAggressiveClassifier(random_state=0),0,0.9795918367346939,,,,0.0011143684387207031,0.00011301040649414062
algerian_forest_fires_46279,,,generic_univariate,minmax,PassiveAggressiveClassifier(random_state=0),1,0.9795918367346939,,,,0.0012085437774658203,0.00011396408081054688
algerian_forest_fires_46279,,,generic_univariate,minmax,PassiveAggressiveClassifier(random_state=0),2,0.9591836734693877,,,,0.0011544227600097656,0.00010752677917480469
algerian_forest_fires_46279,,,generic_univariate,minmax,PassiveAggressiveClassifier(random_state=0),3,0.9166666666666666,,,,0.0011434555053710938,0.00011086463928222656
algerian_forest_fires_46279,,,generic_univariate,minmax,PassiveAggressiveClassifier(random_state=0),4,0.9583333333333334,,,,0.0012161731719970703,0.00011301040649414062
algerian_forest_fires_46279,,,polynomial_features,minmax,PassiveAggressiveClassifier(random_state=0),0,0.9183673469387755,,,,0.0015766620635986328,0.00012230873107910156
algerian_forest_fires_46279,,,polynomial_features,minmax,PassiveAggressiveClassifier(random_state=0),1,0.9591836734693877,,,,0.0016455650329589844,0.00011944770812988281
algerian_forest_fires_46279,,,polynomial_features,minmax,PassiveAggressiveClassifier(random_state=0),2,0.9387755102040817,,,,0.0020723342895507812,0.00012254714965820312
algerian_forest_fires_46279,,,polynomial_features,minmax,PassiveAggressiveClassifier(random_state=0),3,0.9791666666666666,,,,0.0017621517181396484,0.00011897087097167969
algerian_forest_fires_46279,,,polynomial_features,minmax,PassiveAggressiveClassifier(random_state=0),4,0.9791666666666666,,,,0.0017006397247314453,0.00011754035949707031
algerian_forest_fires_46279,,,nystroem,minmax,PassiveAggressiveClassifier(random_state=0),0,0.9183673469387755,,,,0.0025191307067871094,0.0001437664031982422
algerian_forest_fires_46279,,,nystroem,minmax,PassiveAggressiveClassifier(random_state=0),1,0.9591836734693877,,,,0.00551152229309082,0.00024271011352539062
algerian_forest_fires_46279,,,nystroem,minmax,PassiveAggressiveClassifier(random_state=0),2,0.9183673469387755,,,,0.002458333969116211,0.00014352798461914062
algerian_forest_fires_46279,,,nystroem,minmax,PassiveAggressiveClassifier(random_state=0),3,0.9166666666666666,,,,0.0022454261779785156,0.00016164779663085938
algerian_forest_fires_46279,,,nystroem,minmax,PassiveAggressiveClassifier(random_state=0),4,0.9583333333333334,,,,0.0036602020263671875,0.00017881393432617188
algerian_forest_fires_46279,,,rbf_sampler,minmax,PassiveAggressiveClassifier(random_state=0),0,0.9795918367346939,,,,0.0025887489318847656,0.0001971721649169922
algerian_forest_fires_46279,,,rbf_sampler,minmax,PassiveAggressiveClassifier(random_state=0),1,0.9387755102040817,,,,0.004542112350463867,0.00015115737915039062
algerian_forest_fires_46279,,,rbf_sampler,minmax,PassiveAggressiveClassifier(random_state=0),2,0.8979591836734694,,,,0.005115032196044922,0.00028705596923828125
algerian_forest_fires_46279,,,rbf_sampler,minmax,PassiveAggressiveClassifier(random_state=0),3,0.9583333333333334,,,,0.0017986297607421875,0.0001220703125
algerian_forest_fires_46279,,,rbf_sampler,minmax,PassiveAggressiveClassifier(random_state=0),4,0.9583333333333334,,,,0.0017800331115722656,0.0001227855682373047
algerian_forest_fires_46279,,,random_trees_embedding,minmax,PassiveAggressiveClassifier(random_state=0),0,0.9591836734693877,,,,0.00170135498046875,0.00013136863708496094
algerian_forest_fires_46279,,,random_trees_embedding,minmax,PassiveAggressiveClassifier(random_state=0),1,0.9591836734693877,,,,0.0017690658569335938,0.00013303756713867188
algerian_forest_fires_46279,,,random_trees_embedding,minmax,PassiveAggressiveClassifier(random_state=0),2,0.9591836734693877,,,,0.0017323493957519531,0.00013208389282226562
algerian_forest_fires_46279,,,random_trees_embedding,minmax,PassiveAggressiveClassifier(random_state=0),3,0.9791666666666666,,,,0.0017781257629394531,0.0001342296600341797
algerian_forest_fires_46279,,,random_trees_embedding,minmax,PassiveAggressiveClassifier(random_state=0),4,0.9375,,,,0.0017421245574951172,0.00013446807861328125
algerian_forest_fires_46279,,,feature_agglomeration,minmax,PassiveAggressiveClassifier(random_state=0),0,0.8163265306122449,,,,0.0011355876922607422,0.00011157989501953125
algerian_forest_fires_46279,,,feature_agglomeration,minmax,PassiveAggressiveClassifier(random_state=0),1,0.7959183673469388,,,,0.001209259033203125,0.00011134147644042969
algerian_forest_fires_46279,,,feature_agglomeration,minmax,PassiveAggressiveClassifier(random_state=0),2,0.8571428571428571,,,,0.0012502670288085938,0.00011587142944335938
algerian_forest_fires_46279,,,feature_agglomeration,minmax,PassiveAggressiveClassifier(random_state=0),3,0.8541666666666666,,,,0.0012063980102539062,0.00011658668518066406
algerian_forest_fires_46279,,,feature_agglomeration,minmax,PassiveAggressiveClassifier(random_state=0),4,0.8958333333333334,,,,0.0011746883392333984,0.00011563301086425781
algerian_forest_fires_46279,,,extra_tree,minmax,PassiveAggressiveClassifier(random_state=0),0,0.8571428571428571,,,,0.001129150390625,0.00011563301086425781
algerian_forest_fires_46279,,,extra_tree,minmax,PassiveAggressiveClassifier(random_state=0),1,0.9795918367346939,,,,0.0012593269348144531,0.00011920928955078125
algerian_forest_fires_46279,,,extra_tree,minmax,PassiveAggressiveClassifier(random_state=0),2,0.8979591836734694,,,,0.0011892318725585938,0.00011682510375976562
algerian_forest_fires_46279,,,extra_tree,minmax,PassiveAggressiveClassifier(random_state=0),3,1.0,,,,0.0012857913970947266,0.00012159347534179688
algerian_forest_fires_46279,,,extra_tree,minmax,PassiveAggressiveClassifier(random_state=0),4,0.9791666666666666,,,,0.001255035400390625,0.00011873245239257812
algerian_forest_fires_46279,,,linear_svc,minmax,PassiveAggressiveClassifier(random_state=0),0,0.8775510204081632,,,,0.0011436939239501953,0.00012874603271484375
algerian_forest_fires_46279,,,linear_svc,minmax,PassiveAggressiveClassifier(random_state=0),1,0.9795918367346939,,,,0.0014698505401611328,0.00012445449829101562
algerian_forest_fires_46279,,,linear_svc,minmax,PassiveAggressiveClassifier(random_state=0),2,0.9591836734693877,,,,0.0012822151184082031,0.00011849403381347656
algerian_forest_fires_46279,,,linear_svc,minmax,PassiveAggressiveClassifier(random_state=0),3,0.9791666666666666,,,,0.0012483596801757812,0.00011897087097167969
algerian_forest_fires_46279,,,linear_svc,minmax,PassiveAggressiveClassifier(random_state=0),4,0.9791666666666666,,,,0.0014522075653076172,0.0001316070556640625
algerian_forest_fires_46279,,,kernel_pca,minmax,PassiveAggressiveClassifier(random_state=0),0,0.8775510204081632,,,,0.0031473636627197266,0.0001430511474609375
algerian_forest_fires_46279,,,kernel_pca,minmax,PassiveAggressiveClassifier(random_state=0),1,0.9591836734693877,,,,0.0016803741455078125,0.000141143798828125
algerian_forest_fires_46279,,,kernel_pca,minmax,PassiveAggressiveClassifier(random_state=0),2,0.9183673469387755,,,,0.0015163421630859375,0.00016307830810546875
algerian_forest_fires_46279,,,kernel_pca,minmax,PassiveAggressiveClassifier(random_state=0),3,0.9583333333333334,,,,0.0017399787902832031,0.00013780593872070312
algerian_forest_fires_46279,,,kernel_pca,minmax,PassiveAggressiveClassifier(random_state=0),4,0.9583333333333334,,,,0.0016016960144042969,0.00013899803161621094
algerian_forest_fires_46279,,,,robust,PassiveAggressiveClassifier(random_state=0),0,0.9387755102040817,,,,0.0013823509216308594,0.0001354217529296875
algerian_forest_fires_46279,,,,robust,PassiveAggressiveClassifier(random_state=0),1,0.9591836734693877,,,,0.0013279914855957031,0.00024366378784179688
algerian_forest_fires_46279,,,,robust,PassiveAggressiveClassifier(random_state=0),2,0.9795918367346939,,,,0.0014896392822265625,0.00014495849609375
algerian_forest_fires_46279,,,,robust,PassiveAggressiveClassifier(random_state=0),3,0.9375,,,,0.0014383792877197266,0.0001361370086669922
algerian_forest_fires_46279,,,,robust,PassiveAggressiveClassifier(random_state=0),4,0.9583333333333334,,,,0.0012471675872802734,0.00015020370483398438
algerian_forest_fires_46279,,,pca,robust,PassiveAggressiveClassifier(random_state=0),0,0.8979591836734694,,,,0.0013322830200195312,0.00013065338134765625
algerian_forest_fires_46279,,,pca,robust,PassiveAggressiveClassifier(random_state=0),1,0.9795918367346939,,,,0.0012507438659667969,0.0001163482666015625
algerian_forest_fires_46279,,,pca,robust,PassiveAggressiveClassifier(random_state=0),2,0.9183673469387755,,,,0.0011315345764160156,0.00011515617370605469
algerian_forest_fires_46279,,,pca,robust,PassiveAggressiveClassifier(random_state=0),3,0.9375,,,,0.001285552978515625,0.00011348724365234375
algerian_forest_fires_46279,,,pca,robust,PassiveAggressiveClassifier(random_state=0),4,0.9791666666666666,,,,0.0012655258178710938,0.000118255615234375
algerian_forest_fires_46279,,,fastica,robust,PassiveAggressiveClassifier(random_state=0),0,0.9387755102040817,,,,0.001270294189453125,0.00011730194091796875
algerian_forest_fires_46279,,,fastica,robust,PassiveAggressiveClassifier(random_state=0),1,0.6530612244897959,,,,0.001336812973022461,0.00012040138244628906
algerian_forest_fires_46279,,,fastica,robust,PassiveAggressiveClassifier(random_state=0),2,0.6938775510204082,,,,0.0014700889587402344,0.00011873245239257812
algerian_forest_fires_46279,,,fastica,robust,PassiveAggressiveClassifier(random_state=0),3,0.9583333333333334,,,,0.0012784004211425781,0.00012063980102539062
algerian_forest_fires_46279,,,fastica,robust,PassiveAggressiveClassifier(random_state=0),4,0.9375,,,,0.001268625259399414,0.00011777877807617188
algerian_forest_fires_46279,,,truncated_svd,robust,PassiveAggressiveClassifier(random_state=0),0,0.8571428571428571,,,,0.0011889934539794922,0.00011467933654785156
algerian_forest_fires_46279,,,truncated_svd,robust,PassiveAggressiveClassifier(random_state=0),1,0.8775510204081632,,,,0.0012736320495605469,0.00011730194091796875
algerian_forest_fires_46279,,,truncated_svd,robust,PassiveAggressiveClassifier(random_state=0),2,0.7959183673469388,,,,0.0011286735534667969,0.0001862049102783203
algerian_forest_fires_46279,,,truncated_svd,robust,PassiveAggressiveClassifier(random_state=0),3,0.875,,,,0.0011324882507324219,0.0001373291015625
algerian_forest_fires_46279,,,truncated_svd,robust,PassiveAggressiveClassifier(random_state=0),4,0.9583333333333334,,,,0.0011813640594482422,0.00011992454528808594
algerian_forest_fires_46279,,,select_percentile,robust,PassiveAggressiveClassifier(random_state=0),0,0.9387755102040817,,,,0.0011019706726074219,0.00013780593872070312
algerian_forest_fires_46279,,,select_percentile,robust,PassiveAggressiveClassifier(random_state=0),1,0.9795918367346939,,,,0.0011157989501953125,0.00011372566223144531
algerian_forest_fires_46279,,,select_percentile,robust,PassiveAggressiveClassifier(random_state=0),2,0.9795918367346939,,,,0.0011153221130371094,0.00014019012451171875
algerian_forest_fires_46279,,,select_percentile,robust,PassiveAggressiveClassifier(random_state=0),3,0.9791666666666666,,,,0.0011191368103027344,0.00011372566223144531
algerian_forest_fires_46279,,,select_percentile,robust,PassiveAggressiveClassifier(random_state=0),4,1.0,,,,0.0010960102081298828,0.0001125335693359375
algerian_forest_fires_46279,,,generic_univariate,robust,PassiveAggressiveClassifier(random_state=0),0,0.9591836734693877,,,,0.0010781288146972656,0.00015425682067871094
algerian_forest_fires_46279,,,generic_univariate,robust,PassiveAggressiveClassifier(random_state=0),1,1.0,,,,0.0010814666748046875,0.00011038780212402344
algerian_forest_fires_46279,,,generic_univariate,robust,PassiveAggressiveClassifier(random_state=0),2,0.9591836734693877,,,,0.0010497570037841797,0.00011181831359863281
algerian_forest_fires_46279,,,generic_univariate,robust,PassiveAggressiveClassifier(random_state=0),3,0.9375,,,,0.0010485649108886719,0.00010967254638671875
algerian_forest_fires_46279,,,generic_univariate,robust,PassiveAggressiveClassifier(random_state=0),4,0.9583333333333334,,,,0.001043081283569336,0.00010991096496582031
algerian_forest_fires_46279,,,polynomial_features,robust,PassiveAggressiveClassifier(random_state=0),0,0.9795918367346939,,,,0.002292156219482422,0.00013828277587890625
algerian_forest_fires_46279,,,polynomial_features,robust,PassiveAggressiveClassifier(random_state=0),1,0.9387755102040817,,,,0.0014078617095947266,0.00014591217041015625
algerian_forest_fires_46279,,,polynomial_features,robust,PassiveAggressiveClassifier(random_state=0),2,0.9795918367346939,,,,0.0015027523040771484,0.00012183189392089844
algerian_forest_fires_46279,,,polynomial_features,robust,PassiveAggressiveClassifier(random_state=0),3,0.9583333333333334,,,,0.002233743667602539,0.00011968612670898438
algerian_forest_fires_46279,,,polynomial_features,robust,PassiveAggressiveClassifier(random_state=0),4,0.9375,,,,0.0018634796142578125,0.00012135505676269531
algerian_forest_fires_46279,,,nystroem,robust,PassiveAggressiveClassifier(random_state=0),0,0.9591836734693877,,,,0.0029516220092773438,0.0001366138458251953
algerian_forest_fires_46279,,,nystroem,robust,PassiveAggressiveClassifier(random_state=0),1,0.9591836734693877,,,,0.002825021743774414,0.0002002716064453125
algerian_forest_fires_46279,,,nystroem,robust,PassiveAggressiveClassifier(random_state=0),2,0.9795918367346939,,,,0.003526449203491211,0.00021147727966308594
algerian_forest_fires_46279,,,nystroem,robust,PassiveAggressiveClassifier(random_state=0),3,0.9375,,,,0.0023546218872070312,0.00013947486877441406
algerian_forest_fires_46279,,,nystroem,robust,PassiveAggressiveClassifier(random_state=0),4,0.9166666666666666,,,,0.006146669387817383,0.00014853477478027344
algerian_forest_fires_46279,,,rbf_sampler,robust,PassiveAggressiveClassifier(random_state=0),0,0.6938775510204082,,,,0.0024557113647460938,0.0001404285430908203
algerian_forest_fires_46279,,,rbf_sampler,robust,PassiveAggressiveClassifier(random_state=0),1,0.6326530612244898,,,,0.003179311752319336,0.0002627372741699219
algerian_forest_fires_46279,,,rbf_sampler,robust,PassiveAggressiveClassifier(random_state=0),2,0.5918367346938775,,,,0.0029468536376953125,0.000171661376953125
algerian_forest_fires_46279,,,rbf_sampler,robust,PassiveAggressiveClassifier(random_state=0),3,0.7291666666666666,,,,0.0019817352294921875,0.00013327598571777344
algerian_forest_fires_46279,,,rbf_sampler,robust,PassiveAggressiveClassifier(random_state=0),4,0.6875,,,,0.0026831626892089844,0.00012993812561035156
algerian_forest_fires_46279,,,random_trees_embedding,robust,PassiveAggressiveClassifier(random_state=0),0,0.9591836734693877,,,,0.0018160343170166016,0.0001366138458251953
algerian_forest_fires_46279,,,random_trees_embedding,robust,PassiveAggressiveClassifier(random_state=0),1,0.9591836734693877,,,,0.0018544197082519531,0.0001552104949951172
algerian_forest_fires_46279,,,random_trees_embedding,robust,PassiveAggressiveClassifier(random_state=0),2,0.9591836734693877,,,,0.0018029212951660156,0.00013828277587890625
algerian_forest_fires_46279,,,random_trees_embedding,robust,PassiveAggressiveClassifier(random_state=0),3,0.9791666666666666,,,,0.0019168853759765625,0.00013828277587890625
algerian_forest_fires_46279,,,random_trees_embedding,robust,PassiveAggressiveClassifier(random_state=0),4,0.9375,,,,0.0017714500427246094,0.00015115737915039062
algerian_forest_fires_46279,,,feature_agglomeration,robust,PassiveAggressiveClassifier(random_state=0),0,0.8163265306122449,,,,0.0011322498321533203,0.00011658668518066406
algerian_forest_fires_46279,,,feature_agglomeration,robust,PassiveAggressiveClassifier(random_state=0),1,0.8163265306122449,,,,0.0012402534484863281,0.00012111663818359375
algerian_forest_fires_46279,,,feature_agglomeration,robust,PassiveAggressiveClassifier(random_state=0),2,0.9183673469387755,,,,0.0012996196746826172,0.000118255615234375
algerian_forest_fires_46279,,,feature_agglomeration,robust,PassiveAggressiveClassifier(random_state=0),3,0.8958333333333334,,,,0.0011591911315917969,0.0001163482666015625
algerian_forest_fires_46279,,,feature_agglomeration,robust,PassiveAggressiveClassifier(random_state=0),4,0.9166666666666666,,,,0.0010874271392822266,0.00015306472778320312
algerian_forest_fires_46279,,,extra_tree,robust,PassiveAggressiveClassifier(random_state=0),0,0.9795918367346939,,,,0.001226663589477539,0.0001289844512939453
algerian_forest_fires_46279,,,extra_tree,robust,PassiveAggressiveClassifier(random_state=0),1,0.9795918367346939,,,,0.0012645721435546875,0.0001392364501953125
algerian_forest_fires_46279,,,extra_tree,robust,PassiveAggressiveClassifier(random_state=0),2,1.0,,,,0.0012581348419189453,0.00011968612670898438
algerian_forest_fires_46279,,,extra_tree,robust,PassiveAggressiveClassifier(random_state=0),3,0.9375,,,,0.001224517822265625,0.0001201629638671875
algerian_forest_fires_46279,,,extra_tree,robust,PassiveAggressiveClassifier(random_state=0),4,1.0,,,,0.0013341903686523438,0.00012993812561035156
algerian_forest_fires_46279,,,linear_svc,robust,PassiveAggressiveClassifier(random_state=0),0,0.9795918367346939,,,,0.0015404224395751953,0.00013637542724609375
algerian_forest_fires_46279,,,linear_svc,robust,PassiveAggressiveClassifier(random_state=0),1,0.9795918367346939,,,,0.0012593269348144531,0.00012755393981933594
algerian_forest_fires_46279,,,linear_svc,robust,PassiveAggressiveClassifier(random_state=0),2,0.9795918367346939,,,,0.0011837482452392578,0.00012135505676269531
algerian_forest_fires_46279,,,linear_svc,robust,PassiveAggressiveClassifier(random_state=0),3,0.9791666666666666,,,,0.0011677742004394531,0.00011539459228515625
algerian_forest_fires_46279,,,linear_svc,robust,PassiveAggressiveClassifier(random_state=0),4,0.9583333333333334,,,,0.001146078109741211,0.0001201629638671875
algerian_forest_fires_46279,,,kernel_pca,robust,PassiveAggressiveClassifier(random_state=0),0,0.8979591836734694,,,,0.0016756057739257812,0.0002758502960205078
algerian_forest_fires_46279,,,kernel_pca,robust,PassiveAggressiveClassifier(random_state=0),1,0.9795918367346939,,,,0.0016646385192871094,0.00015211105346679688
algerian_forest_fires_46279,,,kernel_pca,robust,PassiveAggressiveClassifier(random_state=0),2,0.9183673469387755,,,,0.001508951187133789,0.00013780593872070312
algerian_forest_fires_46279,,,kernel_pca,robust,PassiveAggressiveClassifier(random_state=0),3,0.9375,,,,0.0017769336700439453,0.00013971328735351562
algerian_forest_fires_46279,,,kernel_pca,robust,PassiveAggressiveClassifier(random_state=0),4,0.9791666666666666,,,,0.0016090869903564453,0.00013899803161621094
algerian_forest_fires_46279,,,,normalizer,PassiveAggressiveClassifier(random_state=0),0,0.5510204081632653,,,,0.0014691352844238281,0.0001418590545654297
algerian_forest_fires_46279,,,,normalizer,PassiveAggressiveClassifier(random_state=0),1,0.4489795918367347,,,,0.001352071762084961,0.00013589859008789062
algerian_forest_fires_46279,,,,normalizer,PassiveAggressiveClassifier(random_state=0),2,0.5714285714285714,,,,0.0014998912811279297,0.0001361370086669922
algerian_forest_fires_46279,,,,normalizer,PassiveAggressiveClassifier(random_state=0),3,0.6041666666666666,,,,0.0013055801391601562,0.00012755393981933594
algerian_forest_fires_46279,,,,normalizer,PassiveAggressiveClassifier(random_state=0),4,0.5,,,,0.0012531280517578125,0.00012421607971191406
algerian_forest_fires_46279,,,pca,normalizer,PassiveAggressiveClassifier(random_state=0),0,0.7142857142857143,,,,0.0015802383422851562,0.00013113021850585938
algerian_forest_fires_46279,,,pca,normalizer,PassiveAggressiveClassifier(random_state=0),1,0.4489795918367347,,,,0.0012505054473876953,0.00011706352233886719
algerian_forest_fires_46279,,,pca,normalizer,PassiveAggressiveClassifier(random_state=0),2,0.5918367346938775,,,,0.001708984375,0.00011920928955078125
algerian_forest_fires_46279,,,pca,normalizer,PassiveAggressiveClassifier(random_state=0),3,0.8125,,,,0.0018458366394042969,0.00011801719665527344
algerian_forest_fires_46279,,,pca,normalizer,PassiveAggressiveClassifier(random_state=0),4,0.8958333333333334,,,,0.0015554428100585938,0.00011587142944335938
algerian_forest_fires_46279,,,fastica,normalizer,PassiveAggressiveClassifier(random_state=0),0,0.9387755102040817,,,,0.0012905597686767578,0.00012969970703125
algerian_forest_fires_46279,,,fastica,normalizer,PassiveAggressiveClassifier(random_state=0),1,0.9795918367346939,,,,0.0012097358703613281,0.00011801719665527344
algerian_forest_fires_46279,,,fastica,normalizer,PassiveAggressiveClassifier(random_state=0),2,0.9795918367346939,,,,0.001230478286743164,0.0001366138458251953
algerian_forest_fires_46279,,,fastica,normalizer,PassiveAggressiveClassifier(random_state=0),3,0.9375,,,,0.0012772083282470703,0.00011968612670898438
algerian_forest_fires_46279,,,fastica,normalizer,PassiveAggressiveClassifier(random_state=0),4,1.0,,,,0.0012326240539550781,0.00011682510375976562
algerian_forest_fires_46279,,,truncated_svd,normalizer,PassiveAggressiveClassifier(random_state=0),0,0.5510204081632653,,,,0.0011055469512939453,0.0001361370086669922
algerian_forest_fires_46279,,,truncated_svd,normalizer,PassiveAggressiveClassifier(random_state=0),1,0.4489795918367347,,,,0.0011515617370605469,0.00013589859008789062
algerian_forest_fires_46279,,,truncated_svd,normalizer,PassiveAggressiveClassifier(random_state=0),2,0.5714285714285714,,,,0.001300811767578125,0.0001220703125
algerian_forest_fires_46279,,,truncated_svd,normalizer,PassiveAggressiveClassifier(random_state=0),3,0.6041666666666666,,,,0.0010793209075927734,0.00011134147644042969
algerian_forest_fires_46279,,,truncated_svd,normalizer,PassiveAggressiveClassifier(random_state=0),4,0.5,,,,0.0010721683502197266,0.00011134147644042969
algerian_forest_fires_46279,,,select_percentile,normalizer,PassiveAggressiveClassifier(random_state=0),0,0.5510204081632653,,,,0.0011248588562011719,0.0001342296600341797
algerian_forest_fires_46279,,,select_percentile,normalizer,PassiveAggressiveClassifier(random_state=0),1,0.4489795918367347,,,,0.0010974407196044922,0.00011396408081054688
algerian_forest_fires_46279,,,select_percentile,normalizer,PassiveAggressiveClassifier(random_state=0),2,0.5714285714285714,,,,0.001271963119506836,0.000118255615234375
algerian_forest_fires_46279,,,select_percentile,normalizer,PassiveAggressiveClassifier(random_state=0),3,0.6041666666666666,,,,0.0012090206146240234,0.00011706352233886719
algerian_forest_fires_46279,,,select_percentile,normalizer,PassiveAggressiveClassifier(random_state=0),4,0.5416666666666666,,,,0.001117706298828125,0.00011491775512695312
algerian_forest_fires_46279,,,generic_univariate,normalizer,PassiveAggressiveClassifier(random_state=0),0,0.5510204081632653,,,,0.0011000633239746094,0.00011610984802246094
algerian_forest_fires_46279,,,generic_univariate,normalizer,PassiveAggressiveClassifier(random_state=0),1,0.4489795918367347,,,,0.0010309219360351562,0.00010991096496582031
algerian_forest_fires_46279,,,generic_univariate,normalizer,PassiveAggressiveClassifier(random_state=0),2,0.5714285714285714,,,,0.0011997222900390625,0.00013256072998046875
algerian_forest_fires_46279,,,generic_univariate,normalizer,PassiveAggressiveClassifier(random_state=0),3,0.6041666666666666,,,,0.0010919570922851562,0.00011157989501953125
algerian_forest_fires_46279,,,generic_univariate,normalizer,PassiveAggressiveClassifier(random_state=0),4,0.5416666666666666,,,,0.0011379718780517578,0.00011324882507324219
algerian_forest_fires_46279,,,polynomial_features,normalizer,PassiveAggressiveClassifier(random_state=0),0,0.5510204081632653,,,,0.001516580581665039,0.0001201629638671875
algerian_forest_fires_46279,,,polynomial_features,normalizer,PassiveAggressiveClassifier(random_state=0),1,0.5714285714285714,,,,0.0019483566284179688,0.00017547607421875
algerian_forest_fires_46279,,,polynomial_features,normalizer,PassiveAggressiveClassifier(random_state=0),2,0.6122448979591837,,,,0.001970529556274414,0.00011920928955078125
algerian_forest_fires_46279,,,polynomial_features,normalizer,PassiveAggressiveClassifier(random_state=0),3,0.8125,,,,0.0026688575744628906,0.00011944770812988281
algerian_forest_fires_46279,,,polynomial_features,normalizer,PassiveAggressiveClassifier(random_state=0),4,0.6041666666666666,,,,0.00258636474609375,0.00011968612670898438
algerian_forest_fires_46279,,,nystroem,normalizer,PassiveAggressiveClassifier(random_state=0),0,0.5510204081632653,,,,0.001976490020751953,0.00014328956604003906
algerian_forest_fires_46279,,,nystroem,normalizer,PassiveAggressiveClassifier(random_state=0),1,0.4489795918367347,,,,0.002574443817138672,0.0001437664031982422
algerian_forest_fires_46279,,,nystroem,normalizer,PassiveAggressiveClassifier(random_state=0),2,0.5714285714285714,,,,0.0019927024841308594,0.0001385211944580078
algerian_forest_fires_46279,,,nystroem,normalizer,PassiveAggressiveClassifier(random_state=0),3,0.6041666666666666,,,,0.0020122528076171875,0.00013947486877441406
algerian_forest_fires_46279,,,nystroem,normalizer,PassiveAggressiveClassifier(random_state=0),4,0.4583333333333333,,,,0.0024449825286865234,0.00018906593322753906
algerian_forest_fires_46279,,,rbf_sampler,normalizer,PassiveAggressiveClassifier(random_state=0),0,0.5510204081632653,,,,0.0019152164459228516,0.00014019012451171875
algerian_forest_fires_46279,,,rbf_sampler,normalizer,PassiveAggressiveClassifier(random_state=0),1,0.5306122448979592,,,,0.0017523765563964844,0.0001423358917236328
algerian_forest_fires_46279,,,rbf_sampler,normalizer,PassiveAggressiveClassifier(random_state=0),2,0.7551020408163265,,,,0.0017325878143310547,0.00012803077697753906
algerian_forest_fires_46279,,,rbf_sampler,normalizer,PassiveAggressiveClassifier(random_state=0),3,0.6041666666666666,,,,0.001695394515991211,0.00012683868408203125
algerian_forest_fires_46279,,,rbf_sampler,normalizer,PassiveAggressiveClassifier(random_state=0),4,0.7708333333333334,,,,0.0021333694458007812,0.00012993812561035156
algerian_forest_fires_46279,,,random_trees_embedding,normalizer,PassiveAggressiveClassifier(random_state=0),0,0.9183673469387755,,,,0.0019385814666748047,0.00013566017150878906
algerian_forest_fires_46279,,,random_trees_embedding,normalizer,PassiveAggressiveClassifier(random_state=0),1,0.9591836734693877,,,,0.0019533634185791016,0.0001418590545654297
algerian_forest_fires_46279,,,random_trees_embedding,normalizer,PassiveAggressiveClassifier(random_state=0),2,1.0,,,,0.0019407272338867188,0.00013589859008789062
algerian_forest_fires_46279,,,random_trees_embedding,normalizer,PassiveAggressiveClassifier(random_state=0),3,0.9375,,,,0.0018947124481201172,0.0001385211944580078
algerian_forest_fires_46279,,,random_trees_embedding,normalizer,PassiveAggressiveClassifier(random_state=0),4,0.9583333333333334,,,,0.0017783641815185547,0.0001423358917236328
algerian_forest_fires_46279,,,feature_agglomeration,normalizer,PassiveAggressiveClassifier(random_state=0),0,0.5510204081632653,,,,0.001186370849609375,0.00012636184692382812
algerian_forest_fires_46279,,,feature_agglomeration,normalizer,PassiveAggressiveClassifier(random_state=0),1,0.4489795918367347,,,,0.0013561248779296875,0.00012803077697753906
algerian_forest_fires_46279,,,feature_agglomeration,normalizer,PassiveAggressiveClassifier(random_state=0),2,0.42857142857142855,,,,0.0012392997741699219,0.00011873245239257812
algerian_forest_fires_46279,,,feature_agglomeration,normalizer,PassiveAggressiveClassifier(random_state=0),3,0.6041666666666666,,,,0.0011811256408691406,0.00011658668518066406
algerian_forest_fires_46279,,,feature_agglomeration,normalizer,PassiveAggressiveClassifier(random_state=0),4,0.5416666666666666,,,,0.0014338493347167969,0.00013017654418945312
algerian_forest_fires_46279,,,extra_tree,normalizer,PassiveAggressiveClassifier(random_state=0),0,0.5510204081632653,,,,0.0012395381927490234,0.00011992454528808594
algerian_forest_fires_46279,,,extra_tree,normalizer,PassiveAggressiveClassifier(random_state=0),1,0.4489795918367347,,,,0.0011980533599853516,0.00012636184692382812
algerian_forest_fires_46279,,,extra_tree,normalizer,PassiveAggressiveClassifier(random_state=0),2,0.5714285714285714,,,,0.0012764930725097656,0.00011849403381347656
algerian_forest_fires_46279,,,extra_tree,normalizer,PassiveAggressiveClassifier(random_state=0),3,0.6041666666666666,,,,0.0011832714080810547,0.00011897087097167969
algerian_forest_fires_46279,,,extra_tree,normalizer,PassiveAggressiveClassifier(random_state=0),4,0.5416666666666666,,,,0.001180410385131836,0.00011849403381347656
algerian_forest_fires_46279,,,linear_svc,normalizer,PassiveAggressiveClassifier(random_state=0),0,0.8571428571428571,,,,0.0015990734100341797,0.00012183189392089844
algerian_forest_fires_46279,,,linear_svc,normalizer,PassiveAggressiveClassifier(random_state=0),1,0.4489795918367347,,,,0.001127481460571289,0.00011730194091796875
algerian_forest_fires_46279,,,linear_svc,normalizer,PassiveAggressiveClassifier(random_state=0),2,0.7959183673469388,,,,0.0013463497161865234,0.00011920928955078125
algerian_forest_fires_46279,,,linear_svc,normalizer,PassiveAggressiveClassifier(random_state=0),3,0.8125,,,,0.001323699951171875,0.00011777877807617188
algerian_forest_fires_46279,,,linear_svc,normalizer,PassiveAggressiveClassifier(random_state=0),4,0.8958333333333334,,,,0.0012836456298828125,0.00014019012451171875
algerian_forest_fires_46279,,,kernel_pca,normalizer,PassiveAggressiveClassifier(random_state=0),0,0.7142857142857143,,,,0.002276897430419922,0.000152587890625
algerian_forest_fires_46279,,,kernel_pca,normalizer,PassiveAggressiveClassifier(random_state=0),1,0.4489795918367347,,,,0.001489877700805664,0.00017333030700683594
algerian_forest_fires_46279,,,kernel_pca,normalizer,PassiveAggressiveClassifier(random_state=0),2,0.5918367346938775,,,,0.002331256866455078,0.0001475811004638672
algerian_forest_fires_46279,,,kernel_pca,normalizer,PassiveAggressiveClassifier(random_state=0),3,0.8125,,,,0.0025568008422851562,0.00022411346435546875
algerian_forest_fires_46279,,,kernel_pca,normalizer,PassiveAggressiveClassifier(random_state=0),4,0.8958333333333334,,,,0.002015829086303711,0.00014495849609375
algerian_forest_fires_46279,,,,power,PassiveAggressiveClassifier(random_state=0),0,1.0,,,,0.0016291141510009766,0.0001423358917236328
algerian_forest_fires_46279,,,,power,PassiveAggressiveClassifier(random_state=0),1,0.9795918367346939,,,,0.0015010833740234375,0.00015163421630859375
algerian_forest_fires_46279,,,,power,PassiveAggressiveClassifier(random_state=0),2,0.9591836734693877,,,,0.0013689994812011719,0.00012755393981933594
algerian_forest_fires_46279,,,,power,PassiveAggressiveClassifier(random_state=0),3,0.9791666666666666,,,,0.001329183578491211,0.00012111663818359375
algerian_forest_fires_46279,,,,power,PassiveAggressiveClassifier(random_state=0),4,0.9791666666666666,,,,0.0014107227325439453,0.00013327598571777344
algerian_forest_fires_46279,,,pca,power,PassiveAggressiveClassifier(random_state=0),0,1.0,,,,0.0015857219696044922,0.0001442432403564453
algerian_forest_fires_46279,,,pca,power,PassiveAggressiveClassifier(random_state=0),1,0.9795918367346939,,,,0.0013628005981445312,0.0001220703125
algerian_forest_fires_46279,,,pca,power,PassiveAggressiveClassifier(random_state=0),2,0.9591836734693877,,,,0.001405954360961914,0.0001239776611328125
algerian_forest_fires_46279,,,pca,power,PassiveAggressiveClassifier(random_state=0),3,0.9791666666666666,,,,0.0012431144714355469,0.00011801719665527344
algerian_forest_fires_46279,,,pca,power,PassiveAggressiveClassifier(random_state=0),4,0.9791666666666666,,,,0.0014986991882324219,0.00012040138244628906
algerian_forest_fires_46279,,,fastica,power,PassiveAggressiveClassifier(random_state=0),0,0.9795918367346939,,,,0.0012636184692382812,0.0001201629638671875
algerian_forest_fires_46279,,,fastica,power,PassiveAggressiveClassifier(random_state=0),1,0.9795918367346939,,,,0.0014095306396484375,0.0001201629638671875
algerian_forest_fires_46279,,,fastica,power,PassiveAggressiveClassifier(random_state=0),2,0.9591836734693877,,,,0.001455545425415039,0.0001304149627685547
algerian_forest_fires_46279,,,fastica,power,PassiveAggressiveClassifier(random_state=0),3,0.9583333333333334,,,,0.001299142837524414,0.00012230873107910156
algerian_forest_fires_46279,,,fastica,power,PassiveAggressiveClassifier(random_state=0),4,0.9583333333333334,,,,0.0013072490692138672,0.00012063980102539062
algerian_forest_fires_46279,,,truncated_svd,power,PassiveAggressiveClassifier(random_state=0),0,0.8979591836734694,,,,0.001129150390625,0.00011324882507324219
algerian_forest_fires_46279,,,truncated_svd,power,PassiveAggressiveClassifier(random_state=0),1,0.8979591836734694,,,,0.0011417865753173828,0.00014138221740722656
algerian_forest_fires_46279,,,truncated_svd,power,PassiveAggressiveClassifier(random_state=0),2,0.8775510204081632,,,,0.0011849403381347656,0.00011944770812988281
algerian_forest_fires_46279,,,truncated_svd,power,PassiveAggressiveClassifier(random_state=0),3,0.6041666666666666,,,,0.0011286735534667969,0.00011420249938964844
algerian_forest_fires_46279,,,truncated_svd,power,PassiveAggressiveClassifier(random_state=0),4,0.9583333333333334,,,,0.0012011528015136719,0.00012040138244628906
algerian_forest_fires_46279,,,select_percentile,power,PassiveAggressiveClassifier(random_state=0),0,0.9591836734693877,,,,0.0011255741119384766,0.00011515617370605469
algerian_forest_fires_46279,,,select_percentile,power,PassiveAggressiveClassifier(random_state=0),1,0.9795918367346939,,,,0.0011489391326904297,0.00011515617370605469
algerian_forest_fires_46279,,,select_percentile,power,PassiveAggressiveClassifier(random_state=0),2,0.9387755102040817,,,,0.0011796951293945312,0.00013327598571777344
algerian_forest_fires_46279,,,select_percentile,power,PassiveAggressiveClassifier(random_state=0),3,0.9583333333333334,,,,0.0011272430419921875,0.00011777877807617188
algerian_forest_fires_46279,,,select_percentile,power,PassiveAggressiveClassifier(random_state=0),4,0.9791666666666666,,,,0.0011887550354003906,0.00011944770812988281
algerian_forest_fires_46279,,,generic_univariate,power,PassiveAggressiveClassifier(random_state=0),0,0.8979591836734694,,,,0.001092672348022461,0.00011181831359863281
algerian_forest_fires_46279,,,generic_univariate,power,PassiveAggressiveClassifier(random_state=0),1,0.9387755102040817,,,,0.0011487007141113281,0.00011324882507324219
algerian_forest_fires_46279,,,generic_univariate,power,PassiveAggressiveClassifier(random_state=0),2,0.9387755102040817,,,,0.0010671615600585938,0.00011324882507324219
algerian_forest_fires_46279,,,generic_univariate,power,PassiveAggressiveClassifier(random_state=0),3,0.9583333333333334,,,,0.0011272430419921875,0.00011324882507324219
algerian_forest_fires_46279,,,generic_univariate,power,PassiveAggressiveClassifier(random_state=0),4,0.9583333333333334,,,,0.0011761188507080078,0.00011372566223144531
algerian_forest_fires_46279,,,polynomial_features,power,PassiveAggressiveClassifier(random_state=0),0,0.9591836734693877,,,,0.0020246505737304688,0.0001227855682373047
algerian_forest_fires_46279,,,polynomial_features,power,PassiveAggressiveClassifier(random_state=0),1,0.9387755102040817,,,,0.0024995803833007812,0.00013566017150878906
algerian_forest_fires_46279,,,polynomial_features,power,PassiveAggressiveClassifier(random_state=0),2,0.9795918367346939,,,,0.002410888671875,0.00013399124145507812
algerian_forest_fires_46279,,,polynomial_features,power,PassiveAggressiveClassifier(random_state=0),3,0.9375,,,,0.001964569091796875,0.00012254714965820312
algerian_forest_fires_46279,,,polynomial_features,power,PassiveAggressiveClassifier(random_state=0),4,0.9375,,,,0.001975536346435547,0.00012183189392089844
algerian_forest_fires_46279,,,nystroem,power,PassiveAggressiveClassifier(random_state=0),0,0.9795918367346939,,,,0.002302408218383789,0.0001423358917236328
algerian_forest_fires_46279,,,nystroem,power,PassiveAggressiveClassifier(random_state=0),1,0.9591836734693877,,,,0.003021717071533203,0.0001876354217529297
algerian_forest_fires_46279,,,nystroem,power,PassiveAggressiveClassifier(random_state=0),2,0.9795918367346939,,,,0.002260446548461914,0.0001354217529296875
algerian_forest_fires_46279,,,nystroem,power,PassiveAggressiveClassifier(random_state=0),3,0.9791666666666666,,,,0.002191305160522461,0.0001475811004638672
algerian_forest_fires_46279,,,nystroem,power,PassiveAggressiveClassifier(random_state=0),4,0.9583333333333334,,,,0.0025861263275146484,0.00014925003051757812
algerian_forest_fires_46279,,,rbf_sampler,power,PassiveAggressiveClassifier(random_state=0),0,0.4897959183673469,,,,0.004910469055175781,0.00015687942504882812
algerian_forest_fires_46279,,,rbf_sampler,power,PassiveAggressiveClassifier(random_state=0),1,0.6530612244897959,,,,0.003734111785888672,0.0001354217529296875
algerian_forest_fires_46279,,,rbf_sampler,power,PassiveAggressiveClassifier(random_state=0),2,0.6530612244897959,,,,0.002858400344848633,0.00012254714965820312
algerian_forest_fires_46279,,,rbf_sampler,power,PassiveAggressiveClassifier(random_state=0),3,0.6041666666666666,,,,0.0029625892639160156,0.00012159347534179688
algerian_forest_fires_46279,,,rbf_sampler,power,PassiveAggressiveClassifier(random_state=0),4,0.6041666666666666,,,,0.0022029876708984375,0.0001227855682373047
algerian_forest_fires_46279,,,random_trees_embedding,power,PassiveAggressiveClassifier(random_state=0),0,1.0,,,,0.0018529891967773438,0.0001361370086669922
algerian_forest_fires_46279,,,random_trees_embedding,power,PassiveAggressiveClassifier(random_state=0),1,0.9795918367346939,,,,0.0017771720886230469,0.00013446807861328125
algerian_forest_fires_46279,,,random_trees_embedding,power,PassiveAggressiveClassifier(random_state=0),2,0.9795918367346939,,,,0.0020885467529296875,0.0001621246337890625
algerian_forest_fires_46279,,,random_trees_embedding,power,PassiveAggressiveClassifier(random_state=0),3,0.9583333333333334,,,,0.0016548633575439453,0.00013446807861328125
algerian_forest_fires_46279,,,random_trees_embedding,power,PassiveAggressiveClassifier(random_state=0),4,0.9583333333333334,,,,0.0017304420471191406,0.00014495849609375
algerian_forest_fires_46279,,,feature_agglomeration,power,PassiveAggressiveClassifier(random_state=0),0,0.7959183673469388,,,,0.0012731552124023438,0.00012111663818359375
algerian_forest_fires_46279,,,feature_agglomeration,power,PassiveAggressiveClassifier(random_state=0),1,0.9183673469387755,,,,0.001092672348022461,0.00011324882507324219
algerian_forest_fires_46279,,,feature_agglomeration,power,PassiveAggressiveClassifier(random_state=0),2,0.8775510204081632,,,,0.0011105537414550781,0.0001125335693359375
algerian_forest_fires_46279,,,feature_agglomeration,power,PassiveAggressiveClassifier(random_state=0),3,0.875,,,,0.0011942386627197266,0.00013494491577148438
algerian_forest_fires_46279,,,feature_agglomeration,power,PassiveAggressiveClassifier(random_state=0),4,0.9375,,,,0.0011243820190429688,0.00011587142944335938
algerian_forest_fires_46279,,,extra_tree,power,PassiveAggressiveClassifier(random_state=0),0,0.9795918367346939,,,,0.0011723041534423828,0.00011706352233886719
algerian_forest_fires_46279,,,extra_tree,power,PassiveAggressiveClassifier(random_state=0),1,0.9795918367346939,,,,0.0011970996856689453,0.00011587142944335938
algerian_forest_fires_46279,,,extra_tree,power,PassiveAggressiveClassifier(random_state=0),2,1.0,,,,0.0012106895446777344,0.00011849403381347656
algerian_forest_fires_46279,,,extra_tree,power,PassiveAggressiveClassifier(random_state=0),3,0.9375,,,,0.001218557357788086,0.00011754035949707031
algerian_forest_fires_46279,,,extra_tree,power,PassiveAggressiveClassifier(random_state=0),4,0.9791666666666666,,,,0.0012791156768798828,0.00012040138244628906
algerian_forest_fires_46279,,,linear_svc,power,PassiveAggressiveClassifier(random_state=0),0,1.0,,,,0.0011856555938720703,0.00011658668518066406
algerian_forest_fires_46279,,,linear_svc,power,PassiveAggressiveClassifier(random_state=0),1,0.9795918367346939,,,,0.0011527538299560547,0.00011587142944335938
algerian_forest_fires_46279,,,linear_svc,power,PassiveAggressiveClassifier(random_state=0),2,1.0,,,,0.0011143684387207031,0.00018334388732910156
algerian_forest_fires_46279,,,linear_svc,power,PassiveAggressiveClassifier(random_state=0),3,1.0,,,,0.0011818408966064453,0.00011587142944335938
algerian_forest_fires_46279,,,linear_svc,power,PassiveAggressiveClassifier(random_state=0),4,1.0,,,,0.0012140274047851562,0.00011849403381347656
algerian_forest_fires_46279,,,kernel_pca,power,PassiveAggressiveClassifier(random_state=0),0,1.0,,,,0.0015761852264404297,0.0001468658447265625
algerian_forest_fires_46279,,,kernel_pca,power,PassiveAggressiveClassifier(random_state=0),1,0.9795918367346939,,,,0.001837015151977539,0.0002071857452392578
algerian_forest_fires_46279,,,kernel_pca,power,PassiveAggressiveClassifier(random_state=0),2,0.9591836734693877,,,,0.001682281494140625,0.00013899803161621094
algerian_forest_fires_46279,,,kernel_pca,power,PassiveAggressiveClassifier(random_state=0),3,0.9791666666666666,,,,0.0016067028045654297,0.00015926361083984375
algerian_forest_fires_46279,,,kernel_pca,power,PassiveAggressiveClassifier(random_state=0),4,0.9791666666666666,,,,0.0018198490142822266,0.00013875961303710938
algerian_forest_fires_46279,,,,quantile,PassiveAggressiveClassifier(random_state=0),0,0.9183673469387755,,,,0.0015840530395507812,0.00018286705017089844
algerian_forest_fires_46279,,,,quantile,PassiveAggressiveClassifier(random_state=0),1,0.9591836734693877,,,,0.0014638900756835938,0.0001895427703857422
algerian_forest_fires_46279,,,,quantile,PassiveAggressiveClassifier(random_state=0),2,0.9387755102040817,,,,0.0015513896942138672,0.00013756752014160156
algerian_forest_fires_46279,,,,quantile,PassiveAggressiveClassifier(random_state=0),3,0.9583333333333334,,,,0.0014712810516357422,0.0001304149627685547
algerian_forest_fires_46279,,,,quantile,PassiveAggressiveClassifier(random_state=0),4,0.9583333333333334,,,,0.0013513565063476562,0.00015044212341308594
algerian_forest_fires_46279,,,pca,quantile,PassiveAggressiveClassifier(random_state=0),0,0.9795918367346939,,,,0.0012767314910888672,0.0001227855682373047
algerian_forest_fires_46279,,,pca,quantile,PassiveAggressiveClassifier(random_state=0),1,0.9795918367346939,,,,0.0013325214385986328,0.0001239776611328125
algerian_forest_fires_46279,,,pca,quantile,PassiveAggressiveClassifier(random_state=0),2,0.9795918367346939,,,,0.0014946460723876953,0.0001201629638671875
algerian_forest_fires_46279,,,pca,quantile,PassiveAggressiveClassifier(random_state=0),3,0.9583333333333334,,,,0.0011827945709228516,0.00013780593872070312
algerian_forest_fires_46279,,,pca,quantile,PassiveAggressiveClassifier(random_state=0),4,0.9583333333333334,,,,0.0012388229370117188,0.00011730194091796875
algerian_forest_fires_46279,,,fastica,quantile,PassiveAggressiveClassifier(random_state=0),0,0.9591836734693877,,,,0.0014946460723876953,0.0001513957977294922
algerian_forest_fires_46279,,,fastica,quantile,PassiveAggressiveClassifier(random_state=0),1,0.9795918367346939,,,,0.0012958049774169922,0.00011873245239257812
algerian_forest_fires_46279,,,fastica,quantile,PassiveAggressiveClassifier(random_state=0),2,0.9591836734693877,,,,0.0012476444244384766,0.000118255615234375
algerian_forest_fires_46279,,,fastica,quantile,PassiveAggressiveClassifier(random_state=0),3,1.0,,,,0.0013668537139892578,0.0001227855682373047
algerian_forest_fires_46279,,,fastica,quantile,PassiveAggressiveClassifier(random_state=0),4,0.9166666666666666,,,,0.0013413429260253906,0.00011849403381347656
algerian_forest_fires_46279,,,truncated_svd,quantile,PassiveAggressiveClassifier(random_state=0),0,0.7551020408163265,,,,0.0011081695556640625,0.00011515617370605469
algerian_forest_fires_46279,,,truncated_svd,quantile,PassiveAggressiveClassifier(random_state=0),1,0.8775510204081632,,,,0.0010726451873779297,0.0001232624053955078
algerian_forest_fires_46279,,,truncated_svd,quantile,PassiveAggressiveClassifier(random_state=0),2,0.8979591836734694,,,,0.0011298656463623047,0.00011539459228515625
algerian_forest_fires_46279,,,truncated_svd,quantile,PassiveAggressiveClassifier(random_state=0),3,0.9166666666666666,,,,0.0011053085327148438,0.00013494491577148438
algerian_forest_fires_46279,,,truncated_svd,quantile,PassiveAggressiveClassifier(random_state=0),4,0.9583333333333334,,,,0.0011088848114013672,0.0001220703125
algerian_forest_fires_46279,,,select_percentile,quantile,PassiveAggressiveClassifier(random_state=0),0,0.9387755102040817,,,,0.0011663436889648438,0.00013566017150878906
algerian_forest_fires_46279,,,select_percentile,quantile,PassiveAggressiveClassifier(random_state=0),1,0.9795918367346939,,,,0.0011589527130126953,0.00011682510375976562
algerian_forest_fires_46279,,,select_percentile,quantile,PassiveAggressiveClassifier(random_state=0),2,0.9795918367346939,,,,0.0011432170867919922,0.00012230873107910156
algerian_forest_fires_46279,,,select_percentile,quantile,PassiveAggressiveClassifier(random_state=0),3,1.0,,,,0.0012137889862060547,0.00011444091796875
algerian_forest_fires_46279,,,select_percentile,quantile,PassiveAggressiveClassifier(random_state=0),4,1.0,,,,0.0011396408081054688,0.00011372566223144531
algerian_forest_fires_46279,,,generic_univariate,quantile,PassiveAggressiveClassifier(random_state=0),0,0.9183673469387755,,,,0.001051187515258789,0.00011134147644042969
algerian_forest_fires_46279,,,generic_univariate,quantile,PassiveAggressiveClassifier(random_state=0),1,0.9795918367346939,,,,0.0011792182922363281,0.00013065338134765625
algerian_forest_fires_46279,,,generic_univariate,quantile,PassiveAggressiveClassifier(random_state=0),2,0.9591836734693877,,,,0.0011973381042480469,0.00011563301086425781
algerian_forest_fires_46279,,,generic_univariate,quantile,PassiveAggressiveClassifier(random_state=0),3,0.9583333333333334,,,,0.0011489391326904297,0.00011539459228515625
algerian_forest_fires_46279,,,generic_univariate,quantile,PassiveAggressiveClassifier(random_state=0),4,1.0,,,,0.0012149810791015625,0.00011515617370605469
algerian_forest_fires_46279,,,polynomial_features,quantile,PassiveAggressiveClassifier(random_state=0),0,0.9795918367346939,,,,0.0017631053924560547,0.00014281272888183594
algerian_forest_fires_46279,,,polynomial_features,quantile,PassiveAggressiveClassifier(random_state=0),1,0.9591836734693877,,,,0.0022339820861816406,0.00012803077697753906
algerian_forest_fires_46279,,,polynomial_features,quantile,PassiveAggressiveClassifier(random_state=0),2,0.9591836734693877,,,,0.002002716064453125,0.00018024444580078125
algerian_forest_fires_46279,,,polynomial_features,quantile,PassiveAggressiveClassifier(random_state=0),3,0.9583333333333334,,,,0.0017023086547851562,0.00012063980102539062
algerian_forest_fires_46279,,,polynomial_features,quantile,PassiveAggressiveClassifier(random_state=0),4,0.9375,,,,0.002135753631591797,0.00012111663818359375
algerian_forest_fires_46279,,,nystroem,quantile,PassiveAggressiveClassifier(random_state=0),0,0.9591836734693877,,,,0.0031533241271972656,0.00015282630920410156
algerian_forest_fires_46279,,,nystroem,quantile,PassiveAggressiveClassifier(random_state=0),1,0.9795918367346939,,,,0.0024917125701904297,0.00015735626220703125
algerian_forest_fires_46279,,,nystroem,quantile,PassiveAggressiveClassifier(random_state=0),2,0.8979591836734694,,,,0.0017604827880859375,0.0001456737518310547
algerian_forest_fires_46279,,,nystroem,quantile,PassiveAggressiveClassifier(random_state=0),3,0.9583333333333334,,,,0.002206087112426758,0.00014209747314453125
algerian_forest_fires_46279,,,nystroem,quantile,PassiveAggressiveClassifier(random_state=0),4,0.9791666666666666,,,,0.002384662628173828,0.0001461505889892578
algerian_forest_fires_46279,,,rbf_sampler,quantile,PassiveAggressiveClassifier(random_state=0),0,0.9591836734693877,,,,0.002383708953857422,0.0001614093780517578
algerian_forest_fires_46279,,,rbf_sampler,quantile,PassiveAggressiveClassifier(random_state=0),1,0.9591836734693877,,,,0.0022628307342529297,0.00016307830810546875
algerian_forest_fires_46279,,,rbf_sampler,quantile,PassiveAggressiveClassifier(random_state=0),2,0.9387755102040817,,,,0.002300739288330078,0.0001461505889892578
algerian_forest_fires_46279,,,rbf_sampler,quantile,PassiveAggressiveClassifier(random_state=0),3,0.9583333333333334,,,,0.0020864009857177734,0.0001399517059326172
algerian_forest_fires_46279,,,rbf_sampler,quantile,PassiveAggressiveClassifier(random_state=0),4,0.8958333333333334,,,,0.002023458480834961,0.00012683868408203125
algerian_forest_fires_46279,,,random_trees_embedding,quantile,PassiveAggressiveClassifier(random_state=0),0,0.9795918367346939,,,,0.0017309188842773438,0.00013184547424316406
algerian_forest_fires_46279,,,random_trees_embedding,quantile,PassiveAggressiveClassifier(random_state=0),1,1.0,,,,0.0017063617706298828,0.00015544891357421875
algerian_forest_fires_46279,,,random_trees_embedding,quantile,PassiveAggressiveClassifier(random_state=0),2,0.9795918367346939,,,,0.0017015933990478516,0.0001347064971923828
algerian_forest_fires_46279,,,random_trees_embedding,quantile,PassiveAggressiveClassifier(random_state=0),3,0.9375,,,,0.0017371177673339844,0.00015473365783691406
algerian_forest_fires_46279,,,random_trees_embedding,quantile,PassiveAggressiveClassifier(random_state=0),4,0.9791666666666666,,,,0.0017743110656738281,0.00013756752014160156
algerian_forest_fires_46279,,,feature_agglomeration,quantile,PassiveAggressiveClassifier(random_state=0),0,0.8571428571428571,,,,0.0012116432189941406,0.000118255615234375
algerian_forest_fires_46279,,,feature_agglomeration,quantile,PassiveAggressiveClassifier(random_state=0),1,0.8979591836734694,,,,0.0012159347534179688,0.00011849403381347656
algerian_forest_fires_46279,,,feature_agglomeration,quantile,PassiveAggressiveClassifier(random_state=0),2,0.8775510204081632,,,,0.001123666763305664,0.00011658668518066406
algerian_forest_fires_46279,,,feature_agglomeration,quantile,PassiveAggressiveClassifier(random_state=0),3,0.9375,,,,0.0011336803436279297,0.00011491775512695312
algerian_forest_fires_46279,,,feature_agglomeration,quantile,PassiveAggressiveClassifier(random_state=0),4,0.9583333333333334,,,,0.0011904239654541016,0.00011706352233886719
algerian_forest_fires_46279,,,extra_tree,quantile,PassiveAggressiveClassifier(random_state=0),0,0.9183673469387755,,,,0.00124359130859375,0.00011992454528808594
algerian_forest_fires_46279,,,extra_tree,quantile,PassiveAggressiveClassifier(random_state=0),1,0.9795918367346939,,,,0.0012826919555664062,0.00011920928955078125
algerian_forest_fires_46279,,,extra_tree,quantile,PassiveAggressiveClassifier(random_state=0),2,0.9591836734693877,,,,0.001287221908569336,0.00014019012451171875
algerian_forest_fires_46279,,,extra_tree,quantile,PassiveAggressiveClassifier(random_state=0),3,0.9791666666666666,,,,0.00121307373046875,0.00012040138244628906
algerian_forest_fires_46279,,,extra_tree,quantile,PassiveAggressiveClassifier(random_state=0),4,0.9791666666666666,,,,0.0012390613555908203,0.00011658668518066406
algerian_forest_fires_46279,,,linear_svc,quantile,PassiveAggressiveClassifier(random_state=0),0,0.9591836734693877,,,,0.0012502670288085938,0.00011873245239257812
algerian_forest_fires_46279,,,linear_svc,quantile,PassiveAggressiveClassifier(random_state=0),1,0.9795918367346939,,,,0.001219034194946289,0.00011992454528808594
algerian_forest_fires_46279,,,linear_svc,quantile,PassiveAggressiveClassifier(random_state=0),2,0.9795918367346939,,,,0.0012772083282470703,0.00011897087097167969
algerian_forest_fires_46279,,,linear_svc,quantile,PassiveAggressiveClassifier(random_state=0),3,0.9583333333333334,,,,0.0012776851654052734,0.0001220703125
algerian_forest_fires_46279,,,linear_svc,quantile,PassiveAggressiveClassifier(random_state=0),4,0.9791666666666666,,,,0.001165151596069336,0.00011539459228515625
algerian_forest_fires_46279,,,kernel_pca,quantile,PassiveAggressiveClassifier(random_state=0),0,0.9795918367346939,,,,0.0015659332275390625,0.0001404285430908203
algerian_forest_fires_46279,,,kernel_pca,quantile,PassiveAggressiveClassifier(random_state=0),1,0.9795918367346939,,,,0.001961946487426758,0.00015306472778320312
algerian_forest_fires_46279,,,kernel_pca,quantile,PassiveAggressiveClassifier(random_state=0),2,0.9795918367346939,,,,0.0018804073333740234,0.00017690658569335938
algerian_forest_fires_46279,,,kernel_pca,quantile,PassiveAggressiveClassifier(random_state=0),3,0.9583333333333334,,,,0.0015110969543457031,0.0001647472381591797
algerian_forest_fires_46279,,,kernel_pca,quantile,PassiveAggressiveClassifier(random_state=0),4,0.9583333333333334,,,,0.0016977787017822266,0.00014352798461914062
algerian_forest_fires_46279,,onehot,,,PassiveAggressiveClassifier(random_state=0),0,0.673469387755102,,,No using One Hot,0.0025031566619873047,0.0010280609130859375
algerian_forest_fires_46279,,onehot,,,PassiveAggressiveClassifier(random_state=0),1,0.6326530612244898,,,No using One Hot,0.0023987293243408203,0.0009348392486572266
algerian_forest_fires_46279,,onehot,,,PassiveAggressiveClassifier(random_state=0),2,0.6530612244897959,,,No using One Hot,0.0021317005157470703,0.0009055137634277344
algerian_forest_fires_46279,,onehot,,,PassiveAggressiveClassifier(random_state=0),3,0.625,,,No using One Hot,0.002285480499267578,0.0009131431579589844
algerian_forest_fires_46279,,onehot,,,PassiveAggressiveClassifier(random_state=0),4,0.8958333333333334,,,No using One Hot,0.002255678176879883,0.0008552074432373047
algerian_forest_fires_46279,,onehot,pca,,PassiveAggressiveClassifier(random_state=0),0,0.9795918367346939,,,No using One Hot,0.0012233257293701172,0.00011754035949707031
algerian_forest_fires_46279,,onehot,pca,,PassiveAggressiveClassifier(random_state=0),1,0.9795918367346939,,,No using One Hot,0.0012676715850830078,0.00011801719665527344
algerian_forest_fires_46279,,onehot,pca,,PassiveAggressiveClassifier(random_state=0),2,0.9795918367346939,,,No using One Hot,0.0011415481567382812,0.00011587142944335938
algerian_forest_fires_46279,,onehot,pca,,PassiveAggressiveClassifier(random_state=0),3,0.9791666666666666,,,No using One Hot,0.0013225078582763672,0.00011777877807617188
algerian_forest_fires_46279,,onehot,pca,,PassiveAggressiveClassifier(random_state=0),4,0.9583333333333334,,,No using One Hot,0.0012919902801513672,0.00011992454528808594
algerian_forest_fires_46279,,onehot,fastica,,PassiveAggressiveClassifier(random_state=0),0,0.7959183673469388,,,No using One Hot,0.001522064208984375,0.00012159347534179688
algerian_forest_fires_46279,,onehot,fastica,,PassiveAggressiveClassifier(random_state=0),1,0.9183673469387755,,,No using One Hot,0.0013151168823242188,0.00011897087097167969
algerian_forest_fires_46279,,onehot,fastica,,PassiveAggressiveClassifier(random_state=0),2,0.9795918367346939,,,No using One Hot,0.001216888427734375,0.00012111663818359375
algerian_forest_fires_46279,,onehot,fastica,,PassiveAggressiveClassifier(random_state=0),3,0.9583333333333334,,,No using One Hot,0.0014781951904296875,0.00019049644470214844
algerian_forest_fires_46279,,onehot,fastica,,PassiveAggressiveClassifier(random_state=0),4,0.9583333333333334,,,No using One Hot,0.0012400150299072266,0.0001227855682373047
algerian_forest_fires_46279,,onehot,truncated_svd,,PassiveAggressiveClassifier(random_state=0),0,0.6122448979591837,,,No using One Hot,0.0011126995086669922,0.00012302398681640625
algerian_forest_fires_46279,,onehot,truncated_svd,,PassiveAggressiveClassifier(random_state=0),1,0.5306122448979592,,,No using One Hot,0.0011301040649414062,0.00011563301086425781
algerian_forest_fires_46279,,onehot,truncated_svd,,PassiveAggressiveClassifier(random_state=0),2,0.46938775510204084,,,No using One Hot,0.001251220703125,0.00012755393981933594
algerian_forest_fires_46279,,onehot,truncated_svd,,PassiveAggressiveClassifier(random_state=0),3,0.6041666666666666,,,No using One Hot,0.0011813640594482422,0.00011491775512695312
algerian_forest_fires_46279,,onehot,truncated_svd,,PassiveAggressiveClassifier(random_state=0),4,0.625,,,No using One Hot,0.0012042522430419922,0.0001735687255859375
algerian_forest_fires_46279,,onehot,select_percentile,,PassiveAggressiveClassifier(random_state=0),0,0.8979591836734694,,,No using One Hot,0.0012159347534179688,0.00011467933654785156
algerian_forest_fires_46279,,onehot,select_percentile,,PassiveAggressiveClassifier(random_state=0),1,0.9795918367346939,,,No using One Hot,0.001386880874633789,0.00011682510375976562
algerian_forest_fires_46279,,onehot,select_percentile,,PassiveAggressiveClassifier(random_state=0),2,0.8571428571428571,,,No using One Hot,0.0014209747314453125,0.00011944770812988281
algerian_forest_fires_46279,,onehot,select_percentile,,PassiveAggressiveClassifier(random_state=0),3,0.9375,,,No using One Hot,0.0014090538024902344,0.00013184547424316406
algerian_forest_fires_46279,,onehot,select_percentile,,PassiveAggressiveClassifier(random_state=0),4,0.9166666666666666,,,No using One Hot,0.0012078285217285156,0.0001125335693359375
algerian_forest_fires_46279,,onehot,generic_univariate,,PassiveAggressiveClassifier(random_state=0),0,0.5510204081632653,,,No using One Hot,0.0011086463928222656,0.00011348724365234375
algerian_forest_fires_46279,,onehot,generic_univariate,,PassiveAggressiveClassifier(random_state=0),1,0.4489795918367347,,,No using One Hot,0.0010771751403808594,0.00011444091796875
algerian_forest_fires_46279,,onehot,generic_univariate,,PassiveAggressiveClassifier(random_state=0),2,0.42857142857142855,,,No using One Hot,0.0011355876922607422,0.00011515617370605469
algerian_forest_fires_46279,,onehot,generic_univariate,,PassiveAggressiveClassifier(random_state=0),3,0.6041666666666666,,,No using One Hot,0.0011565685272216797,0.00011515617370605469
algerian_forest_fires_46279,,onehot,generic_univariate,,PassiveAggressiveClassifier(random_state=0),4,0.4583333333333333,,,No using One Hot,0.001413106918334961,0.00019073486328125
algerian_forest_fires_46279,,onehot,polynomial_features,,PassiveAggressiveClassifier(random_state=0),0,0.673469387755102,,,No using One Hot,0.0016188621520996094,0.0001270771026611328
algerian_forest_fires_46279,,onehot,polynomial_features,,PassiveAggressiveClassifier(random_state=0),1,0.6326530612244898,,,No using One Hot,0.0020780563354492188,0.0001227855682373047
algerian_forest_fires_46279,,onehot,polynomial_features,,PassiveAggressiveClassifier(random_state=0),2,0.6530612244897959,,,No using One Hot,0.00217437744140625,0.00013256072998046875
algerian_forest_fires_46279,,onehot,polynomial_features,,PassiveAggressiveClassifier(random_state=0),3,0.625,,,No using One Hot,0.002670764923095703,0.000141143798828125
algerian_forest_fires_46279,,onehot,polynomial_features,,PassiveAggressiveClassifier(random_state=0),4,0.8958333333333334,,,No using One Hot,0.0022993087768554688,0.00012111663818359375
algerian_forest_fires_46279,,onehot,nystroem,,PassiveAggressiveClassifier(random_state=0),0,0.5510204081632653,,,No using One Hot,0.0019872188568115234,0.00013303756713867188
algerian_forest_fires_46279,,onehot,nystroem,,PassiveAggressiveClassifier(random_state=0),1,0.4489795918367347,,,No using One Hot,0.003525257110595703,0.00016498565673828125
algerian_forest_fires_46279,,onehot,nystroem,,PassiveAggressiveClassifier(random_state=0),2,0.5714285714285714,,,No using One Hot,0.002115488052368164,0.00013780593872070312
algerian_forest_fires_46279,,onehot,nystroem,,PassiveAggressiveClassifier(random_state=0),3,0.6041666666666666,,,No using One Hot,0.004040718078613281,0.0002193450927734375
algerian_forest_fires_46279,,onehot,nystroem,,PassiveAggressiveClassifier(random_state=0),4,0.5416666666666666,,,No using One Hot,0.002123117446899414,0.00014925003051757812
algerian_forest_fires_46279,,onehot,rbf_sampler,,PassiveAggressiveClassifier(random_state=0),0,0.6122448979591837,,,No using One Hot,0.00273895263671875,0.00018358230590820312
algerian_forest_fires_46279,,onehot,rbf_sampler,,PassiveAggressiveClassifier(random_state=0),1,0.5510204081632653,,,No using One Hot,0.011211872100830078,0.0002818107604980469
algerian_forest_fires_46279,,onehot,rbf_sampler,,PassiveAggressiveClassifier(random_state=0),2,0.5306122448979592,,,No using One Hot,0.0028030872344970703,0.00013494491577148438
algerian_forest_fires_46279,,onehot,rbf_sampler,,PassiveAggressiveClassifier(random_state=0),3,0.4791666666666667,,,No using One Hot,0.0020380020141601562,0.00012922286987304688
algerian_forest_fires_46279,,onehot,rbf_sampler,,PassiveAggressiveClassifier(random_state=0),4,0.5208333333333334,,,No using One Hot,0.0028009414672851562,0.00014066696166992188
algerian_forest_fires_46279,,onehot,random_trees_embedding,,PassiveAggressiveClassifier(random_state=0),0,0.9591836734693877,,,No using One Hot,0.0018661022186279297,0.00013756752014160156
algerian_forest_fires_46279,,onehot,random_trees_embedding,,PassiveAggressiveClassifier(random_state=0),1,0.9591836734693877,,,No using One Hot,0.001928567886352539,0.0001392364501953125
algerian_forest_fires_46279,,onehot,random_trees_embedding,,PassiveAggressiveClassifier(random_state=0),2,0.9591836734693877,,,No using One Hot,0.0020470619201660156,0.00014710426330566406
algerian_forest_fires_46279,,onehot,random_trees_embedding,,PassiveAggressiveClassifier(random_state=0),3,0.9791666666666666,,,No using One Hot,0.0018315315246582031,0.00013494491577148438
algerian_forest_fires_46279,,onehot,random_trees_embedding,,PassiveAggressiveClassifier(random_state=0),4,0.9375,,,No using One Hot,0.0018274784088134766,0.00013566017150878906
algerian_forest_fires_46279,,onehot,feature_agglomeration,,PassiveAggressiveClassifier(random_state=0),0,0.5510204081632653,,,No using One Hot,0.001169443130493164,0.00014138221740722656
algerian_forest_fires_46279,,onehot,feature_agglomeration,,PassiveAggressiveClassifier(random_state=0),1,0.4489795918367347,,,No using One Hot,0.0012004375457763672,0.0001201629638671875
algerian_forest_fires_46279,,onehot,feature_agglomeration,,PassiveAggressiveClassifier(random_state=0),2,0.42857142857142855,,,No using One Hot,0.001168966293334961,0.00011682510375976562
algerian_forest_fires_46279,,onehot,feature_agglomeration,,PassiveAggressiveClassifier(random_state=0),3,0.6041666666666666,,,No using One Hot,0.0012221336364746094,0.00011849403381347656
algerian_forest_fires_46279,,onehot,feature_agglomeration,,PassiveAggressiveClassifier(random_state=0),4,0.4583333333333333,,,No using One Hot,0.0012221336364746094,0.00011706352233886719
algerian_forest_fires_46279,,onehot,extra_tree,,PassiveAggressiveClassifier(random_state=0),0,0.8979591836734694,,,No using One Hot,0.0013813972473144531,0.00012040138244628906
algerian_forest_fires_46279,,onehot,extra_tree,,PassiveAggressiveClassifier(random_state=0),1,0.9387755102040817,,,No using One Hot,0.0012636184692382812,0.00011920928955078125
algerian_forest_fires_46279,,onehot,extra_tree,,PassiveAggressiveClassifier(random_state=0),2,0.8571428571428571,,,No using One Hot,0.0013964176177978516,0.00011754035949707031
algerian_forest_fires_46279,,onehot,extra_tree,,PassiveAggressiveClassifier(random_state=0),3,0.9583333333333334,,,No using One Hot,0.0014581680297851562,0.00012111663818359375
algerian_forest_fires_46279,,onehot,extra_tree,,PassiveAggressiveClassifier(random_state=0),4,0.9583333333333334,,,No using One Hot,0.0012226104736328125,0.00011754035949707031
algerian_forest_fires_46279,,onehot,linear_svc,,PassiveAggressiveClassifier(random_state=0),0,0.8775510204081632,,,No using One Hot,0.0013370513916015625,0.0001354217529296875
algerian_forest_fires_46279,,onehot,linear_svc,,PassiveAggressiveClassifier(random_state=0),1,0.9387755102040817,,,No using One Hot,0.0012469291687011719,0.00011777877807617188
algerian_forest_fires_46279,,onehot,linear_svc,,PassiveAggressiveClassifier(random_state=0),2,0.9387755102040817,,,No using One Hot,0.0012211799621582031,0.00011587142944335938
algerian_forest_fires_46279,,onehot,linear_svc,,PassiveAggressiveClassifier(random_state=0),3,0.9375,,,No using One Hot,0.0013275146484375,0.0001163482666015625
algerian_forest_fires_46279,,onehot,linear_svc,,PassiveAggressiveClassifier(random_state=0),4,0.8541666666666666,,,No using One Hot,0.0011785030364990234,0.0001163482666015625
algerian_forest_fires_46279,,onehot,kernel_pca,,PassiveAggressiveClassifier(random_state=0),0,0.9795918367346939,,,No using One Hot,0.0044324398040771484,0.0001652240753173828
algerian_forest_fires_46279,,onehot,kernel_pca,,PassiveAggressiveClassifier(random_state=0),1,0.9795918367346939,,,No using One Hot,0.0018992424011230469,0.0001785755157470703
algerian_forest_fires_46279,,onehot,kernel_pca,,PassiveAggressiveClassifier(random_state=0),2,0.9795918367346939,,,No using One Hot,0.0011997222900390625,0.0001430511474609375
algerian_forest_fires_46279,,onehot,kernel_pca,,PassiveAggressiveClassifier(random_state=0),3,0.9791666666666666,,,No using One Hot,0.0019123554229736328,0.00014781951904296875
algerian_forest_fires_46279,,onehot,kernel_pca,,PassiveAggressiveClassifier(random_state=0),4,0.9583333333333334,,,No using One Hot,0.0017352104187011719,0.0001506805419921875
algerian_forest_fires_46279,,onehot,,standard,PassiveAggressiveClassifier(random_state=0),0,0.9591836734693877,,,No using One Hot,0.001575469970703125,0.00016117095947265625
algerian_forest_fires_46279,,onehot,,standard,PassiveAggressiveClassifier(random_state=0),1,0.9795918367346939,,,No using One Hot,0.0016918182373046875,0.0003039836883544922
algerian_forest_fires_46279,,onehot,,standard,PassiveAggressiveClassifier(random_state=0),2,1.0,,,No using One Hot,0.002082347869873047,0.00022339820861816406
algerian_forest_fires_46279,,onehot,,standard,PassiveAggressiveClassifier(random_state=0),3,0.9583333333333334,,,No using One Hot,0.0017976760864257812,0.00013399124145507812
algerian_forest_fires_46279,,onehot,,standard,PassiveAggressiveClassifier(random_state=0),4,0.9583333333333334,,,No using One Hot,0.0014116764068603516,0.0001246929168701172
algerian_forest_fires_46279,,onehot,pca,standard,PassiveAggressiveClassifier(random_state=0),0,0.9591836734693877,,,No using One Hot,0.001386404037475586,0.00013136863708496094
algerian_forest_fires_46279,,onehot,pca,standard,PassiveAggressiveClassifier(random_state=0),1,0.9795918367346939,,,No using One Hot,0.0013740062713623047,0.00011873245239257812
algerian_forest_fires_46279,,onehot,pca,standard,PassiveAggressiveClassifier(random_state=0),2,1.0,,,No using One Hot,0.0012812614440917969,0.00011730194091796875
algerian_forest_fires_46279,,onehot,pca,standard,PassiveAggressiveClassifier(random_state=0),3,0.9583333333333334,,,No using One Hot,0.001195669174194336,0.00011515617370605469
algerian_forest_fires_46279,,onehot,pca,standard,PassiveAggressiveClassifier(random_state=0),4,0.9583333333333334,,,No using One Hot,0.0013175010681152344,0.00011730194091796875
algerian_forest_fires_46279,,onehot,fastica,standard,PassiveAggressiveClassifier(random_state=0),0,0.7959183673469388,,,No using One Hot,0.0012698173522949219,0.00013828277587890625
algerian_forest_fires_46279,,onehot,fastica,standard,PassiveAggressiveClassifier(random_state=0),1,0.4489795918367347,,,No using One Hot,0.0011866092681884766,0.00011992454528808594
algerian_forest_fires_46279,,onehot,fastica,standard,PassiveAggressiveClassifier(random_state=0),2,0.9795918367346939,,,No using One Hot,0.0011959075927734375,0.00011658668518066406
algerian_forest_fires_46279,,onehot,fastica,standard,PassiveAggressiveClassifier(random_state=0),3,0.9583333333333334,,,No using One Hot,0.001275777816772461,0.00012040138244628906
algerian_forest_fires_46279,,onehot,fastica,standard,PassiveAggressiveClassifier(random_state=0),4,0.9375,,,No using One Hot,0.0013051033020019531,0.00012183189392089844
algerian_forest_fires_46279,,onehot,truncated_svd,standard,PassiveAggressiveClassifier(random_state=0),0,0.7959183673469388,,,No using One Hot,0.0011386871337890625,0.00011539459228515625
algerian_forest_fires_46279,,onehot,truncated_svd,standard,PassiveAggressiveClassifier(random_state=0),1,0.8367346938775511,,,No using One Hot,0.0011184215545654297,0.0001232624053955078
algerian_forest_fires_46279,,onehot,truncated_svd,standard,PassiveAggressiveClassifier(random_state=0),2,0.8163265306122449,,,No using One Hot,0.0011873245239257812,0.00014781951904296875
algerian_forest_fires_46279,,onehot,truncated_svd,standard,PassiveAggressiveClassifier(random_state=0),3,0.9166666666666666,,,No using One Hot,0.0011599063873291016,0.00011920928955078125
algerian_forest_fires_46279,,onehot,truncated_svd,standard,PassiveAggressiveClassifier(random_state=0),4,0.5416666666666666,,,No using One Hot,0.001165151596069336,0.00011467933654785156
algerian_forest_fires_46279,,onehot,select_percentile,standard,PassiveAggressiveClassifier(random_state=0),0,0.9387755102040817,,,No using One Hot,0.0011243820190429688,0.00011706352233886719
algerian_forest_fires_46279,,onehot,select_percentile,standard,PassiveAggressiveClassifier(random_state=0),1,0.9795918367346939,,,No using One Hot,0.0011706352233886719,0.00011587142944335938
algerian_forest_fires_46279,,onehot,select_percentile,standard,PassiveAggressiveClassifier(random_state=0),2,0.9795918367346939,,,No using One Hot,0.0010700225830078125,0.00011467933654785156
algerian_forest_fires_46279,,onehot,select_percentile,standard,PassiveAggressiveClassifier(random_state=0),3,1.0,,,No using One Hot,0.0011336803436279297,0.00011491775512695312
algerian_forest_fires_46279,,onehot,select_percentile,standard,PassiveAggressiveClassifier(random_state=0),4,0.9583333333333334,,,No using One Hot,0.0011074542999267578,0.00011467933654785156
algerian_forest_fires_46279,,onehot,generic_univariate,standard,PassiveAggressiveClassifier(random_state=0),0,0.9387755102040817,,,No using One Hot,0.0011262893676757812,0.00011372566223144531
algerian_forest_fires_46279,,onehot,generic_univariate,standard,PassiveAggressiveClassifier(random_state=0),1,0.9591836734693877,,,No using One Hot,0.0011150836944580078,0.00013113021850585938
algerian_forest_fires_46279,,onehot,generic_univariate,standard,PassiveAggressiveClassifier(random_state=0),2,0.9591836734693877,,,No using One Hot,0.0010690689086914062,0.000110626220703125
algerian_forest_fires_46279,,onehot,generic_univariate,standard,PassiveAggressiveClassifier(random_state=0),3,0.9791666666666666,,,No using One Hot,0.0011167526245117188,0.00011014938354492188
algerian_forest_fires_46279,,onehot,generic_univariate,standard,PassiveAggressiveClassifier(random_state=0),4,0.9583333333333334,,,No using One Hot,0.0010509490966796875,0.00013375282287597656
algerian_forest_fires_46279,,onehot,polynomial_features,standard,PassiveAggressiveClassifier(random_state=0),0,0.9387755102040817,,,No using One Hot,0.0026092529296875,0.000125885009765625
algerian_forest_fires_46279,,onehot,polynomial_features,standard,PassiveAggressiveClassifier(random_state=0),1,0.9387755102040817,,,No using One Hot,0.0024759769439697266,0.0001227855682373047
algerian_forest_fires_46279,,onehot,polynomial_features,standard,PassiveAggressiveClassifier(random_state=0),2,0.9387755102040817,,,No using One Hot,0.0021207332611083984,0.0001399517059326172
algerian_forest_fires_46279,,onehot,polynomial_features,standard,PassiveAggressiveClassifier(random_state=0),3,0.9583333333333334,,,No using One Hot,0.0019538402557373047,0.0001232624053955078
algerian_forest_fires_46279,,onehot,polynomial_features,standard,PassiveAggressiveClassifier(random_state=0),4,0.9583333333333334,,,No using One Hot,0.002241849899291992,0.00012421607971191406
algerian_forest_fires_46279,,onehot,nystroem,standard,PassiveAggressiveClassifier(random_state=0),0,0.9387755102040817,,,No using One Hot,0.003726482391357422,0.00020241737365722656
algerian_forest_fires_46279,,onehot,nystroem,standard,PassiveAggressiveClassifier(random_state=0),1,0.9591836734693877,,,No using One Hot,0.003350496292114258,0.00014853477478027344
algerian_forest_fires_46279,,onehot,nystroem,standard,PassiveAggressiveClassifier(random_state=0),2,0.9795918367346939,,,No using One Hot,0.00591731071472168,0.00019049644470214844
algerian_forest_fires_46279,,onehot,nystroem,standard,PassiveAggressiveClassifier(random_state=0),3,0.9791666666666666,,,No using One Hot,0.003983497619628906,0.00018405914306640625
algerian_forest_fires_46279,,onehot,nystroem,standard,PassiveAggressiveClassifier(random_state=0),4,0.9583333333333334,,,No using One Hot,0.003198862075805664,0.0001571178436279297
algerian_forest_fires_46279,,onehot,rbf_sampler,standard,PassiveAggressiveClassifier(random_state=0),0,0.6326530612244898,,,No using One Hot,0.0047643184661865234,0.00018215179443359375
algerian_forest_fires_46279,,onehot,rbf_sampler,standard,PassiveAggressiveClassifier(random_state=0),1,0.7142857142857143,,,No using One Hot,0.013315200805664062,0.0002110004425048828
algerian_forest_fires_46279,,onehot,rbf_sampler,standard,PassiveAggressiveClassifier(random_state=0),2,0.6326530612244898,,,No using One Hot,0.002115964889526367,0.0001342296600341797
algerian_forest_fires_46279,,onehot,rbf_sampler,standard,PassiveAggressiveClassifier(random_state=0),3,0.625,,,No using One Hot,0.001947164535522461,0.00012803077697753906
algerian_forest_fires_46279,,onehot,rbf_sampler,standard,PassiveAggressiveClassifier(random_state=0),4,0.5625,,,No using One Hot,0.0038573741912841797,0.00013518333435058594
algerian_forest_fires_46279,,onehot,random_trees_embedding,standard,PassiveAggressiveClassifier(random_state=0),0,0.9591836734693877,,,No using One Hot,0.0018014907836914062,0.00016236305236816406
algerian_forest_fires_46279,,onehot,random_trees_embedding,standard,PassiveAggressiveClassifier(random_state=0),1,0.9591836734693877,,,No using One Hot,0.0017867088317871094,0.00013589859008789062
algerian_forest_fires_46279,,onehot,random_trees_embedding,standard,PassiveAggressiveClassifier(random_state=0),2,0.9591836734693877,,,No using One Hot,0.001783132553100586,0.00013589859008789062
algerian_forest_fires_46279,,onehot,random_trees_embedding,standard,PassiveAggressiveClassifier(random_state=0),3,0.9791666666666666,,,No using One Hot,0.0017919540405273438,0.00015354156494140625
algerian_forest_fires_46279,,onehot,random_trees_embedding,standard,PassiveAggressiveClassifier(random_state=0),4,0.9375,,,No using One Hot,0.001726388931274414,0.00013566017150878906
algerian_forest_fires_46279,,onehot,feature_agglomeration,standard,PassiveAggressiveClassifier(random_state=0),0,0.8367346938775511,,,No using One Hot,0.0012297630310058594,0.0001506805419921875
algerian_forest_fires_46279,,onehot,feature_agglomeration,standard,PassiveAggressiveClassifier(random_state=0),1,0.8775510204081632,,,No using One Hot,0.0013554096221923828,0.00016808509826660156
algerian_forest_fires_46279,,onehot,feature_agglomeration,standard,PassiveAggressiveClassifier(random_state=0),2,0.8775510204081632,,,No using One Hot,0.0012180805206298828,0.00014972686767578125
algerian_forest_fires_46279,,onehot,feature_agglomeration,standard,PassiveAggressiveClassifier(random_state=0),3,0.7291666666666666,,,No using One Hot,0.001173257827758789,0.00011610984802246094
algerian_forest_fires_46279,,onehot,feature_agglomeration,standard,PassiveAggressiveClassifier(random_state=0),4,0.9166666666666666,,,No using One Hot,0.0011467933654785156,0.00011467933654785156
algerian_forest_fires_46279,,onehot,extra_tree,standard,PassiveAggressiveClassifier(random_state=0),0,0.9795918367346939,,,No using One Hot,0.0012586116790771484,0.00012183189392089844
algerian_forest_fires_46279,,onehot,extra_tree,standard,PassiveAggressiveClassifier(random_state=0),1,0.9591836734693877,,,No using One Hot,0.0011911392211914062,0.00011920928955078125
algerian_forest_fires_46279,,onehot,extra_tree,standard,PassiveAggressiveClassifier(random_state=0),2,1.0,,,No using One Hot,0.001188039779663086,0.00011706352233886719
algerian_forest_fires_46279,,onehot,extra_tree,standard,PassiveAggressiveClassifier(random_state=0),3,0.9375,,,No using One Hot,0.0012142658233642578,0.00011897087097167969
algerian_forest_fires_46279,,onehot,extra_tree,standard,PassiveAggressiveClassifier(random_state=0),4,1.0,,,No using One Hot,0.0011870861053466797,0.00011706352233886719
algerian_forest_fires_46279,,onehot,linear_svc,standard,PassiveAggressiveClassifier(random_state=0),0,0.9795918367346939,,,No using One Hot,0.0013053417205810547,0.00014138221740722656
algerian_forest_fires_46279,,onehot,linear_svc,standard,PassiveAggressiveClassifier(random_state=0),1,0.9795918367346939,,,No using One Hot,0.001123189926147461,0.00011610984802246094
algerian_forest_fires_46279,,onehot,linear_svc,standard,PassiveAggressiveClassifier(random_state=0),2,1.0,,,No using One Hot,0.0011043548583984375,0.00011658668518066406
algerian_forest_fires_46279,,onehot,linear_svc,standard,PassiveAggressiveClassifier(random_state=0),3,0.9791666666666666,,,No using One Hot,0.0012507438659667969,0.00014019012451171875
algerian_forest_fires_46279,,onehot,linear_svc,standard,PassiveAggressiveClassifier(random_state=0),4,0.9791666666666666,,,No using One Hot,0.0011658668518066406,0.00011730194091796875
algerian_forest_fires_46279,,onehot,kernel_pca,standard,PassiveAggressiveClassifier(random_state=0),0,0.9591836734693877,,,No using One Hot,0.0016601085662841797,0.00014019012451171875
algerian_forest_fires_46279,,onehot,kernel_pca,standard,PassiveAggressiveClassifier(random_state=0),1,0.9795918367346939,,,No using One Hot,0.001995086669921875,0.0002224445343017578
algerian_forest_fires_46279,,onehot,kernel_pca,standard,PassiveAggressiveClassifier(random_state=0),2,1.0,,,No using One Hot,0.001832723617553711,0.0001423358917236328
algerian_forest_fires_46279,,onehot,kernel_pca,standard,PassiveAggressiveClassifier(random_state=0),3,0.9583333333333334,,,No using One Hot,0.001554727554321289,0.00016736984252929688
algerian_forest_fires_46279,,onehot,kernel_pca,standard,PassiveAggressiveClassifier(random_state=0),4,0.9583333333333334,,,No using One Hot,0.0017452239990234375,0.00014066696166992188
algerian_forest_fires_46279,,onehot,,minmax,PassiveAggressiveClassifier(random_state=0),0,0.9591836734693877,,,No using One Hot,0.004044294357299805,0.0001544952392578125
algerian_forest_fires_46279,,onehot,,minmax,PassiveAggressiveClassifier(random_state=0),1,0.8775510204081632,,,No using One Hot,0.0015327930450439453,0.00014090538024902344
algerian_forest_fires_46279,,onehot,,minmax,PassiveAggressiveClassifier(random_state=0),2,0.9387755102040817,,,No using One Hot,0.0014009475708007812,0.0001285076141357422
algerian_forest_fires_46279,,onehot,,minmax,PassiveAggressiveClassifier(random_state=0),3,0.9583333333333334,,,No using One Hot,0.0012843608856201172,0.00012445449829101562
algerian_forest_fires_46279,,onehot,,minmax,PassiveAggressiveClassifier(random_state=0),4,0.9375,,,No using One Hot,0.0013642311096191406,0.00012803077697753906
algerian_forest_fires_46279,,onehot,pca,minmax,PassiveAggressiveClassifier(random_state=0),0,0.8979591836734694,,,No using One Hot,0.0013294219970703125,0.00011587142944335938
algerian_forest_fires_46279,,onehot,pca,minmax,PassiveAggressiveClassifier(random_state=0),1,0.9387755102040817,,,No using One Hot,0.0011622905731201172,0.00011491775512695312
algerian_forest_fires_46279,,onehot,pca,minmax,PassiveAggressiveClassifier(random_state=0),2,0.9183673469387755,,,No using One Hot,0.0012359619140625,0.00011777877807617188
algerian_forest_fires_46279,,onehot,pca,minmax,PassiveAggressiveClassifier(random_state=0),3,0.9583333333333334,,,No using One Hot,0.001199483871459961,0.00011563301086425781
algerian_forest_fires_46279,,onehot,pca,minmax,PassiveAggressiveClassifier(random_state=0),4,0.9583333333333334,,,No using One Hot,0.0012257099151611328,0.00013637542724609375
algerian_forest_fires_46279,,onehot,fastica,minmax,PassiveAggressiveClassifier(random_state=0),0,0.9591836734693877,,,No using One Hot,0.0012345314025878906,0.00011968612670898438
algerian_forest_fires_46279,,onehot,fastica,minmax,PassiveAggressiveClassifier(random_state=0),1,0.9795918367346939,,,No using One Hot,0.0013761520385742188,0.00012183189392089844
algerian_forest_fires_46279,,onehot,fastica,minmax,PassiveAggressiveClassifier(random_state=0),2,0.9591836734693877,,,No using One Hot,0.0013036727905273438,0.00013780593872070312
algerian_forest_fires_46279,,onehot,fastica,minmax,PassiveAggressiveClassifier(random_state=0),3,0.9583333333333334,,,No using One Hot,0.0012912750244140625,0.00011873245239257812
algerian_forest_fires_46279,,onehot,fastica,minmax,PassiveAggressiveClassifier(random_state=0),4,1.0,,,No using One Hot,0.0013201236724853516,0.00014591217041015625
algerian_forest_fires_46279,,onehot,truncated_svd,minmax,PassiveAggressiveClassifier(random_state=0),0,0.8163265306122449,,,No using One Hot,0.0011272430419921875,0.00011587142944335938
algerian_forest_fires_46279,,onehot,truncated_svd,minmax,PassiveAggressiveClassifier(random_state=0),1,0.8367346938775511,,,No using One Hot,0.001102447509765625,0.00011348724365234375
algerian_forest_fires_46279,,onehot,truncated_svd,minmax,PassiveAggressiveClassifier(random_state=0),2,0.8571428571428571,,,No using One Hot,0.0012531280517578125,0.00015807151794433594
algerian_forest_fires_46279,,onehot,truncated_svd,minmax,PassiveAggressiveClassifier(random_state=0),3,0.8958333333333334,,,No using One Hot,0.0011935234069824219,0.00011849403381347656
algerian_forest_fires_46279,,onehot,truncated_svd,minmax,PassiveAggressiveClassifier(random_state=0),4,0.6875,,,No using One Hot,0.0011758804321289062,0.00014090538024902344
algerian_forest_fires_46279,,onehot,select_percentile,minmax,PassiveAggressiveClassifier(random_state=0),0,0.9387755102040817,,,No using One Hot,0.0011267662048339844,0.0001385211944580078
algerian_forest_fires_46279,,onehot,select_percentile,minmax,PassiveAggressiveClassifier(random_state=0),1,1.0,,,No using One Hot,0.001150369644165039,0.00013136863708496094
algerian_forest_fires_46279,,onehot,select_percentile,minmax,PassiveAggressiveClassifier(random_state=0),2,0.9591836734693877,,,No using One Hot,0.0010919570922851562,0.00012302398681640625
algerian_forest_fires_46279,,onehot,select_percentile,minmax,PassiveAggressiveClassifier(random_state=0),3,0.9791666666666666,,,No using One Hot,0.0011374950408935547,0.00011324882507324219
algerian_forest_fires_46279,,onehot,select_percentile,minmax,PassiveAggressiveClassifier(random_state=0),4,0.9583333333333334,,,No using One Hot,0.0011432170867919922,0.00011301040649414062
algerian_forest_fires_46279,,onehot,generic_univariate,minmax,PassiveAggressiveClassifier(random_state=0),0,0.9795918367346939,,,No using One Hot,0.0011539459228515625,0.00011706352233886719
algerian_forest_fires_46279,,onehot,generic_univariate,minmax,PassiveAggressiveClassifier(random_state=0),1,0.9795918367346939,,,No using One Hot,0.0011670589447021484,0.00012803077697753906
algerian_forest_fires_46279,,onehot,generic_univariate,minmax,PassiveAggressiveClassifier(random_state=0),2,0.9591836734693877,,,No using One Hot,0.0013151168823242188,0.00011658668518066406
algerian_forest_fires_46279,,onehot,generic_univariate,minmax,PassiveAggressiveClassifier(random_state=0),3,0.9166666666666666,,,No using One Hot,0.0011186599731445312,0.00011467933654785156
algerian_forest_fires_46279,,onehot,generic_univariate,minmax,PassiveAggressiveClassifier(random_state=0),4,0.9583333333333334,,,No using One Hot,0.0012617111206054688,0.00011277198791503906
algerian_forest_fires_46279,,onehot,polynomial_features,minmax,PassiveAggressiveClassifier(random_state=0),0,0.9183673469387755,,,No using One Hot,0.0015196800231933594,0.00014019012451171875
algerian_forest_fires_46279,,onehot,polynomial_features,minmax,PassiveAggressiveClassifier(random_state=0),1,0.9591836734693877,,,No using One Hot,0.0017712116241455078,0.0001220703125
algerian_forest_fires_46279,,onehot,polynomial_features,minmax,PassiveAggressiveClassifier(random_state=0),2,0.9387755102040817,,,No using One Hot,0.002058744430541992,0.00012159347534179688
algerian_forest_fires_46279,,onehot,polynomial_features,minmax,PassiveAggressiveClassifier(random_state=0),3,0.9791666666666666,,,No using One Hot,0.0019261837005615234,0.00013065338134765625
algerian_forest_fires_46279,,onehot,polynomial_features,minmax,PassiveAggressiveClassifier(random_state=0),4,0.9791666666666666,,,No using One Hot,0.0018794536590576172,0.00013017654418945312
algerian_forest_fires_46279,,onehot,nystroem,minmax,PassiveAggressiveClassifier(random_state=0),0,0.9183673469387755,,,No using One Hot,0.0026247501373291016,0.0001544952392578125
algerian_forest_fires_46279,,onehot,nystroem,minmax,PassiveAggressiveClassifier(random_state=0),1,0.9591836734693877,,,No using One Hot,0.002691507339477539,0.00014138221740722656
algerian_forest_fires_46279,,onehot,nystroem,minmax,PassiveAggressiveClassifier(random_state=0),2,0.9183673469387755,,,No using One Hot,0.0024290084838867188,0.00028228759765625
algerian_forest_fires_46279,,onehot,nystroem,minmax,PassiveAggressiveClassifier(random_state=0),3,0.9166666666666666,,,No using One Hot,0.0022797584533691406,0.00014734268188476562
algerian_forest_fires_46279,,onehot,nystroem,minmax,PassiveAggressiveClassifier(random_state=0),4,0.9583333333333334,,,No using One Hot,0.003454923629760742,0.0003082752227783203
algerian_forest_fires_46279,,onehot,rbf_sampler,minmax,PassiveAggressiveClassifier(random_state=0),0,0.9795918367346939,,,No using One Hot,0.0023462772369384766,0.0001456737518310547
algerian_forest_fires_46279,,onehot,rbf_sampler,minmax,PassiveAggressiveClassifier(random_state=0),1,0.9387755102040817,,,No using One Hot,0.002092123031616211,0.00020384788513183594
algerian_forest_fires_46279,,onehot,rbf_sampler,minmax,PassiveAggressiveClassifier(random_state=0),2,0.8979591836734694,,,No using One Hot,0.002458333969116211,0.00015044212341308594
algerian_forest_fires_46279,,onehot,rbf_sampler,minmax,PassiveAggressiveClassifier(random_state=0),3,0.9583333333333334,,,No using One Hot,0.0021867752075195312,0.00024271011352539062
algerian_forest_fires_46279,,onehot,rbf_sampler,minmax,PassiveAggressiveClassifier(random_state=0),4,0.9583333333333334,,,No using One Hot,0.0019307136535644531,0.00013494491577148438
algerian_forest_fires_46279,,onehot,random_trees_embedding,minmax,PassiveAggressiveClassifier(random_state=0),0,0.9591836734693877,,,No using One Hot,0.001821756362915039,0.0001347064971923828
algerian_forest_fires_46279,,onehot,random_trees_embedding,minmax,PassiveAggressiveClassifier(random_state=0),1,0.9591836734693877,,,No using One Hot,0.0018739700317382812,0.0001347064971923828
algerian_forest_fires_46279,,onehot,random_trees_embedding,minmax,PassiveAggressiveClassifier(random_state=0),2,0.9591836734693877,,,No using One Hot,0.0017147064208984375,0.0001513957977294922
algerian_forest_fires_46279,,onehot,random_trees_embedding,minmax,PassiveAggressiveClassifier(random_state=0),3,0.9791666666666666,,,No using One Hot,0.0018737316131591797,0.00013303756713867188
algerian_forest_fires_46279,,onehot,random_trees_embedding,minmax,PassiveAggressiveClassifier(random_state=0),4,0.9375,,,No using One Hot,0.0017421245574951172,0.0001671314239501953
algerian_forest_fires_46279,,onehot,feature_agglomeration,minmax,PassiveAggressiveClassifier(random_state=0),0,0.8163265306122449,,,No using One Hot,0.0011661052703857422,0.00011444091796875
algerian_forest_fires_46279,,onehot,feature_agglomeration,minmax,PassiveAggressiveClassifier(random_state=0),1,0.7959183673469388,,,No using One Hot,0.0013437271118164062,0.00011730194091796875
algerian_forest_fires_46279,,onehot,feature_agglomeration,minmax,PassiveAggressiveClassifier(random_state=0),2,0.8571428571428571,,,No using One Hot,0.0012149810791015625,0.00011539459228515625
algerian_forest_fires_46279,,onehot,feature_agglomeration,minmax,PassiveAggressiveClassifier(random_state=0),3,0.8541666666666666,,,No using One Hot,0.0011715888977050781,0.00011658668518066406
algerian_forest_fires_46279,,onehot,feature_agglomeration,minmax,PassiveAggressiveClassifier(random_state=0),4,0.8958333333333334,,,No using One Hot,0.0012056827545166016,0.00011682510375976562
algerian_forest_fires_46279,,onehot,extra_tree,minmax,PassiveAggressiveClassifier(random_state=0),0,0.8571428571428571,,,No using One Hot,0.0011742115020751953,0.00011801719665527344
algerian_forest_fires_46279,,onehot,extra_tree,minmax,PassiveAggressiveClassifier(random_state=0),1,0.9795918367346939,,,No using One Hot,0.001256704330444336,0.0001163482666015625
algerian_forest_fires_46279,,onehot,extra_tree,minmax,PassiveAggressiveClassifier(random_state=0),2,0.8979591836734694,,,No using One Hot,0.001251220703125,0.00014066696166992188
algerian_forest_fires_46279,,onehot,extra_tree,minmax,PassiveAggressiveClassifier(random_state=0),3,1.0,,,No using One Hot,0.0012650489807128906,0.00011658668518066406
algerian_forest_fires_46279,,onehot,extra_tree,minmax,PassiveAggressiveClassifier(random_state=0),4,0.9791666666666666,,,No using One Hot,0.0012140274047851562,0.00011563301086425781
algerian_forest_fires_46279,,onehot,linear_svc,minmax,PassiveAggressiveClassifier(random_state=0),0,0.8775510204081632,,,No using One Hot,0.0011622905731201172,0.000118255615234375
algerian_forest_fires_46279,,onehot,linear_svc,minmax,PassiveAggressiveClassifier(random_state=0),1,0.9795918367346939,,,No using One Hot,0.0012867450714111328,0.00011587142944335938
algerian_forest_fires_46279,,onehot,linear_svc,minmax,PassiveAggressiveClassifier(random_state=0),2,0.9591836734693877,,,No using One Hot,0.0012524127960205078,0.00011706352233886719
algerian_forest_fires_46279,,onehot,linear_svc,minmax,PassiveAggressiveClassifier(random_state=0),3,0.9791666666666666,,,No using One Hot,0.0012464523315429688,0.00011992454528808594
algerian_forest_fires_46279,,onehot,linear_svc,minmax,PassiveAggressiveClassifier(random_state=0),4,0.9791666666666666,,,No using One Hot,0.0011553764343261719,0.00011706352233886719
algerian_forest_fires_46279,,onehot,kernel_pca,minmax,PassiveAggressiveClassifier(random_state=0),0,0.8775510204081632,,,No using One Hot,0.0019037723541259766,0.00013709068298339844
algerian_forest_fires_46279,,onehot,kernel_pca,minmax,PassiveAggressiveClassifier(random_state=0),1,0.9591836734693877,,,No using One Hot,0.0016715526580810547,0.00015687942504882812
algerian_forest_fires_46279,,onehot,kernel_pca,minmax,PassiveAggressiveClassifier(random_state=0),2,0.9183673469387755,,,No using One Hot,0.001596689224243164,0.00014495849609375
algerian_forest_fires_46279,,onehot,kernel_pca,minmax,PassiveAggressiveClassifier(random_state=0),3,0.9583333333333334,,,No using One Hot,0.0016283988952636719,0.00014400482177734375
algerian_forest_fires_46279,,onehot,kernel_pca,minmax,PassiveAggressiveClassifier(random_state=0),4,0.9583333333333334,,,No using One Hot,0.001739501953125,0.00014281272888183594
algerian_forest_fires_46279,,onehot,,robust,PassiveAggressiveClassifier(random_state=0),0,0.9387755102040817,,,No using One Hot,0.00154876708984375,0.000141143798828125
algerian_forest_fires_46279,,onehot,,robust,PassiveAggressiveClassifier(random_state=0),1,0.9591836734693877,,,No using One Hot,0.0014171600341796875,0.0001361370086669922
algerian_forest_fires_46279,,onehot,,robust,PassiveAggressiveClassifier(random_state=0),2,0.9795918367346939,,,No using One Hot,0.001714468002319336,0.00014138221740722656
algerian_forest_fires_46279,,onehot,,robust,PassiveAggressiveClassifier(random_state=0),3,0.9375,,,No using One Hot,0.0013854503631591797,0.00012826919555664062
algerian_forest_fires_46279,,onehot,,robust,PassiveAggressiveClassifier(random_state=0),4,0.9583333333333334,,,No using One Hot,0.0014002323150634766,0.00012946128845214844
algerian_forest_fires_46279,,onehot,pca,robust,PassiveAggressiveClassifier(random_state=0),0,0.8979591836734694,,,No using One Hot,0.001359701156616211,0.0001304149627685547
algerian_forest_fires_46279,,onehot,pca,robust,PassiveAggressiveClassifier(random_state=0),1,0.9795918367346939,,,No using One Hot,0.001256704330444336,0.00015473365783691406
algerian_forest_fires_46279,,onehot,pca,robust,PassiveAggressiveClassifier(random_state=0),2,0.9183673469387755,,,No using One Hot,0.0011391639709472656,0.00012063980102539062
algerian_forest_fires_46279,,onehot,pca,robust,PassiveAggressiveClassifier(random_state=0),3,0.9375,,,No using One Hot,0.0014801025390625,0.0001742839813232422
algerian_forest_fires_46279,,onehot,pca,robust,PassiveAggressiveClassifier(random_state=0),4,0.9791666666666666,,,No using One Hot,0.001332998275756836,0.00012159347534179688
algerian_forest_fires_46279,,onehot,fastica,robust,PassiveAggressiveClassifier(random_state=0),0,0.9387755102040817,,,No using One Hot,0.0012660026550292969,0.00011706352233886719
algerian_forest_fires_46279,,onehot,fastica,robust,PassiveAggressiveClassifier(random_state=0),1,0.6530612244897959,,,No using One Hot,0.0013871192932128906,0.00012731552124023438
algerian_forest_fires_46279,,onehot,fastica,robust,PassiveAggressiveClassifier(random_state=0),2,0.6938775510204082,,,No using One Hot,0.0014376640319824219,0.00012087821960449219
algerian_forest_fires_46279,,onehot,fastica,robust,PassiveAggressiveClassifier(random_state=0),3,0.9583333333333334,,,No using One Hot,0.0012383460998535156,0.00011754035949707031
algerian_forest_fires_46279,,onehot,fastica,robust,PassiveAggressiveClassifier(random_state=0),4,0.9375,,,No using One Hot,0.0012326240539550781,0.00011610984802246094
algerian_forest_fires_46279,,onehot,truncated_svd,robust,PassiveAggressiveClassifier(random_state=0),0,0.8571428571428571,,,No using One Hot,0.0011823177337646484,0.00011491775512695312
algerian_forest_fires_46279,,onehot,truncated_svd,robust,PassiveAggressiveClassifier(random_state=0),1,0.8775510204081632,,,No using One Hot,0.0011425018310546875,0.00012493133544921875
algerian_forest_fires_46279,,onehot,truncated_svd,robust,PassiveAggressiveClassifier(random_state=0),2,0.7959183673469388,,,No using One Hot,0.0011706352233886719,0.00011777877807617188
algerian_forest_fires_46279,,onehot,truncated_svd,robust,PassiveAggressiveClassifier(random_state=0),3,0.875,,,No using One Hot,0.0011277198791503906,0.00011467933654785156
algerian_forest_fires_46279,,onehot,truncated_svd,robust,PassiveAggressiveClassifier(random_state=0),4,0.9583333333333334,,,No using One Hot,0.0011773109436035156,0.000125885009765625
algerian_forest_fires_46279,,onehot,select_percentile,robust,PassiveAggressiveClassifier(random_state=0),0,0.9387755102040817,,,No using One Hot,0.0011739730834960938,0.00011920928955078125
algerian_forest_fires_46279,,onehot,select_percentile,robust,PassiveAggressiveClassifier(random_state=0),1,0.9795918367346939,,,No using One Hot,0.0011570453643798828,0.00011706352233886719
algerian_forest_fires_46279,,onehot,select_percentile,robust,PassiveAggressiveClassifier(random_state=0),2,0.9795918367346939,,,No using One Hot,0.0010552406311035156,0.0001366138458251953
algerian_forest_fires_46279,,onehot,select_percentile,robust,PassiveAggressiveClassifier(random_state=0),3,0.9791666666666666,,,No using One Hot,0.0011065006256103516,0.00011348724365234375
algerian_forest_fires_46279,,onehot,select_percentile,robust,PassiveAggressiveClassifier(random_state=0),4,1.0,,,No using One Hot,0.0011887550354003906,0.00011515617370605469
algerian_forest_fires_46279,,onehot,generic_univariate,robust,PassiveAggressiveClassifier(random_state=0),0,0.9591836734693877,,,No using One Hot,0.0010647773742675781,0.00011181831359863281
algerian_forest_fires_46279,,onehot,generic_univariate,robust,PassiveAggressiveClassifier(random_state=0),1,1.0,,,No using One Hot,0.0010907649993896484,0.00010991096496582031
algerian_forest_fires_46279,,onehot,generic_univariate,robust,PassiveAggressiveClassifier(random_state=0),2,0.9591836734693877,,,No using One Hot,0.0010304450988769531,0.00012564659118652344
algerian_forest_fires_46279,,onehot,generic_univariate,robust,PassiveAggressiveClassifier(random_state=0),3,0.9375,,,No using One Hot,0.0010488033294677734,0.00011134147644042969
algerian_forest_fires_46279,,onehot,generic_univariate,robust,PassiveAggressiveClassifier(random_state=0),4,0.9583333333333334,,,No using One Hot,0.0010440349578857422,0.00013184547424316406
algerian_forest_fires_46279,,onehot,polynomial_features,robust,PassiveAggressiveClassifier(random_state=0),0,0.9795918367346939,,,No using One Hot,0.0025701522827148438,0.00013256072998046875
algerian_forest_fires_46279,,onehot,polynomial_features,robust,PassiveAggressiveClassifier(random_state=0),1,0.9387755102040817,,,No using One Hot,0.0015769004821777344,0.00012636184692382812
algerian_forest_fires_46279,,onehot,polynomial_features,robust,PassiveAggressiveClassifier(random_state=0),2,0.9795918367346939,,,No using One Hot,0.0014259815216064453,0.00011777877807617188
algerian_forest_fires_46279,,onehot,polynomial_features,robust,PassiveAggressiveClassifier(random_state=0),3,0.9583333333333334,,,No using One Hot,0.0022573471069335938,0.0001533031463623047
algerian_forest_fires_46279,,onehot,polynomial_features,robust,PassiveAggressiveClassifier(random_state=0),4,0.9375,,,No using One Hot,0.0018808841705322266,0.0001201629638671875
algerian_forest_fires_46279,,onehot,nystroem,robust,PassiveAggressiveClassifier(random_state=0),0,0.9591836734693877,,,No using One Hot,0.003308534622192383,0.00015974044799804688
algerian_forest_fires_46279,,onehot,nystroem,robust,PassiveAggressiveClassifier(random_state=0),1,0.9591836734693877,,,No using One Hot,0.002913951873779297,0.00014472007751464844
algerian_forest_fires_46279,,onehot,nystroem,robust,PassiveAggressiveClassifier(random_state=0),2,0.9795918367346939,,,No using One Hot,0.0032150745391845703,0.00021791458129882812
algerian_forest_fires_46279,,onehot,nystroem,robust,PassiveAggressiveClassifier(random_state=0),3,0.9375,,,No using One Hot,0.0024526119232177734,0.0001544952392578125
algerian_forest_fires_46279,,onehot,nystroem,robust,PassiveAggressiveClassifier(random_state=0),4,0.9166666666666666,,,No using One Hot,0.0025856494903564453,0.0001468658447265625
algerian_forest_fires_46279,,onehot,rbf_sampler,robust,PassiveAggressiveClassifier(random_state=0),0,0.6938775510204082,,,No using One Hot,0.002665996551513672,0.0001513957977294922
algerian_forest_fires_46279,,onehot,rbf_sampler,robust,PassiveAggressiveClassifier(random_state=0),1,0.6326530612244898,,,No using One Hot,0.0030889511108398438,0.00023794174194335938
algerian_forest_fires_46279,,onehot,rbf_sampler,robust,PassiveAggressiveClassifier(random_state=0),2,0.5918367346938775,,,No using One Hot,0.0028438568115234375,0.0001437664031982422
algerian_forest_fires_46279,,onehot,rbf_sampler,robust,PassiveAggressiveClassifier(random_state=0),3,0.7291666666666666,,,No using One Hot,0.0021774768829345703,0.0001385211944580078
algerian_forest_fires_46279,,onehot,rbf_sampler,robust,PassiveAggressiveClassifier(random_state=0),4,0.6875,,,No using One Hot,0.002722024917602539,0.0001342296600341797
algerian_forest_fires_46279,,onehot,random_trees_embedding,robust,PassiveAggressiveClassifier(random_state=0),0,0.9591836734693877,,,No using One Hot,0.0018265247344970703,0.00013756752014160156
algerian_forest_fires_46279,,onehot,random_trees_embedding,robust,PassiveAggressiveClassifier(random_state=0),1,0.9591836734693877,,,No using One Hot,0.001758575439453125,0.0001347064971923828
algerian_forest_fires_46279,,onehot,random_trees_embedding,robust,PassiveAggressiveClassifier(random_state=0),2,0.9591836734693877,,,No using One Hot,0.0018050670623779297,0.0001456737518310547
algerian_forest_fires_46279,,onehot,random_trees_embedding,robust,PassiveAggressiveClassifier(random_state=0),3,0.9791666666666666,,,No using One Hot,0.00177764892578125,0.00013184547424316406
algerian_forest_fires_46279,,onehot,random_trees_embedding,robust,PassiveAggressiveClassifier(random_state=0),4,0.9375,,,No using One Hot,0.0018587112426757812,0.00015687942504882812
algerian_forest_fires_46279,,onehot,feature_agglomeration,robust,PassiveAggressiveClassifier(random_state=0),0,0.8163265306122449,,,No using One Hot,0.0011353492736816406,0.00013637542724609375
algerian_forest_fires_46279,,onehot,feature_agglomeration,robust,PassiveAggressiveClassifier(random_state=0),1,0.8163265306122449,,,No using One Hot,0.0012421607971191406,0.00014281272888183594
algerian_forest_fires_46279,,onehot,feature_agglomeration,robust,PassiveAggressiveClassifier(random_state=0),2,0.9183673469387755,,,No using One Hot,0.0012083053588867188,0.00011777877807617188
algerian_forest_fires_46279,,onehot,feature_agglomeration,robust,PassiveAggressiveClassifier(random_state=0),3,0.8958333333333334,,,No using One Hot,0.0010981559753417969,0.00011968612670898438
algerian_forest_fires_46279,,onehot,feature_agglomeration,robust,PassiveAggressiveClassifier(random_state=0),4,0.9166666666666666,,,No using One Hot,0.0011255741119384766,0.00011515617370605469
algerian_forest_fires_46279,,onehot,extra_tree,robust,PassiveAggressiveClassifier(random_state=0),0,0.9795918367346939,,,No using One Hot,0.001201629638671875,0.00011968612670898438
algerian_forest_fires_46279,,onehot,extra_tree,robust,PassiveAggressiveClassifier(random_state=0),1,0.9795918367346939,,,No using One Hot,0.0012650489807128906,0.00014138221740722656
algerian_forest_fires_46279,,onehot,extra_tree,robust,PassiveAggressiveClassifier(random_state=0),2,1.0,,,No using One Hot,0.0011928081512451172,0.00014066696166992188
algerian_forest_fires_46279,,onehot,extra_tree,robust,PassiveAggressiveClassifier(random_state=0),3,0.9375,,,No using One Hot,0.0012707710266113281,0.00011968612670898438
algerian_forest_fires_46279,,onehot,extra_tree,robust,PassiveAggressiveClassifier(random_state=0),4,1.0,,,No using One Hot,0.0011987686157226562,0.00011658668518066406
algerian_forest_fires_46279,,onehot,linear_svc,robust,PassiveAggressiveClassifier(random_state=0),0,0.9795918367346939,,,No using One Hot,0.0012423992156982422,0.00014138221740722656
algerian_forest_fires_46279,,onehot,linear_svc,robust,PassiveAggressiveClassifier(random_state=0),1,0.9795918367346939,,,No using One Hot,0.0011849403381347656,0.00012159347534179688
algerian_forest_fires_46279,,onehot,linear_svc,robust,PassiveAggressiveClassifier(random_state=0),2,0.9795918367346939,,,No using One Hot,0.0010645389556884766,0.00011444091796875
algerian_forest_fires_46279,,onehot,linear_svc,robust,PassiveAggressiveClassifier(random_state=0),3,0.9791666666666666,,,No using One Hot,0.001142740249633789,0.00011539459228515625
algerian_forest_fires_46279,,onehot,linear_svc,robust,PassiveAggressiveClassifier(random_state=0),4,0.9583333333333334,,,No using One Hot,0.0011093616485595703,0.00013685226440429688
algerian_forest_fires_46279,,onehot,kernel_pca,robust,PassiveAggressiveClassifier(random_state=0),0,0.8979591836734694,,,No using One Hot,0.0014355182647705078,0.00013446807861328125
algerian_forest_fires_46279,,onehot,kernel_pca,robust,PassiveAggressiveClassifier(random_state=0),1,0.9795918367346939,,,No using One Hot,0.00157928466796875,0.00013780593872070312
algerian_forest_fires_46279,,onehot,kernel_pca,robust,PassiveAggressiveClassifier(random_state=0),2,0.9183673469387755,,,No using One Hot,0.001611948013305664,0.0001423358917236328
algerian_forest_fires_46279,,onehot,kernel_pca,robust,PassiveAggressiveClassifier(random_state=0),3,0.9375,,,No using One Hot,0.0018384456634521484,0.00016617774963378906
algerian_forest_fires_46279,,onehot,kernel_pca,robust,PassiveAggressiveClassifier(random_state=0),4,0.9791666666666666,,,No using One Hot,0.0016963481903076172,0.00016307830810546875
algerian_forest_fires_46279,,onehot,,normalizer,PassiveAggressiveClassifier(random_state=0),0,0.5510204081632653,,,No using One Hot,0.001493215560913086,0.00014066696166992188
algerian_forest_fires_46279,,onehot,,normalizer,PassiveAggressiveClassifier(random_state=0),1,0.4489795918367347,,,No using One Hot,0.0014421939849853516,0.00013899803161621094
algerian_forest_fires_46279,,onehot,,normalizer,PassiveAggressiveClassifier(random_state=0),2,0.5714285714285714,,,No using One Hot,0.0014281272888183594,0.0001366138458251953
algerian_forest_fires_46279,,onehot,,normalizer,PassiveAggressiveClassifier(random_state=0),3,0.6041666666666666,,,No using One Hot,0.0012509822845458984,0.00012493133544921875
algerian_forest_fires_46279,,onehot,,normalizer,PassiveAggressiveClassifier(random_state=0),4,0.5,,,No using One Hot,0.0012390613555908203,0.00012421607971191406
algerian_forest_fires_46279,,onehot,pca,normalizer,PassiveAggressiveClassifier(random_state=0),0,0.7142857142857143,,,No using One Hot,0.0016965866088867188,0.00012445449829101562
algerian_forest_fires_46279,,onehot,pca,normalizer,PassiveAggressiveClassifier(random_state=0),1,0.4489795918367347,,,No using One Hot,0.0011055469512939453,0.00011515617370605469
algerian_forest_fires_46279,,onehot,pca,normalizer,PassiveAggressiveClassifier(random_state=0),2,0.5918367346938775,,,No using One Hot,0.0016210079193115234,0.00013399124145507812
algerian_forest_fires_46279,,onehot,pca,normalizer,PassiveAggressiveClassifier(random_state=0),3,0.8125,,,No using One Hot,0.0017287731170654297,0.00011873245239257812
algerian_forest_fires_46279,,onehot,pca,normalizer,PassiveAggressiveClassifier(random_state=0),4,0.8958333333333334,,,No using One Hot,0.001519918441772461,0.00011801719665527344
algerian_forest_fires_46279,,onehot,fastica,normalizer,PassiveAggressiveClassifier(random_state=0),0,0.9387755102040817,,,No using One Hot,0.001216888427734375,0.00011610984802246094
algerian_forest_fires_46279,,onehot,fastica,normalizer,PassiveAggressiveClassifier(random_state=0),1,0.9795918367346939,,,No using One Hot,0.0015034675598144531,0.00013375282287597656
algerian_forest_fires_46279,,onehot,fastica,normalizer,PassiveAggressiveClassifier(random_state=0),2,0.9795918367346939,,,No using One Hot,0.0013256072998046875,0.00012111663818359375
algerian_forest_fires_46279,,onehot,fastica,normalizer,PassiveAggressiveClassifier(random_state=0),3,0.9375,,,No using One Hot,0.001402139663696289,0.00012230873107910156
algerian_forest_fires_46279,,onehot,fastica,normalizer,PassiveAggressiveClassifier(random_state=0),4,1.0,,,No using One Hot,0.0013494491577148438,0.00012040138244628906
algerian_forest_fires_46279,,onehot,truncated_svd,normalizer,PassiveAggressiveClassifier(random_state=0),0,0.5510204081632653,,,No using One Hot,0.001154184341430664,0.00013113021850585938
algerian_forest_fires_46279,,onehot,truncated_svd,normalizer,PassiveAggressiveClassifier(random_state=0),1,0.4489795918367347,,,No using One Hot,0.0011098384857177734,0.00011539459228515625
algerian_forest_fires_46279,,onehot,truncated_svd,normalizer,PassiveAggressiveClassifier(random_state=0),2,0.5714285714285714,,,No using One Hot,0.0012238025665283203,0.00011610984802246094
algerian_forest_fires_46279,,onehot,truncated_svd,normalizer,PassiveAggressiveClassifier(random_state=0),3,0.6041666666666666,,,No using One Hot,0.0013179779052734375,0.0001308917999267578
algerian_forest_fires_46279,,onehot,truncated_svd,normalizer,PassiveAggressiveClassifier(random_state=0),4,0.5,,,No using One Hot,0.001333475112915039,0.0001277923583984375
algerian_forest_fires_46279,,onehot,select_percentile,normalizer,PassiveAggressiveClassifier(random_state=0),0,0.5510204081632653,,,No using One Hot,0.001256704330444336,0.0001266002655029297
algerian_forest_fires_46279,,onehot,select_percentile,normalizer,PassiveAggressiveClassifier(random_state=0),1,0.4489795918367347,,,No using One Hot,0.0010869503021240234,0.00011467933654785156
algerian_forest_fires_46279,,onehot,select_percentile,normalizer,PassiveAggressiveClassifier(random_state=0),2,0.5714285714285714,,,No using One Hot,0.0012111663818359375,0.00011324882507324219
algerian_forest_fires_46279,,onehot,select_percentile,normalizer,PassiveAggressiveClassifier(random_state=0),3,0.6041666666666666,,,No using One Hot,0.0011484622955322266,0.00013685226440429688
algerian_forest_fires_46279,,onehot,select_percentile,normalizer,PassiveAggressiveClassifier(random_state=0),4,0.5416666666666666,,,No using One Hot,0.0011141300201416016,0.00011348724365234375
algerian_forest_fires_46279,,onehot,generic_univariate,normalizer,PassiveAggressiveClassifier(random_state=0),0,0.5510204081632653,,,No using One Hot,0.0010938644409179688,0.0001342296600341797
algerian_forest_fires_46279,,onehot,generic_univariate,normalizer,PassiveAggressiveClassifier(random_state=0),1,0.4489795918367347,,,No using One Hot,0.0010941028594970703,0.00013494491577148438
algerian_forest_fires_46279,,onehot,generic_univariate,normalizer,PassiveAggressiveClassifier(random_state=0),2,0.5714285714285714,,,No using One Hot,0.0011818408966064453,0.00011157989501953125
algerian_forest_fires_46279,,onehot,generic_univariate,normalizer,PassiveAggressiveClassifier(random_state=0),3,0.6041666666666666,,,No using One Hot,0.0011620521545410156,0.00011396408081054688
algerian_forest_fires_46279,,onehot,generic_univariate,normalizer,PassiveAggressiveClassifier(random_state=0),4,0.5416666666666666,,,No using One Hot,0.0011107921600341797,0.00011754035949707031
algerian_forest_fires_46279,,onehot,polynomial_features,normalizer,PassiveAggressiveClassifier(random_state=0),0,0.5510204081632653,,,No using One Hot,0.0015213489532470703,0.00012183189392089844
algerian_forest_fires_46279,,onehot,polynomial_features,normalizer,PassiveAggressiveClassifier(random_state=0),1,0.5714285714285714,,,No using One Hot,0.0020439624786376953,0.0001227855682373047
algerian_forest_fires_46279,,onehot,polynomial_features,normalizer,PassiveAggressiveClassifier(random_state=0),2,0.6122448979591837,,,No using One Hot,0.002022266387939453,0.00012302398681640625
algerian_forest_fires_46279,,onehot,polynomial_features,normalizer,PassiveAggressiveClassifier(random_state=0),3,0.8125,,,No using One Hot,0.002690553665161133,0.000152587890625
algerian_forest_fires_46279,,onehot,polynomial_features,normalizer,PassiveAggressiveClassifier(random_state=0),4,0.6041666666666666,,,No using One Hot,0.002573728561401367,0.00014328956604003906
algerian_forest_fires_46279,,onehot,nystroem,normalizer,PassiveAggressiveClassifier(random_state=0),0,0.5510204081632653,,,No using One Hot,0.0019915103912353516,0.0001633167266845703
algerian_forest_fires_46279,,onehot,nystroem,normalizer,PassiveAggressiveClassifier(random_state=0),1,0.4489795918367347,,,No using One Hot,0.002600431442260742,0.0001652240753173828
algerian_forest_fires_46279,,onehot,nystroem,normalizer,PassiveAggressiveClassifier(random_state=0),2,0.5714285714285714,,,No using One Hot,0.002004384994506836,0.0001399517059326172
algerian_forest_fires_46279,,onehot,nystroem,normalizer,PassiveAggressiveClassifier(random_state=0),3,0.6041666666666666,,,No using One Hot,0.0022776126861572266,0.0001544952392578125
algerian_forest_fires_46279,,onehot,nystroem,normalizer,PassiveAggressiveClassifier(random_state=0),4,0.4583333333333333,,,No using One Hot,0.001981019973754883,0.0001418590545654297
algerian_forest_fires_46279,,onehot,rbf_sampler,normalizer,PassiveAggressiveClassifier(random_state=0),0,0.5510204081632653,,,No using One Hot,0.002020597457885742,0.00016880035400390625
algerian_forest_fires_46279,,onehot,rbf_sampler,normalizer,PassiveAggressiveClassifier(random_state=0),1,0.5306122448979592,,,No using One Hot,0.0016760826110839844,0.0001366138458251953
algerian_forest_fires_46279,,onehot,rbf_sampler,normalizer,PassiveAggressiveClassifier(random_state=0),2,0.7551020408163265,,,No using One Hot,0.001712799072265625,0.00014638900756835938
algerian_forest_fires_46279,,onehot,rbf_sampler,normalizer,PassiveAggressiveClassifier(random_state=0),3,0.6041666666666666,,,No using One Hot,0.0016460418701171875,0.00012683868408203125
algerian_forest_fires_46279,,onehot,rbf_sampler,normalizer,PassiveAggressiveClassifier(random_state=0),4,0.7708333333333334,,,No using One Hot,0.0020856857299804688,0.00012826919555664062
algerian_forest_fires_46279,,onehot,random_trees_embedding,normalizer,PassiveAggressiveClassifier(random_state=0),0,0.9183673469387755,,,No using One Hot,0.0020105838775634766,0.00013566017150878906
algerian_forest_fires_46279,,onehot,random_trees_embedding,normalizer,PassiveAggressiveClassifier(random_state=0),1,0.9591836734693877,,,No using One Hot,0.0018966197967529297,0.0001354217529296875
algerian_forest_fires_46279,,onehot,random_trees_embedding,normalizer,PassiveAggressiveClassifier(random_state=0),2,1.0,,,No using One Hot,0.001957416534423828,0.0001366138458251953
algerian_forest_fires_46279,,onehot,random_trees_embedding,normalizer,PassiveAggressiveClassifier(random_state=0),3,0.9375,,,No using One Hot,0.0018761157989501953,0.0001373291015625
algerian_forest_fires_46279,,onehot,random_trees_embedding,normalizer,PassiveAggressiveClassifier(random_state=0),4,0.9583333333333334,,,No using One Hot,0.001781463623046875,0.00014328956604003906
algerian_forest_fires_46279,,onehot,feature_agglomeration,normalizer,PassiveAggressiveClassifier(random_state=0),0,0.5510204081632653,,,No using One Hot,0.001209259033203125,0.00011682510375976562
algerian_forest_fires_46279,,onehot,feature_agglomeration,normalizer,PassiveAggressiveClassifier(random_state=0),1,0.4489795918367347,,,No using One Hot,0.001192331314086914,0.00011849403381347656
algerian_forest_fires_46279,,onehot,feature_agglomeration,normalizer,PassiveAggressiveClassifier(random_state=0),2,0.42857142857142855,,,No using One Hot,0.0011301040649414062,0.00013780593872070312
algerian_forest_fires_46279,,onehot,feature_agglomeration,normalizer,PassiveAggressiveClassifier(random_state=0),3,0.6041666666666666,,,No using One Hot,0.0011754035949707031,0.00011706352233886719
algerian_forest_fires_46279,,onehot,feature_agglomeration,normalizer,PassiveAggressiveClassifier(random_state=0),4,0.5416666666666666,,,No using One Hot,0.0012180805206298828,0.00013566017150878906
algerian_forest_fires_46279,,onehot,extra_tree,normalizer,PassiveAggressiveClassifier(random_state=0),0,0.5510204081632653,,,No using One Hot,0.0012216567993164062,0.00011873245239257812
algerian_forest_fires_46279,,onehot,extra_tree,normalizer,PassiveAggressiveClassifier(random_state=0),1,0.4489795918367347,,,No using One Hot,0.0011448860168457031,0.0001392364501953125
algerian_forest_fires_46279,,onehot,extra_tree,normalizer,PassiveAggressiveClassifier(random_state=0),2,0.5714285714285714,,,No using One Hot,0.0013155937194824219,0.00012159347534179688
algerian_forest_fires_46279,,onehot,extra_tree,normalizer,PassiveAggressiveClassifier(random_state=0),3,0.6041666666666666,,,No using One Hot,0.0011973381042480469,0.00015163421630859375
algerian_forest_fires_46279,,onehot,extra_tree,normalizer,PassiveAggressiveClassifier(random_state=0),4,0.5416666666666666,,,No using One Hot,0.0012030601501464844,0.0001201629638671875
algerian_forest_fires_46279,,onehot,linear_svc,normalizer,PassiveAggressiveClassifier(random_state=0),0,0.8571428571428571,,,No using One Hot,0.001522064208984375,0.00011944770812988281
algerian_forest_fires_46279,,onehot,linear_svc,normalizer,PassiveAggressiveClassifier(random_state=0),1,0.4489795918367347,,,No using One Hot,0.0011527538299560547,0.00011730194091796875
algerian_forest_fires_46279,,onehot,linear_svc,normalizer,PassiveAggressiveClassifier(random_state=0),2,0.7959183673469388,,,No using One Hot,0.0013496875762939453,0.00011968612670898438
algerian_forest_fires_46279,,onehot,linear_svc,normalizer,PassiveAggressiveClassifier(random_state=0),3,0.8125,,,No using One Hot,0.0013158321380615234,0.0001347064971923828
algerian_forest_fires_46279,,onehot,linear_svc,normalizer,PassiveAggressiveClassifier(random_state=0),4,0.8958333333333334,,,No using One Hot,0.0012586116790771484,0.00011777877807617188
algerian_forest_fires_46279,,onehot,kernel_pca,normalizer,PassiveAggressiveClassifier(random_state=0),0,0.7142857142857143,,,No using One Hot,0.002044677734375,0.0001404285430908203
algerian_forest_fires_46279,,onehot,kernel_pca,normalizer,PassiveAggressiveClassifier(random_state=0),1,0.4489795918367347,,,No using One Hot,0.0039865970611572266,0.00018596649169921875
algerian_forest_fires_46279,,onehot,kernel_pca,normalizer,PassiveAggressiveClassifier(random_state=0),2,0.5918367346938775,,,No using One Hot,0.003649473190307617,0.00019359588623046875
algerian_forest_fires_46279,,onehot,kernel_pca,normalizer,PassiveAggressiveClassifier(random_state=0),3,0.8125,,,No using One Hot,0.0022666454315185547,0.00014209747314453125
algerian_forest_fires_46279,,onehot,kernel_pca,normalizer,PassiveAggressiveClassifier(random_state=0),4,0.8958333333333334,,,No using One Hot,0.0020914077758789062,0.0001728534698486328
algerian_forest_fires_46279,,onehot,,power,PassiveAggressiveClassifier(random_state=0),0,1.0,,,No using One Hot,0.0016071796417236328,0.00014138221740722656
algerian_forest_fires_46279,,onehot,,power,PassiveAggressiveClassifier(random_state=0),1,0.9795918367346939,,,No using One Hot,0.001474618911743164,0.00013518333435058594
algerian_forest_fires_46279,,onehot,,power,PassiveAggressiveClassifier(random_state=0),2,0.9591836734693877,,,No using One Hot,0.0013897418975830078,0.0001862049102783203
algerian_forest_fires_46279,,onehot,,power,PassiveAggressiveClassifier(random_state=0),3,0.9791666666666666,,,No using One Hot,0.0012552738189697266,0.00013327598571777344
algerian_forest_fires_46279,,onehot,,power,PassiveAggressiveClassifier(random_state=0),4,0.9791666666666666,,,No using One Hot,0.0014190673828125,0.0001385211944580078
algerian_forest_fires_46279,,onehot,pca,power,PassiveAggressiveClassifier(random_state=0),0,1.0,,,No using One Hot,0.0012254714965820312,0.00013327598571777344
algerian_forest_fires_46279,,onehot,pca,power,PassiveAggressiveClassifier(random_state=0),1,0.9795918367346939,,,No using One Hot,0.0012907981872558594,0.00011897087097167969
algerian_forest_fires_46279,,onehot,pca,power,PassiveAggressiveClassifier(random_state=0),2,0.9591836734693877,,,No using One Hot,0.001369476318359375,0.00011992454528808594
algerian_forest_fires_46279,,onehot,pca,power,PassiveAggressiveClassifier(random_state=0),3,0.9791666666666666,,,No using One Hot,0.0012006759643554688,0.00011491775512695312
algerian_forest_fires_46279,,onehot,pca,power,PassiveAggressiveClassifier(random_state=0),4,0.9791666666666666,,,No using One Hot,0.0015599727630615234,0.0001270771026611328
algerian_forest_fires_46279,,onehot,fastica,power,PassiveAggressiveClassifier(random_state=0),0,0.9795918367346939,,,No using One Hot,0.0012347698211669922,0.00011682510375976562
algerian_forest_fires_46279,,onehot,fastica,power,PassiveAggressiveClassifier(random_state=0),1,0.9795918367346939,,,No using One Hot,0.0013413429260253906,0.00011920928955078125
algerian_forest_fires_46279,,onehot,fastica,power,PassiveAggressiveClassifier(random_state=0),2,0.9591836734693877,,,No using One Hot,0.0013799667358398438,0.00011849403381347656
algerian_forest_fires_46279,,onehot,fastica,power,PassiveAggressiveClassifier(random_state=0),3,0.9583333333333334,,,No using One Hot,0.0012271404266357422,0.00011706352233886719
algerian_forest_fires_46279,,onehot,fastica,power,PassiveAggressiveClassifier(random_state=0),4,0.9583333333333334,,,No using One Hot,0.0013022422790527344,0.00011849403381347656
algerian_forest_fires_46279,,onehot,truncated_svd,power,PassiveAggressiveClassifier(random_state=0),0,0.8979591836734694,,,No using One Hot,0.0011522769927978516,0.00011348724365234375
algerian_forest_fires_46279,,onehot,truncated_svd,power,PassiveAggressiveClassifier(random_state=0),1,0.8979591836734694,,,No using One Hot,0.0011069774627685547,0.00011849403381347656
algerian_forest_fires_46279,,onehot,truncated_svd,power,PassiveAggressiveClassifier(random_state=0),2,0.8775510204081632,,,No using One Hot,0.0011165142059326172,0.00011181831359863281
algerian_forest_fires_46279,,onehot,truncated_svd,power,PassiveAggressiveClassifier(random_state=0),3,0.6041666666666666,,,No using One Hot,0.0011603832244873047,0.00012612342834472656
algerian_forest_fires_46279,,onehot,truncated_svd,power,PassiveAggressiveClassifier(random_state=0),4,0.9583333333333334,,,No using One Hot,0.001142263412475586,0.0001380443572998047
algerian_forest_fires_46279,,onehot,select_percentile,power,PassiveAggressiveClassifier(random_state=0),0,0.9591836734693877,,,No using One Hot,0.0011649131774902344,0.00011420249938964844
algerian_forest_fires_46279,,onehot,select_percentile,power,PassiveAggressiveClassifier(random_state=0),1,0.9795918367346939,,,No using One Hot,0.0011401176452636719,0.00011491775512695312
algerian_forest_fires_46279,,onehot,select_percentile,power,PassiveAggressiveClassifier(random_state=0),2,0.9387755102040817,,,No using One Hot,0.0011088848114013672,0.00011444091796875
algerian_forest_fires_46279,,onehot,select_percentile,power,PassiveAggressiveClassifier(random_state=0),3,0.9583333333333334,,,No using One Hot,0.00107574462890625,0.00011301040649414062
algerian_forest_fires_46279,,onehot,select_percentile,power,PassiveAggressiveClassifier(random_state=0),4,0.9791666666666666,,,No using One Hot,0.001346588134765625,0.00013518333435058594
algerian_forest_fires_46279,,onehot,generic_univariate,power,PassiveAggressiveClassifier(random_state=0),0,0.8979591836734694,,,No using One Hot,0.0014233589172363281,0.00017642974853515625
algerian_forest_fires_46279,,onehot,generic_univariate,power,PassiveAggressiveClassifier(random_state=0),1,0.9387755102040817,,,No using One Hot,0.0011005401611328125,0.00011157989501953125
algerian_forest_fires_46279,,onehot,generic_univariate,power,PassiveAggressiveClassifier(random_state=0),2,0.9387755102040817,,,No using One Hot,0.0011489391326904297,0.00013685226440429688
algerian_forest_fires_46279,,onehot,generic_univariate,power,PassiveAggressiveClassifier(random_state=0),3,0.9583333333333334,,,No using One Hot,0.0010557174682617188,0.0001266002655029297
algerian_forest_fires_46279,,onehot,generic_univariate,power,PassiveAggressiveClassifier(random_state=0),4,0.9583333333333334,,,No using One Hot,0.0010578632354736328,0.00010967254638671875
algerian_forest_fires_46279,,onehot,polynomial_features,power,PassiveAggressiveClassifier(random_state=0),0,0.9591836734693877,,,No using One Hot,0.0019559860229492188,0.00012111663818359375
algerian_forest_fires_46279,,onehot,polynomial_features,power,PassiveAggressiveClassifier(random_state=0),1,0.9387755102040817,,,No using One Hot,0.0022361278533935547,0.00012135505676269531
algerian_forest_fires_46279,,onehot,polynomial_features,power,PassiveAggressiveClassifier(random_state=0),2,0.9795918367346939,,,No using One Hot,0.002180337905883789,0.00012111663818359375
algerian_forest_fires_46279,,onehot,polynomial_features,power,PassiveAggressiveClassifier(random_state=0),3,0.9375,,,No using One Hot,0.0019316673278808594,0.00012350082397460938
algerian_forest_fires_46279,,onehot,polynomial_features,power,PassiveAggressiveClassifier(random_state=0),4,0.9375,,,No using One Hot,0.0018773078918457031,0.0001220703125
algerian_forest_fires_46279,,onehot,nystroem,power,PassiveAggressiveClassifier(random_state=0),0,0.9795918367346939,,,No using One Hot,0.0022530555725097656,0.00014662742614746094
algerian_forest_fires_46279,,onehot,nystroem,power,PassiveAggressiveClassifier(random_state=0),1,0.9591836734693877,,,No using One Hot,0.0022335052490234375,0.00015115737915039062
algerian_forest_fires_46279,,onehot,nystroem,power,PassiveAggressiveClassifier(random_state=0),2,0.9795918367346939,,,No using One Hot,0.0024919509887695312,0.00014638900756835938
algerian_forest_fires_46279,,onehot,nystroem,power,PassiveAggressiveClassifier(random_state=0),3,0.9791666666666666,,,No using One Hot,0.0021903514862060547,0.0001583099365234375
algerian_forest_fires_46279,,onehot,nystroem,power,PassiveAggressiveClassifier(random_state=0),4,0.9583333333333334,,,No using One Hot,0.004975318908691406,0.00019025802612304688
algerian_forest_fires_46279,,onehot,rbf_sampler,power,PassiveAggressiveClassifier(random_state=0),0,0.4897959183673469,,,No using One Hot,0.006215810775756836,0.00016427040100097656
algerian_forest_fires_46279,,onehot,rbf_sampler,power,PassiveAggressiveClassifier(random_state=0),1,0.6530612244897959,,,No using One Hot,0.003662586212158203,0.00012874603271484375
algerian_forest_fires_46279,,onehot,rbf_sampler,power,PassiveAggressiveClassifier(random_state=0),2,0.6530612244897959,,,No using One Hot,0.0027697086334228516,0.0001316070556640625
algerian_forest_fires_46279,,onehot,rbf_sampler,power,PassiveAggressiveClassifier(random_state=0),3,0.6041666666666666,,,No using One Hot,0.002948760986328125,0.00011968612670898438
algerian_forest_fires_46279,,onehot,rbf_sampler,power,PassiveAggressiveClassifier(random_state=0),4,0.6041666666666666,,,No using One Hot,0.0021123886108398438,0.00011992454528808594
algerian_forest_fires_46279,,onehot,random_trees_embedding,power,PassiveAggressiveClassifier(random_state=0),0,1.0,,,No using One Hot,0.0018405914306640625,0.00013566017150878906
algerian_forest_fires_46279,,onehot,random_trees_embedding,power,PassiveAggressiveClassifier(random_state=0),1,0.9795918367346939,,,No using One Hot,0.0017695426940917969,0.00013709068298339844
algerian_forest_fires_46279,,onehot,random_trees_embedding,power,PassiveAggressiveClassifier(random_state=0),2,0.9795918367346939,,,No using One Hot,0.0018303394317626953,0.0001347064971923828
algerian_forest_fires_46279,,onehot,random_trees_embedding,power,PassiveAggressiveClassifier(random_state=0),3,0.9583333333333334,,,No using One Hot,0.001712799072265625,0.0001316070556640625
algerian_forest_fires_46279,,onehot,random_trees_embedding,power,PassiveAggressiveClassifier(random_state=0),4,0.9583333333333334,,,No using One Hot,0.0017070770263671875,0.0001347064971923828
algerian_forest_fires_46279,,onehot,feature_agglomeration,power,PassiveAggressiveClassifier(random_state=0),0,0.7959183673469388,,,No using One Hot,0.0012073516845703125,0.00011777877807617188
algerian_forest_fires_46279,,onehot,feature_agglomeration,power,PassiveAggressiveClassifier(random_state=0),1,0.9183673469387755,,,No using One Hot,0.001188516616821289,0.00011992454528808594
algerian_forest_fires_46279,,onehot,feature_agglomeration,power,PassiveAggressiveClassifier(random_state=0),2,0.8775510204081632,,,No using One Hot,0.0011570453643798828,0.00011682510375976562
algerian_forest_fires_46279,,onehot,feature_agglomeration,power,PassiveAggressiveClassifier(random_state=0),3,0.875,,,No using One Hot,0.0011143684387207031,0.00012373924255371094
algerian_forest_fires_46279,,onehot,feature_agglomeration,power,PassiveAggressiveClassifier(random_state=0),4,0.9375,,,No using One Hot,0.0012638568878173828,0.00011968612670898438
algerian_forest_fires_46279,,onehot,extra_tree,power,PassiveAggressiveClassifier(random_state=0),0,0.9795918367346939,,,No using One Hot,0.0012044906616210938,0.00011968612670898438
algerian_forest_fires_46279,,onehot,extra_tree,power,PassiveAggressiveClassifier(random_state=0),1,0.9795918367346939,,,No using One Hot,0.0011799335479736328,0.00011897087097167969
algerian_forest_fires_46279,,onehot,extra_tree,power,PassiveAggressiveClassifier(random_state=0),2,1.0,,,No using One Hot,0.0012135505676269531,0.00011944770812988281
algerian_forest_fires_46279,,onehot,extra_tree,power,PassiveAggressiveClassifier(random_state=0),3,0.9375,,,No using One Hot,0.001332998275756836,0.00012874603271484375
algerian_forest_fires_46279,,onehot,extra_tree,power,PassiveAggressiveClassifier(random_state=0),4,0.9791666666666666,,,No using One Hot,0.0011909008026123047,0.00011754035949707031
algerian_forest_fires_46279,,onehot,linear_svc,power,PassiveAggressiveClassifier(random_state=0),0,1.0,,,No using One Hot,0.001138925552368164,0.00011563301086425781
algerian_forest_fires_46279,,onehot,linear_svc,power,PassiveAggressiveClassifier(random_state=0),1,0.9795918367346939,,,No using One Hot,0.001216888427734375,0.00011849403381347656
algerian_forest_fires_46279,,onehot,linear_svc,power,PassiveAggressiveClassifier(random_state=0),2,1.0,,,No using One Hot,0.0011494159698486328,0.00011610984802246094
algerian_forest_fires_46279,,onehot,linear_svc,power,PassiveAggressiveClassifier(random_state=0),3,1.0,,,No using One Hot,0.0011739730834960938,0.00011587142944335938
algerian_forest_fires_46279,,onehot,linear_svc,power,PassiveAggressiveClassifier(random_state=0),4,1.0,,,No using One Hot,0.0011429786682128906,0.00011658668518066406
algerian_forest_fires_46279,,onehot,kernel_pca,power,PassiveAggressiveClassifier(random_state=0),0,1.0,,,No using One Hot,0.0014913082122802734,0.00013589859008789062
algerian_forest_fires_46279,,onehot,kernel_pca,power,PassiveAggressiveClassifier(random_state=0),1,0.9795918367346939,,,No using One Hot,0.005190849304199219,0.0001766681671142578
algerian_forest_fires_46279,,onehot,kernel_pca,power,PassiveAggressiveClassifier(random_state=0),2,0.9591836734693877,,,No using One Hot,0.0015227794647216797,0.0001361370086669922
algerian_forest_fires_46279,,onehot,kernel_pca,power,PassiveAggressiveClassifier(random_state=0),3,0.9791666666666666,,,No using One Hot,0.0032913684844970703,0.00015306472778320312
algerian_forest_fires_46279,,onehot,kernel_pca,power,PassiveAggressiveClassifier(random_state=0),4,0.9791666666666666,,,No using One Hot,0.0018362998962402344,0.00014066696166992188
algerian_forest_fires_46279,,onehot,,quantile,PassiveAggressiveClassifier(random_state=0),0,0.9183673469387755,,,No using One Hot,0.0014927387237548828,0.00014162063598632812
algerian_forest_fires_46279,,onehot,,quantile,PassiveAggressiveClassifier(random_state=0),1,0.9591836734693877,,,No using One Hot,0.001455068588256836,0.00013756752014160156
algerian_forest_fires_46279,,onehot,,quantile,PassiveAggressiveClassifier(random_state=0),2,0.9387755102040817,,,No using One Hot,0.0015246868133544922,0.00013709068298339844
algerian_forest_fires_46279,,onehot,,quantile,PassiveAggressiveClassifier(random_state=0),3,0.9583333333333334,,,No using One Hot,0.0016832351684570312,0.00013685226440429688
algerian_forest_fires_46279,,onehot,,quantile,PassiveAggressiveClassifier(random_state=0),4,0.9583333333333334,,,No using One Hot,0.0013337135314941406,0.00013446807861328125
algerian_forest_fires_46279,,onehot,pca,quantile,PassiveAggressiveClassifier(random_state=0),0,0.9795918367346939,,,No using One Hot,0.0013473033905029297,0.00022149085998535156
algerian_forest_fires_46279,,onehot,pca,quantile,PassiveAggressiveClassifier(random_state=0),1,0.9795918367346939,,,No using One Hot,0.0013086795806884766,0.00011944770812988281
algerian_forest_fires_46279,,onehot,pca,quantile,PassiveAggressiveClassifier(random_state=0),2,0.9795918367346939,,,No using One Hot,0.0015497207641601562,0.00012040138244628906
algerian_forest_fires_46279,,onehot,pca,quantile,PassiveAggressiveClassifier(random_state=0),3,0.9583333333333334,,,No using One Hot,0.0012738704681396484,0.00011944770812988281
algerian_forest_fires_46279,,onehot,pca,quantile,PassiveAggressiveClassifier(random_state=0),4,0.9583333333333334,,,No using One Hot,0.0012524127960205078,0.00011849403381347656
algerian_forest_fires_46279,,onehot,fastica,quantile,PassiveAggressiveClassifier(random_state=0),0,0.9591836734693877,,,No using One Hot,0.0013401508331298828,0.00011801719665527344
algerian_forest_fires_46279,,onehot,fastica,quantile,PassiveAggressiveClassifier(random_state=0),1,0.9795918367346939,,,No using One Hot,0.001275777816772461,0.0001430511474609375
algerian_forest_fires_46279,,onehot,fastica,quantile,PassiveAggressiveClassifier(random_state=0),2,0.9591836734693877,,,No using One Hot,0.0012264251708984375,0.00011849403381347656
algerian_forest_fires_46279,,onehot,fastica,quantile,PassiveAggressiveClassifier(random_state=0),3,1.0,,,No using One Hot,0.0014662742614746094,0.00014352798461914062
algerian_forest_fires_46279,,onehot,fastica,quantile,PassiveAggressiveClassifier(random_state=0),4,0.9166666666666666,,,No using One Hot,0.0013074874877929688,0.00017261505126953125
algerian_forest_fires_46279,,onehot,truncated_svd,quantile,PassiveAggressiveClassifier(random_state=0),0,0.7551020408163265,,,No using One Hot,0.0011086463928222656,0.00011444091796875
algerian_forest_fires_46279,,onehot,truncated_svd,quantile,PassiveAggressiveClassifier(random_state=0),1,0.8775510204081632,,,No using One Hot,0.001264333724975586,0.00012493133544921875
algerian_forest_fires_46279,,onehot,truncated_svd,quantile,PassiveAggressiveClassifier(random_state=0),2,0.8979591836734694,,,No using One Hot,0.0011444091796875,0.00011467933654785156
algerian_forest_fires_46279,,onehot,truncated_svd,quantile,PassiveAggressiveClassifier(random_state=0),3,0.9166666666666666,,,No using One Hot,0.0016450881958007812,0.00016546249389648438
algerian_forest_fires_46279,,onehot,truncated_svd,quantile,PassiveAggressiveClassifier(random_state=0),4,0.9583333333333334,,,No using One Hot,0.0012955665588378906,0.00012969970703125
algerian_forest_fires_46279,,onehot,select_percentile,quantile,PassiveAggressiveClassifier(random_state=0),0,0.9387755102040817,,,No using One Hot,0.0013184547424316406,0.0001239776611328125
algerian_forest_fires_46279,,onehot,select_percentile,quantile,PassiveAggressiveClassifier(random_state=0),1,0.9795918367346939,,,No using One Hot,0.0012402534484863281,0.00014138221740722656
algerian_forest_fires_46279,,onehot,select_percentile,quantile,PassiveAggressiveClassifier(random_state=0),2,0.9795918367346939,,,No using One Hot,0.0012068748474121094,0.00011682510375976562
algerian_forest_fires_46279,,onehot,select_percentile,quantile,PassiveAggressiveClassifier(random_state=0),3,1.0,,,No using One Hot,0.0012967586517333984,0.00011944770812988281
algerian_forest_fires_46279,,onehot,select_percentile,quantile,PassiveAggressiveClassifier(random_state=0),4,1.0,,,No using One Hot,0.001424551010131836,0.00013136863708496094
algerian_forest_fires_46279,,onehot,generic_univariate,quantile,PassiveAggressiveClassifier(random_state=0),0,0.9183673469387755,,,No using One Hot,0.0011739730834960938,0.00012087821960449219
algerian_forest_fires_46279,,onehot,generic_univariate,quantile,PassiveAggressiveClassifier(random_state=0),1,0.9795918367346939,,,No using One Hot,0.0011584758758544922,0.00011277198791503906
algerian_forest_fires_46279,,onehot,generic_univariate,quantile,PassiveAggressiveClassifier(random_state=0),2,0.9591836734693877,,,No using One Hot,0.0011789798736572266,0.00011730194091796875
algerian_forest_fires_46279,,onehot,generic_univariate,quantile,PassiveAggressiveClassifier(random_state=0),3,0.9583333333333334,,,No using One Hot,0.0012798309326171875,0.00014710426330566406
algerian_forest_fires_46279,,onehot,generic_univariate,quantile,PassiveAggressiveClassifier(random_state=0),4,1.0,,,No using One Hot,0.001178741455078125,0.00011181831359863281
algerian_forest_fires_46279,,onehot,polynomial_features,quantile,PassiveAggressiveClassifier(random_state=0),0,0.9795918367346939,,,No using One Hot,0.0018622875213623047,0.0001323223114013672
algerian_forest_fires_46279,,onehot,polynomial_features,quantile,PassiveAggressiveClassifier(random_state=0),1,0.9591836734693877,,,No using One Hot,0.0021276473999023438,0.0001595020294189453
algerian_forest_fires_46279,,onehot,polynomial_features,quantile,PassiveAggressiveClassifier(random_state=0),2,0.9591836734693877,,,No using One Hot,0.0020079612731933594,0.0001232624053955078
algerian_forest_fires_46279,,onehot,polynomial_features,quantile,PassiveAggressiveClassifier(random_state=0),3,0.9583333333333334,,,No using One Hot,0.001684427261352539,0.00011849403381347656
algerian_forest_fires_46279,,onehot,polynomial_features,quantile,PassiveAggressiveClassifier(random_state=0),4,0.9375,,,No using One Hot,0.002190828323364258,0.00012063980102539062
algerian_forest_fires_46279,,onehot,nystroem,quantile,PassiveAggressiveClassifier(random_state=0),0,0.9591836734693877,,,No using One Hot,0.005113840103149414,0.0002560615539550781
algerian_forest_fires_46279,,onehot,nystroem,quantile,PassiveAggressiveClassifier(random_state=0),1,0.9795918367346939,,,No using One Hot,0.0022919178009033203,0.00016760826110839844
algerian_forest_fires_46279,,onehot,nystroem,quantile,PassiveAggressiveClassifier(random_state=0),2,0.8979591836734694,,,No using One Hot,0.0017137527465820312,0.00014495849609375
algerian_forest_fires_46279,,onehot,nystroem,quantile,PassiveAggressiveClassifier(random_state=0),3,0.9583333333333334,,,No using One Hot,0.002173185348510742,0.00013947486877441406
algerian_forest_fires_46279,,onehot,nystroem,quantile,PassiveAggressiveClassifier(random_state=0),4,0.9791666666666666,,,No using One Hot,0.0025293827056884766,0.00019407272338867188
algerian_forest_fires_46279,,onehot,rbf_sampler,quantile,PassiveAggressiveClassifier(random_state=0),0,0.9591836734693877,,,No using One Hot,0.008487701416015625,0.00021696090698242188
algerian_forest_fires_46279,,onehot,rbf_sampler,quantile,PassiveAggressiveClassifier(random_state=0),1,0.9591836734693877,,,No using One Hot,0.002033710479736328,0.00013303756713867188
algerian_forest_fires_46279,,onehot,rbf_sampler,quantile,PassiveAggressiveClassifier(random_state=0),2,0.9387755102040817,,,No using One Hot,0.002042055130004883,0.0001361370086669922
algerian_forest_fires_46279,,onehot,rbf_sampler,quantile,PassiveAggressiveClassifier(random_state=0),3,0.9583333333333334,,,No using One Hot,0.0016815662384033203,0.00011658668518066406
algerian_forest_fires_46279,,onehot,rbf_sampler,quantile,PassiveAggressiveClassifier(random_state=0),4,0.8958333333333334,,,No using One Hot,0.0018131732940673828,0.00011754035949707031
algerian_forest_fires_46279,,onehot,random_trees_embedding,quantile,PassiveAggressiveClassifier(random_state=0),0,0.9795918367346939,,,No using One Hot,0.001953125,0.00017261505126953125
algerian_forest_fires_46279,,onehot,random_trees_embedding,quantile,PassiveAggressiveClassifier(random_state=0),1,1.0,,,No using One Hot,0.0019283294677734375,0.00015354156494140625
algerian_forest_fires_46279,,onehot,random_trees_embedding,quantile,PassiveAggressiveClassifier(random_state=0),2,0.9795918367346939,,,No using One Hot,0.0016589164733886719,0.00013375282287597656
algerian_forest_fires_46279,,onehot,random_trees_embedding,quantile,PassiveAggressiveClassifier(random_state=0),3,0.9375,,,No using One Hot,0.0016138553619384766,0.00015401840209960938
algerian_forest_fires_46279,,onehot,random_trees_embedding,quantile,PassiveAggressiveClassifier(random_state=0),4,0.9791666666666666,,,No using One Hot,0.0018699169158935547,0.00015211105346679688
algerian_forest_fires_46279,,onehot,feature_agglomeration,quantile,PassiveAggressiveClassifier(random_state=0),0,0.8571428571428571,,,No using One Hot,0.0013303756713867188,0.00014781951904296875
algerian_forest_fires_46279,,onehot,feature_agglomeration,quantile,PassiveAggressiveClassifier(random_state=0),1,0.8979591836734694,,,No using One Hot,0.001325845718383789,0.00013208389282226562
algerian_forest_fires_46279,,onehot,feature_agglomeration,quantile,PassiveAggressiveClassifier(random_state=0),2,0.8775510204081632,,,No using One Hot,0.0012307167053222656,0.00011777877807617188
algerian_forest_fires_46279,,onehot,feature_agglomeration,quantile,PassiveAggressiveClassifier(random_state=0),3,0.9375,,,No using One Hot,0.0011882781982421875,0.00011682510375976562
algerian_forest_fires_46279,,onehot,feature_agglomeration,quantile,PassiveAggressiveClassifier(random_state=0),4,0.9583333333333334,,,No using One Hot,0.0011856555938720703,0.00011587142944335938
algerian_forest_fires_46279,,onehot,extra_tree,quantile,PassiveAggressiveClassifier(random_state=0),0,0.9183673469387755,,,No using One Hot,0.0012445449829101562,0.00011873245239257812
algerian_forest_fires_46279,,onehot,extra_tree,quantile,PassiveAggressiveClassifier(random_state=0),1,0.9795918367346939,,,No using One Hot,0.0011730194091796875,0.00013828277587890625
algerian_forest_fires_46279,,onehot,extra_tree,quantile,PassiveAggressiveClassifier(random_state=0),2,0.9591836734693877,,,No using One Hot,0.0013811588287353516,0.00014066696166992188
algerian_forest_fires_46279,,onehot,extra_tree,quantile,PassiveAggressiveClassifier(random_state=0),3,0.9791666666666666,,,No using One Hot,0.0012350082397460938,0.00013947486877441406
algerian_forest_fires_46279,,onehot,extra_tree,quantile,PassiveAggressiveClassifier(random_state=0),4,0.9791666666666666,,,No using One Hot,0.001300811767578125,0.00011968612670898438
algerian_forest_fires_46279,,onehot,linear_svc,quantile,PassiveAggressiveClassifier(random_state=0),0,0.9591836734693877,,,No using One Hot,0.0011949539184570312,0.00011897087097167969
algerian_forest_fires_46279,,onehot,linear_svc,quantile,PassiveAggressiveClassifier(random_state=0),1,0.9795918367346939,,,No using One Hot,0.0011284351348876953,0.0001251697540283203
algerian_forest_fires_46279,,onehot,linear_svc,quantile,PassiveAggressiveClassifier(random_state=0),2,0.9795918367346939,,,No using One Hot,0.0012235641479492188,0.00011682510375976562
algerian_forest_fires_46279,,onehot,linear_svc,quantile,PassiveAggressiveClassifier(random_state=0),3,0.9583333333333334,,,No using One Hot,0.0011222362518310547,0.00013780593872070312
algerian_forest_fires_46279,,onehot,linear_svc,quantile,PassiveAggressiveClassifier(random_state=0),4,0.9791666666666666,,,No using One Hot,0.001163482666015625,0.00011706352233886719
algerian_forest_fires_46279,,onehot,kernel_pca,quantile,PassiveAggressiveClassifier(random_state=0),0,0.9795918367346939,,,No using One Hot,0.0015673637390136719,0.0001404285430908203
algerian_forest_fires_46279,,onehot,kernel_pca,quantile,PassiveAggressiveClassifier(random_state=0),1,0.9795918367346939,,,No using One Hot,0.0016400814056396484,0.00014328956604003906
algerian_forest_fires_46279,,onehot,kernel_pca,quantile,PassiveAggressiveClassifier(random_state=0),2,0.9795918367346939,,,No using One Hot,0.0021440982818603516,0.0001957416534423828
algerian_forest_fires_46279,,onehot,kernel_pca,quantile,PassiveAggressiveClassifier(random_state=0),3,0.9583333333333334,,,No using One Hot,0.004309892654418945,0.0001850128173828125
algerian_forest_fires_46279,,onehot,kernel_pca,quantile,PassiveAggressiveClassifier(random_state=0),4,0.9583333333333334,,,No using One Hot,0.0018525123596191406,0.0001780986785888672
algerian_forest_fires_46279,,ordinalencoder,,,PassiveAggressiveClassifier(random_state=0),0,0.673469387755102,,,No using Ordinal Hot,0.002481222152709961,0.0009310245513916016
algerian_forest_fires_46279,,ordinalencoder,,,PassiveAggressiveClassifier(random_state=0),1,0.6326530612244898,,,No using Ordinal Hot,0.00416874885559082,0.0025086402893066406
algerian_forest_fires_46279,,ordinalencoder,,,PassiveAggressiveClassifier(random_state=0),2,0.6530612244897959,,,No using Ordinal Hot,0.0023543834686279297,0.0008916854858398438
algerian_forest_fires_46279,,ordinalencoder,,,PassiveAggressiveClassifier(random_state=0),3,0.625,,,No using Ordinal Hot,0.0022759437561035156,0.0008404254913330078
algerian_forest_fires_46279,,ordinalencoder,,,PassiveAggressiveClassifier(random_state=0),4,0.8958333333333334,,,No using Ordinal Hot,0.0022475719451904297,0.0008387565612792969
algerian_forest_fires_46279,,ordinalencoder,pca,,PassiveAggressiveClassifier(random_state=0),0,0.9795918367346939,,,No using Ordinal Hot,0.0011665821075439453,0.00011730194091796875
algerian_forest_fires_46279,,ordinalencoder,pca,,PassiveAggressiveClassifier(random_state=0),1,0.9795918367346939,,,No using Ordinal Hot,0.0012912750244140625,0.00011801719665527344
algerian_forest_fires_46279,,ordinalencoder,pca,,PassiveAggressiveClassifier(random_state=0),2,0.9795918367346939,,,No using Ordinal Hot,0.0012171268463134766,0.00011920928955078125
algerian_forest_fires_46279,,ordinalencoder,pca,,PassiveAggressiveClassifier(random_state=0),3,0.9791666666666666,,,No using Ordinal Hot,0.0012831687927246094,0.00011444091796875
algerian_forest_fires_46279,,ordinalencoder,pca,,PassiveAggressiveClassifier(random_state=0),4,0.9583333333333334,,,No using Ordinal Hot,0.001256704330444336,0.00011587142944335938
algerian_forest_fires_46279,,ordinalencoder,fastica,,PassiveAggressiveClassifier(random_state=0),0,0.7959183673469388,,,No using Ordinal Hot,0.0014500617980957031,0.0001163482666015625
algerian_forest_fires_46279,,ordinalencoder,fastica,,PassiveAggressiveClassifier(random_state=0),1,0.9183673469387755,,,No using Ordinal Hot,0.001329183578491211,0.00012254714965820312
algerian_forest_fires_46279,,ordinalencoder,fastica,,PassiveAggressiveClassifier(random_state=0),2,0.9795918367346939,,,No using Ordinal Hot,0.0011801719665527344,0.00012063980102539062
algerian_forest_fires_46279,,ordinalencoder,fastica,,PassiveAggressiveClassifier(random_state=0),3,0.9583333333333334,,,No using Ordinal Hot,0.0012660026550292969,0.00011610984802246094
algerian_forest_fires_46279,,ordinalencoder,fastica,,PassiveAggressiveClassifier(random_state=0),4,0.9583333333333334,,,No using Ordinal Hot,0.001847982406616211,0.0001811981201171875
algerian_forest_fires_46279,,ordinalencoder,truncated_svd,,PassiveAggressiveClassifier(random_state=0),0,0.6122448979591837,,,No using Ordinal Hot,0.0013854503631591797,0.00017595291137695312
algerian_forest_fires_46279,,ordinalencoder,truncated_svd,,PassiveAggressiveClassifier(random_state=0),1,0.5306122448979592,,,No using Ordinal Hot,0.0010960102081298828,0.00011277198791503906
algerian_forest_fires_46279,,ordinalencoder,truncated_svd,,PassiveAggressiveClassifier(random_state=0),2,0.46938775510204084,,,No using Ordinal Hot,0.001268625259399414,0.0001201629638671875
algerian_forest_fires_46279,,ordinalencoder,truncated_svd,,PassiveAggressiveClassifier(random_state=0),3,0.6041666666666666,,,No using Ordinal Hot,0.0012073516845703125,0.0001327991485595703
algerian_forest_fires_46279,,ordinalencoder,truncated_svd,,PassiveAggressiveClassifier(random_state=0),4,0.625,,,No using Ordinal Hot,0.0011136531829833984,0.00011515617370605469
algerian_forest_fires_46279,,ordinalencoder,select_percentile,,PassiveAggressiveClassifier(random_state=0),0,0.8979591836734694,,,No using Ordinal Hot,0.001275777816772461,0.00012230873107910156
algerian_forest_fires_46279,,ordinalencoder,select_percentile,,PassiveAggressiveClassifier(random_state=0),1,0.9795918367346939,,,No using Ordinal Hot,0.0013682842254638672,0.00018930435180664062
algerian_forest_fires_46279,,ordinalencoder,select_percentile,,PassiveAggressiveClassifier(random_state=0),2,0.8571428571428571,,,No using Ordinal Hot,0.8520641326904297,0.00017786026000976562
algerian_forest_fires_46279,,ordinalencoder,select_percentile,,PassiveAggressiveClassifier(random_state=0),3,0.9375,,,No using Ordinal Hot,0.0014979839324951172,0.00012350082397460938
algerian_forest_fires_46279,,ordinalencoder,select_percentile,,PassiveAggressiveClassifier(random_state=0),4,0.9166666666666666,,,No using Ordinal Hot,0.001402139663696289,0.00012731552124023438
algerian_forest_fires_46279,,ordinalencoder,generic_univariate,,PassiveAggressiveClassifier(random_state=0),0,0.5510204081632653,,,No using Ordinal Hot,0.001233816146850586,0.00012159347534179688
algerian_forest_fires_46279,,ordinalencoder,generic_univariate,,PassiveAggressiveClassifier(random_state=0),1,0.4489795918367347,,,No using Ordinal Hot,0.0014765262603759766,0.00013828277587890625
algerian_forest_fires_46279,,ordinalencoder,generic_univariate,,PassiveAggressiveClassifier(random_state=0),2,0.42857142857142855,,,No using Ordinal Hot,0.0010647773742675781,0.00011014938354492188
algerian_forest_fires_46279,,ordinalencoder,generic_univariate,,PassiveAggressiveClassifier(random_state=0),3,0.6041666666666666,,,No using Ordinal Hot,0.0010824203491210938,0.00011205673217773438
algerian_forest_fires_46279,,ordinalencoder,generic_univariate,,PassiveAggressiveClassifier(random_state=0),4,0.4583333333333333,,,No using Ordinal Hot,0.0011055469512939453,0.00011038780212402344
algerian_forest_fires_46279,,ordinalencoder,polynomial_features,,PassiveAggressiveClassifier(random_state=0),0,0.673469387755102,,,No using Ordinal Hot,0.0016286373138427734,0.00012445449829101562
algerian_forest_fires_46279,,ordinalencoder,polynomial_features,,PassiveAggressiveClassifier(random_state=0),1,0.6326530612244898,,,No using Ordinal Hot,0.0020716190338134766,0.00012350082397460938
algerian_forest_fires_46279,,ordinalencoder,polynomial_features,,PassiveAggressiveClassifier(random_state=0),2,0.6530612244897959,,,No using Ordinal Hot,0.002037525177001953,0.0001404285430908203
algerian_forest_fires_46279,,ordinalencoder,polynomial_features,,PassiveAggressiveClassifier(random_state=0),3,0.625,,,No using Ordinal Hot,0.0027027130126953125,0.0001220703125
algerian_forest_fires_46279,,ordinalencoder,polynomial_features,,PassiveAggressiveClassifier(random_state=0),4,0.8958333333333334,,,No using Ordinal Hot,0.002273082733154297,0.00011992454528808594
algerian_forest_fires_46279,,ordinalencoder,nystroem,,PassiveAggressiveClassifier(random_state=0),0,0.5510204081632653,,,No using Ordinal Hot,0.002132892608642578,0.00013971328735351562
algerian_forest_fires_46279,,ordinalencoder,nystroem,,PassiveAggressiveClassifier(random_state=0),1,0.4489795918367347,,,No using Ordinal Hot,0.0026373863220214844,0.00014019012451171875
algerian_forest_fires_46279,,ordinalencoder,nystroem,,PassiveAggressiveClassifier(random_state=0),2,0.5714285714285714,,,No using Ordinal Hot,0.004172801971435547,0.00015854835510253906
algerian_forest_fires_46279,,ordinalencoder,nystroem,,PassiveAggressiveClassifier(random_state=0),3,0.6041666666666666,,,No using Ordinal Hot,0.0025177001953125,0.0001614093780517578
algerian_forest_fires_46279,,ordinalencoder,nystroem,,PassiveAggressiveClassifier(random_state=0),4,0.5416666666666666,,,No using Ordinal Hot,0.0024971961975097656,0.00015616416931152344
algerian_forest_fires_46279,,ordinalencoder,rbf_sampler,,PassiveAggressiveClassifier(random_state=0),0,0.6122448979591837,,,No using Ordinal Hot,0.002300262451171875,0.0004165172576904297
algerian_forest_fires_46279,,ordinalencoder,rbf_sampler,,PassiveAggressiveClassifier(random_state=0),1,0.5510204081632653,,,No using Ordinal Hot,0.0025644302368164062,0.00014972686767578125
algerian_forest_fires_46279,,ordinalencoder,rbf_sampler,,PassiveAggressiveClassifier(random_state=0),2,0.5306122448979592,,,No using Ordinal Hot,0.003058910369873047,0.00014138221740722656
algerian_forest_fires_46279,,ordinalencoder,rbf_sampler,,PassiveAggressiveClassifier(random_state=0),3,0.4791666666666667,,,No using Ordinal Hot,0.0020041465759277344,0.00014781951904296875
algerian_forest_fires_46279,,ordinalencoder,rbf_sampler,,PassiveAggressiveClassifier(random_state=0),4,0.5208333333333334,,,No using Ordinal Hot,0.002571582794189453,0.00012969970703125
algerian_forest_fires_46279,,ordinalencoder,random_trees_embedding,,PassiveAggressiveClassifier(random_state=0),0,0.9591836734693877,,,No using Ordinal Hot,0.0018832683563232422,0.000278472900390625
algerian_forest_fires_46279,,ordinalencoder,random_trees_embedding,,PassiveAggressiveClassifier(random_state=0),1,0.9591836734693877,,,No using Ordinal Hot,0.001760244369506836,0.0001327991485595703
algerian_forest_fires_46279,,ordinalencoder,random_trees_embedding,,PassiveAggressiveClassifier(random_state=0),2,0.9591836734693877,,,No using Ordinal Hot,0.0017807483673095703,0.00014829635620117188
algerian_forest_fires_46279,,ordinalencoder,random_trees_embedding,,PassiveAggressiveClassifier(random_state=0),3,0.9791666666666666,,,No using Ordinal Hot,0.0018894672393798828,0.00013566017150878906
algerian_forest_fires_46279,,ordinalencoder,random_trees_embedding,,PassiveAggressiveClassifier(random_state=0),4,0.9375,,,No using Ordinal Hot,0.0017952919006347656,0.00013399124145507812
algerian_forest_fires_46279,,ordinalencoder,feature_agglomeration,,PassiveAggressiveClassifier(random_state=0),0,0.5510204081632653,,,No using Ordinal Hot,0.0011513233184814453,0.00011920928955078125
algerian_forest_fires_46279,,ordinalencoder,feature_agglomeration,,PassiveAggressiveClassifier(random_state=0),1,0.4489795918367347,,,No using Ordinal Hot,0.0013136863708496094,0.0001327991485595703
algerian_forest_fires_46279,,ordinalencoder,feature_agglomeration,,PassiveAggressiveClassifier(random_state=0),2,0.42857142857142855,,,No using Ordinal Hot,0.0011768341064453125,0.00015234947204589844
algerian_forest_fires_46279,,ordinalencoder,feature_agglomeration,,PassiveAggressiveClassifier(random_state=0),3,0.6041666666666666,,,No using Ordinal Hot,0.0012438297271728516,0.00015783309936523438
algerian_forest_fires_46279,,ordinalencoder,feature_agglomeration,,PassiveAggressiveClassifier(random_state=0),4,0.4583333333333333,,,No using Ordinal Hot,0.0011756420135498047,0.00011444091796875
algerian_forest_fires_46279,,ordinalencoder,extra_tree,,PassiveAggressiveClassifier(random_state=0),0,0.8979591836734694,,,No using Ordinal Hot,0.0013620853424072266,0.000118255615234375
algerian_forest_fires_46279,,ordinalencoder,extra_tree,,PassiveAggressiveClassifier(random_state=0),1,0.9387755102040817,,,No using Ordinal Hot,0.0012841224670410156,0.00014090538024902344
algerian_forest_fires_46279,,ordinalencoder,extra_tree,,PassiveAggressiveClassifier(random_state=0),2,0.8571428571428571,,,No using Ordinal Hot,0.0015249252319335938,0.0001506805419921875
algerian_forest_fires_46279,,ordinalencoder,extra_tree,,PassiveAggressiveClassifier(random_state=0),3,0.9583333333333334,,,No using Ordinal Hot,0.0016582012176513672,0.00014591217041015625
algerian_forest_fires_46279,,ordinalencoder,extra_tree,,PassiveAggressiveClassifier(random_state=0),4,0.9583333333333334,,,No using Ordinal Hot,0.0012323856353759766,0.00011563301086425781
algerian_forest_fires_46279,,ordinalencoder,linear_svc,,PassiveAggressiveClassifier(random_state=0),0,0.8775510204081632,,,No using Ordinal Hot,0.001268625259399414,0.00011444091796875
algerian_forest_fires_46279,,ordinalencoder,linear_svc,,PassiveAggressiveClassifier(random_state=0),1,0.9387755102040817,,,No using Ordinal Hot,0.0012788772583007812,0.0001163482666015625
algerian_forest_fires_46279,,ordinalencoder,linear_svc,,PassiveAggressiveClassifier(random_state=0),2,0.9387755102040817,,,No using Ordinal Hot,0.0011780261993408203,0.00011372566223144531
algerian_forest_fires_46279,,ordinalencoder,linear_svc,,PassiveAggressiveClassifier(random_state=0),3,0.9375,,,No using Ordinal Hot,0.0013823509216308594,0.00011539459228515625
algerian_forest_fires_46279,,ordinalencoder,linear_svc,,PassiveAggressiveClassifier(random_state=0),4,0.8541666666666666,,,No using Ordinal Hot,0.0012743473052978516,0.00011897087097167969
algerian_forest_fires_46279,,ordinalencoder,kernel_pca,,PassiveAggressiveClassifier(random_state=0),0,0.9795918367346939,,,No using Ordinal Hot,0.0016646385192871094,0.0001437664031982422
algerian_forest_fires_46279,,ordinalencoder,kernel_pca,,PassiveAggressiveClassifier(random_state=0),1,0.9795918367346939,,,No using Ordinal Hot,0.0017976760864257812,0.00014925003051757812
algerian_forest_fires_46279,,ordinalencoder,kernel_pca,,PassiveAggressiveClassifier(random_state=0),2,0.9795918367346939,,,No using Ordinal Hot,0.0014476776123046875,0.00016188621520996094
algerian_forest_fires_46279,,ordinalencoder,kernel_pca,,PassiveAggressiveClassifier(random_state=0),3,0.9791666666666666,,,No using Ordinal Hot,0.0016155242919921875,0.0001423358917236328
algerian_forest_fires_46279,,ordinalencoder,kernel_pca,,PassiveAggressiveClassifier(random_state=0),4,0.9583333333333334,,,No using Ordinal Hot,0.0015277862548828125,0.00013709068298339844
algerian_forest_fires_46279,,ordinalencoder,,standard,PassiveAggressiveClassifier(random_state=0),0,0.9591836734693877,,,No using Ordinal Hot,0.0014698505401611328,0.00013899803161621094
algerian_forest_fires_46279,,ordinalencoder,,standard,PassiveAggressiveClassifier(random_state=0),1,0.9795918367346939,,,No using Ordinal Hot,0.002641916275024414,0.0001513957977294922
algerian_forest_fires_46279,,ordinalencoder,,standard,PassiveAggressiveClassifier(random_state=0),2,1.0,,,No using Ordinal Hot,0.0018301010131835938,0.0001456737518310547
algerian_forest_fires_46279,,ordinalencoder,,standard,PassiveAggressiveClassifier(random_state=0),3,0.9583333333333334,,,No using Ordinal Hot,0.0015094280242919922,0.00013947486877441406
algerian_forest_fires_46279,,ordinalencoder,,standard,PassiveAggressiveClassifier(random_state=0),4,0.9583333333333334,,,No using Ordinal Hot,0.0014162063598632812,0.00012612342834472656
algerian_forest_fires_46279,,ordinalencoder,pca,standard,PassiveAggressiveClassifier(random_state=0),0,0.9591836734693877,,,No using Ordinal Hot,0.0013391971588134766,0.00012421607971191406
algerian_forest_fires_46279,,ordinalencoder,pca,standard,PassiveAggressiveClassifier(random_state=0),1,0.9795918367346939,,,No using Ordinal Hot,0.0014622211456298828,0.00014925003051757812
algerian_forest_fires_46279,,ordinalencoder,pca,standard,PassiveAggressiveClassifier(random_state=0),2,1.0,,,No using Ordinal Hot,0.0013399124145507812,0.00012135505676269531
algerian_forest_fires_46279,,ordinalencoder,pca,standard,PassiveAggressiveClassifier(random_state=0),3,0.9583333333333334,,,No using Ordinal Hot,0.0012159347534179688,0.00013875961303710938
algerian_forest_fires_46279,,ordinalencoder,pca,standard,PassiveAggressiveClassifier(random_state=0),4,0.9583333333333334,,,No using Ordinal Hot,0.0013785362243652344,0.00011992454528808594
algerian_forest_fires_46279,,ordinalencoder,fastica,standard,PassiveAggressiveClassifier(random_state=0),0,0.7959183673469388,,,No using Ordinal Hot,0.0012440681457519531,0.00011706352233886719
algerian_forest_fires_46279,,ordinalencoder,fastica,standard,PassiveAggressiveClassifier(random_state=0),1,0.4489795918367347,,,No using Ordinal Hot,0.0011661052703857422,0.00011610984802246094
algerian_forest_fires_46279,,ordinalencoder,fastica,standard,PassiveAggressiveClassifier(random_state=0),2,0.9795918367346939,,,No using Ordinal Hot,0.0012240409851074219,0.0001163482666015625
algerian_forest_fires_46279,,ordinalencoder,fastica,standard,PassiveAggressiveClassifier(random_state=0),3,0.9583333333333334,,,No using Ordinal Hot,0.0012624263763427734,0.00011801719665527344
algerian_forest_fires_46279,,ordinalencoder,fastica,standard,PassiveAggressiveClassifier(random_state=0),4,0.9375,,,No using Ordinal Hot,0.0012547969818115234,0.00011515617370605469
algerian_forest_fires_46279,,ordinalencoder,truncated_svd,standard,PassiveAggressiveClassifier(random_state=0),0,0.7959183673469388,,,No using Ordinal Hot,0.0010633468627929688,0.00011157989501953125
algerian_forest_fires_46279,,ordinalencoder,truncated_svd,standard,PassiveAggressiveClassifier(random_state=0),1,0.8367346938775511,,,No using Ordinal Hot,0.0010876655578613281,0.00012946128845214844
algerian_forest_fires_46279,,ordinalencoder,truncated_svd,standard,PassiveAggressiveClassifier(random_state=0),2,0.8163265306122449,,,No using Ordinal Hot,0.0012271404266357422,0.00015354156494140625
algerian_forest_fires_46279,,ordinalencoder,truncated_svd,standard,PassiveAggressiveClassifier(random_state=0),3,0.9166666666666666,,,No using Ordinal Hot,0.001172780990600586,0.00013875961303710938
algerian_forest_fires_46279,,ordinalencoder,truncated_svd,standard,PassiveAggressiveClassifier(random_state=0),4,0.5416666666666666,,,No using Ordinal Hot,0.0011444091796875,0.00011396408081054688
algerian_forest_fires_46279,,ordinalencoder,select_percentile,standard,PassiveAggressiveClassifier(random_state=0),0,0.9387755102040817,,,No using Ordinal Hot,0.001178741455078125,0.00011730194091796875
algerian_forest_fires_46279,,ordinalencoder,select_percentile,standard,PassiveAggressiveClassifier(random_state=0),1,0.9795918367346939,,,No using Ordinal Hot,0.001188516616821289,0.00011515617370605469
algerian_forest_fires_46279,,ordinalencoder,select_percentile,standard,PassiveAggressiveClassifier(random_state=0),2,0.9795918367346939,,,No using Ordinal Hot,0.0012125968933105469,0.00013828277587890625
algerian_forest_fires_46279,,ordinalencoder,select_percentile,standard,PassiveAggressiveClassifier(random_state=0),3,1.0,,,No using Ordinal Hot,0.0011510848999023438,0.00011682510375976562
algerian_forest_fires_46279,,ordinalencoder,select_percentile,standard,PassiveAggressiveClassifier(random_state=0),4,0.9583333333333334,,,No using Ordinal Hot,0.0011072158813476562,0.00013184547424316406
algerian_forest_fires_46279,,ordinalencoder,generic_univariate,standard,PassiveAggressiveClassifier(random_state=0),0,0.9387755102040817,,,No using Ordinal Hot,0.0010352134704589844,0.0001895427703857422
algerian_forest_fires_46279,,ordinalencoder,generic_univariate,standard,PassiveAggressiveClassifier(random_state=0),1,0.9591836734693877,,,No using Ordinal Hot,0.001140594482421875,0.00010895729064941406
algerian_forest_fires_46279,,ordinalencoder,generic_univariate,standard,PassiveAggressiveClassifier(random_state=0),2,0.9591836734693877,,,No using Ordinal Hot,0.001054525375366211,0.00011134147644042969
algerian_forest_fires_46279,,ordinalencoder,generic_univariate,standard,PassiveAggressiveClassifier(random_state=0),3,0.9791666666666666,,,No using Ordinal Hot,0.0011553764343261719,0.00011277198791503906
algerian_forest_fires_46279,,ordinalencoder,generic_univariate,standard,PassiveAggressiveClassifier(random_state=0),4,0.9583333333333334,,,No using Ordinal Hot,0.0010657310485839844,0.000118255615234375
algerian_forest_fires_46279,,ordinalencoder,polynomial_features,standard,PassiveAggressiveClassifier(random_state=0),0,0.9387755102040817,,,No using Ordinal Hot,0.0024650096893310547,0.00013947486877441406
algerian_forest_fires_46279,,ordinalencoder,polynomial_features,standard,PassiveAggressiveClassifier(random_state=0),1,0.9387755102040817,,,No using Ordinal Hot,0.0024106502532958984,0.00011849403381347656
algerian_forest_fires_46279,,ordinalencoder,polynomial_features,standard,PassiveAggressiveClassifier(random_state=0),2,0.9387755102040817,,,No using Ordinal Hot,0.002940654754638672,0.0002079010009765625
algerian_forest_fires_46279,,ordinalencoder,polynomial_features,standard,PassiveAggressiveClassifier(random_state=0),3,0.9583333333333334,,,No using Ordinal Hot,0.0019676685333251953,0.00014066696166992188
algerian_forest_fires_46279,,ordinalencoder,polynomial_features,standard,PassiveAggressiveClassifier(random_state=0),4,0.9583333333333334,,,No using Ordinal Hot,0.0021703243255615234,0.00013875961303710938
algerian_forest_fires_46279,,ordinalencoder,nystroem,standard,PassiveAggressiveClassifier(random_state=0),0,0.9387755102040817,,,No using Ordinal Hot,0.00535893440246582,0.00020956993103027344
algerian_forest_fires_46279,,ordinalencoder,nystroem,standard,PassiveAggressiveClassifier(random_state=0),1,0.9591836734693877,,,No using Ordinal Hot,0.003198385238647461,0.00014066696166992188
algerian_forest_fires_46279,,ordinalencoder,nystroem,standard,PassiveAggressiveClassifier(random_state=0),2,0.9795918367346939,,,No using Ordinal Hot,0.0025222301483154297,0.00017070770263671875
algerian_forest_fires_46279,,ordinalencoder,nystroem,standard,PassiveAggressiveClassifier(random_state=0),3,0.9791666666666666,,,No using Ordinal Hot,0.003655672073364258,0.00014901161193847656
algerian_forest_fires_46279,,ordinalencoder,nystroem,standard,PassiveAggressiveClassifier(random_state=0),4,0.9583333333333334,,,No using Ordinal Hot,0.0027627944946289062,0.0001442432403564453
algerian_forest_fires_46279,,ordinalencoder,rbf_sampler,standard,PassiveAggressiveClassifier(random_state=0),0,0.6326530612244898,,,No using Ordinal Hot,0.0038993358612060547,0.00014662742614746094
algerian_forest_fires_46279,,ordinalencoder,rbf_sampler,standard,PassiveAggressiveClassifier(random_state=0),1,0.7142857142857143,,,No using Ordinal Hot,0.0028443336486816406,0.0001366138458251953
algerian_forest_fires_46279,,ordinalencoder,rbf_sampler,standard,PassiveAggressiveClassifier(random_state=0),2,0.6326530612244898,,,No using Ordinal Hot,0.0020093917846679688,0.00014853477478027344
algerian_forest_fires_46279,,ordinalencoder,rbf_sampler,standard,PassiveAggressiveClassifier(random_state=0),3,0.625,,,No using Ordinal Hot,0.0020110607147216797,0.00012755393981933594
algerian_forest_fires_46279,,ordinalencoder,rbf_sampler,standard,PassiveAggressiveClassifier(random_state=0),4,0.5625,,,No using Ordinal Hot,0.003670215606689453,0.0001316070556640625
algerian_forest_fires_46279,,ordinalencoder,random_trees_embedding,standard,PassiveAggressiveClassifier(random_state=0),0,0.9591836734693877,,,No using Ordinal Hot,0.0017609596252441406,0.000133514404296875
algerian_forest_fires_46279,,ordinalencoder,random_trees_embedding,standard,PassiveAggressiveClassifier(random_state=0),1,0.9591836734693877,,,No using Ordinal Hot,0.0018794536590576172,0.00013566017150878906
algerian_forest_fires_46279,,ordinalencoder,random_trees_embedding,standard,PassiveAggressiveClassifier(random_state=0),2,0.9591836734693877,,,No using Ordinal Hot,0.0018258094787597656,0.00013494491577148438
algerian_forest_fires_46279,,ordinalencoder,random_trees_embedding,standard,PassiveAggressiveClassifier(random_state=0),3,0.9791666666666666,,,No using Ordinal Hot,0.0018057823181152344,0.0001373291015625
algerian_forest_fires_46279,,ordinalencoder,random_trees_embedding,standard,PassiveAggressiveClassifier(random_state=0),4,0.9375,,,No using Ordinal Hot,0.0017466545104980469,0.00013637542724609375
algerian_forest_fires_46279,,ordinalencoder,feature_agglomeration,standard,PassiveAggressiveClassifier(random_state=0),0,0.8367346938775511,,,No using Ordinal Hot,0.0011663436889648438,0.00011754035949707031
algerian_forest_fires_46279,,ordinalencoder,feature_agglomeration,standard,PassiveAggressiveClassifier(random_state=0),1,0.8775510204081632,,,No using Ordinal Hot,0.0012166500091552734,0.00012302398681640625
algerian_forest_fires_46279,,ordinalencoder,feature_agglomeration,standard,PassiveAggressiveClassifier(random_state=0),2,0.8775510204081632,,,No using Ordinal Hot,0.0010647773742675781,0.00011301040649414062
algerian_forest_fires_46279,,ordinalencoder,feature_agglomeration,standard,PassiveAggressiveClassifier(random_state=0),3,0.7291666666666666,,,No using Ordinal Hot,0.0011587142944335938,0.00011372566223144531
algerian_forest_fires_46279,,ordinalencoder,feature_agglomeration,standard,PassiveAggressiveClassifier(random_state=0),4,0.9166666666666666,,,No using Ordinal Hot,0.0011785030364990234,0.00011610984802246094
algerian_forest_fires_46279,,ordinalencoder,extra_tree,standard,PassiveAggressiveClassifier(random_state=0),0,0.9795918367346939,,,No using Ordinal Hot,0.0012106895446777344,0.00011968612670898438
algerian_forest_fires_46279,,ordinalencoder,extra_tree,standard,PassiveAggressiveClassifier(random_state=0),1,0.9591836734693877,,,No using Ordinal Hot,0.0011761188507080078,0.00011682510375976562
algerian_forest_fires_46279,,ordinalencoder,extra_tree,standard,PassiveAggressiveClassifier(random_state=0),2,1.0,,,No using Ordinal Hot,0.0011527538299560547,0.00011754035949707031
algerian_forest_fires_46279,,ordinalencoder,extra_tree,standard,PassiveAggressiveClassifier(random_state=0),3,0.9375,,,No using Ordinal Hot,0.0011627674102783203,0.00011658668518066406
algerian_forest_fires_46279,,ordinalencoder,extra_tree,standard,PassiveAggressiveClassifier(random_state=0),4,1.0,,,No using Ordinal Hot,0.0012009143829345703,0.00011563301086425781
algerian_forest_fires_46279,,ordinalencoder,linear_svc,standard,PassiveAggressiveClassifier(random_state=0),0,0.9795918367346939,,,No using Ordinal Hot,0.0012416839599609375,0.00011873245239257812
algerian_forest_fires_46279,,ordinalencoder,linear_svc,standard,PassiveAggressiveClassifier(random_state=0),1,0.9795918367346939,,,No using Ordinal Hot,0.0011343955993652344,0.00013780593872070312
algerian_forest_fires_46279,,ordinalencoder,linear_svc,standard,PassiveAggressiveClassifier(random_state=0),2,1.0,,,No using Ordinal Hot,0.0011641979217529297,0.00011777877807617188
algerian_forest_fires_46279,,ordinalencoder,linear_svc,standard,PassiveAggressiveClassifier(random_state=0),3,0.9791666666666666,,,No using Ordinal Hot,0.0012066364288330078,0.00011873245239257812
algerian_forest_fires_46279,,ordinalencoder,linear_svc,standard,PassiveAggressiveClassifier(random_state=0),4,0.9791666666666666,,,No using Ordinal Hot,0.0011434555053710938,0.00011610984802246094
algerian_forest_fires_46279,,ordinalencoder,kernel_pca,standard,PassiveAggressiveClassifier(random_state=0),0,0.9591836734693877,,,No using Ordinal Hot,0.0015361309051513672,0.00016498565673828125
algerian_forest_fires_46279,,ordinalencoder,kernel_pca,standard,PassiveAggressiveClassifier(random_state=0),1,0.9795918367346939,,,No using Ordinal Hot,0.0020155906677246094,0.00018215179443359375
algerian_forest_fires_46279,,ordinalencoder,kernel_pca,standard,PassiveAggressiveClassifier(random_state=0),2,1.0,,,No using Ordinal Hot,0.001743316650390625,0.0001385211944580078
algerian_forest_fires_46279,,ordinalencoder,kernel_pca,standard,PassiveAggressiveClassifier(random_state=0),3,0.9583333333333334,,,No using Ordinal Hot,0.0016028881072998047,0.0001773834228515625
algerian_forest_fires_46279,,ordinalencoder,kernel_pca,standard,PassiveAggressiveClassifier(random_state=0),4,0.9583333333333334,,,No using Ordinal Hot,0.0016989707946777344,0.00014066696166992188
algerian_forest_fires_46279,,ordinalencoder,,minmax,PassiveAggressiveClassifier(random_state=0),0,0.9591836734693877,,,No using Ordinal Hot,0.0014722347259521484,0.00016427040100097656
algerian_forest_fires_46279,,ordinalencoder,,minmax,PassiveAggressiveClassifier(random_state=0),1,0.8775510204081632,,,No using Ordinal Hot,0.0014529228210449219,0.00013756752014160156
algerian_forest_fires_46279,,ordinalencoder,,minmax,PassiveAggressiveClassifier(random_state=0),2,0.9387755102040817,,,No using Ordinal Hot,0.0016644001007080078,0.00024819374084472656
algerian_forest_fires_46279,,ordinalencoder,,minmax,PassiveAggressiveClassifier(random_state=0),3,0.9583333333333334,,,No using Ordinal Hot,0.001691579818725586,0.0001933574676513672
algerian_forest_fires_46279,,ordinalencoder,,minmax,PassiveAggressiveClassifier(random_state=0),4,0.9375,,,No using Ordinal Hot,0.0012764930725097656,0.00014519691467285156
algerian_forest_fires_46279,,ordinalencoder,pca,minmax,PassiveAggressiveClassifier(random_state=0),0,0.8979591836734694,,,No using Ordinal Hot,0.0014235973358154297,0.00014734268188476562
algerian_forest_fires_46279,,ordinalencoder,pca,minmax,PassiveAggressiveClassifier(random_state=0),1,0.9387755102040817,,,No using Ordinal Hot,0.0012738704681396484,0.00011873245239257812
algerian_forest_fires_46279,,ordinalencoder,pca,minmax,PassiveAggressiveClassifier(random_state=0),2,0.9183673469387755,,,No using Ordinal Hot,0.0013229846954345703,0.00012183189392089844
algerian_forest_fires_46279,,ordinalencoder,pca,minmax,PassiveAggressiveClassifier(random_state=0),3,0.9583333333333334,,,No using Ordinal Hot,0.0012726783752441406,0.00011920928955078125
algerian_forest_fires_46279,,ordinalencoder,pca,minmax,PassiveAggressiveClassifier(random_state=0),4,0.9583333333333334,,,No using Ordinal Hot,0.0013937950134277344,0.00012993812561035156
algerian_forest_fires_46279,,ordinalencoder,fastica,minmax,PassiveAggressiveClassifier(random_state=0),0,0.9591836734693877,,,No using Ordinal Hot,0.0011875629425048828,0.00011706352233886719
algerian_forest_fires_46279,,ordinalencoder,fastica,minmax,PassiveAggressiveClassifier(random_state=0),1,0.9795918367346939,,,No using Ordinal Hot,0.001367330551147461,0.00011849403381347656
algerian_forest_fires_46279,,ordinalencoder,fastica,minmax,PassiveAggressiveClassifier(random_state=0),2,0.9591836734693877,,,No using Ordinal Hot,0.0012314319610595703,0.00011706352233886719
algerian_forest_fires_46279,,ordinalencoder,fastica,minmax,PassiveAggressiveClassifier(random_state=0),3,0.9583333333333334,,,No using Ordinal Hot,0.0012526512145996094,0.00011873245239257812
algerian_forest_fires_46279,,ordinalencoder,fastica,minmax,PassiveAggressiveClassifier(random_state=0),4,1.0,,,No using Ordinal Hot,0.001295328140258789,0.00012135505676269531
algerian_forest_fires_46279,,ordinalencoder,truncated_svd,minmax,PassiveAggressiveClassifier(random_state=0),0,0.8163265306122449,,,No using Ordinal Hot,0.0010666847229003906,0.00013399124145507812
algerian_forest_fires_46279,,ordinalencoder,truncated_svd,minmax,PassiveAggressiveClassifier(random_state=0),1,0.8367346938775511,,,No using Ordinal Hot,0.001119375228881836,0.00011420249938964844
algerian_forest_fires_46279,,ordinalencoder,truncated_svd,minmax,PassiveAggressiveClassifier(random_state=0),2,0.8571428571428571,,,No using Ordinal Hot,0.001168966293334961,0.0001437664031982422
algerian_forest_fires_46279,,ordinalencoder,truncated_svd,minmax,PassiveAggressiveClassifier(random_state=0),3,0.8958333333333334,,,No using Ordinal Hot,0.0011444091796875,0.00011610984802246094
algerian_forest_fires_46279,,ordinalencoder,truncated_svd,minmax,PassiveAggressiveClassifier(random_state=0),4,0.6875,,,No using Ordinal Hot,0.0013039112091064453,0.00012969970703125
algerian_forest_fires_46279,,ordinalencoder,select_percentile,minmax,PassiveAggressiveClassifier(random_state=0),0,0.9387755102040817,,,No using Ordinal Hot,0.001191854476928711,0.00011610984802246094
algerian_forest_fires_46279,,ordinalencoder,select_percentile,minmax,PassiveAggressiveClassifier(random_state=0),1,1.0,,,No using Ordinal Hot,0.0012555122375488281,0.00011515617370605469
algerian_forest_fires_46279,,ordinalencoder,select_percentile,minmax,PassiveAggressiveClassifier(random_state=0),2,0.9591836734693877,,,No using Ordinal Hot,0.0011143684387207031,0.00011467933654785156
algerian_forest_fires_46279,,ordinalencoder,select_percentile,minmax,PassiveAggressiveClassifier(random_state=0),3,0.9791666666666666,,,No using Ordinal Hot,0.0011043548583984375,0.00011372566223144531
algerian_forest_fires_46279,,ordinalencoder,select_percentile,minmax,PassiveAggressiveClassifier(random_state=0),4,0.9583333333333334,,,No using Ordinal Hot,0.0012362003326416016,0.0001163482666015625
algerian_forest_fires_46279,,ordinalencoder,generic_univariate,minmax,PassiveAggressiveClassifier(random_state=0),0,0.9795918367346939,,,No using Ordinal Hot,0.0011332035064697266,0.0001125335693359375
algerian_forest_fires_46279,,ordinalencoder,generic_univariate,minmax,PassiveAggressiveClassifier(random_state=0),1,0.9795918367346939,,,No using Ordinal Hot,0.0012242794036865234,0.00011348724365234375
algerian_forest_fires_46279,,ordinalencoder,generic_univariate,minmax,PassiveAggressiveClassifier(random_state=0),2,0.9591836734693877,,,No using Ordinal Hot,0.0013580322265625,0.00012087821960449219
algerian_forest_fires_46279,,ordinalencoder,generic_univariate,minmax,PassiveAggressiveClassifier(random_state=0),3,0.9166666666666666,,,No using Ordinal Hot,0.0012121200561523438,0.00011968612670898438
algerian_forest_fires_46279,,ordinalencoder,generic_univariate,minmax,PassiveAggressiveClassifier(random_state=0),4,0.9583333333333334,,,No using Ordinal Hot,0.0013170242309570312,0.0001227855682373047
algerian_forest_fires_46279,,ordinalencoder,polynomial_features,minmax,PassiveAggressiveClassifier(random_state=0),0,0.9183673469387755,,,No using Ordinal Hot,0.0016429424285888672,0.00013065338134765625
algerian_forest_fires_46279,,ordinalencoder,polynomial_features,minmax,PassiveAggressiveClassifier(random_state=0),1,0.9591836734693877,,,No using Ordinal Hot,0.0016872882843017578,0.00012063980102539062
algerian_forest_fires_46279,,ordinalencoder,polynomial_features,minmax,PassiveAggressiveClassifier(random_state=0),2,0.9387755102040817,,,No using Ordinal Hot,0.002060413360595703,0.0001270771026611328
algerian_forest_fires_46279,,ordinalencoder,polynomial_features,minmax,PassiveAggressiveClassifier(random_state=0),3,0.9791666666666666,,,No using Ordinal Hot,0.0017011165618896484,0.00012159347534179688
algerian_forest_fires_46279,,ordinalencoder,polynomial_features,minmax,PassiveAggressiveClassifier(random_state=0),4,0.9791666666666666,,,No using Ordinal Hot,0.0017249584197998047,0.00012683868408203125
algerian_forest_fires_46279,,ordinalencoder,nystroem,minmax,PassiveAggressiveClassifier(random_state=0),0,0.9183673469387755,,,No using Ordinal Hot,0.0025491714477539062,0.00014281272888183594
algerian_forest_fires_46279,,ordinalencoder,nystroem,minmax,PassiveAggressiveClassifier(random_state=0),1,0.9591836734693877,,,No using Ordinal Hot,0.002725362777709961,0.0001666545867919922
algerian_forest_fires_46279,,ordinalencoder,nystroem,minmax,PassiveAggressiveClassifier(random_state=0),2,0.9183673469387755,,,No using Ordinal Hot,0.002456188201904297,0.00017499923706054688
algerian_forest_fires_46279,,ordinalencoder,nystroem,minmax,PassiveAggressiveClassifier(random_state=0),3,0.9166666666666666,,,No using Ordinal Hot,0.0022885799407958984,0.00014781951904296875
algerian_forest_fires_46279,,ordinalencoder,nystroem,minmax,PassiveAggressiveClassifier(random_state=0),4,0.9583333333333334,,,No using Ordinal Hot,0.0055124759674072266,0.0003299713134765625
algerian_forest_fires_46279,,ordinalencoder,rbf_sampler,minmax,PassiveAggressiveClassifier(random_state=0),0,0.9795918367346939,,,No using Ordinal Hot,0.002615690231323242,0.00015234947204589844
algerian_forest_fires_46279,,ordinalencoder,rbf_sampler,minmax,PassiveAggressiveClassifier(random_state=0),1,0.9387755102040817,,,No using Ordinal Hot,0.002035856246948242,0.00013899803161621094
algerian_forest_fires_46279,,ordinalencoder,rbf_sampler,minmax,PassiveAggressiveClassifier(random_state=0),2,0.8979591836734694,,,No using Ordinal Hot,0.002265453338623047,0.00013899803161621094
algerian_forest_fires_46279,,ordinalencoder,rbf_sampler,minmax,PassiveAggressiveClassifier(random_state=0),3,0.9583333333333334,,,No using Ordinal Hot,0.002088308334350586,0.00013780593872070312
algerian_forest_fires_46279,,ordinalencoder,rbf_sampler,minmax,PassiveAggressiveClassifier(random_state=0),4,0.9583333333333334,,,No using Ordinal Hot,0.0018754005432128906,0.00012683868408203125
algerian_forest_fires_46279,,ordinalencoder,random_trees_embedding,minmax,PassiveAggressiveClassifier(random_state=0),0,0.9591836734693877,,,No using Ordinal Hot,0.0017256736755371094,0.00016236305236816406
algerian_forest_fires_46279,,ordinalencoder,random_trees_embedding,minmax,PassiveAggressiveClassifier(random_state=0),1,0.9591836734693877,,,No using Ordinal Hot,0.0018405914306640625,0.0001347064971923828
algerian_forest_fires_46279,,ordinalencoder,random_trees_embedding,minmax,PassiveAggressiveClassifier(random_state=0),2,0.9591836734693877,,,No using Ordinal Hot,0.0017828941345214844,0.0001347064971923828
algerian_forest_fires_46279,,ordinalencoder,random_trees_embedding,minmax,PassiveAggressiveClassifier(random_state=0),3,0.9791666666666666,,,No using Ordinal Hot,0.0017631053924560547,0.0001327991485595703
algerian_forest_fires_46279,,ordinalencoder,random_trees_embedding,minmax,PassiveAggressiveClassifier(random_state=0),4,0.9375,,,No using Ordinal Hot,0.001741647720336914,0.0001308917999267578
algerian_forest_fires_46279,,ordinalencoder,feature_agglomeration,minmax,PassiveAggressiveClassifier(random_state=0),0,0.8163265306122449,,,No using Ordinal Hot,0.00133514404296875,0.00013589859008789062
algerian_forest_fires_46279,,ordinalencoder,feature_agglomeration,minmax,PassiveAggressiveClassifier(random_state=0),1,0.7959183673469388,,,No using Ordinal Hot,0.0012829303741455078,0.00015687942504882812
algerian_forest_fires_46279,,ordinalencoder,feature_agglomeration,minmax,PassiveAggressiveClassifier(random_state=0),2,0.8571428571428571,,,No using Ordinal Hot,0.0012359619140625,0.00014734268188476562
algerian_forest_fires_46279,,ordinalencoder,feature_agglomeration,minmax,PassiveAggressiveClassifier(random_state=0),3,0.8541666666666666,,,No using Ordinal Hot,0.0011725425720214844,0.00011706352233886719
algerian_forest_fires_46279,,ordinalencoder,feature_agglomeration,minmax,PassiveAggressiveClassifier(random_state=0),4,0.8958333333333334,,,No using Ordinal Hot,0.0012102127075195312,0.00011658668518066406
algerian_forest_fires_46279,,ordinalencoder,extra_tree,minmax,PassiveAggressiveClassifier(random_state=0),0,0.8571428571428571,,,No using Ordinal Hot,0.0011606216430664062,0.000118255615234375
algerian_forest_fires_46279,,ordinalencoder,extra_tree,minmax,PassiveAggressiveClassifier(random_state=0),1,0.9795918367346939,,,No using Ordinal Hot,0.0012409687042236328,0.00011873245239257812
algerian_forest_fires_46279,,ordinalencoder,extra_tree,minmax,PassiveAggressiveClassifier(random_state=0),2,0.8979591836734694,,,No using Ordinal Hot,0.0011794567108154297,0.00011730194091796875
algerian_forest_fires_46279,,ordinalencoder,extra_tree,minmax,PassiveAggressiveClassifier(random_state=0),3,1.0,,,No using Ordinal Hot,0.001226186752319336,0.00011873245239257812
algerian_forest_fires_46279,,ordinalencoder,extra_tree,minmax,PassiveAggressiveClassifier(random_state=0),4,0.9791666666666666,,,No using Ordinal Hot,0.0011887550354003906,0.00011587142944335938
algerian_forest_fires_46279,,ordinalencoder,linear_svc,minmax,PassiveAggressiveClassifier(random_state=0),0,0.8775510204081632,,,No using Ordinal Hot,0.0010716915130615234,0.00011467933654785156
algerian_forest_fires_46279,,ordinalencoder,linear_svc,minmax,PassiveAggressiveClassifier(random_state=0),1,0.9795918367346939,,,No using Ordinal Hot,0.0012052059173583984,0.00013780593872070312
algerian_forest_fires_46279,,ordinalencoder,linear_svc,minmax,PassiveAggressiveClassifier(random_state=0),2,0.9591836734693877,,,No using Ordinal Hot,0.0011682510375976562,0.00011754035949707031
algerian_forest_fires_46279,,ordinalencoder,linear_svc,minmax,PassiveAggressiveClassifier(random_state=0),3,0.9791666666666666,,,No using Ordinal Hot,0.0011146068572998047,0.00011396408081054688
algerian_forest_fires_46279,,ordinalencoder,linear_svc,minmax,PassiveAggressiveClassifier(random_state=0),4,0.9791666666666666,,,No using Ordinal Hot,0.0013170242309570312,0.00012636184692382812
algerian_forest_fires_46279,,ordinalencoder,kernel_pca,minmax,PassiveAggressiveClassifier(random_state=0),0,0.8775510204081632,,,No using Ordinal Hot,0.0017864704132080078,0.00014352798461914062
algerian_forest_fires_46279,,ordinalencoder,kernel_pca,minmax,PassiveAggressiveClassifier(random_state=0),1,0.9591836734693877,,,No using Ordinal Hot,0.0015778541564941406,0.0001418590545654297
algerian_forest_fires_46279,,ordinalencoder,kernel_pca,minmax,PassiveAggressiveClassifier(random_state=0),2,0.9183673469387755,,,No using Ordinal Hot,0.0016422271728515625,0.00016760826110839844
algerian_forest_fires_46279,,ordinalencoder,kernel_pca,minmax,PassiveAggressiveClassifier(random_state=0),3,0.9583333333333334,,,No using Ordinal Hot,0.0015769004821777344,0.0001392364501953125
algerian_forest_fires_46279,,ordinalencoder,kernel_pca,minmax,PassiveAggressiveClassifier(random_state=0),4,0.9583333333333334,,,No using Ordinal Hot,0.0016283988952636719,0.00014710426330566406
algerian_forest_fires_46279,,ordinalencoder,,robust,PassiveAggressiveClassifier(random_state=0),0,0.9387755102040817,,,No using Ordinal Hot,0.0016257762908935547,0.00014829635620117188
algerian_forest_fires_46279,,ordinalencoder,,robust,PassiveAggressiveClassifier(random_state=0),1,0.9591836734693877,,,No using Ordinal Hot,0.0015652179718017578,0.00015592575073242188
algerian_forest_fires_46279,,ordinalencoder,,robust,PassiveAggressiveClassifier(random_state=0),2,0.9795918367346939,,,No using Ordinal Hot,0.0016739368438720703,0.00015234947204589844
algerian_forest_fires_46279,,ordinalencoder,,robust,PassiveAggressiveClassifier(random_state=0),3,0.9375,,,No using Ordinal Hot,0.0016989707946777344,0.0001366138458251953
algerian_forest_fires_46279,,ordinalencoder,,robust,PassiveAggressiveClassifier(random_state=0),4,0.9583333333333334,,,No using Ordinal Hot,0.0016689300537109375,0.00017714500427246094
algerian_forest_fires_46279,,ordinalencoder,pca,robust,PassiveAggressiveClassifier(random_state=0),0,0.8979591836734694,,,No using Ordinal Hot,0.0012977123260498047,0.00012350082397460938
algerian_forest_fires_46279,,ordinalencoder,pca,robust,PassiveAggressiveClassifier(random_state=0),1,0.9795918367346939,,,No using Ordinal Hot,0.0012392997741699219,0.00011706352233886719
algerian_forest_fires_46279,,ordinalencoder,pca,robust,PassiveAggressiveClassifier(random_state=0),2,0.9183673469387755,,,No using Ordinal Hot,0.0011811256408691406,0.00011515617370605469
algerian_forest_fires_46279,,ordinalencoder,pca,robust,PassiveAggressiveClassifier(random_state=0),3,0.9375,,,No using Ordinal Hot,0.0012843608856201172,0.00011563301086425781
algerian_forest_fires_46279,,ordinalencoder,pca,robust,PassiveAggressiveClassifier(random_state=0),4,0.9791666666666666,,,No using Ordinal Hot,0.001222372055053711,0.00011324882507324219
algerian_forest_fires_46279,,ordinalencoder,fastica,robust,PassiveAggressiveClassifier(random_state=0),0,0.9387755102040817,,,No using Ordinal Hot,0.0012841224670410156,0.00011992454528808594
algerian_forest_fires_46279,,ordinalencoder,fastica,robust,PassiveAggressiveClassifier(random_state=0),1,0.6530612244897959,,,No using Ordinal Hot,0.0013654232025146484,0.00011849403381347656
algerian_forest_fires_46279,,ordinalencoder,fastica,robust,PassiveAggressiveClassifier(random_state=0),2,0.6938775510204082,,,No using Ordinal Hot,0.0014598369598388672,0.00012159347534179688
algerian_forest_fires_46279,,ordinalencoder,fastica,robust,PassiveAggressiveClassifier(random_state=0),3,0.9583333333333334,,,No using Ordinal Hot,0.0012524127960205078,0.00011754035949707031
algerian_forest_fires_46279,,ordinalencoder,fastica,robust,PassiveAggressiveClassifier(random_state=0),4,0.9375,,,No using Ordinal Hot,0.001341104507446289,0.00014972686767578125
algerian_forest_fires_46279,,ordinalencoder,truncated_svd,robust,PassiveAggressiveClassifier(random_state=0),0,0.8571428571428571,,,No using Ordinal Hot,0.0011780261993408203,0.00011587142944335938
algerian_forest_fires_46279,,ordinalencoder,truncated_svd,robust,PassiveAggressiveClassifier(random_state=0),1,0.8775510204081632,,,No using Ordinal Hot,0.0012240409851074219,0.00011920928955078125
algerian_forest_fires_46279,,ordinalencoder,truncated_svd,robust,PassiveAggressiveClassifier(random_state=0),2,0.7959183673469388,,,No using Ordinal Hot,0.0011508464813232422,0.00011801719665527344
algerian_forest_fires_46279,,ordinalencoder,truncated_svd,robust,PassiveAggressiveClassifier(random_state=0),3,0.875,,,No using Ordinal Hot,0.0011529922485351562,0.00011491775512695312
algerian_forest_fires_46279,,ordinalencoder,truncated_svd,robust,PassiveAggressiveClassifier(random_state=0),4,0.9583333333333334,,,No using Ordinal Hot,0.0012295246124267578,0.0001590251922607422
algerian_forest_fires_46279,,ordinalencoder,select_percentile,robust,PassiveAggressiveClassifier(random_state=0),0,0.9387755102040817,,,No using Ordinal Hot,0.001283884048461914,0.00012564659118652344
algerian_forest_fires_46279,,ordinalencoder,select_percentile,robust,PassiveAggressiveClassifier(random_state=0),1,0.9795918367346939,,,No using Ordinal Hot,0.0012650489807128906,0.00012612342834472656
algerian_forest_fires_46279,,ordinalencoder,select_percentile,robust,PassiveAggressiveClassifier(random_state=0),2,0.9795918367346939,,,No using Ordinal Hot,0.0011126995086669922,0.00011372566223144531
algerian_forest_fires_46279,,ordinalencoder,select_percentile,robust,PassiveAggressiveClassifier(random_state=0),3,0.9791666666666666,,,No using Ordinal Hot,0.0011098384857177734,0.00011181831359863281
algerian_forest_fires_46279,,ordinalencoder,select_percentile,robust,PassiveAggressiveClassifier(random_state=0),4,1.0,,,No using Ordinal Hot,0.0011620521545410156,0.00011491775512695312
algerian_forest_fires_46279,,ordinalencoder,generic_univariate,robust,PassiveAggressiveClassifier(random_state=0),0,0.9591836734693877,,,No using Ordinal Hot,0.001165628433227539,0.00011229515075683594
algerian_forest_fires_46279,,ordinalencoder,generic_univariate,robust,PassiveAggressiveClassifier(random_state=0),1,1.0,,,No using Ordinal Hot,0.0011873245239257812,0.00011658668518066406
algerian_forest_fires_46279,,ordinalencoder,generic_univariate,robust,PassiveAggressiveClassifier(random_state=0),2,0.9591836734693877,,,No using Ordinal Hot,0.0011882781982421875,0.00014328956604003906
algerian_forest_fires_46279,,ordinalencoder,generic_univariate,robust,PassiveAggressiveClassifier(random_state=0),3,0.9375,,,No using Ordinal Hot,0.0012209415435791016,0.00014853477478027344
algerian_forest_fires_46279,,ordinalencoder,generic_univariate,robust,PassiveAggressiveClassifier(random_state=0),4,0.9583333333333334,,,No using Ordinal Hot,0.0012216567993164062,0.00013756752014160156
algerian_forest_fires_46279,,ordinalencoder,polynomial_features,robust,PassiveAggressiveClassifier(random_state=0),0,0.9795918367346939,,,No using Ordinal Hot,0.0024001598358154297,0.0001227855682373047
algerian_forest_fires_46279,,ordinalencoder,polynomial_features,robust,PassiveAggressiveClassifier(random_state=0),1,0.9387755102040817,,,No using Ordinal Hot,0.0014598369598388672,0.0001227855682373047
algerian_forest_fires_46279,,ordinalencoder,polynomial_features,robust,PassiveAggressiveClassifier(random_state=0),2,0.9795918367346939,,,No using Ordinal Hot,0.0015320777893066406,0.00012636184692382812
algerian_forest_fires_46279,,ordinalencoder,polynomial_features,robust,PassiveAggressiveClassifier(random_state=0),3,0.9583333333333334,,,No using Ordinal Hot,0.002250194549560547,0.00012040138244628906
algerian_forest_fires_46279,,ordinalencoder,polynomial_features,robust,PassiveAggressiveClassifier(random_state=0),4,0.9375,,,No using Ordinal Hot,0.0020983219146728516,0.00015282630920410156
algerian_forest_fires_46279,,ordinalencoder,nystroem,robust,PassiveAggressiveClassifier(random_state=0),0,0.9591836734693877,,,No using Ordinal Hot,0.003459930419921875,0.0001437664031982422
algerian_forest_fires_46279,,ordinalencoder,nystroem,robust,PassiveAggressiveClassifier(random_state=0),1,0.9591836734693877,,,No using Ordinal Hot,0.0024557113647460938,0.00013709068298339844
algerian_forest_fires_46279,,ordinalencoder,nystroem,robust,PassiveAggressiveClassifier(random_state=0),2,0.9795918367346939,,,No using Ordinal Hot,0.0032820701599121094,0.00014328956604003906
algerian_forest_fires_46279,,ordinalencoder,nystroem,robust,PassiveAggressiveClassifier(random_state=0),3,0.9375,,,No using Ordinal Hot,0.002151012420654297,0.000133514404296875
algerian_forest_fires_46279,,ordinalencoder,nystroem,robust,PassiveAggressiveClassifier(random_state=0),4,0.9166666666666666,,,No using Ordinal Hot,0.00270843505859375,0.00014543533325195312
algerian_forest_fires_46279,,ordinalencoder,rbf_sampler,robust,PassiveAggressiveClassifier(random_state=0),0,0.6938775510204082,,,No using Ordinal Hot,0.002480745315551758,0.00017333030700683594
algerian_forest_fires_46279,,ordinalencoder,rbf_sampler,robust,PassiveAggressiveClassifier(random_state=0),1,0.6326530612244898,,,No using Ordinal Hot,0.0032033920288085938,0.00014495849609375
algerian_forest_fires_46279,,ordinalencoder,rbf_sampler,robust,PassiveAggressiveClassifier(random_state=0),2,0.5918367346938775,,,No using Ordinal Hot,0.0031681060791015625,0.00017571449279785156
algerian_forest_fires_46279,,ordinalencoder,rbf_sampler,robust,PassiveAggressiveClassifier(random_state=0),3,0.7291666666666666,,,No using Ordinal Hot,0.0018718242645263672,0.00016307830810546875
algerian_forest_fires_46279,,ordinalencoder,rbf_sampler,robust,PassiveAggressiveClassifier(random_state=0),4,0.6875,,,No using Ordinal Hot,0.002764463424682617,0.00013113021850585938
algerian_forest_fires_46279,,ordinalencoder,random_trees_embedding,robust,PassiveAggressiveClassifier(random_state=0),0,0.9591836734693877,,,No using Ordinal Hot,0.0017962455749511719,0.00014281272888183594
algerian_forest_fires_46279,,ordinalencoder,random_trees_embedding,robust,PassiveAggressiveClassifier(random_state=0),1,0.9591836734693877,,,No using Ordinal Hot,0.0018110275268554688,0.0001354217529296875
algerian_forest_fires_46279,,ordinalencoder,random_trees_embedding,robust,PassiveAggressiveClassifier(random_state=0),2,0.9591836734693877,,,No using Ordinal Hot,0.0019004344940185547,0.00013589859008789062
algerian_forest_fires_46279,,ordinalencoder,random_trees_embedding,robust,PassiveAggressiveClassifier(random_state=0),3,0.9791666666666666,,,No using Ordinal Hot,0.0018906593322753906,0.00013780593872070312
algerian_forest_fires_46279,,ordinalencoder,random_trees_embedding,robust,PassiveAggressiveClassifier(random_state=0),4,0.9375,,,No using Ordinal Hot,0.001874685287475586,0.00013494491577148438
algerian_forest_fires_46279,,ordinalencoder,feature_agglomeration,robust,PassiveAggressiveClassifier(random_state=0),0,0.8163265306122449,,,No using Ordinal Hot,0.0013072490692138672,0.00011968612670898438
algerian_forest_fires_46279,,ordinalencoder,feature_agglomeration,robust,PassiveAggressiveClassifier(random_state=0),1,0.8163265306122449,,,No using Ordinal Hot,0.0012009143829345703,0.00011658668518066406
algerian_forest_fires_46279,,ordinalencoder,feature_agglomeration,robust,PassiveAggressiveClassifier(random_state=0),2,0.9183673469387755,,,No using Ordinal Hot,0.0011904239654541016,0.00011587142944335938
algerian_forest_fires_46279,,ordinalencoder,feature_agglomeration,robust,PassiveAggressiveClassifier(random_state=0),3,0.8958333333333334,,,No using Ordinal Hot,0.001100778579711914,0.00011587142944335938
algerian_forest_fires_46279,,ordinalencoder,feature_agglomeration,robust,PassiveAggressiveClassifier(random_state=0),4,0.9166666666666666,,,No using Ordinal Hot,0.0010733604431152344,0.00011444091796875
algerian_forest_fires_46279,,ordinalencoder,extra_tree,robust,PassiveAggressiveClassifier(random_state=0),0,0.9795918367346939,,,No using Ordinal Hot,0.0011668205261230469,0.00011754035949707031
algerian_forest_fires_46279,,ordinalencoder,extra_tree,robust,PassiveAggressiveClassifier(random_state=0),1,0.9795918367346939,,,No using Ordinal Hot,0.0012445449829101562,0.00011873245239257812
algerian_forest_fires_46279,,ordinalencoder,extra_tree,robust,PassiveAggressiveClassifier(random_state=0),2,1.0,,,No using Ordinal Hot,0.001245737075805664,0.0001423358917236328
algerian_forest_fires_46279,,ordinalencoder,extra_tree,robust,PassiveAggressiveClassifier(random_state=0),3,0.9375,,,No using Ordinal Hot,0.0011746883392333984,0.00011444091796875
algerian_forest_fires_46279,,ordinalencoder,extra_tree,robust,PassiveAggressiveClassifier(random_state=0),4,1.0,,,No using Ordinal Hot,0.0012516975402832031,0.00011706352233886719
algerian_forest_fires_46279,,ordinalencoder,linear_svc,robust,PassiveAggressiveClassifier(random_state=0),0,0.9795918367346939,,,No using Ordinal Hot,0.0012240409851074219,0.00015044212341308594
algerian_forest_fires_46279,,ordinalencoder,linear_svc,robust,PassiveAggressiveClassifier(random_state=0),1,0.9795918367346939,,,No using Ordinal Hot,0.0011410713195800781,0.00011658668518066406
algerian_forest_fires_46279,,ordinalencoder,linear_svc,robust,PassiveAggressiveClassifier(random_state=0),2,0.9795918367346939,,,No using Ordinal Hot,0.001119852066040039,0.00011491775512695312
algerian_forest_fires_46279,,ordinalencoder,linear_svc,robust,PassiveAggressiveClassifier(random_state=0),3,0.9791666666666666,,,No using Ordinal Hot,0.0011878013610839844,0.00011658668518066406
algerian_forest_fires_46279,,ordinalencoder,linear_svc,robust,PassiveAggressiveClassifier(random_state=0),4,0.9583333333333334,,,No using Ordinal Hot,0.0011303424835205078,0.00012040138244628906
algerian_forest_fires_46279,,ordinalencoder,kernel_pca,robust,PassiveAggressiveClassifier(random_state=0),0,0.8979591836734694,,,No using Ordinal Hot,0.0015892982482910156,0.0001728534698486328
algerian_forest_fires_46279,,ordinalencoder,kernel_pca,robust,PassiveAggressiveClassifier(random_state=0),1,0.9795918367346939,,,No using Ordinal Hot,0.0016109943389892578,0.00014066696166992188
algerian_forest_fires_46279,,ordinalencoder,kernel_pca,robust,PassiveAggressiveClassifier(random_state=0),2,0.9183673469387755,,,No using Ordinal Hot,0.0022428035736083984,0.0001456737518310547
algerian_forest_fires_46279,,ordinalencoder,kernel_pca,robust,PassiveAggressiveClassifier(random_state=0),3,0.9375,,,No using Ordinal Hot,0.003149271011352539,0.00017499923706054688
algerian_forest_fires_46279,,ordinalencoder,kernel_pca,robust,PassiveAggressiveClassifier(random_state=0),4,0.9791666666666666,,,No using Ordinal Hot,0.0032193660736083984,0.0001742839813232422
algerian_forest_fires_46279,,ordinalencoder,,normalizer,PassiveAggressiveClassifier(random_state=0),0,0.5510204081632653,,,No using Ordinal Hot,0.003905057907104492,0.0001728534698486328
algerian_forest_fires_46279,,ordinalencoder,,normalizer,PassiveAggressiveClassifier(random_state=0),1,0.4489795918367347,,,No using Ordinal Hot,0.001489877700805664,0.00014281272888183594
algerian_forest_fires_46279,,ordinalencoder,,normalizer,PassiveAggressiveClassifier(random_state=0),2,0.5714285714285714,,,No using Ordinal Hot,0.0013148784637451172,0.00012540817260742188
algerian_forest_fires_46279,,ordinalencoder,,normalizer,PassiveAggressiveClassifier(random_state=0),3,0.6041666666666666,,,No using Ordinal Hot,0.0013666152954101562,0.00013017654418945312
algerian_forest_fires_46279,,ordinalencoder,,normalizer,PassiveAggressiveClassifier(random_state=0),4,0.5,,,No using Ordinal Hot,0.0012865066528320312,0.00015306472778320312
algerian_forest_fires_46279,,ordinalencoder,pca,normalizer,PassiveAggressiveClassifier(random_state=0),0,0.7142857142857143,,,No using Ordinal Hot,0.0015950202941894531,0.00011992454528808594
algerian_forest_fires_46279,,ordinalencoder,pca,normalizer,PassiveAggressiveClassifier(random_state=0),1,0.4489795918367347,,,No using Ordinal Hot,0.001129150390625,0.0001423358917236328
algerian_forest_fires_46279,,ordinalencoder,pca,normalizer,PassiveAggressiveClassifier(random_state=0),2,0.5918367346938775,,,No using Ordinal Hot,0.001833200454711914,0.00014400482177734375
algerian_forest_fires_46279,,ordinalencoder,pca,normalizer,PassiveAggressiveClassifier(random_state=0),3,0.8125,,,No using Ordinal Hot,0.001741647720336914,0.00011801719665527344
algerian_forest_fires_46279,,ordinalencoder,pca,normalizer,PassiveAggressiveClassifier(random_state=0),4,0.8958333333333334,,,No using Ordinal Hot,0.0015330314636230469,0.00011777877807617188
algerian_forest_fires_46279,,ordinalencoder,fastica,normalizer,PassiveAggressiveClassifier(random_state=0),0,0.9387755102040817,,,No using Ordinal Hot,0.0012087821960449219,0.00011706352233886719
algerian_forest_fires_46279,,ordinalencoder,fastica,normalizer,PassiveAggressiveClassifier(random_state=0),1,0.9795918367346939,,,No using Ordinal Hot,0.0011920928955078125,0.00011730194091796875
algerian_forest_fires_46279,,ordinalencoder,fastica,normalizer,PassiveAggressiveClassifier(random_state=0),2,0.9795918367346939,,,No using Ordinal Hot,0.0012323856353759766,0.00011801719665527344
algerian_forest_fires_46279,,ordinalencoder,fastica,normalizer,PassiveAggressiveClassifier(random_state=0),3,0.9375,,,No using Ordinal Hot,0.0013163089752197266,0.00013947486877441406
algerian_forest_fires_46279,,ordinalencoder,fastica,normalizer,PassiveAggressiveClassifier(random_state=0),4,1.0,,,No using Ordinal Hot,0.0012385845184326172,0.00016355514526367188
algerian_forest_fires_46279,,ordinalencoder,truncated_svd,normalizer,PassiveAggressiveClassifier(random_state=0),0,0.5510204081632653,,,No using Ordinal Hot,0.0011150836944580078,0.00011563301086425781
algerian_forest_fires_46279,,ordinalencoder,truncated_svd,normalizer,PassiveAggressiveClassifier(random_state=0),1,0.4489795918367347,,,No using Ordinal Hot,0.00109100341796875,0.00013589859008789062
algerian_forest_fires_46279,,ordinalencoder,truncated_svd,normalizer,PassiveAggressiveClassifier(random_state=0),2,0.5714285714285714,,,No using Ordinal Hot,0.0012645721435546875,0.0001327991485595703
algerian_forest_fires_46279,,ordinalencoder,truncated_svd,normalizer,PassiveAggressiveClassifier(random_state=0),3,0.6041666666666666,,,No using Ordinal Hot,0.001168966293334961,0.00011467933654785156
algerian_forest_fires_46279,,ordinalencoder,truncated_svd,normalizer,PassiveAggressiveClassifier(random_state=0),4,0.5,,,No using Ordinal Hot,0.001119852066040039,0.00011467933654785156
algerian_forest_fires_46279,,ordinalencoder,select_percentile,normalizer,PassiveAggressiveClassifier(random_state=0),0,0.5510204081632653,,,No using Ordinal Hot,0.0011484622955322266,0.00014781951904296875
algerian_forest_fires_46279,,ordinalencoder,select_percentile,normalizer,PassiveAggressiveClassifier(random_state=0),1,0.4489795918367347,,,No using Ordinal Hot,0.001409769058227539,0.00011992454528808594
algerian_forest_fires_46279,,ordinalencoder,select_percentile,normalizer,PassiveAggressiveClassifier(random_state=0),2,0.5714285714285714,,,No using Ordinal Hot,0.0012235641479492188,0.00011420249938964844
algerian_forest_fires_46279,,ordinalencoder,select_percentile,normalizer,PassiveAggressiveClassifier(random_state=0),3,0.6041666666666666,,,No using Ordinal Hot,0.0011730194091796875,0.00011467933654785156
algerian_forest_fires_46279,,ordinalencoder,select_percentile,normalizer,PassiveAggressiveClassifier(random_state=0),4,0.5416666666666666,,,No using Ordinal Hot,0.0010838508605957031,0.00012183189392089844
algerian_forest_fires_46279,,ordinalencoder,generic_univariate,normalizer,PassiveAggressiveClassifier(random_state=0),0,0.5510204081632653,,,No using Ordinal Hot,0.0011761188507080078,0.00011157989501953125
algerian_forest_fires_46279,,ordinalencoder,generic_univariate,normalizer,PassiveAggressiveClassifier(random_state=0),1,0.4489795918367347,,,No using Ordinal Hot,0.0011222362518310547,0.0001227855682373047
algerian_forest_fires_46279,,ordinalencoder,generic_univariate,normalizer,PassiveAggressiveClassifier(random_state=0),2,0.5714285714285714,,,No using Ordinal Hot,0.0011615753173828125,0.00011014938354492188
algerian_forest_fires_46279,,ordinalencoder,generic_univariate,normalizer,PassiveAggressiveClassifier(random_state=0),3,0.6041666666666666,,,No using Ordinal Hot,0.0011298656463623047,0.00011587142944335938
algerian_forest_fires_46279,,ordinalencoder,generic_univariate,normalizer,PassiveAggressiveClassifier(random_state=0),4,0.5416666666666666,,,No using Ordinal Hot,0.0011305809020996094,0.00011277198791503906
algerian_forest_fires_46279,,ordinalencoder,polynomial_features,normalizer,PassiveAggressiveClassifier(random_state=0),0,0.5510204081632653,,,No using Ordinal Hot,0.0015234947204589844,0.00012612342834472656
algerian_forest_fires_46279,,ordinalencoder,polynomial_features,normalizer,PassiveAggressiveClassifier(random_state=0),1,0.5714285714285714,,,No using Ordinal Hot,0.0019512176513671875,0.00011944770812988281
algerian_forest_fires_46279,,ordinalencoder,polynomial_features,normalizer,PassiveAggressiveClassifier(random_state=0),2,0.6122448979591837,,,No using Ordinal Hot,0.0019114017486572266,0.00013899803161621094
algerian_forest_fires_46279,,ordinalencoder,polynomial_features,normalizer,PassiveAggressiveClassifier(random_state=0),3,0.8125,,,No using Ordinal Hot,0.0026178359985351562,0.0001220703125
algerian_forest_fires_46279,,ordinalencoder,polynomial_features,normalizer,PassiveAggressiveClassifier(random_state=0),4,0.6041666666666666,,,No using Ordinal Hot,0.0026297569274902344,0.00012373924255371094
algerian_forest_fires_46279,,ordinalencoder,nystroem,normalizer,PassiveAggressiveClassifier(random_state=0),0,0.5510204081632653,,,No using Ordinal Hot,0.0020079612731933594,0.00017023086547851562
algerian_forest_fires_46279,,ordinalencoder,nystroem,normalizer,PassiveAggressiveClassifier(random_state=0),1,0.4489795918367347,,,No using Ordinal Hot,0.002916097640991211,0.00020313262939453125
algerian_forest_fires_46279,,ordinalencoder,nystroem,normalizer,PassiveAggressiveClassifier(random_state=0),2,0.5714285714285714,,,No using Ordinal Hot,0.0023810863494873047,0.00018072128295898438
algerian_forest_fires_46279,,ordinalencoder,nystroem,normalizer,PassiveAggressiveClassifier(random_state=0),3,0.6041666666666666,,,No using Ordinal Hot,0.0021009445190429688,0.00017189979553222656
algerian_forest_fires_46279,,ordinalencoder,nystroem,normalizer,PassiveAggressiveClassifier(random_state=0),4,0.4583333333333333,,,No using Ordinal Hot,0.0020034313201904297,0.00014257431030273438
algerian_forest_fires_46279,,ordinalencoder,rbf_sampler,normalizer,PassiveAggressiveClassifier(random_state=0),0,0.5510204081632653,,,No using Ordinal Hot,0.0019421577453613281,0.0001437664031982422
algerian_forest_fires_46279,,ordinalencoder,rbf_sampler,normalizer,PassiveAggressiveClassifier(random_state=0),1,0.5306122448979592,,,No using Ordinal Hot,0.0015683174133300781,0.0001266002655029297
algerian_forest_fires_46279,,ordinalencoder,rbf_sampler,normalizer,PassiveAggressiveClassifier(random_state=0),2,0.7551020408163265,,,No using Ordinal Hot,0.001682281494140625,0.00012803077697753906
algerian_forest_fires_46279,,ordinalencoder,rbf_sampler,normalizer,PassiveAggressiveClassifier(random_state=0),3,0.6041666666666666,,,No using Ordinal Hot,0.001645803451538086,0.00012636184692382812
algerian_forest_fires_46279,,ordinalencoder,rbf_sampler,normalizer,PassiveAggressiveClassifier(random_state=0),4,0.7708333333333334,,,No using Ordinal Hot,0.0022003650665283203,0.000133514404296875
algerian_forest_fires_46279,,ordinalencoder,random_trees_embedding,normalizer,PassiveAggressiveClassifier(random_state=0),0,0.9183673469387755,,,No using Ordinal Hot,0.001984119415283203,0.0001380443572998047
algerian_forest_fires_46279,,ordinalencoder,random_trees_embedding,normalizer,PassiveAggressiveClassifier(random_state=0),1,0.9591836734693877,,,No using Ordinal Hot,0.0019826889038085938,0.00017142295837402344
algerian_forest_fires_46279,,ordinalencoder,random_trees_embedding,normalizer,PassiveAggressiveClassifier(random_state=0),2,1.0,,,No using Ordinal Hot,0.0018358230590820312,0.0001308917999267578
algerian_forest_fires_46279,,ordinalencoder,random_trees_embedding,normalizer,PassiveAggressiveClassifier(random_state=0),3,0.9375,,,No using Ordinal Hot,0.0017402172088623047,0.00013256072998046875
algerian_forest_fires_46279,,ordinalencoder,random_trees_embedding,normalizer,PassiveAggressiveClassifier(random_state=0),4,0.9583333333333334,,,No using Ordinal Hot,0.0017743110656738281,0.00016379356384277344
algerian_forest_fires_46279,,ordinalencoder,feature_agglomeration,normalizer,PassiveAggressiveClassifier(random_state=0),0,0.5510204081632653,,,No using Ordinal Hot,0.0011267662048339844,0.00011348724365234375
algerian_forest_fires_46279,,ordinalencoder,feature_agglomeration,normalizer,PassiveAggressiveClassifier(random_state=0),1,0.4489795918367347,,,No using Ordinal Hot,0.0012509822845458984,0.0001304149627685547
algerian_forest_fires_46279,,ordinalencoder,feature_agglomeration,normalizer,PassiveAggressiveClassifier(random_state=0),2,0.42857142857142855,,,No using Ordinal Hot,0.0011646747589111328,0.00011444091796875
algerian_forest_fires_46279,,ordinalencoder,feature_agglomeration,normalizer,PassiveAggressiveClassifier(random_state=0),3,0.6041666666666666,,,No using Ordinal Hot,0.0011129379272460938,0.00011348724365234375
algerian_forest_fires_46279,,ordinalencoder,feature_agglomeration,normalizer,PassiveAggressiveClassifier(random_state=0),4,0.5416666666666666,,,No using Ordinal Hot,0.0013403892517089844,0.00011730194091796875
algerian_forest_fires_46279,,ordinalencoder,extra_tree,normalizer,PassiveAggressiveClassifier(random_state=0),0,0.5510204081632653,,,No using Ordinal Hot,0.0011572837829589844,0.00011849403381347656
algerian_forest_fires_46279,,ordinalencoder,extra_tree,normalizer,PassiveAggressiveClassifier(random_state=0),1,0.4489795918367347,,,No using Ordinal Hot,0.0011513233184814453,0.00011920928955078125
algerian_forest_fires_46279,,ordinalencoder,extra_tree,normalizer,PassiveAggressiveClassifier(random_state=0),2,0.5714285714285714,,,No using Ordinal Hot,0.0013077259063720703,0.0001201629638671875
algerian_forest_fires_46279,,ordinalencoder,extra_tree,normalizer,PassiveAggressiveClassifier(random_state=0),3,0.6041666666666666,,,No using Ordinal Hot,0.0012056827545166016,0.00011801719665527344
algerian_forest_fires_46279,,ordinalencoder,extra_tree,normalizer,PassiveAggressiveClassifier(random_state=0),4,0.5416666666666666,,,No using Ordinal Hot,0.0012357234954833984,0.00011920928955078125
algerian_forest_fires_46279,,ordinalencoder,linear_svc,normalizer,PassiveAggressiveClassifier(random_state=0),0,0.8571428571428571,,,No using Ordinal Hot,0.00170135498046875,0.0001404285430908203
algerian_forest_fires_46279,,ordinalencoder,linear_svc,normalizer,PassiveAggressiveClassifier(random_state=0),1,0.4489795918367347,,,No using Ordinal Hot,0.0011391639709472656,0.00011587142944335938
algerian_forest_fires_46279,,ordinalencoder,linear_svc,normalizer,PassiveAggressiveClassifier(random_state=0),2,0.7959183673469388,,,No using Ordinal Hot,0.0014989376068115234,0.00012111663818359375
algerian_forest_fires_46279,,ordinalencoder,linear_svc,normalizer,PassiveAggressiveClassifier(random_state=0),3,0.8125,,,No using Ordinal Hot,0.0014417171478271484,0.00013709068298339844
algerian_forest_fires_46279,,ordinalencoder,linear_svc,normalizer,PassiveAggressiveClassifier(random_state=0),4,0.8958333333333334,,,No using Ordinal Hot,0.0012621879577636719,0.000141143798828125
algerian_forest_fires_46279,,ordinalencoder,kernel_pca,normalizer,PassiveAggressiveClassifier(random_state=0),0,0.7142857142857143,,,No using Ordinal Hot,0.002074003219604492,0.00014400482177734375
algerian_forest_fires_46279,,ordinalencoder,kernel_pca,normalizer,PassiveAggressiveClassifier(random_state=0),1,0.4489795918367347,,,No using Ordinal Hot,0.0022821426391601562,0.00017642974853515625
algerian_forest_fires_46279,,ordinalencoder,kernel_pca,normalizer,PassiveAggressiveClassifier(random_state=0),2,0.5918367346938775,,,No using Ordinal Hot,0.0024352073669433594,0.0002014636993408203
algerian_forest_fires_46279,,ordinalencoder,kernel_pca,normalizer,PassiveAggressiveClassifier(random_state=0),3,0.8125,,,No using Ordinal Hot,0.0021920204162597656,0.0001380443572998047
algerian_forest_fires_46279,,ordinalencoder,kernel_pca,normalizer,PassiveAggressiveClassifier(random_state=0),4,0.8958333333333334,,,No using Ordinal Hot,0.0019385814666748047,0.00013875961303710938
algerian_forest_fires_46279,,ordinalencoder,,power,PassiveAggressiveClassifier(random_state=0),0,1.0,,,No using Ordinal Hot,0.0014653205871582031,0.00013518333435058594
algerian_forest_fires_46279,,ordinalencoder,,power,PassiveAggressiveClassifier(random_state=0),1,0.9795918367346939,,,No using Ordinal Hot,0.0014688968658447266,0.00012969970703125
algerian_forest_fires_46279,,ordinalencoder,,power,PassiveAggressiveClassifier(random_state=0),2,0.9591836734693877,,,No using Ordinal Hot,0.0013349056243896484,0.00012350082397460938
algerian_forest_fires_46279,,ordinalencoder,,power,PassiveAggressiveClassifier(random_state=0),3,0.9791666666666666,,,No using Ordinal Hot,0.0012972354888916016,0.00011730194091796875
algerian_forest_fires_46279,,ordinalencoder,,power,PassiveAggressiveClassifier(random_state=0),4,0.9791666666666666,,,No using Ordinal Hot,0.001361846923828125,0.000118255615234375
algerian_forest_fires_46279,,ordinalencoder,pca,power,PassiveAggressiveClassifier(random_state=0),0,1.0,,,No using Ordinal Hot,0.0012555122375488281,0.0001163482666015625
algerian_forest_fires_46279,,ordinalencoder,pca,power,PassiveAggressiveClassifier(random_state=0),1,0.9795918367346939,,,No using Ordinal Hot,0.0013284683227539062,0.0001404285430908203
algerian_forest_fires_46279,,ordinalencoder,pca,power,PassiveAggressiveClassifier(random_state=0),2,0.9591836734693877,,,No using Ordinal Hot,0.0012063980102539062,0.00011420249938964844
algerian_forest_fires_46279,,ordinalencoder,pca,power,PassiveAggressiveClassifier(random_state=0),3,0.9791666666666666,,,No using Ordinal Hot,0.0012242794036865234,0.00011587142944335938
algerian_forest_fires_46279,,ordinalencoder,pca,power,PassiveAggressiveClassifier(random_state=0),4,0.9791666666666666,,,No using Ordinal Hot,0.0014243125915527344,0.00011849403381347656
algerian_forest_fires_46279,,ordinalencoder,fastica,power,PassiveAggressiveClassifier(random_state=0),0,0.9795918367346939,,,No using Ordinal Hot,0.0013611316680908203,0.00012350082397460938
algerian_forest_fires_46279,,ordinalencoder,fastica,power,PassiveAggressiveClassifier(random_state=0),1,0.9795918367346939,,,No using Ordinal Hot,0.0014560222625732422,0.00012111663818359375
algerian_forest_fires_46279,,ordinalencoder,fastica,power,PassiveAggressiveClassifier(random_state=0),2,0.9591836734693877,,,No using Ordinal Hot,0.0013527870178222656,0.0001499652862548828
algerian_forest_fires_46279,,ordinalencoder,fastica,power,PassiveAggressiveClassifier(random_state=0),3,0.9583333333333334,,,No using Ordinal Hot,0.0013167858123779297,0.00012183189392089844
algerian_forest_fires_46279,,ordinalencoder,fastica,power,PassiveAggressiveClassifier(random_state=0),4,0.9583333333333334,,,No using Ordinal Hot,0.0013279914855957031,0.00011944770812988281
algerian_forest_fires_46279,,ordinalencoder,truncated_svd,power,PassiveAggressiveClassifier(random_state=0),0,0.8979591836734694,,,No using Ordinal Hot,0.0012271404266357422,0.00011801719665527344
algerian_forest_fires_46279,,ordinalencoder,truncated_svd,power,PassiveAggressiveClassifier(random_state=0),1,0.8979591836734694,,,No using Ordinal Hot,0.001129150390625,0.00011563301086425781
algerian_forest_fires_46279,,ordinalencoder,truncated_svd,power,PassiveAggressiveClassifier(random_state=0),2,0.8775510204081632,,,No using Ordinal Hot,0.001237630844116211,0.0001316070556640625
algerian_forest_fires_46279,,ordinalencoder,truncated_svd,power,PassiveAggressiveClassifier(random_state=0),3,0.6041666666666666,,,No using Ordinal Hot,0.0013952255249023438,0.00011992454528808594
algerian_forest_fires_46279,,ordinalencoder,truncated_svd,power,PassiveAggressiveClassifier(random_state=0),4,0.9583333333333334,,,No using Ordinal Hot,0.0011012554168701172,0.00013303756713867188
algerian_forest_fires_46279,,ordinalencoder,select_percentile,power,PassiveAggressiveClassifier(random_state=0),0,0.9591836734693877,,,No using Ordinal Hot,0.0011057853698730469,0.00011420249938964844
algerian_forest_fires_46279,,ordinalencoder,select_percentile,power,PassiveAggressiveClassifier(random_state=0),1,0.9795918367346939,,,No using Ordinal Hot,0.0011053085327148438,0.0001125335693359375
algerian_forest_fires_46279,,ordinalencoder,select_percentile,power,PassiveAggressiveClassifier(random_state=0),2,0.9387755102040817,,,No using Ordinal Hot,0.001068115234375,0.00011181831359863281
algerian_forest_fires_46279,,ordinalencoder,select_percentile,power,PassiveAggressiveClassifier(random_state=0),3,0.9583333333333334,,,No using Ordinal Hot,0.001117706298828125,0.00012993812561035156
algerian_forest_fires_46279,,ordinalencoder,select_percentile,power,PassiveAggressiveClassifier(random_state=0),4,0.9791666666666666,,,No using Ordinal Hot,0.001275777816772461,0.0001246929168701172
algerian_forest_fires_46279,,ordinalencoder,generic_univariate,power,PassiveAggressiveClassifier(random_state=0),0,0.8979591836734694,,,No using Ordinal Hot,0.0011131763458251953,0.00011301040649414062
algerian_forest_fires_46279,,ordinalencoder,generic_univariate,power,PassiveAggressiveClassifier(random_state=0),1,0.9387755102040817,,,No using Ordinal Hot,0.0011005401611328125,0.00011134147644042969
algerian_forest_fires_46279,,ordinalencoder,generic_univariate,power,PassiveAggressiveClassifier(random_state=0),2,0.9387755102040817,,,No using Ordinal Hot,0.0011370182037353516,0.00011324882507324219
algerian_forest_fires_46279,,ordinalencoder,generic_univariate,power,PassiveAggressiveClassifier(random_state=0),3,0.9583333333333334,,,No using Ordinal Hot,0.0011677742004394531,0.00011420249938964844
algerian_forest_fires_46279,,ordinalencoder,generic_univariate,power,PassiveAggressiveClassifier(random_state=0),4,0.9583333333333334,,,No using Ordinal Hot,0.0012044906616210938,0.00011587142944335938
algerian_forest_fires_46279,,ordinalencoder,polynomial_features,power,PassiveAggressiveClassifier(random_state=0),0,0.9591836734693877,,,No using Ordinal Hot,0.001960277557373047,0.00011801719665527344
algerian_forest_fires_46279,,ordinalencoder,polynomial_features,power,PassiveAggressiveClassifier(random_state=0),1,0.9387755102040817,,,No using Ordinal Hot,0.0022742748260498047,0.00012421607971191406
algerian_forest_fires_46279,,ordinalencoder,polynomial_features,power,PassiveAggressiveClassifier(random_state=0),2,0.9795918367346939,,,No using Ordinal Hot,0.0022127628326416016,0.0001239776611328125
algerian_forest_fires_46279,,ordinalencoder,polynomial_features,power,PassiveAggressiveClassifier(random_state=0),3,0.9375,,,No using Ordinal Hot,0.0019047260284423828,0.0001201629638671875
algerian_forest_fires_46279,,ordinalencoder,polynomial_features,power,PassiveAggressiveClassifier(random_state=0),4,0.9375,,,No using Ordinal Hot,0.0018529891967773438,0.00011873245239257812
algerian_forest_fires_46279,,ordinalencoder,nystroem,power,PassiveAggressiveClassifier(random_state=0),0,0.9795918367346939,,,No using Ordinal Hot,0.002143383026123047,0.00013875961303710938
algerian_forest_fires_46279,,ordinalencoder,nystroem,power,PassiveAggressiveClassifier(random_state=0),1,0.9591836734693877,,,No using Ordinal Hot,0.002569913864135742,0.0001971721649169922
algerian_forest_fires_46279,,ordinalencoder,nystroem,power,PassiveAggressiveClassifier(random_state=0),2,0.9795918367346939,,,No using Ordinal Hot,0.002505064010620117,0.00014972686767578125
algerian_forest_fires_46279,,ordinalencoder,nystroem,power,PassiveAggressiveClassifier(random_state=0),3,0.9791666666666666,,,No using Ordinal Hot,0.00186920166015625,0.00012826919555664062
algerian_forest_fires_46279,,ordinalencoder,nystroem,power,PassiveAggressiveClassifier(random_state=0),4,0.9583333333333334,,,No using Ordinal Hot,0.002542257308959961,0.00015687942504882812
algerian_forest_fires_46279,,ordinalencoder,rbf_sampler,power,PassiveAggressiveClassifier(random_state=0),0,0.4897959183673469,,,No using Ordinal Hot,0.0035490989685058594,0.00012969970703125
algerian_forest_fires_46279,,ordinalencoder,rbf_sampler,power,PassiveAggressiveClassifier(random_state=0),1,0.6530612244897959,,,No using Ordinal Hot,0.0032558441162109375,0.00012540817260742188
algerian_forest_fires_46279,,ordinalencoder,rbf_sampler,power,PassiveAggressiveClassifier(random_state=0),2,0.6530612244897959,,,No using Ordinal Hot,0.002695798873901367,0.00011992454528808594
algerian_forest_fires_46279,,ordinalencoder,rbf_sampler,power,PassiveAggressiveClassifier(random_state=0),3,0.6041666666666666,,,No using Ordinal Hot,0.0029227733612060547,0.00015234947204589844
algerian_forest_fires_46279,,ordinalencoder,rbf_sampler,power,PassiveAggressiveClassifier(random_state=0),4,0.6041666666666666,,,No using Ordinal Hot,0.00211334228515625,0.00013947486877441406
algerian_forest_fires_46279,,ordinalencoder,random_trees_embedding,power,PassiveAggressiveClassifier(random_state=0),0,1.0,,,No using Ordinal Hot,0.0018422603607177734,0.0001373291015625
algerian_forest_fires_46279,,ordinalencoder,random_trees_embedding,power,PassiveAggressiveClassifier(random_state=0),1,0.9795918367346939,,,No using Ordinal Hot,0.0017192363739013672,0.0001342296600341797
algerian_forest_fires_46279,,ordinalencoder,random_trees_embedding,power,PassiveAggressiveClassifier(random_state=0),2,0.9795918367346939,,,No using Ordinal Hot,0.0017733573913574219,0.00014472007751464844
algerian_forest_fires_46279,,ordinalencoder,random_trees_embedding,power,PassiveAggressiveClassifier(random_state=0),3,0.9583333333333334,,,No using Ordinal Hot,0.0016269683837890625,0.0001404285430908203
algerian_forest_fires_46279,,ordinalencoder,random_trees_embedding,power,PassiveAggressiveClassifier(random_state=0),4,0.9583333333333334,,,No using Ordinal Hot,0.0017490386962890625,0.0001354217529296875
algerian_forest_fires_46279,,ordinalencoder,feature_agglomeration,power,PassiveAggressiveClassifier(random_state=0),0,0.7959183673469388,,,No using Ordinal Hot,0.0014424324035644531,0.00014853477478027344
algerian_forest_fires_46279,,ordinalencoder,feature_agglomeration,power,PassiveAggressiveClassifier(random_state=0),1,0.9183673469387755,,,No using Ordinal Hot,0.0011649131774902344,0.00011682510375976562
algerian_forest_fires_46279,,ordinalencoder,feature_agglomeration,power,PassiveAggressiveClassifier(random_state=0),2,0.8775510204081632,,,No using Ordinal Hot,0.0010755062103271484,0.00011134147644042969
algerian_forest_fires_46279,,ordinalencoder,feature_agglomeration,power,PassiveAggressiveClassifier(random_state=0),3,0.875,,,No using Ordinal Hot,0.0011489391326904297,0.00011324882507324219
algerian_forest_fires_46279,,ordinalencoder,feature_agglomeration,power,PassiveAggressiveClassifier(random_state=0),4,0.9375,,,No using Ordinal Hot,0.0011281967163085938,0.00011420249938964844
algerian_forest_fires_46279,,ordinalencoder,extra_tree,power,PassiveAggressiveClassifier(random_state=0),0,0.9795918367346939,,,No using Ordinal Hot,0.0011935234069824219,0.0001163482666015625
algerian_forest_fires_46279,,ordinalencoder,extra_tree,power,PassiveAggressiveClassifier(random_state=0),1,0.9795918367346939,,,No using Ordinal Hot,0.0011563301086425781,0.00011897087097167969
algerian_forest_fires_46279,,ordinalencoder,extra_tree,power,PassiveAggressiveClassifier(random_state=0),2,1.0,,,No using Ordinal Hot,0.0011420249938964844,0.00011754035949707031
algerian_forest_fires_46279,,ordinalencoder,extra_tree,power,PassiveAggressiveClassifier(random_state=0),3,0.9375,,,No using Ordinal Hot,0.0012018680572509766,0.0001163482666015625
algerian_forest_fires_46279,,ordinalencoder,extra_tree,power,PassiveAggressiveClassifier(random_state=0),4,0.9791666666666666,,,No using Ordinal Hot,0.0013225078582763672,0.0001201629638671875
algerian_forest_fires_46279,,ordinalencoder,linear_svc,power,PassiveAggressiveClassifier(random_state=0),0,1.0,,,No using Ordinal Hot,0.0015954971313476562,0.00017547607421875
algerian_forest_fires_46279,,ordinalencoder,linear_svc,power,PassiveAggressiveClassifier(random_state=0),1,0.9795918367346939,,,No using Ordinal Hot,0.0011644363403320312,0.00012373924255371094
algerian_forest_fires_46279,,ordinalencoder,linear_svc,power,PassiveAggressiveClassifier(random_state=0),2,1.0,,,No using Ordinal Hot,0.0012247562408447266,0.00012087821960449219
algerian_forest_fires_46279,,ordinalencoder,linear_svc,power,PassiveAggressiveClassifier(random_state=0),3,1.0,,,No using Ordinal Hot,0.0012097358703613281,0.00011706352233886719
algerian_forest_fires_46279,,ordinalencoder,linear_svc,power,PassiveAggressiveClassifier(random_state=0),4,1.0,,,No using Ordinal Hot,0.0011441707611083984,0.00011539459228515625
algerian_forest_fires_46279,,ordinalencoder,kernel_pca,power,PassiveAggressiveClassifier(random_state=0),0,1.0,,,No using Ordinal Hot,0.0015718936920166016,0.0001380443572998047
algerian_forest_fires_46279,,ordinalencoder,kernel_pca,power,PassiveAggressiveClassifier(random_state=0),1,0.9795918367346939,,,No using Ordinal Hot,0.0017719268798828125,0.00014448165893554688
algerian_forest_fires_46279,,ordinalencoder,kernel_pca,power,PassiveAggressiveClassifier(random_state=0),2,0.9591836734693877,,,No using Ordinal Hot,0.0016644001007080078,0.00014328956604003906
algerian_forest_fires_46279,,ordinalencoder,kernel_pca,power,PassiveAggressiveClassifier(random_state=0),3,0.9791666666666666,,,No using Ordinal Hot,0.0016334056854248047,0.00014090538024902344
algerian_forest_fires_46279,,ordinalencoder,kernel_pca,power,PassiveAggressiveClassifier(random_state=0),4,0.9791666666666666,,,No using Ordinal Hot,0.0017900466918945312,0.00014066696166992188
algerian_forest_fires_46279,,ordinalencoder,,quantile,PassiveAggressiveClassifier(random_state=0),0,0.9183673469387755,,,No using Ordinal Hot,0.0016176700592041016,0.00015282630920410156
algerian_forest_fires_46279,,ordinalencoder,,quantile,PassiveAggressiveClassifier(random_state=0),1,0.9591836734693877,,,No using Ordinal Hot,0.0016164779663085938,0.00014162063598632812
algerian_forest_fires_46279,,ordinalencoder,,quantile,PassiveAggressiveClassifier(random_state=0),2,0.9387755102040817,,,No using Ordinal Hot,0.0017421245574951172,0.00014495849609375
algerian_forest_fires_46279,,ordinalencoder,,quantile,PassiveAggressiveClassifier(random_state=0),3,0.9583333333333334,,,No using Ordinal Hot,0.0013437271118164062,0.0001239776611328125
algerian_forest_fires_46279,,ordinalencoder,,quantile,PassiveAggressiveClassifier(random_state=0),4,0.9583333333333334,,,No using Ordinal Hot,0.0013043880462646484,0.0001232624053955078
algerian_forest_fires_46279,,ordinalencoder,pca,quantile,PassiveAggressiveClassifier(random_state=0),0,0.9795918367346939,,,No using Ordinal Hot,0.0013501644134521484,0.00011849403381347656
algerian_forest_fires_46279,,ordinalencoder,pca,quantile,PassiveAggressiveClassifier(random_state=0),1,0.9795918367346939,,,No using Ordinal Hot,0.0012423992156982422,0.00011754035949707031
algerian_forest_fires_46279,,ordinalencoder,pca,quantile,PassiveAggressiveClassifier(random_state=0),2,0.9795918367346939,,,No using Ordinal Hot,0.0013713836669921875,0.00011420249938964844
algerian_forest_fires_46279,,ordinalencoder,pca,quantile,PassiveAggressiveClassifier(random_state=0),3,0.9583333333333334,,,No using Ordinal Hot,0.0011837482452392578,0.00011682510375976562
algerian_forest_fires_46279,,ordinalencoder,pca,quantile,PassiveAggressiveClassifier(random_state=0),4,0.9583333333333334,,,No using Ordinal Hot,0.0012595653533935547,0.00011801719665527344
algerian_forest_fires_46279,,ordinalencoder,fastica,quantile,PassiveAggressiveClassifier(random_state=0),0,0.9591836734693877,,,No using Ordinal Hot,0.0013213157653808594,0.00011849403381347656
algerian_forest_fires_46279,,ordinalencoder,fastica,quantile,PassiveAggressiveClassifier(random_state=0),1,0.9795918367346939,,,No using Ordinal Hot,0.001481771469116211,0.00012803077697753906
algerian_forest_fires_46279,,ordinalencoder,fastica,quantile,PassiveAggressiveClassifier(random_state=0),2,0.9591836734693877,,,No using Ordinal Hot,0.001264333724975586,0.00012063980102539062
algerian_forest_fires_46279,,ordinalencoder,fastica,quantile,PassiveAggressiveClassifier(random_state=0),3,1.0,,,No using Ordinal Hot,0.0013892650604248047,0.00011658668518066406
algerian_forest_fires_46279,,ordinalencoder,fastica,quantile,PassiveAggressiveClassifier(random_state=0),4,0.9166666666666666,,,No using Ordinal Hot,0.0012845993041992188,0.0001163482666015625
algerian_forest_fires_46279,,ordinalencoder,truncated_svd,quantile,PassiveAggressiveClassifier(random_state=0),0,0.7551020408163265,,,No using Ordinal Hot,0.0010895729064941406,0.00011324882507324219
algerian_forest_fires_46279,,ordinalencoder,truncated_svd,quantile,PassiveAggressiveClassifier(random_state=0),1,0.8775510204081632,,,No using Ordinal Hot,0.0013475418090820312,0.0001537799835205078
algerian_forest_fires_46279,,ordinalencoder,truncated_svd,quantile,PassiveAggressiveClassifier(random_state=0),2,0.8979591836734694,,,No using Ordinal Hot,0.0012018680572509766,0.0001480579376220703
algerian_forest_fires_46279,,ordinalencoder,truncated_svd,quantile,PassiveAggressiveClassifier(random_state=0),3,0.9166666666666666,,,No using Ordinal Hot,0.0011551380157470703,0.00012540817260742188
algerian_forest_fires_46279,,ordinalencoder,truncated_svd,quantile,PassiveAggressiveClassifier(random_state=0),4,0.9583333333333334,,,No using Ordinal Hot,0.001321554183959961,0.0001571178436279297
algerian_forest_fires_46279,,ordinalencoder,select_percentile,quantile,PassiveAggressiveClassifier(random_state=0),0,0.9387755102040817,,,No using Ordinal Hot,0.0011010169982910156,0.0001163482666015625
algerian_forest_fires_46279,,ordinalencoder,select_percentile,quantile,PassiveAggressiveClassifier(random_state=0),1,0.9795918367346939,,,No using Ordinal Hot,0.0011303424835205078,0.00011444091796875
algerian_forest_fires_46279,,ordinalencoder,select_percentile,quantile,PassiveAggressiveClassifier(random_state=0),2,0.9795918367346939,,,No using Ordinal Hot,0.0011413097381591797,0.00011539459228515625
algerian_forest_fires_46279,,ordinalencoder,select_percentile,quantile,PassiveAggressiveClassifier(random_state=0),3,1.0,,,No using Ordinal Hot,0.0012135505676269531,0.00011444091796875
algerian_forest_fires_46279,,ordinalencoder,select_percentile,quantile,PassiveAggressiveClassifier(random_state=0),4,1.0,,,No using Ordinal Hot,0.001171112060546875,0.00011324882507324219
algerian_forest_fires_46279,,ordinalencoder,generic_univariate,quantile,PassiveAggressiveClassifier(random_state=0),0,0.9183673469387755,,,No using Ordinal Hot,0.0010957717895507812,0.00018835067749023438
algerian_forest_fires_46279,,ordinalencoder,generic_univariate,quantile,PassiveAggressiveClassifier(random_state=0),1,0.9795918367346939,,,No using Ordinal Hot,0.0011816024780273438,0.0001289844512939453
algerian_forest_fires_46279,,ordinalencoder,generic_univariate,quantile,PassiveAggressiveClassifier(random_state=0),2,0.9591836734693877,,,No using Ordinal Hot,0.001094818115234375,0.00013327598571777344
algerian_forest_fires_46279,,ordinalencoder,generic_univariate,quantile,PassiveAggressiveClassifier(random_state=0),3,0.9583333333333334,,,No using Ordinal Hot,0.0011446475982666016,0.00011134147644042969
algerian_forest_fires_46279,,ordinalencoder,generic_univariate,quantile,PassiveAggressiveClassifier(random_state=0),4,1.0,,,No using Ordinal Hot,0.0012445449829101562,0.00011682510375976562
algerian_forest_fires_46279,,ordinalencoder,polynomial_features,quantile,PassiveAggressiveClassifier(random_state=0),0,0.9795918367346939,,,No using Ordinal Hot,0.0017750263214111328,0.00012373924255371094
algerian_forest_fires_46279,,ordinalencoder,polynomial_features,quantile,PassiveAggressiveClassifier(random_state=0),1,0.9591836734693877,,,No using Ordinal Hot,0.002176523208618164,0.00012683868408203125
algerian_forest_fires_46279,,ordinalencoder,polynomial_features,quantile,PassiveAggressiveClassifier(random_state=0),2,0.9591836734693877,,,No using Ordinal Hot,0.0020024776458740234,0.00011992454528808594
algerian_forest_fires_46279,,ordinalencoder,polynomial_features,quantile,PassiveAggressiveClassifier(random_state=0),3,0.9583333333333334,,,No using Ordinal Hot,0.0016853809356689453,0.00012063980102539062
algerian_forest_fires_46279,,ordinalencoder,polynomial_features,quantile,PassiveAggressiveClassifier(random_state=0),4,0.9375,,,No using Ordinal Hot,0.0022666454315185547,0.0002505779266357422
algerian_forest_fires_46279,,ordinalencoder,nystroem,quantile,PassiveAggressiveClassifier(random_state=0),0,0.9591836734693877,,,No using Ordinal Hot,0.003283977508544922,0.00014543533325195312
algerian_forest_fires_46279,,ordinalencoder,nystroem,quantile,PassiveAggressiveClassifier(random_state=0),1,0.9795918367346939,,,No using Ordinal Hot,0.0023856163024902344,0.00016641616821289062
algerian_forest_fires_46279,,ordinalencoder,nystroem,quantile,PassiveAggressiveClassifier(random_state=0),2,0.8979591836734694,,,No using Ordinal Hot,0.0016736984252929688,0.00013828277587890625
algerian_forest_fires_46279,,ordinalencoder,nystroem,quantile,PassiveAggressiveClassifier(random_state=0),3,0.9583333333333334,,,No using Ordinal Hot,0.004250288009643555,0.00016617774963378906
algerian_forest_fires_46279,,ordinalencoder,nystroem,quantile,PassiveAggressiveClassifier(random_state=0),4,0.9791666666666666,,,No using Ordinal Hot,0.002144336700439453,0.00013971328735351562
algerian_forest_fires_46279,,ordinalencoder,rbf_sampler,quantile,PassiveAggressiveClassifier(random_state=0),0,0.9591836734693877,,,No using Ordinal Hot,0.00255584716796875,0.00017142295837402344
algerian_forest_fires_46279,,ordinalencoder,rbf_sampler,quantile,PassiveAggressiveClassifier(random_state=0),1,0.9591836734693877,,,No using Ordinal Hot,0.0023262500762939453,0.0001804828643798828
algerian_forest_fires_46279,,ordinalencoder,rbf_sampler,quantile,PassiveAggressiveClassifier(random_state=0),2,0.9387755102040817,,,No using Ordinal Hot,0.0024292469024658203,0.00022912025451660156
algerian_forest_fires_46279,,ordinalencoder,rbf_sampler,quantile,PassiveAggressiveClassifier(random_state=0),3,0.9583333333333334,,,No using Ordinal Hot,0.001867055892944336,0.00012564659118652344
algerian_forest_fires_46279,,ordinalencoder,rbf_sampler,quantile,PassiveAggressiveClassifier(random_state=0),4,0.8958333333333334,,,No using Ordinal Hot,0.0019915103912353516,0.0001239776611328125
algerian_forest_fires_46279,,ordinalencoder,random_trees_embedding,quantile,PassiveAggressiveClassifier(random_state=0),0,0.9795918367346939,,,No using Ordinal Hot,0.0016849040985107422,0.00013113021850585938
algerian_forest_fires_46279,,ordinalencoder,random_trees_embedding,quantile,PassiveAggressiveClassifier(random_state=0),1,1.0,,,No using Ordinal Hot,0.00168609619140625,0.0001461505889892578
algerian_forest_fires_46279,,ordinalencoder,random_trees_embedding,quantile,PassiveAggressiveClassifier(random_state=0),2,0.9795918367346939,,,No using Ordinal Hot,0.0016436576843261719,0.00013327598571777344
algerian_forest_fires_46279,,ordinalencoder,random_trees_embedding,quantile,PassiveAggressiveClassifier(random_state=0),3,0.9375,,,No using Ordinal Hot,0.0017352104187011719,0.00013685226440429688
algerian_forest_fires_46279,,ordinalencoder,random_trees_embedding,quantile,PassiveAggressiveClassifier(random_state=0),4,0.9791666666666666,,,No using Ordinal Hot,0.0017845630645751953,0.0001366138458251953
algerian_forest_fires_46279,,ordinalencoder,feature_agglomeration,quantile,PassiveAggressiveClassifier(random_state=0),0,0.8571428571428571,,,No using Ordinal Hot,0.0010819435119628906,0.00012063980102539062
algerian_forest_fires_46279,,ordinalencoder,feature_agglomeration,quantile,PassiveAggressiveClassifier(random_state=0),1,0.8979591836734694,,,No using Ordinal Hot,0.0011703968048095703,0.00011682510375976562
algerian_forest_fires_46279,,ordinalencoder,feature_agglomeration,quantile,PassiveAggressiveClassifier(random_state=0),2,0.8775510204081632,,,No using Ordinal Hot,0.001146554946899414,0.000118255615234375
algerian_forest_fires_46279,,ordinalencoder,feature_agglomeration,quantile,PassiveAggressiveClassifier(random_state=0),3,0.9375,,,No using Ordinal Hot,0.0010652542114257812,0.00011229515075683594
algerian_forest_fires_46279,,ordinalencoder,feature_agglomeration,quantile,PassiveAggressiveClassifier(random_state=0),4,0.9583333333333334,,,No using Ordinal Hot,0.0012209415435791016,0.00011849403381347656
algerian_forest_fires_46279,,ordinalencoder,extra_tree,quantile,PassiveAggressiveClassifier(random_state=0),0,0.9183673469387755,,,No using Ordinal Hot,0.0011582374572753906,0.00014066696166992188
algerian_forest_fires_46279,,ordinalencoder,extra_tree,quantile,PassiveAggressiveClassifier(random_state=0),1,0.9795918367346939,,,No using Ordinal Hot,0.0011827945709228516,0.00011610984802246094
algerian_forest_fires_46279,,ordinalencoder,extra_tree,quantile,PassiveAggressiveClassifier(random_state=0),2,0.9591836734693877,,,No using Ordinal Hot,0.0012564659118652344,0.00011873245239257812
algerian_forest_fires_46279,,ordinalencoder,extra_tree,quantile,PassiveAggressiveClassifier(random_state=0),3,0.9791666666666666,,,No using Ordinal Hot,0.0012257099151611328,0.00011730194091796875
algerian_forest_fires_46279,,ordinalencoder,extra_tree,quantile,PassiveAggressiveClassifier(random_state=0),4,0.9791666666666666,,,No using Ordinal Hot,0.001249074935913086,0.00011610984802246094
algerian_forest_fires_46279,,ordinalencoder,linear_svc,quantile,PassiveAggressiveClassifier(random_state=0),0,0.9591836734693877,,,No using Ordinal Hot,0.0012791156768798828,0.00012159347534179688
algerian_forest_fires_46279,,ordinalencoder,linear_svc,quantile,PassiveAggressiveClassifier(random_state=0),1,0.9795918367346939,,,No using Ordinal Hot,0.001129150390625,0.00011515617370605469
algerian_forest_fires_46279,,ordinalencoder,linear_svc,quantile,PassiveAggressiveClassifier(random_state=0),2,0.9795918367346939,,,No using Ordinal Hot,0.001195669174194336,0.00011420249938964844
algerian_forest_fires_46279,,ordinalencoder,linear_svc,quantile,PassiveAggressiveClassifier(random_state=0),3,0.9583333333333334,,,No using Ordinal Hot,0.0011515617370605469,0.00011563301086425781
algerian_forest_fires_46279,,ordinalencoder,linear_svc,quantile,PassiveAggressiveClassifier(random_state=0),4,0.9791666666666666,,,No using Ordinal Hot,0.0013284683227539062,0.00012302398681640625
algerian_forest_fires_46279,,ordinalencoder,kernel_pca,quantile,PassiveAggressiveClassifier(random_state=0),0,0.9795918367346939,,,No using Ordinal Hot,0.0014574527740478516,0.00013637542724609375
algerian_forest_fires_46279,,ordinalencoder,kernel_pca,quantile,PassiveAggressiveClassifier(random_state=0),1,0.9795918367346939,,,No using Ordinal Hot,0.001672506332397461,0.00014138221740722656
algerian_forest_fires_46279,,ordinalencoder,kernel_pca,quantile,PassiveAggressiveClassifier(random_state=0),2,0.9795918367346939,,,No using Ordinal Hot,0.0018393993377685547,0.0001430511474609375
algerian_forest_fires_46279,,ordinalencoder,kernel_pca,quantile,PassiveAggressiveClassifier(random_state=0),3,0.9583333333333334,,,No using Ordinal Hot,0.0016009807586669922,0.0001392364501953125
algerian_forest_fires_46279,,ordinalencoder,kernel_pca,quantile,PassiveAggressiveClassifier(random_state=0),4,0.9583333333333334,,,No using Ordinal Hot,0.0015537738800048828,0.00015091896057128906
algerian_forest_fires_46279,simpleimputer,,,,PassiveAggressiveClassifier(random_state=0),0,0.673469387755102,,No using Simple Imputer,,0.002638578414916992,0.001165151596069336
algerian_forest_fires_46279,simpleimputer,,,,PassiveAggressiveClassifier(random_state=0),1,0.6326530612244898,,No using Simple Imputer,,0.002303600311279297,0.0009763240814208984
algerian_forest_fires_46279,simpleimputer,,,,PassiveAggressiveClassifier(random_state=0),2,0.6530612244897959,,No using Simple Imputer,,0.0021393299102783203,0.0008339881896972656
algerian_forest_fires_46279,simpleimputer,,,,PassiveAggressiveClassifier(random_state=0),3,0.625,,No using Simple Imputer,,0.0021920204162597656,0.0008604526519775391
algerian_forest_fires_46279,simpleimputer,,,,PassiveAggressiveClassifier(random_state=0),4,0.8958333333333334,,No using Simple Imputer,,0.002233743667602539,0.0009164810180664062
algerian_forest_fires_46279,simpleimputer,,pca,,PassiveAggressiveClassifier(random_state=0),0,0.9795918367346939,,No using Simple Imputer,,0.001168966293334961,0.00011587142944335938
algerian_forest_fires_46279,simpleimputer,,pca,,PassiveAggressiveClassifier(random_state=0),1,0.9795918367346939,,No using Simple Imputer,,0.0011789798736572266,0.00011515617370605469
algerian_forest_fires_46279,simpleimputer,,pca,,PassiveAggressiveClassifier(random_state=0),2,0.9795918367346939,,No using Simple Imputer,,0.001195669174194336,0.00011920928955078125
algerian_forest_fires_46279,simpleimputer,,pca,,PassiveAggressiveClassifier(random_state=0),3,0.9791666666666666,,No using Simple Imputer,,0.0012640953063964844,0.00011539459228515625
algerian_forest_fires_46279,simpleimputer,,pca,,PassiveAggressiveClassifier(random_state=0),4,0.9583333333333334,,No using Simple Imputer,,0.0012478828430175781,0.00011539459228515625
algerian_forest_fires_46279,simpleimputer,,fastica,,PassiveAggressiveClassifier(random_state=0),0,0.7959183673469388,,No using Simple Imputer,,0.0014536380767822266,0.00012040138244628906
algerian_forest_fires_46279,simpleimputer,,fastica,,PassiveAggressiveClassifier(random_state=0),1,0.9183673469387755,,No using Simple Imputer,,0.0013573169708251953,0.0001220703125
algerian_forest_fires_46279,simpleimputer,,fastica,,PassiveAggressiveClassifier(random_state=0),2,0.9795918367346939,,No using Simple Imputer,,0.0012238025665283203,0.00012159347534179688
algerian_forest_fires_46279,simpleimputer,,fastica,,PassiveAggressiveClassifier(random_state=0),3,0.9583333333333334,,No using Simple Imputer,,0.0012483596801757812,0.00012040138244628906
algerian_forest_fires_46279,simpleimputer,,fastica,,PassiveAggressiveClassifier(random_state=0),4,0.9583333333333334,,No using Simple Imputer,,0.0012230873107910156,0.00013828277587890625
algerian_forest_fires_46279,simpleimputer,,truncated_svd,,PassiveAggressiveClassifier(random_state=0),0,0.6122448979591837,,No using Simple Imputer,,0.001172780990600586,0.0001163482666015625
algerian_forest_fires_46279,simpleimputer,,truncated_svd,,PassiveAggressiveClassifier(random_state=0),1,0.5306122448979592,,No using Simple Imputer,,0.0011641979217529297,0.00011658668518066406
algerian_forest_fires_46279,simpleimputer,,truncated_svd,,PassiveAggressiveClassifier(random_state=0),2,0.46938775510204084,,No using Simple Imputer,,0.0012426376342773438,0.00011944770812988281
algerian_forest_fires_46279,simpleimputer,,truncated_svd,,PassiveAggressiveClassifier(random_state=0),3,0.6041666666666666,,No using Simple Imputer,,0.001153707504272461,0.00011372566223144531
algerian_forest_fires_46279,simpleimputer,,truncated_svd,,PassiveAggressiveClassifier(random_state=0),4,0.625,,No using Simple Imputer,,0.0011608600616455078,0.00011491775512695312
algerian_forest_fires_46279,simpleimputer,,select_percentile,,PassiveAggressiveClassifier(random_state=0),0,0.8979591836734694,,No using Simple Imputer,,0.001191854476928711,0.0001728534698486328
algerian_forest_fires_46279,simpleimputer,,select_percentile,,PassiveAggressiveClassifier(random_state=0),1,0.9795918367346939,,No using Simple Imputer,,0.0013480186462402344,0.00011324882507324219
algerian_forest_fires_46279,simpleimputer,,select_percentile,,PassiveAggressiveClassifier(random_state=0),2,0.8571428571428571,,No using Simple Imputer,,0.0013153553009033203,0.00013494491577148438
algerian_forest_fires_46279,simpleimputer,,select_percentile,,PassiveAggressiveClassifier(random_state=0),3,0.9375,,No using Simple Imputer,,0.0013859272003173828,0.00011491775512695312
algerian_forest_fires_46279,simpleimputer,,select_percentile,,PassiveAggressiveClassifier(random_state=0),4,0.9166666666666666,,No using Simple Imputer,,0.0011982917785644531,0.00014853477478027344
algerian_forest_fires_46279,simpleimputer,,generic_univariate,,PassiveAggressiveClassifier(random_state=0),0,0.5510204081632653,,No using Simple Imputer,,0.0010881423950195312,0.00011229515075683594
algerian_forest_fires_46279,simpleimputer,,generic_univariate,,PassiveAggressiveClassifier(random_state=0),1,0.4489795918367347,,No using Simple Imputer,,0.001089334487915039,0.00011324882507324219
algerian_forest_fires_46279,simpleimputer,,generic_univariate,,PassiveAggressiveClassifier(random_state=0),2,0.42857142857142855,,No using Simple Imputer,,0.001094818115234375,0.00011038780212402344
algerian_forest_fires_46279,simpleimputer,,generic_univariate,,PassiveAggressiveClassifier(random_state=0),3,0.6041666666666666,,No using Simple Imputer,,0.0010867118835449219,0.000110626220703125
algerian_forest_fires_46279,simpleimputer,,generic_univariate,,PassiveAggressiveClassifier(random_state=0),4,0.4583333333333333,,No using Simple Imputer,,0.0011916160583496094,0.00012063980102539062
algerian_forest_fires_46279,simpleimputer,,polynomial_features,,PassiveAggressiveClassifier(random_state=0),0,0.673469387755102,,No using Simple Imputer,,0.0015535354614257812,0.00012135505676269531
algerian_forest_fires_46279,simpleimputer,,polynomial_features,,PassiveAggressiveClassifier(random_state=0),1,0.6326530612244898,,No using Simple Imputer,,0.0020401477813720703,0.00012183189392089844
algerian_forest_fires_46279,simpleimputer,,polynomial_features,,PassiveAggressiveClassifier(random_state=0),2,0.6530612244897959,,No using Simple Imputer,,0.0020418167114257812,0.0001342296600341797
algerian_forest_fires_46279,simpleimputer,,polynomial_features,,PassiveAggressiveClassifier(random_state=0),3,0.625,,No using Simple Imputer,,0.0026891231536865234,0.00012230873107910156
algerian_forest_fires_46279,simpleimputer,,polynomial_features,,PassiveAggressiveClassifier(random_state=0),4,0.8958333333333334,,No using Simple Imputer,,0.00240325927734375,0.0001232624053955078
algerian_forest_fires_46279,simpleimputer,,nystroem,,PassiveAggressiveClassifier(random_state=0),0,0.5510204081632653,,No using Simple Imputer,,0.0023381710052490234,0.00014328956604003906
algerian_forest_fires_46279,simpleimputer,,nystroem,,PassiveAggressiveClassifier(random_state=0),1,0.4489795918367347,,No using Simple Imputer,,0.0027043819427490234,0.0001480579376220703
algerian_forest_fires_46279,simpleimputer,,nystroem,,PassiveAggressiveClassifier(random_state=0),2,0.5714285714285714,,No using Simple Imputer,,0.0024261474609375,0.00014829635620117188
algerian_forest_fires_46279,simpleimputer,,nystroem,,PassiveAggressiveClassifier(random_state=0),3,0.6041666666666666,,No using Simple Imputer,,0.005281686782836914,0.00017333030700683594
algerian_forest_fires_46279,simpleimputer,,nystroem,,PassiveAggressiveClassifier(random_state=0),4,0.5416666666666666,,No using Simple Imputer,,0.0019655227661132812,0.00016760826110839844
algerian_forest_fires_46279,simpleimputer,,rbf_sampler,,PassiveAggressiveClassifier(random_state=0),0,0.6122448979591837,,No using Simple Imputer,,0.002045869827270508,0.00013017654418945312
algerian_forest_fires_46279,simpleimputer,,rbf_sampler,,PassiveAggressiveClassifier(random_state=0),1,0.5510204081632653,,No using Simple Imputer,,0.0026717185974121094,0.00015306472778320312
algerian_forest_fires_46279,simpleimputer,,rbf_sampler,,PassiveAggressiveClassifier(random_state=0),2,0.5306122448979592,,No using Simple Imputer,,0.002706766128540039,0.0002243518829345703
algerian_forest_fires_46279,simpleimputer,,rbf_sampler,,PassiveAggressiveClassifier(random_state=0),3,0.4791666666666667,,No using Simple Imputer,,0.002046346664428711,0.00019097328186035156
algerian_forest_fires_46279,simpleimputer,,rbf_sampler,,PassiveAggressiveClassifier(random_state=0),4,0.5208333333333334,,No using Simple Imputer,,0.002275705337524414,0.00011849403381347656
algerian_forest_fires_46279,simpleimputer,,random_trees_embedding,,PassiveAggressiveClassifier(random_state=0),0,0.9591836734693877,,No using Simple Imputer,,0.0018224716186523438,0.0001366138458251953
algerian_forest_fires_46279,simpleimputer,,random_trees_embedding,,PassiveAggressiveClassifier(random_state=0),1,0.9591836734693877,,No using Simple Imputer,,0.0018680095672607422,0.0001373291015625
algerian_forest_fires_46279,simpleimputer,,random_trees_embedding,,PassiveAggressiveClassifier(random_state=0),2,0.9591836734693877,,No using Simple Imputer,,0.0018470287322998047,0.0001361370086669922
algerian_forest_fires_46279,simpleimputer,,random_trees_embedding,,PassiveAggressiveClassifier(random_state=0),3,0.9791666666666666,,No using Simple Imputer,,0.0018010139465332031,0.00013446807861328125
algerian_forest_fires_46279,simpleimputer,,random_trees_embedding,,PassiveAggressiveClassifier(random_state=0),4,0.9375,,No using Simple Imputer,,0.001718282699584961,0.000156402587890625
algerian_forest_fires_46279,simpleimputer,,feature_agglomeration,,PassiveAggressiveClassifier(random_state=0),0,0.5510204081632653,,No using Simple Imputer,,0.0010769367218017578,0.00011420249938964844
algerian_forest_fires_46279,simpleimputer,,feature_agglomeration,,PassiveAggressiveClassifier(random_state=0),1,0.4489795918367347,,No using Simple Imputer,,0.0011816024780273438,0.00012803077697753906
algerian_forest_fires_46279,simpleimputer,,feature_agglomeration,,PassiveAggressiveClassifier(random_state=0),2,0.42857142857142855,,No using Simple Imputer,,0.0011036396026611328,0.0001227855682373047
algerian_forest_fires_46279,simpleimputer,,feature_agglomeration,,PassiveAggressiveClassifier(random_state=0),3,0.6041666666666666,,No using Simple Imputer,,0.0011105537414550781,0.00011610984802246094
algerian_forest_fires_46279,simpleimputer,,feature_agglomeration,,PassiveAggressiveClassifier(random_state=0),4,0.4583333333333333,,No using Simple Imputer,,0.0011723041534423828,0.000141143798828125
algerian_forest_fires_46279,simpleimputer,,extra_tree,,PassiveAggressiveClassifier(random_state=0),0,0.8979591836734694,,No using Simple Imputer,,0.0014717578887939453,0.00012254714965820312
algerian_forest_fires_46279,simpleimputer,,extra_tree,,PassiveAggressiveClassifier(random_state=0),1,0.9387755102040817,,No using Simple Imputer,,0.0013430118560791016,0.00011849403381347656
algerian_forest_fires_46279,simpleimputer,,extra_tree,,PassiveAggressiveClassifier(random_state=0),2,0.8571428571428571,,No using Simple Imputer,,0.0015189647674560547,0.00012350082397460938
algerian_forest_fires_46279,simpleimputer,,extra_tree,,PassiveAggressiveClassifier(random_state=0),3,0.9583333333333334,,No using Simple Imputer,,0.00146484375,0.00011873245239257812
algerian_forest_fires_46279,simpleimputer,,extra_tree,,PassiveAggressiveClassifier(random_state=0),4,0.9583333333333334,,No using Simple Imputer,,0.0012695789337158203,0.00012111663818359375
algerian_forest_fires_46279,simpleimputer,,linear_svc,,PassiveAggressiveClassifier(random_state=0),0,0.8775510204081632,,No using Simple Imputer,,0.0013816356658935547,0.00012040138244628906
algerian_forest_fires_46279,simpleimputer,,linear_svc,,PassiveAggressiveClassifier(random_state=0),1,0.9387755102040817,,No using Simple Imputer,,0.0012733936309814453,0.00011849403381347656
algerian_forest_fires_46279,simpleimputer,,linear_svc,,PassiveAggressiveClassifier(random_state=0),2,0.9387755102040817,,No using Simple Imputer,,0.0012404918670654297,0.00011610984802246094
algerian_forest_fires_46279,simpleimputer,,linear_svc,,PassiveAggressiveClassifier(random_state=0),3,0.9375,,No using Simple Imputer,,0.001434326171875,0.00011873245239257812
algerian_forest_fires_46279,simpleimputer,,linear_svc,,PassiveAggressiveClassifier(random_state=0),4,0.8541666666666666,,No using Simple Imputer,,0.0012044906616210938,0.00011968612670898438
algerian_forest_fires_46279,simpleimputer,,kernel_pca,,PassiveAggressiveClassifier(random_state=0),0,0.9795918367346939,,No using Simple Imputer,,0.0015935897827148438,0.00018668174743652344
algerian_forest_fires_46279,simpleimputer,,kernel_pca,,PassiveAggressiveClassifier(random_state=0),1,0.9795918367346939,,No using Simple Imputer,,0.001729726791381836,0.00015091896057128906
algerian_forest_fires_46279,simpleimputer,,kernel_pca,,PassiveAggressiveClassifier(random_state=0),2,0.9795918367346939,,No using Simple Imputer,,0.0015115737915039062,0.0001678466796875
algerian_forest_fires_46279,simpleimputer,,kernel_pca,,PassiveAggressiveClassifier(random_state=0),3,0.9791666666666666,,No using Simple Imputer,,0.001634359359741211,0.00013875961303710938
algerian_forest_fires_46279,simpleimputer,,kernel_pca,,PassiveAggressiveClassifier(random_state=0),4,0.9583333333333334,,No using Simple Imputer,,0.0015747547149658203,0.00013637542724609375
algerian_forest_fires_46279,simpleimputer,,,standard,PassiveAggressiveClassifier(random_state=0),0,0.9591836734693877,,No using Simple Imputer,,0.0016314983367919922,0.00014090538024902344
algerian_forest_fires_46279,simpleimputer,,,standard,PassiveAggressiveClassifier(random_state=0),1,0.9795918367346939,,No using Simple Imputer,,0.0017633438110351562,0.00018453598022460938
algerian_forest_fires_46279,simpleimputer,,,standard,PassiveAggressiveClassifier(random_state=0),2,1.0,,No using Simple Imputer,,0.0019202232360839844,0.00014328956604003906
algerian_forest_fires_46279,simpleimputer,,,standard,PassiveAggressiveClassifier(random_state=0),3,0.9583333333333334,,No using Simple Imputer,,0.0013256072998046875,0.0001277923583984375
algerian_forest_fires_46279,simpleimputer,,,standard,PassiveAggressiveClassifier(random_state=0),4,0.9583333333333334,,No using Simple Imputer,,0.0014483928680419922,0.0001285076141357422
algerian_forest_fires_46279,simpleimputer,,pca,standard,PassiveAggressiveClassifier(random_state=0),0,0.9591836734693877,,No using Simple Imputer,,0.0012774467468261719,0.00012421607971191406
algerian_forest_fires_46279,simpleimputer,,pca,standard,PassiveAggressiveClassifier(random_state=0),1,0.9795918367346939,,No using Simple Imputer,,0.001253366470336914,0.0002186298370361328
algerian_forest_fires_46279,simpleimputer,,pca,standard,PassiveAggressiveClassifier(random_state=0),2,1.0,,No using Simple Imputer,,0.001239776611328125,0.00011706352233886719
algerian_forest_fires_46279,simpleimputer,,pca,standard,PassiveAggressiveClassifier(random_state=0),3,0.9583333333333334,,No using Simple Imputer,,0.0012822151184082031,0.00011920928955078125
algerian_forest_fires_46279,simpleimputer,,pca,standard,PassiveAggressiveClassifier(random_state=0),4,0.9583333333333334,,No using Simple Imputer,,0.0013165473937988281,0.00013756752014160156
algerian_forest_fires_46279,simpleimputer,,fastica,standard,PassiveAggressiveClassifier(random_state=0),0,0.7959183673469388,,No using Simple Imputer,,0.0012431144714355469,0.00012540817260742188
algerian_forest_fires_46279,simpleimputer,,fastica,standard,PassiveAggressiveClassifier(random_state=0),1,0.4489795918367347,,No using Simple Imputer,,0.0011610984802246094,0.00011730194091796875
algerian_forest_fires_46279,simpleimputer,,fastica,standard,PassiveAggressiveClassifier(random_state=0),2,0.9795918367346939,,No using Simple Imputer,,0.0012235641479492188,0.00011730194091796875
algerian_forest_fires_46279,simpleimputer,,fastica,standard,PassiveAggressiveClassifier(random_state=0),3,0.9583333333333334,,No using Simple Imputer,,0.0012197494506835938,0.000125885009765625
algerian_forest_fires_46279,simpleimputer,,fastica,standard,PassiveAggressiveClassifier(random_state=0),4,0.9375,,No using Simple Imputer,,0.0012874603271484375,0.00012063980102539062
algerian_forest_fires_46279,simpleimputer,,truncated_svd,standard,PassiveAggressiveClassifier(random_state=0),0,0.7959183673469388,,No using Simple Imputer,,0.0010907649993896484,0.00011229515075683594
algerian_forest_fires_46279,simpleimputer,,truncated_svd,standard,PassiveAggressiveClassifier(random_state=0),1,0.8367346938775511,,No using Simple Imputer,,0.0010995864868164062,0.00011539459228515625
algerian_forest_fires_46279,simpleimputer,,truncated_svd,standard,PassiveAggressiveClassifier(random_state=0),2,0.8163265306122449,,No using Simple Imputer,,0.0012354850769042969,0.0001316070556640625
algerian_forest_fires_46279,simpleimputer,,truncated_svd,standard,PassiveAggressiveClassifier(random_state=0),3,0.9166666666666666,,No using Simple Imputer,,0.0011196136474609375,0.00011587142944335938
algerian_forest_fires_46279,simpleimputer,,truncated_svd,standard,PassiveAggressiveClassifier(random_state=0),4,0.5416666666666666,,No using Simple Imputer,,0.0013813972473144531,0.0001366138458251953
algerian_forest_fires_46279,simpleimputer,,select_percentile,standard,PassiveAggressiveClassifier(random_state=0),0,0.9387755102040817,,No using Simple Imputer,,0.0011379718780517578,0.0001385211944580078
algerian_forest_fires_46279,simpleimputer,,select_percentile,standard,PassiveAggressiveClassifier(random_state=0),1,0.9795918367346939,,No using Simple Imputer,,0.0011701583862304688,0.00011539459228515625
algerian_forest_fires_46279,simpleimputer,,select_percentile,standard,PassiveAggressiveClassifier(random_state=0),2,0.9795918367346939,,No using Simple Imputer,,0.0010941028594970703,0.00013017654418945312
algerian_forest_fires_46279,simpleimputer,,select_percentile,standard,PassiveAggressiveClassifier(random_state=0),3,1.0,,No using Simple Imputer,,0.0010597705841064453,0.00011229515075683594
algerian_forest_fires_46279,simpleimputer,,select_percentile,standard,PassiveAggressiveClassifier(random_state=0),4,0.9583333333333334,,No using Simple Imputer,,0.0011196136474609375,0.00012445449829101562
algerian_forest_fires_46279,simpleimputer,,generic_univariate,standard,PassiveAggressiveClassifier(random_state=0),0,0.9387755102040817,,No using Simple Imputer,,0.0011968612670898438,0.00011372566223144531
algerian_forest_fires_46279,simpleimputer,,generic_univariate,standard,PassiveAggressiveClassifier(random_state=0),1,0.9591836734693877,,No using Simple Imputer,,0.0012922286987304688,0.00011444091796875
algerian_forest_fires_46279,simpleimputer,,generic_univariate,standard,PassiveAggressiveClassifier(random_state=0),2,0.9591836734693877,,No using Simple Imputer,,0.0010995864868164062,0.00011134147644042969
algerian_forest_fires_46279,simpleimputer,,generic_univariate,standard,PassiveAggressiveClassifier(random_state=0),3,0.9791666666666666,,No using Simple Imputer,,0.001161813735961914,0.00011491775512695312
algerian_forest_fires_46279,simpleimputer,,generic_univariate,standard,PassiveAggressiveClassifier(random_state=0),4,0.9583333333333334,,No using Simple Imputer,,0.001035928726196289,0.00017499923706054688
algerian_forest_fires_46279,simpleimputer,,polynomial_features,standard,PassiveAggressiveClassifier(random_state=0),0,0.9387755102040817,,No using Simple Imputer,,0.0024390220642089844,0.0001404285430908203
algerian_forest_fires_46279,simpleimputer,,polynomial_features,standard,PassiveAggressiveClassifier(random_state=0),1,0.9387755102040817,,No using Simple Imputer,,0.0025093555450439453,0.00012302398681640625
algerian_forest_fires_46279,simpleimputer,,polynomial_features,standard,PassiveAggressiveClassifier(random_state=0),2,0.9387755102040817,,No using Simple Imputer,,0.002267599105834961,0.0001513957977294922
algerian_forest_fires_46279,simpleimputer,,polynomial_features,standard,PassiveAggressiveClassifier(random_state=0),3,0.9583333333333334,,No using Simple Imputer,,0.0019462108612060547,0.0001423358917236328
algerian_forest_fires_46279,simpleimputer,,polynomial_features,standard,PassiveAggressiveClassifier(random_state=0),4,0.9583333333333334,,No using Simple Imputer,,0.002191305160522461,0.00014066696166992188
algerian_forest_fires_46279,simpleimputer,,nystroem,standard,PassiveAggressiveClassifier(random_state=0),0,0.9387755102040817,,No using Simple Imputer,,0.002752065658569336,0.00014138221740722656
algerian_forest_fires_46279,simpleimputer,,nystroem,standard,PassiveAggressiveClassifier(random_state=0),1,0.9591836734693877,,No using Simple Imputer,,0.0036411285400390625,0.00018072128295898438
algerian_forest_fires_46279,simpleimputer,,nystroem,standard,PassiveAggressiveClassifier(random_state=0),2,0.9795918367346939,,No using Simple Imputer,,0.0024261474609375,0.00013971328735351562
algerian_forest_fires_46279,simpleimputer,,nystroem,standard,PassiveAggressiveClassifier(random_state=0),3,0.9791666666666666,,No using Simple Imputer,,0.0034041404724121094,0.0001423358917236328
algerian_forest_fires_46279,simpleimputer,,nystroem,standard,PassiveAggressiveClassifier(random_state=0),4,0.9583333333333334,,No using Simple Imputer,,0.0028231143951416016,0.0001704692840576172
algerian_forest_fires_46279,simpleimputer,,rbf_sampler,standard,PassiveAggressiveClassifier(random_state=0),0,0.6326530612244898,,No using Simple Imputer,,0.0037994384765625,0.000164031982421875
algerian_forest_fires_46279,simpleimputer,,rbf_sampler,standard,PassiveAggressiveClassifier(random_state=0),1,0.7142857142857143,,No using Simple Imputer,,0.00292205810546875,0.00014543533325195312
algerian_forest_fires_46279,simpleimputer,,rbf_sampler,standard,PassiveAggressiveClassifier(random_state=0),2,0.6326530612244898,,No using Simple Imputer,,0.0019407272338867188,0.0001304149627685547
algerian_forest_fires_46279,simpleimputer,,rbf_sampler,standard,PassiveAggressiveClassifier(random_state=0),3,0.625,,No using Simple Imputer,,0.001971721649169922,0.0001277923583984375
algerian_forest_fires_46279,simpleimputer,,rbf_sampler,standard,PassiveAggressiveClassifier(random_state=0),4,0.5625,,No using Simple Imputer,,0.0038077831268310547,0.0001304149627685547
algerian_forest_fires_46279,simpleimputer,,random_trees_embedding,standard,PassiveAggressiveClassifier(random_state=0),0,0.9591836734693877,,No using Simple Imputer,,0.001779794692993164,0.0001347064971923828
algerian_forest_fires_46279,simpleimputer,,random_trees_embedding,standard,PassiveAggressiveClassifier(random_state=0),1,0.9591836734693877,,No using Simple Imputer,,0.0018503665924072266,0.0001373291015625
algerian_forest_fires_46279,simpleimputer,,random_trees_embedding,standard,PassiveAggressiveClassifier(random_state=0),2,0.9591836734693877,,No using Simple Imputer,,0.0018916130065917969,0.00013399124145507812
algerian_forest_fires_46279,simpleimputer,,random_trees_embedding,standard,PassiveAggressiveClassifier(random_state=0),3,0.9791666666666666,,No using Simple Imputer,,0.0019097328186035156,0.00015854835510253906
algerian_forest_fires_46279,simpleimputer,,random_trees_embedding,standard,PassiveAggressiveClassifier(random_state=0),4,0.9375,,No using Simple Imputer,,0.0017206668853759766,0.00013971328735351562
algerian_forest_fires_46279,simpleimputer,,feature_agglomeration,standard,PassiveAggressiveClassifier(random_state=0),0,0.8367346938775511,,No using Simple Imputer,,0.0010776519775390625,0.00011444091796875
algerian_forest_fires_46279,simpleimputer,,feature_agglomeration,standard,PassiveAggressiveClassifier(random_state=0),1,0.8775510204081632,,No using Simple Imputer,,0.0012023448944091797,0.00013113021850585938
algerian_forest_fires_46279,simpleimputer,,feature_agglomeration,standard,PassiveAggressiveClassifier(random_state=0),2,0.8775510204081632,,No using Simple Imputer,,0.0012247562408447266,0.00015473365783691406
algerian_forest_fires_46279,simpleimputer,,feature_agglomeration,standard,PassiveAggressiveClassifier(random_state=0),3,0.7291666666666666,,No using Simple Imputer,,0.0011196136474609375,0.0001347064971923828
algerian_forest_fires_46279,simpleimputer,,feature_agglomeration,standard,PassiveAggressiveClassifier(random_state=0),4,0.9166666666666666,,No using Simple Imputer,,0.0011386871337890625,0.00011467933654785156
algerian_forest_fires_46279,simpleimputer,,extra_tree,standard,PassiveAggressiveClassifier(random_state=0),0,0.9795918367346939,,No using Simple Imputer,,0.0011665821075439453,0.00011920928955078125
algerian_forest_fires_46279,simpleimputer,,extra_tree,standard,PassiveAggressiveClassifier(random_state=0),1,0.9591836734693877,,No using Simple Imputer,,0.001331329345703125,0.00029778480529785156
algerian_forest_fires_46279,simpleimputer,,extra_tree,standard,PassiveAggressiveClassifier(random_state=0),2,1.0,,No using Simple Imputer,,0.00115966796875,0.00011754035949707031
algerian_forest_fires_46279,simpleimputer,,extra_tree,standard,PassiveAggressiveClassifier(random_state=0),3,0.9375,,No using Simple Imputer,,0.0012083053588867188,0.00014257431030273438
algerian_forest_fires_46279,simpleimputer,,extra_tree,standard,PassiveAggressiveClassifier(random_state=0),4,1.0,,No using Simple Imputer,,0.0012209415435791016,0.00011730194091796875
algerian_forest_fires_46279,simpleimputer,,linear_svc,standard,PassiveAggressiveClassifier(random_state=0),0,0.9795918367346939,,No using Simple Imputer,,0.0012021064758300781,0.00011968612670898438
algerian_forest_fires_46279,simpleimputer,,linear_svc,standard,PassiveAggressiveClassifier(random_state=0),1,0.9795918367346939,,No using Simple Imputer,,0.0011441707611083984,0.00011706352233886719
algerian_forest_fires_46279,simpleimputer,,linear_svc,standard,PassiveAggressiveClassifier(random_state=0),2,1.0,,No using Simple Imputer,,0.0011920928955078125,0.00014090538024902344
algerian_forest_fires_46279,simpleimputer,,linear_svc,standard,PassiveAggressiveClassifier(random_state=0),3,0.9791666666666666,,No using Simple Imputer,,0.0011882781982421875,0.00011610984802246094
algerian_forest_fires_46279,simpleimputer,,linear_svc,standard,PassiveAggressiveClassifier(random_state=0),4,0.9791666666666666,,No using Simple Imputer,,0.0011780261993408203,0.00013780593872070312
algerian_forest_fires_46279,simpleimputer,,kernel_pca,standard,PassiveAggressiveClassifier(random_state=0),0,0.9591836734693877,,No using Simple Imputer,,0.0015528202056884766,0.0001385211944580078
algerian_forest_fires_46279,simpleimputer,,kernel_pca,standard,PassiveAggressiveClassifier(random_state=0),1,0.9795918367346939,,No using Simple Imputer,,0.00160980224609375,0.00013875961303710938
algerian_forest_fires_46279,simpleimputer,,kernel_pca,standard,PassiveAggressiveClassifier(random_state=0),2,1.0,,No using Simple Imputer,,0.0015888214111328125,0.0001392364501953125
algerian_forest_fires_46279,simpleimputer,,kernel_pca,standard,PassiveAggressiveClassifier(random_state=0),3,0.9583333333333334,,No using Simple Imputer,,0.0014939308166503906,0.0001392364501953125
algerian_forest_fires_46279,simpleimputer,,kernel_pca,standard,PassiveAggressiveClassifier(random_state=0),4,0.9583333333333334,,No using Simple Imputer,,0.001970529556274414,0.00017952919006347656
algerian_forest_fires_46279,simpleimputer,,,minmax,PassiveAggressiveClassifier(random_state=0),0,0.9591836734693877,,No using Simple Imputer,,0.0041043758392333984,0.00017762184143066406
algerian_forest_fires_46279,simpleimputer,,,minmax,PassiveAggressiveClassifier(random_state=0),1,0.8775510204081632,,No using Simple Imputer,,0.0015764236450195312,0.00014209747314453125
algerian_forest_fires_46279,simpleimputer,,,minmax,PassiveAggressiveClassifier(random_state=0),2,0.9387755102040817,,No using Simple Imputer,,0.0014917850494384766,0.00013208389282226562
algerian_forest_fires_46279,simpleimputer,,,minmax,PassiveAggressiveClassifier(random_state=0),3,0.9583333333333334,,No using Simple Imputer,,0.0013217926025390625,0.00015306472778320312
algerian_forest_fires_46279,simpleimputer,,,minmax,PassiveAggressiveClassifier(random_state=0),4,0.9375,,No using Simple Imputer,,0.0013489723205566406,0.00012302398681640625
algerian_forest_fires_46279,simpleimputer,,pca,minmax,PassiveAggressiveClassifier(random_state=0),0,0.8979591836734694,,No using Simple Imputer,,0.0013306140899658203,0.00011992454528808594
algerian_forest_fires_46279,simpleimputer,,pca,minmax,PassiveAggressiveClassifier(random_state=0),1,0.9387755102040817,,No using Simple Imputer,,0.0012683868408203125,0.0001201629638671875
algerian_forest_fires_46279,simpleimputer,,pca,minmax,PassiveAggressiveClassifier(random_state=0),2,0.9183673469387755,,No using Simple Imputer,,0.0011756420135498047,0.00011491775512695312
algerian_forest_fires_46279,simpleimputer,,pca,minmax,PassiveAggressiveClassifier(random_state=0),3,0.9583333333333334,,No using Simple Imputer,,0.001199483871459961,0.00011563301086425781
algerian_forest_fires_46279,simpleimputer,,pca,minmax,PassiveAggressiveClassifier(random_state=0),4,0.9583333333333334,,No using Simple Imputer,,0.0012683868408203125,0.00015544891357421875
algerian_forest_fires_46279,simpleimputer,,fastica,minmax,PassiveAggressiveClassifier(random_state=0),0,0.9591836734693877,,No using Simple Imputer,,0.0013127326965332031,0.0001220703125
algerian_forest_fires_46279,simpleimputer,,fastica,minmax,PassiveAggressiveClassifier(random_state=0),1,0.9795918367346939,,No using Simple Imputer,,0.0013573169708251953,0.00012230873107910156
algerian_forest_fires_46279,simpleimputer,,fastica,minmax,PassiveAggressiveClassifier(random_state=0),2,0.9591836734693877,,No using Simple Imputer,,0.0012631416320800781,0.00011801719665527344
algerian_forest_fires_46279,simpleimputer,,fastica,minmax,PassiveAggressiveClassifier(random_state=0),3,0.9583333333333334,,No using Simple Imputer,,0.001257181167602539,0.00011777877807617188
algerian_forest_fires_46279,simpleimputer,,fastica,minmax,PassiveAggressiveClassifier(random_state=0),4,1.0,,No using Simple Imputer,,0.0012857913970947266,0.00011754035949707031
algerian_forest_fires_46279,simpleimputer,,truncated_svd,minmax,PassiveAggressiveClassifier(random_state=0),0,0.8163265306122449,,No using Simple Imputer,,0.0011293888092041016,0.00011587142944335938
algerian_forest_fires_46279,simpleimputer,,truncated_svd,minmax,PassiveAggressiveClassifier(random_state=0),1,0.8367346938775511,,No using Simple Imputer,,0.0011823177337646484,0.00011777877807617188
algerian_forest_fires_46279,simpleimputer,,truncated_svd,minmax,PassiveAggressiveClassifier(random_state=0),2,0.8571428571428571,,No using Simple Imputer,,0.0012557506561279297,0.00012922286987304688
algerian_forest_fires_46279,simpleimputer,,truncated_svd,minmax,PassiveAggressiveClassifier(random_state=0),3,0.8958333333333334,,No using Simple Imputer,,0.001094818115234375,0.00011348724365234375
algerian_forest_fires_46279,simpleimputer,,truncated_svd,minmax,PassiveAggressiveClassifier(random_state=0),4,0.6875,,No using Simple Imputer,,0.001157999038696289,0.00011420249938964844
algerian_forest_fires_46279,simpleimputer,,select_percentile,minmax,PassiveAggressiveClassifier(random_state=0),0,0.9387755102040817,,No using Simple Imputer,,0.001138448715209961,0.00011372566223144531
algerian_forest_fires_46279,simpleimputer,,select_percentile,minmax,PassiveAggressiveClassifier(random_state=0),1,1.0,,No using Simple Imputer,,0.0011758804321289062,0.00011587142944335938
algerian_forest_fires_46279,simpleimputer,,select_percentile,minmax,PassiveAggressiveClassifier(random_state=0),2,0.9591836734693877,,No using Simple Imputer,,0.0010745525360107422,0.00011372566223144531
algerian_forest_fires_46279,simpleimputer,,select_percentile,minmax,PassiveAggressiveClassifier(random_state=0),3,0.9791666666666666,,No using Simple Imputer,,0.001188516616821289,0.00011587142944335938
algerian_forest_fires_46279,simpleimputer,,select_percentile,minmax,PassiveAggressiveClassifier(random_state=0),4,0.9583333333333334,,No using Simple Imputer,,0.0011339187622070312,0.00011348724365234375
algerian_forest_fires_46279,simpleimputer,,generic_univariate,minmax,PassiveAggressiveClassifier(random_state=0),0,0.9795918367346939,,No using Simple Imputer,,0.001094818115234375,0.00011110305786132812
algerian_forest_fires_46279,simpleimputer,,generic_univariate,minmax,PassiveAggressiveClassifier(random_state=0),1,0.9795918367346939,,No using Simple Imputer,,0.0011560916900634766,0.00011301040649414062
algerian_forest_fires_46279,simpleimputer,,generic_univariate,minmax,PassiveAggressiveClassifier(random_state=0),2,0.9591836734693877,,No using Simple Imputer,,0.001207113265991211,0.00011086463928222656
algerian_forest_fires_46279,simpleimputer,,generic_univariate,minmax,PassiveAggressiveClassifier(random_state=0),3,0.9166666666666666,,No using Simple Imputer,,0.0011279582977294922,0.000110626220703125
algerian_forest_fires_46279,simpleimputer,,generic_univariate,minmax,PassiveAggressiveClassifier(random_state=0),4,0.9583333333333334,,No using Simple Imputer,,0.0011935234069824219,0.000110626220703125
algerian_forest_fires_46279,simpleimputer,,polynomial_features,minmax,PassiveAggressiveClassifier(random_state=0),0,0.9183673469387755,,No using Simple Imputer,,0.0017616748809814453,0.000133514404296875
algerian_forest_fires_46279,simpleimputer,,polynomial_features,minmax,PassiveAggressiveClassifier(random_state=0),1,0.9591836734693877,,No using Simple Imputer,,0.0019123554229736328,0.00013494491577148438
algerian_forest_fires_46279,simpleimputer,,polynomial_features,minmax,PassiveAggressiveClassifier(random_state=0),2,0.9387755102040817,,No using Simple Imputer,,0.0023975372314453125,0.00013637542724609375
algerian_forest_fires_46279,simpleimputer,,polynomial_features,minmax,PassiveAggressiveClassifier(random_state=0),3,0.9791666666666666,,No using Simple Imputer,,0.001979351043701172,0.00013828277587890625
algerian_forest_fires_46279,simpleimputer,,polynomial_features,minmax,PassiveAggressiveClassifier(random_state=0),4,0.9791666666666666,,No using Simple Imputer,,0.001783609390258789,0.00013303756713867188
algerian_forest_fires_46279,simpleimputer,,nystroem,minmax,PassiveAggressiveClassifier(random_state=0),0,0.9183673469387755,,No using Simple Imputer,,0.0025641918182373047,0.0001475811004638672
algerian_forest_fires_46279,simpleimputer,,nystroem,minmax,PassiveAggressiveClassifier(random_state=0),1,0.9591836734693877,,No using Simple Imputer,,0.002797365188598633,0.00014853477478027344
algerian_forest_fires_46279,simpleimputer,,nystroem,minmax,PassiveAggressiveClassifier(random_state=0),2,0.9183673469387755,,No using Simple Imputer,,0.005958080291748047,0.0002040863037109375
algerian_forest_fires_46279,simpleimputer,,nystroem,minmax,PassiveAggressiveClassifier(random_state=0),3,0.9166666666666666,,No using Simple Imputer,,0.0023059844970703125,0.00018644332885742188
algerian_forest_fires_46279,simpleimputer,,nystroem,minmax,PassiveAggressiveClassifier(random_state=0),4,0.9583333333333334,,No using Simple Imputer,,0.0034058094024658203,0.00016951560974121094
algerian_forest_fires_46279,simpleimputer,,rbf_sampler,minmax,PassiveAggressiveClassifier(random_state=0),0,0.9795918367346939,,No using Simple Imputer,,0.0023627281188964844,0.0001423358917236328
algerian_forest_fires_46279,simpleimputer,,rbf_sampler,minmax,PassiveAggressiveClassifier(random_state=0),1,0.9387755102040817,,No using Simple Imputer,,0.0020356178283691406,0.00014209747314453125
algerian_forest_fires_46279,simpleimputer,,rbf_sampler,minmax,PassiveAggressiveClassifier(random_state=0),2,0.8979591836734694,,No using Simple Imputer,,0.0019659996032714844,0.0001499652862548828
algerian_forest_fires_46279,simpleimputer,,rbf_sampler,minmax,PassiveAggressiveClassifier(random_state=0),3,0.9583333333333334,,No using Simple Imputer,,0.0018343925476074219,0.00012803077697753906
algerian_forest_fires_46279,simpleimputer,,rbf_sampler,minmax,PassiveAggressiveClassifier(random_state=0),4,0.9583333333333334,,No using Simple Imputer,,0.0018384456634521484,0.0001270771026611328
algerian_forest_fires_46279,simpleimputer,,random_trees_embedding,minmax,PassiveAggressiveClassifier(random_state=0),0,0.9591836734693877,,No using Simple Imputer,,0.0017631053924560547,0.00013494491577148438
algerian_forest_fires_46279,simpleimputer,,random_trees_embedding,minmax,PassiveAggressiveClassifier(random_state=0),1,0.9591836734693877,,No using Simple Imputer,,0.0018601417541503906,0.00013709068298339844
algerian_forest_fires_46279,simpleimputer,,random_trees_embedding,minmax,PassiveAggressiveClassifier(random_state=0),2,0.9591836734693877,,No using Simple Imputer,,0.0018241405487060547,0.00013494491577148438
algerian_forest_fires_46279,simpleimputer,,random_trees_embedding,minmax,PassiveAggressiveClassifier(random_state=0),3,0.9791666666666666,,No using Simple Imputer,,0.0020186901092529297,0.00013494491577148438
algerian_forest_fires_46279,simpleimputer,,random_trees_embedding,minmax,PassiveAggressiveClassifier(random_state=0),4,0.9375,,No using Simple Imputer,,0.001880645751953125,0.00013566017150878906
algerian_forest_fires_46279,simpleimputer,,feature_agglomeration,minmax,PassiveAggressiveClassifier(random_state=0),0,0.8163265306122449,,No using Simple Imputer,,0.001295328140258789,0.0001773834228515625
algerian_forest_fires_46279,simpleimputer,,feature_agglomeration,minmax,PassiveAggressiveClassifier(random_state=0),1,0.7959183673469388,,No using Simple Imputer,,0.0015120506286621094,0.0001456737518310547
algerian_forest_fires_46279,simpleimputer,,feature_agglomeration,minmax,PassiveAggressiveClassifier(random_state=0),2,0.8571428571428571,,No using Simple Imputer,,0.0012359619140625,0.00018405914306640625
algerian_forest_fires_46279,simpleimputer,,feature_agglomeration,minmax,PassiveAggressiveClassifier(random_state=0),3,0.8541666666666666,,No using Simple Imputer,,0.0012335777282714844,0.00011587142944335938
algerian_forest_fires_46279,simpleimputer,,feature_agglomeration,minmax,PassiveAggressiveClassifier(random_state=0),4,0.8958333333333334,,No using Simple Imputer,,0.0011403560638427734,0.00011324882507324219
algerian_forest_fires_46279,simpleimputer,,extra_tree,minmax,PassiveAggressiveClassifier(random_state=0),0,0.8571428571428571,,No using Simple Imputer,,0.0011622905731201172,0.00014162063598632812
algerian_forest_fires_46279,simpleimputer,,extra_tree,minmax,PassiveAggressiveClassifier(random_state=0),1,0.9795918367346939,,No using Simple Imputer,,0.0012259483337402344,0.00011706352233886719
algerian_forest_fires_46279,simpleimputer,,extra_tree,minmax,PassiveAggressiveClassifier(random_state=0),2,0.8979591836734694,,No using Simple Imputer,,0.0011363029479980469,0.00011610984802246094
algerian_forest_fires_46279,simpleimputer,,extra_tree,minmax,PassiveAggressiveClassifier(random_state=0),3,1.0,,No using Simple Imputer,,0.001207113265991211,0.00011730194091796875
algerian_forest_fires_46279,simpleimputer,,extra_tree,minmax,PassiveAggressiveClassifier(random_state=0),4,0.9791666666666666,,No using Simple Imputer,,0.0012714862823486328,0.00011944770812988281
algerian_forest_fires_46279,simpleimputer,,linear_svc,minmax,PassiveAggressiveClassifier(random_state=0),0,0.8775510204081632,,No using Simple Imputer,,0.0011022090911865234,0.0001723766326904297
algerian_forest_fires_46279,simpleimputer,,linear_svc,minmax,PassiveAggressiveClassifier(random_state=0),1,0.9795918367346939,,No using Simple Imputer,,0.0011954307556152344,0.00011491775512695312
algerian_forest_fires_46279,simpleimputer,,linear_svc,minmax,PassiveAggressiveClassifier(random_state=0),2,0.9591836734693877,,No using Simple Imputer,,0.001226186752319336,0.00011515617370605469
algerian_forest_fires_46279,simpleimputer,,linear_svc,minmax,PassiveAggressiveClassifier(random_state=0),3,0.9791666666666666,,No using Simple Imputer,,0.0011279582977294922,0.00013017654418945312
algerian_forest_fires_46279,simpleimputer,,linear_svc,minmax,PassiveAggressiveClassifier(random_state=0),4,0.9791666666666666,,No using Simple Imputer,,0.0012390613555908203,0.00011944770812988281
algerian_forest_fires_46279,simpleimputer,,kernel_pca,minmax,PassiveAggressiveClassifier(random_state=0),0,0.8775510204081632,,No using Simple Imputer,,0.001796722412109375,0.0001430511474609375
algerian_forest_fires_46279,simpleimputer,,kernel_pca,minmax,PassiveAggressiveClassifier(random_state=0),1,0.9591836734693877,,No using Simple Imputer,,0.0014586448669433594,0.00013589859008789062
algerian_forest_fires_46279,simpleimputer,,kernel_pca,minmax,PassiveAggressiveClassifier(random_state=0),2,0.9183673469387755,,No using Simple Imputer,,0.001561880111694336,0.00013589859008789062
algerian_forest_fires_46279,simpleimputer,,kernel_pca,minmax,PassiveAggressiveClassifier(random_state=0),3,0.9583333333333334,,No using Simple Imputer,,0.0015544891357421875,0.00013756752014160156
algerian_forest_fires_46279,simpleimputer,,kernel_pca,minmax,PassiveAggressiveClassifier(random_state=0),4,0.9583333333333334,,No using Simple Imputer,,0.0016164779663085938,0.0001595020294189453
algerian_forest_fires_46279,simpleimputer,,,robust,PassiveAggressiveClassifier(random_state=0),0,0.9387755102040817,,No using Simple Imputer,,0.001390695571899414,0.00013518333435058594
algerian_forest_fires_46279,simpleimputer,,,robust,PassiveAggressiveClassifier(random_state=0),1,0.9591836734693877,,No using Simple Imputer,,0.0013799667358398438,0.00016450881958007812
algerian_forest_fires_46279,simpleimputer,,,robust,PassiveAggressiveClassifier(random_state=0),2,0.9795918367346939,,No using Simple Imputer,,0.00156402587890625,0.00016427040100097656
algerian_forest_fires_46279,simpleimputer,,,robust,PassiveAggressiveClassifier(random_state=0),3,0.9375,,No using Simple Imputer,,0.001455068588256836,0.00013256072998046875
algerian_forest_fires_46279,simpleimputer,,,robust,PassiveAggressiveClassifier(random_state=0),4,0.9583333333333334,,No using Simple Imputer,,0.001318216323852539,0.00015115737915039062
algerian_forest_fires_46279,simpleimputer,,pca,robust,PassiveAggressiveClassifier(random_state=0),0,0.8979591836734694,,No using Simple Imputer,,0.0012433528900146484,0.00012254714965820312
algerian_forest_fires_46279,simpleimputer,,pca,robust,PassiveAggressiveClassifier(random_state=0),1,0.9795918367346939,,No using Simple Imputer,,0.001369476318359375,0.00012755393981933594
algerian_forest_fires_46279,simpleimputer,,pca,robust,PassiveAggressiveClassifier(random_state=0),2,0.9183673469387755,,No using Simple Imputer,,0.0011799335479736328,0.00011420249938964844
algerian_forest_fires_46279,simpleimputer,,pca,robust,PassiveAggressiveClassifier(random_state=0),3,0.9375,,No using Simple Imputer,,0.0013780593872070312,0.00013709068298339844
algerian_forest_fires_46279,simpleimputer,,pca,robust,PassiveAggressiveClassifier(random_state=0),4,0.9791666666666666,,No using Simple Imputer,,0.0012514591217041016,0.0001163482666015625
algerian_forest_fires_46279,simpleimputer,,fastica,robust,PassiveAggressiveClassifier(random_state=0),0,0.9387755102040817,,No using Simple Imputer,,0.0012471675872802734,0.000118255615234375
algerian_forest_fires_46279,simpleimputer,,fastica,robust,PassiveAggressiveClassifier(random_state=0),1,0.6530612244897959,,No using Simple Imputer,,0.001313924789428711,0.00011944770812988281
algerian_forest_fires_46279,simpleimputer,,fastica,robust,PassiveAggressiveClassifier(random_state=0),2,0.6938775510204082,,No using Simple Imputer,,0.0014431476593017578,0.00011897087097167969
algerian_forest_fires_46279,simpleimputer,,fastica,robust,PassiveAggressiveClassifier(random_state=0),3,0.9583333333333334,,No using Simple Imputer,,0.0012218952178955078,0.0001399517059326172
algerian_forest_fires_46279,simpleimputer,,fastica,robust,PassiveAggressiveClassifier(random_state=0),4,0.9375,,No using Simple Imputer,,0.0012316703796386719,0.00015997886657714844
algerian_forest_fires_46279,simpleimputer,,truncated_svd,robust,PassiveAggressiveClassifier(random_state=0),0,0.8571428571428571,,No using Simple Imputer,,0.001134634017944336,0.00011467933654785156
algerian_forest_fires_46279,simpleimputer,,truncated_svd,robust,PassiveAggressiveClassifier(random_state=0),1,0.8775510204081632,,No using Simple Imputer,,0.0011360645294189453,0.0001366138458251953
algerian_forest_fires_46279,simpleimputer,,truncated_svd,robust,PassiveAggressiveClassifier(random_state=0),2,0.7959183673469388,,No using Simple Imputer,,0.0018582344055175781,0.0001678466796875
algerian_forest_fires_46279,simpleimputer,,truncated_svd,robust,PassiveAggressiveClassifier(random_state=0),3,0.875,,No using Simple Imputer,,0.0012073516845703125,0.00014925003051757812
algerian_forest_fires_46279,simpleimputer,,truncated_svd,robust,PassiveAggressiveClassifier(random_state=0),4,0.9583333333333334,,No using Simple Imputer,,0.0010752677917480469,0.00011396408081054688
algerian_forest_fires_46279,simpleimputer,,select_percentile,robust,PassiveAggressiveClassifier(random_state=0),0,0.9387755102040817,,No using Simple Imputer,,0.0011646747589111328,0.00011777877807617188
algerian_forest_fires_46279,simpleimputer,,select_percentile,robust,PassiveAggressiveClassifier(random_state=0),1,0.9795918367346939,,No using Simple Imputer,,0.0011417865753173828,0.00011539459228515625
algerian_forest_fires_46279,simpleimputer,,select_percentile,robust,PassiveAggressiveClassifier(random_state=0),2,0.9795918367346939,,No using Simple Imputer,,0.0010957717895507812,0.0001373291015625
algerian_forest_fires_46279,simpleimputer,,select_percentile,robust,PassiveAggressiveClassifier(random_state=0),3,0.9791666666666666,,No using Simple Imputer,,0.0012004375457763672,0.00013875961303710938
algerian_forest_fires_46279,simpleimputer,,select_percentile,robust,PassiveAggressiveClassifier(random_state=0),4,1.0,,No using Simple Imputer,,0.00115203857421875,0.00011277198791503906
algerian_forest_fires_46279,simpleimputer,,generic_univariate,robust,PassiveAggressiveClassifier(random_state=0),0,0.9591836734693877,,No using Simple Imputer,,0.001153707504272461,0.00011229515075683594
algerian_forest_fires_46279,simpleimputer,,generic_univariate,robust,PassiveAggressiveClassifier(random_state=0),1,1.0,,No using Simple Imputer,,0.001714468002319336,0.00016498565673828125
algerian_forest_fires_46279,simpleimputer,,generic_univariate,robust,PassiveAggressiveClassifier(random_state=0),2,0.9591836734693877,,No using Simple Imputer,,0.0010883808135986328,0.0001125335693359375
algerian_forest_fires_46279,simpleimputer,,generic_univariate,robust,PassiveAggressiveClassifier(random_state=0),3,0.9375,,No using Simple Imputer,,0.0010805130004882812,0.00011229515075683594
algerian_forest_fires_46279,simpleimputer,,generic_univariate,robust,PassiveAggressiveClassifier(random_state=0),4,0.9583333333333334,,No using Simple Imputer,,0.0010542869567871094,0.00010895729064941406
algerian_forest_fires_46279,simpleimputer,,polynomial_features,robust,PassiveAggressiveClassifier(random_state=0),0,0.9795918367346939,,No using Simple Imputer,,0.002251863479614258,0.00011897087097167969
algerian_forest_fires_46279,simpleimputer,,polynomial_features,robust,PassiveAggressiveClassifier(random_state=0),1,0.9387755102040817,,No using Simple Imputer,,0.0013971328735351562,0.00011754035949707031
algerian_forest_fires_46279,simpleimputer,,polynomial_features,robust,PassiveAggressiveClassifier(random_state=0),2,0.9795918367346939,,No using Simple Imputer,,0.0014629364013671875,0.00012040138244628906
algerian_forest_fires_46279,simpleimputer,,polynomial_features,robust,PassiveAggressiveClassifier(random_state=0),3,0.9583333333333334,,No using Simple Imputer,,0.002271890640258789,0.00011873245239257812
algerian_forest_fires_46279,simpleimputer,,polynomial_features,robust,PassiveAggressiveClassifier(random_state=0),4,0.9375,,No using Simple Imputer,,0.0018470287322998047,0.00011849403381347656
algerian_forest_fires_46279,simpleimputer,,nystroem,robust,PassiveAggressiveClassifier(random_state=0),0,0.9591836734693877,,No using Simple Imputer,,0.002954721450805664,0.00013637542724609375
algerian_forest_fires_46279,simpleimputer,,nystroem,robust,PassiveAggressiveClassifier(random_state=0),1,0.9591836734693877,,No using Simple Imputer,,0.0027234554290771484,0.000141143798828125
algerian_forest_fires_46279,simpleimputer,,nystroem,robust,PassiveAggressiveClassifier(random_state=0),2,0.9795918367346939,,No using Simple Imputer,,0.0034444332122802734,0.0001468658447265625
algerian_forest_fires_46279,simpleimputer,,nystroem,robust,PassiveAggressiveClassifier(random_state=0),3,0.9375,,No using Simple Imputer,,0.002413511276245117,0.00014472007751464844
algerian_forest_fires_46279,simpleimputer,,nystroem,robust,PassiveAggressiveClassifier(random_state=0),4,0.9166666666666666,,No using Simple Imputer,,0.0028357505798339844,0.00014781951904296875
algerian_forest_fires_46279,simpleimputer,,rbf_sampler,robust,PassiveAggressiveClassifier(random_state=0),0,0.6938775510204082,,No using Simple Imputer,,0.002344369888305664,0.00014019012451171875
algerian_forest_fires_46279,simpleimputer,,rbf_sampler,robust,PassiveAggressiveClassifier(random_state=0),1,0.6326530612244898,,No using Simple Imputer,,0.0031599998474121094,0.00016379356384277344
algerian_forest_fires_46279,simpleimputer,,rbf_sampler,robust,PassiveAggressiveClassifier(random_state=0),2,0.5918367346938775,,No using Simple Imputer,,0.0030519962310791016,0.00025582313537597656
algerian_forest_fires_46279,simpleimputer,,rbf_sampler,robust,PassiveAggressiveClassifier(random_state=0),3,0.7291666666666666,,No using Simple Imputer,,0.002088785171508789,0.00014734268188476562
algerian_forest_fires_46279,simpleimputer,,rbf_sampler,robust,PassiveAggressiveClassifier(random_state=0),4,0.6875,,No using Simple Imputer,,0.002653837203979492,0.0001354217529296875
algerian_forest_fires_46279,simpleimputer,,random_trees_embedding,robust,PassiveAggressiveClassifier(random_state=0),0,0.9591836734693877,,No using Simple Imputer,,0.0017709732055664062,0.00013113021850585938
algerian_forest_fires_46279,simpleimputer,,random_trees_embedding,robust,PassiveAggressiveClassifier(random_state=0),1,0.9591836734693877,,No using Simple Imputer,,0.001875162124633789,0.0001392364501953125
algerian_forest_fires_46279,simpleimputer,,random_trees_embedding,robust,PassiveAggressiveClassifier(random_state=0),2,0.9591836734693877,,No using Simple Imputer,,0.0017807483673095703,0.00013875961303710938
algerian_forest_fires_46279,simpleimputer,,random_trees_embedding,robust,PassiveAggressiveClassifier(random_state=0),3,0.9791666666666666,,No using Simple Imputer,,0.002051115036010742,0.00015807151794433594
algerian_forest_fires_46279,simpleimputer,,random_trees_embedding,robust,PassiveAggressiveClassifier(random_state=0),4,0.9375,,No using Simple Imputer,,0.0017659664154052734,0.0001347064971923828
algerian_forest_fires_46279,simpleimputer,,feature_agglomeration,robust,PassiveAggressiveClassifier(random_state=0),0,0.8163265306122449,,No using Simple Imputer,,0.0011546611785888672,0.0001323223114013672
algerian_forest_fires_46279,simpleimputer,,feature_agglomeration,robust,PassiveAggressiveClassifier(random_state=0),1,0.8163265306122449,,No using Simple Imputer,,0.0012106895446777344,0.00011968612670898438
algerian_forest_fires_46279,simpleimputer,,feature_agglomeration,robust,PassiveAggressiveClassifier(random_state=0),2,0.9183673469387755,,No using Simple Imputer,,0.0011820793151855469,0.00011467933654785156
algerian_forest_fires_46279,simpleimputer,,feature_agglomeration,robust,PassiveAggressiveClassifier(random_state=0),3,0.8958333333333334,,No using Simple Imputer,,0.0011680126190185547,0.0001201629638671875
algerian_forest_fires_46279,simpleimputer,,feature_agglomeration,robust,PassiveAggressiveClassifier(random_state=0),4,0.9166666666666666,,No using Simple Imputer,,0.0011653900146484375,0.0001518726348876953
algerian_forest_fires_46279,simpleimputer,,extra_tree,robust,PassiveAggressiveClassifier(random_state=0),0,0.9795918367346939,,No using Simple Imputer,,0.0011761188507080078,0.00011730194091796875
algerian_forest_fires_46279,simpleimputer,,extra_tree,robust,PassiveAggressiveClassifier(random_state=0),1,0.9795918367346939,,No using Simple Imputer,,0.0012667179107666016,0.00012111663818359375
algerian_forest_fires_46279,simpleimputer,,extra_tree,robust,PassiveAggressiveClassifier(random_state=0),2,1.0,,No using Simple Imputer,,0.0012555122375488281,0.00011897087097167969
algerian_forest_fires_46279,simpleimputer,,extra_tree,robust,PassiveAggressiveClassifier(random_state=0),3,0.9375,,No using Simple Imputer,,0.0011942386627197266,0.000118255615234375
algerian_forest_fires_46279,simpleimputer,,extra_tree,robust,PassiveAggressiveClassifier(random_state=0),4,1.0,,No using Simple Imputer,,0.001222848892211914,0.000118255615234375
algerian_forest_fires_46279,simpleimputer,,linear_svc,robust,PassiveAggressiveClassifier(random_state=0),0,0.9795918367346939,,No using Simple Imputer,,0.0012590885162353516,0.0001316070556640625
algerian_forest_fires_46279,simpleimputer,,linear_svc,robust,PassiveAggressiveClassifier(random_state=0),1,0.9795918367346939,,No using Simple Imputer,,0.0011680126190185547,0.00011777877807617188
algerian_forest_fires_46279,simpleimputer,,linear_svc,robust,PassiveAggressiveClassifier(random_state=0),2,0.9795918367346939,,No using Simple Imputer,,0.0011963844299316406,0.00011920928955078125
algerian_forest_fires_46279,simpleimputer,,linear_svc,robust,PassiveAggressiveClassifier(random_state=0),3,0.9791666666666666,,No using Simple Imputer,,0.0012307167053222656,0.00011801719665527344
algerian_forest_fires_46279,simpleimputer,,linear_svc,robust,PassiveAggressiveClassifier(random_state=0),4,0.9583333333333334,,No using Simple Imputer,,0.001216888427734375,0.00012063980102539062
algerian_forest_fires_46279,simpleimputer,,kernel_pca,robust,PassiveAggressiveClassifier(random_state=0),0,0.8979591836734694,,No using Simple Imputer,,0.0014138221740722656,0.00013589859008789062
algerian_forest_fires_46279,simpleimputer,,kernel_pca,robust,PassiveAggressiveClassifier(random_state=0),1,0.9795918367346939,,No using Simple Imputer,,0.0017018318176269531,0.00014472007751464844
algerian_forest_fires_46279,simpleimputer,,kernel_pca,robust,PassiveAggressiveClassifier(random_state=0),2,0.9183673469387755,,No using Simple Imputer,,0.001791238784790039,0.00017833709716796875
algerian_forest_fires_46279,simpleimputer,,kernel_pca,robust,PassiveAggressiveClassifier(random_state=0),3,0.9375,,No using Simple Imputer,,0.0017099380493164062,0.00014209747314453125
algerian_forest_fires_46279,simpleimputer,,kernel_pca,robust,PassiveAggressiveClassifier(random_state=0),4,0.9791666666666666,,No using Simple Imputer,,0.0016164779663085938,0.00014019012451171875
algerian_forest_fires_46279,simpleimputer,,,normalizer,PassiveAggressiveClassifier(random_state=0),0,0.5510204081632653,,No using Simple Imputer,,0.0013909339904785156,0.0001380443572998047
algerian_forest_fires_46279,simpleimputer,,,normalizer,PassiveAggressiveClassifier(random_state=0),1,0.4489795918367347,,No using Simple Imputer,,0.0014009475708007812,0.0001385211944580078
algerian_forest_fires_46279,simpleimputer,,,normalizer,PassiveAggressiveClassifier(random_state=0),2,0.5714285714285714,,No using Simple Imputer,,0.0014653205871582031,0.0001385211944580078
algerian_forest_fires_46279,simpleimputer,,,normalizer,PassiveAggressiveClassifier(random_state=0),3,0.6041666666666666,,No using Simple Imputer,,0.0014226436614990234,0.0001327991485595703
algerian_forest_fires_46279,simpleimputer,,,normalizer,PassiveAggressiveClassifier(random_state=0),4,0.5,,No using Simple Imputer,,0.0013332366943359375,0.0001246929168701172
algerian_forest_fires_46279,simpleimputer,,pca,normalizer,PassiveAggressiveClassifier(random_state=0),0,0.7142857142857143,,No using Simple Imputer,,0.0017313957214355469,0.00012993812561035156
algerian_forest_fires_46279,simpleimputer,,pca,normalizer,PassiveAggressiveClassifier(random_state=0),1,0.4489795918367347,,No using Simple Imputer,,0.0011227130889892578,0.00011491775512695312
algerian_forest_fires_46279,simpleimputer,,pca,normalizer,PassiveAggressiveClassifier(random_state=0),2,0.5918367346938775,,No using Simple Imputer,,0.0017392635345458984,0.0001201629638671875
algerian_forest_fires_46279,simpleimputer,,pca,normalizer,PassiveAggressiveClassifier(random_state=0),3,0.8125,,No using Simple Imputer,,0.0024509429931640625,0.00017571449279785156
algerian_forest_fires_46279,simpleimputer,,pca,normalizer,PassiveAggressiveClassifier(random_state=0),4,0.8958333333333334,,No using Simple Imputer,,0.0015964508056640625,0.00014162063598632812
algerian_forest_fires_46279,simpleimputer,,fastica,normalizer,PassiveAggressiveClassifier(random_state=0),0,0.9387755102040817,,No using Simple Imputer,,0.0012705326080322266,0.00011754035949707031
algerian_forest_fires_46279,simpleimputer,,fastica,normalizer,PassiveAggressiveClassifier(random_state=0),1,0.9795918367346939,,No using Simple Imputer,,0.001195669174194336,0.00013780593872070312
algerian_forest_fires_46279,simpleimputer,,fastica,normalizer,PassiveAggressiveClassifier(random_state=0),2,0.9795918367346939,,No using Simple Imputer,,0.0012011528015136719,0.00011587142944335938
algerian_forest_fires_46279,simpleimputer,,fastica,normalizer,PassiveAggressiveClassifier(random_state=0),3,0.9375,,No using Simple Imputer,,0.0012729167938232422,0.00011873245239257812
algerian_forest_fires_46279,simpleimputer,,fastica,normalizer,PassiveAggressiveClassifier(random_state=0),4,1.0,,No using Simple Imputer,,0.0012717247009277344,0.00011587142944335938
algerian_forest_fires_46279,simpleimputer,,truncated_svd,normalizer,PassiveAggressiveClassifier(random_state=0),0,0.5510204081632653,,No using Simple Imputer,,0.001089334487915039,0.00011181831359863281
algerian_forest_fires_46279,simpleimputer,,truncated_svd,normalizer,PassiveAggressiveClassifier(random_state=0),1,0.4489795918367347,,No using Simple Imputer,,0.0010874271392822266,0.00011277198791503906
algerian_forest_fires_46279,simpleimputer,,truncated_svd,normalizer,PassiveAggressiveClassifier(random_state=0),2,0.5714285714285714,,No using Simple Imputer,,0.0011725425720214844,0.00011587142944335938
algerian_forest_fires_46279,simpleimputer,,truncated_svd,normalizer,PassiveAggressiveClassifier(random_state=0),3,0.6041666666666666,,No using Simple Imputer,,0.0011715888977050781,0.00011706352233886719
algerian_forest_fires_46279,simpleimputer,,truncated_svd,normalizer,PassiveAggressiveClassifier(random_state=0),4,0.5,,No using Simple Imputer,,0.001115560531616211,0.00011372566223144531
algerian_forest_fires_46279,simpleimputer,,select_percentile,normalizer,PassiveAggressiveClassifier(random_state=0),0,0.5510204081632653,,No using Simple Imputer,,0.0011110305786132812,0.00011563301086425781
algerian_forest_fires_46279,simpleimputer,,select_percentile,normalizer,PassiveAggressiveClassifier(random_state=0),1,0.4489795918367347,,No using Simple Imputer,,0.001157522201538086,0.00011658668518066406
algerian_forest_fires_46279,simpleimputer,,select_percentile,normalizer,PassiveAggressiveClassifier(random_state=0),2,0.5714285714285714,,No using Simple Imputer,,0.0012748241424560547,0.00011754035949707031
algerian_forest_fires_46279,simpleimputer,,select_percentile,normalizer,PassiveAggressiveClassifier(random_state=0),3,0.6041666666666666,,No using Simple Imputer,,0.001130819320678711,0.00011563301086425781
algerian_forest_fires_46279,simpleimputer,,select_percentile,normalizer,PassiveAggressiveClassifier(random_state=0),4,0.5416666666666666,,No using Simple Imputer,,0.0011456012725830078,0.00012803077697753906
algerian_forest_fires_46279,simpleimputer,,generic_univariate,normalizer,PassiveAggressiveClassifier(random_state=0),0,0.5510204081632653,,No using Simple Imputer,,0.001073598861694336,0.00011873245239257812
algerian_forest_fires_46279,simpleimputer,,generic_univariate,normalizer,PassiveAggressiveClassifier(random_state=0),1,0.4489795918367347,,No using Simple Imputer,,0.0010712146759033203,0.00011086463928222656
algerian_forest_fires_46279,simpleimputer,,generic_univariate,normalizer,PassiveAggressiveClassifier(random_state=0),2,0.5714285714285714,,No using Simple Imputer,,0.0012166500091552734,0.00011444091796875
algerian_forest_fires_46279,simpleimputer,,generic_univariate,normalizer,PassiveAggressiveClassifier(random_state=0),3,0.6041666666666666,,No using Simple Imputer,,0.0010619163513183594,0.00010967254638671875
algerian_forest_fires_46279,simpleimputer,,generic_univariate,normalizer,PassiveAggressiveClassifier(random_state=0),4,0.5416666666666666,,No using Simple Imputer,,0.0012013912200927734,0.00014281272888183594
algerian_forest_fires_46279,simpleimputer,,polynomial_features,normalizer,PassiveAggressiveClassifier(random_state=0),0,0.5510204081632653,,No using Simple Imputer,,0.0016927719116210938,0.0001552104949951172
algerian_forest_fires_46279,simpleimputer,,polynomial_features,normalizer,PassiveAggressiveClassifier(random_state=0),1,0.5714285714285714,,No using Simple Imputer,,0.002185821533203125,0.00013113021850585938
algerian_forest_fires_46279,simpleimputer,,polynomial_features,normalizer,PassiveAggressiveClassifier(random_state=0),2,0.6122448979591837,,No using Simple Imputer,,0.002225160598754883,0.0001385211944580078
algerian_forest_fires_46279,simpleimputer,,polynomial_features,normalizer,PassiveAggressiveClassifier(random_state=0),3,0.8125,,No using Simple Imputer,,0.0026345252990722656,0.00014209747314453125
algerian_forest_fires_46279,simpleimputer,,polynomial_features,normalizer,PassiveAggressiveClassifier(random_state=0),4,0.6041666666666666,,No using Simple Imputer,,0.0027379989624023438,0.0002498626708984375
algerian_forest_fires_46279,simpleimputer,,nystroem,normalizer,PassiveAggressiveClassifier(random_state=0),0,0.5510204081632653,,No using Simple Imputer,,0.0019402503967285156,0.00015592575073242188
algerian_forest_fires_46279,simpleimputer,,nystroem,normalizer,PassiveAggressiveClassifier(random_state=0),1,0.4489795918367347,,No using Simple Imputer,,0.002622842788696289,0.00013780593872070312
algerian_forest_fires_46279,simpleimputer,,nystroem,normalizer,PassiveAggressiveClassifier(random_state=0),2,0.5714285714285714,,No using Simple Imputer,,0.002077817916870117,0.00014519691467285156
algerian_forest_fires_46279,simpleimputer,,nystroem,normalizer,PassiveAggressiveClassifier(random_state=0),3,0.6041666666666666,,No using Simple Imputer,,0.0019922256469726562,0.00016832351684570312
algerian_forest_fires_46279,simpleimputer,,nystroem,normalizer,PassiveAggressiveClassifier(random_state=0),4,0.4583333333333333,,No using Simple Imputer,,0.0020470619201660156,0.00014710426330566406
algerian_forest_fires_46279,simpleimputer,,rbf_sampler,normalizer,PassiveAggressiveClassifier(random_state=0),0,0.5510204081632653,,No using Simple Imputer,,0.0019750595092773438,0.00019097328186035156
algerian_forest_fires_46279,simpleimputer,,rbf_sampler,normalizer,PassiveAggressiveClassifier(random_state=0),1,0.5306122448979592,,No using Simple Imputer,,0.0017676353454589844,0.00014400482177734375
algerian_forest_fires_46279,simpleimputer,,rbf_sampler,normalizer,PassiveAggressiveClassifier(random_state=0),2,0.7551020408163265,,No using Simple Imputer,,0.001897573471069336,0.0001423358917236328
algerian_forest_fires_46279,simpleimputer,,rbf_sampler,normalizer,PassiveAggressiveClassifier(random_state=0),3,0.6041666666666666,,No using Simple Imputer,,0.0016987323760986328,0.00013327598571777344
algerian_forest_fires_46279,simpleimputer,,rbf_sampler,normalizer,PassiveAggressiveClassifier(random_state=0),4,0.7708333333333334,,No using Simple Imputer,,0.0022058486938476562,0.0001842975616455078
algerian_forest_fires_46279,simpleimputer,,random_trees_embedding,normalizer,PassiveAggressiveClassifier(random_state=0),0,0.9183673469387755,,No using Simple Imputer,,0.0018568038940429688,0.00015926361083984375
algerian_forest_fires_46279,simpleimputer,,random_trees_embedding,normalizer,PassiveAggressiveClassifier(random_state=0),1,0.9591836734693877,,No using Simple Imputer,,0.0018320083618164062,0.0001308917999267578
algerian_forest_fires_46279,simpleimputer,,random_trees_embedding,normalizer,PassiveAggressiveClassifier(random_state=0),2,1.0,,No using Simple Imputer,,0.001834869384765625,0.0001366138458251953
algerian_forest_fires_46279,simpleimputer,,random_trees_embedding,normalizer,PassiveAggressiveClassifier(random_state=0),3,0.9375,,No using Simple Imputer,,0.0018055438995361328,0.0001342296600341797
algerian_forest_fires_46279,simpleimputer,,random_trees_embedding,normalizer,PassiveAggressiveClassifier(random_state=0),4,0.9583333333333334,,No using Simple Imputer,,0.0017828941345214844,0.00013756752014160156
algerian_forest_fires_46279,simpleimputer,,feature_agglomeration,normalizer,PassiveAggressiveClassifier(random_state=0),0,0.5510204081632653,,No using Simple Imputer,,0.0011870861053466797,0.00012445449829101562
algerian_forest_fires_46279,simpleimputer,,feature_agglomeration,normalizer,PassiveAggressiveClassifier(random_state=0),1,0.4489795918367347,,No using Simple Imputer,,0.0012674331665039062,0.0001308917999267578
algerian_forest_fires_46279,simpleimputer,,feature_agglomeration,normalizer,PassiveAggressiveClassifier(random_state=0),2,0.42857142857142855,,No using Simple Imputer,,0.0011005401611328125,0.00011396408081054688
algerian_forest_fires_46279,simpleimputer,,feature_agglomeration,normalizer,PassiveAggressiveClassifier(random_state=0),3,0.6041666666666666,,No using Simple Imputer,,0.0013308525085449219,0.0001277923583984375
algerian_forest_fires_46279,simpleimputer,,feature_agglomeration,normalizer,PassiveAggressiveClassifier(random_state=0),4,0.5416666666666666,,No using Simple Imputer,,0.0014374256134033203,0.0001399517059326172
algerian_forest_fires_46279,simpleimputer,,extra_tree,normalizer,PassiveAggressiveClassifier(random_state=0),0,0.5510204081632653,,No using Simple Imputer,,0.0012645721435546875,0.00011658668518066406
algerian_forest_fires_46279,simpleimputer,,extra_tree,normalizer,PassiveAggressiveClassifier(random_state=0),1,0.4489795918367347,,No using Simple Imputer,,0.0011603832244873047,0.00011706352233886719
algerian_forest_fires_46279,simpleimputer,,extra_tree,normalizer,PassiveAggressiveClassifier(random_state=0),2,0.5714285714285714,,No using Simple Imputer,,0.0012705326080322266,0.00011754035949707031
algerian_forest_fires_46279,simpleimputer,,extra_tree,normalizer,PassiveAggressiveClassifier(random_state=0),3,0.6041666666666666,,No using Simple Imputer,,0.0011987686157226562,0.00011587142944335938
algerian_forest_fires_46279,simpleimputer,,extra_tree,normalizer,PassiveAggressiveClassifier(random_state=0),4,0.5416666666666666,,No using Simple Imputer,,0.0012254714965820312,0.00011944770812988281
algerian_forest_fires_46279,simpleimputer,,linear_svc,normalizer,PassiveAggressiveClassifier(random_state=0),0,0.8571428571428571,,No using Simple Imputer,,0.0015347003936767578,0.0001380443572998047
algerian_forest_fires_46279,simpleimputer,,linear_svc,normalizer,PassiveAggressiveClassifier(random_state=0),1,0.4489795918367347,,No using Simple Imputer,,0.0011272430419921875,0.0001361370086669922
algerian_forest_fires_46279,simpleimputer,,linear_svc,normalizer,PassiveAggressiveClassifier(random_state=0),2,0.7959183673469388,,No using Simple Imputer,,0.0013022422790527344,0.00011444091796875
algerian_forest_fires_46279,simpleimputer,,linear_svc,normalizer,PassiveAggressiveClassifier(random_state=0),3,0.8125,,No using Simple Imputer,,0.001314401626586914,0.00011587142944335938
algerian_forest_fires_46279,simpleimputer,,linear_svc,normalizer,PassiveAggressiveClassifier(random_state=0),4,0.8958333333333334,,No using Simple Imputer,,0.0011928081512451172,0.00011444091796875
algerian_forest_fires_46279,simpleimputer,,kernel_pca,normalizer,PassiveAggressiveClassifier(random_state=0),0,0.7142857142857143,,No using Simple Imputer,,0.002004861831665039,0.0001499652862548828
algerian_forest_fires_46279,simpleimputer,,kernel_pca,normalizer,PassiveAggressiveClassifier(random_state=0),1,0.4489795918367347,,No using Simple Imputer,,0.0013921260833740234,0.00013971328735351562
algerian_forest_fires_46279,simpleimputer,,kernel_pca,normalizer,PassiveAggressiveClassifier(random_state=0),2,0.5918367346938775,,No using Simple Imputer,,0.002104520797729492,0.00019478797912597656
algerian_forest_fires_46279,simpleimputer,,kernel_pca,normalizer,PassiveAggressiveClassifier(random_state=0),3,0.8125,,No using Simple Imputer,,0.002432584762573242,0.00016832351684570312
algerian_forest_fires_46279,simpleimputer,,kernel_pca,normalizer,PassiveAggressiveClassifier(random_state=0),4,0.8958333333333334,,No using Simple Imputer,,0.002193927764892578,0.00014495849609375
algerian_forest_fires_46279,simpleimputer,,,power,PassiveAggressiveClassifier(random_state=0),0,1.0,,No using Simple Imputer,,0.0016422271728515625,0.00013709068298339844
algerian_forest_fires_46279,simpleimputer,,,power,PassiveAggressiveClassifier(random_state=0),1,0.9795918367346939,,No using Simple Imputer,,0.001462697982788086,0.00012969970703125
algerian_forest_fires_46279,simpleimputer,,,power,PassiveAggressiveClassifier(random_state=0),2,0.9591836734693877,,No using Simple Imputer,,0.0014908313751220703,0.0001201629638671875
algerian_forest_fires_46279,simpleimputer,,,power,PassiveAggressiveClassifier(random_state=0),3,0.9791666666666666,,No using Simple Imputer,,0.0013229846954345703,0.00012063980102539062
algerian_forest_fires_46279,simpleimputer,,,power,PassiveAggressiveClassifier(random_state=0),4,0.9791666666666666,,No using Simple Imputer,,0.0013430118560791016,0.00011682510375976562
algerian_forest_fires_46279,simpleimputer,,pca,power,PassiveAggressiveClassifier(random_state=0),0,1.0,,No using Simple Imputer,,0.00124359130859375,0.00011491775512695312
algerian_forest_fires_46279,simpleimputer,,pca,power,PassiveAggressiveClassifier(random_state=0),1,0.9795918367346939,,No using Simple Imputer,,0.0012860298156738281,0.0001392364501953125
algerian_forest_fires_46279,simpleimputer,,pca,power,PassiveAggressiveClassifier(random_state=0),2,0.9591836734693877,,No using Simple Imputer,,0.0012936592102050781,0.00013947486877441406
algerian_forest_fires_46279,simpleimputer,,pca,power,PassiveAggressiveClassifier(random_state=0),3,0.9791666666666666,,No using Simple Imputer,,0.001270294189453125,0.00011873245239257812
algerian_forest_fires_46279,simpleimputer,,pca,power,PassiveAggressiveClassifier(random_state=0),4,0.9791666666666666,,No using Simple Imputer,,0.0013134479522705078,0.0001227855682373047
algerian_forest_fires_46279,simpleimputer,,fastica,power,PassiveAggressiveClassifier(random_state=0),0,0.9795918367346939,,No using Simple Imputer,,0.0013713836669921875,0.0001430511474609375
algerian_forest_fires_46279,simpleimputer,,fastica,power,PassiveAggressiveClassifier(random_state=0),1,0.9795918367346939,,No using Simple Imputer,,0.0013778209686279297,0.00011944770812988281
algerian_forest_fires_46279,simpleimputer,,fastica,power,PassiveAggressiveClassifier(random_state=0),2,0.9591836734693877,,No using Simple Imputer,,0.0013275146484375,0.00011801719665527344
algerian_forest_fires_46279,simpleimputer,,fastica,power,PassiveAggressiveClassifier(random_state=0),3,0.9583333333333334,,No using Simple Imputer,,0.0013706684112548828,0.0001285076141357422
algerian_forest_fires_46279,simpleimputer,,fastica,power,PassiveAggressiveClassifier(random_state=0),4,0.9583333333333334,,No using Simple Imputer,,0.001279592514038086,0.00011754035949707031
algerian_forest_fires_46279,simpleimputer,,truncated_svd,power,PassiveAggressiveClassifier(random_state=0),0,0.8979591836734694,,No using Simple Imputer,,0.0011191368103027344,0.00011301040649414062
algerian_forest_fires_46279,simpleimputer,,truncated_svd,power,PassiveAggressiveClassifier(random_state=0),1,0.8979591836734694,,No using Simple Imputer,,0.0010955333709716797,0.00013685226440429688
algerian_forest_fires_46279,simpleimputer,,truncated_svd,power,PassiveAggressiveClassifier(random_state=0),2,0.8775510204081632,,No using Simple Imputer,,0.0010979175567626953,0.00011324882507324219
algerian_forest_fires_46279,simpleimputer,,truncated_svd,power,PassiveAggressiveClassifier(random_state=0),3,0.6041666666666666,,No using Simple Imputer,,0.0011930465698242188,0.0001227855682373047
algerian_forest_fires_46279,simpleimputer,,truncated_svd,power,PassiveAggressiveClassifier(random_state=0),4,0.9583333333333334,,No using Simple Imputer,,0.0013535022735595703,0.0001289844512939453
algerian_forest_fires_46279,simpleimputer,,select_percentile,power,PassiveAggressiveClassifier(random_state=0),0,0.9591836734693877,,No using Simple Imputer,,0.0010859966278076172,0.00011301040649414062
algerian_forest_fires_46279,simpleimputer,,select_percentile,power,PassiveAggressiveClassifier(random_state=0),1,0.9795918367346939,,No using Simple Imputer,,0.001180887222290039,0.00011658668518066406
algerian_forest_fires_46279,simpleimputer,,select_percentile,power,PassiveAggressiveClassifier(random_state=0),2,0.9387755102040817,,No using Simple Imputer,,0.0011031627655029297,0.00011420249938964844
algerian_forest_fires_46279,simpleimputer,,select_percentile,power,PassiveAggressiveClassifier(random_state=0),3,0.9583333333333334,,No using Simple Imputer,,0.0011434555053710938,0.00011944770812988281
algerian_forest_fires_46279,simpleimputer,,select_percentile,power,PassiveAggressiveClassifier(random_state=0),4,0.9791666666666666,,No using Simple Imputer,,0.0011358261108398438,0.00011205673217773438
algerian_forest_fires_46279,simpleimputer,,generic_univariate,power,PassiveAggressiveClassifier(random_state=0),0,0.8979591836734694,,No using Simple Imputer,,0.0010995864868164062,0.00011420249938964844
algerian_forest_fires_46279,simpleimputer,,generic_univariate,power,PassiveAggressiveClassifier(random_state=0),1,0.9387755102040817,,No using Simple Imputer,,0.0011889934539794922,0.00011491775512695312
algerian_forest_fires_46279,simpleimputer,,generic_univariate,power,PassiveAggressiveClassifier(random_state=0),2,0.9387755102040817,,No using Simple Imputer,,0.001085042953491211,0.00011348724365234375
algerian_forest_fires_46279,simpleimputer,,generic_univariate,power,PassiveAggressiveClassifier(random_state=0),3,0.9583333333333334,,No using Simple Imputer,,0.0010955333709716797,0.0001125335693359375
algerian_forest_fires_46279,simpleimputer,,generic_univariate,power,PassiveAggressiveClassifier(random_state=0),4,0.9583333333333334,,No using Simple Imputer,,0.0010862350463867188,0.00010919570922851562
algerian_forest_fires_46279,simpleimputer,,polynomial_features,power,PassiveAggressiveClassifier(random_state=0),0,0.9591836734693877,,No using Simple Imputer,,0.0019905567169189453,0.00012087821960449219
algerian_forest_fires_46279,simpleimputer,,polynomial_features,power,PassiveAggressiveClassifier(random_state=0),1,0.9387755102040817,,No using Simple Imputer,,0.002306222915649414,0.00013017654418945312
algerian_forest_fires_46279,simpleimputer,,polynomial_features,power,PassiveAggressiveClassifier(random_state=0),2,0.9795918367346939,,No using Simple Imputer,,0.0021212100982666016,0.00012230873107910156
algerian_forest_fires_46279,simpleimputer,,polynomial_features,power,PassiveAggressiveClassifier(random_state=0),3,0.9375,,No using Simple Imputer,,0.0018787384033203125,0.00012040138244628906
algerian_forest_fires_46279,simpleimputer,,polynomial_features,power,PassiveAggressiveClassifier(random_state=0),4,0.9375,,No using Simple Imputer,,0.001863718032836914,0.00012135505676269531
algerian_forest_fires_46279,simpleimputer,,nystroem,power,PassiveAggressiveClassifier(random_state=0),0,0.9795918367346939,,No using Simple Imputer,,0.002153635025024414,0.0001659393310546875
algerian_forest_fires_46279,simpleimputer,,nystroem,power,PassiveAggressiveClassifier(random_state=0),1,0.9591836734693877,,No using Simple Imputer,,0.0020406246185302734,0.0001575946807861328
algerian_forest_fires_46279,simpleimputer,,nystroem,power,PassiveAggressiveClassifier(random_state=0),2,0.9795918367346939,,No using Simple Imputer,,0.0023784637451171875,0.00015878677368164062
algerian_forest_fires_46279,simpleimputer,,nystroem,power,PassiveAggressiveClassifier(random_state=0),3,0.9791666666666666,,No using Simple Imputer,,0.0021452903747558594,0.00013828277587890625
algerian_forest_fires_46279,simpleimputer,,nystroem,power,PassiveAggressiveClassifier(random_state=0),4,0.9583333333333334,,No using Simple Imputer,,0.002780437469482422,0.0002257823944091797
algerian_forest_fires_46279,simpleimputer,,rbf_sampler,power,PassiveAggressiveClassifier(random_state=0),0,0.4897959183673469,,No using Simple Imputer,,0.004094839096069336,0.00014591217041015625
algerian_forest_fires_46279,simpleimputer,,rbf_sampler,power,PassiveAggressiveClassifier(random_state=0),1,0.6530612244897959,,No using Simple Imputer,,0.003655672073364258,0.00012612342834472656
algerian_forest_fires_46279,simpleimputer,,rbf_sampler,power,PassiveAggressiveClassifier(random_state=0),2,0.6530612244897959,,No using Simple Imputer,,0.002984762191772461,0.0001270771026611328
algerian_forest_fires_46279,simpleimputer,,rbf_sampler,power,PassiveAggressiveClassifier(random_state=0),3,0.6041666666666666,,No using Simple Imputer,,0.0029430389404296875,0.0001201629638671875
algerian_forest_fires_46279,simpleimputer,,rbf_sampler,power,PassiveAggressiveClassifier(random_state=0),4,0.6041666666666666,,No using Simple Imputer,,0.002155303955078125,0.0001220703125
algerian_forest_fires_46279,simpleimputer,,random_trees_embedding,power,PassiveAggressiveClassifier(random_state=0),0,1.0,,No using Simple Imputer,,0.0017800331115722656,0.00013327598571777344
algerian_forest_fires_46279,simpleimputer,,random_trees_embedding,power,PassiveAggressiveClassifier(random_state=0),1,0.9795918367346939,,No using Simple Imputer,,0.001706838607788086,0.0001327991485595703
algerian_forest_fires_46279,simpleimputer,,random_trees_embedding,power,PassiveAggressiveClassifier(random_state=0),2,0.9795918367346939,,No using Simple Imputer,,0.0017511844635009766,0.00013303756713867188
algerian_forest_fires_46279,simpleimputer,,random_trees_embedding,power,PassiveAggressiveClassifier(random_state=0),3,0.9583333333333334,,No using Simple Imputer,,0.0017428398132324219,0.00013518333435058594
algerian_forest_fires_46279,simpleimputer,,random_trees_embedding,power,PassiveAggressiveClassifier(random_state=0),4,0.9583333333333334,,No using Simple Imputer,,0.0017271041870117188,0.00013494491577148438
algerian_forest_fires_46279,simpleimputer,,feature_agglomeration,power,PassiveAggressiveClassifier(random_state=0),0,0.7959183673469388,,No using Simple Imputer,,0.0013554096221923828,0.00013256072998046875
algerian_forest_fires_46279,simpleimputer,,feature_agglomeration,power,PassiveAggressiveClassifier(random_state=0),1,0.9183673469387755,,No using Simple Imputer,,0.0011184215545654297,0.0001163482666015625
algerian_forest_fires_46279,simpleimputer,,feature_agglomeration,power,PassiveAggressiveClassifier(random_state=0),2,0.8775510204081632,,No using Simple Imputer,,0.001226186752319336,0.00011706352233886719
algerian_forest_fires_46279,simpleimputer,,feature_agglomeration,power,PassiveAggressiveClassifier(random_state=0),3,0.875,,No using Simple Imputer,,0.0010941028594970703,0.00011420249938964844
algerian_forest_fires_46279,simpleimputer,,feature_agglomeration,power,PassiveAggressiveClassifier(random_state=0),4,0.9375,,No using Simple Imputer,,0.0011501312255859375,0.00011849403381347656
algerian_forest_fires_46279,simpleimputer,,extra_tree,power,PassiveAggressiveClassifier(random_state=0),0,0.9795918367346939,,No using Simple Imputer,,0.0012297630310058594,0.00011944770812988281
algerian_forest_fires_46279,simpleimputer,,extra_tree,power,PassiveAggressiveClassifier(random_state=0),1,0.9795918367346939,,No using Simple Imputer,,0.0011703968048095703,0.0001404285430908203
algerian_forest_fires_46279,simpleimputer,,extra_tree,power,PassiveAggressiveClassifier(random_state=0),2,1.0,,No using Simple Imputer,,0.0011715888977050781,0.00011968612670898438
algerian_forest_fires_46279,simpleimputer,,extra_tree,power,PassiveAggressiveClassifier(random_state=0),3,0.9375,,No using Simple Imputer,,0.0012440681457519531,0.00011920928955078125
algerian_forest_fires_46279,simpleimputer,,extra_tree,power,PassiveAggressiveClassifier(random_state=0),4,0.9791666666666666,,No using Simple Imputer,,0.0012259483337402344,0.00011730194091796875
algerian_forest_fires_46279,simpleimputer,,linear_svc,power,PassiveAggressiveClassifier(random_state=0),0,1.0,,No using Simple Imputer,,0.0011734962463378906,0.00011682510375976562
algerian_forest_fires_46279,simpleimputer,,linear_svc,power,PassiveAggressiveClassifier(random_state=0),1,0.9795918367346939,,No using Simple Imputer,,0.0011413097381591797,0.00011801719665527344
algerian_forest_fires_46279,simpleimputer,,linear_svc,power,PassiveAggressiveClassifier(random_state=0),2,1.0,,No using Simple Imputer,,0.0010924339294433594,0.0001163482666015625
algerian_forest_fires_46279,simpleimputer,,linear_svc,power,PassiveAggressiveClassifier(random_state=0),3,1.0,,No using Simple Imputer,,0.0011696815490722656,0.0001163482666015625
algerian_forest_fires_46279,simpleimputer,,linear_svc,power,PassiveAggressiveClassifier(random_state=0),4,1.0,,No using Simple Imputer,,0.0012302398681640625,0.00011944770812988281
algerian_forest_fires_46279,simpleimputer,,kernel_pca,power,PassiveAggressiveClassifier(random_state=0),0,1.0,,No using Simple Imputer,,0.0016489028930664062,0.00014710426330566406
algerian_forest_fires_46279,simpleimputer,,kernel_pca,power,PassiveAggressiveClassifier(random_state=0),1,0.9795918367346939,,No using Simple Imputer,,0.0017161369323730469,0.00014257431030273438
algerian_forest_fires_46279,simpleimputer,,kernel_pca,power,PassiveAggressiveClassifier(random_state=0),2,0.9591836734693877,,No using Simple Imputer,,0.0016064643859863281,0.00014066696166992188
algerian_forest_fires_46279,simpleimputer,,kernel_pca,power,PassiveAggressiveClassifier(random_state=0),3,0.9791666666666666,,No using Simple Imputer,,0.0018956661224365234,0.00018787384033203125
algerian_forest_fires_46279,simpleimputer,,kernel_pca,power,PassiveAggressiveClassifier(random_state=0),4,0.9791666666666666,,No using Simple Imputer,,0.001901388168334961,0.0009865760803222656
algerian_forest_fires_46279,simpleimputer,,,quantile,PassiveAggressiveClassifier(random_state=0),0,0.9183673469387755,,No using Simple Imputer,,0.0015747547149658203,0.00014638900756835938
algerian_forest_fires_46279,simpleimputer,,,quantile,PassiveAggressiveClassifier(random_state=0),1,0.9591836734693877,,No using Simple Imputer,,0.0015866756439208984,0.0001704692840576172
algerian_forest_fires_46279,simpleimputer,,,quantile,PassiveAggressiveClassifier(random_state=0),2,0.9387755102040817,,No using Simple Imputer,,0.0015120506286621094,0.00012922286987304688
algerian_forest_fires_46279,simpleimputer,,,quantile,PassiveAggressiveClassifier(random_state=0),3,0.9583333333333334,,No using Simple Imputer,,0.0012118816375732422,0.00011754035949707031
algerian_forest_fires_46279,simpleimputer,,,quantile,PassiveAggressiveClassifier(random_state=0),4,0.9583333333333334,,No using Simple Imputer,,0.0012912750244140625,0.00012087821960449219
algerian_forest_fires_46279,simpleimputer,,pca,quantile,PassiveAggressiveClassifier(random_state=0),0,0.9795918367346939,,No using Simple Imputer,,0.0012192726135253906,0.00011849403381347656
algerian_forest_fires_46279,simpleimputer,,pca,quantile,PassiveAggressiveClassifier(random_state=0),1,0.9795918367346939,,No using Simple Imputer,,0.0015745162963867188,0.00012350082397460938
algerian_forest_fires_46279,simpleimputer,,pca,quantile,PassiveAggressiveClassifier(random_state=0),2,0.9795918367346939,,No using Simple Imputer,,0.0016658306121826172,0.00012564659118652344
algerian_forest_fires_46279,simpleimputer,,pca,quantile,PassiveAggressiveClassifier(random_state=0),3,0.9583333333333334,,No using Simple Imputer,,0.0014355182647705078,0.00013446807861328125
algerian_forest_fires_46279,simpleimputer,,pca,quantile,PassiveAggressiveClassifier(random_state=0),4,0.9583333333333334,,No using Simple Imputer,,0.0014159679412841797,0.00012612342834472656
algerian_forest_fires_46279,simpleimputer,,fastica,quantile,PassiveAggressiveClassifier(random_state=0),0,0.9591836734693877,,No using Simple Imputer,,0.0013918876647949219,0.00012254714965820312
algerian_forest_fires_46279,simpleimputer,,fastica,quantile,PassiveAggressiveClassifier(random_state=0),1,0.9795918367346939,,No using Simple Imputer,,0.0015540122985839844,0.00015282630920410156
algerian_forest_fires_46279,simpleimputer,,fastica,quantile,PassiveAggressiveClassifier(random_state=0),2,0.9591836734693877,,No using Simple Imputer,,0.0012264251708984375,0.00011730194091796875
algerian_forest_fires_46279,simpleimputer,,fastica,quantile,PassiveAggressiveClassifier(random_state=0),3,1.0,,No using Simple Imputer,,0.001264810562133789,0.00011873245239257812
algerian_forest_fires_46279,simpleimputer,,fastica,quantile,PassiveAggressiveClassifier(random_state=0),4,0.9166666666666666,,No using Simple Imputer,,0.001316070556640625,0.00011777877807617188
algerian_forest_fires_46279,simpleimputer,,truncated_svd,quantile,PassiveAggressiveClassifier(random_state=0),0,0.7551020408163265,,No using Simple Imputer,,0.0013082027435302734,0.00011610984802246094
algerian_forest_fires_46279,simpleimputer,,truncated_svd,quantile,PassiveAggressiveClassifier(random_state=0),1,0.8775510204081632,,No using Simple Imputer,,0.0012416839599609375,0.00012803077697753906
algerian_forest_fires_46279,simpleimputer,,truncated_svd,quantile,PassiveAggressiveClassifier(random_state=0),2,0.8979591836734694,,No using Simple Imputer,,0.0012748241424560547,0.00012087821960449219
algerian_forest_fires_46279,simpleimputer,,truncated_svd,quantile,PassiveAggressiveClassifier(random_state=0),3,0.9166666666666666,,No using Simple Imputer,,0.0013332366943359375,0.00020575523376464844
algerian_forest_fires_46279,simpleimputer,,truncated_svd,quantile,PassiveAggressiveClassifier(random_state=0),4,0.9583333333333334,,No using Simple Imputer,,0.0012290477752685547,0.00011801719665527344
algerian_forest_fires_46279,simpleimputer,,select_percentile,quantile,PassiveAggressiveClassifier(random_state=0),0,0.9387755102040817,,No using Simple Imputer,,0.0013756752014160156,0.00013780593872070312
algerian_forest_fires_46279,simpleimputer,,select_percentile,quantile,PassiveAggressiveClassifier(random_state=0),1,0.9795918367346939,,No using Simple Imputer,,0.0012674331665039062,0.00011849403381347656
algerian_forest_fires_46279,simpleimputer,,select_percentile,quantile,PassiveAggressiveClassifier(random_state=0),2,0.9795918367346939,,No using Simple Imputer,,0.0011708736419677734,0.00011682510375976562
algerian_forest_fires_46279,simpleimputer,,select_percentile,quantile,PassiveAggressiveClassifier(random_state=0),3,1.0,,No using Simple Imputer,,0.0011889934539794922,0.00011491775512695312
algerian_forest_fires_46279,simpleimputer,,select_percentile,quantile,PassiveAggressiveClassifier(random_state=0),4,1.0,,No using Simple Imputer,,0.001157522201538086,0.0001671314239501953
algerian_forest_fires_46279,simpleimputer,,generic_univariate,quantile,PassiveAggressiveClassifier(random_state=0),0,0.9183673469387755,,No using Simple Imputer,,0.0011715888977050781,0.0001125335693359375
algerian_forest_fires_46279,simpleimputer,,generic_univariate,quantile,PassiveAggressiveClassifier(random_state=0),1,0.9795918367346939,,No using Simple Imputer,,0.0011997222900390625,0.00011372566223144531
algerian_forest_fires_46279,simpleimputer,,generic_univariate,quantile,PassiveAggressiveClassifier(random_state=0),2,0.9591836734693877,,No using Simple Imputer,,0.0011124610900878906,0.00011110305786132812
algerian_forest_fires_46279,simpleimputer,,generic_univariate,quantile,PassiveAggressiveClassifier(random_state=0),3,0.9583333333333334,,No using Simple Imputer,,0.0011191368103027344,0.000110626220703125
algerian_forest_fires_46279,simpleimputer,,generic_univariate,quantile,PassiveAggressiveClassifier(random_state=0),4,1.0,,No using Simple Imputer,,0.001155853271484375,0.00010991096496582031
algerian_forest_fires_46279,simpleimputer,,polynomial_features,quantile,PassiveAggressiveClassifier(random_state=0),0,0.9795918367346939,,No using Simple Imputer,,0.0017981529235839844,0.00012040138244628906
algerian_forest_fires_46279,simpleimputer,,polynomial_features,quantile,PassiveAggressiveClassifier(random_state=0),1,0.9591836734693877,,No using Simple Imputer,,0.002126455307006836,0.00014328956604003906
algerian_forest_fires_46279,simpleimputer,,polynomial_features,quantile,PassiveAggressiveClassifier(random_state=0),2,0.9591836734693877,,No using Simple Imputer,,0.0020401477813720703,0.00014328956604003906
algerian_forest_fires_46279,simpleimputer,,polynomial_features,quantile,PassiveAggressiveClassifier(random_state=0),3,0.9583333333333334,,No using Simple Imputer,,0.001764535903930664,0.0001227855682373047
algerian_forest_fires_46279,simpleimputer,,polynomial_features,quantile,PassiveAggressiveClassifier(random_state=0),4,0.9375,,No using Simple Imputer,,0.0022161006927490234,0.00012135505676269531
algerian_forest_fires_46279,simpleimputer,,nystroem,quantile,PassiveAggressiveClassifier(random_state=0),0,0.9591836734693877,,No using Simple Imputer,,0.003373384475708008,0.00014662742614746094
algerian_forest_fires_46279,simpleimputer,,nystroem,quantile,PassiveAggressiveClassifier(random_state=0),1,0.9795918367346939,,No using Simple Imputer,,0.002564668655395508,0.000148773193359375
algerian_forest_fires_46279,simpleimputer,,nystroem,quantile,PassiveAggressiveClassifier(random_state=0),2,0.8979591836734694,,No using Simple Imputer,,0.0021665096282958984,0.00020837783813476562
algerian_forest_fires_46279,simpleimputer,,nystroem,quantile,PassiveAggressiveClassifier(random_state=0),3,0.9583333333333334,,No using Simple Imputer,,0.002245664596557617,0.00014162063598632812
algerian_forest_fires_46279,simpleimputer,,nystroem,quantile,PassiveAggressiveClassifier(random_state=0),4,0.9791666666666666,,No using Simple Imputer,,0.0022001266479492188,0.00013899803161621094
algerian_forest_fires_46279,simpleimputer,,rbf_sampler,quantile,PassiveAggressiveClassifier(random_state=0),0,0.9591836734693877,,No using Simple Imputer,,0.0025124549865722656,0.00022792816162109375
algerian_forest_fires_46279,simpleimputer,,rbf_sampler,quantile,PassiveAggressiveClassifier(random_state=0),1,0.9591836734693877,,No using Simple Imputer,,0.002432584762573242,0.00016069412231445312
algerian_forest_fires_46279,simpleimputer,,rbf_sampler,quantile,PassiveAggressiveClassifier(random_state=0),2,0.9387755102040817,,No using Simple Imputer,,0.002254486083984375,0.00014162063598632812
algerian_forest_fires_46279,simpleimputer,,rbf_sampler,quantile,PassiveAggressiveClassifier(random_state=0),3,0.9583333333333334,,No using Simple Imputer,,0.0018284320831298828,0.00012826919555664062
algerian_forest_fires_46279,simpleimputer,,rbf_sampler,quantile,PassiveAggressiveClassifier(random_state=0),4,0.8958333333333334,,No using Simple Imputer,,0.0020554065704345703,0.00012636184692382812
algerian_forest_fires_46279,simpleimputer,,random_trees_embedding,quantile,PassiveAggressiveClassifier(random_state=0),0,0.9795918367346939,,No using Simple Imputer,,0.0017490386962890625,0.00013756752014160156
algerian_forest_fires_46279,simpleimputer,,random_trees_embedding,quantile,PassiveAggressiveClassifier(random_state=0),1,1.0,,No using Simple Imputer,,0.0016527175903320312,0.00013303756713867188
algerian_forest_fires_46279,simpleimputer,,random_trees_embedding,quantile,PassiveAggressiveClassifier(random_state=0),2,0.9795918367346939,,No using Simple Imputer,,0.002443552017211914,0.00017189979553222656
algerian_forest_fires_46279,simpleimputer,,random_trees_embedding,quantile,PassiveAggressiveClassifier(random_state=0),3,0.9375,,No using Simple Imputer,,0.0016865730285644531,0.00013446807861328125
algerian_forest_fires_46279,simpleimputer,,random_trees_embedding,quantile,PassiveAggressiveClassifier(random_state=0),4,0.9791666666666666,,No using Simple Imputer,,0.0019047260284423828,0.00014710426330566406
algerian_forest_fires_46279,simpleimputer,,feature_agglomeration,quantile,PassiveAggressiveClassifier(random_state=0),0,0.8571428571428571,,No using Simple Imputer,,0.0012056827545166016,0.0001423358917236328
algerian_forest_fires_46279,simpleimputer,,feature_agglomeration,quantile,PassiveAggressiveClassifier(random_state=0),1,0.8979591836734694,,No using Simple Imputer,,0.0012123584747314453,0.00011801719665527344
algerian_forest_fires_46279,simpleimputer,,feature_agglomeration,quantile,PassiveAggressiveClassifier(random_state=0),2,0.8775510204081632,,No using Simple Imputer,,0.0011110305786132812,0.00011610984802246094
algerian_forest_fires_46279,simpleimputer,,feature_agglomeration,quantile,PassiveAggressiveClassifier(random_state=0),3,0.9375,,No using Simple Imputer,,0.0010979175567626953,0.00012350082397460938
algerian_forest_fires_46279,simpleimputer,,feature_agglomeration,quantile,PassiveAggressiveClassifier(random_state=0),4,0.9583333333333334,,No using Simple Imputer,,0.0011320114135742188,0.00012111663818359375
algerian_forest_fires_46279,simpleimputer,,extra_tree,quantile,PassiveAggressiveClassifier(random_state=0),0,0.9183673469387755,,No using Simple Imputer,,0.0011720657348632812,0.00013828277587890625
algerian_forest_fires_46279,simpleimputer,,extra_tree,quantile,PassiveAggressiveClassifier(random_state=0),1,0.9795918367346939,,No using Simple Imputer,,0.001207113265991211,0.0001220703125
algerian_forest_fires_46279,simpleimputer,,extra_tree,quantile,PassiveAggressiveClassifier(random_state=0),2,0.9591836734693877,,No using Simple Imputer,,0.0012700557708740234,0.00011754035949707031
algerian_forest_fires_46279,simpleimputer,,extra_tree,quantile,PassiveAggressiveClassifier(random_state=0),3,0.9791666666666666,,No using Simple Imputer,,0.0012290477752685547,0.00011849403381347656
algerian_forest_fires_46279,simpleimputer,,extra_tree,quantile,PassiveAggressiveClassifier(random_state=0),4,0.9791666666666666,,No using Simple Imputer,,0.001567840576171875,0.00015354156494140625
algerian_forest_fires_46279,simpleimputer,,linear_svc,quantile,PassiveAggressiveClassifier(random_state=0),0,0.9591836734693877,,No using Simple Imputer,,0.0013303756713867188,0.0002231597900390625
algerian_forest_fires_46279,simpleimputer,,linear_svc,quantile,PassiveAggressiveClassifier(random_state=0),1,0.9795918367346939,,No using Simple Imputer,,0.0013828277587890625,0.00012946128845214844
algerian_forest_fires_46279,simpleimputer,,linear_svc,quantile,PassiveAggressiveClassifier(random_state=0),2,0.9795918367346939,,No using Simple Imputer,,0.0014727115631103516,0.00012159347534179688
algerian_forest_fires_46279,simpleimputer,,linear_svc,quantile,PassiveAggressiveClassifier(random_state=0),3,0.9583333333333334,,No using Simple Imputer,,0.0018227100372314453,0.0002346038818359375
algerian_forest_fires_46279,simpleimputer,,linear_svc,quantile,PassiveAggressiveClassifier(random_state=0),4,0.9791666666666666,,No using Simple Imputer,,0.0011839866638183594,0.00011682510375976562
algerian_forest_fires_46279,simpleimputer,,kernel_pca,quantile,PassiveAggressiveClassifier(random_state=0),0,0.9795918367346939,,No using Simple Imputer,,0.0017786026000976562,0.0001971721649169922
algerian_forest_fires_46279,simpleimputer,,kernel_pca,quantile,PassiveAggressiveClassifier(random_state=0),1,0.9795918367346939,,No using Simple Imputer,,0.0019283294677734375,0.00018286705017089844
algerian_forest_fires_46279,simpleimputer,,kernel_pca,quantile,PassiveAggressiveClassifier(random_state=0),2,0.9795918367346939,,No using Simple Imputer,,0.0020134449005126953,0.00013875961303710938
algerian_forest_fires_46279,simpleimputer,,kernel_pca,quantile,PassiveAggressiveClassifier(random_state=0),3,0.9583333333333334,,No using Simple Imputer,,0.0017452239990234375,0.0001671314239501953
algerian_forest_fires_46279,simpleimputer,,kernel_pca,quantile,PassiveAggressiveClassifier(random_state=0),4,0.9583333333333334,,No using Simple Imputer,,0.001535177230834961,0.00013899803161621094
algerian_forest_fires_46279,simpleimputer,onehot,,,PassiveAggressiveClassifier(random_state=0),0,0.673469387755102,,No using Simple Imputer,No using One Hot,0.002689838409423828,0.0010645389556884766
algerian_forest_fires_46279,simpleimputer,onehot,,,PassiveAggressiveClassifier(random_state=0),1,0.6326530612244898,,No using Simple Imputer,No using One Hot,0.002327442169189453,0.0009109973907470703
algerian_forest_fires_46279,simpleimputer,onehot,,,PassiveAggressiveClassifier(random_state=0),2,0.6530612244897959,,No using Simple Imputer,No using One Hot,0.002056598663330078,0.0008323192596435547
algerian_forest_fires_46279,simpleimputer,onehot,,,PassiveAggressiveClassifier(random_state=0),3,0.625,,No using Simple Imputer,No using One Hot,0.002296924591064453,0.0008451938629150391
algerian_forest_fires_46279,simpleimputer,onehot,,,PassiveAggressiveClassifier(random_state=0),4,0.8958333333333334,,No using Simple Imputer,No using One Hot,0.002264738082885742,0.0008442401885986328
algerian_forest_fires_46279,simpleimputer,onehot,pca,,PassiveAggressiveClassifier(random_state=0),0,0.9795918367346939,,No using Simple Imputer,No using One Hot,0.0012121200561523438,0.00011777877807617188
algerian_forest_fires_46279,simpleimputer,onehot,pca,,PassiveAggressiveClassifier(random_state=0),1,0.9795918367346939,,No using Simple Imputer,No using One Hot,0.0012450218200683594,0.00011682510375976562
algerian_forest_fires_46279,simpleimputer,onehot,pca,,PassiveAggressiveClassifier(random_state=0),2,0.9795918367346939,,No using Simple Imputer,No using One Hot,0.0012142658233642578,0.00011777877807617188
algerian_forest_fires_46279,simpleimputer,onehot,pca,,PassiveAggressiveClassifier(random_state=0),3,0.9791666666666666,,No using Simple Imputer,No using One Hot,0.0012660026550292969,0.00011849403381347656
algerian_forest_fires_46279,simpleimputer,onehot,pca,,PassiveAggressiveClassifier(random_state=0),4,0.9583333333333334,,No using Simple Imputer,No using One Hot,0.001260519027709961,0.00011754035949707031
algerian_forest_fires_46279,simpleimputer,onehot,fastica,,PassiveAggressiveClassifier(random_state=0),0,0.7959183673469388,,No using Simple Imputer,No using One Hot,0.0014524459838867188,0.0001418590545654297
algerian_forest_fires_46279,simpleimputer,onehot,fastica,,PassiveAggressiveClassifier(random_state=0),1,0.9183673469387755,,No using Simple Imputer,No using One Hot,0.0012922286987304688,0.00011801719665527344
algerian_forest_fires_46279,simpleimputer,onehot,fastica,,PassiveAggressiveClassifier(random_state=0),2,0.9795918367346939,,No using Simple Imputer,No using One Hot,0.0011467933654785156,0.00011563301086425781
algerian_forest_fires_46279,simpleimputer,onehot,fastica,,PassiveAggressiveClassifier(random_state=0),3,0.9583333333333334,,No using Simple Imputer,No using One Hot,0.001237630844116211,0.0001163482666015625
algerian_forest_fires_46279,simpleimputer,onehot,fastica,,PassiveAggressiveClassifier(random_state=0),4,0.9583333333333334,,No using Simple Imputer,No using One Hot,0.0011866092681884766,0.00011730194091796875
algerian_forest_fires_46279,simpleimputer,onehot,truncated_svd,,PassiveAggressiveClassifier(random_state=0),0,0.6122448979591837,,No using Simple Imputer,No using One Hot,0.0011072158813476562,0.00011444091796875
algerian_forest_fires_46279,simpleimputer,onehot,truncated_svd,,PassiveAggressiveClassifier(random_state=0),1,0.5306122448979592,,No using Simple Imputer,No using One Hot,0.0011408329010009766,0.00011658668518066406
algerian_forest_fires_46279,simpleimputer,onehot,truncated_svd,,PassiveAggressiveClassifier(random_state=0),2,0.46938775510204084,,No using Simple Imputer,No using One Hot,0.0011730194091796875,0.00011754035949707031
algerian_forest_fires_46279,simpleimputer,onehot,truncated_svd,,PassiveAggressiveClassifier(random_state=0),3,0.6041666666666666,,No using Simple Imputer,No using One Hot,0.0011341571807861328,0.0001361370086669922
algerian_forest_fires_46279,simpleimputer,onehot,truncated_svd,,PassiveAggressiveClassifier(random_state=0),4,0.625,,No using Simple Imputer,No using One Hot,0.0011534690856933594,0.00011658668518066406
algerian_forest_fires_46279,simpleimputer,onehot,select_percentile,,PassiveAggressiveClassifier(random_state=0),0,0.8979591836734694,,No using Simple Imputer,No using One Hot,0.0012423992156982422,0.00011777877807617188
algerian_forest_fires_46279,simpleimputer,onehot,select_percentile,,PassiveAggressiveClassifier(random_state=0),1,0.9795918367346939,,No using Simple Imputer,No using One Hot,0.0013284683227539062,0.00011420249938964844
algerian_forest_fires_46279,simpleimputer,onehot,select_percentile,,PassiveAggressiveClassifier(random_state=0),2,0.8571428571428571,,No using Simple Imputer,No using One Hot,0.0013740062713623047,0.00012731552124023438
algerian_forest_fires_46279,simpleimputer,onehot,select_percentile,,PassiveAggressiveClassifier(random_state=0),3,0.9375,,No using Simple Imputer,No using One Hot,0.001468658447265625,0.00012803077697753906
algerian_forest_fires_46279,simpleimputer,onehot,select_percentile,,PassiveAggressiveClassifier(random_state=0),4,0.9166666666666666,,No using Simple Imputer,No using One Hot,0.0012569427490234375,0.00011491775512695312
algerian_forest_fires_46279,simpleimputer,onehot,generic_univariate,,PassiveAggressiveClassifier(random_state=0),0,0.5510204081632653,,No using Simple Imputer,No using One Hot,0.0010619163513183594,0.00011086463928222656
algerian_forest_fires_46279,simpleimputer,onehot,generic_univariate,,PassiveAggressiveClassifier(random_state=0),1,0.4489795918367347,,No using Simple Imputer,No using One Hot,0.0010995864868164062,0.00011706352233886719
algerian_forest_fires_46279,simpleimputer,onehot,generic_univariate,,PassiveAggressiveClassifier(random_state=0),2,0.42857142857142855,,No using Simple Imputer,No using One Hot,0.0011355876922607422,0.00011348724365234375
algerian_forest_fires_46279,simpleimputer,onehot,generic_univariate,,PassiveAggressiveClassifier(random_state=0),3,0.6041666666666666,,No using Simple Imputer,No using One Hot,0.001115560531616211,0.00011849403381347656
algerian_forest_fires_46279,simpleimputer,onehot,generic_univariate,,PassiveAggressiveClassifier(random_state=0),4,0.4583333333333333,,No using Simple Imputer,No using One Hot,0.001119375228881836,0.0001544952392578125
algerian_forest_fires_46279,simpleimputer,onehot,polynomial_features,,PassiveAggressiveClassifier(random_state=0),0,0.673469387755102,,No using Simple Imputer,No using One Hot,0.0015273094177246094,0.000118255615234375
algerian_forest_fires_46279,simpleimputer,onehot,polynomial_features,,PassiveAggressiveClassifier(random_state=0),1,0.6326530612244898,,No using Simple Imputer,No using One Hot,0.0020401477813720703,0.00012135505676269531
algerian_forest_fires_46279,simpleimputer,onehot,polynomial_features,,PassiveAggressiveClassifier(random_state=0),2,0.6530612244897959,,No using Simple Imputer,No using One Hot,0.0020842552185058594,0.00012111663818359375
algerian_forest_fires_46279,simpleimputer,onehot,polynomial_features,,PassiveAggressiveClassifier(random_state=0),3,0.625,,No using Simple Imputer,No using One Hot,0.002687692642211914,0.00012230873107910156
algerian_forest_fires_46279,simpleimputer,onehot,polynomial_features,,PassiveAggressiveClassifier(random_state=0),4,0.8958333333333334,,No using Simple Imputer,No using One Hot,0.002310037612915039,0.00012159347534179688
algerian_forest_fires_46279,simpleimputer,onehot,nystroem,,PassiveAggressiveClassifier(random_state=0),0,0.5510204081632653,,No using Simple Imputer,No using One Hot,0.0021505355834960938,0.00013875961303710938
algerian_forest_fires_46279,simpleimputer,onehot,nystroem,,PassiveAggressiveClassifier(random_state=0),1,0.4489795918367347,,No using Simple Imputer,No using One Hot,0.0058057308197021484,0.00019621849060058594
algerian_forest_fires_46279,simpleimputer,onehot,nystroem,,PassiveAggressiveClassifier(random_state=0),2,0.5714285714285714,,No using Simple Imputer,No using One Hot,0.002289295196533203,0.00014066696166992188
algerian_forest_fires_46279,simpleimputer,onehot,nystroem,,PassiveAggressiveClassifier(random_state=0),3,0.6041666666666666,,No using Simple Imputer,No using One Hot,0.0024466514587402344,0.00016045570373535156
algerian_forest_fires_46279,simpleimputer,onehot,nystroem,,PassiveAggressiveClassifier(random_state=0),4,0.5416666666666666,,No using Simple Imputer,No using One Hot,0.0019752979278564453,0.00017976760864257812
algerian_forest_fires_46279,simpleimputer,onehot,rbf_sampler,,PassiveAggressiveClassifier(random_state=0),0,0.6122448979591837,,No using Simple Imputer,No using One Hot,0.004307985305786133,0.00021004676818847656
algerian_forest_fires_46279,simpleimputer,onehot,rbf_sampler,,PassiveAggressiveClassifier(random_state=0),1,0.5510204081632653,,No using Simple Imputer,No using One Hot,0.002897500991821289,0.00014543533325195312
algerian_forest_fires_46279,simpleimputer,onehot,rbf_sampler,,PassiveAggressiveClassifier(random_state=0),2,0.5306122448979592,,No using Simple Imputer,No using One Hot,0.0030975341796875,0.0001418590545654297
algerian_forest_fires_46279,simpleimputer,onehot,rbf_sampler,,PassiveAggressiveClassifier(random_state=0),3,0.4791666666666667,,No using Simple Imputer,No using One Hot,0.0023107528686523438,0.00015020370483398438
algerian_forest_fires_46279,simpleimputer,onehot,rbf_sampler,,PassiveAggressiveClassifier(random_state=0),4,0.5208333333333334,,No using Simple Imputer,No using One Hot,0.002528667449951172,0.00012755393981933594
algerian_forest_fires_46279,simpleimputer,onehot,random_trees_embedding,,PassiveAggressiveClassifier(random_state=0),0,0.9591836734693877,,No using Simple Imputer,No using One Hot,0.001834869384765625,0.00016617774963378906
algerian_forest_fires_46279,simpleimputer,onehot,random_trees_embedding,,PassiveAggressiveClassifier(random_state=0),1,0.9591836734693877,,No using Simple Imputer,No using One Hot,0.0018565654754638672,0.0001354217529296875
algerian_forest_fires_46279,simpleimputer,onehot,random_trees_embedding,,PassiveAggressiveClassifier(random_state=0),2,0.9591836734693877,,No using Simple Imputer,No using One Hot,0.0017936229705810547,0.00015592575073242188
algerian_forest_fires_46279,simpleimputer,onehot,random_trees_embedding,,PassiveAggressiveClassifier(random_state=0),3,0.9791666666666666,,No using Simple Imputer,No using One Hot,0.0018832683563232422,0.00015664100646972656
algerian_forest_fires_46279,simpleimputer,onehot,random_trees_embedding,,PassiveAggressiveClassifier(random_state=0),4,0.9375,,No using Simple Imputer,No using One Hot,0.0017414093017578125,0.00013589859008789062
algerian_forest_fires_46279,simpleimputer,onehot,feature_agglomeration,,PassiveAggressiveClassifier(random_state=0),0,0.5510204081632653,,No using Simple Imputer,No using One Hot,0.0011341571807861328,0.00011754035949707031
algerian_forest_fires_46279,simpleimputer,onehot,feature_agglomeration,,PassiveAggressiveClassifier(random_state=0),1,0.4489795918367347,,No using Simple Imputer,No using One Hot,0.0011734962463378906,0.000118255615234375
algerian_forest_fires_46279,simpleimputer,onehot,feature_agglomeration,,PassiveAggressiveClassifier(random_state=0),2,0.42857142857142855,,No using Simple Imputer,No using One Hot,0.0012881755828857422,0.00011873245239257812
algerian_forest_fires_46279,simpleimputer,onehot,feature_agglomeration,,PassiveAggressiveClassifier(random_state=0),3,0.6041666666666666,,No using Simple Imputer,No using One Hot,0.0011267662048339844,0.00011563301086425781
algerian_forest_fires_46279,simpleimputer,onehot,feature_agglomeration,,PassiveAggressiveClassifier(random_state=0),4,0.4583333333333333,,No using Simple Imputer,No using One Hot,0.0011377334594726562,0.00016617774963378906
algerian_forest_fires_46279,simpleimputer,onehot,extra_tree,,PassiveAggressiveClassifier(random_state=0),0,0.8979591836734694,,No using Simple Imputer,No using One Hot,0.0013697147369384766,0.00012135505676269531
algerian_forest_fires_46279,simpleimputer,onehot,extra_tree,,PassiveAggressiveClassifier(random_state=0),1,0.9387755102040817,,No using Simple Imputer,No using One Hot,0.0013384819030761719,0.00011944770812988281
algerian_forest_fires_46279,simpleimputer,onehot,extra_tree,,PassiveAggressiveClassifier(random_state=0),2,0.8571428571428571,,No using Simple Imputer,No using One Hot,0.0014023780822753906,0.00011777877807617188
algerian_forest_fires_46279,simpleimputer,onehot,extra_tree,,PassiveAggressiveClassifier(random_state=0),3,0.9583333333333334,,No using Simple Imputer,No using One Hot,0.0017635822296142578,0.0001404285430908203
algerian_forest_fires_46279,simpleimputer,onehot,extra_tree,,PassiveAggressiveClassifier(random_state=0),4,0.9583333333333334,,No using Simple Imputer,No using One Hot,0.0013434886932373047,0.0001201629638671875
algerian_forest_fires_46279,simpleimputer,onehot,linear_svc,,PassiveAggressiveClassifier(random_state=0),0,0.8775510204081632,,No using Simple Imputer,No using One Hot,0.0014002323150634766,0.00011897087097167969
algerian_forest_fires_46279,simpleimputer,onehot,linear_svc,,PassiveAggressiveClassifier(random_state=0),1,0.9387755102040817,,No using Simple Imputer,No using One Hot,0.001268148422241211,0.00012564659118652344
algerian_forest_fires_46279,simpleimputer,onehot,linear_svc,,PassiveAggressiveClassifier(random_state=0),2,0.9387755102040817,,No using Simple Imputer,No using One Hot,0.0012159347534179688,0.00011563301086425781
algerian_forest_fires_46279,simpleimputer,onehot,linear_svc,,PassiveAggressiveClassifier(random_state=0),3,0.9375,,No using Simple Imputer,No using One Hot,0.0013124942779541016,0.0001125335693359375
algerian_forest_fires_46279,simpleimputer,onehot,linear_svc,,PassiveAggressiveClassifier(random_state=0),4,0.8541666666666666,,No using Simple Imputer,No using One Hot,0.0011813640594482422,0.00011706352233886719
algerian_forest_fires_46279,simpleimputer,onehot,kernel_pca,,PassiveAggressiveClassifier(random_state=0),0,0.9795918367346939,,No using Simple Imputer,No using One Hot,0.001596689224243164,0.00015497207641601562
algerian_forest_fires_46279,simpleimputer,onehot,kernel_pca,,PassiveAggressiveClassifier(random_state=0),1,0.9795918367346939,,No using Simple Imputer,No using One Hot,0.0016515254974365234,0.0001430511474609375
algerian_forest_fires_46279,simpleimputer,onehot,kernel_pca,,PassiveAggressiveClassifier(random_state=0),2,0.9795918367346939,,No using Simple Imputer,No using One Hot,0.001561880111694336,0.00013875961303710938
algerian_forest_fires_46279,simpleimputer,onehot,kernel_pca,,PassiveAggressiveClassifier(random_state=0),3,0.9791666666666666,,No using Simple Imputer,No using One Hot,0.0016338825225830078,0.00014281272888183594
algerian_forest_fires_46279,simpleimputer,onehot,kernel_pca,,PassiveAggressiveClassifier(random_state=0),4,0.9583333333333334,,No using Simple Imputer,No using One Hot,0.0017690658569335938,0.00013875961303710938
algerian_forest_fires_46279,simpleimputer,onehot,,standard,PassiveAggressiveClassifier(random_state=0),0,0.9591836734693877,,No using Simple Imputer,No using One Hot,0.0016908645629882812,0.0001373291015625
algerian_forest_fires_46279,simpleimputer,onehot,,standard,PassiveAggressiveClassifier(random_state=0),1,0.9795918367346939,,No using Simple Imputer,No using One Hot,0.0017611980438232422,0.00014662742614746094
algerian_forest_fires_46279,simpleimputer,onehot,,standard,PassiveAggressiveClassifier(random_state=0),2,1.0,,No using Simple Imputer,No using One Hot,0.0016620159149169922,0.0001780986785888672
algerian_forest_fires_46279,simpleimputer,onehot,,standard,PassiveAggressiveClassifier(random_state=0),3,0.9583333333333334,,No using Simple Imputer,No using One Hot,0.0014421939849853516,0.0001308917999267578
algerian_forest_fires_46279,simpleimputer,onehot,,standard,PassiveAggressiveClassifier(random_state=0),4,0.9583333333333334,,No using Simple Imputer,No using One Hot,0.0014522075653076172,0.00015044212341308594
algerian_forest_fires_46279,simpleimputer,onehot,pca,standard,PassiveAggressiveClassifier(random_state=0),0,0.9591836734693877,,No using Simple Imputer,No using One Hot,0.001313924789428711,0.0001246929168701172
algerian_forest_fires_46279,simpleimputer,onehot,pca,standard,PassiveAggressiveClassifier(random_state=0),1,0.9795918367346939,,No using Simple Imputer,No using One Hot,0.0012462139129638672,0.00011467933654785156
algerian_forest_fires_46279,simpleimputer,onehot,pca,standard,PassiveAggressiveClassifier(random_state=0),2,1.0,,No using Simple Imputer,No using One Hot,0.0013544559478759766,0.00012421607971191406
algerian_forest_fires_46279,simpleimputer,onehot,pca,standard,PassiveAggressiveClassifier(random_state=0),3,0.9583333333333334,,No using Simple Imputer,No using One Hot,0.0012180805206298828,0.00011754035949707031
algerian_forest_fires_46279,simpleimputer,onehot,pca,standard,PassiveAggressiveClassifier(random_state=0),4,0.9583333333333334,,No using Simple Imputer,No using One Hot,0.0013234615325927734,0.00011706352233886719
algerian_forest_fires_46279,simpleimputer,onehot,fastica,standard,PassiveAggressiveClassifier(random_state=0),0,0.7959183673469388,,No using Simple Imputer,No using One Hot,0.0013613700866699219,0.00012063980102539062
algerian_forest_fires_46279,simpleimputer,onehot,fastica,standard,PassiveAggressiveClassifier(random_state=0),1,0.4489795918367347,,No using Simple Imputer,No using One Hot,0.0011661052703857422,0.0001220703125
algerian_forest_fires_46279,simpleimputer,onehot,fastica,standard,PassiveAggressiveClassifier(random_state=0),2,0.9795918367346939,,No using Simple Imputer,No using One Hot,0.0012257099151611328,0.0001392364501953125
algerian_forest_fires_46279,simpleimputer,onehot,fastica,standard,PassiveAggressiveClassifier(random_state=0),3,0.9583333333333334,,No using Simple Imputer,No using One Hot,0.0012249946594238281,0.00011754035949707031
algerian_forest_fires_46279,simpleimputer,onehot,fastica,standard,PassiveAggressiveClassifier(random_state=0),4,0.9375,,No using Simple Imputer,No using One Hot,0.001271963119506836,0.00011849403381347656
algerian_forest_fires_46279,simpleimputer,onehot,truncated_svd,standard,PassiveAggressiveClassifier(random_state=0),0,0.7959183673469388,,No using Simple Imputer,No using One Hot,0.0011093616485595703,0.00011539459228515625
algerian_forest_fires_46279,simpleimputer,onehot,truncated_svd,standard,PassiveAggressiveClassifier(random_state=0),1,0.8367346938775511,,No using Simple Imputer,No using One Hot,0.0011126995086669922,0.00011515617370605469
algerian_forest_fires_46279,simpleimputer,onehot,truncated_svd,standard,PassiveAggressiveClassifier(random_state=0),2,0.8163265306122449,,No using Simple Imputer,No using One Hot,0.0012066364288330078,0.00011920928955078125
algerian_forest_fires_46279,simpleimputer,onehot,truncated_svd,standard,PassiveAggressiveClassifier(random_state=0),3,0.9166666666666666,,No using Simple Imputer,No using One Hot,0.0011124610900878906,0.00011396408081054688
algerian_forest_fires_46279,simpleimputer,onehot,truncated_svd,standard,PassiveAggressiveClassifier(random_state=0),4,0.5416666666666666,,No using Simple Imputer,No using One Hot,0.0011887550354003906,0.00011348724365234375
algerian_forest_fires_46279,simpleimputer,onehot,select_percentile,standard,PassiveAggressiveClassifier(random_state=0),0,0.9387755102040817,,No using Simple Imputer,No using One Hot,0.0011110305786132812,0.0001800060272216797
algerian_forest_fires_46279,simpleimputer,onehot,select_percentile,standard,PassiveAggressiveClassifier(random_state=0),1,0.9795918367346939,,No using Simple Imputer,No using One Hot,0.001245737075805664,0.0001163482666015625
algerian_forest_fires_46279,simpleimputer,onehot,select_percentile,standard,PassiveAggressiveClassifier(random_state=0),2,0.9795918367346939,,No using Simple Imputer,No using One Hot,0.0012073516845703125,0.00012302398681640625
algerian_forest_fires_46279,simpleimputer,onehot,select_percentile,standard,PassiveAggressiveClassifier(random_state=0),3,1.0,,No using Simple Imputer,No using One Hot,0.0012159347534179688,0.00012731552124023438
algerian_forest_fires_46279,simpleimputer,onehot,select_percentile,standard,PassiveAggressiveClassifier(random_state=0),4,0.9583333333333334,,No using Simple Imputer,No using One Hot,0.0012242794036865234,0.00012564659118652344
algerian_forest_fires_46279,simpleimputer,onehot,generic_univariate,standard,PassiveAggressiveClassifier(random_state=0),0,0.9387755102040817,,No using Simple Imputer,No using One Hot,0.0010936260223388672,0.00011301040649414062
algerian_forest_fires_46279,simpleimputer,onehot,generic_univariate,standard,PassiveAggressiveClassifier(random_state=0),1,0.9591836734693877,,No using Simple Imputer,No using One Hot,0.00107574462890625,0.000110626220703125
algerian_forest_fires_46279,simpleimputer,onehot,generic_univariate,standard,PassiveAggressiveClassifier(random_state=0),2,0.9591836734693877,,No using Simple Imputer,No using One Hot,0.0010662078857421875,0.00011301040649414062
algerian_forest_fires_46279,simpleimputer,onehot,generic_univariate,standard,PassiveAggressiveClassifier(random_state=0),3,0.9791666666666666,,No using Simple Imputer,No using One Hot,0.0011234283447265625,0.00011229515075683594
algerian_forest_fires_46279,simpleimputer,onehot,generic_univariate,standard,PassiveAggressiveClassifier(random_state=0),4,0.9583333333333334,,No using Simple Imputer,No using One Hot,0.001131296157836914,0.00013208389282226562
algerian_forest_fires_46279,simpleimputer,onehot,polynomial_features,standard,PassiveAggressiveClassifier(random_state=0),0,0.9387755102040817,,No using Simple Imputer,No using One Hot,0.0025119781494140625,0.00012350082397460938
algerian_forest_fires_46279,simpleimputer,onehot,polynomial_features,standard,PassiveAggressiveClassifier(random_state=0),1,0.9387755102040817,,No using Simple Imputer,No using One Hot,0.0024852752685546875,0.00012230873107910156
algerian_forest_fires_46279,simpleimputer,onehot,polynomial_features,standard,PassiveAggressiveClassifier(random_state=0),2,0.9387755102040817,,No using Simple Imputer,No using One Hot,0.002128124237060547,0.000141143798828125
algerian_forest_fires_46279,simpleimputer,onehot,polynomial_features,standard,PassiveAggressiveClassifier(random_state=0),3,0.9583333333333334,,No using Simple Imputer,No using One Hot,0.0019297599792480469,0.00012183189392089844
algerian_forest_fires_46279,simpleimputer,onehot,polynomial_features,standard,PassiveAggressiveClassifier(random_state=0),4,0.9583333333333334,,No using Simple Imputer,No using One Hot,0.0022678375244140625,0.00012373924255371094
algerian_forest_fires_46279,simpleimputer,onehot,nystroem,standard,PassiveAggressiveClassifier(random_state=0),0,0.9387755102040817,,No using Simple Imputer,No using One Hot,0.002775430679321289,0.0001442432403564453
algerian_forest_fires_46279,simpleimputer,onehot,nystroem,standard,PassiveAggressiveClassifier(random_state=0),1,0.9591836734693877,,No using Simple Imputer,No using One Hot,0.002943277359008789,0.00013685226440429688
algerian_forest_fires_46279,simpleimputer,onehot,nystroem,standard,PassiveAggressiveClassifier(random_state=0),2,0.9795918367346939,,No using Simple Imputer,No using One Hot,0.0025339126586914062,0.00017309188842773438
algerian_forest_fires_46279,simpleimputer,onehot,nystroem,standard,PassiveAggressiveClassifier(random_state=0),3,0.9791666666666666,,No using Simple Imputer,No using One Hot,0.004033088684082031,0.00020074844360351562
algerian_forest_fires_46279,simpleimputer,onehot,nystroem,standard,PassiveAggressiveClassifier(random_state=0),4,0.9583333333333334,,No using Simple Imputer,No using One Hot,0.002917766571044922,0.00015234947204589844
algerian_forest_fires_46279,simpleimputer,onehot,rbf_sampler,standard,PassiveAggressiveClassifier(random_state=0),0,0.6326530612244898,,No using Simple Imputer,No using One Hot,0.003934383392333984,0.0001518726348876953
algerian_forest_fires_46279,simpleimputer,onehot,rbf_sampler,standard,PassiveAggressiveClassifier(random_state=0),1,0.7142857142857143,,No using Simple Imputer,No using One Hot,0.0029332637786865234,0.00014519691467285156
algerian_forest_fires_46279,simpleimputer,onehot,rbf_sampler,standard,PassiveAggressiveClassifier(random_state=0),2,0.6326530612244898,,No using Simple Imputer,No using One Hot,0.0022704601287841797,0.00013971328735351562
algerian_forest_fires_46279,simpleimputer,onehot,rbf_sampler,standard,PassiveAggressiveClassifier(random_state=0),3,0.625,,No using Simple Imputer,No using One Hot,0.001953601837158203,0.00012612342834472656
algerian_forest_fires_46279,simpleimputer,onehot,rbf_sampler,standard,PassiveAggressiveClassifier(random_state=0),4,0.5625,,No using Simple Imputer,No using One Hot,0.0037653446197509766,0.00012803077697753906
algerian_forest_fires_46279,simpleimputer,onehot,random_trees_embedding,standard,PassiveAggressiveClassifier(random_state=0),0,0.9591836734693877,,No using Simple Imputer,No using One Hot,0.001741647720336914,0.00013518333435058594
algerian_forest_fires_46279,simpleimputer,onehot,random_trees_embedding,standard,PassiveAggressiveClassifier(random_state=0),1,0.9591836734693877,,No using Simple Imputer,No using One Hot,0.0017685890197753906,0.00014090538024902344
algerian_forest_fires_46279,simpleimputer,onehot,random_trees_embedding,standard,PassiveAggressiveClassifier(random_state=0),2,0.9591836734693877,,No using Simple Imputer,No using One Hot,0.0018434524536132812,0.00013446807861328125
algerian_forest_fires_46279,simpleimputer,onehot,random_trees_embedding,standard,PassiveAggressiveClassifier(random_state=0),3,0.9791666666666666,,No using Simple Imputer,No using One Hot,0.0018932819366455078,0.0001380443572998047
algerian_forest_fires_46279,simpleimputer,onehot,random_trees_embedding,standard,PassiveAggressiveClassifier(random_state=0),4,0.9375,,No using Simple Imputer,No using One Hot,0.0017025470733642578,0.00012922286987304688
algerian_forest_fires_46279,simpleimputer,onehot,feature_agglomeration,standard,PassiveAggressiveClassifier(random_state=0),0,0.8367346938775511,,No using Simple Imputer,No using One Hot,0.0010981559753417969,0.00011491775512695312
algerian_forest_fires_46279,simpleimputer,onehot,feature_agglomeration,standard,PassiveAggressiveClassifier(random_state=0),1,0.8775510204081632,,No using Simple Imputer,No using One Hot,0.0011746883392333984,0.00011587142944335938
algerian_forest_fires_46279,simpleimputer,onehot,feature_agglomeration,standard,PassiveAggressiveClassifier(random_state=0),2,0.8775510204081632,,No using Simple Imputer,No using One Hot,0.0011332035064697266,0.00011348724365234375
algerian_forest_fires_46279,simpleimputer,onehot,feature_agglomeration,standard,PassiveAggressiveClassifier(random_state=0),3,0.7291666666666666,,No using Simple Imputer,No using One Hot,0.001058340072631836,0.00011110305786132812
algerian_forest_fires_46279,simpleimputer,onehot,feature_agglomeration,standard,PassiveAggressiveClassifier(random_state=0),4,0.9166666666666666,,No using Simple Imputer,No using One Hot,0.0011990070343017578,0.00011515617370605469
algerian_forest_fires_46279,simpleimputer,onehot,extra_tree,standard,PassiveAggressiveClassifier(random_state=0),0,0.9795918367346939,,No using Simple Imputer,No using One Hot,0.0012328624725341797,0.0001239776611328125
algerian_forest_fires_46279,simpleimputer,onehot,extra_tree,standard,PassiveAggressiveClassifier(random_state=0),1,0.9591836734693877,,No using Simple Imputer,No using One Hot,0.0012142658233642578,0.00011944770812988281
algerian_forest_fires_46279,simpleimputer,onehot,extra_tree,standard,PassiveAggressiveClassifier(random_state=0),2,1.0,,No using Simple Imputer,No using One Hot,0.0012240409851074219,0.00012040138244628906
algerian_forest_fires_46279,simpleimputer,onehot,extra_tree,standard,PassiveAggressiveClassifier(random_state=0),3,0.9375,,No using Simple Imputer,No using One Hot,0.0011875629425048828,0.0001163482666015625
algerian_forest_fires_46279,simpleimputer,onehot,extra_tree,standard,PassiveAggressiveClassifier(random_state=0),4,1.0,,No using Simple Imputer,No using One Hot,0.0011868476867675781,0.00014019012451171875
algerian_forest_fires_46279,simpleimputer,onehot,linear_svc,standard,PassiveAggressiveClassifier(random_state=0),0,0.9795918367346939,,No using Simple Imputer,No using One Hot,0.0013091564178466797,0.00012493133544921875
algerian_forest_fires_46279,simpleimputer,onehot,linear_svc,standard,PassiveAggressiveClassifier(random_state=0),1,0.9795918367346939,,No using Simple Imputer,No using One Hot,0.0011591911315917969,0.00011801719665527344
algerian_forest_fires_46279,simpleimputer,onehot,linear_svc,standard,PassiveAggressiveClassifier(random_state=0),2,1.0,,No using Simple Imputer,No using One Hot,0.0011296272277832031,0.00011658668518066406
algerian_forest_fires_46279,simpleimputer,onehot,linear_svc,standard,PassiveAggressiveClassifier(random_state=0),3,0.9791666666666666,,No using Simple Imputer,No using One Hot,0.0011527538299560547,0.0001392364501953125
algerian_forest_fires_46279,simpleimputer,onehot,linear_svc,standard,PassiveAggressiveClassifier(random_state=0),4,0.9791666666666666,,No using Simple Imputer,No using One Hot,0.0011706352233886719,0.00013899803161621094
algerian_forest_fires_46279,simpleimputer,onehot,kernel_pca,standard,PassiveAggressiveClassifier(random_state=0),0,0.9591836734693877,,No using Simple Imputer,No using One Hot,0.0016734600067138672,0.00014638900756835938
algerian_forest_fires_46279,simpleimputer,onehot,kernel_pca,standard,PassiveAggressiveClassifier(random_state=0),1,0.9795918367346939,,No using Simple Imputer,No using One Hot,0.0017387866973876953,0.0001461505889892578
algerian_forest_fires_46279,simpleimputer,onehot,kernel_pca,standard,PassiveAggressiveClassifier(random_state=0),2,1.0,,No using Simple Imputer,No using One Hot,0.0018856525421142578,0.0001766681671142578
algerian_forest_fires_46279,simpleimputer,onehot,kernel_pca,standard,PassiveAggressiveClassifier(random_state=0),3,0.9583333333333334,,No using Simple Imputer,No using One Hot,0.0018961429595947266,0.00017499923706054688
algerian_forest_fires_46279,simpleimputer,onehot,kernel_pca,standard,PassiveAggressiveClassifier(random_state=0),4,0.9583333333333334,,No using Simple Imputer,No using One Hot,0.0017104148864746094,0.00016760826110839844
algerian_forest_fires_46279,simpleimputer,onehot,,minmax,PassiveAggressiveClassifier(random_state=0),0,0.9591836734693877,,No using Simple Imputer,No using One Hot,0.0018897056579589844,0.0001678466796875
algerian_forest_fires_46279,simpleimputer,onehot,,minmax,PassiveAggressiveClassifier(random_state=0),1,0.8775510204081632,,No using Simple Imputer,No using One Hot,0.001953601837158203,0.00018167495727539062
algerian_forest_fires_46279,simpleimputer,onehot,,minmax,PassiveAggressiveClassifier(random_state=0),2,0.9387755102040817,,No using Simple Imputer,No using One Hot,0.0014693737030029297,0.00013113021850585938
algerian_forest_fires_46279,simpleimputer,onehot,,minmax,PassiveAggressiveClassifier(random_state=0),3,0.9583333333333334,,No using Simple Imputer,No using One Hot,0.0013616085052490234,0.0001285076141357422
algerian_forest_fires_46279,simpleimputer,onehot,,minmax,PassiveAggressiveClassifier(random_state=0),4,0.9375,,No using Simple Imputer,No using One Hot,0.0012595653533935547,0.0001239776611328125
algerian_forest_fires_46279,simpleimputer,onehot,pca,minmax,PassiveAggressiveClassifier(random_state=0),0,0.8979591836734694,,No using Simple Imputer,No using One Hot,0.0013687610626220703,0.0001475811004638672
algerian_forest_fires_46279,simpleimputer,onehot,pca,minmax,PassiveAggressiveClassifier(random_state=0),1,0.9387755102040817,,No using Simple Imputer,No using One Hot,0.0013594627380371094,0.00012183189392089844
algerian_forest_fires_46279,simpleimputer,onehot,pca,minmax,PassiveAggressiveClassifier(random_state=0),2,0.9183673469387755,,No using Simple Imputer,No using One Hot,0.0013203620910644531,0.00017333030700683594
algerian_forest_fires_46279,simpleimputer,onehot,pca,minmax,PassiveAggressiveClassifier(random_state=0),3,0.9583333333333334,,No using Simple Imputer,No using One Hot,0.001201629638671875,0.00011801719665527344
algerian_forest_fires_46279,simpleimputer,onehot,pca,minmax,PassiveAggressiveClassifier(random_state=0),4,0.9583333333333334,,No using Simple Imputer,No using One Hot,0.0012917518615722656,0.0001163482666015625
algerian_forest_fires_46279,simpleimputer,onehot,fastica,minmax,PassiveAggressiveClassifier(random_state=0),0,0.9591836734693877,,No using Simple Imputer,No using One Hot,0.0012650489807128906,0.00012063980102539062
algerian_forest_fires_46279,simpleimputer,onehot,fastica,minmax,PassiveAggressiveClassifier(random_state=0),1,0.9795918367346939,,No using Simple Imputer,No using One Hot,0.001394510269165039,0.00012135505676269531
algerian_forest_fires_46279,simpleimputer,onehot,fastica,minmax,PassiveAggressiveClassifier(random_state=0),2,0.9591836734693877,,No using Simple Imputer,No using One Hot,0.0012981891632080078,0.00011992454528808594
algerian_forest_fires_46279,simpleimputer,onehot,fastica,minmax,PassiveAggressiveClassifier(random_state=0),3,0.9583333333333334,,No using Simple Imputer,No using One Hot,0.0012583732604980469,0.00011944770812988281
algerian_forest_fires_46279,simpleimputer,onehot,fastica,minmax,PassiveAggressiveClassifier(random_state=0),4,1.0,,No using Simple Imputer,No using One Hot,0.0012927055358886719,0.00012612342834472656
algerian_forest_fires_46279,simpleimputer,onehot,truncated_svd,minmax,PassiveAggressiveClassifier(random_state=0),0,0.8163265306122449,,No using Simple Imputer,No using One Hot,0.0011382102966308594,0.00012135505676269531
algerian_forest_fires_46279,simpleimputer,onehot,truncated_svd,minmax,PassiveAggressiveClassifier(random_state=0),1,0.8367346938775511,,No using Simple Imputer,No using One Hot,0.0011284351348876953,0.00011491775512695312
algerian_forest_fires_46279,simpleimputer,onehot,truncated_svd,minmax,PassiveAggressiveClassifier(random_state=0),2,0.8571428571428571,,No using Simple Imputer,No using One Hot,0.0011851787567138672,0.00011682510375976562
algerian_forest_fires_46279,simpleimputer,onehot,truncated_svd,minmax,PassiveAggressiveClassifier(random_state=0),3,0.8958333333333334,,No using Simple Imputer,No using One Hot,0.0011212825775146484,0.00011324882507324219
algerian_forest_fires_46279,simpleimputer,onehot,truncated_svd,minmax,PassiveAggressiveClassifier(random_state=0),4,0.6875,,No using Simple Imputer,No using One Hot,0.0011878013610839844,0.00011563301086425781
algerian_forest_fires_46279,simpleimputer,onehot,select_percentile,minmax,PassiveAggressiveClassifier(random_state=0),0,0.9387755102040817,,No using Simple Imputer,No using One Hot,0.0011622905731201172,0.00011515617370605469
algerian_forest_fires_46279,simpleimputer,onehot,select_percentile,minmax,PassiveAggressiveClassifier(random_state=0),1,1.0,,No using Simple Imputer,No using One Hot,0.0014214515686035156,0.0001277923583984375
algerian_forest_fires_46279,simpleimputer,onehot,select_percentile,minmax,PassiveAggressiveClassifier(random_state=0),2,0.9591836734693877,,No using Simple Imputer,No using One Hot,0.0012233257293701172,0.0001239776611328125
algerian_forest_fires_46279,simpleimputer,onehot,select_percentile,minmax,PassiveAggressiveClassifier(random_state=0),3,0.9791666666666666,,No using Simple Imputer,No using One Hot,0.0013585090637207031,0.00012421607971191406
algerian_forest_fires_46279,simpleimputer,onehot,select_percentile,minmax,PassiveAggressiveClassifier(random_state=0),4,0.9583333333333334,,No using Simple Imputer,No using One Hot,0.0012199878692626953,0.00011754035949707031
algerian_forest_fires_46279,simpleimputer,onehot,generic_univariate,minmax,PassiveAggressiveClassifier(random_state=0),0,0.9795918367346939,,No using Simple Imputer,No using One Hot,0.001104593276977539,0.000110626220703125
algerian_forest_fires_46279,simpleimputer,onehot,generic_univariate,minmax,PassiveAggressiveClassifier(random_state=0),1,0.9795918367346939,,No using Simple Imputer,No using One Hot,0.0011339187622070312,0.00011038780212402344
algerian_forest_fires_46279,simpleimputer,onehot,generic_univariate,minmax,PassiveAggressiveClassifier(random_state=0),2,0.9591836734693877,,No using Simple Imputer,No using One Hot,0.0011699199676513672,0.00010919570922851562
algerian_forest_fires_46279,simpleimputer,onehot,generic_univariate,minmax,PassiveAggressiveClassifier(random_state=0),3,0.9166666666666666,,No using Simple Imputer,No using One Hot,0.0012500286102294922,0.00011420249938964844
algerian_forest_fires_46279,simpleimputer,onehot,generic_univariate,minmax,PassiveAggressiveClassifier(random_state=0),4,0.9583333333333334,,No using Simple Imputer,No using One Hot,0.0012159347534179688,0.00011181831359863281
algerian_forest_fires_46279,simpleimputer,onehot,polynomial_features,minmax,PassiveAggressiveClassifier(random_state=0),0,0.9183673469387755,,No using Simple Imputer,No using One Hot,0.0015201568603515625,0.00012254714965820312
algerian_forest_fires_46279,simpleimputer,onehot,polynomial_features,minmax,PassiveAggressiveClassifier(random_state=0),1,0.9591836734693877,,No using Simple Imputer,No using One Hot,0.0016515254974365234,0.00011801719665527344
algerian_forest_fires_46279,simpleimputer,onehot,polynomial_features,minmax,PassiveAggressiveClassifier(random_state=0),2,0.9387755102040817,,No using Simple Imputer,No using One Hot,0.0019860267639160156,0.00011801719665527344
algerian_forest_fires_46279,simpleimputer,onehot,polynomial_features,minmax,PassiveAggressiveClassifier(random_state=0),3,0.9791666666666666,,No using Simple Imputer,No using One Hot,0.0016963481903076172,0.00011873245239257812
algerian_forest_fires_46279,simpleimputer,onehot,polynomial_features,minmax,PassiveAggressiveClassifier(random_state=0),4,0.9791666666666666,,No using Simple Imputer,No using One Hot,0.0018169879913330078,0.00012230873107910156
algerian_forest_fires_46279,simpleimputer,onehot,nystroem,minmax,PassiveAggressiveClassifier(random_state=0),0,0.9183673469387755,,No using Simple Imputer,No using One Hot,0.002466917037963867,0.0001437664031982422
algerian_forest_fires_46279,simpleimputer,onehot,nystroem,minmax,PassiveAggressiveClassifier(random_state=0),1,0.9591836734693877,,No using Simple Imputer,No using One Hot,0.003338336944580078,0.0001785755157470703
algerian_forest_fires_46279,simpleimputer,onehot,nystroem,minmax,PassiveAggressiveClassifier(random_state=0),2,0.9183673469387755,,No using Simple Imputer,No using One Hot,0.0021317005157470703,0.0001323223114013672
algerian_forest_fires_46279,simpleimputer,onehot,nystroem,minmax,PassiveAggressiveClassifier(random_state=0),3,0.9166666666666666,,No using Simple Imputer,No using One Hot,0.002315044403076172,0.00017023086547851562
algerian_forest_fires_46279,simpleimputer,onehot,nystroem,minmax,PassiveAggressiveClassifier(random_state=0),4,0.9583333333333334,,No using Simple Imputer,No using One Hot,0.0035386085510253906,0.00015044212341308594
algerian_forest_fires_46279,simpleimputer,onehot,rbf_sampler,minmax,PassiveAggressiveClassifier(random_state=0),0,0.9795918367346939,,No using Simple Imputer,No using One Hot,0.002491474151611328,0.0001537799835205078
algerian_forest_fires_46279,simpleimputer,onehot,rbf_sampler,minmax,PassiveAggressiveClassifier(random_state=0),1,0.9387755102040817,,No using Simple Imputer,No using One Hot,0.0022988319396972656,0.0001709461212158203
algerian_forest_fires_46279,simpleimputer,onehot,rbf_sampler,minmax,PassiveAggressiveClassifier(random_state=0),2,0.8979591836734694,,No using Simple Imputer,No using One Hot,0.001966238021850586,0.0001239776611328125
algerian_forest_fires_46279,simpleimputer,onehot,rbf_sampler,minmax,PassiveAggressiveClassifier(random_state=0),3,0.9583333333333334,,No using Simple Imputer,No using One Hot,0.0017704963684082031,0.0001392364501953125
algerian_forest_fires_46279,simpleimputer,onehot,rbf_sampler,minmax,PassiveAggressiveClassifier(random_state=0),4,0.9583333333333334,,No using Simple Imputer,No using One Hot,0.0016720294952392578,0.00012135505676269531
algerian_forest_fires_46279,simpleimputer,onehot,random_trees_embedding,minmax,PassiveAggressiveClassifier(random_state=0),0,0.9591836734693877,,No using Simple Imputer,No using One Hot,0.0017733573913574219,0.00013327598571777344
algerian_forest_fires_46279,simpleimputer,onehot,random_trees_embedding,minmax,PassiveAggressiveClassifier(random_state=0),1,0.9591836734693877,,No using Simple Imputer,No using One Hot,0.0018270015716552734,0.00013256072998046875
algerian_forest_fires_46279,simpleimputer,onehot,random_trees_embedding,minmax,PassiveAggressiveClassifier(random_state=0),2,0.9591836734693877,,No using Simple Imputer,No using One Hot,0.0018210411071777344,0.00017976760864257812
algerian_forest_fires_46279,simpleimputer,onehot,random_trees_embedding,minmax,PassiveAggressiveClassifier(random_state=0),3,0.9791666666666666,,No using Simple Imputer,No using One Hot,0.002050161361694336,0.0001442432403564453
algerian_forest_fires_46279,simpleimputer,onehot,random_trees_embedding,minmax,PassiveAggressiveClassifier(random_state=0),4,0.9375,,No using Simple Imputer,No using One Hot,0.001809835433959961,0.0001342296600341797
algerian_forest_fires_46279,simpleimputer,onehot,feature_agglomeration,minmax,PassiveAggressiveClassifier(random_state=0),0,0.8163265306122449,,No using Simple Imputer,No using One Hot,0.0011413097381591797,0.00011277198791503906
algerian_forest_fires_46279,simpleimputer,onehot,feature_agglomeration,minmax,PassiveAggressiveClassifier(random_state=0),1,0.7959183673469388,,No using Simple Imputer,No using One Hot,0.0012538433074951172,0.00011515617370605469
algerian_forest_fires_46279,simpleimputer,onehot,feature_agglomeration,minmax,PassiveAggressiveClassifier(random_state=0),2,0.8571428571428571,,No using Simple Imputer,No using One Hot,0.0011932849884033203,0.00011277198791503906
algerian_forest_fires_46279,simpleimputer,onehot,feature_agglomeration,minmax,PassiveAggressiveClassifier(random_state=0),3,0.8541666666666666,,No using Simple Imputer,No using One Hot,0.0011191368103027344,0.00011181831359863281
algerian_forest_fires_46279,simpleimputer,onehot,feature_agglomeration,minmax,PassiveAggressiveClassifier(random_state=0),4,0.8958333333333334,,No using Simple Imputer,No using One Hot,0.0011208057403564453,0.00011348724365234375
algerian_forest_fires_46279,simpleimputer,onehot,extra_tree,minmax,PassiveAggressiveClassifier(random_state=0),0,0.8571428571428571,,No using Simple Imputer,No using One Hot,0.0011658668518066406,0.00011610984802246094
algerian_forest_fires_46279,simpleimputer,onehot,extra_tree,minmax,PassiveAggressiveClassifier(random_state=0),1,0.9795918367346939,,No using Simple Imputer,No using One Hot,0.0012328624725341797,0.000118255615234375
algerian_forest_fires_46279,simpleimputer,onehot,extra_tree,minmax,PassiveAggressiveClassifier(random_state=0),2,0.8979591836734694,,No using Simple Imputer,No using One Hot,0.0011911392211914062,0.00011467933654785156
algerian_forest_fires_46279,simpleimputer,onehot,extra_tree,minmax,PassiveAggressiveClassifier(random_state=0),3,1.0,,No using Simple Imputer,No using One Hot,0.0011646747589111328,0.00011706352233886719
algerian_forest_fires_46279,simpleimputer,onehot,extra_tree,minmax,PassiveAggressiveClassifier(random_state=0),4,0.9791666666666666,,No using Simple Imputer,No using One Hot,0.0012006759643554688,0.00011610984802246094
algerian_forest_fires_46279,simpleimputer,onehot,linear_svc,minmax,PassiveAggressiveClassifier(random_state=0),0,0.8775510204081632,,No using Simple Imputer,No using One Hot,0.001107931137084961,0.00011491775512695312
algerian_forest_fires_46279,simpleimputer,onehot,linear_svc,minmax,PassiveAggressiveClassifier(random_state=0),1,0.9795918367346939,,No using Simple Imputer,No using One Hot,0.0011823177337646484,0.00011515617370605469
algerian_forest_fires_46279,simpleimputer,onehot,linear_svc,minmax,PassiveAggressiveClassifier(random_state=0),2,0.9591836734693877,,No using Simple Imputer,No using One Hot,0.001207113265991211,0.00011467933654785156
algerian_forest_fires_46279,simpleimputer,onehot,linear_svc,minmax,PassiveAggressiveClassifier(random_state=0),3,0.9791666666666666,,No using Simple Imputer,No using One Hot,0.001172780990600586,0.00014781951904296875
algerian_forest_fires_46279,simpleimputer,onehot,linear_svc,minmax,PassiveAggressiveClassifier(random_state=0),4,0.9791666666666666,,No using Simple Imputer,No using One Hot,0.0011353492736816406,0.0001380443572998047
algerian_forest_fires_46279,simpleimputer,onehot,kernel_pca,minmax,PassiveAggressiveClassifier(random_state=0),0,0.8775510204081632,,No using Simple Imputer,No using One Hot,0.0024170875549316406,0.000152587890625
algerian_forest_fires_46279,simpleimputer,onehot,kernel_pca,minmax,PassiveAggressiveClassifier(random_state=0),1,0.9591836734693877,,No using Simple Imputer,No using One Hot,0.005432844161987305,0.00014829635620117188
algerian_forest_fires_46279,simpleimputer,onehot,kernel_pca,minmax,PassiveAggressiveClassifier(random_state=0),2,0.9183673469387755,,No using Simple Imputer,No using One Hot,0.004225969314575195,0.0002124309539794922
algerian_forest_fires_46279,simpleimputer,onehot,kernel_pca,minmax,PassiveAggressiveClassifier(random_state=0),3,0.9583333333333334,,No using Simple Imputer,No using One Hot,0.0019106864929199219,0.00019502639770507812
algerian_forest_fires_46279,simpleimputer,onehot,kernel_pca,minmax,PassiveAggressiveClassifier(random_state=0),4,0.9583333333333334,,No using Simple Imputer,No using One Hot,0.0018801689147949219,0.00017452239990234375
algerian_forest_fires_46279,simpleimputer,onehot,,robust,PassiveAggressiveClassifier(random_state=0),0,0.9387755102040817,,No using Simple Imputer,No using One Hot,0.005233049392700195,0.0002117156982421875
algerian_forest_fires_46279,simpleimputer,onehot,,robust,PassiveAggressiveClassifier(random_state=0),1,0.9591836734693877,,No using Simple Imputer,No using One Hot,0.0014798641204833984,0.00012946128845214844
algerian_forest_fires_46279,simpleimputer,onehot,,robust,PassiveAggressiveClassifier(random_state=0),2,0.9795918367346939,,No using Simple Imputer,No using One Hot,0.0013568401336669922,0.00012564659118652344
algerian_forest_fires_46279,simpleimputer,onehot,,robust,PassiveAggressiveClassifier(random_state=0),3,0.9375,,No using Simple Imputer,No using One Hot,0.0013093948364257812,0.00012540817260742188
algerian_forest_fires_46279,simpleimputer,onehot,,robust,PassiveAggressiveClassifier(random_state=0),4,0.9583333333333334,,No using Simple Imputer,No using One Hot,0.0011608600616455078,0.00013685226440429688
algerian_forest_fires_46279,simpleimputer,onehot,pca,robust,PassiveAggressiveClassifier(random_state=0),0,0.8979591836734694,,No using Simple Imputer,No using One Hot,0.001146078109741211,0.00011491775512695312
algerian_forest_fires_46279,simpleimputer,onehot,pca,robust,PassiveAggressiveClassifier(random_state=0),1,0.9795918367346939,,No using Simple Imputer,No using One Hot,0.001247406005859375,0.00011515617370605469
algerian_forest_fires_46279,simpleimputer,onehot,pca,robust,PassiveAggressiveClassifier(random_state=0),2,0.9183673469387755,,No using Simple Imputer,No using One Hot,0.001154184341430664,0.00011539459228515625
algerian_forest_fires_46279,simpleimputer,onehot,pca,robust,PassiveAggressiveClassifier(random_state=0),3,0.9375,,No using Simple Imputer,No using One Hot,0.0012969970703125,0.00011777877807617188
algerian_forest_fires_46279,simpleimputer,onehot,pca,robust,PassiveAggressiveClassifier(random_state=0),4,0.9791666666666666,,No using Simple Imputer,No using One Hot,0.0013005733489990234,0.00011706352233886719
algerian_forest_fires_46279,simpleimputer,onehot,fastica,robust,PassiveAggressiveClassifier(random_state=0),0,0.9387755102040817,,No using Simple Imputer,No using One Hot,0.0013806819915771484,0.00017213821411132812
algerian_forest_fires_46279,simpleimputer,onehot,fastica,robust,PassiveAggressiveClassifier(random_state=0),1,0.6530612244897959,,No using Simple Imputer,No using One Hot,0.0014417171478271484,0.0001201629638671875
algerian_forest_fires_46279,simpleimputer,onehot,fastica,robust,PassiveAggressiveClassifier(random_state=0),2,0.6938775510204082,,No using Simple Imputer,No using One Hot,0.0014014244079589844,0.00011849403381347656
algerian_forest_fires_46279,simpleimputer,onehot,fastica,robust,PassiveAggressiveClassifier(random_state=0),3,0.9583333333333334,,No using Simple Imputer,No using One Hot,0.0012249946594238281,0.00011801719665527344
algerian_forest_fires_46279,simpleimputer,onehot,fastica,robust,PassiveAggressiveClassifier(random_state=0),4,0.9375,,No using Simple Imputer,No using One Hot,0.0012943744659423828,0.00011754035949707031
algerian_forest_fires_46279,simpleimputer,onehot,truncated_svd,robust,PassiveAggressiveClassifier(random_state=0),0,0.8571428571428571,,No using Simple Imputer,No using One Hot,0.0011434555053710938,0.00013685226440429688
algerian_forest_fires_46279,simpleimputer,onehot,truncated_svd,robust,PassiveAggressiveClassifier(random_state=0),1,0.8775510204081632,,No using Simple Imputer,No using One Hot,0.0010967254638671875,0.00011181831359863281
algerian_forest_fires_46279,simpleimputer,onehot,truncated_svd,robust,PassiveAggressiveClassifier(random_state=0),2,0.7959183673469388,,No using Simple Imputer,No using One Hot,0.0012183189392089844,0.00011658668518066406
algerian_forest_fires_46279,simpleimputer,onehot,truncated_svd,robust,PassiveAggressiveClassifier(random_state=0),3,0.875,,No using Simple Imputer,No using One Hot,0.001132965087890625,0.00011658668518066406
algerian_forest_fires_46279,simpleimputer,onehot,truncated_svd,robust,PassiveAggressiveClassifier(random_state=0),4,0.9583333333333334,,No using Simple Imputer,No using One Hot,0.0011386871337890625,0.0001201629638671875
algerian_forest_fires_46279,simpleimputer,onehot,select_percentile,robust,PassiveAggressiveClassifier(random_state=0),0,0.9387755102040817,,No using Simple Imputer,No using One Hot,0.0011577606201171875,0.00011324882507324219
algerian_forest_fires_46279,simpleimputer,onehot,select_percentile,robust,PassiveAggressiveClassifier(random_state=0),1,0.9795918367346939,,No using Simple Imputer,No using One Hot,0.0012660026550292969,0.00011730194091796875
algerian_forest_fires_46279,simpleimputer,onehot,select_percentile,robust,PassiveAggressiveClassifier(random_state=0),2,0.9795918367346939,,No using Simple Imputer,No using One Hot,0.001130819320678711,0.00014209747314453125
algerian_forest_fires_46279,simpleimputer,onehot,select_percentile,robust,PassiveAggressiveClassifier(random_state=0),3,0.9791666666666666,,No using Simple Imputer,No using One Hot,0.0012218952178955078,0.00011324882507324219
algerian_forest_fires_46279,simpleimputer,onehot,select_percentile,robust,PassiveAggressiveClassifier(random_state=0),4,1.0,,No using Simple Imputer,No using One Hot,0.0011928081512451172,0.00014495849609375
algerian_forest_fires_46279,simpleimputer,onehot,generic_univariate,robust,PassiveAggressiveClassifier(random_state=0),0,0.9591836734693877,,No using Simple Imputer,No using One Hot,0.001077890396118164,0.00011229515075683594
algerian_forest_fires_46279,simpleimputer,onehot,generic_univariate,robust,PassiveAggressiveClassifier(random_state=0),1,1.0,,No using Simple Imputer,No using One Hot,0.0010905265808105469,0.00010848045349121094
algerian_forest_fires_46279,simpleimputer,onehot,generic_univariate,robust,PassiveAggressiveClassifier(random_state=0),2,0.9591836734693877,,No using Simple Imputer,No using One Hot,0.0010857582092285156,0.00011134147644042969
algerian_forest_fires_46279,simpleimputer,onehot,generic_univariate,robust,PassiveAggressiveClassifier(random_state=0),3,0.9375,,No using Simple Imputer,No using One Hot,0.0013358592987060547,0.00018739700317382812
algerian_forest_fires_46279,simpleimputer,onehot,generic_univariate,robust,PassiveAggressiveClassifier(random_state=0),4,0.9583333333333334,,No using Simple Imputer,No using One Hot,0.0010704994201660156,0.00011038780212402344
algerian_forest_fires_46279,simpleimputer,onehot,polynomial_features,robust,PassiveAggressiveClassifier(random_state=0),0,0.9795918367346939,,No using Simple Imputer,No using One Hot,0.0023343563079833984,0.00014019012451171875
algerian_forest_fires_46279,simpleimputer,onehot,polynomial_features,robust,PassiveAggressiveClassifier(random_state=0),1,0.9387755102040817,,No using Simple Imputer,No using One Hot,0.0014955997467041016,0.00014209747314453125
algerian_forest_fires_46279,simpleimputer,onehot,polynomial_features,robust,PassiveAggressiveClassifier(random_state=0),2,0.9795918367346939,,No using Simple Imputer,No using One Hot,0.0014829635620117188,0.000118255615234375
algerian_forest_fires_46279,simpleimputer,onehot,polynomial_features,robust,PassiveAggressiveClassifier(random_state=0),3,0.9583333333333334,,No using Simple Imputer,No using One Hot,0.002267599105834961,0.00011992454528808594
algerian_forest_fires_46279,simpleimputer,onehot,polynomial_features,robust,PassiveAggressiveClassifier(random_state=0),4,0.9375,,No using Simple Imputer,No using One Hot,0.0018396377563476562,0.00011777877807617188
algerian_forest_fires_46279,simpleimputer,onehot,nystroem,robust,PassiveAggressiveClassifier(random_state=0),0,0.9591836734693877,,No using Simple Imputer,No using One Hot,0.0029096603393554688,0.00013256072998046875
algerian_forest_fires_46279,simpleimputer,onehot,nystroem,robust,PassiveAggressiveClassifier(random_state=0),1,0.9591836734693877,,No using Simple Imputer,No using One Hot,0.0026149749755859375,0.00013875961303710938
algerian_forest_fires_46279,simpleimputer,onehot,nystroem,robust,PassiveAggressiveClassifier(random_state=0),2,0.9795918367346939,,No using Simple Imputer,No using One Hot,0.0031828880310058594,0.0001404285430908203
algerian_forest_fires_46279,simpleimputer,onehot,nystroem,robust,PassiveAggressiveClassifier(random_state=0),3,0.9375,,No using Simple Imputer,No using One Hot,0.002370119094848633,0.0001609325408935547
algerian_forest_fires_46279,simpleimputer,onehot,nystroem,robust,PassiveAggressiveClassifier(random_state=0),4,0.9166666666666666,,No using Simple Imputer,No using One Hot,0.002607107162475586,0.0001621246337890625
algerian_forest_fires_46279,simpleimputer,onehot,rbf_sampler,robust,PassiveAggressiveClassifier(random_state=0),0,0.6938775510204082,,No using Simple Imputer,No using One Hot,0.0023221969604492188,0.000202178955078125
algerian_forest_fires_46279,simpleimputer,onehot,rbf_sampler,robust,PassiveAggressiveClassifier(random_state=0),1,0.6326530612244898,,No using Simple Imputer,No using One Hot,0.003061532974243164,0.0001633167266845703
algerian_forest_fires_46279,simpleimputer,onehot,rbf_sampler,robust,PassiveAggressiveClassifier(random_state=0),2,0.5918367346938775,,No using Simple Imputer,No using One Hot,0.0024216175079345703,0.0001308917999267578
algerian_forest_fires_46279,simpleimputer,onehot,rbf_sampler,robust,PassiveAggressiveClassifier(random_state=0),3,0.7291666666666666,,No using Simple Imputer,No using One Hot,0.0016777515411376953,0.00011515617370605469
algerian_forest_fires_46279,simpleimputer,onehot,rbf_sampler,robust,PassiveAggressiveClassifier(random_state=0),4,0.6875,,No using Simple Imputer,No using One Hot,0.0022890567779541016,0.00011587142944335938
algerian_forest_fires_46279,simpleimputer,onehot,random_trees_embedding,robust,PassiveAggressiveClassifier(random_state=0),0,0.9591836734693877,,No using Simple Imputer,No using One Hot,0.0016825199127197266,0.00015616416931152344
algerian_forest_fires_46279,simpleimputer,onehot,random_trees_embedding,robust,PassiveAggressiveClassifier(random_state=0),1,0.9591836734693877,,No using Simple Imputer,No using One Hot,0.0017168521881103516,0.0001499652862548828
algerian_forest_fires_46279,simpleimputer,onehot,random_trees_embedding,robust,PassiveAggressiveClassifier(random_state=0),2,0.9591836734693877,,No using Simple Imputer,No using One Hot,0.0017180442810058594,0.00013184547424316406
algerian_forest_fires_46279,simpleimputer,onehot,random_trees_embedding,robust,PassiveAggressiveClassifier(random_state=0),3,0.9791666666666666,,No using Simple Imputer,No using One Hot,0.0018858909606933594,0.00013256072998046875
algerian_forest_fires_46279,simpleimputer,onehot,random_trees_embedding,robust,PassiveAggressiveClassifier(random_state=0),4,0.9375,,No using Simple Imputer,No using One Hot,0.0018150806427001953,0.00016117095947265625
algerian_forest_fires_46279,simpleimputer,onehot,feature_agglomeration,robust,PassiveAggressiveClassifier(random_state=0),0,0.8163265306122449,,No using Simple Imputer,No using One Hot,0.0011489391326904297,0.00011467933654785156
algerian_forest_fires_46279,simpleimputer,onehot,feature_agglomeration,robust,PassiveAggressiveClassifier(random_state=0),1,0.8163265306122449,,No using Simple Imputer,No using One Hot,0.0012140274047851562,0.00011491775512695312
algerian_forest_fires_46279,simpleimputer,onehot,feature_agglomeration,robust,PassiveAggressiveClassifier(random_state=0),2,0.9183673469387755,,No using Simple Imputer,No using One Hot,0.0011568069458007812,0.00011539459228515625
algerian_forest_fires_46279,simpleimputer,onehot,feature_agglomeration,robust,PassiveAggressiveClassifier(random_state=0),3,0.8958333333333334,,No using Simple Imputer,No using One Hot,0.0011487007141113281,0.00011467933654785156
algerian_forest_fires_46279,simpleimputer,onehot,feature_agglomeration,robust,PassiveAggressiveClassifier(random_state=0),4,0.9166666666666666,,No using Simple Imputer,No using One Hot,0.00107574462890625,0.00011348724365234375
algerian_forest_fires_46279,simpleimputer,onehot,extra_tree,robust,PassiveAggressiveClassifier(random_state=0),0,0.9795918367346939,,No using Simple Imputer,No using One Hot,0.0011777877807617188,0.00011897087097167969
algerian_forest_fires_46279,simpleimputer,onehot,extra_tree,robust,PassiveAggressiveClassifier(random_state=0),1,0.9795918367346939,,No using Simple Imputer,No using One Hot,0.0013628005981445312,0.00012969970703125
algerian_forest_fires_46279,simpleimputer,onehot,extra_tree,robust,PassiveAggressiveClassifier(random_state=0),2,1.0,,No using Simple Imputer,No using One Hot,0.0012989044189453125,0.0001201629638671875
algerian_forest_fires_46279,simpleimputer,onehot,extra_tree,robust,PassiveAggressiveClassifier(random_state=0),3,0.9375,,No using Simple Imputer,No using One Hot,0.001210927963256836,0.00011754035949707031
algerian_forest_fires_46279,simpleimputer,onehot,extra_tree,robust,PassiveAggressiveClassifier(random_state=0),4,1.0,,No using Simple Imputer,No using One Hot,0.0012404918670654297,0.00011658668518066406
algerian_forest_fires_46279,simpleimputer,onehot,linear_svc,robust,PassiveAggressiveClassifier(random_state=0),0,0.9795918367346939,,No using Simple Imputer,No using One Hot,0.0012068748474121094,0.00015282630920410156
algerian_forest_fires_46279,simpleimputer,onehot,linear_svc,robust,PassiveAggressiveClassifier(random_state=0),1,0.9795918367346939,,No using Simple Imputer,No using One Hot,0.00113677978515625,0.00011730194091796875
algerian_forest_fires_46279,simpleimputer,onehot,linear_svc,robust,PassiveAggressiveClassifier(random_state=0),2,0.9795918367346939,,No using Simple Imputer,No using One Hot,0.0010998249053955078,0.0001399517059326172
algerian_forest_fires_46279,simpleimputer,onehot,linear_svc,robust,PassiveAggressiveClassifier(random_state=0),3,0.9791666666666666,,No using Simple Imputer,No using One Hot,0.0011234283447265625,0.00011563301086425781
algerian_forest_fires_46279,simpleimputer,onehot,linear_svc,robust,PassiveAggressiveClassifier(random_state=0),4,0.9583333333333334,,No using Simple Imputer,No using One Hot,0.0011632442474365234,0.00011730194091796875
algerian_forest_fires_46279,simpleimputer,onehot,kernel_pca,robust,PassiveAggressiveClassifier(random_state=0),0,0.8979591836734694,,No using Simple Imputer,No using One Hot,0.0014867782592773438,0.00016260147094726562
algerian_forest_fires_46279,simpleimputer,onehot,kernel_pca,robust,PassiveAggressiveClassifier(random_state=0),1,0.9795918367346939,,No using Simple Imputer,No using One Hot,0.0015413761138916016,0.00013566017150878906
algerian_forest_fires_46279,simpleimputer,onehot,kernel_pca,robust,PassiveAggressiveClassifier(random_state=0),2,0.9183673469387755,,No using Simple Imputer,No using One Hot,0.0014483928680419922,0.00013637542724609375
algerian_forest_fires_46279,simpleimputer,onehot,kernel_pca,robust,PassiveAggressiveClassifier(random_state=0),3,0.9375,,No using Simple Imputer,No using One Hot,0.0017666816711425781,0.0001373291015625
algerian_forest_fires_46279,simpleimputer,onehot,kernel_pca,robust,PassiveAggressiveClassifier(random_state=0),4,0.9791666666666666,,No using Simple Imputer,No using One Hot,0.00399327278137207,0.00014519691467285156
algerian_forest_fires_46279,simpleimputer,onehot,,normalizer,PassiveAggressiveClassifier(random_state=0),0,0.5510204081632653,,No using Simple Imputer,No using One Hot,0.001245737075805664,0.00012826919555664062
algerian_forest_fires_46279,simpleimputer,onehot,,normalizer,PassiveAggressiveClassifier(random_state=0),1,0.4489795918367347,,No using Simple Imputer,No using One Hot,0.0012254714965820312,0.00012922286987304688
algerian_forest_fires_46279,simpleimputer,onehot,,normalizer,PassiveAggressiveClassifier(random_state=0),2,0.5714285714285714,,No using Simple Imputer,No using One Hot,0.0012912750244140625,0.0001308917999267578
algerian_forest_fires_46279,simpleimputer,onehot,,normalizer,PassiveAggressiveClassifier(random_state=0),3,0.6041666666666666,,No using Simple Imputer,No using One Hot,0.001325368881225586,0.00012040138244628906
algerian_forest_fires_46279,simpleimputer,onehot,,normalizer,PassiveAggressiveClassifier(random_state=0),4,0.5,,No using Simple Imputer,No using One Hot,0.0013241767883300781,0.00011706352233886719
algerian_forest_fires_46279,simpleimputer,onehot,pca,normalizer,PassiveAggressiveClassifier(random_state=0),0,0.7142857142857143,,No using Simple Imputer,No using One Hot,0.001567840576171875,0.0001201629638671875
algerian_forest_fires_46279,simpleimputer,onehot,pca,normalizer,PassiveAggressiveClassifier(random_state=0),1,0.4489795918367347,,No using Simple Imputer,No using One Hot,0.0013356208801269531,0.00012803077697753906
algerian_forest_fires_46279,simpleimputer,onehot,pca,normalizer,PassiveAggressiveClassifier(random_state=0),2,0.5918367346938775,,No using Simple Imputer,No using One Hot,0.001943826675415039,0.0001308917999267578
algerian_forest_fires_46279,simpleimputer,onehot,pca,normalizer,PassiveAggressiveClassifier(random_state=0),3,0.8125,,No using Simple Imputer,No using One Hot,0.0017619132995605469,0.00011754035949707031
algerian_forest_fires_46279,simpleimputer,onehot,pca,normalizer,PassiveAggressiveClassifier(random_state=0),4,0.8958333333333334,,No using Simple Imputer,No using One Hot,0.0015282630920410156,0.00011849403381347656
algerian_forest_fires_46279,simpleimputer,onehot,fastica,normalizer,PassiveAggressiveClassifier(random_state=0),0,0.9387755102040817,,No using Simple Imputer,No using One Hot,0.00127410888671875,0.00014019012451171875
algerian_forest_fires_46279,simpleimputer,onehot,fastica,normalizer,PassiveAggressiveClassifier(random_state=0),1,0.9795918367346939,,No using Simple Imputer,No using One Hot,0.0012547969818115234,0.00012302398681640625
algerian_forest_fires_46279,simpleimputer,onehot,fastica,normalizer,PassiveAggressiveClassifier(random_state=0),2,0.9795918367346939,,No using Simple Imputer,No using One Hot,0.0015921592712402344,0.00014662742614746094
algerian_forest_fires_46279,simpleimputer,onehot,fastica,normalizer,PassiveAggressiveClassifier(random_state=0),3,0.9375,,No using Simple Imputer,No using One Hot,0.0012936592102050781,0.00012636184692382812
algerian_forest_fires_46279,simpleimputer,onehot,fastica,normalizer,PassiveAggressiveClassifier(random_state=0),4,1.0,,No using Simple Imputer,No using One Hot,0.0012478828430175781,0.00011777877807617188
algerian_forest_fires_46279,simpleimputer,onehot,truncated_svd,normalizer,PassiveAggressiveClassifier(random_state=0),0,0.5510204081632653,,No using Simple Imputer,No using One Hot,0.0011875629425048828,0.00012493133544921875
algerian_forest_fires_46279,simpleimputer,onehot,truncated_svd,normalizer,PassiveAggressiveClassifier(random_state=0),1,0.4489795918367347,,No using Simple Imputer,No using One Hot,0.0011553764343261719,0.00011539459228515625
algerian_forest_fires_46279,simpleimputer,onehot,truncated_svd,normalizer,PassiveAggressiveClassifier(random_state=0),2,0.5714285714285714,,No using Simple Imputer,No using One Hot,0.001169443130493164,0.00011777877807617188
algerian_forest_fires_46279,simpleimputer,onehot,truncated_svd,normalizer,PassiveAggressiveClassifier(random_state=0),3,0.6041666666666666,,No using Simple Imputer,No using One Hot,0.001140594482421875,0.00011515617370605469
algerian_forest_fires_46279,simpleimputer,onehot,truncated_svd,normalizer,PassiveAggressiveClassifier(random_state=0),4,0.5,,No using Simple Imputer,No using One Hot,0.0011057853698730469,0.00011324882507324219
algerian_forest_fires_46279,simpleimputer,onehot,select_percentile,normalizer,PassiveAggressiveClassifier(random_state=0),0,0.5510204081632653,,No using Simple Imputer,No using One Hot,0.0011646747589111328,0.0001747608184814453
algerian_forest_fires_46279,simpleimputer,onehot,select_percentile,normalizer,PassiveAggressiveClassifier(random_state=0),1,0.4489795918367347,,No using Simple Imputer,No using One Hot,0.0011022090911865234,0.00011467933654785156
algerian_forest_fires_46279,simpleimputer,onehot,select_percentile,normalizer,PassiveAggressiveClassifier(random_state=0),2,0.5714285714285714,,No using Simple Imputer,No using One Hot,0.001302480697631836,0.00012040138244628906
algerian_forest_fires_46279,simpleimputer,onehot,select_percentile,normalizer,PassiveAggressiveClassifier(random_state=0),3,0.6041666666666666,,No using Simple Imputer,No using One Hot,0.0011181831359863281,0.00011420249938964844
algerian_forest_fires_46279,simpleimputer,onehot,select_percentile,normalizer,PassiveAggressiveClassifier(random_state=0),4,0.5416666666666666,,No using Simple Imputer,No using One Hot,0.0010938644409179688,0.00011324882507324219
algerian_forest_fires_46279,simpleimputer,onehot,generic_univariate,normalizer,PassiveAggressiveClassifier(random_state=0),0,0.5510204081632653,,No using Simple Imputer,No using One Hot,0.0011181831359863281,0.00011086463928222656
algerian_forest_fires_46279,simpleimputer,onehot,generic_univariate,normalizer,PassiveAggressiveClassifier(random_state=0),1,0.4489795918367347,,No using Simple Imputer,No using One Hot,0.0010695457458496094,0.0001285076141357422
algerian_forest_fires_46279,simpleimputer,onehot,generic_univariate,normalizer,PassiveAggressiveClassifier(random_state=0),2,0.5714285714285714,,No using Simple Imputer,No using One Hot,0.0011420249938964844,0.00011038780212402344
algerian_forest_fires_46279,simpleimputer,onehot,generic_univariate,normalizer,PassiveAggressiveClassifier(random_state=0),3,0.6041666666666666,,No using Simple Imputer,No using One Hot,0.0011031627655029297,0.00011086463928222656
algerian_forest_fires_46279,simpleimputer,onehot,generic_univariate,normalizer,PassiveAggressiveClassifier(random_state=0),4,0.5416666666666666,,No using Simple Imputer,No using One Hot,0.0010867118835449219,0.00011372566223144531
algerian_forest_fires_46279,simpleimputer,onehot,polynomial_features,normalizer,PassiveAggressiveClassifier(random_state=0),0,0.5510204081632653,,No using Simple Imputer,No using One Hot,0.0015628337860107422,0.00012063980102539062
algerian_forest_fires_46279,simpleimputer,onehot,polynomial_features,normalizer,PassiveAggressiveClassifier(random_state=0),1,0.5714285714285714,,No using Simple Imputer,No using One Hot,0.0021636486053466797,0.0001513957977294922
algerian_forest_fires_46279,simpleimputer,onehot,polynomial_features,normalizer,PassiveAggressiveClassifier(random_state=0),2,0.6122448979591837,,No using Simple Imputer,No using One Hot,0.0022890567779541016,0.0001544952392578125
algerian_forest_fires_46279,simpleimputer,onehot,polynomial_features,normalizer,PassiveAggressiveClassifier(random_state=0),3,0.8125,,No using Simple Imputer,No using One Hot,0.0030219554901123047,0.00013494491577148438
algerian_forest_fires_46279,simpleimputer,onehot,polynomial_features,normalizer,PassiveAggressiveClassifier(random_state=0),4,0.6041666666666666,,No using Simple Imputer,No using One Hot,0.0029854774475097656,0.0001671314239501953
algerian_forest_fires_46279,simpleimputer,onehot,nystroem,normalizer,PassiveAggressiveClassifier(random_state=0),0,0.5510204081632653,,No using Simple Imputer,No using One Hot,0.0020279884338378906,0.0001456737518310547
algerian_forest_fires_46279,simpleimputer,onehot,nystroem,normalizer,PassiveAggressiveClassifier(random_state=0),1,0.4489795918367347,,No using Simple Imputer,No using One Hot,0.0027358531951904297,0.000148773193359375
algerian_forest_fires_46279,simpleimputer,onehot,nystroem,normalizer,PassiveAggressiveClassifier(random_state=0),2,0.5714285714285714,,No using Simple Imputer,No using One Hot,0.0020859241485595703,0.0001468658447265625
algerian_forest_fires_46279,simpleimputer,onehot,nystroem,normalizer,PassiveAggressiveClassifier(random_state=0),3,0.6041666666666666,,No using Simple Imputer,No using One Hot,0.002728700637817383,0.00017333030700683594
algerian_forest_fires_46279,simpleimputer,onehot,nystroem,normalizer,PassiveAggressiveClassifier(random_state=0),4,0.4583333333333333,,No using Simple Imputer,No using One Hot,0.002229452133178711,0.00015783309936523438
algerian_forest_fires_46279,simpleimputer,onehot,rbf_sampler,normalizer,PassiveAggressiveClassifier(random_state=0),0,0.5510204081632653,,No using Simple Imputer,No using One Hot,0.003505706787109375,0.0001888275146484375
algerian_forest_fires_46279,simpleimputer,onehot,rbf_sampler,normalizer,PassiveAggressiveClassifier(random_state=0),1,0.5306122448979592,,No using Simple Imputer,No using One Hot,0.0017254352569580078,0.00014257431030273438
algerian_forest_fires_46279,simpleimputer,onehot,rbf_sampler,normalizer,PassiveAggressiveClassifier(random_state=0),2,0.7551020408163265,,No using Simple Imputer,No using One Hot,0.002079486846923828,0.00013780593872070312
algerian_forest_fires_46279,simpleimputer,onehot,rbf_sampler,normalizer,PassiveAggressiveClassifier(random_state=0),3,0.6041666666666666,,No using Simple Imputer,No using One Hot,0.001665353775024414,0.00012493133544921875
algerian_forest_fires_46279,simpleimputer,onehot,rbf_sampler,normalizer,PassiveAggressiveClassifier(random_state=0),4,0.7708333333333334,,No using Simple Imputer,No using One Hot,0.002195596694946289,0.00012922286987304688
algerian_forest_fires_46279,simpleimputer,onehot,random_trees_embedding,normalizer,PassiveAggressiveClassifier(random_state=0),0,0.9183673469387755,,No using Simple Imputer,No using One Hot,0.001963376998901367,0.0001423358917236328
algerian_forest_fires_46279,simpleimputer,onehot,random_trees_embedding,normalizer,PassiveAggressiveClassifier(random_state=0),1,0.9591836734693877,,No using Simple Imputer,No using One Hot,0.0018134117126464844,0.00013256072998046875
algerian_forest_fires_46279,simpleimputer,onehot,random_trees_embedding,normalizer,PassiveAggressiveClassifier(random_state=0),2,1.0,,No using Simple Imputer,No using One Hot,0.0018744468688964844,0.0001595020294189453
algerian_forest_fires_46279,simpleimputer,onehot,random_trees_embedding,normalizer,PassiveAggressiveClassifier(random_state=0),3,0.9375,,No using Simple Imputer,No using One Hot,0.0017848014831542969,0.0001323223114013672
algerian_forest_fires_46279,simpleimputer,onehot,random_trees_embedding,normalizer,PassiveAggressiveClassifier(random_state=0),4,0.9583333333333334,,No using Simple Imputer,No using One Hot,0.0017278194427490234,0.00013446807861328125
algerian_forest_fires_46279,simpleimputer,onehot,feature_agglomeration,normalizer,PassiveAggressiveClassifier(random_state=0),0,0.5510204081632653,,No using Simple Imputer,No using One Hot,0.0012359619140625,0.0001201629638671875
algerian_forest_fires_46279,simpleimputer,onehot,feature_agglomeration,normalizer,PassiveAggressiveClassifier(random_state=0),1,0.4489795918367347,,No using Simple Imputer,No using One Hot,0.0012140274047851562,0.00014781951904296875
algerian_forest_fires_46279,simpleimputer,onehot,feature_agglomeration,normalizer,PassiveAggressiveClassifier(random_state=0),2,0.42857142857142855,,No using Simple Imputer,No using One Hot,0.0012040138244628906,0.00011658668518066406
algerian_forest_fires_46279,simpleimputer,onehot,feature_agglomeration,normalizer,PassiveAggressiveClassifier(random_state=0),3,0.6041666666666666,,No using Simple Imputer,No using One Hot,0.0011906623840332031,0.0001227855682373047
algerian_forest_fires_46279,simpleimputer,onehot,feature_agglomeration,normalizer,PassiveAggressiveClassifier(random_state=0),4,0.5416666666666666,,No using Simple Imputer,No using One Hot,0.0013947486877441406,0.00012683868408203125
algerian_forest_fires_46279,simpleimputer,onehot,extra_tree,normalizer,PassiveAggressiveClassifier(random_state=0),0,0.5510204081632653,,No using Simple Imputer,No using One Hot,0.0011830329895019531,0.00011849403381347656
algerian_forest_fires_46279,simpleimputer,onehot,extra_tree,normalizer,PassiveAggressiveClassifier(random_state=0),1,0.4489795918367347,,No using Simple Imputer,No using One Hot,0.0011610984802246094,0.00011610984802246094
algerian_forest_fires_46279,simpleimputer,onehot,extra_tree,normalizer,PassiveAggressiveClassifier(random_state=0),2,0.5714285714285714,,No using Simple Imputer,No using One Hot,0.001302480697631836,0.000118255615234375
algerian_forest_fires_46279,simpleimputer,onehot,extra_tree,normalizer,PassiveAggressiveClassifier(random_state=0),3,0.6041666666666666,,No using Simple Imputer,No using One Hot,0.0011944770812988281,0.00011539459228515625
algerian_forest_fires_46279,simpleimputer,onehot,extra_tree,normalizer,PassiveAggressiveClassifier(random_state=0),4,0.5416666666666666,,No using Simple Imputer,No using One Hot,0.001211404800415039,0.00011658668518066406
algerian_forest_fires_46279,simpleimputer,onehot,linear_svc,normalizer,PassiveAggressiveClassifier(random_state=0),0,0.8571428571428571,,No using Simple Imputer,No using One Hot,0.001569509506225586,0.00012183189392089844
algerian_forest_fires_46279,simpleimputer,onehot,linear_svc,normalizer,PassiveAggressiveClassifier(random_state=0),1,0.4489795918367347,,No using Simple Imputer,No using One Hot,0.0011394023895263672,0.00011873245239257812
algerian_forest_fires_46279,simpleimputer,onehot,linear_svc,normalizer,PassiveAggressiveClassifier(random_state=0),2,0.7959183673469388,,No using Simple Imputer,No using One Hot,0.0013537406921386719,0.00011658668518066406
algerian_forest_fires_46279,simpleimputer,onehot,linear_svc,normalizer,PassiveAggressiveClassifier(random_state=0),3,0.8125,,No using Simple Imputer,No using One Hot,0.0012974739074707031,0.00011515617370605469
algerian_forest_fires_46279,simpleimputer,onehot,linear_svc,normalizer,PassiveAggressiveClassifier(random_state=0),4,0.8958333333333334,,No using Simple Imputer,No using One Hot,0.001294851303100586,0.00013566017150878906
algerian_forest_fires_46279,simpleimputer,onehot,kernel_pca,normalizer,PassiveAggressiveClassifier(random_state=0),0,0.7142857142857143,,No using Simple Imputer,No using One Hot,0.003769397735595703,0.00019025802612304688
algerian_forest_fires_46279,simpleimputer,onehot,kernel_pca,normalizer,PassiveAggressiveClassifier(random_state=0),1,0.4489795918367347,,No using Simple Imputer,No using One Hot,0.005484342575073242,0.00014257431030273438
algerian_forest_fires_46279,simpleimputer,onehot,kernel_pca,normalizer,PassiveAggressiveClassifier(random_state=0),2,0.5918367346938775,,No using Simple Imputer,No using One Hot,0.0024895668029785156,0.00019693374633789062
algerian_forest_fires_46279,simpleimputer,onehot,kernel_pca,normalizer,PassiveAggressiveClassifier(random_state=0),3,0.8125,,No using Simple Imputer,No using One Hot,0.002416372299194336,0.00014472007751464844
algerian_forest_fires_46279,simpleimputer,onehot,kernel_pca,normalizer,PassiveAggressiveClassifier(random_state=0),4,0.8958333333333334,,No using Simple Imputer,No using One Hot,0.002221822738647461,0.00019741058349609375
algerian_forest_fires_46279,simpleimputer,onehot,,power,PassiveAggressiveClassifier(random_state=0),0,1.0,,No using Simple Imputer,No using One Hot,0.0015130043029785156,0.00013518333435058594
algerian_forest_fires_46279,simpleimputer,onehot,,power,PassiveAggressiveClassifier(random_state=0),1,0.9795918367346939,,No using Simple Imputer,No using One Hot,0.0015554428100585938,0.00013065338134765625
algerian_forest_fires_46279,simpleimputer,onehot,,power,PassiveAggressiveClassifier(random_state=0),2,0.9591836734693877,,No using Simple Imputer,No using One Hot,0.0013706684112548828,0.00011920928955078125
algerian_forest_fires_46279,simpleimputer,onehot,,power,PassiveAggressiveClassifier(random_state=0),3,0.9791666666666666,,No using Simple Imputer,No using One Hot,0.0012602806091308594,0.0001385211944580078
algerian_forest_fires_46279,simpleimputer,onehot,,power,PassiveAggressiveClassifier(random_state=0),4,0.9791666666666666,,No using Simple Imputer,No using One Hot,0.001527547836303711,0.00012540817260742188
algerian_forest_fires_46279,simpleimputer,onehot,pca,power,PassiveAggressiveClassifier(random_state=0),0,1.0,,No using Simple Imputer,No using One Hot,0.0012509822845458984,0.00011682510375976562
algerian_forest_fires_46279,simpleimputer,onehot,pca,power,PassiveAggressiveClassifier(random_state=0),1,0.9795918367346939,,No using Simple Imputer,No using One Hot,0.0013654232025146484,0.00011897087097167969
algerian_forest_fires_46279,simpleimputer,onehot,pca,power,PassiveAggressiveClassifier(random_state=0),2,0.9591836734693877,,No using Simple Imputer,No using One Hot,0.001268148422241211,0.00011920928955078125
algerian_forest_fires_46279,simpleimputer,onehot,pca,power,PassiveAggressiveClassifier(random_state=0),3,0.9791666666666666,,No using Simple Imputer,No using One Hot,0.0013263225555419922,0.00013899803161621094
algerian_forest_fires_46279,simpleimputer,onehot,pca,power,PassiveAggressiveClassifier(random_state=0),4,0.9791666666666666,,No using Simple Imputer,No using One Hot,0.0013926029205322266,0.00011873245239257812
algerian_forest_fires_46279,simpleimputer,onehot,fastica,power,PassiveAggressiveClassifier(random_state=0),0,0.9795918367346939,,No using Simple Imputer,No using One Hot,0.001226663589477539,0.00011920928955078125
algerian_forest_fires_46279,simpleimputer,onehot,fastica,power,PassiveAggressiveClassifier(random_state=0),1,0.9795918367346939,,No using Simple Imputer,No using One Hot,0.001333475112915039,0.00011849403381347656
algerian_forest_fires_46279,simpleimputer,onehot,fastica,power,PassiveAggressiveClassifier(random_state=0),2,0.9591836734693877,,No using Simple Imputer,No using One Hot,0.0012791156768798828,0.00011563301086425781
algerian_forest_fires_46279,simpleimputer,onehot,fastica,power,PassiveAggressiveClassifier(random_state=0),3,0.9583333333333334,,No using Simple Imputer,No using One Hot,0.0012564659118652344,0.00011801719665527344
algerian_forest_fires_46279,simpleimputer,onehot,fastica,power,PassiveAggressiveClassifier(random_state=0),4,0.9583333333333334,,No using Simple Imputer,No using One Hot,0.0013413429260253906,0.00012445449829101562
algerian_forest_fires_46279,simpleimputer,onehot,truncated_svd,power,PassiveAggressiveClassifier(random_state=0),0,0.8979591836734694,,No using Simple Imputer,No using One Hot,0.001214742660522461,0.00012040138244628906
algerian_forest_fires_46279,simpleimputer,onehot,truncated_svd,power,PassiveAggressiveClassifier(random_state=0),1,0.8979591836734694,,No using Simple Imputer,No using One Hot,0.0011737346649169922,0.00011682510375976562
algerian_forest_fires_46279,simpleimputer,onehot,truncated_svd,power,PassiveAggressiveClassifier(random_state=0),2,0.8775510204081632,,No using Simple Imputer,No using One Hot,0.0011577606201171875,0.00011897087097167969
algerian_forest_fires_46279,simpleimputer,onehot,truncated_svd,power,PassiveAggressiveClassifier(random_state=0),3,0.6041666666666666,,No using Simple Imputer,No using One Hot,0.001142263412475586,0.00011491775512695312
algerian_forest_fires_46279,simpleimputer,onehot,truncated_svd,power,PassiveAggressiveClassifier(random_state=0),4,0.9583333333333334,,No using Simple Imputer,No using One Hot,0.0011708736419677734,0.0001380443572998047
algerian_forest_fires_46279,simpleimputer,onehot,select_percentile,power,PassiveAggressiveClassifier(random_state=0),0,0.9591836734693877,,No using Simple Imputer,No using One Hot,0.001115560531616211,0.00011563301086425781
algerian_forest_fires_46279,simpleimputer,onehot,select_percentile,power,PassiveAggressiveClassifier(random_state=0),1,0.9795918367346939,,No using Simple Imputer,No using One Hot,0.0011212825775146484,0.00011420249938964844
algerian_forest_fires_46279,simpleimputer,onehot,select_percentile,power,PassiveAggressiveClassifier(random_state=0),2,0.9387755102040817,,No using Simple Imputer,No using One Hot,0.0011904239654541016,0.00011539459228515625
algerian_forest_fires_46279,simpleimputer,onehot,select_percentile,power,PassiveAggressiveClassifier(random_state=0),3,0.9583333333333334,,No using Simple Imputer,No using One Hot,0.0010814666748046875,0.00011134147644042969
algerian_forest_fires_46279,simpleimputer,onehot,select_percentile,power,PassiveAggressiveClassifier(random_state=0),4,0.9791666666666666,,No using Simple Imputer,No using One Hot,0.0012371540069580078,0.00012445449829101562
algerian_forest_fires_46279,simpleimputer,onehot,generic_univariate,power,PassiveAggressiveClassifier(random_state=0),0,0.8979591836734694,,No using Simple Imputer,No using One Hot,0.0010485649108886719,0.0001087188720703125
algerian_forest_fires_46279,simpleimputer,onehot,generic_univariate,power,PassiveAggressiveClassifier(random_state=0),1,0.9387755102040817,,No using Simple Imputer,No using One Hot,0.0010559558868408203,0.000110626220703125
algerian_forest_fires_46279,simpleimputer,onehot,generic_univariate,power,PassiveAggressiveClassifier(random_state=0),2,0.9387755102040817,,No using Simple Imputer,No using One Hot,0.0013051033020019531,0.00018072128295898438
algerian_forest_fires_46279,simpleimputer,onehot,generic_univariate,power,PassiveAggressiveClassifier(random_state=0),3,0.9583333333333334,,No using Simple Imputer,No using One Hot,0.0011074542999267578,0.00011205673217773438
algerian_forest_fires_46279,simpleimputer,onehot,generic_univariate,power,PassiveAggressiveClassifier(random_state=0),4,0.9583333333333334,,No using Simple Imputer,No using One Hot,0.0011022090911865234,0.00011587142944335938
algerian_forest_fires_46279,simpleimputer,onehot,polynomial_features,power,PassiveAggressiveClassifier(random_state=0),0,0.9591836734693877,,No using Simple Imputer,No using One Hot,0.0019979476928710938,0.00016736984252929688
algerian_forest_fires_46279,simpleimputer,onehot,polynomial_features,power,PassiveAggressiveClassifier(random_state=0),1,0.9387755102040817,,No using Simple Imputer,No using One Hot,0.00212860107421875,0.00012254714965820312
algerian_forest_fires_46279,simpleimputer,onehot,polynomial_features,power,PassiveAggressiveClassifier(random_state=0),2,0.9795918367346939,,No using Simple Imputer,No using One Hot,0.0021102428436279297,0.00015664100646972656
algerian_forest_fires_46279,simpleimputer,onehot,polynomial_features,power,PassiveAggressiveClassifier(random_state=0),3,0.9375,,No using Simple Imputer,No using One Hot,0.0019102096557617188,0.00012040138244628906
algerian_forest_fires_46279,simpleimputer,onehot,polynomial_features,power,PassiveAggressiveClassifier(random_state=0),4,0.9375,,No using Simple Imputer,No using One Hot,0.0019214153289794922,0.00014853477478027344
algerian_forest_fires_46279,simpleimputer,onehot,nystroem,power,PassiveAggressiveClassifier(random_state=0),0,0.9795918367346939,,No using Simple Imputer,No using One Hot,0.002222776412963867,0.0001468658447265625
algerian_forest_fires_46279,simpleimputer,onehot,nystroem,power,PassiveAggressiveClassifier(random_state=0),1,0.9591836734693877,,No using Simple Imputer,No using One Hot,0.0022542476654052734,0.0001430511474609375
algerian_forest_fires_46279,simpleimputer,onehot,nystroem,power,PassiveAggressiveClassifier(random_state=0),2,0.9795918367346939,,No using Simple Imputer,No using One Hot,0.0025463104248046875,0.00015854835510253906
algerian_forest_fires_46279,simpleimputer,onehot,nystroem,power,PassiveAggressiveClassifier(random_state=0),3,0.9791666666666666,,No using Simple Imputer,No using One Hot,0.0021986961364746094,0.00014257431030273438
algerian_forest_fires_46279,simpleimputer,onehot,nystroem,power,PassiveAggressiveClassifier(random_state=0),4,0.9583333333333334,,No using Simple Imputer,No using One Hot,0.0023946762084960938,0.00016450881958007812
algerian_forest_fires_46279,simpleimputer,onehot,rbf_sampler,power,PassiveAggressiveClassifier(random_state=0),0,0.4897959183673469,,No using Simple Imputer,No using One Hot,0.003459930419921875,0.00012636184692382812
algerian_forest_fires_46279,simpleimputer,onehot,rbf_sampler,power,PassiveAggressiveClassifier(random_state=0),1,0.6530612244897959,,No using Simple Imputer,No using One Hot,0.0033016204833984375,0.00011873245239257812
algerian_forest_fires_46279,simpleimputer,onehot,rbf_sampler,power,PassiveAggressiveClassifier(random_state=0),2,0.6530612244897959,,No using Simple Imputer,No using One Hot,0.0026826858520507812,0.0001277923583984375
algerian_forest_fires_46279,simpleimputer,onehot,rbf_sampler,power,PassiveAggressiveClassifier(random_state=0),3,0.6041666666666666,,No using Simple Imputer,No using One Hot,0.002864837646484375,0.0001399517059326172
algerian_forest_fires_46279,simpleimputer,onehot,rbf_sampler,power,PassiveAggressiveClassifier(random_state=0),4,0.6041666666666666,,No using Simple Imputer,No using One Hot,0.002088785171508789,0.00011968612670898438
algerian_forest_fires_46279,simpleimputer,onehot,random_trees_embedding,power,PassiveAggressiveClassifier(random_state=0),0,1.0,,No using Simple Imputer,No using One Hot,0.0018534660339355469,0.0001366138458251953
algerian_forest_fires_46279,simpleimputer,onehot,random_trees_embedding,power,PassiveAggressiveClassifier(random_state=0),1,0.9795918367346939,,No using Simple Imputer,No using One Hot,0.0017559528350830078,0.00014901161193847656
algerian_forest_fires_46279,simpleimputer,onehot,random_trees_embedding,power,PassiveAggressiveClassifier(random_state=0),2,0.9795918367346939,,No using Simple Imputer,No using One Hot,0.0018641948699951172,0.00013518333435058594
algerian_forest_fires_46279,simpleimputer,onehot,random_trees_embedding,power,PassiveAggressiveClassifier(random_state=0),3,0.9583333333333334,,No using Simple Imputer,No using One Hot,0.0016438961029052734,0.00013399124145507812
algerian_forest_fires_46279,simpleimputer,onehot,random_trees_embedding,power,PassiveAggressiveClassifier(random_state=0),4,0.9583333333333334,,No using Simple Imputer,No using One Hot,0.0016672611236572266,0.0001354217529296875
algerian_forest_fires_46279,simpleimputer,onehot,feature_agglomeration,power,PassiveAggressiveClassifier(random_state=0),0,0.7959183673469388,,No using Simple Imputer,No using One Hot,0.0012407302856445312,0.00016736984252929688
algerian_forest_fires_46279,simpleimputer,onehot,feature_agglomeration,power,PassiveAggressiveClassifier(random_state=0),1,0.9183673469387755,,No using Simple Imputer,No using One Hot,0.0011034011840820312,0.00011301040649414062
algerian_forest_fires_46279,simpleimputer,onehot,feature_agglomeration,power,PassiveAggressiveClassifier(random_state=0),2,0.8775510204081632,,No using Simple Imputer,No using One Hot,0.0011572837829589844,0.00011897087097167969
algerian_forest_fires_46279,simpleimputer,onehot,feature_agglomeration,power,PassiveAggressiveClassifier(random_state=0),3,0.875,,No using Simple Imputer,No using One Hot,0.0011239051818847656,0.00011920928955078125
algerian_forest_fires_46279,simpleimputer,onehot,feature_agglomeration,power,PassiveAggressiveClassifier(random_state=0),4,0.9375,,No using Simple Imputer,No using One Hot,0.0011360645294189453,0.00011515617370605469
algerian_forest_fires_46279,simpleimputer,onehot,extra_tree,power,PassiveAggressiveClassifier(random_state=0),0,0.9795918367346939,,No using Simple Imputer,No using One Hot,0.0012128353118896484,0.0001239776611328125
algerian_forest_fires_46279,simpleimputer,onehot,extra_tree,power,PassiveAggressiveClassifier(random_state=0),1,0.9795918367346939,,No using Simple Imputer,No using One Hot,0.001188516616821289,0.00013947486877441406
algerian_forest_fires_46279,simpleimputer,onehot,extra_tree,power,PassiveAggressiveClassifier(random_state=0),2,1.0,,No using Simple Imputer,No using One Hot,0.0011379718780517578,0.00014495849609375
algerian_forest_fires_46279,simpleimputer,onehot,extra_tree,power,PassiveAggressiveClassifier(random_state=0),3,0.9375,,No using Simple Imputer,No using One Hot,0.0013363361358642578,0.0001609325408935547
algerian_forest_fires_46279,simpleimputer,onehot,extra_tree,power,PassiveAggressiveClassifier(random_state=0),4,0.9791666666666666,,No using Simple Imputer,No using One Hot,0.0013225078582763672,0.00012373924255371094
algerian_forest_fires_46279,simpleimputer,onehot,linear_svc,power,PassiveAggressiveClassifier(random_state=0),0,1.0,,No using Simple Imputer,No using One Hot,0.0011906623840332031,0.00011849403381347656
algerian_forest_fires_46279,simpleimputer,onehot,linear_svc,power,PassiveAggressiveClassifier(random_state=0),1,0.9795918367346939,,No using Simple Imputer,No using One Hot,0.0011432170867919922,0.00011777877807617188
algerian_forest_fires_46279,simpleimputer,onehot,linear_svc,power,PassiveAggressiveClassifier(random_state=0),2,1.0,,No using Simple Imputer,No using One Hot,0.0010995864868164062,0.00011563301086425781
algerian_forest_fires_46279,simpleimputer,onehot,linear_svc,power,PassiveAggressiveClassifier(random_state=0),3,1.0,,No using Simple Imputer,No using One Hot,0.0014159679412841797,0.00012612342834472656
algerian_forest_fires_46279,simpleimputer,onehot,linear_svc,power,PassiveAggressiveClassifier(random_state=0),4,1.0,,No using Simple Imputer,No using One Hot,0.0013947486877441406,0.00014138221740722656
algerian_forest_fires_46279,simpleimputer,onehot,kernel_pca,power,PassiveAggressiveClassifier(random_state=0),0,1.0,,No using Simple Imputer,No using One Hot,0.002756834030151367,0.00014853477478027344
algerian_forest_fires_46279,simpleimputer,onehot,kernel_pca,power,PassiveAggressiveClassifier(random_state=0),1,0.9795918367346939,,No using Simple Imputer,No using One Hot,0.0037932395935058594,0.00015616416931152344
algerian_forest_fires_46279,simpleimputer,onehot,kernel_pca,power,PassiveAggressiveClassifier(random_state=0),2,0.9591836734693877,,No using Simple Imputer,No using One Hot,0.0015723705291748047,0.00013971328735351562
algerian_forest_fires_46279,simpleimputer,onehot,kernel_pca,power,PassiveAggressiveClassifier(random_state=0),3,0.9791666666666666,,No using Simple Imputer,No using One Hot,0.001547098159790039,0.00013709068298339844
algerian_forest_fires_46279,simpleimputer,onehot,kernel_pca,power,PassiveAggressiveClassifier(random_state=0),4,0.9791666666666666,,No using Simple Imputer,No using One Hot,0.0020380020141601562,0.00019812583923339844
algerian_forest_fires_46279,simpleimputer,onehot,,quantile,PassiveAggressiveClassifier(random_state=0),0,0.9183673469387755,,No using Simple Imputer,No using One Hot,0.0016508102416992188,0.00014472007751464844
algerian_forest_fires_46279,simpleimputer,onehot,,quantile,PassiveAggressiveClassifier(random_state=0),1,0.9591836734693877,,No using Simple Imputer,No using One Hot,0.001707315444946289,0.00017523765563964844
algerian_forest_fires_46279,simpleimputer,onehot,,quantile,PassiveAggressiveClassifier(random_state=0),2,0.9387755102040817,,No using Simple Imputer,No using One Hot,0.0014171600341796875,0.00012969970703125
algerian_forest_fires_46279,simpleimputer,onehot,,quantile,PassiveAggressiveClassifier(random_state=0),3,0.9583333333333334,,No using Simple Imputer,No using One Hot,0.0013535022735595703,0.00012803077697753906
algerian_forest_fires_46279,simpleimputer,onehot,,quantile,PassiveAggressiveClassifier(random_state=0),4,0.9583333333333334,,No using Simple Imputer,No using One Hot,0.0012636184692382812,0.0001494884490966797
algerian_forest_fires_46279,simpleimputer,onehot,pca,quantile,PassiveAggressiveClassifier(random_state=0),0,0.9795918367346939,,No using Simple Imputer,No using One Hot,0.0014019012451171875,0.00019550323486328125
algerian_forest_fires_46279,simpleimputer,onehot,pca,quantile,PassiveAggressiveClassifier(random_state=0),1,0.9795918367346939,,No using Simple Imputer,No using One Hot,0.001271963119506836,0.00011706352233886719
algerian_forest_fires_46279,simpleimputer,onehot,pca,quantile,PassiveAggressiveClassifier(random_state=0),2,0.9795918367346939,,No using Simple Imputer,No using One Hot,0.0015745162963867188,0.0001227855682373047
algerian_forest_fires_46279,simpleimputer,onehot,pca,quantile,PassiveAggressiveClassifier(random_state=0),3,0.9583333333333334,,No using Simple Imputer,No using One Hot,0.0012209415435791016,0.0001201629638671875
algerian_forest_fires_46279,simpleimputer,onehot,pca,quantile,PassiveAggressiveClassifier(random_state=0),4,0.9583333333333334,,No using Simple Imputer,No using One Hot,0.0012755393981933594,0.00012373924255371094
algerian_forest_fires_46279,simpleimputer,onehot,fastica,quantile,PassiveAggressiveClassifier(random_state=0),0,0.9591836734693877,,No using Simple Imputer,No using One Hot,0.0013201236724853516,0.00011897087097167969
algerian_forest_fires_46279,simpleimputer,onehot,fastica,quantile,PassiveAggressiveClassifier(random_state=0),1,0.9795918367346939,,No using Simple Imputer,No using One Hot,0.0012826919555664062,0.00012111663818359375
algerian_forest_fires_46279,simpleimputer,onehot,fastica,quantile,PassiveAggressiveClassifier(random_state=0),2,0.9591836734693877,,No using Simple Imputer,No using One Hot,0.0012257099151611328,0.00011920928955078125
algerian_forest_fires_46279,simpleimputer,onehot,fastica,quantile,PassiveAggressiveClassifier(random_state=0),3,1.0,,No using Simple Imputer,No using One Hot,0.0013132095336914062,0.00012063980102539062
algerian_forest_fires_46279,simpleimputer,onehot,fastica,quantile,PassiveAggressiveClassifier(random_state=0),4,0.9166666666666666,,No using Simple Imputer,No using One Hot,0.0013341903686523438,0.00012087821960449219
algerian_forest_fires_46279,simpleimputer,onehot,truncated_svd,quantile,PassiveAggressiveClassifier(random_state=0),0,0.7551020408163265,,No using Simple Imputer,No using One Hot,0.0011377334594726562,0.00011539459228515625
algerian_forest_fires_46279,simpleimputer,onehot,truncated_svd,quantile,PassiveAggressiveClassifier(random_state=0),1,0.8775510204081632,,No using Simple Imputer,No using One Hot,0.001093149185180664,0.00013566017150878906
algerian_forest_fires_46279,simpleimputer,onehot,truncated_svd,quantile,PassiveAggressiveClassifier(random_state=0),2,0.8979591836734694,,No using Simple Imputer,No using One Hot,0.0012445449829101562,0.000125885009765625
algerian_forest_fires_46279,simpleimputer,onehot,truncated_svd,quantile,PassiveAggressiveClassifier(random_state=0),3,0.9166666666666666,,No using Simple Imputer,No using One Hot,0.0012679100036621094,0.0001270771026611328
algerian_forest_fires_46279,simpleimputer,onehot,truncated_svd,quantile,PassiveAggressiveClassifier(random_state=0),4,0.9583333333333334,,No using Simple Imputer,No using One Hot,0.0011777877807617188,0.00011563301086425781
algerian_forest_fires_46279,simpleimputer,onehot,select_percentile,quantile,PassiveAggressiveClassifier(random_state=0),0,0.9387755102040817,,No using Simple Imputer,No using One Hot,0.001104593276977539,0.00011587142944335938
algerian_forest_fires_46279,simpleimputer,onehot,select_percentile,quantile,PassiveAggressiveClassifier(random_state=0),1,0.9795918367346939,,No using Simple Imputer,No using One Hot,0.0012123584747314453,0.00011682510375976562
algerian_forest_fires_46279,simpleimputer,onehot,select_percentile,quantile,PassiveAggressiveClassifier(random_state=0),2,0.9795918367346939,,No using Simple Imputer,No using One Hot,0.0010936260223388672,0.00011563301086425781
algerian_forest_fires_46279,simpleimputer,onehot,select_percentile,quantile,PassiveAggressiveClassifier(random_state=0),3,1.0,,No using Simple Imputer,No using One Hot,0.0012183189392089844,0.00011801719665527344
algerian_forest_fires_46279,simpleimputer,onehot,select_percentile,quantile,PassiveAggressiveClassifier(random_state=0),4,1.0,,No using Simple Imputer,No using One Hot,0.0011582374572753906,0.00011277198791503906
algerian_forest_fires_46279,simpleimputer,onehot,generic_univariate,quantile,PassiveAggressiveClassifier(random_state=0),0,0.9183673469387755,,No using Simple Imputer,No using One Hot,0.0010581016540527344,0.00011134147644042969
algerian_forest_fires_46279,simpleimputer,onehot,generic_univariate,quantile,PassiveAggressiveClassifier(random_state=0),1,0.9795918367346939,,No using Simple Imputer,No using One Hot,0.0011935234069824219,0.00011181831359863281
algerian_forest_fires_46279,simpleimputer,onehot,generic_univariate,quantile,PassiveAggressiveClassifier(random_state=0),2,0.9591836734693877,,No using Simple Imputer,No using One Hot,0.0011136531829833984,0.00011777877807617188
algerian_forest_fires_46279,simpleimputer,onehot,generic_univariate,quantile,PassiveAggressiveClassifier(random_state=0),3,0.9583333333333334,,No using Simple Imputer,No using One Hot,0.0011031627655029297,0.00011157989501953125
algerian_forest_fires_46279,simpleimputer,onehot,generic_univariate,quantile,PassiveAggressiveClassifier(random_state=0),4,1.0,,No using Simple Imputer,No using One Hot,0.0012803077697753906,0.00012183189392089844
algerian_forest_fires_46279,simpleimputer,onehot,polynomial_features,quantile,PassiveAggressiveClassifier(random_state=0),0,0.9795918367346939,,No using Simple Imputer,No using One Hot,0.0017349720001220703,0.0001380443572998047
algerian_forest_fires_46279,simpleimputer,onehot,polynomial_features,quantile,PassiveAggressiveClassifier(random_state=0),1,0.9591836734693877,,No using Simple Imputer,No using One Hot,0.002033233642578125,0.00014019012451171875
algerian_forest_fires_46279,simpleimputer,onehot,polynomial_features,quantile,PassiveAggressiveClassifier(random_state=0),2,0.9591836734693877,,No using Simple Imputer,No using One Hot,0.0019903182983398438,0.00012063980102539062
algerian_forest_fires_46279,simpleimputer,onehot,polynomial_features,quantile,PassiveAggressiveClassifier(random_state=0),3,0.9583333333333334,,No using Simple Imputer,No using One Hot,0.0016508102416992188,0.0001404285430908203
algerian_forest_fires_46279,simpleimputer,onehot,polynomial_features,quantile,PassiveAggressiveClassifier(random_state=0),4,0.9375,,No using Simple Imputer,No using One Hot,0.002179861068725586,0.0001201629638671875
algerian_forest_fires_46279,simpleimputer,onehot,nystroem,quantile,PassiveAggressiveClassifier(random_state=0),0,0.9591836734693877,,No using Simple Imputer,No using One Hot,0.0029096603393554688,0.0001366138458251953
algerian_forest_fires_46279,simpleimputer,onehot,nystroem,quantile,PassiveAggressiveClassifier(random_state=0),1,0.9795918367346939,,No using Simple Imputer,No using One Hot,0.002501964569091797,0.00017881393432617188
algerian_forest_fires_46279,simpleimputer,onehot,nystroem,quantile,PassiveAggressiveClassifier(random_state=0),2,0.8979591836734694,,No using Simple Imputer,No using One Hot,0.001813650131225586,0.0001723766326904297
algerian_forest_fires_46279,simpleimputer,onehot,nystroem,quantile,PassiveAggressiveClassifier(random_state=0),3,0.9583333333333334,,No using Simple Imputer,No using One Hot,0.003762960433959961,0.00019598007202148438
algerian_forest_fires_46279,simpleimputer,onehot,nystroem,quantile,PassiveAggressiveClassifier(random_state=0),4,0.9791666666666666,,No using Simple Imputer,No using One Hot,0.002336740493774414,0.00014543533325195312
algerian_forest_fires_46279,simpleimputer,onehot,rbf_sampler,quantile,PassiveAggressiveClassifier(random_state=0),0,0.9591836734693877,,No using Simple Imputer,No using One Hot,0.002507925033569336,0.00013899803161621094
algerian_forest_fires_46279,simpleimputer,onehot,rbf_sampler,quantile,PassiveAggressiveClassifier(random_state=0),1,0.9591836734693877,,No using Simple Imputer,No using One Hot,0.0022416114807128906,0.00020575523376464844
algerian_forest_fires_46279,simpleimputer,onehot,rbf_sampler,quantile,PassiveAggressiveClassifier(random_state=0),2,0.9387755102040817,,No using Simple Imputer,No using One Hot,0.002414226531982422,0.00014972686767578125
algerian_forest_fires_46279,simpleimputer,onehot,rbf_sampler,quantile,PassiveAggressiveClassifier(random_state=0),3,0.9583333333333334,,No using Simple Imputer,No using One Hot,0.001920938491821289,0.0001289844512939453
algerian_forest_fires_46279,simpleimputer,onehot,rbf_sampler,quantile,PassiveAggressiveClassifier(random_state=0),4,0.8958333333333334,,No using Simple Imputer,No using One Hot,0.002607583999633789,0.0001919269561767578
algerian_forest_fires_46279,simpleimputer,onehot,random_trees_embedding,quantile,PassiveAggressiveClassifier(random_state=0),0,0.9795918367346939,,No using Simple Imputer,No using One Hot,0.0018587112426757812,0.0001659393310546875
algerian_forest_fires_46279,simpleimputer,onehot,random_trees_embedding,quantile,PassiveAggressiveClassifier(random_state=0),1,1.0,,No using Simple Imputer,No using One Hot,0.0017817020416259766,0.00016808509826660156
algerian_forest_fires_46279,simpleimputer,onehot,random_trees_embedding,quantile,PassiveAggressiveClassifier(random_state=0),2,0.9795918367346939,,No using Simple Imputer,No using One Hot,0.0016410350799560547,0.00013184547424316406
algerian_forest_fires_46279,simpleimputer,onehot,random_trees_embedding,quantile,PassiveAggressiveClassifier(random_state=0),3,0.9375,,No using Simple Imputer,No using One Hot,0.0019073486328125,0.0001456737518310547
algerian_forest_fires_46279,simpleimputer,onehot,random_trees_embedding,quantile,PassiveAggressiveClassifier(random_state=0),4,0.9791666666666666,,No using Simple Imputer,No using One Hot,0.0017125606536865234,0.0001342296600341797
algerian_forest_fires_46279,simpleimputer,onehot,feature_agglomeration,quantile,PassiveAggressiveClassifier(random_state=0),0,0.8571428571428571,,No using Simple Imputer,No using One Hot,0.0010983943939208984,0.00011324882507324219
algerian_forest_fires_46279,simpleimputer,onehot,feature_agglomeration,quantile,PassiveAggressiveClassifier(random_state=0),1,0.8979591836734694,,No using Simple Imputer,No using One Hot,0.0011119842529296875,0.00011682510375976562
algerian_forest_fires_46279,simpleimputer,onehot,feature_agglomeration,quantile,PassiveAggressiveClassifier(random_state=0),2,0.8775510204081632,,No using Simple Imputer,No using One Hot,0.0011229515075683594,0.00011587142944335938
algerian_forest_fires_46279,simpleimputer,onehot,feature_agglomeration,quantile,PassiveAggressiveClassifier(random_state=0),3,0.9375,,No using Simple Imputer,No using One Hot,0.0011649131774902344,0.00011348724365234375
algerian_forest_fires_46279,simpleimputer,onehot,feature_agglomeration,quantile,PassiveAggressiveClassifier(random_state=0),4,0.9583333333333334,,No using Simple Imputer,No using One Hot,0.001157522201538086,0.00011777877807617188
algerian_forest_fires_46279,simpleimputer,onehot,extra_tree,quantile,PassiveAggressiveClassifier(random_state=0),0,0.9183673469387755,,No using Simple Imputer,No using One Hot,0.0012688636779785156,0.00011944770812988281
algerian_forest_fires_46279,simpleimputer,onehot,extra_tree,quantile,PassiveAggressiveClassifier(random_state=0),1,0.9795918367346939,,No using Simple Imputer,No using One Hot,0.001192331314086914,0.000118255615234375
algerian_forest_fires_46279,simpleimputer,onehot,extra_tree,quantile,PassiveAggressiveClassifier(random_state=0),2,0.9591836734693877,,No using Simple Imputer,No using One Hot,0.0012555122375488281,0.00011992454528808594
algerian_forest_fires_46279,simpleimputer,onehot,extra_tree,quantile,PassiveAggressiveClassifier(random_state=0),3,0.9791666666666666,,No using Simple Imputer,No using One Hot,0.0011949539184570312,0.000118255615234375
algerian_forest_fires_46279,simpleimputer,onehot,extra_tree,quantile,PassiveAggressiveClassifier(random_state=0),4,0.9791666666666666,,No using Simple Imputer,No using One Hot,0.0013637542724609375,0.0001285076141357422
algerian_forest_fires_46279,simpleimputer,onehot,linear_svc,quantile,PassiveAggressiveClassifier(random_state=0),0,0.9591836734693877,,No using Simple Imputer,No using One Hot,0.0012238025665283203,0.00011873245239257812
algerian_forest_fires_46279,simpleimputer,onehot,linear_svc,quantile,PassiveAggressiveClassifier(random_state=0),1,0.9795918367346939,,No using Simple Imputer,No using One Hot,0.0011675357818603516,0.00011968612670898438
algerian_forest_fires_46279,simpleimputer,onehot,linear_svc,quantile,PassiveAggressiveClassifier(random_state=0),2,0.9795918367346939,,No using Simple Imputer,No using One Hot,0.0012595653533935547,0.00011849403381347656
algerian_forest_fires_46279,simpleimputer,onehot,linear_svc,quantile,PassiveAggressiveClassifier(random_state=0),3,0.9583333333333334,,No using Simple Imputer,No using One Hot,0.0011475086212158203,0.00011706352233886719
algerian_forest_fires_46279,simpleimputer,onehot,linear_svc,quantile,PassiveAggressiveClassifier(random_state=0),4,0.9791666666666666,,No using Simple Imputer,No using One Hot,0.0011768341064453125,0.00011777877807617188
algerian_forest_fires_46279,simpleimputer,onehot,kernel_pca,quantile,PassiveAggressiveClassifier(random_state=0),0,0.9795918367346939,,No using Simple Imputer,No using One Hot,0.0015137195587158203,0.00013589859008789062
algerian_forest_fires_46279,simpleimputer,onehot,kernel_pca,quantile,PassiveAggressiveClassifier(random_state=0),1,0.9795918367346939,,No using Simple Imputer,No using One Hot,0.0015423297882080078,0.00016760826110839844
algerian_forest_fires_46279,simpleimputer,onehot,kernel_pca,quantile,PassiveAggressiveClassifier(random_state=0),2,0.9795918367346939,,No using Simple Imputer,No using One Hot,0.0017333030700683594,0.00016260147094726562
algerian_forest_fires_46279,simpleimputer,onehot,kernel_pca,quantile,PassiveAggressiveClassifier(random_state=0),3,0.9583333333333334,,No using Simple Imputer,No using One Hot,0.0014958381652832031,0.0001392364501953125
algerian_forest_fires_46279,simpleimputer,onehot,kernel_pca,quantile,PassiveAggressiveClassifier(random_state=0),4,0.9583333333333334,,No using Simple Imputer,No using One Hot,0.0015399456024169922,0.00013709068298339844
algerian_forest_fires_46279,simpleimputer,ordinalencoder,,,PassiveAggressiveClassifier(random_state=0),0,0.673469387755102,,No using Simple Imputer,No using Ordinal Hot,0.002521514892578125,0.0010113716125488281
algerian_forest_fires_46279,simpleimputer,ordinalencoder,,,PassiveAggressiveClassifier(random_state=0),1,0.6326530612244898,,No using Simple Imputer,No using Ordinal Hot,0.0022809505462646484,0.0009233951568603516
algerian_forest_fires_46279,simpleimputer,ordinalencoder,,,PassiveAggressiveClassifier(random_state=0),2,0.6530612244897959,,No using Simple Imputer,No using Ordinal Hot,0.0021309852600097656,0.0008399486541748047
algerian_forest_fires_46279,simpleimputer,ordinalencoder,,,PassiveAggressiveClassifier(random_state=0),3,0.625,,No using Simple Imputer,No using Ordinal Hot,0.0026788711547851562,0.0009374618530273438
algerian_forest_fires_46279,simpleimputer,ordinalencoder,,,PassiveAggressiveClassifier(random_state=0),4,0.8958333333333334,,No using Simple Imputer,No using Ordinal Hot,0.002293109893798828,0.0008819103240966797
algerian_forest_fires_46279,simpleimputer,ordinalencoder,pca,,PassiveAggressiveClassifier(random_state=0),0,0.9795918367346939,,No using Simple Imputer,No using Ordinal Hot,0.0012552738189697266,0.00014352798461914062
algerian_forest_fires_46279,simpleimputer,ordinalencoder,pca,,PassiveAggressiveClassifier(random_state=0),1,0.9795918367346939,,No using Simple Imputer,No using Ordinal Hot,0.001280069351196289,0.0001201629638671875
algerian_forest_fires_46279,simpleimputer,ordinalencoder,pca,,PassiveAggressiveClassifier(random_state=0),2,0.9795918367346939,,No using Simple Imputer,No using Ordinal Hot,0.001129150390625,0.00011754035949707031
algerian_forest_fires_46279,simpleimputer,ordinalencoder,pca,,PassiveAggressiveClassifier(random_state=0),3,0.9791666666666666,,No using Simple Imputer,No using Ordinal Hot,0.0012805461883544922,0.00012230873107910156
algerian_forest_fires_46279,simpleimputer,ordinalencoder,pca,,PassiveAggressiveClassifier(random_state=0),4,0.9583333333333334,,No using Simple Imputer,No using Ordinal Hot,0.0016226768493652344,0.000133514404296875
algerian_forest_fires_46279,simpleimputer,ordinalencoder,fastica,,PassiveAggressiveClassifier(random_state=0),0,0.7959183673469388,,No using Simple Imputer,No using Ordinal Hot,0.0014972686767578125,0.0001220703125
algerian_forest_fires_46279,simpleimputer,ordinalencoder,fastica,,PassiveAggressiveClassifier(random_state=0),1,0.9183673469387755,,No using Simple Imputer,No using Ordinal Hot,0.001356363296508789,0.0001494884490966797
algerian_forest_fires_46279,simpleimputer,ordinalencoder,fastica,,PassiveAggressiveClassifier(random_state=0),2,0.9795918367346939,,No using Simple Imputer,No using Ordinal Hot,0.0012178421020507812,0.00012111663818359375
algerian_forest_fires_46279,simpleimputer,ordinalencoder,fastica,,PassiveAggressiveClassifier(random_state=0),3,0.9583333333333334,,No using Simple Imputer,No using Ordinal Hot,0.0012884140014648438,0.00012063980102539062
algerian_forest_fires_46279,simpleimputer,ordinalencoder,fastica,,PassiveAggressiveClassifier(random_state=0),4,0.9583333333333334,,No using Simple Imputer,No using Ordinal Hot,0.0012297630310058594,0.00012063980102539062
algerian_forest_fires_46279,simpleimputer,ordinalencoder,truncated_svd,,PassiveAggressiveClassifier(random_state=0),0,0.6122448979591837,,No using Simple Imputer,No using Ordinal Hot,0.0011560916900634766,0.00011515617370605469
algerian_forest_fires_46279,simpleimputer,ordinalencoder,truncated_svd,,PassiveAggressiveClassifier(random_state=0),1,0.5306122448979592,,No using Simple Imputer,No using Ordinal Hot,0.0011301040649414062,0.0001354217529296875
algerian_forest_fires_46279,simpleimputer,ordinalencoder,truncated_svd,,PassiveAggressiveClassifier(random_state=0),2,0.46938775510204084,,No using Simple Imputer,No using Ordinal Hot,0.0011878013610839844,0.00011873245239257812
algerian_forest_fires_46279,simpleimputer,ordinalencoder,truncated_svd,,PassiveAggressiveClassifier(random_state=0),3,0.6041666666666666,,No using Simple Imputer,No using Ordinal Hot,0.0011744499206542969,0.00011563301086425781
algerian_forest_fires_46279,simpleimputer,ordinalencoder,truncated_svd,,PassiveAggressiveClassifier(random_state=0),4,0.625,,No using Simple Imputer,No using Ordinal Hot,0.0013554096221923828,0.00027179718017578125
algerian_forest_fires_46279,simpleimputer,ordinalencoder,select_percentile,,PassiveAggressiveClassifier(random_state=0),0,0.8979591836734694,,No using Simple Imputer,No using Ordinal Hot,0.001394510269165039,0.0001304149627685547
algerian_forest_fires_46279,simpleimputer,ordinalencoder,select_percentile,,PassiveAggressiveClassifier(random_state=0),1,0.9795918367346939,,No using Simple Imputer,No using Ordinal Hot,0.0015163421630859375,0.0001227855682373047
algerian_forest_fires_46279,simpleimputer,ordinalencoder,select_percentile,,PassiveAggressiveClassifier(random_state=0),2,0.8571428571428571,,No using Simple Imputer,No using Ordinal Hot,0.0013995170593261719,0.00011730194091796875
algerian_forest_fires_46279,simpleimputer,ordinalencoder,select_percentile,,PassiveAggressiveClassifier(random_state=0),3,0.9375,,No using Simple Imputer,No using Ordinal Hot,0.0014607906341552734,0.00011849403381347656
algerian_forest_fires_46279,simpleimputer,ordinalencoder,select_percentile,,PassiveAggressiveClassifier(random_state=0),4,0.9166666666666666,,No using Simple Imputer,No using Ordinal Hot,0.0012578964233398438,0.00011587142944335938
algerian_forest_fires_46279,simpleimputer,ordinalencoder,generic_univariate,,PassiveAggressiveClassifier(random_state=0),0,0.5510204081632653,,No using Simple Imputer,No using Ordinal Hot,0.0011506080627441406,0.00011587142944335938
algerian_forest_fires_46279,simpleimputer,ordinalencoder,generic_univariate,,PassiveAggressiveClassifier(random_state=0),1,0.4489795918367347,,No using Simple Imputer,No using Ordinal Hot,0.001096963882446289,0.00011372566223144531
algerian_forest_fires_46279,simpleimputer,ordinalencoder,generic_univariate,,PassiveAggressiveClassifier(random_state=0),2,0.42857142857142855,,No using Simple Imputer,No using Ordinal Hot,0.0011496543884277344,0.00011396408081054688
algerian_forest_fires_46279,simpleimputer,ordinalencoder,generic_univariate,,PassiveAggressiveClassifier(random_state=0),3,0.6041666666666666,,No using Simple Imputer,No using Ordinal Hot,0.0010993480682373047,0.00011205673217773438
algerian_forest_fires_46279,simpleimputer,ordinalencoder,generic_univariate,,PassiveAggressiveClassifier(random_state=0),4,0.4583333333333333,,No using Simple Imputer,No using Ordinal Hot,0.0011703968048095703,0.00011587142944335938
algerian_forest_fires_46279,simpleimputer,ordinalencoder,polynomial_features,,PassiveAggressiveClassifier(random_state=0),0,0.673469387755102,,No using Simple Imputer,No using Ordinal Hot,0.0016906261444091797,0.00012755393981933594
algerian_forest_fires_46279,simpleimputer,ordinalencoder,polynomial_features,,PassiveAggressiveClassifier(random_state=0),1,0.6326530612244898,,No using Simple Imputer,No using Ordinal Hot,0.002014636993408203,0.00012254714965820312
algerian_forest_fires_46279,simpleimputer,ordinalencoder,polynomial_features,,PassiveAggressiveClassifier(random_state=0),2,0.6530612244897959,,No using Simple Imputer,No using Ordinal Hot,0.0020263195037841797,0.0001418590545654297
algerian_forest_fires_46279,simpleimputer,ordinalencoder,polynomial_features,,PassiveAggressiveClassifier(random_state=0),3,0.625,,No using Simple Imputer,No using Ordinal Hot,0.0026662349700927734,0.00018906593322753906
algerian_forest_fires_46279,simpleimputer,ordinalencoder,polynomial_features,,PassiveAggressiveClassifier(random_state=0),4,0.8958333333333334,,No using Simple Imputer,No using Ordinal Hot,0.002300262451171875,0.00012135505676269531
algerian_forest_fires_46279,simpleimputer,ordinalencoder,nystroem,,PassiveAggressiveClassifier(random_state=0),0,0.5510204081632653,,No using Simple Imputer,No using Ordinal Hot,0.002239704132080078,0.000141143798828125
algerian_forest_fires_46279,simpleimputer,ordinalencoder,nystroem,,PassiveAggressiveClassifier(random_state=0),1,0.4489795918367347,,No using Simple Imputer,No using Ordinal Hot,0.002751588821411133,0.0001499652862548828
algerian_forest_fires_46279,simpleimputer,ordinalencoder,nystroem,,PassiveAggressiveClassifier(random_state=0),2,0.5714285714285714,,No using Simple Imputer,No using Ordinal Hot,0.002462148666381836,0.00015807151794433594
algerian_forest_fires_46279,simpleimputer,ordinalencoder,nystroem,,PassiveAggressiveClassifier(random_state=0),3,0.6041666666666666,,No using Simple Imputer,No using Ordinal Hot,0.002660512924194336,0.00014853477478027344
algerian_forest_fires_46279,simpleimputer,ordinalencoder,nystroem,,PassiveAggressiveClassifier(random_state=0),4,0.5416666666666666,,No using Simple Imputer,No using Ordinal Hot,0.002198934555053711,0.0001499652862548828
algerian_forest_fires_46279,simpleimputer,ordinalencoder,rbf_sampler,,PassiveAggressiveClassifier(random_state=0),0,0.6122448979591837,,No using Simple Imputer,No using Ordinal Hot,0.002290964126586914,0.00013947486877441406
algerian_forest_fires_46279,simpleimputer,ordinalencoder,rbf_sampler,,PassiveAggressiveClassifier(random_state=0),1,0.5510204081632653,,No using Simple Imputer,No using Ordinal Hot,0.002658843994140625,0.00013566017150878906
algerian_forest_fires_46279,simpleimputer,ordinalencoder,rbf_sampler,,PassiveAggressiveClassifier(random_state=0),2,0.5306122448979592,,No using Simple Imputer,No using Ordinal Hot,0.002691507339477539,0.00013113021850585938
algerian_forest_fires_46279,simpleimputer,ordinalencoder,rbf_sampler,,PassiveAggressiveClassifier(random_state=0),3,0.4791666666666667,,No using Simple Imputer,No using Ordinal Hot,0.0018525123596191406,0.0001227855682373047
algerian_forest_fires_46279,simpleimputer,ordinalencoder,rbf_sampler,,PassiveAggressiveClassifier(random_state=0),4,0.5208333333333334,,No using Simple Imputer,No using Ordinal Hot,0.002506256103515625,0.00012683868408203125
algerian_forest_fires_46279,simpleimputer,ordinalencoder,random_trees_embedding,,PassiveAggressiveClassifier(random_state=0),0,0.9591836734693877,,No using Simple Imputer,No using Ordinal Hot,0.0018367767333984375,0.00013899803161621094
algerian_forest_fires_46279,simpleimputer,ordinalencoder,random_trees_embedding,,PassiveAggressiveClassifier(random_state=0),1,0.9591836734693877,,No using Simple Imputer,No using Ordinal Hot,0.0018830299377441406,0.0001366138458251953
algerian_forest_fires_46279,simpleimputer,ordinalencoder,random_trees_embedding,,PassiveAggressiveClassifier(random_state=0),2,0.9591836734693877,,No using Simple Imputer,No using Ordinal Hot,0.0018880367279052734,0.00013828277587890625
algerian_forest_fires_46279,simpleimputer,ordinalencoder,random_trees_embedding,,PassiveAggressiveClassifier(random_state=0),3,0.9791666666666666,,No using Simple Imputer,No using Ordinal Hot,0.0017900466918945312,0.0001342296600341797
algerian_forest_fires_46279,simpleimputer,ordinalencoder,random_trees_embedding,,PassiveAggressiveClassifier(random_state=0),4,0.9375,,No using Simple Imputer,No using Ordinal Hot,0.001741647720336914,0.00013446807861328125
algerian_forest_fires_46279,simpleimputer,ordinalencoder,feature_agglomeration,,PassiveAggressiveClassifier(random_state=0),0,0.5510204081632653,,No using Simple Imputer,No using Ordinal Hot,0.0011200904846191406,0.00011658668518066406
algerian_forest_fires_46279,simpleimputer,ordinalencoder,feature_agglomeration,,PassiveAggressiveClassifier(random_state=0),1,0.4489795918367347,,No using Simple Imputer,No using Ordinal Hot,0.0011920928955078125,0.00011992454528808594
algerian_forest_fires_46279,simpleimputer,ordinalencoder,feature_agglomeration,,PassiveAggressiveClassifier(random_state=0),2,0.42857142857142855,,No using Simple Imputer,No using Ordinal Hot,0.0011281967163085938,0.00011682510375976562
algerian_forest_fires_46279,simpleimputer,ordinalencoder,feature_agglomeration,,PassiveAggressiveClassifier(random_state=0),3,0.6041666666666666,,No using Simple Imputer,No using Ordinal Hot,0.001192331314086914,0.00012111663818359375
algerian_forest_fires_46279,simpleimputer,ordinalencoder,feature_agglomeration,,PassiveAggressiveClassifier(random_state=0),4,0.4583333333333333,,No using Simple Imputer,No using Ordinal Hot,0.0012047290802001953,0.00011944770812988281
algerian_forest_fires_46279,simpleimputer,ordinalencoder,extra_tree,,PassiveAggressiveClassifier(random_state=0),0,0.8979591836734694,,No using Simple Imputer,No using Ordinal Hot,0.0014100074768066406,0.00012040138244628906
algerian_forest_fires_46279,simpleimputer,ordinalencoder,extra_tree,,PassiveAggressiveClassifier(random_state=0),1,0.9387755102040817,,No using Simple Imputer,No using Ordinal Hot,0.0013570785522460938,0.00012087821960449219
algerian_forest_fires_46279,simpleimputer,ordinalencoder,extra_tree,,PassiveAggressiveClassifier(random_state=0),2,0.8571428571428571,,No using Simple Imputer,No using Ordinal Hot,0.001497507095336914,0.00014257431030273438
algerian_forest_fires_46279,simpleimputer,ordinalencoder,extra_tree,,PassiveAggressiveClassifier(random_state=0),3,0.9583333333333334,,No using Simple Imputer,No using Ordinal Hot,0.0015304088592529297,0.00012111663818359375
algerian_forest_fires_46279,simpleimputer,ordinalencoder,extra_tree,,PassiveAggressiveClassifier(random_state=0),4,0.9583333333333334,,No using Simple Imputer,No using Ordinal Hot,0.001226663589477539,0.0001285076141357422
algerian_forest_fires_46279,simpleimputer,ordinalencoder,linear_svc,,PassiveAggressiveClassifier(random_state=0),0,0.8775510204081632,,No using Simple Imputer,No using Ordinal Hot,0.0013432502746582031,0.00011968612670898438
algerian_forest_fires_46279,simpleimputer,ordinalencoder,linear_svc,,PassiveAggressiveClassifier(random_state=0),1,0.9387755102040817,,No using Simple Imputer,No using Ordinal Hot,0.0014564990997314453,0.00012636184692382812
algerian_forest_fires_46279,simpleimputer,ordinalencoder,linear_svc,,PassiveAggressiveClassifier(random_state=0),2,0.9387755102040817,,No using Simple Imputer,No using Ordinal Hot,0.001253366470336914,0.00013899803161621094
algerian_forest_fires_46279,simpleimputer,ordinalencoder,linear_svc,,PassiveAggressiveClassifier(random_state=0),3,0.9375,,No using Simple Imputer,No using Ordinal Hot,0.0013957023620605469,0.00011706352233886719
algerian_forest_fires_46279,simpleimputer,ordinalencoder,linear_svc,,PassiveAggressiveClassifier(random_state=0),4,0.8541666666666666,,No using Simple Imputer,No using Ordinal Hot,0.0013229846954345703,0.00012230873107910156
algerian_forest_fires_46279,simpleimputer,ordinalencoder,kernel_pca,,PassiveAggressiveClassifier(random_state=0),0,0.9795918367346939,,No using Simple Imputer,No using Ordinal Hot,0.0022330284118652344,0.00017976760864257812
algerian_forest_fires_46279,simpleimputer,ordinalencoder,kernel_pca,,PassiveAggressiveClassifier(random_state=0),1,0.9795918367346939,,No using Simple Imputer,No using Ordinal Hot,0.0015690326690673828,0.00014281272888183594
algerian_forest_fires_46279,simpleimputer,ordinalencoder,kernel_pca,,PassiveAggressiveClassifier(random_state=0),2,0.9795918367346939,,No using Simple Imputer,No using Ordinal Hot,0.0015108585357666016,0.00017905235290527344
algerian_forest_fires_46279,simpleimputer,ordinalencoder,kernel_pca,,PassiveAggressiveClassifier(random_state=0),3,0.9791666666666666,,No using Simple Imputer,No using Ordinal Hot,0.0016894340515136719,0.00014400482177734375
algerian_forest_fires_46279,simpleimputer,ordinalencoder,kernel_pca,,PassiveAggressiveClassifier(random_state=0),4,0.9583333333333334,,No using Simple Imputer,No using Ordinal Hot,0.0015635490417480469,0.00019788742065429688
algerian_forest_fires_46279,simpleimputer,ordinalencoder,,standard,PassiveAggressiveClassifier(random_state=0),0,0.9591836734693877,,No using Simple Imputer,No using Ordinal Hot,0.0015397071838378906,0.0001430511474609375
algerian_forest_fires_46279,simpleimputer,ordinalencoder,,standard,PassiveAggressiveClassifier(random_state=0),1,0.9795918367346939,,No using Simple Imputer,No using Ordinal Hot,0.0016608238220214844,0.00014138221740722656
algerian_forest_fires_46279,simpleimputer,ordinalencoder,,standard,PassiveAggressiveClassifier(random_state=0),2,1.0,,No using Simple Imputer,No using Ordinal Hot,0.0016341209411621094,0.00018405914306640625
algerian_forest_fires_46279,simpleimputer,ordinalencoder,,standard,PassiveAggressiveClassifier(random_state=0),3,0.9583333333333334,,No using Simple Imputer,No using Ordinal Hot,0.00131988525390625,0.0001289844512939453
algerian_forest_fires_46279,simpleimputer,ordinalencoder,,standard,PassiveAggressiveClassifier(random_state=0),4,0.9583333333333334,,No using Simple Imputer,No using Ordinal Hot,0.0013887882232666016,0.00012445449829101562
algerian_forest_fires_46279,simpleimputer,ordinalencoder,pca,standard,PassiveAggressiveClassifier(random_state=0),0,0.9591836734693877,,No using Simple Imputer,No using Ordinal Hot,0.0014553070068359375,0.00018310546875
algerian_forest_fires_46279,simpleimputer,ordinalencoder,pca,standard,PassiveAggressiveClassifier(random_state=0),1,0.9795918367346939,,No using Simple Imputer,No using Ordinal Hot,0.0012748241424560547,0.00011897087097167969
algerian_forest_fires_46279,simpleimputer,ordinalencoder,pca,standard,PassiveAggressiveClassifier(random_state=0),2,1.0,,No using Simple Imputer,No using Ordinal Hot,0.0013322830200195312,0.00011992454528808594
algerian_forest_fires_46279,simpleimputer,ordinalencoder,pca,standard,PassiveAggressiveClassifier(random_state=0),3,0.9583333333333334,,No using Simple Imputer,No using Ordinal Hot,0.00131988525390625,0.000118255615234375
algerian_forest_fires_46279,simpleimputer,ordinalencoder,pca,standard,PassiveAggressiveClassifier(random_state=0),4,0.9583333333333334,,No using Simple Imputer,No using Ordinal Hot,0.0013117790222167969,0.00012803077697753906
algerian_forest_fires_46279,simpleimputer,ordinalencoder,fastica,standard,PassiveAggressiveClassifier(random_state=0),0,0.7959183673469388,,No using Simple Imputer,No using Ordinal Hot,0.0012712478637695312,0.00011944770812988281
algerian_forest_fires_46279,simpleimputer,ordinalencoder,fastica,standard,PassiveAggressiveClassifier(random_state=0),1,0.4489795918367347,,No using Simple Imputer,No using Ordinal Hot,0.0012240409851074219,0.00012087821960449219
algerian_forest_fires_46279,simpleimputer,ordinalencoder,fastica,standard,PassiveAggressiveClassifier(random_state=0),2,0.9795918367346939,,No using Simple Imputer,No using Ordinal Hot,0.001247406005859375,0.00011968612670898438
algerian_forest_fires_46279,simpleimputer,ordinalencoder,fastica,standard,PassiveAggressiveClassifier(random_state=0),3,0.9583333333333334,,No using Simple Imputer,No using Ordinal Hot,0.0012755393981933594,0.00012111663818359375
algerian_forest_fires_46279,simpleimputer,ordinalencoder,fastica,standard,PassiveAggressiveClassifier(random_state=0),4,0.9375,,No using Simple Imputer,No using Ordinal Hot,0.0015499591827392578,0.00012540817260742188
algerian_forest_fires_46279,simpleimputer,ordinalencoder,truncated_svd,standard,PassiveAggressiveClassifier(random_state=0),0,0.7959183673469388,,No using Simple Imputer,No using Ordinal Hot,0.0012857913970947266,0.00016689300537109375
algerian_forest_fires_46279,simpleimputer,ordinalencoder,truncated_svd,standard,PassiveAggressiveClassifier(random_state=0),1,0.8367346938775511,,No using Simple Imputer,No using Ordinal Hot,0.0012357234954833984,0.00012111663818359375
algerian_forest_fires_46279,simpleimputer,ordinalencoder,truncated_svd,standard,PassiveAggressiveClassifier(random_state=0),2,0.8163265306122449,,No using Simple Imputer,No using Ordinal Hot,0.0011310577392578125,0.0001163482666015625
algerian_forest_fires_46279,simpleimputer,ordinalencoder,truncated_svd,standard,PassiveAggressiveClassifier(random_state=0),3,0.9166666666666666,,No using Simple Imputer,No using Ordinal Hot,0.0011637210845947266,0.00011706352233886719
algerian_forest_fires_46279,simpleimputer,ordinalencoder,truncated_svd,standard,PassiveAggressiveClassifier(random_state=0),4,0.5416666666666666,,No using Simple Imputer,No using Ordinal Hot,0.0011746883392333984,0.00011539459228515625
algerian_forest_fires_46279,simpleimputer,ordinalencoder,select_percentile,standard,PassiveAggressiveClassifier(random_state=0),0,0.9387755102040817,,No using Simple Imputer,No using Ordinal Hot,0.0011730194091796875,0.000118255615234375
algerian_forest_fires_46279,simpleimputer,ordinalencoder,select_percentile,standard,PassiveAggressiveClassifier(random_state=0),1,0.9795918367346939,,No using Simple Imputer,No using Ordinal Hot,0.0012657642364501953,0.00011730194091796875
algerian_forest_fires_46279,simpleimputer,ordinalencoder,select_percentile,standard,PassiveAggressiveClassifier(random_state=0),2,0.9795918367346939,,No using Simple Imputer,No using Ordinal Hot,0.0012073516845703125,0.0001201629638671875
algerian_forest_fires_46279,simpleimputer,ordinalencoder,select_percentile,standard,PassiveAggressiveClassifier(random_state=0),3,1.0,,No using Simple Imputer,No using Ordinal Hot,0.001096487045288086,0.00011515617370605469
algerian_forest_fires_46279,simpleimputer,ordinalencoder,select_percentile,standard,PassiveAggressiveClassifier(random_state=0),4,0.9583333333333334,,No using Simple Imputer,No using Ordinal Hot,0.0011816024780273438,0.00011754035949707031
algerian_forest_fires_46279,simpleimputer,ordinalencoder,generic_univariate,standard,PassiveAggressiveClassifier(random_state=0),0,0.9387755102040817,,No using Simple Imputer,No using Ordinal Hot,0.0010809898376464844,0.0001125335693359375
algerian_forest_fires_46279,simpleimputer,ordinalencoder,generic_univariate,standard,PassiveAggressiveClassifier(random_state=0),1,0.9591836734693877,,No using Simple Imputer,No using Ordinal Hot,0.0011734962463378906,0.00011396408081054688
algerian_forest_fires_46279,simpleimputer,ordinalencoder,generic_univariate,standard,PassiveAggressiveClassifier(random_state=0),2,0.9591836734693877,,No using Simple Imputer,No using Ordinal Hot,0.00106048583984375,0.00011134147644042969
algerian_forest_fires_46279,simpleimputer,ordinalencoder,generic_univariate,standard,PassiveAggressiveClassifier(random_state=0),3,0.9791666666666666,,No using Simple Imputer,No using Ordinal Hot,0.0010976791381835938,0.00011181831359863281
algerian_forest_fires_46279,simpleimputer,ordinalencoder,generic_univariate,standard,PassiveAggressiveClassifier(random_state=0),4,0.9583333333333334,,No using Simple Imputer,No using Ordinal Hot,0.0010514259338378906,0.00011134147644042969
algerian_forest_fires_46279,simpleimputer,ordinalencoder,polynomial_features,standard,PassiveAggressiveClassifier(random_state=0),0,0.9387755102040817,,No using Simple Imputer,No using Ordinal Hot,0.002498626708984375,0.00012254714965820312
algerian_forest_fires_46279,simpleimputer,ordinalencoder,polynomial_features,standard,PassiveAggressiveClassifier(random_state=0),1,0.9387755102040817,,No using Simple Imputer,No using Ordinal Hot,0.0024776458740234375,0.0001232624053955078
algerian_forest_fires_46279,simpleimputer,ordinalencoder,polynomial_features,standard,PassiveAggressiveClassifier(random_state=0),2,0.9387755102040817,,No using Simple Imputer,No using Ordinal Hot,0.0021500587463378906,0.00012111663818359375
algerian_forest_fires_46279,simpleimputer,ordinalencoder,polynomial_features,standard,PassiveAggressiveClassifier(random_state=0),3,0.9583333333333334,,No using Simple Imputer,No using Ordinal Hot,0.0019555091857910156,0.00012350082397460938
algerian_forest_fires_46279,simpleimputer,ordinalencoder,polynomial_features,standard,PassiveAggressiveClassifier(random_state=0),4,0.9583333333333334,,No using Simple Imputer,No using Ordinal Hot,0.002292156219482422,0.0001239776611328125
algerian_forest_fires_46279,simpleimputer,ordinalencoder,nystroem,standard,PassiveAggressiveClassifier(random_state=0),0,0.9387755102040817,,No using Simple Imputer,No using Ordinal Hot,0.004612922668457031,0.0001595020294189453
algerian_forest_fires_46279,simpleimputer,ordinalencoder,nystroem,standard,PassiveAggressiveClassifier(random_state=0),1,0.9591836734693877,,No using Simple Imputer,No using Ordinal Hot,0.0032432079315185547,0.00014209747314453125
algerian_forest_fires_46279,simpleimputer,ordinalencoder,nystroem,standard,PassiveAggressiveClassifier(random_state=0),2,0.9795918367346939,,No using Simple Imputer,No using Ordinal Hot,0.002779722213745117,0.00015234947204589844
algerian_forest_fires_46279,simpleimputer,ordinalencoder,nystroem,standard,PassiveAggressiveClassifier(random_state=0),3,0.9791666666666666,,No using Simple Imputer,No using Ordinal Hot,0.003460407257080078,0.00017070770263671875
algerian_forest_fires_46279,simpleimputer,ordinalencoder,nystroem,standard,PassiveAggressiveClassifier(random_state=0),4,0.9583333333333334,,No using Simple Imputer,No using Ordinal Hot,0.002872467041015625,0.00017714500427246094
algerian_forest_fires_46279,simpleimputer,ordinalencoder,rbf_sampler,standard,PassiveAggressiveClassifier(random_state=0),0,0.6326530612244898,,No using Simple Imputer,No using Ordinal Hot,0.00394129753112793,0.0001728534698486328
algerian_forest_fires_46279,simpleimputer,ordinalencoder,rbf_sampler,standard,PassiveAggressiveClassifier(random_state=0),1,0.7142857142857143,,No using Simple Imputer,No using Ordinal Hot,0.002949953079223633,0.0001461505889892578
algerian_forest_fires_46279,simpleimputer,ordinalencoder,rbf_sampler,standard,PassiveAggressiveClassifier(random_state=0),2,0.6326530612244898,,No using Simple Imputer,No using Ordinal Hot,0.0023956298828125,0.00014829635620117188
algerian_forest_fires_46279,simpleimputer,ordinalencoder,rbf_sampler,standard,PassiveAggressiveClassifier(random_state=0),3,0.625,,No using Simple Imputer,No using Ordinal Hot,0.0019888877868652344,0.00012683868408203125
algerian_forest_fires_46279,simpleimputer,ordinalencoder,rbf_sampler,standard,PassiveAggressiveClassifier(random_state=0),4,0.5625,,No using Simple Imputer,No using Ordinal Hot,0.0037856101989746094,0.00012803077697753906
algerian_forest_fires_46279,simpleimputer,ordinalencoder,random_trees_embedding,standard,PassiveAggressiveClassifier(random_state=0),0,0.9591836734693877,,No using Simple Imputer,No using Ordinal Hot,0.0018553733825683594,0.00014138221740722656
algerian_forest_fires_46279,simpleimputer,ordinalencoder,random_trees_embedding,standard,PassiveAggressiveClassifier(random_state=0),1,0.9591836734693877,,No using Simple Imputer,No using Ordinal Hot,0.001871347427368164,0.00017380714416503906
algerian_forest_fires_46279,simpleimputer,ordinalencoder,random_trees_embedding,standard,PassiveAggressiveClassifier(random_state=0),2,0.9591836734693877,,No using Simple Imputer,No using Ordinal Hot,0.0018222332000732422,0.00016188621520996094
algerian_forest_fires_46279,simpleimputer,ordinalencoder,random_trees_embedding,standard,PassiveAggressiveClassifier(random_state=0),3,0.9791666666666666,,No using Simple Imputer,No using Ordinal Hot,0.0018837451934814453,0.0001347064971923828
algerian_forest_fires_46279,simpleimputer,ordinalencoder,random_trees_embedding,standard,PassiveAggressiveClassifier(random_state=0),4,0.9375,,No using Simple Imputer,No using Ordinal Hot,0.002118349075317383,0.00018906593322753906
algerian_forest_fires_46279,simpleimputer,ordinalencoder,feature_agglomeration,standard,PassiveAggressiveClassifier(random_state=0),0,0.8367346938775511,,No using Simple Imputer,No using Ordinal Hot,0.0012612342834472656,0.00011801719665527344
algerian_forest_fires_46279,simpleimputer,ordinalencoder,feature_agglomeration,standard,PassiveAggressiveClassifier(random_state=0),1,0.8775510204081632,,No using Simple Imputer,No using Ordinal Hot,0.0011723041534423828,0.00013899803161621094
algerian_forest_fires_46279,simpleimputer,ordinalencoder,feature_agglomeration,standard,PassiveAggressiveClassifier(random_state=0),2,0.8775510204081632,,No using Simple Imputer,No using Ordinal Hot,0.001138925552368164,0.00011587142944335938
algerian_forest_fires_46279,simpleimputer,ordinalencoder,feature_agglomeration,standard,PassiveAggressiveClassifier(random_state=0),3,0.7291666666666666,,No using Simple Imputer,No using Ordinal Hot,0.00121307373046875,0.00013208389282226562
algerian_forest_fires_46279,simpleimputer,ordinalencoder,feature_agglomeration,standard,PassiveAggressiveClassifier(random_state=0),4,0.9166666666666666,,No using Simple Imputer,No using Ordinal Hot,0.00122833251953125,0.00011944770812988281
algerian_forest_fires_46279,simpleimputer,ordinalencoder,extra_tree,standard,PassiveAggressiveClassifier(random_state=0),0,0.9795918367346939,,No using Simple Imputer,No using Ordinal Hot,0.0012142658233642578,0.00012183189392089844
algerian_forest_fires_46279,simpleimputer,ordinalencoder,extra_tree,standard,PassiveAggressiveClassifier(random_state=0),1,0.9591836734693877,,No using Simple Imputer,No using Ordinal Hot,0.0015747547149658203,0.00012969970703125
algerian_forest_fires_46279,simpleimputer,ordinalencoder,extra_tree,standard,PassiveAggressiveClassifier(random_state=0),2,1.0,,No using Simple Imputer,No using Ordinal Hot,0.0011594295501708984,0.00011897087097167969
algerian_forest_fires_46279,simpleimputer,ordinalencoder,extra_tree,standard,PassiveAggressiveClassifier(random_state=0),3,0.9375,,No using Simple Imputer,No using Ordinal Hot,0.0012059211730957031,0.00011992454528808594
algerian_forest_fires_46279,simpleimputer,ordinalencoder,extra_tree,standard,PassiveAggressiveClassifier(random_state=0),4,1.0,,No using Simple Imputer,No using Ordinal Hot,0.0012044906616210938,0.00011968612670898438
algerian_forest_fires_46279,simpleimputer,ordinalencoder,linear_svc,standard,PassiveAggressiveClassifier(random_state=0),0,0.9795918367346939,,No using Simple Imputer,No using Ordinal Hot,0.0012633800506591797,0.00012111663818359375
algerian_forest_fires_46279,simpleimputer,ordinalencoder,linear_svc,standard,PassiveAggressiveClassifier(random_state=0),1,0.9795918367346939,,No using Simple Imputer,No using Ordinal Hot,0.0011603832244873047,0.00011777877807617188
algerian_forest_fires_46279,simpleimputer,ordinalencoder,linear_svc,standard,PassiveAggressiveClassifier(random_state=0),2,1.0,,No using Simple Imputer,No using Ordinal Hot,0.0011737346649169922,0.0001373291015625
algerian_forest_fires_46279,simpleimputer,ordinalencoder,linear_svc,standard,PassiveAggressiveClassifier(random_state=0),3,0.9791666666666666,,No using Simple Imputer,No using Ordinal Hot,0.0012276172637939453,0.0001220703125
algerian_forest_fires_46279,simpleimputer,ordinalencoder,linear_svc,standard,PassiveAggressiveClassifier(random_state=0),4,0.9791666666666666,,No using Simple Imputer,No using Ordinal Hot,0.0012557506561279297,0.00011801719665527344
algerian_forest_fires_46279,simpleimputer,ordinalencoder,kernel_pca,standard,PassiveAggressiveClassifier(random_state=0),0,0.9591836734693877,,No using Simple Imputer,No using Ordinal Hot,0.0023949146270751953,0.00021505355834960938
algerian_forest_fires_46279,simpleimputer,ordinalencoder,kernel_pca,standard,PassiveAggressiveClassifier(random_state=0),1,0.9795918367346939,,No using Simple Imputer,No using Ordinal Hot,0.0016453266143798828,0.00014138221740722656
algerian_forest_fires_46279,simpleimputer,ordinalencoder,kernel_pca,standard,PassiveAggressiveClassifier(random_state=0),2,1.0,,No using Simple Imputer,No using Ordinal Hot,0.0015339851379394531,0.00013399124145507812
algerian_forest_fires_46279,simpleimputer,ordinalencoder,kernel_pca,standard,PassiveAggressiveClassifier(random_state=0),3,0.9583333333333334,,No using Simple Imputer,No using Ordinal Hot,0.0014662742614746094,0.00014495849609375
algerian_forest_fires_46279,simpleimputer,ordinalencoder,kernel_pca,standard,PassiveAggressiveClassifier(random_state=0),4,0.9583333333333334,,No using Simple Imputer,No using Ordinal Hot,0.0016639232635498047,0.00015854835510253906
algerian_forest_fires_46279,simpleimputer,ordinalencoder,,minmax,PassiveAggressiveClassifier(random_state=0),0,0.9591836734693877,,No using Simple Imputer,No using Ordinal Hot,0.0015056133270263672,0.0001385211944580078
algerian_forest_fires_46279,simpleimputer,ordinalencoder,,minmax,PassiveAggressiveClassifier(random_state=0),1,0.8775510204081632,,No using Simple Imputer,No using Ordinal Hot,0.0014302730560302734,0.0001780986785888672
algerian_forest_fires_46279,simpleimputer,ordinalencoder,,minmax,PassiveAggressiveClassifier(random_state=0),2,0.9387755102040817,,No using Simple Imputer,No using Ordinal Hot,0.0015361309051513672,0.0001323223114013672
algerian_forest_fires_46279,simpleimputer,ordinalencoder,,minmax,PassiveAggressiveClassifier(random_state=0),3,0.9583333333333334,,No using Simple Imputer,No using Ordinal Hot,0.0012671947479248047,0.00011944770812988281
algerian_forest_fires_46279,simpleimputer,ordinalencoder,,minmax,PassiveAggressiveClassifier(random_state=0),4,0.9375,,No using Simple Imputer,No using Ordinal Hot,0.0012524127960205078,0.00011920928955078125
algerian_forest_fires_46279,simpleimputer,ordinalencoder,pca,minmax,PassiveAggressiveClassifier(random_state=0),0,0.8979591836734694,,No using Simple Imputer,No using Ordinal Hot,0.0014715194702148438,0.00012493133544921875
algerian_forest_fires_46279,simpleimputer,ordinalencoder,pca,minmax,PassiveAggressiveClassifier(random_state=0),1,0.9387755102040817,,No using Simple Imputer,No using Ordinal Hot,0.0012547969818115234,0.00011348724365234375
algerian_forest_fires_46279,simpleimputer,ordinalencoder,pca,minmax,PassiveAggressiveClassifier(random_state=0),2,0.9183673469387755,,No using Simple Imputer,No using Ordinal Hot,0.0012357234954833984,0.00013303756713867188
algerian_forest_fires_46279,simpleimputer,ordinalencoder,pca,minmax,PassiveAggressiveClassifier(random_state=0),3,0.9583333333333334,,No using Simple Imputer,No using Ordinal Hot,0.0011436939239501953,0.0001125335693359375
algerian_forest_fires_46279,simpleimputer,ordinalencoder,pca,minmax,PassiveAggressiveClassifier(random_state=0),4,0.9583333333333334,,No using Simple Imputer,No using Ordinal Hot,0.0013537406921386719,0.00011467933654785156
algerian_forest_fires_46279,simpleimputer,ordinalencoder,fastica,minmax,PassiveAggressiveClassifier(random_state=0),0,0.9591836734693877,,No using Simple Imputer,No using Ordinal Hot,0.0013744831085205078,0.00013327598571777344
algerian_forest_fires_46279,simpleimputer,ordinalencoder,fastica,minmax,PassiveAggressiveClassifier(random_state=0),1,0.9795918367346939,,No using Simple Imputer,No using Ordinal Hot,0.0012454986572265625,0.0001125335693359375
algerian_forest_fires_46279,simpleimputer,ordinalencoder,fastica,minmax,PassiveAggressiveClassifier(random_state=0),2,0.9591836734693877,,No using Simple Imputer,No using Ordinal Hot,0.0011997222900390625,0.00011467933654785156
algerian_forest_fires_46279,simpleimputer,ordinalencoder,fastica,minmax,PassiveAggressiveClassifier(random_state=0),3,0.9583333333333334,,No using Simple Imputer,No using Ordinal Hot,0.0012271404266357422,0.00011324882507324219
algerian_forest_fires_46279,simpleimputer,ordinalencoder,fastica,minmax,PassiveAggressiveClassifier(random_state=0),4,1.0,,No using Simple Imputer,No using Ordinal Hot,0.0012569427490234375,0.00013136863708496094
algerian_forest_fires_46279,simpleimputer,ordinalencoder,truncated_svd,minmax,PassiveAggressiveClassifier(random_state=0),0,0.8163265306122449,,No using Simple Imputer,No using Ordinal Hot,0.001051187515258789,0.00011134147644042969
algerian_forest_fires_46279,simpleimputer,ordinalencoder,truncated_svd,minmax,PassiveAggressiveClassifier(random_state=0),1,0.8367346938775511,,No using Simple Imputer,No using Ordinal Hot,0.001079559326171875,0.00012946128845214844
algerian_forest_fires_46279,simpleimputer,ordinalencoder,truncated_svd,minmax,PassiveAggressiveClassifier(random_state=0),2,0.8571428571428571,,No using Simple Imputer,No using Ordinal Hot,0.001354217529296875,0.00012826919555664062
algerian_forest_fires_46279,simpleimputer,ordinalencoder,truncated_svd,minmax,PassiveAggressiveClassifier(random_state=0),3,0.8958333333333334,,No using Simple Imputer,No using Ordinal Hot,0.0012164115905761719,0.00011920928955078125
algerian_forest_fires_46279,simpleimputer,ordinalencoder,truncated_svd,minmax,PassiveAggressiveClassifier(random_state=0),4,0.6875,,No using Simple Imputer,No using Ordinal Hot,0.0011339187622070312,0.00011038780212402344
algerian_forest_fires_46279,simpleimputer,ordinalencoder,select_percentile,minmax,PassiveAggressiveClassifier(random_state=0),0,0.9387755102040817,,No using Simple Imputer,No using Ordinal Hot,0.001096963882446289,0.00011014938354492188
algerian_forest_fires_46279,simpleimputer,ordinalencoder,select_percentile,minmax,PassiveAggressiveClassifier(random_state=0),1,1.0,,No using Simple Imputer,No using Ordinal Hot,0.0010864734649658203,0.00010895729064941406
algerian_forest_fires_46279,simpleimputer,ordinalencoder,select_percentile,minmax,PassiveAggressiveClassifier(random_state=0),2,0.9591836734693877,,No using Simple Imputer,No using Ordinal Hot,0.0010254383087158203,0.00010800361633300781
algerian_forest_fires_46279,simpleimputer,ordinalencoder,select_percentile,minmax,PassiveAggressiveClassifier(random_state=0),3,0.9791666666666666,,No using Simple Imputer,No using Ordinal Hot,0.0011219978332519531,0.00012135505676269531
algerian_forest_fires_46279,simpleimputer,ordinalencoder,select_percentile,minmax,PassiveAggressiveClassifier(random_state=0),4,0.9583333333333334,,No using Simple Imputer,No using Ordinal Hot,0.0012061595916748047,0.00011014938354492188
algerian_forest_fires_46279,simpleimputer,ordinalencoder,generic_univariate,minmax,PassiveAggressiveClassifier(random_state=0),0,0.9795918367346939,,No using Simple Imputer,No using Ordinal Hot,0.0011491775512695312,0.00010895729064941406
algerian_forest_fires_46279,simpleimputer,ordinalencoder,generic_univariate,minmax,PassiveAggressiveClassifier(random_state=0),1,0.9795918367346939,,No using Simple Imputer,No using Ordinal Hot,0.0011110305786132812,0.00010609626770019531
algerian_forest_fires_46279,simpleimputer,ordinalencoder,generic_univariate,minmax,PassiveAggressiveClassifier(random_state=0),2,0.9591836734693877,,No using Simple Imputer,No using Ordinal Hot,0.0011713504791259766,0.00010919570922851562
algerian_forest_fires_46279,simpleimputer,ordinalencoder,generic_univariate,minmax,PassiveAggressiveClassifier(random_state=0),3,0.9166666666666666,,No using Simple Imputer,No using Ordinal Hot,0.0010542869567871094,0.0001270771026611328
algerian_forest_fires_46279,simpleimputer,ordinalencoder,generic_univariate,minmax,PassiveAggressiveClassifier(random_state=0),4,0.9583333333333334,,No using Simple Imputer,No using Ordinal Hot,0.0011837482452392578,0.00017523765563964844
algerian_forest_fires_46279,simpleimputer,ordinalencoder,polynomial_features,minmax,PassiveAggressiveClassifier(random_state=0),0,0.9183673469387755,,No using Simple Imputer,No using Ordinal Hot,0.0014646053314208984,0.00011610984802246094
algerian_forest_fires_46279,simpleimputer,ordinalencoder,polynomial_features,minmax,PassiveAggressiveClassifier(random_state=0),1,0.9591836734693877,,No using Simple Imputer,No using Ordinal Hot,0.0016541481018066406,0.00012969970703125
algerian_forest_fires_46279,simpleimputer,ordinalencoder,polynomial_features,minmax,PassiveAggressiveClassifier(random_state=0),2,0.9387755102040817,,No using Simple Imputer,No using Ordinal Hot,0.0019404888153076172,0.0001163482666015625
algerian_forest_fires_46279,simpleimputer,ordinalencoder,polynomial_features,minmax,PassiveAggressiveClassifier(random_state=0),3,0.9791666666666666,,No using Simple Imputer,No using Ordinal Hot,0.0016436576843261719,0.00011372566223144531
algerian_forest_fires_46279,simpleimputer,ordinalencoder,polynomial_features,minmax,PassiveAggressiveClassifier(random_state=0),4,0.9791666666666666,,No using Simple Imputer,No using Ordinal Hot,0.0016188621520996094,0.00011348724365234375
algerian_forest_fires_46279,simpleimputer,ordinalencoder,nystroem,minmax,PassiveAggressiveClassifier(random_state=0),0,0.9183673469387755,,No using Simple Imputer,No using Ordinal Hot,0.0023775100708007812,0.00013566017150878906
algerian_forest_fires_46279,simpleimputer,ordinalencoder,nystroem,minmax,PassiveAggressiveClassifier(random_state=0),1,0.9591836734693877,,No using Simple Imputer,No using Ordinal Hot,0.002684354782104492,0.0001392364501953125
algerian_forest_fires_46279,simpleimputer,ordinalencoder,nystroem,minmax,PassiveAggressiveClassifier(random_state=0),2,0.9183673469387755,,No using Simple Imputer,No using Ordinal Hot,0.002227306365966797,0.00013399124145507812
algerian_forest_fires_46279,simpleimputer,ordinalencoder,nystroem,minmax,PassiveAggressiveClassifier(random_state=0),3,0.9166666666666666,,No using Simple Imputer,No using Ordinal Hot,0.0021233558654785156,0.0001316070556640625
algerian_forest_fires_46279,simpleimputer,ordinalencoder,nystroem,minmax,PassiveAggressiveClassifier(random_state=0),4,0.9583333333333334,,No using Simple Imputer,No using Ordinal Hot,0.003139019012451172,0.0001342296600341797
algerian_forest_fires_46279,simpleimputer,ordinalencoder,rbf_sampler,minmax,PassiveAggressiveClassifier(random_state=0),0,0.9795918367346939,,No using Simple Imputer,No using Ordinal Hot,0.001984119415283203,0.0001220703125
algerian_forest_fires_46279,simpleimputer,ordinalencoder,rbf_sampler,minmax,PassiveAggressiveClassifier(random_state=0),1,0.9387755102040817,,No using Simple Imputer,No using Ordinal Hot,0.0016977787017822266,0.00014257431030273438
algerian_forest_fires_46279,simpleimputer,ordinalencoder,rbf_sampler,minmax,PassiveAggressiveClassifier(random_state=0),2,0.8979591836734694,,No using Simple Imputer,No using Ordinal Hot,0.0021522045135498047,0.0001323223114013672
algerian_forest_fires_46279,simpleimputer,ordinalencoder,rbf_sampler,minmax,PassiveAggressiveClassifier(random_state=0),3,0.9583333333333334,,No using Simple Imputer,No using Ordinal Hot,0.0016257762908935547,0.00011324882507324219
algerian_forest_fires_46279,simpleimputer,ordinalencoder,rbf_sampler,minmax,PassiveAggressiveClassifier(random_state=0),4,0.9583333333333334,,No using Simple Imputer,No using Ordinal Hot,0.001615762710571289,0.00011396408081054688
algerian_forest_fires_46279,simpleimputer,ordinalencoder,random_trees_embedding,minmax,PassiveAggressiveClassifier(random_state=0),0,0.9591836734693877,,No using Simple Imputer,No using Ordinal Hot,0.0016813278198242188,0.00012612342834472656
algerian_forest_fires_46279,simpleimputer,ordinalencoder,random_trees_embedding,minmax,PassiveAggressiveClassifier(random_state=0),1,0.9591836734693877,,No using Simple Imputer,No using Ordinal Hot,0.0016219615936279297,0.00014257431030273438
algerian_forest_fires_46279,simpleimputer,ordinalencoder,random_trees_embedding,minmax,PassiveAggressiveClassifier(random_state=0),2,0.9591836734693877,,No using Simple Imputer,No using Ordinal Hot,0.0016751289367675781,0.00012564659118652344
algerian_forest_fires_46279,simpleimputer,ordinalencoder,random_trees_embedding,minmax,PassiveAggressiveClassifier(random_state=0),3,0.9791666666666666,,No using Simple Imputer,No using Ordinal Hot,0.00177001953125,0.00012874603271484375
algerian_forest_fires_46279,simpleimputer,ordinalencoder,random_trees_embedding,minmax,PassiveAggressiveClassifier(random_state=0),4,0.9375,,No using Simple Imputer,No using Ordinal Hot,0.0017120838165283203,0.00013017654418945312
algerian_forest_fires_46279,simpleimputer,ordinalencoder,feature_agglomeration,minmax,PassiveAggressiveClassifier(random_state=0),0,0.8163265306122449,,No using Simple Imputer,No using Ordinal Hot,0.0012497901916503906,0.00011229515075683594
algerian_forest_fires_46279,simpleimputer,ordinalencoder,feature_agglomeration,minmax,PassiveAggressiveClassifier(random_state=0),1,0.7959183673469388,,No using Simple Imputer,No using Ordinal Hot,0.0011777877807617188,0.00011110305786132812
algerian_forest_fires_46279,simpleimputer,ordinalencoder,feature_agglomeration,minmax,PassiveAggressiveClassifier(random_state=0),2,0.8571428571428571,,No using Simple Imputer,No using Ordinal Hot,0.0012412071228027344,0.00011372566223144531
algerian_forest_fires_46279,simpleimputer,ordinalencoder,feature_agglomeration,minmax,PassiveAggressiveClassifier(random_state=0),3,0.8541666666666666,,No using Simple Imputer,No using Ordinal Hot,0.0011265277862548828,0.00011038780212402344
algerian_forest_fires_46279,simpleimputer,ordinalencoder,feature_agglomeration,minmax,PassiveAggressiveClassifier(random_state=0),4,0.8958333333333334,,No using Simple Imputer,No using Ordinal Hot,0.0011019706726074219,0.00010824203491210938
algerian_forest_fires_46279,simpleimputer,ordinalencoder,extra_tree,minmax,PassiveAggressiveClassifier(random_state=0),0,0.8571428571428571,,No using Simple Imputer,No using Ordinal Hot,0.0011658668518066406,0.00011420249938964844
algerian_forest_fires_46279,simpleimputer,ordinalencoder,extra_tree,minmax,PassiveAggressiveClassifier(random_state=0),1,0.9795918367346939,,No using Simple Imputer,No using Ordinal Hot,0.0011932849884033203,0.0001125335693359375
algerian_forest_fires_46279,simpleimputer,ordinalencoder,extra_tree,minmax,PassiveAggressiveClassifier(random_state=0),2,0.8979591836734694,,No using Simple Imputer,No using Ordinal Hot,0.001135110855102539,0.00011277198791503906
algerian_forest_fires_46279,simpleimputer,ordinalencoder,extra_tree,minmax,PassiveAggressiveClassifier(random_state=0),3,1.0,,No using Simple Imputer,No using Ordinal Hot,0.0011725425720214844,0.00013017654418945312
algerian_forest_fires_46279,simpleimputer,ordinalencoder,extra_tree,minmax,PassiveAggressiveClassifier(random_state=0),4,0.9791666666666666,,No using Simple Imputer,No using Ordinal Hot,0.001190185546875,0.00011610984802246094
algerian_forest_fires_46279,simpleimputer,ordinalencoder,linear_svc,minmax,PassiveAggressiveClassifier(random_state=0),0,0.8775510204081632,,No using Simple Imputer,No using Ordinal Hot,0.0010721683502197266,0.00010943412780761719
algerian_forest_fires_46279,simpleimputer,ordinalencoder,linear_svc,minmax,PassiveAggressiveClassifier(random_state=0),1,0.9795918367346939,,No using Simple Imputer,No using Ordinal Hot,0.0011658668518066406,0.00011205673217773438
algerian_forest_fires_46279,simpleimputer,ordinalencoder,linear_svc,minmax,PassiveAggressiveClassifier(random_state=0),2,0.9591836734693877,,No using Simple Imputer,No using Ordinal Hot,0.0012068748474121094,0.0001323223114013672
algerian_forest_fires_46279,simpleimputer,ordinalencoder,linear_svc,minmax,PassiveAggressiveClassifier(random_state=0),3,0.9791666666666666,,No using Simple Imputer,No using Ordinal Hot,0.001132965087890625,0.00010919570922851562
algerian_forest_fires_46279,simpleimputer,ordinalencoder,linear_svc,minmax,PassiveAggressiveClassifier(random_state=0),4,0.9791666666666666,,No using Simple Imputer,No using Ordinal Hot,0.001081228256225586,0.00010848045349121094
algerian_forest_fires_46279,simpleimputer,ordinalencoder,kernel_pca,minmax,PassiveAggressiveClassifier(random_state=0),0,0.8775510204081632,,No using Simple Imputer,No using Ordinal Hot,0.001682281494140625,0.00013303756713867188
algerian_forest_fires_46279,simpleimputer,ordinalencoder,kernel_pca,minmax,PassiveAggressiveClassifier(random_state=0),1,0.9591836734693877,,No using Simple Imputer,No using Ordinal Hot,0.0017666816711425781,0.00018787384033203125
algerian_forest_fires_46279,simpleimputer,ordinalencoder,kernel_pca,minmax,PassiveAggressiveClassifier(random_state=0),2,0.9183673469387755,,No using Simple Imputer,No using Ordinal Hot,0.0015556812286376953,0.0001373291015625
algerian_forest_fires_46279,simpleimputer,ordinalencoder,kernel_pca,minmax,PassiveAggressiveClassifier(random_state=0),3,0.9583333333333334,,No using Simple Imputer,No using Ordinal Hot,0.0015289783477783203,0.0001316070556640625
algerian_forest_fires_46279,simpleimputer,ordinalencoder,kernel_pca,minmax,PassiveAggressiveClassifier(random_state=0),4,0.9583333333333334,,No using Simple Imputer,No using Ordinal Hot,0.0016770362854003906,0.00014448165893554688
algerian_forest_fires_46279,simpleimputer,ordinalencoder,,robust,PassiveAggressiveClassifier(random_state=0),0,0.9387755102040817,,No using Simple Imputer,No using Ordinal Hot,0.0013980865478515625,0.00015211105346679688
algerian_forest_fires_46279,simpleimputer,ordinalencoder,,robust,PassiveAggressiveClassifier(random_state=0),1,0.9591836734693877,,No using Simple Imputer,No using Ordinal Hot,0.0014035701751708984,0.0001513957977294922
algerian_forest_fires_46279,simpleimputer,ordinalencoder,,robust,PassiveAggressiveClassifier(random_state=0),2,0.9795918367346939,,No using Simple Imputer,No using Ordinal Hot,0.001636505126953125,0.00014066696166992188
algerian_forest_fires_46279,simpleimputer,ordinalencoder,,robust,PassiveAggressiveClassifier(random_state=0),3,0.9375,,No using Simple Imputer,No using Ordinal Hot,0.0013430118560791016,0.0001251697540283203
algerian_forest_fires_46279,simpleimputer,ordinalencoder,,robust,PassiveAggressiveClassifier(random_state=0),4,0.9583333333333334,,No using Simple Imputer,No using Ordinal Hot,0.0012552738189697266,0.00012493133544921875
algerian_forest_fires_46279,simpleimputer,ordinalencoder,pca,robust,PassiveAggressiveClassifier(random_state=0),0,0.8979591836734694,,No using Simple Imputer,No using Ordinal Hot,0.0010988712310791016,0.00011014938354492188
algerian_forest_fires_46279,simpleimputer,ordinalencoder,pca,robust,PassiveAggressiveClassifier(random_state=0),1,0.9795918367346939,,No using Simple Imputer,No using Ordinal Hot,0.0011658668518066406,0.00010967254638671875
algerian_forest_fires_46279,simpleimputer,ordinalencoder,pca,robust,PassiveAggressiveClassifier(random_state=0),2,0.9183673469387755,,No using Simple Imputer,No using Ordinal Hot,0.001094818115234375,0.00011038780212402344
algerian_forest_fires_46279,simpleimputer,ordinalencoder,pca,robust,PassiveAggressiveClassifier(random_state=0),3,0.9375,,No using Simple Imputer,No using Ordinal Hot,0.0013473033905029297,0.00011539459228515625
algerian_forest_fires_46279,simpleimputer,ordinalencoder,pca,robust,PassiveAggressiveClassifier(random_state=0),4,0.9791666666666666,,No using Simple Imputer,No using Ordinal Hot,0.0012192726135253906,0.00011181831359863281
algerian_forest_fires_46279,simpleimputer,ordinalencoder,fastica,robust,PassiveAggressiveClassifier(random_state=0),0,0.9387755102040817,,No using Simple Imputer,No using Ordinal Hot,0.0011768341064453125,0.00011396408081054688
algerian_forest_fires_46279,simpleimputer,ordinalencoder,fastica,robust,PassiveAggressiveClassifier(random_state=0),1,0.6530612244897959,,No using Simple Imputer,No using Ordinal Hot,0.0012319087982177734,0.00013208389282226562
algerian_forest_fires_46279,simpleimputer,ordinalencoder,fastica,robust,PassiveAggressiveClassifier(random_state=0),2,0.6938775510204082,,No using Simple Imputer,No using Ordinal Hot,0.0013918876647949219,0.00011754035949707031
algerian_forest_fires_46279,simpleimputer,ordinalencoder,fastica,robust,PassiveAggressiveClassifier(random_state=0),3,0.9583333333333334,,No using Simple Imputer,No using Ordinal Hot,0.0012183189392089844,0.00011730194091796875
algerian_forest_fires_46279,simpleimputer,ordinalencoder,fastica,robust,PassiveAggressiveClassifier(random_state=0),4,0.9375,,No using Simple Imputer,No using Ordinal Hot,0.0012774467468261719,0.00011968612670898438
algerian_forest_fires_46279,simpleimputer,ordinalencoder,truncated_svd,robust,PassiveAggressiveClassifier(random_state=0),0,0.8571428571428571,,No using Simple Imputer,No using Ordinal Hot,0.001172780990600586,0.00011348724365234375
algerian_forest_fires_46279,simpleimputer,ordinalencoder,truncated_svd,robust,PassiveAggressiveClassifier(random_state=0),1,0.8775510204081632,,No using Simple Imputer,No using Ordinal Hot,0.00139617919921875,0.00018668174743652344
algerian_forest_fires_46279,simpleimputer,ordinalencoder,truncated_svd,robust,PassiveAggressiveClassifier(random_state=0),2,0.7959183673469388,,No using Simple Imputer,No using Ordinal Hot,0.0011470317840576172,0.0001404285430908203
algerian_forest_fires_46279,simpleimputer,ordinalencoder,truncated_svd,robust,PassiveAggressiveClassifier(random_state=0),3,0.875,,No using Simple Imputer,No using Ordinal Hot,0.0011725425720214844,0.00011658668518066406
algerian_forest_fires_46279,simpleimputer,ordinalencoder,truncated_svd,robust,PassiveAggressiveClassifier(random_state=0),4,0.9583333333333334,,No using Simple Imputer,No using Ordinal Hot,0.001405954360961914,0.00013136863708496094
algerian_forest_fires_46279,simpleimputer,ordinalencoder,select_percentile,robust,PassiveAggressiveClassifier(random_state=0),0,0.9387755102040817,,No using Simple Imputer,No using Ordinal Hot,0.0012154579162597656,0.00012564659118652344
algerian_forest_fires_46279,simpleimputer,ordinalencoder,select_percentile,robust,PassiveAggressiveClassifier(random_state=0),1,0.9795918367346939,,No using Simple Imputer,No using Ordinal Hot,0.0012555122375488281,0.0001251697540283203
algerian_forest_fires_46279,simpleimputer,ordinalencoder,select_percentile,robust,PassiveAggressiveClassifier(random_state=0),2,0.9795918367346939,,No using Simple Imputer,No using Ordinal Hot,0.0011162757873535156,0.00014472007751464844
algerian_forest_fires_46279,simpleimputer,ordinalencoder,select_percentile,robust,PassiveAggressiveClassifier(random_state=0),3,0.9791666666666666,,No using Simple Imputer,No using Ordinal Hot,0.0011682510375976562,0.00011587142944335938
algerian_forest_fires_46279,simpleimputer,ordinalencoder,select_percentile,robust,PassiveAggressiveClassifier(random_state=0),4,1.0,,No using Simple Imputer,No using Ordinal Hot,0.0011763572692871094,0.00011444091796875
algerian_forest_fires_46279,simpleimputer,ordinalencoder,generic_univariate,robust,PassiveAggressiveClassifier(random_state=0),0,0.9591836734693877,,No using Simple Imputer,No using Ordinal Hot,0.0010902881622314453,0.00011110305786132812
algerian_forest_fires_46279,simpleimputer,ordinalencoder,generic_univariate,robust,PassiveAggressiveClassifier(random_state=0),1,1.0,,No using Simple Imputer,No using Ordinal Hot,0.0011184215545654297,0.00011348724365234375
algerian_forest_fires_46279,simpleimputer,ordinalencoder,generic_univariate,robust,PassiveAggressiveClassifier(random_state=0),2,0.9591836734693877,,No using Simple Imputer,No using Ordinal Hot,0.0010616779327392578,0.00011229515075683594
algerian_forest_fires_46279,simpleimputer,ordinalencoder,generic_univariate,robust,PassiveAggressiveClassifier(random_state=0),3,0.9375,,No using Simple Imputer,No using Ordinal Hot,0.0011088848114013672,0.00011754035949707031
algerian_forest_fires_46279,simpleimputer,ordinalencoder,generic_univariate,robust,PassiveAggressiveClassifier(random_state=0),4,0.9583333333333334,,No using Simple Imputer,No using Ordinal Hot,0.0010492801666259766,0.00011110305786132812
algerian_forest_fires_46279,simpleimputer,ordinalencoder,polynomial_features,robust,PassiveAggressiveClassifier(random_state=0),0,0.9795918367346939,,No using Simple Imputer,No using Ordinal Hot,0.0023288726806640625,0.00012111663818359375
algerian_forest_fires_46279,simpleimputer,ordinalencoder,polynomial_features,robust,PassiveAggressiveClassifier(random_state=0),1,0.9387755102040817,,No using Simple Imputer,No using Ordinal Hot,0.0014247894287109375,0.0001583099365234375
algerian_forest_fires_46279,simpleimputer,ordinalencoder,polynomial_features,robust,PassiveAggressiveClassifier(random_state=0),2,0.9795918367346939,,No using Simple Imputer,No using Ordinal Hot,0.001466989517211914,0.00012135505676269531
algerian_forest_fires_46279,simpleimputer,ordinalencoder,polynomial_features,robust,PassiveAggressiveClassifier(random_state=0),3,0.9583333333333334,,No using Simple Imputer,No using Ordinal Hot,0.0023546218872070312,0.0001430511474609375
algerian_forest_fires_46279,simpleimputer,ordinalencoder,polynomial_features,robust,PassiveAggressiveClassifier(random_state=0),4,0.9375,,No using Simple Imputer,No using Ordinal Hot,0.0018362998962402344,0.00014209747314453125
algerian_forest_fires_46279,simpleimputer,ordinalencoder,nystroem,robust,PassiveAggressiveClassifier(random_state=0),0,0.9591836734693877,,No using Simple Imputer,No using Ordinal Hot,0.0032885074615478516,0.0001461505889892578
algerian_forest_fires_46279,simpleimputer,ordinalencoder,nystroem,robust,PassiveAggressiveClassifier(random_state=0),1,0.9591836734693877,,No using Simple Imputer,No using Ordinal Hot,0.002912759780883789,0.00015473365783691406
algerian_forest_fires_46279,simpleimputer,ordinalencoder,nystroem,robust,PassiveAggressiveClassifier(random_state=0),2,0.9795918367346939,,No using Simple Imputer,No using Ordinal Hot,0.003722667694091797,0.00017905235290527344
algerian_forest_fires_46279,simpleimputer,ordinalencoder,nystroem,robust,PassiveAggressiveClassifier(random_state=0),3,0.9375,,No using Simple Imputer,No using Ordinal Hot,0.0027670860290527344,0.0001823902130126953
algerian_forest_fires_46279,simpleimputer,ordinalencoder,nystroem,robust,PassiveAggressiveClassifier(random_state=0),4,0.9166666666666666,,No using Simple Imputer,No using Ordinal Hot,0.002496480941772461,0.0001361370086669922
algerian_forest_fires_46279,simpleimputer,ordinalencoder,rbf_sampler,robust,PassiveAggressiveClassifier(random_state=0),0,0.6938775510204082,,No using Simple Imputer,No using Ordinal Hot,0.002190113067626953,0.00013184547424316406
algerian_forest_fires_46279,simpleimputer,ordinalencoder,rbf_sampler,robust,PassiveAggressiveClassifier(random_state=0),1,0.6326530612244898,,No using Simple Imputer,No using Ordinal Hot,0.0031690597534179688,0.00017905235290527344
algerian_forest_fires_46279,simpleimputer,ordinalencoder,rbf_sampler,robust,PassiveAggressiveClassifier(random_state=0),2,0.5918367346938775,,No using Simple Imputer,No using Ordinal Hot,0.0025191307067871094,0.00013256072998046875
algerian_forest_fires_46279,simpleimputer,ordinalencoder,rbf_sampler,robust,PassiveAggressiveClassifier(random_state=0),3,0.7291666666666666,,No using Simple Imputer,No using Ordinal Hot,0.0020127296447753906,0.000133514404296875
algerian_forest_fires_46279,simpleimputer,ordinalencoder,rbf_sampler,robust,PassiveAggressiveClassifier(random_state=0),4,0.6875,,No using Simple Imputer,No using Ordinal Hot,0.0026738643646240234,0.00013756752014160156
algerian_forest_fires_46279,simpleimputer,ordinalencoder,random_trees_embedding,robust,PassiveAggressiveClassifier(random_state=0),0,0.9591836734693877,,No using Simple Imputer,No using Ordinal Hot,0.0018112659454345703,0.0001373291015625
algerian_forest_fires_46279,simpleimputer,ordinalencoder,random_trees_embedding,robust,PassiveAggressiveClassifier(random_state=0),1,0.9591836734693877,,No using Simple Imputer,No using Ordinal Hot,0.001787424087524414,0.0001361370086669922
algerian_forest_fires_46279,simpleimputer,ordinalencoder,random_trees_embedding,robust,PassiveAggressiveClassifier(random_state=0),2,0.9591836734693877,,No using Simple Imputer,No using Ordinal Hot,0.0017940998077392578,0.00013566017150878906
algerian_forest_fires_46279,simpleimputer,ordinalencoder,random_trees_embedding,robust,PassiveAggressiveClassifier(random_state=0),3,0.9791666666666666,,No using Simple Imputer,No using Ordinal Hot,0.0018165111541748047,0.00013685226440429688
algerian_forest_fires_46279,simpleimputer,ordinalencoder,random_trees_embedding,robust,PassiveAggressiveClassifier(random_state=0),4,0.9375,,No using Simple Imputer,No using Ordinal Hot,0.0018057823181152344,0.00013566017150878906
algerian_forest_fires_46279,simpleimputer,ordinalencoder,feature_agglomeration,robust,PassiveAggressiveClassifier(random_state=0),0,0.8163265306122449,,No using Simple Imputer,No using Ordinal Hot,0.001116037368774414,0.00011658668518066406
algerian_forest_fires_46279,simpleimputer,ordinalencoder,feature_agglomeration,robust,PassiveAggressiveClassifier(random_state=0),1,0.8163265306122449,,No using Simple Imputer,No using Ordinal Hot,0.0011532306671142578,0.00011539459228515625
algerian_forest_fires_46279,simpleimputer,ordinalencoder,feature_agglomeration,robust,PassiveAggressiveClassifier(random_state=0),2,0.9183673469387755,,No using Simple Imputer,No using Ordinal Hot,0.0011544227600097656,0.00011515617370605469
algerian_forest_fires_46279,simpleimputer,ordinalencoder,feature_agglomeration,robust,PassiveAggressiveClassifier(random_state=0),3,0.8958333333333334,,No using Simple Imputer,No using Ordinal Hot,0.0012581348419189453,0.00012636184692382812
algerian_forest_fires_46279,simpleimputer,ordinalencoder,feature_agglomeration,robust,PassiveAggressiveClassifier(random_state=0),4,0.9166666666666666,,No using Simple Imputer,No using Ordinal Hot,0.001214742660522461,0.0001468658447265625
algerian_forest_fires_46279,simpleimputer,ordinalencoder,extra_tree,robust,PassiveAggressiveClassifier(random_state=0),0,0.9795918367346939,,No using Simple Imputer,No using Ordinal Hot,0.0012044906616210938,0.0001220703125
algerian_forest_fires_46279,simpleimputer,ordinalencoder,extra_tree,robust,PassiveAggressiveClassifier(random_state=0),1,0.9795918367346939,,No using Simple Imputer,No using Ordinal Hot,0.0012538433074951172,0.0001418590545654297
algerian_forest_fires_46279,simpleimputer,ordinalencoder,extra_tree,robust,PassiveAggressiveClassifier(random_state=0),2,1.0,,No using Simple Imputer,No using Ordinal Hot,0.0012526512145996094,0.00012111663818359375
algerian_forest_fires_46279,simpleimputer,ordinalencoder,extra_tree,robust,PassiveAggressiveClassifier(random_state=0),3,0.9375,,No using Simple Imputer,No using Ordinal Hot,0.001192331314086914,0.00011706352233886719
algerian_forest_fires_46279,simpleimputer,ordinalencoder,extra_tree,robust,PassiveAggressiveClassifier(random_state=0),4,1.0,,No using Simple Imputer,No using Ordinal Hot,0.001596212387084961,0.00012493133544921875
algerian_forest_fires_46279,simpleimputer,ordinalencoder,linear_svc,robust,PassiveAggressiveClassifier(random_state=0),0,0.9795918367346939,,No using Simple Imputer,No using Ordinal Hot,0.001192331314086914,0.00011777877807617188
algerian_forest_fires_46279,simpleimputer,ordinalencoder,linear_svc,robust,PassiveAggressiveClassifier(random_state=0),1,0.9795918367346939,,No using Simple Imputer,No using Ordinal Hot,0.0012471675872802734,0.00011992454528808594
algerian_forest_fires_46279,simpleimputer,ordinalencoder,linear_svc,robust,PassiveAggressiveClassifier(random_state=0),2,0.9795918367346939,,No using Simple Imputer,No using Ordinal Hot,0.0013175010681152344,0.00014281272888183594
algerian_forest_fires_46279,simpleimputer,ordinalencoder,linear_svc,robust,PassiveAggressiveClassifier(random_state=0),3,0.9791666666666666,,No using Simple Imputer,No using Ordinal Hot,0.0012955665588378906,0.00012755393981933594
algerian_forest_fires_46279,simpleimputer,ordinalencoder,linear_svc,robust,PassiveAggressiveClassifier(random_state=0),4,0.9583333333333334,,No using Simple Imputer,No using Ordinal Hot,0.0011243820190429688,0.00014257431030273438
algerian_forest_fires_46279,simpleimputer,ordinalencoder,kernel_pca,robust,PassiveAggressiveClassifier(random_state=0),0,0.8979591836734694,,No using Simple Imputer,No using Ordinal Hot,0.002424001693725586,0.00014138221740722656
algerian_forest_fires_46279,simpleimputer,ordinalencoder,kernel_pca,robust,PassiveAggressiveClassifier(random_state=0),1,0.9795918367346939,,No using Simple Imputer,No using Ordinal Hot,0.0054318904876708984,0.0002014636993408203
algerian_forest_fires_46279,simpleimputer,ordinalencoder,kernel_pca,robust,PassiveAggressiveClassifier(random_state=0),2,0.9183673469387755,,No using Simple Imputer,No using Ordinal Hot,0.0016095638275146484,0.0001621246337890625
algerian_forest_fires_46279,simpleimputer,ordinalencoder,kernel_pca,robust,PassiveAggressiveClassifier(random_state=0),3,0.9375,,No using Simple Imputer,No using Ordinal Hot,0.001819610595703125,0.00014400482177734375
algerian_forest_fires_46279,simpleimputer,ordinalencoder,kernel_pca,robust,PassiveAggressiveClassifier(random_state=0),4,0.9791666666666666,,No using Simple Imputer,No using Ordinal Hot,0.0046083927154541016,0.00015783309936523438
algerian_forest_fires_46279,simpleimputer,ordinalencoder,,normalizer,PassiveAggressiveClassifier(random_state=0),0,0.5510204081632653,,No using Simple Imputer,No using Ordinal Hot,0.001947164535522461,0.0017743110656738281
algerian_forest_fires_46279,simpleimputer,ordinalencoder,,normalizer,PassiveAggressiveClassifier(random_state=0),1,0.4489795918367347,,No using Simple Imputer,No using Ordinal Hot,0.0013306140899658203,0.00013113021850585938
algerian_forest_fires_46279,simpleimputer,ordinalencoder,,normalizer,PassiveAggressiveClassifier(random_state=0),2,0.5714285714285714,,No using Simple Imputer,No using Ordinal Hot,0.0013582706451416016,0.00012683868408203125
algerian_forest_fires_46279,simpleimputer,ordinalencoder,,normalizer,PassiveAggressiveClassifier(random_state=0),3,0.6041666666666666,,No using Simple Imputer,No using Ordinal Hot,0.0012736320495605469,0.0001289844512939453
algerian_forest_fires_46279,simpleimputer,ordinalencoder,,normalizer,PassiveAggressiveClassifier(random_state=0),4,0.5,,No using Simple Imputer,No using Ordinal Hot,0.0012850761413574219,0.00015997886657714844
algerian_forest_fires_46279,simpleimputer,ordinalencoder,pca,normalizer,PassiveAggressiveClassifier(random_state=0),0,0.7142857142857143,,No using Simple Imputer,No using Ordinal Hot,0.0015778541564941406,0.0001232624053955078
algerian_forest_fires_46279,simpleimputer,ordinalencoder,pca,normalizer,PassiveAggressiveClassifier(random_state=0),1,0.4489795918367347,,No using Simple Imputer,No using Ordinal Hot,0.00121307373046875,0.0001220703125
algerian_forest_fires_46279,simpleimputer,ordinalencoder,pca,normalizer,PassiveAggressiveClassifier(random_state=0),2,0.5918367346938775,,No using Simple Imputer,No using Ordinal Hot,0.0017979145050048828,0.00012135505676269531
algerian_forest_fires_46279,simpleimputer,ordinalencoder,pca,normalizer,PassiveAggressiveClassifier(random_state=0),3,0.8125,,No using Simple Imputer,No using Ordinal Hot,0.0017447471618652344,0.00011968612670898438
algerian_forest_fires_46279,simpleimputer,ordinalencoder,pca,normalizer,PassiveAggressiveClassifier(random_state=0),4,0.8958333333333334,,No using Simple Imputer,No using Ordinal Hot,0.001580953598022461,0.00012111663818359375
algerian_forest_fires_46279,simpleimputer,ordinalencoder,fastica,normalizer,PassiveAggressiveClassifier(random_state=0),0,0.9387755102040817,,No using Simple Imputer,No using Ordinal Hot,0.0012695789337158203,0.0001399517059326172
algerian_forest_fires_46279,simpleimputer,ordinalencoder,fastica,normalizer,PassiveAggressiveClassifier(random_state=0),1,0.9795918367346939,,No using Simple Imputer,No using Ordinal Hot,0.00138092041015625,0.0001423358917236328
algerian_forest_fires_46279,simpleimputer,ordinalencoder,fastica,normalizer,PassiveAggressiveClassifier(random_state=0),2,0.9795918367346939,,No using Simple Imputer,No using Ordinal Hot,0.001283407211303711,0.00012826919555664062
algerian_forest_fires_46279,simpleimputer,ordinalencoder,fastica,normalizer,PassiveAggressiveClassifier(random_state=0),3,0.9375,,No using Simple Imputer,No using Ordinal Hot,0.0012476444244384766,0.00011992454528808594
algerian_forest_fires_46279,simpleimputer,ordinalencoder,fastica,normalizer,PassiveAggressiveClassifier(random_state=0),4,1.0,,No using Simple Imputer,No using Ordinal Hot,0.0012810230255126953,0.0001227855682373047
algerian_forest_fires_46279,simpleimputer,ordinalencoder,truncated_svd,normalizer,PassiveAggressiveClassifier(random_state=0),0,0.5510204081632653,,No using Simple Imputer,No using Ordinal Hot,0.0011510848999023438,0.0001392364501953125
algerian_forest_fires_46279,simpleimputer,ordinalencoder,truncated_svd,normalizer,PassiveAggressiveClassifier(random_state=0),1,0.4489795918367347,,No using Simple Imputer,No using Ordinal Hot,0.0011005401611328125,0.00011324882507324219
algerian_forest_fires_46279,simpleimputer,ordinalencoder,truncated_svd,normalizer,PassiveAggressiveClassifier(random_state=0),2,0.5714285714285714,,No using Simple Imputer,No using Ordinal Hot,0.001222372055053711,0.00011658668518066406
algerian_forest_fires_46279,simpleimputer,ordinalencoder,truncated_svd,normalizer,PassiveAggressiveClassifier(random_state=0),3,0.6041666666666666,,No using Simple Imputer,No using Ordinal Hot,0.001116037368774414,0.00011539459228515625
algerian_forest_fires_46279,simpleimputer,ordinalencoder,truncated_svd,normalizer,PassiveAggressiveClassifier(random_state=0),4,0.5,,No using Simple Imputer,No using Ordinal Hot,0.0011212825775146484,0.00011467933654785156
algerian_forest_fires_46279,simpleimputer,ordinalencoder,select_percentile,normalizer,PassiveAggressiveClassifier(random_state=0),0,0.5510204081632653,,No using Simple Imputer,No using Ordinal Hot,0.001153707504272461,0.00011658668518066406
algerian_forest_fires_46279,simpleimputer,ordinalencoder,select_percentile,normalizer,PassiveAggressiveClassifier(random_state=0),1,0.4489795918367347,,No using Simple Imputer,No using Ordinal Hot,0.0011377334594726562,0.00011992454528808594
algerian_forest_fires_46279,simpleimputer,ordinalencoder,select_percentile,normalizer,PassiveAggressiveClassifier(random_state=0),2,0.5714285714285714,,No using Simple Imputer,No using Ordinal Hot,0.00118255615234375,0.0001316070556640625
algerian_forest_fires_46279,simpleimputer,ordinalencoder,select_percentile,normalizer,PassiveAggressiveClassifier(random_state=0),3,0.6041666666666666,,No using Simple Imputer,No using Ordinal Hot,0.0010743141174316406,0.00011372566223144531
algerian_forest_fires_46279,simpleimputer,ordinalencoder,select_percentile,normalizer,PassiveAggressiveClassifier(random_state=0),4,0.5416666666666666,,No using Simple Imputer,No using Ordinal Hot,0.0012044906616210938,0.0001385211944580078
algerian_forest_fires_46279,simpleimputer,ordinalencoder,generic_univariate,normalizer,PassiveAggressiveClassifier(random_state=0),0,0.5510204081632653,,No using Simple Imputer,No using Ordinal Hot,0.0010929107666015625,0.0002200603485107422
algerian_forest_fires_46279,simpleimputer,ordinalencoder,generic_univariate,normalizer,PassiveAggressiveClassifier(random_state=0),1,0.4489795918367347,,No using Simple Imputer,No using Ordinal Hot,0.0010275840759277344,0.00014662742614746094
algerian_forest_fires_46279,simpleimputer,ordinalencoder,generic_univariate,normalizer,PassiveAggressiveClassifier(random_state=0),2,0.5714285714285714,,No using Simple Imputer,No using Ordinal Hot,0.0012011528015136719,0.00011157989501953125
algerian_forest_fires_46279,simpleimputer,ordinalencoder,generic_univariate,normalizer,PassiveAggressiveClassifier(random_state=0),3,0.6041666666666666,,No using Simple Imputer,No using Ordinal Hot,0.001336812973022461,0.0001399517059326172
algerian_forest_fires_46279,simpleimputer,ordinalencoder,generic_univariate,normalizer,PassiveAggressiveClassifier(random_state=0),4,0.5416666666666666,,No using Simple Imputer,No using Ordinal Hot,0.0013911724090576172,0.00012993812561035156
algerian_forest_fires_46279,simpleimputer,ordinalencoder,polynomial_features,normalizer,PassiveAggressiveClassifier(random_state=0),0,0.5510204081632653,,No using Simple Imputer,No using Ordinal Hot,0.001703023910522461,0.0001323223114013672
algerian_forest_fires_46279,simpleimputer,ordinalencoder,polynomial_features,normalizer,PassiveAggressiveClassifier(random_state=0),1,0.5714285714285714,,No using Simple Imputer,No using Ordinal Hot,0.0022172927856445312,0.00013136863708496094
algerian_forest_fires_46279,simpleimputer,ordinalencoder,polynomial_features,normalizer,PassiveAggressiveClassifier(random_state=0),2,0.6122448979591837,,No using Simple Imputer,No using Ordinal Hot,0.0019826889038085938,0.00011992454528808594
algerian_forest_fires_46279,simpleimputer,ordinalencoder,polynomial_features,normalizer,PassiveAggressiveClassifier(random_state=0),3,0.8125,,No using Simple Imputer,No using Ordinal Hot,0.0026421546936035156,0.00012183189392089844
algerian_forest_fires_46279,simpleimputer,ordinalencoder,polynomial_features,normalizer,PassiveAggressiveClassifier(random_state=0),4,0.6041666666666666,,No using Simple Imputer,No using Ordinal Hot,0.0026061534881591797,0.00012040138244628906
algerian_forest_fires_46279,simpleimputer,ordinalencoder,nystroem,normalizer,PassiveAggressiveClassifier(random_state=0),0,0.5510204081632653,,No using Simple Imputer,No using Ordinal Hot,0.00194549560546875,0.00014019012451171875
algerian_forest_fires_46279,simpleimputer,ordinalencoder,nystroem,normalizer,PassiveAggressiveClassifier(random_state=0),1,0.4489795918367347,,No using Simple Imputer,No using Ordinal Hot,0.002733469009399414,0.00015044212341308594
algerian_forest_fires_46279,simpleimputer,ordinalencoder,nystroem,normalizer,PassiveAggressiveClassifier(random_state=0),2,0.5714285714285714,,No using Simple Imputer,No using Ordinal Hot,0.002326488494873047,0.0001804828643798828
algerian_forest_fires_46279,simpleimputer,ordinalencoder,nystroem,normalizer,PassiveAggressiveClassifier(random_state=0),3,0.6041666666666666,,No using Simple Imputer,No using Ordinal Hot,0.0022716522216796875,0.00018215179443359375
algerian_forest_fires_46279,simpleimputer,ordinalencoder,nystroem,normalizer,PassiveAggressiveClassifier(random_state=0),4,0.4583333333333333,,No using Simple Imputer,No using Ordinal Hot,0.0024483203887939453,0.00015020370483398438
algerian_forest_fires_46279,simpleimputer,ordinalencoder,rbf_sampler,normalizer,PassiveAggressiveClassifier(random_state=0),0,0.5510204081632653,,No using Simple Imputer,No using Ordinal Hot,0.0022101402282714844,0.00018167495727539062
algerian_forest_fires_46279,simpleimputer,ordinalencoder,rbf_sampler,normalizer,PassiveAggressiveClassifier(random_state=0),1,0.5306122448979592,,No using Simple Imputer,No using Ordinal Hot,0.0034117698669433594,0.0002086162567138672
algerian_forest_fires_46279,simpleimputer,ordinalencoder,rbf_sampler,normalizer,PassiveAggressiveClassifier(random_state=0),2,0.7551020408163265,,No using Simple Imputer,No using Ordinal Hot,0.0016207695007324219,0.00012302398681640625
algerian_forest_fires_46279,simpleimputer,ordinalencoder,rbf_sampler,normalizer,PassiveAggressiveClassifier(random_state=0),3,0.6041666666666666,,No using Simple Imputer,No using Ordinal Hot,0.0016589164733886719,0.0001251697540283203
algerian_forest_fires_46279,simpleimputer,ordinalencoder,rbf_sampler,normalizer,PassiveAggressiveClassifier(random_state=0),4,0.7708333333333334,,No using Simple Imputer,No using Ordinal Hot,0.0020313262939453125,0.0001251697540283203
algerian_forest_fires_46279,simpleimputer,ordinalencoder,random_trees_embedding,normalizer,PassiveAggressiveClassifier(random_state=0),0,0.9183673469387755,,No using Simple Imputer,No using Ordinal Hot,0.0019288063049316406,0.0001361370086669922
algerian_forest_fires_46279,simpleimputer,ordinalencoder,random_trees_embedding,normalizer,PassiveAggressiveClassifier(random_state=0),1,0.9591836734693877,,No using Simple Imputer,No using Ordinal Hot,0.0018842220306396484,0.0001380443572998047
algerian_forest_fires_46279,simpleimputer,ordinalencoder,random_trees_embedding,normalizer,PassiveAggressiveClassifier(random_state=0),2,1.0,,No using Simple Imputer,No using Ordinal Hot,0.001851797103881836,0.00016379356384277344
algerian_forest_fires_46279,simpleimputer,ordinalencoder,random_trees_embedding,normalizer,PassiveAggressiveClassifier(random_state=0),3,0.9375,,No using Simple Imputer,No using Ordinal Hot,0.001875162124633789,0.0001404285430908203
algerian_forest_fires_46279,simpleimputer,ordinalencoder,random_trees_embedding,normalizer,PassiveAggressiveClassifier(random_state=0),4,0.9583333333333334,,No using Simple Imputer,No using Ordinal Hot,0.001760721206665039,0.0001327991485595703
algerian_forest_fires_46279,simpleimputer,ordinalencoder,feature_agglomeration,normalizer,PassiveAggressiveClassifier(random_state=0),0,0.5510204081632653,,No using Simple Imputer,No using Ordinal Hot,0.0011684894561767578,0.00011563301086425781
algerian_forest_fires_46279,simpleimputer,ordinalencoder,feature_agglomeration,normalizer,PassiveAggressiveClassifier(random_state=0),1,0.4489795918367347,,No using Simple Imputer,No using Ordinal Hot,0.0012021064758300781,0.00012445449829101562
algerian_forest_fires_46279,simpleimputer,ordinalencoder,feature_agglomeration,normalizer,PassiveAggressiveClassifier(random_state=0),2,0.42857142857142855,,No using Simple Imputer,No using Ordinal Hot,0.0011210441589355469,0.00011682510375976562
algerian_forest_fires_46279,simpleimputer,ordinalencoder,feature_agglomeration,normalizer,PassiveAggressiveClassifier(random_state=0),3,0.6041666666666666,,No using Simple Imputer,No using Ordinal Hot,0.0011382102966308594,0.00011467933654785156
algerian_forest_fires_46279,simpleimputer,ordinalencoder,feature_agglomeration,normalizer,PassiveAggressiveClassifier(random_state=0),4,0.5416666666666666,,No using Simple Imputer,No using Ordinal Hot,0.0012166500091552734,0.0001125335693359375
algerian_forest_fires_46279,simpleimputer,ordinalencoder,extra_tree,normalizer,PassiveAggressiveClassifier(random_state=0),0,0.5510204081632653,,No using Simple Imputer,No using Ordinal Hot,0.0012316703796386719,0.00011968612670898438
algerian_forest_fires_46279,simpleimputer,ordinalencoder,extra_tree,normalizer,PassiveAggressiveClassifier(random_state=0),1,0.4489795918367347,,No using Simple Imputer,No using Ordinal Hot,0.0011861324310302734,0.00011730194091796875
algerian_forest_fires_46279,simpleimputer,ordinalencoder,extra_tree,normalizer,PassiveAggressiveClassifier(random_state=0),2,0.5714285714285714,,No using Simple Imputer,No using Ordinal Hot,0.0013477802276611328,0.00014162063598632812
algerian_forest_fires_46279,simpleimputer,ordinalencoder,extra_tree,normalizer,PassiveAggressiveClassifier(random_state=0),3,0.6041666666666666,,No using Simple Imputer,No using Ordinal Hot,0.0012507438659667969,0.00011754035949707031
algerian_forest_fires_46279,simpleimputer,ordinalencoder,extra_tree,normalizer,PassiveAggressiveClassifier(random_state=0),4,0.5416666666666666,,No using Simple Imputer,No using Ordinal Hot,0.001191854476928711,0.00011730194091796875
algerian_forest_fires_46279,simpleimputer,ordinalencoder,linear_svc,normalizer,PassiveAggressiveClassifier(random_state=0),0,0.8571428571428571,,No using Simple Imputer,No using Ordinal Hot,0.0016295909881591797,0.0001201629638671875
algerian_forest_fires_46279,simpleimputer,ordinalencoder,linear_svc,normalizer,PassiveAggressiveClassifier(random_state=0),1,0.4489795918367347,,No using Simple Imputer,No using Ordinal Hot,0.0011444091796875,0.00011658668518066406
algerian_forest_fires_46279,simpleimputer,ordinalencoder,linear_svc,normalizer,PassiveAggressiveClassifier(random_state=0),2,0.7959183673469388,,No using Simple Imputer,No using Ordinal Hot,0.0013992786407470703,0.00012445449829101562
algerian_forest_fires_46279,simpleimputer,ordinalencoder,linear_svc,normalizer,PassiveAggressiveClassifier(random_state=0),3,0.8125,,No using Simple Imputer,No using Ordinal Hot,0.0016870498657226562,0.0001308917999267578
algerian_forest_fires_46279,simpleimputer,ordinalencoder,linear_svc,normalizer,PassiveAggressiveClassifier(random_state=0),4,0.8958333333333334,,No using Simple Imputer,No using Ordinal Hot,0.0012471675872802734,0.00013637542724609375
algerian_forest_fires_46279,simpleimputer,ordinalencoder,kernel_pca,normalizer,PassiveAggressiveClassifier(random_state=0),0,0.7142857142857143,,No using Simple Imputer,No using Ordinal Hot,0.002016782760620117,0.00019049644470214844
algerian_forest_fires_46279,simpleimputer,ordinalencoder,kernel_pca,normalizer,PassiveAggressiveClassifier(random_state=0),1,0.4489795918367347,,No using Simple Imputer,No using Ordinal Hot,0.001828908920288086,0.00019860267639160156
algerian_forest_fires_46279,simpleimputer,ordinalencoder,kernel_pca,normalizer,PassiveAggressiveClassifier(random_state=0),2,0.5918367346938775,,No using Simple Imputer,No using Ordinal Hot,0.002317190170288086,0.0001442432403564453
algerian_forest_fires_46279,simpleimputer,ordinalencoder,kernel_pca,normalizer,PassiveAggressiveClassifier(random_state=0),3,0.8125,,No using Simple Imputer,No using Ordinal Hot,0.0023589134216308594,0.00014638900756835938
algerian_forest_fires_46279,simpleimputer,ordinalencoder,kernel_pca,normalizer,PassiveAggressiveClassifier(random_state=0),4,0.8958333333333334,,No using Simple Imputer,No using Ordinal Hot,0.0027725696563720703,0.00014734268188476562
algerian_forest_fires_46279,simpleimputer,ordinalencoder,,power,PassiveAggressiveClassifier(random_state=0),0,1.0,,No using Simple Imputer,No using Ordinal Hot,0.0015521049499511719,0.00013566017150878906
algerian_forest_fires_46279,simpleimputer,ordinalencoder,,power,PassiveAggressiveClassifier(random_state=0),1,0.9795918367346939,,No using Simple Imputer,No using Ordinal Hot,0.0015261173248291016,0.00012612342834472656
algerian_forest_fires_46279,simpleimputer,ordinalencoder,,power,PassiveAggressiveClassifier(random_state=0),2,0.9591836734693877,,No using Simple Imputer,No using Ordinal Hot,0.0013968944549560547,0.00029015541076660156
algerian_forest_fires_46279,simpleimputer,ordinalencoder,,power,PassiveAggressiveClassifier(random_state=0),3,0.9791666666666666,,No using Simple Imputer,No using Ordinal Hot,0.0012373924255371094,0.00011849403381347656
algerian_forest_fires_46279,simpleimputer,ordinalencoder,,power,PassiveAggressiveClassifier(random_state=0),4,0.9791666666666666,,No using Simple Imputer,No using Ordinal Hot,0.0013885498046875,0.00011610984802246094
algerian_forest_fires_46279,simpleimputer,ordinalencoder,pca,power,PassiveAggressiveClassifier(random_state=0),0,1.0,,No using Simple Imputer,No using Ordinal Hot,0.001168966293334961,0.00011301040649414062
algerian_forest_fires_46279,simpleimputer,ordinalencoder,pca,power,PassiveAggressiveClassifier(random_state=0),1,0.9795918367346939,,No using Simple Imputer,No using Ordinal Hot,0.0012755393981933594,0.0001163482666015625
algerian_forest_fires_46279,simpleimputer,ordinalencoder,pca,power,PassiveAggressiveClassifier(random_state=0),2,0.9591836734693877,,No using Simple Imputer,No using Ordinal Hot,0.0013263225555419922,0.00011944770812988281
algerian_forest_fires_46279,simpleimputer,ordinalencoder,pca,power,PassiveAggressiveClassifier(random_state=0),3,0.9791666666666666,,No using Simple Imputer,No using Ordinal Hot,0.001216888427734375,0.00011658668518066406
algerian_forest_fires_46279,simpleimputer,ordinalencoder,pca,power,PassiveAggressiveClassifier(random_state=0),4,0.9791666666666666,,No using Simple Imputer,No using Ordinal Hot,0.0015263557434082031,0.00012755393981933594
algerian_forest_fires_46279,simpleimputer,ordinalencoder,fastica,power,PassiveAggressiveClassifier(random_state=0),0,0.9795918367346939,,No using Simple Imputer,No using Ordinal Hot,0.0013175010681152344,0.00011897087097167969
algerian_forest_fires_46279,simpleimputer,ordinalencoder,fastica,power,PassiveAggressiveClassifier(random_state=0),1,0.9795918367346939,,No using Simple Imputer,No using Ordinal Hot,0.0013277530670166016,0.00011849403381347656
algerian_forest_fires_46279,simpleimputer,ordinalencoder,fastica,power,PassiveAggressiveClassifier(random_state=0),2,0.9591836734693877,,No using Simple Imputer,No using Ordinal Hot,0.0013217926025390625,0.00011706352233886719
algerian_forest_fires_46279,simpleimputer,ordinalencoder,fastica,power,PassiveAggressiveClassifier(random_state=0),3,0.9583333333333334,,No using Simple Imputer,No using Ordinal Hot,0.0012218952178955078,0.00014090538024902344
algerian_forest_fires_46279,simpleimputer,ordinalencoder,fastica,power,PassiveAggressiveClassifier(random_state=0),4,0.9583333333333334,,No using Simple Imputer,No using Ordinal Hot,0.0012481212615966797,0.0001163482666015625
algerian_forest_fires_46279,simpleimputer,ordinalencoder,truncated_svd,power,PassiveAggressiveClassifier(random_state=0),0,0.8979591836734694,,No using Simple Imputer,No using Ordinal Hot,0.0011496543884277344,0.00011610984802246094
algerian_forest_fires_46279,simpleimputer,ordinalencoder,truncated_svd,power,PassiveAggressiveClassifier(random_state=0),1,0.8979591836734694,,No using Simple Imputer,No using Ordinal Hot,0.0011723041534423828,0.0001404285430908203
algerian_forest_fires_46279,simpleimputer,ordinalencoder,truncated_svd,power,PassiveAggressiveClassifier(random_state=0),2,0.8775510204081632,,No using Simple Imputer,No using Ordinal Hot,0.0010807514190673828,0.0001361370086669922
algerian_forest_fires_46279,simpleimputer,ordinalencoder,truncated_svd,power,PassiveAggressiveClassifier(random_state=0),3,0.6041666666666666,,No using Simple Imputer,No using Ordinal Hot,0.0010783672332763672,0.00011181831359863281
algerian_forest_fires_46279,simpleimputer,ordinalencoder,truncated_svd,power,PassiveAggressiveClassifier(random_state=0),4,0.9583333333333334,,No using Simple Imputer,No using Ordinal Hot,0.001138925552368164,0.00011420249938964844
algerian_forest_fires_46279,simpleimputer,ordinalencoder,select_percentile,power,PassiveAggressiveClassifier(random_state=0),0,0.9591836734693877,,No using Simple Imputer,No using Ordinal Hot,0.0010900497436523438,0.00011396408081054688
algerian_forest_fires_46279,simpleimputer,ordinalencoder,select_percentile,power,PassiveAggressiveClassifier(random_state=0),1,0.9795918367346939,,No using Simple Imputer,No using Ordinal Hot,0.001127481460571289,0.00011420249938964844
algerian_forest_fires_46279,simpleimputer,ordinalencoder,select_percentile,power,PassiveAggressiveClassifier(random_state=0),2,0.9387755102040817,,No using Simple Imputer,No using Ordinal Hot,0.0010895729064941406,0.00011587142944335938
algerian_forest_fires_46279,simpleimputer,ordinalencoder,select_percentile,power,PassiveAggressiveClassifier(random_state=0),3,0.9583333333333334,,No using Simple Imputer,No using Ordinal Hot,0.0011937618255615234,0.00011777877807617188
algerian_forest_fires_46279,simpleimputer,ordinalencoder,select_percentile,power,PassiveAggressiveClassifier(random_state=0),4,0.9791666666666666,,No using Simple Imputer,No using Ordinal Hot,0.0011527538299560547,0.00011420249938964844
algerian_forest_fires_46279,simpleimputer,ordinalencoder,generic_univariate,power,PassiveAggressiveClassifier(random_state=0),0,0.8979591836734694,,No using Simple Imputer,No using Ordinal Hot,0.001207590103149414,0.00012254714965820312
algerian_forest_fires_46279,simpleimputer,ordinalencoder,generic_univariate,power,PassiveAggressiveClassifier(random_state=0),1,0.9387755102040817,,No using Simple Imputer,No using Ordinal Hot,0.0011036396026611328,0.0001125335693359375
algerian_forest_fires_46279,simpleimputer,ordinalencoder,generic_univariate,power,PassiveAggressiveClassifier(random_state=0),2,0.9387755102040817,,No using Simple Imputer,No using Ordinal Hot,0.0010745525360107422,0.00013518333435058594
algerian_forest_fires_46279,simpleimputer,ordinalencoder,generic_univariate,power,PassiveAggressiveClassifier(random_state=0),3,0.9583333333333334,,No using Simple Imputer,No using Ordinal Hot,0.0011556148529052734,0.00011396408081054688
algerian_forest_fires_46279,simpleimputer,ordinalencoder,generic_univariate,power,PassiveAggressiveClassifier(random_state=0),4,0.9583333333333334,,No using Simple Imputer,No using Ordinal Hot,0.0011742115020751953,0.00014090538024902344
algerian_forest_fires_46279,simpleimputer,ordinalencoder,polynomial_features,power,PassiveAggressiveClassifier(random_state=0),0,0.9591836734693877,,No using Simple Imputer,No using Ordinal Hot,0.0020253658294677734,0.00012350082397460938
algerian_forest_fires_46279,simpleimputer,ordinalencoder,polynomial_features,power,PassiveAggressiveClassifier(random_state=0),1,0.9387755102040817,,No using Simple Imputer,No using Ordinal Hot,0.0021708011627197266,0.0001239776611328125
algerian_forest_fires_46279,simpleimputer,ordinalencoder,polynomial_features,power,PassiveAggressiveClassifier(random_state=0),2,0.9795918367346939,,No using Simple Imputer,No using Ordinal Hot,0.0021173954010009766,0.0001227855682373047
algerian_forest_fires_46279,simpleimputer,ordinalencoder,polynomial_features,power,PassiveAggressiveClassifier(random_state=0),3,0.9375,,No using Simple Imputer,No using Ordinal Hot,0.0019359588623046875,0.00012111663818359375
algerian_forest_fires_46279,simpleimputer,ordinalencoder,polynomial_features,power,PassiveAggressiveClassifier(random_state=0),4,0.9375,,No using Simple Imputer,No using Ordinal Hot,0.0020966529846191406,0.00013184547424316406
algerian_forest_fires_46279,simpleimputer,ordinalencoder,nystroem,power,PassiveAggressiveClassifier(random_state=0),0,0.9795918367346939,,No using Simple Imputer,No using Ordinal Hot,0.0021529197692871094,0.0001423358917236328
algerian_forest_fires_46279,simpleimputer,ordinalencoder,nystroem,power,PassiveAggressiveClassifier(random_state=0),1,0.9591836734693877,,No using Simple Imputer,No using Ordinal Hot,0.0021657943725585938,0.00013899803161621094
algerian_forest_fires_46279,simpleimputer,ordinalencoder,nystroem,power,PassiveAggressiveClassifier(random_state=0),2,0.9795918367346939,,No using Simple Imputer,No using Ordinal Hot,0.0025370121002197266,0.00014090538024902344
algerian_forest_fires_46279,simpleimputer,ordinalencoder,nystroem,power,PassiveAggressiveClassifier(random_state=0),3,0.9791666666666666,,No using Simple Imputer,No using Ordinal Hot,0.002110004425048828,0.0001442432403564453
algerian_forest_fires_46279,simpleimputer,ordinalencoder,nystroem,power,PassiveAggressiveClassifier(random_state=0),4,0.9583333333333334,,No using Simple Imputer,No using Ordinal Hot,0.002454519271850586,0.00014281272888183594
algerian_forest_fires_46279,simpleimputer,ordinalencoder,rbf_sampler,power,PassiveAggressiveClassifier(random_state=0),0,0.4897959183673469,,No using Simple Imputer,No using Ordinal Hot,0.0040264129638671875,0.00014472007751464844
algerian_forest_fires_46279,simpleimputer,ordinalencoder,rbf_sampler,power,PassiveAggressiveClassifier(random_state=0),1,0.6530612244897959,,No using Simple Imputer,No using Ordinal Hot,0.003718137741088867,0.00012946128845214844
algerian_forest_fires_46279,simpleimputer,ordinalencoder,rbf_sampler,power,PassiveAggressiveClassifier(random_state=0),2,0.6530612244897959,,No using Simple Imputer,No using Ordinal Hot,0.0029876232147216797,0.00012826919555664062
algerian_forest_fires_46279,simpleimputer,ordinalencoder,rbf_sampler,power,PassiveAggressiveClassifier(random_state=0),3,0.6041666666666666,,No using Simple Imputer,No using Ordinal Hot,0.0029387474060058594,0.0001251697540283203
algerian_forest_fires_46279,simpleimputer,ordinalencoder,rbf_sampler,power,PassiveAggressiveClassifier(random_state=0),4,0.6041666666666666,,No using Simple Imputer,No using Ordinal Hot,0.0022461414337158203,0.00012421607971191406
algerian_forest_fires_46279,simpleimputer,ordinalencoder,random_trees_embedding,power,PassiveAggressiveClassifier(random_state=0),0,1.0,,No using Simple Imputer,No using Ordinal Hot,0.0019488334655761719,0.00017499923706054688
algerian_forest_fires_46279,simpleimputer,ordinalencoder,random_trees_embedding,power,PassiveAggressiveClassifier(random_state=0),1,0.9795918367346939,,No using Simple Imputer,No using Ordinal Hot,0.0017838478088378906,0.0001544952392578125
algerian_forest_fires_46279,simpleimputer,ordinalencoder,random_trees_embedding,power,PassiveAggressiveClassifier(random_state=0),2,0.9795918367346939,,No using Simple Imputer,No using Ordinal Hot,0.001791238784790039,0.0001327991485595703
algerian_forest_fires_46279,simpleimputer,ordinalencoder,random_trees_embedding,power,PassiveAggressiveClassifier(random_state=0),3,0.9583333333333334,,No using Simple Imputer,No using Ordinal Hot,0.0017216205596923828,0.00013566017150878906
algerian_forest_fires_46279,simpleimputer,ordinalencoder,random_trees_embedding,power,PassiveAggressiveClassifier(random_state=0),4,0.9583333333333334,,No using Simple Imputer,No using Ordinal Hot,0.0016684532165527344,0.0001342296600341797
algerian_forest_fires_46279,simpleimputer,ordinalencoder,feature_agglomeration,power,PassiveAggressiveClassifier(random_state=0),0,0.7959183673469388,,No using Simple Imputer,No using Ordinal Hot,0.0011830329895019531,0.000125885009765625
algerian_forest_fires_46279,simpleimputer,ordinalencoder,feature_agglomeration,power,PassiveAggressiveClassifier(random_state=0),1,0.9183673469387755,,No using Simple Imputer,No using Ordinal Hot,0.0011010169982910156,0.00011515617370605469
algerian_forest_fires_46279,simpleimputer,ordinalencoder,feature_agglomeration,power,PassiveAggressiveClassifier(random_state=0),2,0.8775510204081632,,No using Simple Imputer,No using Ordinal Hot,0.0011801719665527344,0.0001201629638671875
algerian_forest_fires_46279,simpleimputer,ordinalencoder,feature_agglomeration,power,PassiveAggressiveClassifier(random_state=0),3,0.875,,No using Simple Imputer,No using Ordinal Hot,0.0011546611785888672,0.00011658668518066406
algerian_forest_fires_46279,simpleimputer,ordinalencoder,feature_agglomeration,power,PassiveAggressiveClassifier(random_state=0),4,0.9375,,No using Simple Imputer,No using Ordinal Hot,0.0011227130889892578,0.00011539459228515625
algerian_forest_fires_46279,simpleimputer,ordinalencoder,extra_tree,power,PassiveAggressiveClassifier(random_state=0),0,0.9795918367346939,,No using Simple Imputer,No using Ordinal Hot,0.0011680126190185547,0.0001468658447265625
algerian_forest_fires_46279,simpleimputer,ordinalencoder,extra_tree,power,PassiveAggressiveClassifier(random_state=0),1,0.9795918367346939,,No using Simple Imputer,No using Ordinal Hot,0.001203775405883789,0.0001227855682373047
algerian_forest_fires_46279,simpleimputer,ordinalencoder,extra_tree,power,PassiveAggressiveClassifier(random_state=0),2,1.0,,No using Simple Imputer,No using Ordinal Hot,0.0011680126190185547,0.00011777877807617188
algerian_forest_fires_46279,simpleimputer,ordinalencoder,extra_tree,power,PassiveAggressiveClassifier(random_state=0),3,0.9375,,No using Simple Imputer,No using Ordinal Hot,0.0011837482452392578,0.00011849403381347656
algerian_forest_fires_46279,simpleimputer,ordinalencoder,extra_tree,power,PassiveAggressiveClassifier(random_state=0),4,0.9791666666666666,,No using Simple Imputer,No using Ordinal Hot,0.0012192726135253906,0.0001399517059326172
algerian_forest_fires_46279,simpleimputer,ordinalencoder,linear_svc,power,PassiveAggressiveClassifier(random_state=0),0,1.0,,No using Simple Imputer,No using Ordinal Hot,0.001132965087890625,0.00011754035949707031
algerian_forest_fires_46279,simpleimputer,ordinalencoder,linear_svc,power,PassiveAggressiveClassifier(random_state=0),1,0.9795918367346939,,No using Simple Imputer,No using Ordinal Hot,0.0012242794036865234,0.00011944770812988281
algerian_forest_fires_46279,simpleimputer,ordinalencoder,linear_svc,power,PassiveAggressiveClassifier(random_state=0),2,1.0,,No using Simple Imputer,No using Ordinal Hot,0.0011637210845947266,0.00011801719665527344
algerian_forest_fires_46279,simpleimputer,ordinalencoder,linear_svc,power,PassiveAggressiveClassifier(random_state=0),3,1.0,,No using Simple Imputer,No using Ordinal Hot,0.0012803077697753906,0.00013875961303710938
algerian_forest_fires_46279,simpleimputer,ordinalencoder,linear_svc,power,PassiveAggressiveClassifier(random_state=0),4,1.0,,No using Simple Imputer,No using Ordinal Hot,0.0012733936309814453,0.00011754035949707031
algerian_forest_fires_46279,simpleimputer,ordinalencoder,kernel_pca,power,PassiveAggressiveClassifier(random_state=0),0,1.0,,No using Simple Imputer,No using Ordinal Hot,0.0014781951904296875,0.0001609325408935547
algerian_forest_fires_46279,simpleimputer,ordinalencoder,kernel_pca,power,PassiveAggressiveClassifier(random_state=0),1,0.9795918367346939,,No using Simple Imputer,No using Ordinal Hot,0.001592397689819336,0.00016021728515625
algerian_forest_fires_46279,simpleimputer,ordinalencoder,kernel_pca,power,PassiveAggressiveClassifier(random_state=0),2,0.9591836734693877,,No using Simple Imputer,No using Ordinal Hot,0.0015516281127929688,0.00013947486877441406
algerian_forest_fires_46279,simpleimputer,ordinalencoder,kernel_pca,power,PassiveAggressiveClassifier(random_state=0),3,0.9791666666666666,,No using Simple Imputer,No using Ordinal Hot,0.0015516281127929688,0.00013875961303710938
algerian_forest_fires_46279,simpleimputer,ordinalencoder,kernel_pca,power,PassiveAggressiveClassifier(random_state=0),4,0.9791666666666666,,No using Simple Imputer,No using Ordinal Hot,0.00177001953125,0.00013780593872070312
algerian_forest_fires_46279,simpleimputer,ordinalencoder,,quantile,PassiveAggressiveClassifier(random_state=0),0,0.9183673469387755,,No using Simple Imputer,No using Ordinal Hot,0.0017211437225341797,0.00017547607421875
algerian_forest_fires_46279,simpleimputer,ordinalencoder,,quantile,PassiveAggressiveClassifier(random_state=0),1,0.9591836734693877,,No using Simple Imputer,No using Ordinal Hot,0.0013849735260009766,0.00013065338134765625
algerian_forest_fires_46279,simpleimputer,ordinalencoder,,quantile,PassiveAggressiveClassifier(random_state=0),2,0.9387755102040817,,No using Simple Imputer,No using Ordinal Hot,0.0014920234680175781,0.00013184547424316406
algerian_forest_fires_46279,simpleimputer,ordinalencoder,,quantile,PassiveAggressiveClassifier(random_state=0),3,0.9583333333333334,,No using Simple Imputer,No using Ordinal Hot,0.0012180805206298828,0.00011920928955078125
algerian_forest_fires_46279,simpleimputer,ordinalencoder,,quantile,PassiveAggressiveClassifier(random_state=0),4,0.9583333333333334,,No using Simple Imputer,No using Ordinal Hot,0.00122833251953125,0.00012063980102539062
algerian_forest_fires_46279,simpleimputer,ordinalencoder,pca,quantile,PassiveAggressiveClassifier(random_state=0),0,0.9795918367346939,,No using Simple Imputer,No using Ordinal Hot,0.0012056827545166016,0.00012230873107910156
algerian_forest_fires_46279,simpleimputer,ordinalencoder,pca,quantile,PassiveAggressiveClassifier(random_state=0),1,0.9795918367346939,,No using Simple Imputer,No using Ordinal Hot,0.0012595653533935547,0.00011992454528808594
algerian_forest_fires_46279,simpleimputer,ordinalencoder,pca,quantile,PassiveAggressiveClassifier(random_state=0),2,0.9795918367346939,,No using Simple Imputer,No using Ordinal Hot,0.0014967918395996094,0.00012540817260742188
algerian_forest_fires_46279,simpleimputer,ordinalencoder,pca,quantile,PassiveAggressiveClassifier(random_state=0),3,0.9583333333333334,,No using Simple Imputer,No using Ordinal Hot,0.001247406005859375,0.00012230873107910156
algerian_forest_fires_46279,simpleimputer,ordinalencoder,pca,quantile,PassiveAggressiveClassifier(random_state=0),4,0.9583333333333334,,No using Simple Imputer,No using Ordinal Hot,0.0012180805206298828,0.00011873245239257812
algerian_forest_fires_46279,simpleimputer,ordinalencoder,fastica,quantile,PassiveAggressiveClassifier(random_state=0),0,0.9591836734693877,,No using Simple Imputer,No using Ordinal Hot,0.001354217529296875,0.00012302398681640625
algerian_forest_fires_46279,simpleimputer,ordinalencoder,fastica,quantile,PassiveAggressiveClassifier(random_state=0),1,0.9795918367346939,,No using Simple Imputer,No using Ordinal Hot,0.001493692398071289,0.0001239776611328125
algerian_forest_fires_46279,simpleimputer,ordinalencoder,fastica,quantile,PassiveAggressiveClassifier(random_state=0),2,0.9591836734693877,,No using Simple Imputer,No using Ordinal Hot,0.0012509822845458984,0.00012111663818359375
algerian_forest_fires_46279,simpleimputer,ordinalencoder,fastica,quantile,PassiveAggressiveClassifier(random_state=0),3,1.0,,No using Simple Imputer,No using Ordinal Hot,0.0012977123260498047,0.0001430511474609375
algerian_forest_fires_46279,simpleimputer,ordinalencoder,fastica,quantile,PassiveAggressiveClassifier(random_state=0),4,0.9166666666666666,,No using Simple Imputer,No using Ordinal Hot,0.0013222694396972656,0.00014901161193847656
algerian_forest_fires_46279,simpleimputer,ordinalencoder,truncated_svd,quantile,PassiveAggressiveClassifier(random_state=0),0,0.7551020408163265,,No using Simple Imputer,No using Ordinal Hot,0.001172780990600586,0.00011539459228515625
algerian_forest_fires_46279,simpleimputer,ordinalencoder,truncated_svd,quantile,PassiveAggressiveClassifier(random_state=0),1,0.8775510204081632,,No using Simple Imputer,No using Ordinal Hot,0.0011475086212158203,0.00012087821960449219
algerian_forest_fires_46279,simpleimputer,ordinalencoder,truncated_svd,quantile,PassiveAggressiveClassifier(random_state=0),2,0.8979591836734694,,No using Simple Imputer,No using Ordinal Hot,0.0011322498321533203,0.00011730194091796875
algerian_forest_fires_46279,simpleimputer,ordinalencoder,truncated_svd,quantile,PassiveAggressiveClassifier(random_state=0),3,0.9166666666666666,,No using Simple Imputer,No using Ordinal Hot,0.001321554183959961,0.0001308917999267578
algerian_forest_fires_46279,simpleimputer,ordinalencoder,truncated_svd,quantile,PassiveAggressiveClassifier(random_state=0),4,0.9583333333333334,,No using Simple Imputer,No using Ordinal Hot,0.0012331008911132812,0.00012540817260742188
algerian_forest_fires_46279,simpleimputer,ordinalencoder,select_percentile,quantile,PassiveAggressiveClassifier(random_state=0),0,0.9387755102040817,,No using Simple Imputer,No using Ordinal Hot,0.0011296272277832031,0.0001392364501953125
algerian_forest_fires_46279,simpleimputer,ordinalencoder,select_percentile,quantile,PassiveAggressiveClassifier(random_state=0),1,0.9795918367346939,,No using Simple Imputer,No using Ordinal Hot,0.0012447834014892578,0.00011754035949707031
algerian_forest_fires_46279,simpleimputer,ordinalencoder,select_percentile,quantile,PassiveAggressiveClassifier(random_state=0),2,0.9795918367346939,,No using Simple Imputer,No using Ordinal Hot,0.001140594482421875,0.000118255615234375
algerian_forest_fires_46279,simpleimputer,ordinalencoder,select_percentile,quantile,PassiveAggressiveClassifier(random_state=0),3,1.0,,No using Simple Imputer,No using Ordinal Hot,0.0012309551239013672,0.00011777877807617188
algerian_forest_fires_46279,simpleimputer,ordinalencoder,select_percentile,quantile,PassiveAggressiveClassifier(random_state=0),4,1.0,,No using Simple Imputer,No using Ordinal Hot,0.0012052059173583984,0.00011658668518066406
algerian_forest_fires_46279,simpleimputer,ordinalencoder,generic_univariate,quantile,PassiveAggressiveClassifier(random_state=0),0,0.9183673469387755,,No using Simple Imputer,No using Ordinal Hot,0.0012981891632080078,0.00011801719665527344
algerian_forest_fires_46279,simpleimputer,ordinalencoder,generic_univariate,quantile,PassiveAggressiveClassifier(random_state=0),1,0.9795918367346939,,No using Simple Imputer,No using Ordinal Hot,0.0012273788452148438,0.0001163482666015625
algerian_forest_fires_46279,simpleimputer,ordinalencoder,generic_univariate,quantile,PassiveAggressiveClassifier(random_state=0),2,0.9591836734693877,,No using Simple Imputer,No using Ordinal Hot,0.0011661052703857422,0.00013780593872070312
algerian_forest_fires_46279,simpleimputer,ordinalencoder,generic_univariate,quantile,PassiveAggressiveClassifier(random_state=0),3,0.9583333333333334,,No using Simple Imputer,No using Ordinal Hot,0.001219034194946289,0.0001289844512939453
algerian_forest_fires_46279,simpleimputer,ordinalencoder,generic_univariate,quantile,PassiveAggressiveClassifier(random_state=0),4,1.0,,No using Simple Imputer,No using Ordinal Hot,0.0011768341064453125,0.00011372566223144531
algerian_forest_fires_46279,simpleimputer,ordinalencoder,polynomial_features,quantile,PassiveAggressiveClassifier(random_state=0),0,0.9795918367346939,,No using Simple Imputer,No using Ordinal Hot,0.0018489360809326172,0.00013875961303710938
algerian_forest_fires_46279,simpleimputer,ordinalencoder,polynomial_features,quantile,PassiveAggressiveClassifier(random_state=0),1,0.9591836734693877,,No using Simple Imputer,No using Ordinal Hot,0.0021381378173828125,0.00012636184692382812
algerian_forest_fires_46279,simpleimputer,ordinalencoder,polynomial_features,quantile,PassiveAggressiveClassifier(random_state=0),2,0.9591836734693877,,No using Simple Imputer,No using Ordinal Hot,0.002048015594482422,0.00012445449829101562
algerian_forest_fires_46279,simpleimputer,ordinalencoder,polynomial_features,quantile,PassiveAggressiveClassifier(random_state=0),3,0.9583333333333334,,No using Simple Imputer,No using Ordinal Hot,0.0017192363739013672,0.00012230873107910156
algerian_forest_fires_46279,simpleimputer,ordinalencoder,polynomial_features,quantile,PassiveAggressiveClassifier(random_state=0),4,0.9375,,No using Simple Imputer,No using Ordinal Hot,0.0022382736206054688,0.0001239776611328125
algerian_forest_fires_46279,simpleimputer,ordinalencoder,nystroem,quantile,PassiveAggressiveClassifier(random_state=0),0,0.9591836734693877,,No using Simple Imputer,No using Ordinal Hot,0.002986431121826172,0.0001366138458251953
algerian_forest_fires_46279,simpleimputer,ordinalencoder,nystroem,quantile,PassiveAggressiveClassifier(random_state=0),1,0.9795918367346939,,No using Simple Imputer,No using Ordinal Hot,0.0024895668029785156,0.00014472007751464844
algerian_forest_fires_46279,simpleimputer,ordinalencoder,nystroem,quantile,PassiveAggressiveClassifier(random_state=0),2,0.8979591836734694,,No using Simple Imputer,No using Ordinal Hot,0.0017724037170410156,0.0001418590545654297
algerian_forest_fires_46279,simpleimputer,ordinalencoder,nystroem,quantile,PassiveAggressiveClassifier(random_state=0),3,0.9583333333333334,,No using Simple Imputer,No using Ordinal Hot,0.002262592315673828,0.00018310546875
algerian_forest_fires_46279,simpleimputer,ordinalencoder,nystroem,quantile,PassiveAggressiveClassifier(random_state=0),4,0.9791666666666666,,No using Simple Imputer,No using Ordinal Hot,0.0022306442260742188,0.0001385211944580078
algerian_forest_fires_46279,simpleimputer,ordinalencoder,rbf_sampler,quantile,PassiveAggressiveClassifier(random_state=0),0,0.9591836734693877,,No using Simple Imputer,No using Ordinal Hot,0.0026521682739257812,0.0001468658447265625
algerian_forest_fires_46279,simpleimputer,ordinalencoder,rbf_sampler,quantile,PassiveAggressiveClassifier(random_state=0),1,0.9591836734693877,,No using Simple Imputer,No using Ordinal Hot,0.0020003318786621094,0.00013017654418945312
algerian_forest_fires_46279,simpleimputer,ordinalencoder,rbf_sampler,quantile,PassiveAggressiveClassifier(random_state=0),2,0.9387755102040817,,No using Simple Imputer,No using Ordinal Hot,0.001943349838256836,0.0001289844512939453
algerian_forest_fires_46279,simpleimputer,ordinalencoder,rbf_sampler,quantile,PassiveAggressiveClassifier(random_state=0),3,0.9583333333333334,,No using Simple Imputer,No using Ordinal Hot,0.001725912094116211,0.00012636184692382812
algerian_forest_fires_46279,simpleimputer,ordinalencoder,rbf_sampler,quantile,PassiveAggressiveClassifier(random_state=0),4,0.8958333333333334,,No using Simple Imputer,No using Ordinal Hot,0.001974821090698242,0.00012922286987304688
algerian_forest_fires_46279,simpleimputer,ordinalencoder,random_trees_embedding,quantile,PassiveAggressiveClassifier(random_state=0),0,0.9795918367346939,,No using Simple Imputer,No using Ordinal Hot,0.0018451213836669922,0.00014090538024902344
algerian_forest_fires_46279,simpleimputer,ordinalencoder,random_trees_embedding,quantile,PassiveAggressiveClassifier(random_state=0),1,1.0,,No using Simple Imputer,No using Ordinal Hot,0.001711130142211914,0.0001373291015625
algerian_forest_fires_46279,simpleimputer,ordinalencoder,random_trees_embedding,quantile,PassiveAggressiveClassifier(random_state=0),2,0.9795918367346939,,No using Simple Imputer,No using Ordinal Hot,0.0017726421356201172,0.0001552104949951172
algerian_forest_fires_46279,simpleimputer,ordinalencoder,random_trees_embedding,quantile,PassiveAggressiveClassifier(random_state=0),3,0.9375,,No using Simple Imputer,No using Ordinal Hot,0.0018146038055419922,0.00014090538024902344
algerian_forest_fires_46279,simpleimputer,ordinalencoder,random_trees_embedding,quantile,PassiveAggressiveClassifier(random_state=0),4,0.9791666666666666,,No using Simple Imputer,No using Ordinal Hot,0.0017955303192138672,0.0001392364501953125
algerian_forest_fires_46279,simpleimputer,ordinalencoder,feature_agglomeration,quantile,PassiveAggressiveClassifier(random_state=0),0,0.8571428571428571,,No using Simple Imputer,No using Ordinal Hot,0.0011088848114013672,0.00011849403381347656
algerian_forest_fires_46279,simpleimputer,ordinalencoder,feature_agglomeration,quantile,PassiveAggressiveClassifier(random_state=0),1,0.8979591836734694,,No using Simple Imputer,No using Ordinal Hot,0.0011990070343017578,0.00012040138244628906
algerian_forest_fires_46279,simpleimputer,ordinalencoder,feature_agglomeration,quantile,PassiveAggressiveClassifier(random_state=0),2,0.8775510204081632,,No using Simple Imputer,No using Ordinal Hot,0.0011148452758789062,0.00011587142944335938
algerian_forest_fires_46279,simpleimputer,ordinalencoder,feature_agglomeration,quantile,PassiveAggressiveClassifier(random_state=0),3,0.9375,,No using Simple Imputer,No using Ordinal Hot,0.0013079643249511719,0.00014591217041015625
algerian_forest_fires_46279,simpleimputer,ordinalencoder,feature_agglomeration,quantile,PassiveAggressiveClassifier(random_state=0),4,0.9583333333333334,,No using Simple Imputer,No using Ordinal Hot,0.0012431144714355469,0.00013709068298339844
algerian_forest_fires_46279,simpleimputer,ordinalencoder,extra_tree,quantile,PassiveAggressiveClassifier(random_state=0),0,0.9183673469387755,,No using Simple Imputer,No using Ordinal Hot,0.0012888908386230469,0.0001227855682373047
algerian_forest_fires_46279,simpleimputer,ordinalencoder,extra_tree,quantile,PassiveAggressiveClassifier(random_state=0),1,0.9795918367346939,,No using Simple Imputer,No using Ordinal Hot,0.001215219497680664,0.00012183189392089844
algerian_forest_fires_46279,simpleimputer,ordinalencoder,extra_tree,quantile,PassiveAggressiveClassifier(random_state=0),2,0.9591836734693877,,No using Simple Imputer,No using Ordinal Hot,0.0012836456298828125,0.0001251697540283203
algerian_forest_fires_46279,simpleimputer,ordinalencoder,extra_tree,quantile,PassiveAggressiveClassifier(random_state=0),3,0.9791666666666666,,No using Simple Imputer,No using Ordinal Hot,0.0012934207916259766,0.00011944770812988281
algerian_forest_fires_46279,simpleimputer,ordinalencoder,extra_tree,quantile,PassiveAggressiveClassifier(random_state=0),4,0.9791666666666666,,No using Simple Imputer,No using Ordinal Hot,0.0013170242309570312,0.00012302398681640625
algerian_forest_fires_46279,simpleimputer,ordinalencoder,linear_svc,quantile,PassiveAggressiveClassifier(random_state=0),0,0.9591836734693877,,No using Simple Imputer,No using Ordinal Hot,0.0011472702026367188,0.00011944770812988281
algerian_forest_fires_46279,simpleimputer,ordinalencoder,linear_svc,quantile,PassiveAggressiveClassifier(random_state=0),1,0.9795918367346939,,No using Simple Imputer,No using Ordinal Hot,0.0012836456298828125,0.0001423358917236328
algerian_forest_fires_46279,simpleimputer,ordinalencoder,linear_svc,quantile,PassiveAggressiveClassifier(random_state=0),2,0.9795918367346939,,No using Simple Imputer,No using Ordinal Hot,0.0013072490692138672,0.00013113021850585938
algerian_forest_fires_46279,simpleimputer,ordinalencoder,linear_svc,quantile,PassiveAggressiveClassifier(random_state=0),3,0.9583333333333334,,No using Simple Imputer,No using Ordinal Hot,0.0012640953063964844,0.0001246929168701172
algerian_forest_fires_46279,simpleimputer,ordinalencoder,linear_svc,quantile,PassiveAggressiveClassifier(random_state=0),4,0.9791666666666666,,No using Simple Imputer,No using Ordinal Hot,0.0012538433074951172,0.00012111663818359375
algerian_forest_fires_46279,simpleimputer,ordinalencoder,kernel_pca,quantile,PassiveAggressiveClassifier(random_state=0),0,0.9795918367346939,,No using Simple Imputer,No using Ordinal Hot,0.003112316131591797,0.00014901161193847656
algerian_forest_fires_46279,simpleimputer,ordinalencoder,kernel_pca,quantile,PassiveAggressiveClassifier(random_state=0),1,0.9795918367346939,,No using Simple Imputer,No using Ordinal Hot,0.0019974708557128906,0.00018453598022460938
algerian_forest_fires_46279,simpleimputer,ordinalencoder,kernel_pca,quantile,PassiveAggressiveClassifier(random_state=0),2,0.9795918367346939,,No using Simple Imputer,No using Ordinal Hot,0.002071380615234375,0.00020503997802734375
algerian_forest_fires_46279,simpleimputer,ordinalencoder,kernel_pca,quantile,PassiveAggressiveClassifier(random_state=0),3,0.9583333333333334,,No using Simple Imputer,No using Ordinal Hot,0.0015940666198730469,0.00014519691467285156
algerian_forest_fires_46279,simpleimputer,ordinalencoder,kernel_pca,quantile,PassiveAggressiveClassifier(random_state=0),4,0.9583333333333334,,No using Simple Imputer,No using Ordinal Hot,0.0015692710876464844,0.0001430511474609375
