Dataset,Imputer Strategy,Categorical Strategy,Feature Selection,Scaler,Classifier,Fold,Fold Accuracy,Error,Using_imputer,Using_cat,Training Time,Testing Time
algerian_forest_fires_46279,,,,,MultinomialNB(),0,0.8367346938775511,,,,0.0026602745056152344,0.0009925365447998047
algerian_forest_fires_46279,,,,,MultinomialNB(),1,0.8571428571428571,,,,0.002783536911010742,0.0009486675262451172
algerian_forest_fires_46279,,,,,MultinomialNB(),2,0.8163265306122449,,,,0.0022726058959960938,0.001012563705444336
algerian_forest_fires_46279,,,,,MultinomialNB(),3,0.875,,,,0.0022857189178466797,0.0008800029754638672
algerian_forest_fires_46279,,,,,MultinomialNB(),4,0.8958333333333334,,,,0.002244234085083008,0.0009322166442871094
algerian_forest_fires_46279,,,pca,,MultinomialNB(),0,,"Erro na combinação 6 - Imputer: None, Categorização: None, Seleção de Feature: pca, Scaler: None, Fold: 0 - Exception: Negative values in data passed to MultinomialNB (input X)",,,0.002244234085083008,0.0009322166442871094
algerian_forest_fires_46279,,,pca,,MultinomialNB(),1,,"Erro na combinação 7 - Imputer: None, Categorização: None, Seleção de Feature: pca, Scaler: None, Fold: 1 - Exception: Negative values in data passed to MultinomialNB (input X)",,,0.002244234085083008,0.0009322166442871094
algerian_forest_fires_46279,,,pca,,MultinomialNB(),2,,"Erro na combinação 8 - Imputer: None, Categorização: None, Seleção de Feature: pca, Scaler: None, Fold: 2 - Exception: Negative values in data passed to MultinomialNB (input X)",,,0.002244234085083008,0.0009322166442871094
algerian_forest_fires_46279,,,pca,,MultinomialNB(),3,,"Erro na combinação 9 - Imputer: None, Categorização: None, Seleção de Feature: pca, Scaler: None, Fold: 3 - Exception: Negative values in data passed to MultinomialNB (input X)",,,0.002244234085083008,0.0009322166442871094
algerian_forest_fires_46279,,,pca,,MultinomialNB(),4,,"Erro na combinação 10 - Imputer: None, Categorização: None, Seleção de Feature: pca, Scaler: None, Fold: 4 - Exception: Negative values in data passed to MultinomialNB (input X)",,,0.002244234085083008,0.0009322166442871094
algerian_forest_fires_46279,,,fastica,,MultinomialNB(),0,,"Erro na combinação 11 - Imputer: None, Categorização: None, Seleção de Feature: fastica, Scaler: None, Fold: 0 - Exception: Negative values in data passed to MultinomialNB (input X)",,,0.002244234085083008,0.0009322166442871094
algerian_forest_fires_46279,,,fastica,,MultinomialNB(),1,,"Erro na combinação 12 - Imputer: None, Categorização: None, Seleção de Feature: fastica, Scaler: None, Fold: 1 - Exception: Negative values in data passed to MultinomialNB (input X)",,,0.002244234085083008,0.0009322166442871094
algerian_forest_fires_46279,,,fastica,,MultinomialNB(),2,,"Erro na combinação 13 - Imputer: None, Categorização: None, Seleção de Feature: fastica, Scaler: None, Fold: 2 - Exception: Negative values in data passed to MultinomialNB (input X)",,,0.002244234085083008,0.0009322166442871094
algerian_forest_fires_46279,,,fastica,,MultinomialNB(),3,,"Erro na combinação 14 - Imputer: None, Categorização: None, Seleção de Feature: fastica, Scaler: None, Fold: 3 - Exception: Negative values in data passed to MultinomialNB (input X)",,,0.002244234085083008,0.0009322166442871094
algerian_forest_fires_46279,,,fastica,,MultinomialNB(),4,,"Erro na combinação 15 - Imputer: None, Categorização: None, Seleção de Feature: fastica, Scaler: None, Fold: 4 - Exception: Negative values in data passed to MultinomialNB (input X)",,,0.002244234085083008,0.0009322166442871094
algerian_forest_fires_46279,,,truncated_svd,,MultinomialNB(),0,,"Erro na combinação 16 - Imputer: None, Categorização: None, Seleção de Feature: truncated_svd, Scaler: None, Fold: 0 - Exception: Negative values in data passed to MultinomialNB (input X)",,,0.002244234085083008,0.0009322166442871094
algerian_forest_fires_46279,,,truncated_svd,,MultinomialNB(),1,,"Erro na combinação 17 - Imputer: None, Categorização: None, Seleção de Feature: truncated_svd, Scaler: None, Fold: 1 - Exception: Negative values in data passed to MultinomialNB (input X)",,,0.002244234085083008,0.0009322166442871094
algerian_forest_fires_46279,,,truncated_svd,,MultinomialNB(),2,,"Erro na combinação 18 - Imputer: None, Categorização: None, Seleção de Feature: truncated_svd, Scaler: None, Fold: 2 - Exception: Negative values in data passed to MultinomialNB (input X)",,,0.002244234085083008,0.0009322166442871094
algerian_forest_fires_46279,,,truncated_svd,,MultinomialNB(),3,,"Erro na combinação 19 - Imputer: None, Categorização: None, Seleção de Feature: truncated_svd, Scaler: None, Fold: 3 - Exception: Negative values in data passed to MultinomialNB (input X)",,,0.002244234085083008,0.0009322166442871094
algerian_forest_fires_46279,,,truncated_svd,,MultinomialNB(),4,,"Erro na combinação 20 - Imputer: None, Categorização: None, Seleção de Feature: truncated_svd, Scaler: None, Fold: 4 - Exception: Negative values in data passed to MultinomialNB (input X)",,,0.002244234085083008,0.0009322166442871094
algerian_forest_fires_46279,,,select_percentile,,MultinomialNB(),0,0.9183673469387755,,,,0.0013310909271240234,0.00010061264038085938
algerian_forest_fires_46279,,,select_percentile,,MultinomialNB(),1,0.9795918367346939,,,,0.0012269020080566406,9.822845458984375e-05
algerian_forest_fires_46279,,,select_percentile,,MultinomialNB(),2,0.9183673469387755,,,,0.0012905597686767578,0.00011873245239257812
algerian_forest_fires_46279,,,select_percentile,,MultinomialNB(),3,0.9375,,,,0.0012874603271484375,9.775161743164062e-05
algerian_forest_fires_46279,,,select_percentile,,MultinomialNB(),4,0.9166666666666666,,,,0.0013270378112792969,0.00012373924255371094
algerian_forest_fires_46279,,,generic_univariate,,MultinomialNB(),0,0.5510204081632653,,,,0.0011944770812988281,0.00011801719665527344
algerian_forest_fires_46279,,,generic_univariate,,MultinomialNB(),1,0.5510204081632653,,,,0.001234292984008789,9.5367431640625e-05
algerian_forest_fires_46279,,,generic_univariate,,MultinomialNB(),2,0.5714285714285714,,,,0.0012252330780029297,9.608268737792969e-05
algerian_forest_fires_46279,,,generic_univariate,,MultinomialNB(),3,0.6041666666666666,,,,0.001379251480102539,0.00011897087097167969
algerian_forest_fires_46279,,,generic_univariate,,MultinomialNB(),4,0.5416666666666666,,,,0.0012998580932617188,0.00010657310485839844
algerian_forest_fires_46279,,,polynomial_features,,MultinomialNB(),0,0.8367346938775511,,,,0.0012583732604980469,0.00011086463928222656
algerian_forest_fires_46279,,,polynomial_features,,MultinomialNB(),1,0.8367346938775511,,,,0.0013599395751953125,0.00010967254638671875
algerian_forest_fires_46279,,,polynomial_features,,MultinomialNB(),2,0.7959183673469388,,,,0.0014514923095703125,0.00011301040649414062
algerian_forest_fires_46279,,,polynomial_features,,MultinomialNB(),3,0.875,,,,0.001302957534790039,0.00010728836059570312
algerian_forest_fires_46279,,,polynomial_features,,MultinomialNB(),4,0.8958333333333334,,,,0.0013740062713623047,0.00010728836059570312
algerian_forest_fires_46279,,,nystroem,,MultinomialNB(),0,,"Erro na combinação 36 - Imputer: None, Categorização: None, Seleção de Feature: nystroem, Scaler: None, Fold: 0 - Exception: Negative values in data passed to MultinomialNB (input X)",,,0.0013740062713623047,0.00010728836059570312
algerian_forest_fires_46279,,,nystroem,,MultinomialNB(),1,,"Erro na combinação 37 - Imputer: None, Categorização: None, Seleção de Feature: nystroem, Scaler: None, Fold: 1 - Exception: Negative values in data passed to MultinomialNB (input X)",,,0.0013740062713623047,0.00010728836059570312
algerian_forest_fires_46279,,,nystroem,,MultinomialNB(),2,,"Erro na combinação 38 - Imputer: None, Categorização: None, Seleção de Feature: nystroem, Scaler: None, Fold: 2 - Exception: Negative values in data passed to MultinomialNB (input X)",,,0.0013740062713623047,0.00010728836059570312
algerian_forest_fires_46279,,,nystroem,,MultinomialNB(),3,,"Erro na combinação 39 - Imputer: None, Categorização: None, Seleção de Feature: nystroem, Scaler: None, Fold: 3 - Exception: Negative values in data passed to MultinomialNB (input X)",,,0.0013740062713623047,0.00010728836059570312
algerian_forest_fires_46279,,,nystroem,,MultinomialNB(),4,,"Erro na combinação 40 - Imputer: None, Categorização: None, Seleção de Feature: nystroem, Scaler: None, Fold: 4 - Exception: Negative values in data passed to MultinomialNB (input X)",,,0.0013740062713623047,0.00010728836059570312
algerian_forest_fires_46279,,,rbf_sampler,,MultinomialNB(),0,,"Erro na combinação 41 - Imputer: None, Categorização: None, Seleção de Feature: rbf_sampler, Scaler: None, Fold: 0 - Exception: Negative values in data passed to MultinomialNB (input X)",,,0.0013740062713623047,0.00010728836059570312
algerian_forest_fires_46279,,,rbf_sampler,,MultinomialNB(),1,,"Erro na combinação 42 - Imputer: None, Categorização: None, Seleção de Feature: rbf_sampler, Scaler: None, Fold: 1 - Exception: Negative values in data passed to MultinomialNB (input X)",,,0.0013740062713623047,0.00010728836059570312
algerian_forest_fires_46279,,,rbf_sampler,,MultinomialNB(),2,,"Erro na combinação 43 - Imputer: None, Categorização: None, Seleção de Feature: rbf_sampler, Scaler: None, Fold: 2 - Exception: Negative values in data passed to MultinomialNB (input X)",,,0.0013740062713623047,0.00010728836059570312
algerian_forest_fires_46279,,,rbf_sampler,,MultinomialNB(),3,,"Erro na combinação 44 - Imputer: None, Categorização: None, Seleção de Feature: rbf_sampler, Scaler: None, Fold: 3 - Exception: Negative values in data passed to MultinomialNB (input X)",,,0.0013740062713623047,0.00010728836059570312
algerian_forest_fires_46279,,,rbf_sampler,,MultinomialNB(),4,,"Erro na combinação 45 - Imputer: None, Categorização: None, Seleção de Feature: rbf_sampler, Scaler: None, Fold: 4 - Exception: Negative values in data passed to MultinomialNB (input X)",,,0.0013740062713623047,0.00010728836059570312
algerian_forest_fires_46279,,,random_trees_embedding,,MultinomialNB(),0,0.8979591836734694,,,,0.001486063003540039,0.00016260147094726562
algerian_forest_fires_46279,,,random_trees_embedding,,MultinomialNB(),1,0.9387755102040817,,,,0.001493215560913086,0.00013780593872070312
algerian_forest_fires_46279,,,random_trees_embedding,,MultinomialNB(),2,0.9183673469387755,,,,0.0015456676483154297,0.0001385211944580078
algerian_forest_fires_46279,,,random_trees_embedding,,MultinomialNB(),3,0.9583333333333334,,,,0.001554727554321289,0.0001418590545654297
algerian_forest_fires_46279,,,random_trees_embedding,,MultinomialNB(),4,0.9791666666666666,,,,0.0015516281127929688,0.00014090538024902344
algerian_forest_fires_46279,,,feature_agglomeration,,MultinomialNB(),0,0.8367346938775511,,,,0.0014042854309082031,0.0001163482666015625
algerian_forest_fires_46279,,,feature_agglomeration,,MultinomialNB(),1,0.7755102040816326,,,,0.0013709068298339844,9.870529174804688e-05
algerian_forest_fires_46279,,,feature_agglomeration,,MultinomialNB(),2,0.7959183673469388,,,,0.0012867450714111328,9.799003601074219e-05
algerian_forest_fires_46279,,,feature_agglomeration,,MultinomialNB(),3,0.8125,,,,0.001262664794921875,9.870529174804688e-05
algerian_forest_fires_46279,,,feature_agglomeration,,MultinomialNB(),4,0.8541666666666666,,,,0.00124359130859375,0.00012421607971191406
algerian_forest_fires_46279,,,extra_tree,,MultinomialNB(),0,0.8571428571428571,,,,0.0013260841369628906,9.942054748535156e-05
algerian_forest_fires_46279,,,extra_tree,,MultinomialNB(),1,0.9183673469387755,,,,0.001329183578491211,9.870529174804688e-05
algerian_forest_fires_46279,,,extra_tree,,MultinomialNB(),2,0.8367346938775511,,,,0.0014357566833496094,0.00010251998901367188
algerian_forest_fires_46279,,,extra_tree,,MultinomialNB(),3,0.9166666666666666,,,,0.0013535022735595703,0.00012063980102539062
algerian_forest_fires_46279,,,extra_tree,,MultinomialNB(),4,0.9583333333333334,,,,0.001283884048461914,0.00011944770812988281
algerian_forest_fires_46279,,,linear_svc,,MultinomialNB(),0,0.8775510204081632,,,,0.0012362003326416016,0.00012445449829101562
algerian_forest_fires_46279,,,linear_svc,,MultinomialNB(),1,0.9795918367346939,,,,0.0012962818145751953,9.870529174804688e-05
algerian_forest_fires_46279,,,linear_svc,,MultinomialNB(),2,0.9591836734693877,,,,0.0012698173522949219,9.918212890625e-05
algerian_forest_fires_46279,,,linear_svc,,MultinomialNB(),3,0.9583333333333334,,,,0.0013077259063720703,0.00010180473327636719
algerian_forest_fires_46279,,,linear_svc,,MultinomialNB(),4,0.9583333333333334,,,,0.0012927055358886719,9.870529174804688e-05
algerian_forest_fires_46279,,,kernel_pca,,MultinomialNB(),0,,"Erro na combinação 66 - Imputer: None, Categorização: None, Seleção de Feature: kernel_pca, Scaler: None, Fold: 0 - Exception: Negative values in data passed to MultinomialNB (input X)",,,0.0012927055358886719,9.870529174804688e-05
algerian_forest_fires_46279,,,kernel_pca,,MultinomialNB(),1,,"Erro na combinação 67 - Imputer: None, Categorização: None, Seleção de Feature: kernel_pca, Scaler: None, Fold: 1 - Exception: Negative values in data passed to MultinomialNB (input X)",,,0.0012927055358886719,9.870529174804688e-05
algerian_forest_fires_46279,,,kernel_pca,,MultinomialNB(),2,,"Erro na combinação 68 - Imputer: None, Categorização: None, Seleção de Feature: kernel_pca, Scaler: None, Fold: 2 - Exception: Negative values in data passed to MultinomialNB (input X)",,,0.0012927055358886719,9.870529174804688e-05
algerian_forest_fires_46279,,,kernel_pca,,MultinomialNB(),3,,"Erro na combinação 69 - Imputer: None, Categorização: None, Seleção de Feature: kernel_pca, Scaler: None, Fold: 3 - Exception: Negative values in data passed to MultinomialNB (input X)",,,0.0012927055358886719,9.870529174804688e-05
algerian_forest_fires_46279,,,kernel_pca,,MultinomialNB(),4,,"Erro na combinação 70 - Imputer: None, Categorização: None, Seleção de Feature: kernel_pca, Scaler: None, Fold: 4 - Exception: Negative values in data passed to MultinomialNB (input X)",,,0.0012927055358886719,9.870529174804688e-05
algerian_forest_fires_46279,,,,standard,MultinomialNB(),0,,"Erro na combinação 71 - Imputer: None, Categorização: None, Seleção de Feature: None, Scaler: standard, Fold: 0 - Exception: Negative values in data passed to MultinomialNB (input X)",,,0.0012927055358886719,9.870529174804688e-05
algerian_forest_fires_46279,,,,standard,MultinomialNB(),1,,"Erro na combinação 72 - Imputer: None, Categorização: None, Seleção de Feature: None, Scaler: standard, Fold: 1 - Exception: Negative values in data passed to MultinomialNB (input X)",,,0.0012927055358886719,9.870529174804688e-05
algerian_forest_fires_46279,,,,standard,MultinomialNB(),2,,"Erro na combinação 73 - Imputer: None, Categorização: None, Seleção de Feature: None, Scaler: standard, Fold: 2 - Exception: Negative values in data passed to MultinomialNB (input X)",,,0.0012927055358886719,9.870529174804688e-05
algerian_forest_fires_46279,,,,standard,MultinomialNB(),3,,"Erro na combinação 74 - Imputer: None, Categorização: None, Seleção de Feature: None, Scaler: standard, Fold: 3 - Exception: Negative values in data passed to MultinomialNB (input X)",,,0.0012927055358886719,9.870529174804688e-05
algerian_forest_fires_46279,,,,standard,MultinomialNB(),4,,"Erro na combinação 75 - Imputer: None, Categorização: None, Seleção de Feature: None, Scaler: standard, Fold: 4 - Exception: Negative values in data passed to MultinomialNB (input X)",,,0.0012927055358886719,9.870529174804688e-05
algerian_forest_fires_46279,,,pca,standard,MultinomialNB(),0,,"Erro na combinação 76 - Imputer: None, Categorização: None, Seleção de Feature: pca, Scaler: standard, Fold: 0 - Exception: Negative values in data passed to MultinomialNB (input X)",,,0.0012927055358886719,9.870529174804688e-05
algerian_forest_fires_46279,,,pca,standard,MultinomialNB(),1,,"Erro na combinação 77 - Imputer: None, Categorização: None, Seleção de Feature: pca, Scaler: standard, Fold: 1 - Exception: Negative values in data passed to MultinomialNB (input X)",,,0.0012927055358886719,9.870529174804688e-05
algerian_forest_fires_46279,,,pca,standard,MultinomialNB(),2,,"Erro na combinação 78 - Imputer: None, Categorização: None, Seleção de Feature: pca, Scaler: standard, Fold: 2 - Exception: Negative values in data passed to MultinomialNB (input X)",,,0.0012927055358886719,9.870529174804688e-05
algerian_forest_fires_46279,,,pca,standard,MultinomialNB(),3,,"Erro na combinação 79 - Imputer: None, Categorização: None, Seleção de Feature: pca, Scaler: standard, Fold: 3 - Exception: Negative values in data passed to MultinomialNB (input X)",,,0.0012927055358886719,9.870529174804688e-05
algerian_forest_fires_46279,,,pca,standard,MultinomialNB(),4,,"Erro na combinação 80 - Imputer: None, Categorização: None, Seleção de Feature: pca, Scaler: standard, Fold: 4 - Exception: Negative values in data passed to MultinomialNB (input X)",,,0.0012927055358886719,9.870529174804688e-05
algerian_forest_fires_46279,,,fastica,standard,MultinomialNB(),0,,"Erro na combinação 81 - Imputer: None, Categorização: None, Seleção de Feature: fastica, Scaler: standard, Fold: 0 - Exception: Negative values in data passed to MultinomialNB (input X)",,,0.0012927055358886719,9.870529174804688e-05
algerian_forest_fires_46279,,,fastica,standard,MultinomialNB(),1,,"Erro na combinação 82 - Imputer: None, Categorização: None, Seleção de Feature: fastica, Scaler: standard, Fold: 1 - Exception: Negative values in data passed to MultinomialNB (input X)",,,0.0012927055358886719,9.870529174804688e-05
algerian_forest_fires_46279,,,fastica,standard,MultinomialNB(),2,,"Erro na combinação 83 - Imputer: None, Categorização: None, Seleção de Feature: fastica, Scaler: standard, Fold: 2 - Exception: Negative values in data passed to MultinomialNB (input X)",,,0.0012927055358886719,9.870529174804688e-05
algerian_forest_fires_46279,,,fastica,standard,MultinomialNB(),3,,"Erro na combinação 84 - Imputer: None, Categorização: None, Seleção de Feature: fastica, Scaler: standard, Fold: 3 - Exception: Negative values in data passed to MultinomialNB (input X)",,,0.0012927055358886719,9.870529174804688e-05
algerian_forest_fires_46279,,,fastica,standard,MultinomialNB(),4,,"Erro na combinação 85 - Imputer: None, Categorização: None, Seleção de Feature: fastica, Scaler: standard, Fold: 4 - Exception: Negative values in data passed to MultinomialNB (input X)",,,0.0012927055358886719,9.870529174804688e-05
algerian_forest_fires_46279,,,truncated_svd,standard,MultinomialNB(),0,,"Erro na combinação 86 - Imputer: None, Categorização: None, Seleção de Feature: truncated_svd, Scaler: standard, Fold: 0 - Exception: Negative values in data passed to MultinomialNB (input X)",,,0.0012927055358886719,9.870529174804688e-05
algerian_forest_fires_46279,,,truncated_svd,standard,MultinomialNB(),1,,"Erro na combinação 87 - Imputer: None, Categorização: None, Seleção de Feature: truncated_svd, Scaler: standard, Fold: 1 - Exception: Negative values in data passed to MultinomialNB (input X)",,,0.0012927055358886719,9.870529174804688e-05
algerian_forest_fires_46279,,,truncated_svd,standard,MultinomialNB(),2,,"Erro na combinação 88 - Imputer: None, Categorização: None, Seleção de Feature: truncated_svd, Scaler: standard, Fold: 2 - Exception: Negative values in data passed to MultinomialNB (input X)",,,0.0012927055358886719,9.870529174804688e-05
algerian_forest_fires_46279,,,truncated_svd,standard,MultinomialNB(),3,,"Erro na combinação 89 - Imputer: None, Categorização: None, Seleção de Feature: truncated_svd, Scaler: standard, Fold: 3 - Exception: Negative values in data passed to MultinomialNB (input X)",,,0.0012927055358886719,9.870529174804688e-05
algerian_forest_fires_46279,,,truncated_svd,standard,MultinomialNB(),4,,"Erro na combinação 90 - Imputer: None, Categorização: None, Seleção de Feature: truncated_svd, Scaler: standard, Fold: 4 - Exception: Negative values in data passed to MultinomialNB (input X)",,,0.0012927055358886719,9.870529174804688e-05
algerian_forest_fires_46279,,,select_percentile,standard,MultinomialNB(),0,,"Erro na combinação 91 - Imputer: None, Categorização: None, Seleção de Feature: select_percentile, Scaler: standard, Fold: 0 - Exception: Negative values in data passed to MultinomialNB (input X)",,,0.0012927055358886719,9.870529174804688e-05
algerian_forest_fires_46279,,,select_percentile,standard,MultinomialNB(),1,,"Erro na combinação 92 - Imputer: None, Categorização: None, Seleção de Feature: select_percentile, Scaler: standard, Fold: 1 - Exception: Negative values in data passed to MultinomialNB (input X)",,,0.0012927055358886719,9.870529174804688e-05
algerian_forest_fires_46279,,,select_percentile,standard,MultinomialNB(),2,,"Erro na combinação 93 - Imputer: None, Categorização: None, Seleção de Feature: select_percentile, Scaler: standard, Fold: 2 - Exception: Negative values in data passed to MultinomialNB (input X)",,,0.0012927055358886719,9.870529174804688e-05
algerian_forest_fires_46279,,,select_percentile,standard,MultinomialNB(),3,,"Erro na combinação 94 - Imputer: None, Categorização: None, Seleção de Feature: select_percentile, Scaler: standard, Fold: 3 - Exception: Negative values in data passed to MultinomialNB (input X)",,,0.0012927055358886719,9.870529174804688e-05
algerian_forest_fires_46279,,,select_percentile,standard,MultinomialNB(),4,,"Erro na combinação 95 - Imputer: None, Categorização: None, Seleção de Feature: select_percentile, Scaler: standard, Fold: 4 - Exception: Negative values in data passed to MultinomialNB (input X)",,,0.0012927055358886719,9.870529174804688e-05
algerian_forest_fires_46279,,,generic_univariate,standard,MultinomialNB(),0,,"Erro na combinação 96 - Imputer: None, Categorização: None, Seleção de Feature: generic_univariate, Scaler: standard, Fold: 0 - Exception: Negative values in data passed to MultinomialNB (input X)",,,0.0012927055358886719,9.870529174804688e-05
algerian_forest_fires_46279,,,generic_univariate,standard,MultinomialNB(),1,,"Erro na combinação 97 - Imputer: None, Categorização: None, Seleção de Feature: generic_univariate, Scaler: standard, Fold: 1 - Exception: Negative values in data passed to MultinomialNB (input X)",,,0.0012927055358886719,9.870529174804688e-05
algerian_forest_fires_46279,,,generic_univariate,standard,MultinomialNB(),2,,"Erro na combinação 98 - Imputer: None, Categorização: None, Seleção de Feature: generic_univariate, Scaler: standard, Fold: 2 - Exception: Negative values in data passed to MultinomialNB (input X)",,,0.0012927055358886719,9.870529174804688e-05
algerian_forest_fires_46279,,,generic_univariate,standard,MultinomialNB(),3,,"Erro na combinação 99 - Imputer: None, Categorização: None, Seleção de Feature: generic_univariate, Scaler: standard, Fold: 3 - Exception: Negative values in data passed to MultinomialNB (input X)",,,0.0012927055358886719,9.870529174804688e-05
algerian_forest_fires_46279,,,generic_univariate,standard,MultinomialNB(),4,,"Erro na combinação 100 - Imputer: None, Categorização: None, Seleção de Feature: generic_univariate, Scaler: standard, Fold: 4 - Exception: Negative values in data passed to MultinomialNB (input X)",,,0.0012927055358886719,9.870529174804688e-05
algerian_forest_fires_46279,,,polynomial_features,standard,MultinomialNB(),0,,"Erro na combinação 101 - Imputer: None, Categorização: None, Seleção de Feature: polynomial_features, Scaler: standard, Fold: 0 - Exception: Negative values in data passed to MultinomialNB (input X)",,,0.0012927055358886719,9.870529174804688e-05
algerian_forest_fires_46279,,,polynomial_features,standard,MultinomialNB(),1,,"Erro na combinação 102 - Imputer: None, Categorização: None, Seleção de Feature: polynomial_features, Scaler: standard, Fold: 1 - Exception: Negative values in data passed to MultinomialNB (input X)",,,0.0012927055358886719,9.870529174804688e-05
algerian_forest_fires_46279,,,polynomial_features,standard,MultinomialNB(),2,,"Erro na combinação 103 - Imputer: None, Categorização: None, Seleção de Feature: polynomial_features, Scaler: standard, Fold: 2 - Exception: Negative values in data passed to MultinomialNB (input X)",,,0.0012927055358886719,9.870529174804688e-05
algerian_forest_fires_46279,,,polynomial_features,standard,MultinomialNB(),3,,"Erro na combinação 104 - Imputer: None, Categorização: None, Seleção de Feature: polynomial_features, Scaler: standard, Fold: 3 - Exception: Negative values in data passed to MultinomialNB (input X)",,,0.0012927055358886719,9.870529174804688e-05
algerian_forest_fires_46279,,,polynomial_features,standard,MultinomialNB(),4,,"Erro na combinação 105 - Imputer: None, Categorização: None, Seleção de Feature: polynomial_features, Scaler: standard, Fold: 4 - Exception: Negative values in data passed to MultinomialNB (input X)",,,0.0012927055358886719,9.870529174804688e-05
algerian_forest_fires_46279,,,nystroem,standard,MultinomialNB(),0,,"Erro na combinação 106 - Imputer: None, Categorização: None, Seleção de Feature: nystroem, Scaler: standard, Fold: 0 - Exception: Negative values in data passed to MultinomialNB (input X)",,,0.0012927055358886719,9.870529174804688e-05
algerian_forest_fires_46279,,,nystroem,standard,MultinomialNB(),1,,"Erro na combinação 107 - Imputer: None, Categorização: None, Seleção de Feature: nystroem, Scaler: standard, Fold: 1 - Exception: Negative values in data passed to MultinomialNB (input X)",,,0.0012927055358886719,9.870529174804688e-05
algerian_forest_fires_46279,,,nystroem,standard,MultinomialNB(),2,,"Erro na combinação 108 - Imputer: None, Categorização: None, Seleção de Feature: nystroem, Scaler: standard, Fold: 2 - Exception: Negative values in data passed to MultinomialNB (input X)",,,0.0012927055358886719,9.870529174804688e-05
algerian_forest_fires_46279,,,nystroem,standard,MultinomialNB(),3,,"Erro na combinação 109 - Imputer: None, Categorização: None, Seleção de Feature: nystroem, Scaler: standard, Fold: 3 - Exception: Negative values in data passed to MultinomialNB (input X)",,,0.0012927055358886719,9.870529174804688e-05
algerian_forest_fires_46279,,,nystroem,standard,MultinomialNB(),4,,"Erro na combinação 110 - Imputer: None, Categorização: None, Seleção de Feature: nystroem, Scaler: standard, Fold: 4 - Exception: Negative values in data passed to MultinomialNB (input X)",,,0.0012927055358886719,9.870529174804688e-05
algerian_forest_fires_46279,,,rbf_sampler,standard,MultinomialNB(),0,,"Erro na combinação 111 - Imputer: None, Categorização: None, Seleção de Feature: rbf_sampler, Scaler: standard, Fold: 0 - Exception: Negative values in data passed to MultinomialNB (input X)",,,0.0012927055358886719,9.870529174804688e-05
algerian_forest_fires_46279,,,rbf_sampler,standard,MultinomialNB(),1,,"Erro na combinação 112 - Imputer: None, Categorização: None, Seleção de Feature: rbf_sampler, Scaler: standard, Fold: 1 - Exception: Negative values in data passed to MultinomialNB (input X)",,,0.0012927055358886719,9.870529174804688e-05
algerian_forest_fires_46279,,,rbf_sampler,standard,MultinomialNB(),2,,"Erro na combinação 113 - Imputer: None, Categorização: None, Seleção de Feature: rbf_sampler, Scaler: standard, Fold: 2 - Exception: Negative values in data passed to MultinomialNB (input X)",,,0.0012927055358886719,9.870529174804688e-05
algerian_forest_fires_46279,,,rbf_sampler,standard,MultinomialNB(),3,,"Erro na combinação 114 - Imputer: None, Categorização: None, Seleção de Feature: rbf_sampler, Scaler: standard, Fold: 3 - Exception: Negative values in data passed to MultinomialNB (input X)",,,0.0012927055358886719,9.870529174804688e-05
algerian_forest_fires_46279,,,rbf_sampler,standard,MultinomialNB(),4,,"Erro na combinação 115 - Imputer: None, Categorização: None, Seleção de Feature: rbf_sampler, Scaler: standard, Fold: 4 - Exception: Negative values in data passed to MultinomialNB (input X)",,,0.0012927055358886719,9.870529174804688e-05
algerian_forest_fires_46279,,,random_trees_embedding,standard,MultinomialNB(),0,0.8979591836734694,,,,0.0014367103576660156,0.00013327598571777344
algerian_forest_fires_46279,,,random_trees_embedding,standard,MultinomialNB(),1,0.9387755102040817,,,,0.0014662742614746094,0.00014138221740722656
algerian_forest_fires_46279,,,random_trees_embedding,standard,MultinomialNB(),2,0.9183673469387755,,,,0.0014362335205078125,0.0001342296600341797
algerian_forest_fires_46279,,,random_trees_embedding,standard,MultinomialNB(),3,0.9583333333333334,,,,0.0014183521270751953,0.00013566017150878906
algerian_forest_fires_46279,,,random_trees_embedding,standard,MultinomialNB(),4,0.9791666666666666,,,,0.0014736652374267578,0.0001366138458251953
algerian_forest_fires_46279,,,feature_agglomeration,standard,MultinomialNB(),0,,"Erro na combinação 121 - Imputer: None, Categorização: None, Seleção de Feature: feature_agglomeration, Scaler: standard, Fold: 0 - Exception: Negative values in data passed to MultinomialNB (input X)",,,0.0014736652374267578,0.0001366138458251953
algerian_forest_fires_46279,,,feature_agglomeration,standard,MultinomialNB(),1,,"Erro na combinação 122 - Imputer: None, Categorização: None, Seleção de Feature: feature_agglomeration, Scaler: standard, Fold: 1 - Exception: Negative values in data passed to MultinomialNB (input X)",,,0.0014736652374267578,0.0001366138458251953
algerian_forest_fires_46279,,,feature_agglomeration,standard,MultinomialNB(),2,,"Erro na combinação 123 - Imputer: None, Categorização: None, Seleção de Feature: feature_agglomeration, Scaler: standard, Fold: 2 - Exception: Negative values in data passed to MultinomialNB (input X)",,,0.0014736652374267578,0.0001366138458251953
algerian_forest_fires_46279,,,feature_agglomeration,standard,MultinomialNB(),3,,"Erro na combinação 124 - Imputer: None, Categorização: None, Seleção de Feature: feature_agglomeration, Scaler: standard, Fold: 3 - Exception: Negative values in data passed to MultinomialNB (input X)",,,0.0014736652374267578,0.0001366138458251953
algerian_forest_fires_46279,,,feature_agglomeration,standard,MultinomialNB(),4,,"Erro na combinação 125 - Imputer: None, Categorização: None, Seleção de Feature: feature_agglomeration, Scaler: standard, Fold: 4 - Exception: Negative values in data passed to MultinomialNB (input X)",,,0.0014736652374267578,0.0001366138458251953
algerian_forest_fires_46279,,,extra_tree,standard,MultinomialNB(),0,,"Erro na combinação 126 - Imputer: None, Categorização: None, Seleção de Feature: extra_tree, Scaler: standard, Fold: 0 - Exception: Negative values in data passed to MultinomialNB (input X)",,,0.0014736652374267578,0.0001366138458251953
algerian_forest_fires_46279,,,extra_tree,standard,MultinomialNB(),1,,"Erro na combinação 127 - Imputer: None, Categorização: None, Seleção de Feature: extra_tree, Scaler: standard, Fold: 1 - Exception: Negative values in data passed to MultinomialNB (input X)",,,0.0014736652374267578,0.0001366138458251953
algerian_forest_fires_46279,,,extra_tree,standard,MultinomialNB(),2,,"Erro na combinação 128 - Imputer: None, Categorização: None, Seleção de Feature: extra_tree, Scaler: standard, Fold: 2 - Exception: Negative values in data passed to MultinomialNB (input X)",,,0.0014736652374267578,0.0001366138458251953
algerian_forest_fires_46279,,,extra_tree,standard,MultinomialNB(),3,,"Erro na combinação 129 - Imputer: None, Categorização: None, Seleção de Feature: extra_tree, Scaler: standard, Fold: 3 - Exception: Negative values in data passed to MultinomialNB (input X)",,,0.0014736652374267578,0.0001366138458251953
algerian_forest_fires_46279,,,extra_tree,standard,MultinomialNB(),4,,"Erro na combinação 130 - Imputer: None, Categorização: None, Seleção de Feature: extra_tree, Scaler: standard, Fold: 4 - Exception: Negative values in data passed to MultinomialNB (input X)",,,0.0014736652374267578,0.0001366138458251953
algerian_forest_fires_46279,,,linear_svc,standard,MultinomialNB(),0,,"Erro na combinação 131 - Imputer: None, Categorização: None, Seleção de Feature: linear_svc, Scaler: standard, Fold: 0 - Exception: Negative values in data passed to MultinomialNB (input X)",,,0.0014736652374267578,0.0001366138458251953
algerian_forest_fires_46279,,,linear_svc,standard,MultinomialNB(),1,,"Erro na combinação 132 - Imputer: None, Categorização: None, Seleção de Feature: linear_svc, Scaler: standard, Fold: 1 - Exception: Negative values in data passed to MultinomialNB (input X)",,,0.0014736652374267578,0.0001366138458251953
algerian_forest_fires_46279,,,linear_svc,standard,MultinomialNB(),2,,"Erro na combinação 133 - Imputer: None, Categorização: None, Seleção de Feature: linear_svc, Scaler: standard, Fold: 2 - Exception: Negative values in data passed to MultinomialNB (input X)",,,0.0014736652374267578,0.0001366138458251953
algerian_forest_fires_46279,,,linear_svc,standard,MultinomialNB(),3,,"Erro na combinação 134 - Imputer: None, Categorização: None, Seleção de Feature: linear_svc, Scaler: standard, Fold: 3 - Exception: Negative values in data passed to MultinomialNB (input X)",,,0.0014736652374267578,0.0001366138458251953
algerian_forest_fires_46279,,,linear_svc,standard,MultinomialNB(),4,,"Erro na combinação 135 - Imputer: None, Categorização: None, Seleção de Feature: linear_svc, Scaler: standard, Fold: 4 - Exception: Negative values in data passed to MultinomialNB (input X)",,,0.0014736652374267578,0.0001366138458251953
algerian_forest_fires_46279,,,kernel_pca,standard,MultinomialNB(),0,,"Erro na combinação 136 - Imputer: None, Categorização: None, Seleção de Feature: kernel_pca, Scaler: standard, Fold: 0 - Exception: Negative values in data passed to MultinomialNB (input X)",,,0.0014736652374267578,0.0001366138458251953
algerian_forest_fires_46279,,,kernel_pca,standard,MultinomialNB(),1,,"Erro na combinação 137 - Imputer: None, Categorização: None, Seleção de Feature: kernel_pca, Scaler: standard, Fold: 1 - Exception: Negative values in data passed to MultinomialNB (input X)",,,0.0014736652374267578,0.0001366138458251953
algerian_forest_fires_46279,,,kernel_pca,standard,MultinomialNB(),2,,"Erro na combinação 138 - Imputer: None, Categorização: None, Seleção de Feature: kernel_pca, Scaler: standard, Fold: 2 - Exception: Negative values in data passed to MultinomialNB (input X)",,,0.0014736652374267578,0.0001366138458251953
algerian_forest_fires_46279,,,kernel_pca,standard,MultinomialNB(),3,,"Erro na combinação 139 - Imputer: None, Categorização: None, Seleção de Feature: kernel_pca, Scaler: standard, Fold: 3 - Exception: Negative values in data passed to MultinomialNB (input X)",,,0.0014736652374267578,0.0001366138458251953
algerian_forest_fires_46279,,,kernel_pca,standard,MultinomialNB(),4,,"Erro na combinação 140 - Imputer: None, Categorização: None, Seleção de Feature: kernel_pca, Scaler: standard, Fold: 4 - Exception: Negative values in data passed to MultinomialNB (input X)",,,0.0014736652374267578,0.0001366138458251953
algerian_forest_fires_46279,,,,minmax,MultinomialNB(),0,0.8571428571428571,,,,0.0014896392822265625,0.00011372566223144531
algerian_forest_fires_46279,,,,minmax,MultinomialNB(),1,0.8571428571428571,,,,0.0015459060668945312,0.00011348724365234375
algerian_forest_fires_46279,,,,minmax,MultinomialNB(),2,0.9183673469387755,,,,0.0014753341674804688,0.00011348724365234375
algerian_forest_fires_46279,,,,minmax,MultinomialNB(),3,0.9166666666666666,,,,0.0015337467193603516,0.00011420249938964844
algerian_forest_fires_46279,,,,minmax,MultinomialNB(),4,0.8958333333333334,,,,0.001435995101928711,0.00013017654418945312
algerian_forest_fires_46279,,,pca,minmax,MultinomialNB(),0,,"Erro na combinação 146 - Imputer: None, Categorização: None, Seleção de Feature: pca, Scaler: minmax, Fold: 0 - Exception: Negative values in data passed to MultinomialNB (input X)",,,0.001435995101928711,0.00013017654418945312
algerian_forest_fires_46279,,,pca,minmax,MultinomialNB(),1,,"Erro na combinação 147 - Imputer: None, Categorização: None, Seleção de Feature: pca, Scaler: minmax, Fold: 1 - Exception: Negative values in data passed to MultinomialNB (input X)",,,0.001435995101928711,0.00013017654418945312
algerian_forest_fires_46279,,,pca,minmax,MultinomialNB(),2,,"Erro na combinação 148 - Imputer: None, Categorização: None, Seleção de Feature: pca, Scaler: minmax, Fold: 2 - Exception: Negative values in data passed to MultinomialNB (input X)",,,0.001435995101928711,0.00013017654418945312
algerian_forest_fires_46279,,,pca,minmax,MultinomialNB(),3,,"Erro na combinação 149 - Imputer: None, Categorização: None, Seleção de Feature: pca, Scaler: minmax, Fold: 3 - Exception: Negative values in data passed to MultinomialNB (input X)",,,0.001435995101928711,0.00013017654418945312
algerian_forest_fires_46279,,,pca,minmax,MultinomialNB(),4,,"Erro na combinação 150 - Imputer: None, Categorização: None, Seleção de Feature: pca, Scaler: minmax, Fold: 4 - Exception: Negative values in data passed to MultinomialNB (input X)",,,0.001435995101928711,0.00013017654418945312
algerian_forest_fires_46279,,,fastica,minmax,MultinomialNB(),0,,"Erro na combinação 151 - Imputer: None, Categorização: None, Seleção de Feature: fastica, Scaler: minmax, Fold: 0 - Exception: Negative values in data passed to MultinomialNB (input X)",,,0.001435995101928711,0.00013017654418945312
algerian_forest_fires_46279,,,fastica,minmax,MultinomialNB(),1,,"Erro na combinação 152 - Imputer: None, Categorização: None, Seleção de Feature: fastica, Scaler: minmax, Fold: 1 - Exception: Negative values in data passed to MultinomialNB (input X)",,,0.001435995101928711,0.00013017654418945312
algerian_forest_fires_46279,,,fastica,minmax,MultinomialNB(),2,,"Erro na combinação 153 - Imputer: None, Categorização: None, Seleção de Feature: fastica, Scaler: minmax, Fold: 2 - Exception: Negative values in data passed to MultinomialNB (input X)",,,0.001435995101928711,0.00013017654418945312
algerian_forest_fires_46279,,,fastica,minmax,MultinomialNB(),3,,"Erro na combinação 154 - Imputer: None, Categorização: None, Seleção de Feature: fastica, Scaler: minmax, Fold: 3 - Exception: Negative values in data passed to MultinomialNB (input X)",,,0.001435995101928711,0.00013017654418945312
algerian_forest_fires_46279,,,fastica,minmax,MultinomialNB(),4,,"Erro na combinação 155 - Imputer: None, Categorização: None, Seleção de Feature: fastica, Scaler: minmax, Fold: 4 - Exception: Negative values in data passed to MultinomialNB (input X)",,,0.001435995101928711,0.00013017654418945312
algerian_forest_fires_46279,,,truncated_svd,minmax,MultinomialNB(),0,,"Erro na combinação 156 - Imputer: None, Categorização: None, Seleção de Feature: truncated_svd, Scaler: minmax, Fold: 0 - Exception: Negative values in data passed to MultinomialNB (input X)",,,0.001435995101928711,0.00013017654418945312
algerian_forest_fires_46279,,,truncated_svd,minmax,MultinomialNB(),1,,"Erro na combinação 157 - Imputer: None, Categorização: None, Seleção de Feature: truncated_svd, Scaler: minmax, Fold: 1 - Exception: Negative values in data passed to MultinomialNB (input X)",,,0.001435995101928711,0.00013017654418945312
algerian_forest_fires_46279,,,truncated_svd,minmax,MultinomialNB(),2,,"Erro na combinação 158 - Imputer: None, Categorização: None, Seleção de Feature: truncated_svd, Scaler: minmax, Fold: 2 - Exception: Negative values in data passed to MultinomialNB (input X)",,,0.001435995101928711,0.00013017654418945312
algerian_forest_fires_46279,,,truncated_svd,minmax,MultinomialNB(),3,,"Erro na combinação 159 - Imputer: None, Categorização: None, Seleção de Feature: truncated_svd, Scaler: minmax, Fold: 3 - Exception: Negative values in data passed to MultinomialNB (input X)",,,0.001435995101928711,0.00013017654418945312
algerian_forest_fires_46279,,,truncated_svd,minmax,MultinomialNB(),4,,"Erro na combinação 160 - Imputer: None, Categorização: None, Seleção de Feature: truncated_svd, Scaler: minmax, Fold: 4 - Exception: Negative values in data passed to MultinomialNB (input X)",,,0.001435995101928711,0.00013017654418945312
algerian_forest_fires_46279,,,select_percentile,minmax,MultinomialNB(),0,0.5510204081632653,,,,0.0011742115020751953,9.393692016601562e-05
algerian_forest_fires_46279,,,select_percentile,minmax,MultinomialNB(),1,0.5510204081632653,,,,0.0012087821960449219,0.00010085105895996094
algerian_forest_fires_46279,,,select_percentile,minmax,MultinomialNB(),2,0.5714285714285714,,,,0.0013265609741210938,9.560585021972656e-05
algerian_forest_fires_46279,,,select_percentile,minmax,MultinomialNB(),3,0.6041666666666666,,,,0.0013413429260253906,9.560585021972656e-05
algerian_forest_fires_46279,,,select_percentile,minmax,MultinomialNB(),4,0.5416666666666666,,,,0.0011951923370361328,0.00012159347534179688
algerian_forest_fires_46279,,,generic_univariate,minmax,MultinomialNB(),0,0.5510204081632653,,,,0.0012030601501464844,9.1552734375e-05
algerian_forest_fires_46279,,,generic_univariate,minmax,MultinomialNB(),1,0.5510204081632653,,,,0.00118255615234375,9.322166442871094e-05
algerian_forest_fires_46279,,,generic_univariate,minmax,MultinomialNB(),2,0.5714285714285714,,,,0.0013005733489990234,0.00010538101196289062
algerian_forest_fires_46279,,,generic_univariate,minmax,MultinomialNB(),3,0.6041666666666666,,,,0.0013036727905273438,9.989738464355469e-05
algerian_forest_fires_46279,,,generic_univariate,minmax,MultinomialNB(),4,0.5416666666666666,,,,0.0012264251708984375,9.870529174804688e-05
algerian_forest_fires_46279,,,polynomial_features,minmax,MultinomialNB(),0,0.8979591836734694,,,,0.0012803077697753906,0.00010418891906738281
algerian_forest_fires_46279,,,polynomial_features,minmax,MultinomialNB(),1,0.9183673469387755,,,,0.0012481212615966797,0.00010347366333007812
algerian_forest_fires_46279,,,polynomial_features,minmax,MultinomialNB(),2,0.8775510204081632,,,,0.0012295246124267578,0.00010442733764648438
algerian_forest_fires_46279,,,polynomial_features,minmax,MultinomialNB(),3,0.9375,,,,0.0013492107391357422,0.00010538101196289062
algerian_forest_fires_46279,,,polynomial_features,minmax,MultinomialNB(),4,0.9583333333333334,,,,0.0012500286102294922,0.000102996826171875
algerian_forest_fires_46279,,,nystroem,minmax,MultinomialNB(),0,0.8163265306122449,,,,0.003664731979370117,0.0001289844512939453
algerian_forest_fires_46279,,,nystroem,minmax,MultinomialNB(),1,0.8163265306122449,,,,0.001991748809814453,0.00016260147094726562
algerian_forest_fires_46279,,,nystroem,minmax,MultinomialNB(),2,0.8571428571428571,,,,0.0016779899597167969,0.00012874603271484375
algerian_forest_fires_46279,,,nystroem,minmax,MultinomialNB(),3,0.9375,,,,0.002199888229370117,0.00015926361083984375
algerian_forest_fires_46279,,,nystroem,minmax,MultinomialNB(),4,0.8958333333333334,,,,0.00191497802734375,0.00015807151794433594
algerian_forest_fires_46279,,,rbf_sampler,minmax,MultinomialNB(),0,,"Erro na combinação 181 - Imputer: None, Categorização: None, Seleção de Feature: rbf_sampler, Scaler: minmax, Fold: 0 - Exception: Negative values in data passed to MultinomialNB (input X)",,,0.00191497802734375,0.00015807151794433594
algerian_forest_fires_46279,,,rbf_sampler,minmax,MultinomialNB(),1,,"Erro na combinação 182 - Imputer: None, Categorização: None, Seleção de Feature: rbf_sampler, Scaler: minmax, Fold: 1 - Exception: Negative values in data passed to MultinomialNB (input X)",,,0.00191497802734375,0.00015807151794433594
algerian_forest_fires_46279,,,rbf_sampler,minmax,MultinomialNB(),2,,"Erro na combinação 183 - Imputer: None, Categorização: None, Seleção de Feature: rbf_sampler, Scaler: minmax, Fold: 2 - Exception: Negative values in data passed to MultinomialNB (input X)",,,0.00191497802734375,0.00015807151794433594
algerian_forest_fires_46279,,,rbf_sampler,minmax,MultinomialNB(),3,,"Erro na combinação 184 - Imputer: None, Categorização: None, Seleção de Feature: rbf_sampler, Scaler: minmax, Fold: 3 - Exception: Negative values in data passed to MultinomialNB (input X)",,,0.00191497802734375,0.00015807151794433594
algerian_forest_fires_46279,,,rbf_sampler,minmax,MultinomialNB(),4,,"Erro na combinação 185 - Imputer: None, Categorização: None, Seleção de Feature: rbf_sampler, Scaler: minmax, Fold: 4 - Exception: Negative values in data passed to MultinomialNB (input X)",,,0.00191497802734375,0.00015807151794433594
algerian_forest_fires_46279,,,random_trees_embedding,minmax,MultinomialNB(),0,0.8979591836734694,,,,0.001470327377319336,0.00013375282287597656
algerian_forest_fires_46279,,,random_trees_embedding,minmax,MultinomialNB(),1,0.9387755102040817,,,,0.0014123916625976562,0.0001347064971923828
algerian_forest_fires_46279,,,random_trees_embedding,minmax,MultinomialNB(),2,0.9183673469387755,,,,0.0015001296997070312,0.00014352798461914062
algerian_forest_fires_46279,,,random_trees_embedding,minmax,MultinomialNB(),3,0.9583333333333334,,,,0.0014467239379882812,0.0001380443572998047
algerian_forest_fires_46279,,,random_trees_embedding,minmax,MultinomialNB(),4,0.9791666666666666,,,,0.0015139579772949219,0.00013399124145507812
algerian_forest_fires_46279,,,feature_agglomeration,minmax,MultinomialNB(),0,0.5510204081632653,,,,0.0012547969818115234,9.560585021972656e-05
algerian_forest_fires_46279,,,feature_agglomeration,minmax,MultinomialNB(),1,0.5510204081632653,,,,0.0013048648834228516,9.417533874511719e-05
algerian_forest_fires_46279,,,feature_agglomeration,minmax,MultinomialNB(),2,0.5714285714285714,,,,0.0012733936309814453,9.5367431640625e-05
algerian_forest_fires_46279,,,feature_agglomeration,minmax,MultinomialNB(),3,0.6041666666666666,,,,0.0012326240539550781,9.250640869140625e-05
algerian_forest_fires_46279,,,feature_agglomeration,minmax,MultinomialNB(),4,0.5416666666666666,,,,0.0013079643249511719,9.489059448242188e-05
algerian_forest_fires_46279,,,extra_tree,minmax,MultinomialNB(),0,0.5510204081632653,,,,0.001375436782836914,9.894371032714844e-05
algerian_forest_fires_46279,,,extra_tree,minmax,MultinomialNB(),1,0.5510204081632653,,,,0.0013022422790527344,9.703636169433594e-05
algerian_forest_fires_46279,,,extra_tree,minmax,MultinomialNB(),2,0.5714285714285714,,,,0.0013327598571777344,0.00010800361633300781
algerian_forest_fires_46279,,,extra_tree,minmax,MultinomialNB(),3,0.6041666666666666,,,,0.0013222694396972656,9.894371032714844e-05
algerian_forest_fires_46279,,,extra_tree,minmax,MultinomialNB(),4,0.5416666666666666,,,,0.0013256072998046875,9.608268737792969e-05
algerian_forest_fires_46279,,,linear_svc,minmax,MultinomialNB(),0,0.5510204081632653,,,,0.0013136863708496094,0.00012493133544921875
algerian_forest_fires_46279,,,linear_svc,minmax,MultinomialNB(),1,0.5510204081632653,,,,0.001277923583984375,0.000118255615234375
algerian_forest_fires_46279,,,linear_svc,minmax,MultinomialNB(),2,0.7755102040816326,,,,0.001287698745727539,9.870529174804688e-05
algerian_forest_fires_46279,,,linear_svc,minmax,MultinomialNB(),3,0.6041666666666666,,,,0.001369476318359375,9.679794311523438e-05
algerian_forest_fires_46279,,,linear_svc,minmax,MultinomialNB(),4,0.5416666666666666,,,,0.0012590885162353516,9.703636169433594e-05
algerian_forest_fires_46279,,,kernel_pca,minmax,MultinomialNB(),0,,"Erro na combinação 206 - Imputer: None, Categorização: None, Seleção de Feature: kernel_pca, Scaler: minmax, Fold: 0 - Exception: Negative values in data passed to MultinomialNB (input X)",,,0.0012590885162353516,9.703636169433594e-05
algerian_forest_fires_46279,,,kernel_pca,minmax,MultinomialNB(),1,,"Erro na combinação 207 - Imputer: None, Categorização: None, Seleção de Feature: kernel_pca, Scaler: minmax, Fold: 1 - Exception: Negative values in data passed to MultinomialNB (input X)",,,0.0012590885162353516,9.703636169433594e-05
algerian_forest_fires_46279,,,kernel_pca,minmax,MultinomialNB(),2,,"Erro na combinação 208 - Imputer: None, Categorização: None, Seleção de Feature: kernel_pca, Scaler: minmax, Fold: 2 - Exception: Negative values in data passed to MultinomialNB (input X)",,,0.0012590885162353516,9.703636169433594e-05
algerian_forest_fires_46279,,,kernel_pca,minmax,MultinomialNB(),3,,"Erro na combinação 209 - Imputer: None, Categorização: None, Seleção de Feature: kernel_pca, Scaler: minmax, Fold: 3 - Exception: Negative values in data passed to MultinomialNB (input X)",,,0.0012590885162353516,9.703636169433594e-05
algerian_forest_fires_46279,,,kernel_pca,minmax,MultinomialNB(),4,,"Erro na combinação 210 - Imputer: None, Categorização: None, Seleção de Feature: kernel_pca, Scaler: minmax, Fold: 4 - Exception: Negative values in data passed to MultinomialNB (input X)",,,0.0012590885162353516,9.703636169433594e-05
algerian_forest_fires_46279,,,,robust,MultinomialNB(),0,,"Erro na combinação 211 - Imputer: None, Categorização: None, Seleção de Feature: None, Scaler: robust, Fold: 0 - Exception: Negative values in data passed to MultinomialNB (input X)",,,0.0012590885162353516,9.703636169433594e-05
algerian_forest_fires_46279,,,,robust,MultinomialNB(),1,,"Erro na combinação 212 - Imputer: None, Categorização: None, Seleção de Feature: None, Scaler: robust, Fold: 1 - Exception: Negative values in data passed to MultinomialNB (input X)",,,0.0012590885162353516,9.703636169433594e-05
algerian_forest_fires_46279,,,,robust,MultinomialNB(),2,,"Erro na combinação 213 - Imputer: None, Categorização: None, Seleção de Feature: None, Scaler: robust, Fold: 2 - Exception: Negative values in data passed to MultinomialNB (input X)",,,0.0012590885162353516,9.703636169433594e-05
algerian_forest_fires_46279,,,,robust,MultinomialNB(),3,,"Erro na combinação 214 - Imputer: None, Categorização: None, Seleção de Feature: None, Scaler: robust, Fold: 3 - Exception: Negative values in data passed to MultinomialNB (input X)",,,0.0012590885162353516,9.703636169433594e-05
algerian_forest_fires_46279,,,,robust,MultinomialNB(),4,,"Erro na combinação 215 - Imputer: None, Categorização: None, Seleção de Feature: None, Scaler: robust, Fold: 4 - Exception: Negative values in data passed to MultinomialNB (input X)",,,0.0012590885162353516,9.703636169433594e-05
algerian_forest_fires_46279,,,pca,robust,MultinomialNB(),0,,"Erro na combinação 216 - Imputer: None, Categorização: None, Seleção de Feature: pca, Scaler: robust, Fold: 0 - Exception: Negative values in data passed to MultinomialNB (input X)",,,0.0012590885162353516,9.703636169433594e-05
algerian_forest_fires_46279,,,pca,robust,MultinomialNB(),1,,"Erro na combinação 217 - Imputer: None, Categorização: None, Seleção de Feature: pca, Scaler: robust, Fold: 1 - Exception: Negative values in data passed to MultinomialNB (input X)",,,0.0012590885162353516,9.703636169433594e-05
algerian_forest_fires_46279,,,pca,robust,MultinomialNB(),2,,"Erro na combinação 218 - Imputer: None, Categorização: None, Seleção de Feature: pca, Scaler: robust, Fold: 2 - Exception: Negative values in data passed to MultinomialNB (input X)",,,0.0012590885162353516,9.703636169433594e-05
algerian_forest_fires_46279,,,pca,robust,MultinomialNB(),3,,"Erro na combinação 219 - Imputer: None, Categorização: None, Seleção de Feature: pca, Scaler: robust, Fold: 3 - Exception: Negative values in data passed to MultinomialNB (input X)",,,0.0012590885162353516,9.703636169433594e-05
algerian_forest_fires_46279,,,pca,robust,MultinomialNB(),4,,"Erro na combinação 220 - Imputer: None, Categorização: None, Seleção de Feature: pca, Scaler: robust, Fold: 4 - Exception: Negative values in data passed to MultinomialNB (input X)",,,0.0012590885162353516,9.703636169433594e-05
algerian_forest_fires_46279,,,fastica,robust,MultinomialNB(),0,,"Erro na combinação 221 - Imputer: None, Categorização: None, Seleção de Feature: fastica, Scaler: robust, Fold: 0 - Exception: Negative values in data passed to MultinomialNB (input X)",,,0.0012590885162353516,9.703636169433594e-05
algerian_forest_fires_46279,,,fastica,robust,MultinomialNB(),1,,"Erro na combinação 222 - Imputer: None, Categorização: None, Seleção de Feature: fastica, Scaler: robust, Fold: 1 - Exception: Negative values in data passed to MultinomialNB (input X)",,,0.0012590885162353516,9.703636169433594e-05
algerian_forest_fires_46279,,,fastica,robust,MultinomialNB(),2,,"Erro na combinação 223 - Imputer: None, Categorização: None, Seleção de Feature: fastica, Scaler: robust, Fold: 2 - Exception: Negative values in data passed to MultinomialNB (input X)",,,0.0012590885162353516,9.703636169433594e-05
algerian_forest_fires_46279,,,fastica,robust,MultinomialNB(),3,,"Erro na combinação 224 - Imputer: None, Categorização: None, Seleção de Feature: fastica, Scaler: robust, Fold: 3 - Exception: Negative values in data passed to MultinomialNB (input X)",,,0.0012590885162353516,9.703636169433594e-05
algerian_forest_fires_46279,,,fastica,robust,MultinomialNB(),4,,"Erro na combinação 225 - Imputer: None, Categorização: None, Seleção de Feature: fastica, Scaler: robust, Fold: 4 - Exception: Negative values in data passed to MultinomialNB (input X)",,,0.0012590885162353516,9.703636169433594e-05
algerian_forest_fires_46279,,,truncated_svd,robust,MultinomialNB(),0,,"Erro na combinação 226 - Imputer: None, Categorização: None, Seleção de Feature: truncated_svd, Scaler: robust, Fold: 0 - Exception: Negative values in data passed to MultinomialNB (input X)",,,0.0012590885162353516,9.703636169433594e-05
algerian_forest_fires_46279,,,truncated_svd,robust,MultinomialNB(),1,,"Erro na combinação 227 - Imputer: None, Categorização: None, Seleção de Feature: truncated_svd, Scaler: robust, Fold: 1 - Exception: Negative values in data passed to MultinomialNB (input X)",,,0.0012590885162353516,9.703636169433594e-05
algerian_forest_fires_46279,,,truncated_svd,robust,MultinomialNB(),2,,"Erro na combinação 228 - Imputer: None, Categorização: None, Seleção de Feature: truncated_svd, Scaler: robust, Fold: 2 - Exception: Negative values in data passed to MultinomialNB (input X)",,,0.0012590885162353516,9.703636169433594e-05
algerian_forest_fires_46279,,,truncated_svd,robust,MultinomialNB(),3,,"Erro na combinação 229 - Imputer: None, Categorização: None, Seleção de Feature: truncated_svd, Scaler: robust, Fold: 3 - Exception: Negative values in data passed to MultinomialNB (input X)",,,0.0012590885162353516,9.703636169433594e-05
algerian_forest_fires_46279,,,truncated_svd,robust,MultinomialNB(),4,,"Erro na combinação 230 - Imputer: None, Categorização: None, Seleção de Feature: truncated_svd, Scaler: robust, Fold: 4 - Exception: Negative values in data passed to MultinomialNB (input X)",,,0.0012590885162353516,9.703636169433594e-05
algerian_forest_fires_46279,,,select_percentile,robust,MultinomialNB(),0,,"Erro na combinação 231 - Imputer: None, Categorização: None, Seleção de Feature: select_percentile, Scaler: robust, Fold: 0 - Exception: Negative values in data passed to MultinomialNB (input X)",,,0.0012590885162353516,9.703636169433594e-05
algerian_forest_fires_46279,,,select_percentile,robust,MultinomialNB(),1,,"Erro na combinação 232 - Imputer: None, Categorização: None, Seleção de Feature: select_percentile, Scaler: robust, Fold: 1 - Exception: Negative values in data passed to MultinomialNB (input X)",,,0.0012590885162353516,9.703636169433594e-05
algerian_forest_fires_46279,,,select_percentile,robust,MultinomialNB(),2,,"Erro na combinação 233 - Imputer: None, Categorização: None, Seleção de Feature: select_percentile, Scaler: robust, Fold: 2 - Exception: Negative values in data passed to MultinomialNB (input X)",,,0.0012590885162353516,9.703636169433594e-05
algerian_forest_fires_46279,,,select_percentile,robust,MultinomialNB(),3,,"Erro na combinação 234 - Imputer: None, Categorização: None, Seleção de Feature: select_percentile, Scaler: robust, Fold: 3 - Exception: Negative values in data passed to MultinomialNB (input X)",,,0.0012590885162353516,9.703636169433594e-05
algerian_forest_fires_46279,,,select_percentile,robust,MultinomialNB(),4,,"Erro na combinação 235 - Imputer: None, Categorização: None, Seleção de Feature: select_percentile, Scaler: robust, Fold: 4 - Exception: Negative values in data passed to MultinomialNB (input X)",,,0.0012590885162353516,9.703636169433594e-05
algerian_forest_fires_46279,,,generic_univariate,robust,MultinomialNB(),0,,"Erro na combinação 236 - Imputer: None, Categorização: None, Seleção de Feature: generic_univariate, Scaler: robust, Fold: 0 - Exception: Negative values in data passed to MultinomialNB (input X)",,,0.0012590885162353516,9.703636169433594e-05
algerian_forest_fires_46279,,,generic_univariate,robust,MultinomialNB(),1,,"Erro na combinação 237 - Imputer: None, Categorização: None, Seleção de Feature: generic_univariate, Scaler: robust, Fold: 1 - Exception: Negative values in data passed to MultinomialNB (input X)",,,0.0012590885162353516,9.703636169433594e-05
algerian_forest_fires_46279,,,generic_univariate,robust,MultinomialNB(),2,,"Erro na combinação 238 - Imputer: None, Categorização: None, Seleção de Feature: generic_univariate, Scaler: robust, Fold: 2 - Exception: Negative values in data passed to MultinomialNB (input X)",,,0.0012590885162353516,9.703636169433594e-05
algerian_forest_fires_46279,,,generic_univariate,robust,MultinomialNB(),3,,"Erro na combinação 239 - Imputer: None, Categorização: None, Seleção de Feature: generic_univariate, Scaler: robust, Fold: 3 - Exception: Negative values in data passed to MultinomialNB (input X)",,,0.0012590885162353516,9.703636169433594e-05
algerian_forest_fires_46279,,,generic_univariate,robust,MultinomialNB(),4,,"Erro na combinação 240 - Imputer: None, Categorização: None, Seleção de Feature: generic_univariate, Scaler: robust, Fold: 4 - Exception: Negative values in data passed to MultinomialNB (input X)",,,0.0012590885162353516,9.703636169433594e-05
algerian_forest_fires_46279,,,polynomial_features,robust,MultinomialNB(),0,,"Erro na combinação 241 - Imputer: None, Categorização: None, Seleção de Feature: polynomial_features, Scaler: robust, Fold: 0 - Exception: Negative values in data passed to MultinomialNB (input X)",,,0.0012590885162353516,9.703636169433594e-05
algerian_forest_fires_46279,,,polynomial_features,robust,MultinomialNB(),1,,"Erro na combinação 242 - Imputer: None, Categorização: None, Seleção de Feature: polynomial_features, Scaler: robust, Fold: 1 - Exception: Negative values in data passed to MultinomialNB (input X)",,,0.0012590885162353516,9.703636169433594e-05
algerian_forest_fires_46279,,,polynomial_features,robust,MultinomialNB(),2,,"Erro na combinação 243 - Imputer: None, Categorização: None, Seleção de Feature: polynomial_features, Scaler: robust, Fold: 2 - Exception: Negative values in data passed to MultinomialNB (input X)",,,0.0012590885162353516,9.703636169433594e-05
algerian_forest_fires_46279,,,polynomial_features,robust,MultinomialNB(),3,,"Erro na combinação 244 - Imputer: None, Categorização: None, Seleção de Feature: polynomial_features, Scaler: robust, Fold: 3 - Exception: Negative values in data passed to MultinomialNB (input X)",,,0.0012590885162353516,9.703636169433594e-05
algerian_forest_fires_46279,,,polynomial_features,robust,MultinomialNB(),4,,"Erro na combinação 245 - Imputer: None, Categorização: None, Seleção de Feature: polynomial_features, Scaler: robust, Fold: 4 - Exception: Negative values in data passed to MultinomialNB (input X)",,,0.0012590885162353516,9.703636169433594e-05
algerian_forest_fires_46279,,,nystroem,robust,MultinomialNB(),0,,"Erro na combinação 246 - Imputer: None, Categorização: None, Seleção de Feature: nystroem, Scaler: robust, Fold: 0 - Exception: Negative values in data passed to MultinomialNB (input X)",,,0.0012590885162353516,9.703636169433594e-05
algerian_forest_fires_46279,,,nystroem,robust,MultinomialNB(),1,,"Erro na combinação 247 - Imputer: None, Categorização: None, Seleção de Feature: nystroem, Scaler: robust, Fold: 1 - Exception: Negative values in data passed to MultinomialNB (input X)",,,0.0012590885162353516,9.703636169433594e-05
algerian_forest_fires_46279,,,nystroem,robust,MultinomialNB(),2,,"Erro na combinação 248 - Imputer: None, Categorização: None, Seleção de Feature: nystroem, Scaler: robust, Fold: 2 - Exception: Negative values in data passed to MultinomialNB (input X)",,,0.0012590885162353516,9.703636169433594e-05
algerian_forest_fires_46279,,,nystroem,robust,MultinomialNB(),3,,"Erro na combinação 249 - Imputer: None, Categorização: None, Seleção de Feature: nystroem, Scaler: robust, Fold: 3 - Exception: Negative values in data passed to MultinomialNB (input X)",,,0.0012590885162353516,9.703636169433594e-05
algerian_forest_fires_46279,,,nystroem,robust,MultinomialNB(),4,,"Erro na combinação 250 - Imputer: None, Categorização: None, Seleção de Feature: nystroem, Scaler: robust, Fold: 4 - Exception: Negative values in data passed to MultinomialNB (input X)",,,0.0012590885162353516,9.703636169433594e-05
algerian_forest_fires_46279,,,rbf_sampler,robust,MultinomialNB(),0,,"Erro na combinação 251 - Imputer: None, Categorização: None, Seleção de Feature: rbf_sampler, Scaler: robust, Fold: 0 - Exception: Negative values in data passed to MultinomialNB (input X)",,,0.0012590885162353516,9.703636169433594e-05
algerian_forest_fires_46279,,,rbf_sampler,robust,MultinomialNB(),1,,"Erro na combinação 252 - Imputer: None, Categorização: None, Seleção de Feature: rbf_sampler, Scaler: robust, Fold: 1 - Exception: Negative values in data passed to MultinomialNB (input X)",,,0.0012590885162353516,9.703636169433594e-05
algerian_forest_fires_46279,,,rbf_sampler,robust,MultinomialNB(),2,,"Erro na combinação 253 - Imputer: None, Categorização: None, Seleção de Feature: rbf_sampler, Scaler: robust, Fold: 2 - Exception: Negative values in data passed to MultinomialNB (input X)",,,0.0012590885162353516,9.703636169433594e-05
algerian_forest_fires_46279,,,rbf_sampler,robust,MultinomialNB(),3,,"Erro na combinação 254 - Imputer: None, Categorização: None, Seleção de Feature: rbf_sampler, Scaler: robust, Fold: 3 - Exception: Negative values in data passed to MultinomialNB (input X)",,,0.0012590885162353516,9.703636169433594e-05
algerian_forest_fires_46279,,,rbf_sampler,robust,MultinomialNB(),4,,"Erro na combinação 255 - Imputer: None, Categorização: None, Seleção de Feature: rbf_sampler, Scaler: robust, Fold: 4 - Exception: Negative values in data passed to MultinomialNB (input X)",,,0.0012590885162353516,9.703636169433594e-05
algerian_forest_fires_46279,,,random_trees_embedding,robust,MultinomialNB(),0,0.8979591836734694,,,,0.0014650821685791016,0.0001354217529296875
algerian_forest_fires_46279,,,random_trees_embedding,robust,MultinomialNB(),1,0.9387755102040817,,,,0.0014393329620361328,0.0001354217529296875
algerian_forest_fires_46279,,,random_trees_embedding,robust,MultinomialNB(),2,0.9183673469387755,,,,0.0014388561248779297,0.0001354217529296875
algerian_forest_fires_46279,,,random_trees_embedding,robust,MultinomialNB(),3,0.9583333333333334,,,,0.00154876708984375,0.00013566017150878906
algerian_forest_fires_46279,,,random_trees_embedding,robust,MultinomialNB(),4,0.9791666666666666,,,,0.0015153884887695312,0.0001342296600341797
algerian_forest_fires_46279,,,feature_agglomeration,robust,MultinomialNB(),0,,"Erro na combinação 261 - Imputer: None, Categorização: None, Seleção de Feature: feature_agglomeration, Scaler: robust, Fold: 0 - Exception: Negative values in data passed to MultinomialNB (input X)",,,0.0015153884887695312,0.0001342296600341797
algerian_forest_fires_46279,,,feature_agglomeration,robust,MultinomialNB(),1,,"Erro na combinação 262 - Imputer: None, Categorização: None, Seleção de Feature: feature_agglomeration, Scaler: robust, Fold: 1 - Exception: Negative values in data passed to MultinomialNB (input X)",,,0.0015153884887695312,0.0001342296600341797
algerian_forest_fires_46279,,,feature_agglomeration,robust,MultinomialNB(),2,,"Erro na combinação 263 - Imputer: None, Categorização: None, Seleção de Feature: feature_agglomeration, Scaler: robust, Fold: 2 - Exception: Negative values in data passed to MultinomialNB (input X)",,,0.0015153884887695312,0.0001342296600341797
algerian_forest_fires_46279,,,feature_agglomeration,robust,MultinomialNB(),3,,"Erro na combinação 264 - Imputer: None, Categorização: None, Seleção de Feature: feature_agglomeration, Scaler: robust, Fold: 3 - Exception: Negative values in data passed to MultinomialNB (input X)",,,0.0015153884887695312,0.0001342296600341797
algerian_forest_fires_46279,,,feature_agglomeration,robust,MultinomialNB(),4,,"Erro na combinação 265 - Imputer: None, Categorização: None, Seleção de Feature: feature_agglomeration, Scaler: robust, Fold: 4 - Exception: Negative values in data passed to MultinomialNB (input X)",,,0.0015153884887695312,0.0001342296600341797
algerian_forest_fires_46279,,,extra_tree,robust,MultinomialNB(),0,,"Erro na combinação 266 - Imputer: None, Categorização: None, Seleção de Feature: extra_tree, Scaler: robust, Fold: 0 - Exception: Negative values in data passed to MultinomialNB (input X)",,,0.0015153884887695312,0.0001342296600341797
algerian_forest_fires_46279,,,extra_tree,robust,MultinomialNB(),1,,"Erro na combinação 267 - Imputer: None, Categorização: None, Seleção de Feature: extra_tree, Scaler: robust, Fold: 1 - Exception: Negative values in data passed to MultinomialNB (input X)",,,0.0015153884887695312,0.0001342296600341797
algerian_forest_fires_46279,,,extra_tree,robust,MultinomialNB(),2,,"Erro na combinação 268 - Imputer: None, Categorização: None, Seleção de Feature: extra_tree, Scaler: robust, Fold: 2 - Exception: Negative values in data passed to MultinomialNB (input X)",,,0.0015153884887695312,0.0001342296600341797
algerian_forest_fires_46279,,,extra_tree,robust,MultinomialNB(),3,,"Erro na combinação 269 - Imputer: None, Categorização: None, Seleção de Feature: extra_tree, Scaler: robust, Fold: 3 - Exception: Negative values in data passed to MultinomialNB (input X)",,,0.0015153884887695312,0.0001342296600341797
algerian_forest_fires_46279,,,extra_tree,robust,MultinomialNB(),4,,"Erro na combinação 270 - Imputer: None, Categorização: None, Seleção de Feature: extra_tree, Scaler: robust, Fold: 4 - Exception: Negative values in data passed to MultinomialNB (input X)",,,0.0015153884887695312,0.0001342296600341797
algerian_forest_fires_46279,,,linear_svc,robust,MultinomialNB(),0,,"Erro na combinação 271 - Imputer: None, Categorização: None, Seleção de Feature: linear_svc, Scaler: robust, Fold: 0 - Exception: Negative values in data passed to MultinomialNB (input X)",,,0.0015153884887695312,0.0001342296600341797
algerian_forest_fires_46279,,,linear_svc,robust,MultinomialNB(),1,,"Erro na combinação 272 - Imputer: None, Categorização: None, Seleção de Feature: linear_svc, Scaler: robust, Fold: 1 - Exception: Negative values in data passed to MultinomialNB (input X)",,,0.0015153884887695312,0.0001342296600341797
algerian_forest_fires_46279,,,linear_svc,robust,MultinomialNB(),2,,"Erro na combinação 273 - Imputer: None, Categorização: None, Seleção de Feature: linear_svc, Scaler: robust, Fold: 2 - Exception: Negative values in data passed to MultinomialNB (input X)",,,0.0015153884887695312,0.0001342296600341797
algerian_forest_fires_46279,,,linear_svc,robust,MultinomialNB(),3,,"Erro na combinação 274 - Imputer: None, Categorização: None, Seleção de Feature: linear_svc, Scaler: robust, Fold: 3 - Exception: Negative values in data passed to MultinomialNB (input X)",,,0.0015153884887695312,0.0001342296600341797
algerian_forest_fires_46279,,,linear_svc,robust,MultinomialNB(),4,,"Erro na combinação 275 - Imputer: None, Categorização: None, Seleção de Feature: linear_svc, Scaler: robust, Fold: 4 - Exception: Negative values in data passed to MultinomialNB (input X)",,,0.0015153884887695312,0.0001342296600341797
algerian_forest_fires_46279,,,kernel_pca,robust,MultinomialNB(),0,,"Erro na combinação 276 - Imputer: None, Categorização: None, Seleção de Feature: kernel_pca, Scaler: robust, Fold: 0 - Exception: Negative values in data passed to MultinomialNB (input X)",,,0.0015153884887695312,0.0001342296600341797
algerian_forest_fires_46279,,,kernel_pca,robust,MultinomialNB(),1,,"Erro na combinação 277 - Imputer: None, Categorização: None, Seleção de Feature: kernel_pca, Scaler: robust, Fold: 1 - Exception: Negative values in data passed to MultinomialNB (input X)",,,0.0015153884887695312,0.0001342296600341797
algerian_forest_fires_46279,,,kernel_pca,robust,MultinomialNB(),2,,"Erro na combinação 278 - Imputer: None, Categorização: None, Seleção de Feature: kernel_pca, Scaler: robust, Fold: 2 - Exception: Negative values in data passed to MultinomialNB (input X)",,,0.0015153884887695312,0.0001342296600341797
algerian_forest_fires_46279,,,kernel_pca,robust,MultinomialNB(),3,,"Erro na combinação 279 - Imputer: None, Categorização: None, Seleção de Feature: kernel_pca, Scaler: robust, Fold: 3 - Exception: Negative values in data passed to MultinomialNB (input X)",,,0.0015153884887695312,0.0001342296600341797
algerian_forest_fires_46279,,,kernel_pca,robust,MultinomialNB(),4,,"Erro na combinação 280 - Imputer: None, Categorização: None, Seleção de Feature: kernel_pca, Scaler: robust, Fold: 4 - Exception: Negative values in data passed to MultinomialNB (input X)",,,0.0015153884887695312,0.0001342296600341797
algerian_forest_fires_46279,,,,normalizer,MultinomialNB(),0,0.5510204081632653,,,,0.001680612564086914,0.00013566017150878906
algerian_forest_fires_46279,,,,normalizer,MultinomialNB(),1,0.5510204081632653,,,,0.0019567012786865234,0.00011920928955078125
algerian_forest_fires_46279,,,,normalizer,MultinomialNB(),2,0.5714285714285714,,,,0.0014655590057373047,0.00010442733764648438
algerian_forest_fires_46279,,,,normalizer,MultinomialNB(),3,0.6041666666666666,,,,0.0012552738189697266,9.679794311523438e-05
algerian_forest_fires_46279,,,,normalizer,MultinomialNB(),4,0.5416666666666666,,,,0.0011796951293945312,9.512901306152344e-05
algerian_forest_fires_46279,,,pca,normalizer,MultinomialNB(),0,,"Erro na combinação 286 - Imputer: None, Categorização: None, Seleção de Feature: pca, Scaler: normalizer, Fold: 0 - Exception: Negative values in data passed to MultinomialNB (input X)",,,0.0011796951293945312,9.512901306152344e-05
algerian_forest_fires_46279,,,pca,normalizer,MultinomialNB(),1,,"Erro na combinação 287 - Imputer: None, Categorização: None, Seleção de Feature: pca, Scaler: normalizer, Fold: 1 - Exception: Negative values in data passed to MultinomialNB (input X)",,,0.0011796951293945312,9.512901306152344e-05
algerian_forest_fires_46279,,,pca,normalizer,MultinomialNB(),2,,"Erro na combinação 288 - Imputer: None, Categorização: None, Seleção de Feature: pca, Scaler: normalizer, Fold: 2 - Exception: Negative values in data passed to MultinomialNB (input X)",,,0.0011796951293945312,9.512901306152344e-05
algerian_forest_fires_46279,,,pca,normalizer,MultinomialNB(),3,,"Erro na combinação 289 - Imputer: None, Categorização: None, Seleção de Feature: pca, Scaler: normalizer, Fold: 3 - Exception: Negative values in data passed to MultinomialNB (input X)",,,0.0011796951293945312,9.512901306152344e-05
algerian_forest_fires_46279,,,pca,normalizer,MultinomialNB(),4,,"Erro na combinação 290 - Imputer: None, Categorização: None, Seleção de Feature: pca, Scaler: normalizer, Fold: 4 - Exception: Negative values in data passed to MultinomialNB (input X)",,,0.0011796951293945312,9.512901306152344e-05
algerian_forest_fires_46279,,,fastica,normalizer,MultinomialNB(),0,,"Erro na combinação 291 - Imputer: None, Categorização: None, Seleção de Feature: fastica, Scaler: normalizer, Fold: 0 - Exception: Negative values in data passed to MultinomialNB (input X)",,,0.0011796951293945312,9.512901306152344e-05
algerian_forest_fires_46279,,,fastica,normalizer,MultinomialNB(),1,,"Erro na combinação 292 - Imputer: None, Categorização: None, Seleção de Feature: fastica, Scaler: normalizer, Fold: 1 - Exception: Negative values in data passed to MultinomialNB (input X)",,,0.0011796951293945312,9.512901306152344e-05
algerian_forest_fires_46279,,,fastica,normalizer,MultinomialNB(),2,,"Erro na combinação 293 - Imputer: None, Categorização: None, Seleção de Feature: fastica, Scaler: normalizer, Fold: 2 - Exception: Negative values in data passed to MultinomialNB (input X)",,,0.0011796951293945312,9.512901306152344e-05
algerian_forest_fires_46279,,,fastica,normalizer,MultinomialNB(),3,,"Erro na combinação 294 - Imputer: None, Categorização: None, Seleção de Feature: fastica, Scaler: normalizer, Fold: 3 - Exception: Negative values in data passed to MultinomialNB (input X)",,,0.0011796951293945312,9.512901306152344e-05
algerian_forest_fires_46279,,,fastica,normalizer,MultinomialNB(),4,,"Erro na combinação 295 - Imputer: None, Categorização: None, Seleção de Feature: fastica, Scaler: normalizer, Fold: 4 - Exception: Negative values in data passed to MultinomialNB (input X)",,,0.0011796951293945312,9.512901306152344e-05
algerian_forest_fires_46279,,,truncated_svd,normalizer,MultinomialNB(),0,,"Erro na combinação 296 - Imputer: None, Categorização: None, Seleção de Feature: truncated_svd, Scaler: normalizer, Fold: 0 - Exception: Negative values in data passed to MultinomialNB (input X)",,,0.0011796951293945312,9.512901306152344e-05
algerian_forest_fires_46279,,,truncated_svd,normalizer,MultinomialNB(),1,,"Erro na combinação 297 - Imputer: None, Categorização: None, Seleção de Feature: truncated_svd, Scaler: normalizer, Fold: 1 - Exception: Negative values in data passed to MultinomialNB (input X)",,,0.0011796951293945312,9.512901306152344e-05
algerian_forest_fires_46279,,,truncated_svd,normalizer,MultinomialNB(),2,,"Erro na combinação 298 - Imputer: None, Categorização: None, Seleção de Feature: truncated_svd, Scaler: normalizer, Fold: 2 - Exception: Negative values in data passed to MultinomialNB (input X)",,,0.0011796951293945312,9.512901306152344e-05
algerian_forest_fires_46279,,,truncated_svd,normalizer,MultinomialNB(),3,,"Erro na combinação 299 - Imputer: None, Categorização: None, Seleção de Feature: truncated_svd, Scaler: normalizer, Fold: 3 - Exception: Negative values in data passed to MultinomialNB (input X)",,,0.0011796951293945312,9.512901306152344e-05
algerian_forest_fires_46279,,,truncated_svd,normalizer,MultinomialNB(),4,,"Erro na combinação 300 - Imputer: None, Categorização: None, Seleção de Feature: truncated_svd, Scaler: normalizer, Fold: 4 - Exception: Negative values in data passed to MultinomialNB (input X)",,,0.0011796951293945312,9.512901306152344e-05
algerian_forest_fires_46279,,,select_percentile,normalizer,MultinomialNB(),0,0.5510204081632653,,,,0.0013072490692138672,9.584426879882812e-05
algerian_forest_fires_46279,,,select_percentile,normalizer,MultinomialNB(),1,0.5510204081632653,,,,0.0012788772583007812,0.00010418891906738281
algerian_forest_fires_46279,,,select_percentile,normalizer,MultinomialNB(),2,0.5714285714285714,,,,0.0012562274932861328,9.560585021972656e-05
algerian_forest_fires_46279,,,select_percentile,normalizer,MultinomialNB(),3,0.6041666666666666,,,,0.0013051033020019531,9.441375732421875e-05
algerian_forest_fires_46279,,,select_percentile,normalizer,MultinomialNB(),4,0.5416666666666666,,,,0.0012149810791015625,9.465217590332031e-05
algerian_forest_fires_46279,,,generic_univariate,normalizer,MultinomialNB(),0,0.5510204081632653,,,,0.0011963844299316406,9.322166442871094e-05
algerian_forest_fires_46279,,,generic_univariate,normalizer,MultinomialNB(),1,0.5510204081632653,,,,0.0013175010681152344,9.250640869140625e-05
algerian_forest_fires_46279,,,generic_univariate,normalizer,MultinomialNB(),2,0.5714285714285714,,,,0.0013217926025390625,0.00010752677917480469
algerian_forest_fires_46279,,,generic_univariate,normalizer,MultinomialNB(),3,0.6041666666666666,,,,0.0011670589447021484,9.441375732421875e-05
algerian_forest_fires_46279,,,generic_univariate,normalizer,MultinomialNB(),4,0.5416666666666666,,,,0.001180410385131836,9.489059448242188e-05
algerian_forest_fires_46279,,,polynomial_features,normalizer,MultinomialNB(),0,0.5510204081632653,,,,0.0012350082397460938,0.00010442733764648438
algerian_forest_fires_46279,,,polynomial_features,normalizer,MultinomialNB(),1,0.5510204081632653,,,,0.0013766288757324219,0.00010466575622558594
algerian_forest_fires_46279,,,polynomial_features,normalizer,MultinomialNB(),2,0.5714285714285714,,,,0.0012326240539550781,0.00010347366333007812
algerian_forest_fires_46279,,,polynomial_features,normalizer,MultinomialNB(),3,0.6041666666666666,,,,0.0012500286102294922,0.00010228157043457031
algerian_forest_fires_46279,,,polynomial_features,normalizer,MultinomialNB(),4,0.5416666666666666,,,,0.001323699951171875,0.00010776519775390625
algerian_forest_fires_46279,,,nystroem,normalizer,MultinomialNB(),0,0.5510204081632653,,,,0.0014603137969970703,0.00014925003051757812
algerian_forest_fires_46279,,,nystroem,normalizer,MultinomialNB(),1,0.5510204081632653,,,,0.0016796588897705078,0.00012636184692382812
algerian_forest_fires_46279,,,nystroem,normalizer,MultinomialNB(),2,0.5714285714285714,,,,0.0021851062774658203,0.00018072128295898438
algerian_forest_fires_46279,,,nystroem,normalizer,MultinomialNB(),3,0.6041666666666666,,,,0.0016720294952392578,0.00012445449829101562
algerian_forest_fires_46279,,,nystroem,normalizer,MultinomialNB(),4,0.5416666666666666,,,,0.001600503921508789,0.00020003318786621094
algerian_forest_fires_46279,,,rbf_sampler,normalizer,MultinomialNB(),0,,"Erro na combinação 321 - Imputer: None, Categorização: None, Seleção de Feature: rbf_sampler, Scaler: normalizer, Fold: 0 - Exception: Negative values in data passed to MultinomialNB (input X)",,,0.001600503921508789,0.00020003318786621094
algerian_forest_fires_46279,,,rbf_sampler,normalizer,MultinomialNB(),1,,"Erro na combinação 322 - Imputer: None, Categorização: None, Seleção de Feature: rbf_sampler, Scaler: normalizer, Fold: 1 - Exception: Negative values in data passed to MultinomialNB (input X)",,,0.001600503921508789,0.00020003318786621094
algerian_forest_fires_46279,,,rbf_sampler,normalizer,MultinomialNB(),2,,"Erro na combinação 323 - Imputer: None, Categorização: None, Seleção de Feature: rbf_sampler, Scaler: normalizer, Fold: 2 - Exception: Negative values in data passed to MultinomialNB (input X)",,,0.001600503921508789,0.00020003318786621094
algerian_forest_fires_46279,,,rbf_sampler,normalizer,MultinomialNB(),3,,"Erro na combinação 324 - Imputer: None, Categorização: None, Seleção de Feature: rbf_sampler, Scaler: normalizer, Fold: 3 - Exception: Negative values in data passed to MultinomialNB (input X)",,,0.001600503921508789,0.00020003318786621094
algerian_forest_fires_46279,,,rbf_sampler,normalizer,MultinomialNB(),4,,"Erro na combinação 325 - Imputer: None, Categorização: None, Seleção de Feature: rbf_sampler, Scaler: normalizer, Fold: 4 - Exception: Negative values in data passed to MultinomialNB (input X)",,,0.001600503921508789,0.00020003318786621094
algerian_forest_fires_46279,,,random_trees_embedding,normalizer,MultinomialNB(),0,0.8979591836734694,,,,0.0015082359313964844,0.00013709068298339844
algerian_forest_fires_46279,,,random_trees_embedding,normalizer,MultinomialNB(),1,0.9183673469387755,,,,0.0014965534210205078,0.00013303756713867188
algerian_forest_fires_46279,,,random_trees_embedding,normalizer,MultinomialNB(),2,0.9387755102040817,,,,0.0015413761138916016,0.00013446807861328125
algerian_forest_fires_46279,,,random_trees_embedding,normalizer,MultinomialNB(),3,0.9375,,,,0.0014238357543945312,0.00013375282287597656
algerian_forest_fires_46279,,,random_trees_embedding,normalizer,MultinomialNB(),4,0.9583333333333334,,,,0.0013957023620605469,0.0001537799835205078
algerian_forest_fires_46279,,,feature_agglomeration,normalizer,MultinomialNB(),0,0.5510204081632653,,,,0.0012333393096923828,9.560585021972656e-05
algerian_forest_fires_46279,,,feature_agglomeration,normalizer,MultinomialNB(),1,0.5510204081632653,,,,0.0014476776123046875,0.00010561943054199219
algerian_forest_fires_46279,,,feature_agglomeration,normalizer,MultinomialNB(),2,0.5714285714285714,,,,0.0012526512145996094,9.72747802734375e-05
algerian_forest_fires_46279,,,feature_agglomeration,normalizer,MultinomialNB(),3,0.6041666666666666,,,,0.0012717247009277344,9.608268737792969e-05
algerian_forest_fires_46279,,,feature_agglomeration,normalizer,MultinomialNB(),4,0.5416666666666666,,,,0.0012526512145996094,9.655952453613281e-05
algerian_forest_fires_46279,,,extra_tree,normalizer,MultinomialNB(),0,0.5510204081632653,,,,0.0012636184692382812,9.679794311523438e-05
algerian_forest_fires_46279,,,extra_tree,normalizer,MultinomialNB(),1,0.5510204081632653,,,,0.00125885009765625,9.703636169433594e-05
algerian_forest_fires_46279,,,extra_tree,normalizer,MultinomialNB(),2,0.5714285714285714,,,,0.0012936592102050781,9.632110595703125e-05
algerian_forest_fires_46279,,,extra_tree,normalizer,MultinomialNB(),3,0.6041666666666666,,,,0.0013015270233154297,9.679794311523438e-05
algerian_forest_fires_46279,,,extra_tree,normalizer,MultinomialNB(),4,0.5416666666666666,,,,0.0013108253479003906,0.00011467933654785156
algerian_forest_fires_46279,,,linear_svc,normalizer,MultinomialNB(),0,0.5510204081632653,,,,0.0013234615325927734,9.679794311523438e-05
algerian_forest_fires_46279,,,linear_svc,normalizer,MultinomialNB(),1,0.5510204081632653,,,,0.0012781620025634766,9.822845458984375e-05
algerian_forest_fires_46279,,,linear_svc,normalizer,MultinomialNB(),2,0.5714285714285714,,,,0.0012426376342773438,9.560585021972656e-05
algerian_forest_fires_46279,,,linear_svc,normalizer,MultinomialNB(),3,0.6041666666666666,,,,0.0012316703796386719,9.679794311523438e-05
algerian_forest_fires_46279,,,linear_svc,normalizer,MultinomialNB(),4,0.5416666666666666,,,,0.0011966228485107422,9.608268737792969e-05
algerian_forest_fires_46279,,,kernel_pca,normalizer,MultinomialNB(),0,,"Erro na combinação 346 - Imputer: None, Categorização: None, Seleção de Feature: kernel_pca, Scaler: normalizer, Fold: 0 - Exception: Negative values in data passed to MultinomialNB (input X)",,,0.0011966228485107422,9.608268737792969e-05
algerian_forest_fires_46279,,,kernel_pca,normalizer,MultinomialNB(),1,,"Erro na combinação 347 - Imputer: None, Categorização: None, Seleção de Feature: kernel_pca, Scaler: normalizer, Fold: 1 - Exception: Negative values in data passed to MultinomialNB (input X)",,,0.0011966228485107422,9.608268737792969e-05
algerian_forest_fires_46279,,,kernel_pca,normalizer,MultinomialNB(),2,,"Erro na combinação 348 - Imputer: None, Categorização: None, Seleção de Feature: kernel_pca, Scaler: normalizer, Fold: 2 - Exception: Negative values in data passed to MultinomialNB (input X)",,,0.0011966228485107422,9.608268737792969e-05
algerian_forest_fires_46279,,,kernel_pca,normalizer,MultinomialNB(),3,,"Erro na combinação 349 - Imputer: None, Categorização: None, Seleção de Feature: kernel_pca, Scaler: normalizer, Fold: 3 - Exception: Negative values in data passed to MultinomialNB (input X)",,,0.0011966228485107422,9.608268737792969e-05
algerian_forest_fires_46279,,,kernel_pca,normalizer,MultinomialNB(),4,,"Erro na combinação 350 - Imputer: None, Categorização: None, Seleção de Feature: kernel_pca, Scaler: normalizer, Fold: 4 - Exception: Negative values in data passed to MultinomialNB (input X)",,,0.0011966228485107422,9.608268737792969e-05
algerian_forest_fires_46279,,,,power,MultinomialNB(),0,,"Erro na combinação 351 - Imputer: None, Categorização: None, Seleção de Feature: None, Scaler: power, Fold: 0 - Exception: Negative values in data passed to MultinomialNB (input X)",,,0.0011966228485107422,9.608268737792969e-05
algerian_forest_fires_46279,,,,power,MultinomialNB(),1,,"Erro na combinação 352 - Imputer: None, Categorização: None, Seleção de Feature: None, Scaler: power, Fold: 1 - Exception: Negative values in data passed to MultinomialNB (input X)",,,0.0011966228485107422,9.608268737792969e-05
algerian_forest_fires_46279,,,,power,MultinomialNB(),2,,"Erro na combinação 353 - Imputer: None, Categorização: None, Seleção de Feature: None, Scaler: power, Fold: 2 - Exception: Negative values in data passed to MultinomialNB (input X)",,,0.0011966228485107422,9.608268737792969e-05
algerian_forest_fires_46279,,,,power,MultinomialNB(),3,,"Erro na combinação 354 - Imputer: None, Categorização: None, Seleção de Feature: None, Scaler: power, Fold: 3 - Exception: Negative values in data passed to MultinomialNB (input X)",,,0.0011966228485107422,9.608268737792969e-05
algerian_forest_fires_46279,,,,power,MultinomialNB(),4,,"Erro na combinação 355 - Imputer: None, Categorização: None, Seleção de Feature: None, Scaler: power, Fold: 4 - Exception: Negative values in data passed to MultinomialNB (input X)",,,0.0011966228485107422,9.608268737792969e-05
algerian_forest_fires_46279,,,pca,power,MultinomialNB(),0,,"Erro na combinação 356 - Imputer: None, Categorização: None, Seleção de Feature: pca, Scaler: power, Fold: 0 - Exception: Negative values in data passed to MultinomialNB (input X)",,,0.0011966228485107422,9.608268737792969e-05
algerian_forest_fires_46279,,,pca,power,MultinomialNB(),1,,"Erro na combinação 357 - Imputer: None, Categorização: None, Seleção de Feature: pca, Scaler: power, Fold: 1 - Exception: Negative values in data passed to MultinomialNB (input X)",,,0.0011966228485107422,9.608268737792969e-05
algerian_forest_fires_46279,,,pca,power,MultinomialNB(),2,,"Erro na combinação 358 - Imputer: None, Categorização: None, Seleção de Feature: pca, Scaler: power, Fold: 2 - Exception: Negative values in data passed to MultinomialNB (input X)",,,0.0011966228485107422,9.608268737792969e-05
algerian_forest_fires_46279,,,pca,power,MultinomialNB(),3,,"Erro na combinação 359 - Imputer: None, Categorização: None, Seleção de Feature: pca, Scaler: power, Fold: 3 - Exception: Negative values in data passed to MultinomialNB (input X)",,,0.0011966228485107422,9.608268737792969e-05
algerian_forest_fires_46279,,,pca,power,MultinomialNB(),4,,"Erro na combinação 360 - Imputer: None, Categorização: None, Seleção de Feature: pca, Scaler: power, Fold: 4 - Exception: Negative values in data passed to MultinomialNB (input X)",,,0.0011966228485107422,9.608268737792969e-05
algerian_forest_fires_46279,,,fastica,power,MultinomialNB(),0,,"Erro na combinação 361 - Imputer: None, Categorização: None, Seleção de Feature: fastica, Scaler: power, Fold: 0 - Exception: Negative values in data passed to MultinomialNB (input X)",,,0.0011966228485107422,9.608268737792969e-05
algerian_forest_fires_46279,,,fastica,power,MultinomialNB(),1,,"Erro na combinação 362 - Imputer: None, Categorização: None, Seleção de Feature: fastica, Scaler: power, Fold: 1 - Exception: Negative values in data passed to MultinomialNB (input X)",,,0.0011966228485107422,9.608268737792969e-05
algerian_forest_fires_46279,,,fastica,power,MultinomialNB(),2,,"Erro na combinação 363 - Imputer: None, Categorização: None, Seleção de Feature: fastica, Scaler: power, Fold: 2 - Exception: Negative values in data passed to MultinomialNB (input X)",,,0.0011966228485107422,9.608268737792969e-05
algerian_forest_fires_46279,,,fastica,power,MultinomialNB(),3,,"Erro na combinação 364 - Imputer: None, Categorização: None, Seleção de Feature: fastica, Scaler: power, Fold: 3 - Exception: Negative values in data passed to MultinomialNB (input X)",,,0.0011966228485107422,9.608268737792969e-05
algerian_forest_fires_46279,,,fastica,power,MultinomialNB(),4,,"Erro na combinação 365 - Imputer: None, Categorização: None, Seleção de Feature: fastica, Scaler: power, Fold: 4 - Exception: Negative values in data passed to MultinomialNB (input X)",,,0.0011966228485107422,9.608268737792969e-05
algerian_forest_fires_46279,,,truncated_svd,power,MultinomialNB(),0,,"Erro na combinação 366 - Imputer: None, Categorização: None, Seleção de Feature: truncated_svd, Scaler: power, Fold: 0 - Exception: Negative values in data passed to MultinomialNB (input X)",,,0.0011966228485107422,9.608268737792969e-05
algerian_forest_fires_46279,,,truncated_svd,power,MultinomialNB(),1,,"Erro na combinação 367 - Imputer: None, Categorização: None, Seleção de Feature: truncated_svd, Scaler: power, Fold: 1 - Exception: Negative values in data passed to MultinomialNB (input X)",,,0.0011966228485107422,9.608268737792969e-05
algerian_forest_fires_46279,,,truncated_svd,power,MultinomialNB(),2,,"Erro na combinação 368 - Imputer: None, Categorização: None, Seleção de Feature: truncated_svd, Scaler: power, Fold: 2 - Exception: Negative values in data passed to MultinomialNB (input X)",,,0.0011966228485107422,9.608268737792969e-05
algerian_forest_fires_46279,,,truncated_svd,power,MultinomialNB(),3,,"Erro na combinação 369 - Imputer: None, Categorização: None, Seleção de Feature: truncated_svd, Scaler: power, Fold: 3 - Exception: Negative values in data passed to MultinomialNB (input X)",,,0.0011966228485107422,9.608268737792969e-05
algerian_forest_fires_46279,,,truncated_svd,power,MultinomialNB(),4,,"Erro na combinação 370 - Imputer: None, Categorização: None, Seleção de Feature: truncated_svd, Scaler: power, Fold: 4 - Exception: Negative values in data passed to MultinomialNB (input X)",,,0.0011966228485107422,9.608268737792969e-05
algerian_forest_fires_46279,,,select_percentile,power,MultinomialNB(),0,,"Erro na combinação 371 - Imputer: None, Categorização: None, Seleção de Feature: select_percentile, Scaler: power, Fold: 0 - Exception: Negative values in data passed to MultinomialNB (input X)",,,0.0011966228485107422,9.608268737792969e-05
algerian_forest_fires_46279,,,select_percentile,power,MultinomialNB(),1,,"Erro na combinação 372 - Imputer: None, Categorização: None, Seleção de Feature: select_percentile, Scaler: power, Fold: 1 - Exception: Negative values in data passed to MultinomialNB (input X)",,,0.0011966228485107422,9.608268737792969e-05
algerian_forest_fires_46279,,,select_percentile,power,MultinomialNB(),2,,"Erro na combinação 373 - Imputer: None, Categorização: None, Seleção de Feature: select_percentile, Scaler: power, Fold: 2 - Exception: Negative values in data passed to MultinomialNB (input X)",,,0.0011966228485107422,9.608268737792969e-05
algerian_forest_fires_46279,,,select_percentile,power,MultinomialNB(),3,,"Erro na combinação 374 - Imputer: None, Categorização: None, Seleção de Feature: select_percentile, Scaler: power, Fold: 3 - Exception: Negative values in data passed to MultinomialNB (input X)",,,0.0011966228485107422,9.608268737792969e-05
algerian_forest_fires_46279,,,select_percentile,power,MultinomialNB(),4,,"Erro na combinação 375 - Imputer: None, Categorização: None, Seleção de Feature: select_percentile, Scaler: power, Fold: 4 - Exception: Negative values in data passed to MultinomialNB (input X)",,,0.0011966228485107422,9.608268737792969e-05
algerian_forest_fires_46279,,,generic_univariate,power,MultinomialNB(),0,,"Erro na combinação 376 - Imputer: None, Categorização: None, Seleção de Feature: generic_univariate, Scaler: power, Fold: 0 - Exception: Negative values in data passed to MultinomialNB (input X)",,,0.0011966228485107422,9.608268737792969e-05
algerian_forest_fires_46279,,,generic_univariate,power,MultinomialNB(),1,,"Erro na combinação 377 - Imputer: None, Categorização: None, Seleção de Feature: generic_univariate, Scaler: power, Fold: 1 - Exception: Negative values in data passed to MultinomialNB (input X)",,,0.0011966228485107422,9.608268737792969e-05
algerian_forest_fires_46279,,,generic_univariate,power,MultinomialNB(),2,,"Erro na combinação 378 - Imputer: None, Categorização: None, Seleção de Feature: generic_univariate, Scaler: power, Fold: 2 - Exception: Negative values in data passed to MultinomialNB (input X)",,,0.0011966228485107422,9.608268737792969e-05
algerian_forest_fires_46279,,,generic_univariate,power,MultinomialNB(),3,,"Erro na combinação 379 - Imputer: None, Categorização: None, Seleção de Feature: generic_univariate, Scaler: power, Fold: 3 - Exception: Negative values in data passed to MultinomialNB (input X)",,,0.0011966228485107422,9.608268737792969e-05
algerian_forest_fires_46279,,,generic_univariate,power,MultinomialNB(),4,,"Erro na combinação 380 - Imputer: None, Categorização: None, Seleção de Feature: generic_univariate, Scaler: power, Fold: 4 - Exception: Negative values in data passed to MultinomialNB (input X)",,,0.0011966228485107422,9.608268737792969e-05
algerian_forest_fires_46279,,,polynomial_features,power,MultinomialNB(),0,,"Erro na combinação 381 - Imputer: None, Categorização: None, Seleção de Feature: polynomial_features, Scaler: power, Fold: 0 - Exception: Negative values in data passed to MultinomialNB (input X)",,,0.0011966228485107422,9.608268737792969e-05
algerian_forest_fires_46279,,,polynomial_features,power,MultinomialNB(),1,,"Erro na combinação 382 - Imputer: None, Categorização: None, Seleção de Feature: polynomial_features, Scaler: power, Fold: 1 - Exception: Negative values in data passed to MultinomialNB (input X)",,,0.0011966228485107422,9.608268737792969e-05
algerian_forest_fires_46279,,,polynomial_features,power,MultinomialNB(),2,,"Erro na combinação 383 - Imputer: None, Categorização: None, Seleção de Feature: polynomial_features, Scaler: power, Fold: 2 - Exception: Negative values in data passed to MultinomialNB (input X)",,,0.0011966228485107422,9.608268737792969e-05
algerian_forest_fires_46279,,,polynomial_features,power,MultinomialNB(),3,,"Erro na combinação 384 - Imputer: None, Categorização: None, Seleção de Feature: polynomial_features, Scaler: power, Fold: 3 - Exception: Negative values in data passed to MultinomialNB (input X)",,,0.0011966228485107422,9.608268737792969e-05
algerian_forest_fires_46279,,,polynomial_features,power,MultinomialNB(),4,,"Erro na combinação 385 - Imputer: None, Categorização: None, Seleção de Feature: polynomial_features, Scaler: power, Fold: 4 - Exception: Negative values in data passed to MultinomialNB (input X)",,,0.0011966228485107422,9.608268737792969e-05
algerian_forest_fires_46279,,,nystroem,power,MultinomialNB(),0,,"Erro na combinação 386 - Imputer: None, Categorização: None, Seleção de Feature: nystroem, Scaler: power, Fold: 0 - Exception: Negative values in data passed to MultinomialNB (input X)",,,0.0011966228485107422,9.608268737792969e-05
algerian_forest_fires_46279,,,nystroem,power,MultinomialNB(),1,,"Erro na combinação 387 - Imputer: None, Categorização: None, Seleção de Feature: nystroem, Scaler: power, Fold: 1 - Exception: Negative values in data passed to MultinomialNB (input X)",,,0.0011966228485107422,9.608268737792969e-05
algerian_forest_fires_46279,,,nystroem,power,MultinomialNB(),2,,"Erro na combinação 388 - Imputer: None, Categorização: None, Seleção de Feature: nystroem, Scaler: power, Fold: 2 - Exception: Negative values in data passed to MultinomialNB (input X)",,,0.0011966228485107422,9.608268737792969e-05
algerian_forest_fires_46279,,,nystroem,power,MultinomialNB(),3,,"Erro na combinação 389 - Imputer: None, Categorização: None, Seleção de Feature: nystroem, Scaler: power, Fold: 3 - Exception: Negative values in data passed to MultinomialNB (input X)",,,0.0011966228485107422,9.608268737792969e-05
algerian_forest_fires_46279,,,nystroem,power,MultinomialNB(),4,,"Erro na combinação 390 - Imputer: None, Categorização: None, Seleção de Feature: nystroem, Scaler: power, Fold: 4 - Exception: Negative values in data passed to MultinomialNB (input X)",,,0.0011966228485107422,9.608268737792969e-05
algerian_forest_fires_46279,,,rbf_sampler,power,MultinomialNB(),0,,"Erro na combinação 391 - Imputer: None, Categorização: None, Seleção de Feature: rbf_sampler, Scaler: power, Fold: 0 - Exception: Negative values in data passed to MultinomialNB (input X)",,,0.0011966228485107422,9.608268737792969e-05
algerian_forest_fires_46279,,,rbf_sampler,power,MultinomialNB(),1,,"Erro na combinação 392 - Imputer: None, Categorização: None, Seleção de Feature: rbf_sampler, Scaler: power, Fold: 1 - Exception: Negative values in data passed to MultinomialNB (input X)",,,0.0011966228485107422,9.608268737792969e-05
algerian_forest_fires_46279,,,rbf_sampler,power,MultinomialNB(),2,,"Erro na combinação 393 - Imputer: None, Categorização: None, Seleção de Feature: rbf_sampler, Scaler: power, Fold: 2 - Exception: Negative values in data passed to MultinomialNB (input X)",,,0.0011966228485107422,9.608268737792969e-05
algerian_forest_fires_46279,,,rbf_sampler,power,MultinomialNB(),3,,"Erro na combinação 394 - Imputer: None, Categorização: None, Seleção de Feature: rbf_sampler, Scaler: power, Fold: 3 - Exception: Negative values in data passed to MultinomialNB (input X)",,,0.0011966228485107422,9.608268737792969e-05
algerian_forest_fires_46279,,,rbf_sampler,power,MultinomialNB(),4,,"Erro na combinação 395 - Imputer: None, Categorização: None, Seleção de Feature: rbf_sampler, Scaler: power, Fold: 4 - Exception: Negative values in data passed to MultinomialNB (input X)",,,0.0011966228485107422,9.608268737792969e-05
algerian_forest_fires_46279,,,random_trees_embedding,power,MultinomialNB(),0,0.9183673469387755,,,,0.0015101432800292969,0.00013589859008789062
algerian_forest_fires_46279,,,random_trees_embedding,power,MultinomialNB(),1,0.9591836734693877,,,,0.0014793872833251953,0.00013685226440429688
algerian_forest_fires_46279,,,random_trees_embedding,power,MultinomialNB(),2,0.9591836734693877,,,,0.0015153884887695312,0.00013971328735351562
algerian_forest_fires_46279,,,random_trees_embedding,power,MultinomialNB(),3,0.9583333333333334,,,,0.0014841556549072266,0.00016045570373535156
algerian_forest_fires_46279,,,random_trees_embedding,power,MultinomialNB(),4,0.9583333333333334,,,,0.0015141963958740234,0.0001392364501953125
algerian_forest_fires_46279,,,feature_agglomeration,power,MultinomialNB(),0,,"Erro na combinação 401 - Imputer: None, Categorização: None, Seleção de Feature: feature_agglomeration, Scaler: power, Fold: 0 - Exception: Negative values in data passed to MultinomialNB (input X)",,,0.0015141963958740234,0.0001392364501953125
algerian_forest_fires_46279,,,feature_agglomeration,power,MultinomialNB(),1,,"Erro na combinação 402 - Imputer: None, Categorização: None, Seleção de Feature: feature_agglomeration, Scaler: power, Fold: 1 - Exception: Negative values in data passed to MultinomialNB (input X)",,,0.0015141963958740234,0.0001392364501953125
algerian_forest_fires_46279,,,feature_agglomeration,power,MultinomialNB(),2,,"Erro na combinação 403 - Imputer: None, Categorização: None, Seleção de Feature: feature_agglomeration, Scaler: power, Fold: 2 - Exception: Negative values in data passed to MultinomialNB (input X)",,,0.0015141963958740234,0.0001392364501953125
algerian_forest_fires_46279,,,feature_agglomeration,power,MultinomialNB(),3,,"Erro na combinação 404 - Imputer: None, Categorização: None, Seleção de Feature: feature_agglomeration, Scaler: power, Fold: 3 - Exception: Negative values in data passed to MultinomialNB (input X)",,,0.0015141963958740234,0.0001392364501953125
algerian_forest_fires_46279,,,feature_agglomeration,power,MultinomialNB(),4,,"Erro na combinação 405 - Imputer: None, Categorização: None, Seleção de Feature: feature_agglomeration, Scaler: power, Fold: 4 - Exception: Negative values in data passed to MultinomialNB (input X)",,,0.0015141963958740234,0.0001392364501953125
algerian_forest_fires_46279,,,extra_tree,power,MultinomialNB(),0,,"Erro na combinação 406 - Imputer: None, Categorização: None, Seleção de Feature: extra_tree, Scaler: power, Fold: 0 - Exception: Negative values in data passed to MultinomialNB (input X)",,,0.0015141963958740234,0.0001392364501953125
algerian_forest_fires_46279,,,extra_tree,power,MultinomialNB(),1,,"Erro na combinação 407 - Imputer: None, Categorização: None, Seleção de Feature: extra_tree, Scaler: power, Fold: 1 - Exception: Negative values in data passed to MultinomialNB (input X)",,,0.0015141963958740234,0.0001392364501953125
algerian_forest_fires_46279,,,extra_tree,power,MultinomialNB(),2,,"Erro na combinação 408 - Imputer: None, Categorização: None, Seleção de Feature: extra_tree, Scaler: power, Fold: 2 - Exception: Negative values in data passed to MultinomialNB (input X)",,,0.0015141963958740234,0.0001392364501953125
algerian_forest_fires_46279,,,extra_tree,power,MultinomialNB(),3,,"Erro na combinação 409 - Imputer: None, Categorização: None, Seleção de Feature: extra_tree, Scaler: power, Fold: 3 - Exception: Negative values in data passed to MultinomialNB (input X)",,,0.0015141963958740234,0.0001392364501953125
algerian_forest_fires_46279,,,extra_tree,power,MultinomialNB(),4,,"Erro na combinação 410 - Imputer: None, Categorização: None, Seleção de Feature: extra_tree, Scaler: power, Fold: 4 - Exception: Negative values in data passed to MultinomialNB (input X)",,,0.0015141963958740234,0.0001392364501953125
algerian_forest_fires_46279,,,linear_svc,power,MultinomialNB(),0,,"Erro na combinação 411 - Imputer: None, Categorização: None, Seleção de Feature: linear_svc, Scaler: power, Fold: 0 - Exception: Negative values in data passed to MultinomialNB (input X)",,,0.0015141963958740234,0.0001392364501953125
algerian_forest_fires_46279,,,linear_svc,power,MultinomialNB(),1,,"Erro na combinação 412 - Imputer: None, Categorização: None, Seleção de Feature: linear_svc, Scaler: power, Fold: 1 - Exception: Negative values in data passed to MultinomialNB (input X)",,,0.0015141963958740234,0.0001392364501953125
algerian_forest_fires_46279,,,linear_svc,power,MultinomialNB(),2,,"Erro na combinação 413 - Imputer: None, Categorização: None, Seleção de Feature: linear_svc, Scaler: power, Fold: 2 - Exception: Negative values in data passed to MultinomialNB (input X)",,,0.0015141963958740234,0.0001392364501953125
algerian_forest_fires_46279,,,linear_svc,power,MultinomialNB(),3,,"Erro na combinação 414 - Imputer: None, Categorização: None, Seleção de Feature: linear_svc, Scaler: power, Fold: 3 - Exception: Negative values in data passed to MultinomialNB (input X)",,,0.0015141963958740234,0.0001392364501953125
algerian_forest_fires_46279,,,linear_svc,power,MultinomialNB(),4,,"Erro na combinação 415 - Imputer: None, Categorização: None, Seleção de Feature: linear_svc, Scaler: power, Fold: 4 - Exception: Negative values in data passed to MultinomialNB (input X)",,,0.0015141963958740234,0.0001392364501953125
algerian_forest_fires_46279,,,kernel_pca,power,MultinomialNB(),0,,"Erro na combinação 416 - Imputer: None, Categorização: None, Seleção de Feature: kernel_pca, Scaler: power, Fold: 0 - Exception: Negative values in data passed to MultinomialNB (input X)",,,0.0015141963958740234,0.0001392364501953125
algerian_forest_fires_46279,,,kernel_pca,power,MultinomialNB(),1,,"Erro na combinação 417 - Imputer: None, Categorização: None, Seleção de Feature: kernel_pca, Scaler: power, Fold: 1 - Exception: Negative values in data passed to MultinomialNB (input X)",,,0.0015141963958740234,0.0001392364501953125
algerian_forest_fires_46279,,,kernel_pca,power,MultinomialNB(),2,,"Erro na combinação 418 - Imputer: None, Categorização: None, Seleção de Feature: kernel_pca, Scaler: power, Fold: 2 - Exception: Negative values in data passed to MultinomialNB (input X)",,,0.0015141963958740234,0.0001392364501953125
algerian_forest_fires_46279,,,kernel_pca,power,MultinomialNB(),3,,"Erro na combinação 419 - Imputer: None, Categorização: None, Seleção de Feature: kernel_pca, Scaler: power, Fold: 3 - Exception: Negative values in data passed to MultinomialNB (input X)",,,0.0015141963958740234,0.0001392364501953125
algerian_forest_fires_46279,,,kernel_pca,power,MultinomialNB(),4,,"Erro na combinação 420 - Imputer: None, Categorização: None, Seleção de Feature: kernel_pca, Scaler: power, Fold: 4 - Exception: Negative values in data passed to MultinomialNB (input X)",,,0.0015141963958740234,0.0001392364501953125
algerian_forest_fires_46279,,,,quantile,MultinomialNB(),0,0.8979591836734694,,,,0.0015208721160888672,0.00011515617370605469
algerian_forest_fires_46279,,,,quantile,MultinomialNB(),1,0.9387755102040817,,,,0.0014908313751220703,0.00011444091796875
algerian_forest_fires_46279,,,,quantile,MultinomialNB(),2,0.8367346938775511,,,,0.0015101432800292969,0.00011491775512695312
algerian_forest_fires_46279,,,,quantile,MultinomialNB(),3,0.9166666666666666,,,,0.0013289451599121094,0.0001049041748046875
algerian_forest_fires_46279,,,,quantile,MultinomialNB(),4,0.9583333333333334,,,,0.0013775825500488281,0.00010561943054199219
algerian_forest_fires_46279,,,pca,quantile,MultinomialNB(),0,,"Erro na combinação 426 - Imputer: None, Categorização: None, Seleção de Feature: pca, Scaler: quantile, Fold: 0 - Exception: Negative values in data passed to MultinomialNB (input X)",,,0.0013775825500488281,0.00010561943054199219
algerian_forest_fires_46279,,,pca,quantile,MultinomialNB(),1,,"Erro na combinação 427 - Imputer: None, Categorização: None, Seleção de Feature: pca, Scaler: quantile, Fold: 1 - Exception: Negative values in data passed to MultinomialNB (input X)",,,0.0013775825500488281,0.00010561943054199219
algerian_forest_fires_46279,,,pca,quantile,MultinomialNB(),2,,"Erro na combinação 428 - Imputer: None, Categorização: None, Seleção de Feature: pca, Scaler: quantile, Fold: 2 - Exception: Negative values in data passed to MultinomialNB (input X)",,,0.0013775825500488281,0.00010561943054199219
algerian_forest_fires_46279,,,pca,quantile,MultinomialNB(),3,,"Erro na combinação 429 - Imputer: None, Categorização: None, Seleção de Feature: pca, Scaler: quantile, Fold: 3 - Exception: Negative values in data passed to MultinomialNB (input X)",,,0.0013775825500488281,0.00010561943054199219
algerian_forest_fires_46279,,,pca,quantile,MultinomialNB(),4,,"Erro na combinação 430 - Imputer: None, Categorização: None, Seleção de Feature: pca, Scaler: quantile, Fold: 4 - Exception: Negative values in data passed to MultinomialNB (input X)",,,0.0013775825500488281,0.00010561943054199219
algerian_forest_fires_46279,,,fastica,quantile,MultinomialNB(),0,,"Erro na combinação 431 - Imputer: None, Categorização: None, Seleção de Feature: fastica, Scaler: quantile, Fold: 0 - Exception: Negative values in data passed to MultinomialNB (input X)",,,0.0013775825500488281,0.00010561943054199219
algerian_forest_fires_46279,,,fastica,quantile,MultinomialNB(),1,,"Erro na combinação 432 - Imputer: None, Categorização: None, Seleção de Feature: fastica, Scaler: quantile, Fold: 1 - Exception: Negative values in data passed to MultinomialNB (input X)",,,0.0013775825500488281,0.00010561943054199219
algerian_forest_fires_46279,,,fastica,quantile,MultinomialNB(),2,,"Erro na combinação 433 - Imputer: None, Categorização: None, Seleção de Feature: fastica, Scaler: quantile, Fold: 2 - Exception: Negative values in data passed to MultinomialNB (input X)",,,0.0013775825500488281,0.00010561943054199219
algerian_forest_fires_46279,,,fastica,quantile,MultinomialNB(),3,,"Erro na combinação 434 - Imputer: None, Categorização: None, Seleção de Feature: fastica, Scaler: quantile, Fold: 3 - Exception: Negative values in data passed to MultinomialNB (input X)",,,0.0013775825500488281,0.00010561943054199219
algerian_forest_fires_46279,,,fastica,quantile,MultinomialNB(),4,,"Erro na combinação 435 - Imputer: None, Categorização: None, Seleção de Feature: fastica, Scaler: quantile, Fold: 4 - Exception: Negative values in data passed to MultinomialNB (input X)",,,0.0013775825500488281,0.00010561943054199219
algerian_forest_fires_46279,,,truncated_svd,quantile,MultinomialNB(),0,,"Erro na combinação 436 - Imputer: None, Categorização: None, Seleção de Feature: truncated_svd, Scaler: quantile, Fold: 0 - Exception: Negative values in data passed to MultinomialNB (input X)",,,0.0013775825500488281,0.00010561943054199219
algerian_forest_fires_46279,,,truncated_svd,quantile,MultinomialNB(),1,,"Erro na combinação 437 - Imputer: None, Categorização: None, Seleção de Feature: truncated_svd, Scaler: quantile, Fold: 1 - Exception: Negative values in data passed to MultinomialNB (input X)",,,0.0013775825500488281,0.00010561943054199219
algerian_forest_fires_46279,,,truncated_svd,quantile,MultinomialNB(),2,,"Erro na combinação 438 - Imputer: None, Categorização: None, Seleção de Feature: truncated_svd, Scaler: quantile, Fold: 2 - Exception: Negative values in data passed to MultinomialNB (input X)",,,0.0013775825500488281,0.00010561943054199219
algerian_forest_fires_46279,,,truncated_svd,quantile,MultinomialNB(),3,,"Erro na combinação 439 - Imputer: None, Categorização: None, Seleção de Feature: truncated_svd, Scaler: quantile, Fold: 3 - Exception: Negative values in data passed to MultinomialNB (input X)",,,0.0013775825500488281,0.00010561943054199219
algerian_forest_fires_46279,,,truncated_svd,quantile,MultinomialNB(),4,,"Erro na combinação 440 - Imputer: None, Categorização: None, Seleção de Feature: truncated_svd, Scaler: quantile, Fold: 4 - Exception: Negative values in data passed to MultinomialNB (input X)",,,0.0013775825500488281,0.00010561943054199219
algerian_forest_fires_46279,,,select_percentile,quantile,MultinomialNB(),0,0.5510204081632653,,,,0.0012247562408447266,9.679794311523438e-05
algerian_forest_fires_46279,,,select_percentile,quantile,MultinomialNB(),1,0.5510204081632653,,,,0.001264333724975586,0.00012063980102539062
algerian_forest_fires_46279,,,select_percentile,quantile,MultinomialNB(),2,0.5714285714285714,,,,0.0012483596801757812,9.5367431640625e-05
algerian_forest_fires_46279,,,select_percentile,quantile,MultinomialNB(),3,0.6041666666666666,,,,0.0012328624725341797,9.632110595703125e-05
algerian_forest_fires_46279,,,select_percentile,quantile,MultinomialNB(),4,0.5416666666666666,,,,0.0013129711151123047,0.00015473365783691406
algerian_forest_fires_46279,,,generic_univariate,quantile,MultinomialNB(),0,0.5510204081632653,,,,0.001214742660522461,9.322166442871094e-05
algerian_forest_fires_46279,,,generic_univariate,quantile,MultinomialNB(),1,0.5510204081632653,,,,0.0012333393096923828,9.322166442871094e-05
algerian_forest_fires_46279,,,generic_univariate,quantile,MultinomialNB(),2,0.5714285714285714,,,,0.001224517822265625,9.393692016601562e-05
algerian_forest_fires_46279,,,generic_univariate,quantile,MultinomialNB(),3,0.6041666666666666,,,,0.0012271404266357422,9.274482727050781e-05
algerian_forest_fires_46279,,,generic_univariate,quantile,MultinomialNB(),4,0.5416666666666666,,,,0.0012118816375732422,9.274482727050781e-05
algerian_forest_fires_46279,,,polynomial_features,quantile,MultinomialNB(),0,0.8571428571428571,,,,0.001271963119506836,0.00010323524475097656
algerian_forest_fires_46279,,,polynomial_features,quantile,MultinomialNB(),1,0.9183673469387755,,,,0.0013096332550048828,0.00012803077697753906
algerian_forest_fires_46279,,,polynomial_features,quantile,MultinomialNB(),2,0.8775510204081632,,,,0.0013043880462646484,0.00010514259338378906
algerian_forest_fires_46279,,,polynomial_features,quantile,MultinomialNB(),3,0.9166666666666666,,,,0.0013298988342285156,0.00010561943054199219
algerian_forest_fires_46279,,,polynomial_features,quantile,MultinomialNB(),4,0.9583333333333334,,,,0.0012135505676269531,0.00010371208190917969
algerian_forest_fires_46279,,,nystroem,quantile,MultinomialNB(),0,0.8979591836734694,,,,0.0015604496002197266,0.00012230873107910156
algerian_forest_fires_46279,,,nystroem,quantile,MultinomialNB(),1,0.9387755102040817,,,,0.001527547836303711,0.00014591217041015625
algerian_forest_fires_46279,,,nystroem,quantile,MultinomialNB(),2,0.8775510204081632,,,,0.0015697479248046875,0.0001239776611328125
algerian_forest_fires_46279,,,nystroem,quantile,MultinomialNB(),3,0.9166666666666666,,,,0.0016717910766601562,0.00012373924255371094
algerian_forest_fires_46279,,,nystroem,quantile,MultinomialNB(),4,0.9583333333333334,,,,0.0015575885772705078,0.0001220703125
algerian_forest_fires_46279,,,rbf_sampler,quantile,MultinomialNB(),0,,"Erro na combinação 461 - Imputer: None, Categorização: None, Seleção de Feature: rbf_sampler, Scaler: quantile, Fold: 0 - Exception: Negative values in data passed to MultinomialNB (input X)",,,0.0015575885772705078,0.0001220703125
algerian_forest_fires_46279,,,rbf_sampler,quantile,MultinomialNB(),1,,"Erro na combinação 462 - Imputer: None, Categorização: None, Seleção de Feature: rbf_sampler, Scaler: quantile, Fold: 1 - Exception: Negative values in data passed to MultinomialNB (input X)",,,0.0015575885772705078,0.0001220703125
algerian_forest_fires_46279,,,rbf_sampler,quantile,MultinomialNB(),2,,"Erro na combinação 463 - Imputer: None, Categorização: None, Seleção de Feature: rbf_sampler, Scaler: quantile, Fold: 2 - Exception: Negative values in data passed to MultinomialNB (input X)",,,0.0015575885772705078,0.0001220703125
algerian_forest_fires_46279,,,rbf_sampler,quantile,MultinomialNB(),3,,"Erro na combinação 464 - Imputer: None, Categorização: None, Seleção de Feature: rbf_sampler, Scaler: quantile, Fold: 3 - Exception: Negative values in data passed to MultinomialNB (input X)",,,0.0015575885772705078,0.0001220703125
algerian_forest_fires_46279,,,rbf_sampler,quantile,MultinomialNB(),4,,"Erro na combinação 465 - Imputer: None, Categorização: None, Seleção de Feature: rbf_sampler, Scaler: quantile, Fold: 4 - Exception: Negative values in data passed to MultinomialNB (input X)",,,0.0015575885772705078,0.0001220703125
algerian_forest_fires_46279,,,random_trees_embedding,quantile,MultinomialNB(),0,0.9183673469387755,,,,0.001482248306274414,0.00013709068298339844
algerian_forest_fires_46279,,,random_trees_embedding,quantile,MultinomialNB(),1,0.9387755102040817,,,,0.001508474349975586,0.00016021728515625
algerian_forest_fires_46279,,,random_trees_embedding,quantile,MultinomialNB(),2,0.9591836734693877,,,,0.0015265941619873047,0.0001366138458251953
algerian_forest_fires_46279,,,random_trees_embedding,quantile,MultinomialNB(),3,0.9583333333333334,,,,0.0014405250549316406,0.00013685226440429688
algerian_forest_fires_46279,,,random_trees_embedding,quantile,MultinomialNB(),4,0.9583333333333334,,,,0.001516580581665039,0.0001647472381591797
algerian_forest_fires_46279,,,feature_agglomeration,quantile,MultinomialNB(),0,0.6122448979591837,,,,0.001329660415649414,0.0001227855682373047
algerian_forest_fires_46279,,,feature_agglomeration,quantile,MultinomialNB(),1,0.6530612244897959,,,,0.0012288093566894531,9.465217590332031e-05
algerian_forest_fires_46279,,,feature_agglomeration,quantile,MultinomialNB(),2,0.6938775510204082,,,,0.0012519359588623047,9.655952453613281e-05
algerian_forest_fires_46279,,,feature_agglomeration,quantile,MultinomialNB(),3,0.7708333333333334,,,,0.0012471675872802734,9.417533874511719e-05
algerian_forest_fires_46279,,,feature_agglomeration,quantile,MultinomialNB(),4,0.6875,,,,0.0012140274047851562,9.489059448242188e-05
algerian_forest_fires_46279,,,extra_tree,quantile,MultinomialNB(),0,0.8163265306122449,,,,0.0013082027435302734,9.846687316894531e-05
algerian_forest_fires_46279,,,extra_tree,quantile,MultinomialNB(),1,0.5510204081632653,,,,0.001313924789428711,0.00011229515075683594
algerian_forest_fires_46279,,,extra_tree,quantile,MultinomialNB(),2,0.7959183673469388,,,,0.0012679100036621094,9.679794311523438e-05
algerian_forest_fires_46279,,,extra_tree,quantile,MultinomialNB(),3,0.6041666666666666,,,,0.0019268989562988281,0.00014519691467285156
algerian_forest_fires_46279,,,extra_tree,quantile,MultinomialNB(),4,0.8541666666666666,,,,0.0012693405151367188,9.632110595703125e-05
algerian_forest_fires_46279,,,linear_svc,quantile,MultinomialNB(),0,0.5510204081632653,,,,0.0012989044189453125,9.72747802734375e-05
algerian_forest_fires_46279,,,linear_svc,quantile,MultinomialNB(),1,0.5510204081632653,,,,0.001216888427734375,0.00011086463928222656
algerian_forest_fires_46279,,,linear_svc,quantile,MultinomialNB(),2,0.6122448979591837,,,,0.0012412071228027344,0.00012612342834472656
algerian_forest_fires_46279,,,linear_svc,quantile,MultinomialNB(),3,0.6041666666666666,,,,0.0012354850769042969,9.655952453613281e-05
algerian_forest_fires_46279,,,linear_svc,quantile,MultinomialNB(),4,0.6666666666666666,,,,0.0012488365173339844,9.751319885253906e-05
algerian_forest_fires_46279,,,kernel_pca,quantile,MultinomialNB(),0,,"Erro na combinação 486 - Imputer: None, Categorização: None, Seleção de Feature: kernel_pca, Scaler: quantile, Fold: 0 - Exception: Negative values in data passed to MultinomialNB (input X)",,,0.0012488365173339844,9.751319885253906e-05
algerian_forest_fires_46279,,,kernel_pca,quantile,MultinomialNB(),1,,"Erro na combinação 487 - Imputer: None, Categorização: None, Seleção de Feature: kernel_pca, Scaler: quantile, Fold: 1 - Exception: Negative values in data passed to MultinomialNB (input X)",,,0.0012488365173339844,9.751319885253906e-05
algerian_forest_fires_46279,,,kernel_pca,quantile,MultinomialNB(),2,,"Erro na combinação 488 - Imputer: None, Categorização: None, Seleção de Feature: kernel_pca, Scaler: quantile, Fold: 2 - Exception: Negative values in data passed to MultinomialNB (input X)",,,0.0012488365173339844,9.751319885253906e-05
algerian_forest_fires_46279,,,kernel_pca,quantile,MultinomialNB(),3,,"Erro na combinação 489 - Imputer: None, Categorização: None, Seleção de Feature: kernel_pca, Scaler: quantile, Fold: 3 - Exception: Negative values in data passed to MultinomialNB (input X)",,,0.0012488365173339844,9.751319885253906e-05
algerian_forest_fires_46279,,,kernel_pca,quantile,MultinomialNB(),4,,"Erro na combinação 490 - Imputer: None, Categorização: None, Seleção de Feature: kernel_pca, Scaler: quantile, Fold: 4 - Exception: Negative values in data passed to MultinomialNB (input X)",,,0.0012488365173339844,9.751319885253906e-05
algerian_forest_fires_46279,,onehot,,,MultinomialNB(),0,0.8367346938775511,,,No using One Hot,0.002570629119873047,0.0010182857513427734
algerian_forest_fires_46279,,onehot,,,MultinomialNB(),1,0.8571428571428571,,,No using One Hot,0.0023179054260253906,0.0010004043579101562
algerian_forest_fires_46279,,onehot,,,MultinomialNB(),2,0.8163265306122449,,,No using One Hot,0.002166271209716797,0.0008544921875
algerian_forest_fires_46279,,onehot,,,MultinomialNB(),3,0.875,,,No using One Hot,0.0021059513092041016,0.0008373260498046875
algerian_forest_fires_46279,,onehot,,,MultinomialNB(),4,0.8958333333333334,,,No using One Hot,0.0022344589233398438,0.0008664131164550781
algerian_forest_fires_46279,,onehot,pca,,MultinomialNB(),0,,"Erro na combinação 496 - Imputer: None, Categorização: onehot, Seleção de Feature: pca, Scaler: None, Fold: 0 - Exception: Negative values in data passed to MultinomialNB (input X)",,No using One Hot,0.0022344589233398438,0.0008664131164550781
algerian_forest_fires_46279,,onehot,pca,,MultinomialNB(),1,,"Erro na combinação 497 - Imputer: None, Categorização: onehot, Seleção de Feature: pca, Scaler: None, Fold: 1 - Exception: Negative values in data passed to MultinomialNB (input X)",,No using One Hot,0.0022344589233398438,0.0008664131164550781
algerian_forest_fires_46279,,onehot,pca,,MultinomialNB(),2,,"Erro na combinação 498 - Imputer: None, Categorização: onehot, Seleção de Feature: pca, Scaler: None, Fold: 2 - Exception: Negative values in data passed to MultinomialNB (input X)",,No using One Hot,0.0022344589233398438,0.0008664131164550781
algerian_forest_fires_46279,,onehot,pca,,MultinomialNB(),3,,"Erro na combinação 499 - Imputer: None, Categorização: onehot, Seleção de Feature: pca, Scaler: None, Fold: 3 - Exception: Negative values in data passed to MultinomialNB (input X)",,No using One Hot,0.0022344589233398438,0.0008664131164550781
algerian_forest_fires_46279,,onehot,pca,,MultinomialNB(),4,,"Erro na combinação 500 - Imputer: None, Categorização: onehot, Seleção de Feature: pca, Scaler: None, Fold: 4 - Exception: Negative values in data passed to MultinomialNB (input X)",,No using One Hot,0.0022344589233398438,0.0008664131164550781
algerian_forest_fires_46279,,onehot,fastica,,MultinomialNB(),0,,"Erro na combinação 501 - Imputer: None, Categorização: onehot, Seleção de Feature: fastica, Scaler: None, Fold: 0 - Exception: Negative values in data passed to MultinomialNB (input X)",,No using One Hot,0.0022344589233398438,0.0008664131164550781
algerian_forest_fires_46279,,onehot,fastica,,MultinomialNB(),1,,"Erro na combinação 502 - Imputer: None, Categorização: onehot, Seleção de Feature: fastica, Scaler: None, Fold: 1 - Exception: Negative values in data passed to MultinomialNB (input X)",,No using One Hot,0.0022344589233398438,0.0008664131164550781
algerian_forest_fires_46279,,onehot,fastica,,MultinomialNB(),2,,"Erro na combinação 503 - Imputer: None, Categorização: onehot, Seleção de Feature: fastica, Scaler: None, Fold: 2 - Exception: Negative values in data passed to MultinomialNB (input X)",,No using One Hot,0.0022344589233398438,0.0008664131164550781
algerian_forest_fires_46279,,onehot,fastica,,MultinomialNB(),3,,"Erro na combinação 504 - Imputer: None, Categorização: onehot, Seleção de Feature: fastica, Scaler: None, Fold: 3 - Exception: Negative values in data passed to MultinomialNB (input X)",,No using One Hot,0.0022344589233398438,0.0008664131164550781
algerian_forest_fires_46279,,onehot,fastica,,MultinomialNB(),4,,"Erro na combinação 505 - Imputer: None, Categorização: onehot, Seleção de Feature: fastica, Scaler: None, Fold: 4 - Exception: Negative values in data passed to MultinomialNB (input X)",,No using One Hot,0.0022344589233398438,0.0008664131164550781
algerian_forest_fires_46279,,onehot,truncated_svd,,MultinomialNB(),0,,"Erro na combinação 506 - Imputer: None, Categorização: onehot, Seleção de Feature: truncated_svd, Scaler: None, Fold: 0 - Exception: Negative values in data passed to MultinomialNB (input X)",,No using One Hot,0.0022344589233398438,0.0008664131164550781
algerian_forest_fires_46279,,onehot,truncated_svd,,MultinomialNB(),1,,"Erro na combinação 507 - Imputer: None, Categorização: onehot, Seleção de Feature: truncated_svd, Scaler: None, Fold: 1 - Exception: Negative values in data passed to MultinomialNB (input X)",,No using One Hot,0.0022344589233398438,0.0008664131164550781
algerian_forest_fires_46279,,onehot,truncated_svd,,MultinomialNB(),2,,"Erro na combinação 508 - Imputer: None, Categorização: onehot, Seleção de Feature: truncated_svd, Scaler: None, Fold: 2 - Exception: Negative values in data passed to MultinomialNB (input X)",,No using One Hot,0.0022344589233398438,0.0008664131164550781
algerian_forest_fires_46279,,onehot,truncated_svd,,MultinomialNB(),3,,"Erro na combinação 509 - Imputer: None, Categorização: onehot, Seleção de Feature: truncated_svd, Scaler: None, Fold: 3 - Exception: Negative values in data passed to MultinomialNB (input X)",,No using One Hot,0.0022344589233398438,0.0008664131164550781
algerian_forest_fires_46279,,onehot,truncated_svd,,MultinomialNB(),4,,"Erro na combinação 510 - Imputer: None, Categorização: onehot, Seleção de Feature: truncated_svd, Scaler: None, Fold: 4 - Exception: Negative values in data passed to MultinomialNB (input X)",,No using One Hot,0.0022344589233398438,0.0008664131164550781
algerian_forest_fires_46279,,onehot,select_percentile,,MultinomialNB(),0,0.9183673469387755,,,No using One Hot,0.0013117790222167969,0.00011563301086425781
algerian_forest_fires_46279,,onehot,select_percentile,,MultinomialNB(),1,0.9795918367346939,,,No using One Hot,0.0012097358703613281,9.632110595703125e-05
algerian_forest_fires_46279,,onehot,select_percentile,,MultinomialNB(),2,0.9183673469387755,,,No using One Hot,0.0012481212615966797,9.608268737792969e-05
algerian_forest_fires_46279,,onehot,select_percentile,,MultinomialNB(),3,0.9375,,,No using One Hot,0.0012614727020263672,9.655952453613281e-05
algerian_forest_fires_46279,,onehot,select_percentile,,MultinomialNB(),4,0.9166666666666666,,,No using One Hot,0.0013263225555419922,0.00010228157043457031
algerian_forest_fires_46279,,onehot,generic_univariate,,MultinomialNB(),0,0.5510204081632653,,,No using One Hot,0.0011925697326660156,9.393692016601562e-05
algerian_forest_fires_46279,,onehot,generic_univariate,,MultinomialNB(),1,0.5510204081632653,,,No using One Hot,0.0011749267578125,9.250640869140625e-05
algerian_forest_fires_46279,,onehot,generic_univariate,,MultinomialNB(),2,0.5714285714285714,,,No using One Hot,0.001239776611328125,9.250640869140625e-05
algerian_forest_fires_46279,,onehot,generic_univariate,,MultinomialNB(),3,0.6041666666666666,,,No using One Hot,0.0012271404266357422,9.465217590332031e-05
algerian_forest_fires_46279,,onehot,generic_univariate,,MultinomialNB(),4,0.5416666666666666,,,No using One Hot,0.0012106895446777344,9.393692016601562e-05
algerian_forest_fires_46279,,onehot,polynomial_features,,MultinomialNB(),0,0.8367346938775511,,,No using One Hot,0.0013158321380615234,0.00010585784912109375
algerian_forest_fires_46279,,onehot,polynomial_features,,MultinomialNB(),1,0.8367346938775511,,,No using One Hot,0.0012404918670654297,0.0001304149627685547
algerian_forest_fires_46279,,onehot,polynomial_features,,MultinomialNB(),2,0.7959183673469388,,,No using One Hot,0.001310110092163086,0.00010824203491210938
algerian_forest_fires_46279,,onehot,polynomial_features,,MultinomialNB(),3,0.875,,,No using One Hot,0.0012323856353759766,0.00010395050048828125
algerian_forest_fires_46279,,onehot,polynomial_features,,MultinomialNB(),4,0.8958333333333334,,,No using One Hot,0.0012798309326171875,0.00010609626770019531
algerian_forest_fires_46279,,onehot,nystroem,,MultinomialNB(),0,,"Erro na combinação 526 - Imputer: None, Categorização: onehot, Seleção de Feature: nystroem, Scaler: None, Fold: 0 - Exception: Negative values in data passed to MultinomialNB (input X)",,No using One Hot,0.0012798309326171875,0.00010609626770019531
algerian_forest_fires_46279,,onehot,nystroem,,MultinomialNB(),1,,"Erro na combinação 527 - Imputer: None, Categorização: onehot, Seleção de Feature: nystroem, Scaler: None, Fold: 1 - Exception: Negative values in data passed to MultinomialNB (input X)",,No using One Hot,0.0012798309326171875,0.00010609626770019531
algerian_forest_fires_46279,,onehot,nystroem,,MultinomialNB(),2,,"Erro na combinação 528 - Imputer: None, Categorização: onehot, Seleção de Feature: nystroem, Scaler: None, Fold: 2 - Exception: Negative values in data passed to MultinomialNB (input X)",,No using One Hot,0.0012798309326171875,0.00010609626770019531
algerian_forest_fires_46279,,onehot,nystroem,,MultinomialNB(),3,,"Erro na combinação 529 - Imputer: None, Categorização: onehot, Seleção de Feature: nystroem, Scaler: None, Fold: 3 - Exception: Negative values in data passed to MultinomialNB (input X)",,No using One Hot,0.0012798309326171875,0.00010609626770019531
algerian_forest_fires_46279,,onehot,nystroem,,MultinomialNB(),4,,"Erro na combinação 530 - Imputer: None, Categorização: onehot, Seleção de Feature: nystroem, Scaler: None, Fold: 4 - Exception: Negative values in data passed to MultinomialNB (input X)",,No using One Hot,0.0012798309326171875,0.00010609626770019531
algerian_forest_fires_46279,,onehot,rbf_sampler,,MultinomialNB(),0,,"Erro na combinação 531 - Imputer: None, Categorização: onehot, Seleção de Feature: rbf_sampler, Scaler: None, Fold: 0 - Exception: Negative values in data passed to MultinomialNB (input X)",,No using One Hot,0.0012798309326171875,0.00010609626770019531
algerian_forest_fires_46279,,onehot,rbf_sampler,,MultinomialNB(),1,,"Erro na combinação 532 - Imputer: None, Categorização: onehot, Seleção de Feature: rbf_sampler, Scaler: None, Fold: 1 - Exception: Negative values in data passed to MultinomialNB (input X)",,No using One Hot,0.0012798309326171875,0.00010609626770019531
algerian_forest_fires_46279,,onehot,rbf_sampler,,MultinomialNB(),2,,"Erro na combinação 533 - Imputer: None, Categorização: onehot, Seleção de Feature: rbf_sampler, Scaler: None, Fold: 2 - Exception: Negative values in data passed to MultinomialNB (input X)",,No using One Hot,0.0012798309326171875,0.00010609626770019531
algerian_forest_fires_46279,,onehot,rbf_sampler,,MultinomialNB(),3,,"Erro na combinação 534 - Imputer: None, Categorização: onehot, Seleção de Feature: rbf_sampler, Scaler: None, Fold: 3 - Exception: Negative values in data passed to MultinomialNB (input X)",,No using One Hot,0.0012798309326171875,0.00010609626770019531
algerian_forest_fires_46279,,onehot,rbf_sampler,,MultinomialNB(),4,,"Erro na combinação 535 - Imputer: None, Categorização: onehot, Seleção de Feature: rbf_sampler, Scaler: None, Fold: 4 - Exception: Negative values in data passed to MultinomialNB (input X)",,No using One Hot,0.0012798309326171875,0.00010609626770019531
algerian_forest_fires_46279,,onehot,random_trees_embedding,,MultinomialNB(),0,0.8979591836734694,,,No using One Hot,0.0014693737030029297,0.00014066696166992188
algerian_forest_fires_46279,,onehot,random_trees_embedding,,MultinomialNB(),1,0.9387755102040817,,,No using One Hot,0.0014171600341796875,0.0001499652862548828
algerian_forest_fires_46279,,onehot,random_trees_embedding,,MultinomialNB(),2,0.9183673469387755,,,No using One Hot,0.0014066696166992188,0.00015878677368164062
algerian_forest_fires_46279,,onehot,random_trees_embedding,,MultinomialNB(),3,0.9583333333333334,,,No using One Hot,0.0014400482177734375,0.00013566017150878906
algerian_forest_fires_46279,,onehot,random_trees_embedding,,MultinomialNB(),4,0.9791666666666666,,,No using One Hot,0.0014464855194091797,0.00017261505126953125
algerian_forest_fires_46279,,onehot,feature_agglomeration,,MultinomialNB(),0,0.8367346938775511,,,No using One Hot,0.0012392997741699219,0.00012087821960449219
algerian_forest_fires_46279,,onehot,feature_agglomeration,,MultinomialNB(),1,0.7755102040816326,,,No using One Hot,0.0017540454864501953,0.00011491775512695312
algerian_forest_fires_46279,,onehot,feature_agglomeration,,MultinomialNB(),2,0.7959183673469388,,,No using One Hot,0.0012950897216796875,9.679794311523438e-05
algerian_forest_fires_46279,,onehot,feature_agglomeration,,MultinomialNB(),3,0.8125,,,No using One Hot,0.0012483596801757812,0.00011181831359863281
algerian_forest_fires_46279,,onehot,feature_agglomeration,,MultinomialNB(),4,0.8541666666666666,,,No using One Hot,0.001374959945678711,9.72747802734375e-05
algerian_forest_fires_46279,,onehot,extra_tree,,MultinomialNB(),0,0.8571428571428571,,,No using One Hot,0.001310586929321289,9.799003601074219e-05
algerian_forest_fires_46279,,onehot,extra_tree,,MultinomialNB(),1,0.9183673469387755,,,No using One Hot,0.0013644695281982422,0.00010609626770019531
algerian_forest_fires_46279,,onehot,extra_tree,,MultinomialNB(),2,0.8367346938775511,,,No using One Hot,0.0013370513916015625,9.822845458984375e-05
algerian_forest_fires_46279,,onehot,extra_tree,,MultinomialNB(),3,0.9166666666666666,,,No using One Hot,0.0013265609741210938,9.918212890625e-05
algerian_forest_fires_46279,,onehot,extra_tree,,MultinomialNB(),4,0.9583333333333334,,,No using One Hot,0.0012981891632080078,9.799003601074219e-05
algerian_forest_fires_46279,,onehot,linear_svc,,MultinomialNB(),0,0.8775510204081632,,,No using One Hot,0.0013723373413085938,9.918212890625e-05
algerian_forest_fires_46279,,onehot,linear_svc,,MultinomialNB(),1,0.9795918367346939,,,No using One Hot,0.0013458728790283203,9.870529174804688e-05
algerian_forest_fires_46279,,onehot,linear_svc,,MultinomialNB(),2,0.9591836734693877,,,No using One Hot,0.0012619495391845703,9.703636169433594e-05
algerian_forest_fires_46279,,onehot,linear_svc,,MultinomialNB(),3,0.9583333333333334,,,No using One Hot,0.0012748241424560547,0.00011491775512695312
algerian_forest_fires_46279,,onehot,linear_svc,,MultinomialNB(),4,0.9583333333333334,,,No using One Hot,0.0013651847839355469,0.00012302398681640625
algerian_forest_fires_46279,,onehot,kernel_pca,,MultinomialNB(),0,,"Erro na combinação 556 - Imputer: None, Categorização: onehot, Seleção de Feature: kernel_pca, Scaler: None, Fold: 0 - Exception: Negative values in data passed to MultinomialNB (input X)",,No using One Hot,0.0013651847839355469,0.00012302398681640625
algerian_forest_fires_46279,,onehot,kernel_pca,,MultinomialNB(),1,,"Erro na combinação 557 - Imputer: None, Categorização: onehot, Seleção de Feature: kernel_pca, Scaler: None, Fold: 1 - Exception: Negative values in data passed to MultinomialNB (input X)",,No using One Hot,0.0013651847839355469,0.00012302398681640625
algerian_forest_fires_46279,,onehot,kernel_pca,,MultinomialNB(),2,,"Erro na combinação 558 - Imputer: None, Categorização: onehot, Seleção de Feature: kernel_pca, Scaler: None, Fold: 2 - Exception: Negative values in data passed to MultinomialNB (input X)",,No using One Hot,0.0013651847839355469,0.00012302398681640625
algerian_forest_fires_46279,,onehot,kernel_pca,,MultinomialNB(),3,,"Erro na combinação 559 - Imputer: None, Categorização: onehot, Seleção de Feature: kernel_pca, Scaler: None, Fold: 3 - Exception: Negative values in data passed to MultinomialNB (input X)",,No using One Hot,0.0013651847839355469,0.00012302398681640625
algerian_forest_fires_46279,,onehot,kernel_pca,,MultinomialNB(),4,,"Erro na combinação 560 - Imputer: None, Categorização: onehot, Seleção de Feature: kernel_pca, Scaler: None, Fold: 4 - Exception: Negative values in data passed to MultinomialNB (input X)",,No using One Hot,0.0013651847839355469,0.00012302398681640625
algerian_forest_fires_46279,,onehot,,standard,MultinomialNB(),0,,"Erro na combinação 561 - Imputer: None, Categorização: onehot, Seleção de Feature: None, Scaler: standard, Fold: 0 - Exception: Negative values in data passed to MultinomialNB (input X)",,No using One Hot,0.0013651847839355469,0.00012302398681640625
algerian_forest_fires_46279,,onehot,,standard,MultinomialNB(),1,,"Erro na combinação 562 - Imputer: None, Categorização: onehot, Seleção de Feature: None, Scaler: standard, Fold: 1 - Exception: Negative values in data passed to MultinomialNB (input X)",,No using One Hot,0.0013651847839355469,0.00012302398681640625
algerian_forest_fires_46279,,onehot,,standard,MultinomialNB(),2,,"Erro na combinação 563 - Imputer: None, Categorização: onehot, Seleção de Feature: None, Scaler: standard, Fold: 2 - Exception: Negative values in data passed to MultinomialNB (input X)",,No using One Hot,0.0013651847839355469,0.00012302398681640625
algerian_forest_fires_46279,,onehot,,standard,MultinomialNB(),3,,"Erro na combinação 564 - Imputer: None, Categorização: onehot, Seleção de Feature: None, Scaler: standard, Fold: 3 - Exception: Negative values in data passed to MultinomialNB (input X)",,No using One Hot,0.0013651847839355469,0.00012302398681640625
algerian_forest_fires_46279,,onehot,,standard,MultinomialNB(),4,,"Erro na combinação 565 - Imputer: None, Categorização: onehot, Seleção de Feature: None, Scaler: standard, Fold: 4 - Exception: Negative values in data passed to MultinomialNB (input X)",,No using One Hot,0.0013651847839355469,0.00012302398681640625
algerian_forest_fires_46279,,onehot,pca,standard,MultinomialNB(),0,,"Erro na combinação 566 - Imputer: None, Categorização: onehot, Seleção de Feature: pca, Scaler: standard, Fold: 0 - Exception: Negative values in data passed to MultinomialNB (input X)",,No using One Hot,0.0013651847839355469,0.00012302398681640625
algerian_forest_fires_46279,,onehot,pca,standard,MultinomialNB(),1,,"Erro na combinação 567 - Imputer: None, Categorização: onehot, Seleção de Feature: pca, Scaler: standard, Fold: 1 - Exception: Negative values in data passed to MultinomialNB (input X)",,No using One Hot,0.0013651847839355469,0.00012302398681640625
algerian_forest_fires_46279,,onehot,pca,standard,MultinomialNB(),2,,"Erro na combinação 568 - Imputer: None, Categorização: onehot, Seleção de Feature: pca, Scaler: standard, Fold: 2 - Exception: Negative values in data passed to MultinomialNB (input X)",,No using One Hot,0.0013651847839355469,0.00012302398681640625
algerian_forest_fires_46279,,onehot,pca,standard,MultinomialNB(),3,,"Erro na combinação 569 - Imputer: None, Categorização: onehot, Seleção de Feature: pca, Scaler: standard, Fold: 3 - Exception: Negative values in data passed to MultinomialNB (input X)",,No using One Hot,0.0013651847839355469,0.00012302398681640625
algerian_forest_fires_46279,,onehot,pca,standard,MultinomialNB(),4,,"Erro na combinação 570 - Imputer: None, Categorização: onehot, Seleção de Feature: pca, Scaler: standard, Fold: 4 - Exception: Negative values in data passed to MultinomialNB (input X)",,No using One Hot,0.0013651847839355469,0.00012302398681640625
algerian_forest_fires_46279,,onehot,fastica,standard,MultinomialNB(),0,,"Erro na combinação 571 - Imputer: None, Categorização: onehot, Seleção de Feature: fastica, Scaler: standard, Fold: 0 - Exception: Negative values in data passed to MultinomialNB (input X)",,No using One Hot,0.0013651847839355469,0.00012302398681640625
algerian_forest_fires_46279,,onehot,fastica,standard,MultinomialNB(),1,,"Erro na combinação 572 - Imputer: None, Categorização: onehot, Seleção de Feature: fastica, Scaler: standard, Fold: 1 - Exception: Negative values in data passed to MultinomialNB (input X)",,No using One Hot,0.0013651847839355469,0.00012302398681640625
algerian_forest_fires_46279,,onehot,fastica,standard,MultinomialNB(),2,,"Erro na combinação 573 - Imputer: None, Categorização: onehot, Seleção de Feature: fastica, Scaler: standard, Fold: 2 - Exception: Negative values in data passed to MultinomialNB (input X)",,No using One Hot,0.0013651847839355469,0.00012302398681640625
algerian_forest_fires_46279,,onehot,fastica,standard,MultinomialNB(),3,,"Erro na combinação 574 - Imputer: None, Categorização: onehot, Seleção de Feature: fastica, Scaler: standard, Fold: 3 - Exception: Negative values in data passed to MultinomialNB (input X)",,No using One Hot,0.0013651847839355469,0.00012302398681640625
algerian_forest_fires_46279,,onehot,fastica,standard,MultinomialNB(),4,,"Erro na combinação 575 - Imputer: None, Categorização: onehot, Seleção de Feature: fastica, Scaler: standard, Fold: 4 - Exception: Negative values in data passed to MultinomialNB (input X)",,No using One Hot,0.0013651847839355469,0.00012302398681640625
algerian_forest_fires_46279,,onehot,truncated_svd,standard,MultinomialNB(),0,,"Erro na combinação 576 - Imputer: None, Categorização: onehot, Seleção de Feature: truncated_svd, Scaler: standard, Fold: 0 - Exception: Negative values in data passed to MultinomialNB (input X)",,No using One Hot,0.0013651847839355469,0.00012302398681640625
algerian_forest_fires_46279,,onehot,truncated_svd,standard,MultinomialNB(),1,,"Erro na combinação 577 - Imputer: None, Categorização: onehot, Seleção de Feature: truncated_svd, Scaler: standard, Fold: 1 - Exception: Negative values in data passed to MultinomialNB (input X)",,No using One Hot,0.0013651847839355469,0.00012302398681640625
algerian_forest_fires_46279,,onehot,truncated_svd,standard,MultinomialNB(),2,,"Erro na combinação 578 - Imputer: None, Categorização: onehot, Seleção de Feature: truncated_svd, Scaler: standard, Fold: 2 - Exception: Negative values in data passed to MultinomialNB (input X)",,No using One Hot,0.0013651847839355469,0.00012302398681640625
algerian_forest_fires_46279,,onehot,truncated_svd,standard,MultinomialNB(),3,,"Erro na combinação 579 - Imputer: None, Categorização: onehot, Seleção de Feature: truncated_svd, Scaler: standard, Fold: 3 - Exception: Negative values in data passed to MultinomialNB (input X)",,No using One Hot,0.0013651847839355469,0.00012302398681640625
algerian_forest_fires_46279,,onehot,truncated_svd,standard,MultinomialNB(),4,,"Erro na combinação 580 - Imputer: None, Categorização: onehot, Seleção de Feature: truncated_svd, Scaler: standard, Fold: 4 - Exception: Negative values in data passed to MultinomialNB (input X)",,No using One Hot,0.0013651847839355469,0.00012302398681640625
algerian_forest_fires_46279,,onehot,select_percentile,standard,MultinomialNB(),0,,"Erro na combinação 581 - Imputer: None, Categorização: onehot, Seleção de Feature: select_percentile, Scaler: standard, Fold: 0 - Exception: Negative values in data passed to MultinomialNB (input X)",,No using One Hot,0.0013651847839355469,0.00012302398681640625
algerian_forest_fires_46279,,onehot,select_percentile,standard,MultinomialNB(),1,,"Erro na combinação 582 - Imputer: None, Categorização: onehot, Seleção de Feature: select_percentile, Scaler: standard, Fold: 1 - Exception: Negative values in data passed to MultinomialNB (input X)",,No using One Hot,0.0013651847839355469,0.00012302398681640625
algerian_forest_fires_46279,,onehot,select_percentile,standard,MultinomialNB(),2,,"Erro na combinação 583 - Imputer: None, Categorização: onehot, Seleção de Feature: select_percentile, Scaler: standard, Fold: 2 - Exception: Negative values in data passed to MultinomialNB (input X)",,No using One Hot,0.0013651847839355469,0.00012302398681640625
algerian_forest_fires_46279,,onehot,select_percentile,standard,MultinomialNB(),3,,"Erro na combinação 584 - Imputer: None, Categorização: onehot, Seleção de Feature: select_percentile, Scaler: standard, Fold: 3 - Exception: Negative values in data passed to MultinomialNB (input X)",,No using One Hot,0.0013651847839355469,0.00012302398681640625
algerian_forest_fires_46279,,onehot,select_percentile,standard,MultinomialNB(),4,,"Erro na combinação 585 - Imputer: None, Categorização: onehot, Seleção de Feature: select_percentile, Scaler: standard, Fold: 4 - Exception: Negative values in data passed to MultinomialNB (input X)",,No using One Hot,0.0013651847839355469,0.00012302398681640625
algerian_forest_fires_46279,,onehot,generic_univariate,standard,MultinomialNB(),0,,"Erro na combinação 586 - Imputer: None, Categorização: onehot, Seleção de Feature: generic_univariate, Scaler: standard, Fold: 0 - Exception: Negative values in data passed to MultinomialNB (input X)",,No using One Hot,0.0013651847839355469,0.00012302398681640625
algerian_forest_fires_46279,,onehot,generic_univariate,standard,MultinomialNB(),1,,"Erro na combinação 587 - Imputer: None, Categorização: onehot, Seleção de Feature: generic_univariate, Scaler: standard, Fold: 1 - Exception: Negative values in data passed to MultinomialNB (input X)",,No using One Hot,0.0013651847839355469,0.00012302398681640625
algerian_forest_fires_46279,,onehot,generic_univariate,standard,MultinomialNB(),2,,"Erro na combinação 588 - Imputer: None, Categorização: onehot, Seleção de Feature: generic_univariate, Scaler: standard, Fold: 2 - Exception: Negative values in data passed to MultinomialNB (input X)",,No using One Hot,0.0013651847839355469,0.00012302398681640625
algerian_forest_fires_46279,,onehot,generic_univariate,standard,MultinomialNB(),3,,"Erro na combinação 589 - Imputer: None, Categorização: onehot, Seleção de Feature: generic_univariate, Scaler: standard, Fold: 3 - Exception: Negative values in data passed to MultinomialNB (input X)",,No using One Hot,0.0013651847839355469,0.00012302398681640625
algerian_forest_fires_46279,,onehot,generic_univariate,standard,MultinomialNB(),4,,"Erro na combinação 590 - Imputer: None, Categorização: onehot, Seleção de Feature: generic_univariate, Scaler: standard, Fold: 4 - Exception: Negative values in data passed to MultinomialNB (input X)",,No using One Hot,0.0013651847839355469,0.00012302398681640625
algerian_forest_fires_46279,,onehot,polynomial_features,standard,MultinomialNB(),0,,"Erro na combinação 591 - Imputer: None, Categorização: onehot, Seleção de Feature: polynomial_features, Scaler: standard, Fold: 0 - Exception: Negative values in data passed to MultinomialNB (input X)",,No using One Hot,0.0013651847839355469,0.00012302398681640625
algerian_forest_fires_46279,,onehot,polynomial_features,standard,MultinomialNB(),1,,"Erro na combinação 592 - Imputer: None, Categorização: onehot, Seleção de Feature: polynomial_features, Scaler: standard, Fold: 1 - Exception: Negative values in data passed to MultinomialNB (input X)",,No using One Hot,0.0013651847839355469,0.00012302398681640625
algerian_forest_fires_46279,,onehot,polynomial_features,standard,MultinomialNB(),2,,"Erro na combinação 593 - Imputer: None, Categorização: onehot, Seleção de Feature: polynomial_features, Scaler: standard, Fold: 2 - Exception: Negative values in data passed to MultinomialNB (input X)",,No using One Hot,0.0013651847839355469,0.00012302398681640625
algerian_forest_fires_46279,,onehot,polynomial_features,standard,MultinomialNB(),3,,"Erro na combinação 594 - Imputer: None, Categorização: onehot, Seleção de Feature: polynomial_features, Scaler: standard, Fold: 3 - Exception: Negative values in data passed to MultinomialNB (input X)",,No using One Hot,0.0013651847839355469,0.00012302398681640625
algerian_forest_fires_46279,,onehot,polynomial_features,standard,MultinomialNB(),4,,"Erro na combinação 595 - Imputer: None, Categorização: onehot, Seleção de Feature: polynomial_features, Scaler: standard, Fold: 4 - Exception: Negative values in data passed to MultinomialNB (input X)",,No using One Hot,0.0013651847839355469,0.00012302398681640625
algerian_forest_fires_46279,,onehot,nystroem,standard,MultinomialNB(),0,,"Erro na combinação 596 - Imputer: None, Categorização: onehot, Seleção de Feature: nystroem, Scaler: standard, Fold: 0 - Exception: Negative values in data passed to MultinomialNB (input X)",,No using One Hot,0.0013651847839355469,0.00012302398681640625
algerian_forest_fires_46279,,onehot,nystroem,standard,MultinomialNB(),1,,"Erro na combinação 597 - Imputer: None, Categorização: onehot, Seleção de Feature: nystroem, Scaler: standard, Fold: 1 - Exception: Negative values in data passed to MultinomialNB (input X)",,No using One Hot,0.0013651847839355469,0.00012302398681640625
algerian_forest_fires_46279,,onehot,nystroem,standard,MultinomialNB(),2,,"Erro na combinação 598 - Imputer: None, Categorização: onehot, Seleção de Feature: nystroem, Scaler: standard, Fold: 2 - Exception: Negative values in data passed to MultinomialNB (input X)",,No using One Hot,0.0013651847839355469,0.00012302398681640625
algerian_forest_fires_46279,,onehot,nystroem,standard,MultinomialNB(),3,,"Erro na combinação 599 - Imputer: None, Categorização: onehot, Seleção de Feature: nystroem, Scaler: standard, Fold: 3 - Exception: Negative values in data passed to MultinomialNB (input X)",,No using One Hot,0.0013651847839355469,0.00012302398681640625
algerian_forest_fires_46279,,onehot,nystroem,standard,MultinomialNB(),4,,"Erro na combinação 600 - Imputer: None, Categorização: onehot, Seleção de Feature: nystroem, Scaler: standard, Fold: 4 - Exception: Negative values in data passed to MultinomialNB (input X)",,No using One Hot,0.0013651847839355469,0.00012302398681640625
algerian_forest_fires_46279,,onehot,rbf_sampler,standard,MultinomialNB(),0,,"Erro na combinação 601 - Imputer: None, Categorização: onehot, Seleção de Feature: rbf_sampler, Scaler: standard, Fold: 0 - Exception: Negative values in data passed to MultinomialNB (input X)",,No using One Hot,0.0013651847839355469,0.00012302398681640625
algerian_forest_fires_46279,,onehot,rbf_sampler,standard,MultinomialNB(),1,,"Erro na combinação 602 - Imputer: None, Categorização: onehot, Seleção de Feature: rbf_sampler, Scaler: standard, Fold: 1 - Exception: Negative values in data passed to MultinomialNB (input X)",,No using One Hot,0.0013651847839355469,0.00012302398681640625
algerian_forest_fires_46279,,onehot,rbf_sampler,standard,MultinomialNB(),2,,"Erro na combinação 603 - Imputer: None, Categorização: onehot, Seleção de Feature: rbf_sampler, Scaler: standard, Fold: 2 - Exception: Negative values in data passed to MultinomialNB (input X)",,No using One Hot,0.0013651847839355469,0.00012302398681640625
algerian_forest_fires_46279,,onehot,rbf_sampler,standard,MultinomialNB(),3,,"Erro na combinação 604 - Imputer: None, Categorização: onehot, Seleção de Feature: rbf_sampler, Scaler: standard, Fold: 3 - Exception: Negative values in data passed to MultinomialNB (input X)",,No using One Hot,0.0013651847839355469,0.00012302398681640625
algerian_forest_fires_46279,,onehot,rbf_sampler,standard,MultinomialNB(),4,,"Erro na combinação 605 - Imputer: None, Categorização: onehot, Seleção de Feature: rbf_sampler, Scaler: standard, Fold: 4 - Exception: Negative values in data passed to MultinomialNB (input X)",,No using One Hot,0.0013651847839355469,0.00012302398681640625
algerian_forest_fires_46279,,onehot,random_trees_embedding,standard,MultinomialNB(),0,0.8979591836734694,,,No using One Hot,0.0014314651489257812,0.0001404285430908203
algerian_forest_fires_46279,,onehot,random_trees_embedding,standard,MultinomialNB(),1,0.9387755102040817,,,No using One Hot,0.0014851093292236328,0.00013399124145507812
algerian_forest_fires_46279,,onehot,random_trees_embedding,standard,MultinomialNB(),2,0.9183673469387755,,,No using One Hot,0.0014963150024414062,0.0001583099365234375
algerian_forest_fires_46279,,onehot,random_trees_embedding,standard,MultinomialNB(),3,0.9583333333333334,,,No using One Hot,0.0014667510986328125,0.00013494491577148438
algerian_forest_fires_46279,,onehot,random_trees_embedding,standard,MultinomialNB(),4,0.9791666666666666,,,No using One Hot,0.0014731884002685547,0.00014328956604003906
algerian_forest_fires_46279,,onehot,feature_agglomeration,standard,MultinomialNB(),0,,"Erro na combinação 611 - Imputer: None, Categorização: onehot, Seleção de Feature: feature_agglomeration, Scaler: standard, Fold: 0 - Exception: Negative values in data passed to MultinomialNB (input X)",,No using One Hot,0.0014731884002685547,0.00014328956604003906
algerian_forest_fires_46279,,onehot,feature_agglomeration,standard,MultinomialNB(),1,,"Erro na combinação 612 - Imputer: None, Categorização: onehot, Seleção de Feature: feature_agglomeration, Scaler: standard, Fold: 1 - Exception: Negative values in data passed to MultinomialNB (input X)",,No using One Hot,0.0014731884002685547,0.00014328956604003906
algerian_forest_fires_46279,,onehot,feature_agglomeration,standard,MultinomialNB(),2,,"Erro na combinação 613 - Imputer: None, Categorização: onehot, Seleção de Feature: feature_agglomeration, Scaler: standard, Fold: 2 - Exception: Negative values in data passed to MultinomialNB (input X)",,No using One Hot,0.0014731884002685547,0.00014328956604003906
algerian_forest_fires_46279,,onehot,feature_agglomeration,standard,MultinomialNB(),3,,"Erro na combinação 614 - Imputer: None, Categorização: onehot, Seleção de Feature: feature_agglomeration, Scaler: standard, Fold: 3 - Exception: Negative values in data passed to MultinomialNB (input X)",,No using One Hot,0.0014731884002685547,0.00014328956604003906
algerian_forest_fires_46279,,onehot,feature_agglomeration,standard,MultinomialNB(),4,,"Erro na combinação 615 - Imputer: None, Categorização: onehot, Seleção de Feature: feature_agglomeration, Scaler: standard, Fold: 4 - Exception: Negative values in data passed to MultinomialNB (input X)",,No using One Hot,0.0014731884002685547,0.00014328956604003906
algerian_forest_fires_46279,,onehot,extra_tree,standard,MultinomialNB(),0,,"Erro na combinação 616 - Imputer: None, Categorização: onehot, Seleção de Feature: extra_tree, Scaler: standard, Fold: 0 - Exception: Negative values in data passed to MultinomialNB (input X)",,No using One Hot,0.0014731884002685547,0.00014328956604003906
algerian_forest_fires_46279,,onehot,extra_tree,standard,MultinomialNB(),1,,"Erro na combinação 617 - Imputer: None, Categorização: onehot, Seleção de Feature: extra_tree, Scaler: standard, Fold: 1 - Exception: Negative values in data passed to MultinomialNB (input X)",,No using One Hot,0.0014731884002685547,0.00014328956604003906
algerian_forest_fires_46279,,onehot,extra_tree,standard,MultinomialNB(),2,,"Erro na combinação 618 - Imputer: None, Categorização: onehot, Seleção de Feature: extra_tree, Scaler: standard, Fold: 2 - Exception: Negative values in data passed to MultinomialNB (input X)",,No using One Hot,0.0014731884002685547,0.00014328956604003906
algerian_forest_fires_46279,,onehot,extra_tree,standard,MultinomialNB(),3,,"Erro na combinação 619 - Imputer: None, Categorização: onehot, Seleção de Feature: extra_tree, Scaler: standard, Fold: 3 - Exception: Negative values in data passed to MultinomialNB (input X)",,No using One Hot,0.0014731884002685547,0.00014328956604003906
algerian_forest_fires_46279,,onehot,extra_tree,standard,MultinomialNB(),4,,"Erro na combinação 620 - Imputer: None, Categorização: onehot, Seleção de Feature: extra_tree, Scaler: standard, Fold: 4 - Exception: Negative values in data passed to MultinomialNB (input X)",,No using One Hot,0.0014731884002685547,0.00014328956604003906
algerian_forest_fires_46279,,onehot,linear_svc,standard,MultinomialNB(),0,,"Erro na combinação 621 - Imputer: None, Categorização: onehot, Seleção de Feature: linear_svc, Scaler: standard, Fold: 0 - Exception: Negative values in data passed to MultinomialNB (input X)",,No using One Hot,0.0014731884002685547,0.00014328956604003906
algerian_forest_fires_46279,,onehot,linear_svc,standard,MultinomialNB(),1,,"Erro na combinação 622 - Imputer: None, Categorização: onehot, Seleção de Feature: linear_svc, Scaler: standard, Fold: 1 - Exception: Negative values in data passed to MultinomialNB (input X)",,No using One Hot,0.0014731884002685547,0.00014328956604003906
algerian_forest_fires_46279,,onehot,linear_svc,standard,MultinomialNB(),2,,"Erro na combinação 623 - Imputer: None, Categorização: onehot, Seleção de Feature: linear_svc, Scaler: standard, Fold: 2 - Exception: Negative values in data passed to MultinomialNB (input X)",,No using One Hot,0.0014731884002685547,0.00014328956604003906
algerian_forest_fires_46279,,onehot,linear_svc,standard,MultinomialNB(),3,,"Erro na combinação 624 - Imputer: None, Categorização: onehot, Seleção de Feature: linear_svc, Scaler: standard, Fold: 3 - Exception: Negative values in data passed to MultinomialNB (input X)",,No using One Hot,0.0014731884002685547,0.00014328956604003906
algerian_forest_fires_46279,,onehot,linear_svc,standard,MultinomialNB(),4,,"Erro na combinação 625 - Imputer: None, Categorização: onehot, Seleção de Feature: linear_svc, Scaler: standard, Fold: 4 - Exception: Negative values in data passed to MultinomialNB (input X)",,No using One Hot,0.0014731884002685547,0.00014328956604003906
algerian_forest_fires_46279,,onehot,kernel_pca,standard,MultinomialNB(),0,,"Erro na combinação 626 - Imputer: None, Categorização: onehot, Seleção de Feature: kernel_pca, Scaler: standard, Fold: 0 - Exception: Negative values in data passed to MultinomialNB (input X)",,No using One Hot,0.0014731884002685547,0.00014328956604003906
algerian_forest_fires_46279,,onehot,kernel_pca,standard,MultinomialNB(),1,,"Erro na combinação 627 - Imputer: None, Categorização: onehot, Seleção de Feature: kernel_pca, Scaler: standard, Fold: 1 - Exception: Negative values in data passed to MultinomialNB (input X)",,No using One Hot,0.0014731884002685547,0.00014328956604003906
algerian_forest_fires_46279,,onehot,kernel_pca,standard,MultinomialNB(),2,,"Erro na combinação 628 - Imputer: None, Categorização: onehot, Seleção de Feature: kernel_pca, Scaler: standard, Fold: 2 - Exception: Negative values in data passed to MultinomialNB (input X)",,No using One Hot,0.0014731884002685547,0.00014328956604003906
algerian_forest_fires_46279,,onehot,kernel_pca,standard,MultinomialNB(),3,,"Erro na combinação 629 - Imputer: None, Categorização: onehot, Seleção de Feature: kernel_pca, Scaler: standard, Fold: 3 - Exception: Negative values in data passed to MultinomialNB (input X)",,No using One Hot,0.0014731884002685547,0.00014328956604003906
algerian_forest_fires_46279,,onehot,kernel_pca,standard,MultinomialNB(),4,,"Erro na combinação 630 - Imputer: None, Categorização: onehot, Seleção de Feature: kernel_pca, Scaler: standard, Fold: 4 - Exception: Negative values in data passed to MultinomialNB (input X)",,No using One Hot,0.0014731884002685547,0.00014328956604003906
algerian_forest_fires_46279,,onehot,,minmax,MultinomialNB(),0,0.8571428571428571,,,No using One Hot,0.0014510154724121094,0.00014400482177734375
algerian_forest_fires_46279,,onehot,,minmax,MultinomialNB(),1,0.8571428571428571,,,No using One Hot,0.0014467239379882812,0.00011348724365234375
algerian_forest_fires_46279,,onehot,,minmax,MultinomialNB(),2,0.9183673469387755,,,No using One Hot,0.0015749931335449219,0.00011587142944335938
algerian_forest_fires_46279,,onehot,,minmax,MultinomialNB(),3,0.9166666666666666,,,No using One Hot,0.0015032291412353516,0.00011587142944335938
algerian_forest_fires_46279,,onehot,,minmax,MultinomialNB(),4,0.8958333333333334,,,No using One Hot,0.0013229846954345703,0.0001049041748046875
algerian_forest_fires_46279,,onehot,pca,minmax,MultinomialNB(),0,,"Erro na combinação 636 - Imputer: None, Categorização: onehot, Seleção de Feature: pca, Scaler: minmax, Fold: 0 - Exception: Negative values in data passed to MultinomialNB (input X)",,No using One Hot,0.0013229846954345703,0.0001049041748046875
algerian_forest_fires_46279,,onehot,pca,minmax,MultinomialNB(),1,,"Erro na combinação 637 - Imputer: None, Categorização: onehot, Seleção de Feature: pca, Scaler: minmax, Fold: 1 - Exception: Negative values in data passed to MultinomialNB (input X)",,No using One Hot,0.0013229846954345703,0.0001049041748046875
algerian_forest_fires_46279,,onehot,pca,minmax,MultinomialNB(),2,,"Erro na combinação 638 - Imputer: None, Categorização: onehot, Seleção de Feature: pca, Scaler: minmax, Fold: 2 - Exception: Negative values in data passed to MultinomialNB (input X)",,No using One Hot,0.0013229846954345703,0.0001049041748046875
algerian_forest_fires_46279,,onehot,pca,minmax,MultinomialNB(),3,,"Erro na combinação 639 - Imputer: None, Categorização: onehot, Seleção de Feature: pca, Scaler: minmax, Fold: 3 - Exception: Negative values in data passed to MultinomialNB (input X)",,No using One Hot,0.0013229846954345703,0.0001049041748046875
algerian_forest_fires_46279,,onehot,pca,minmax,MultinomialNB(),4,,"Erro na combinação 640 - Imputer: None, Categorização: onehot, Seleção de Feature: pca, Scaler: minmax, Fold: 4 - Exception: Negative values in data passed to MultinomialNB (input X)",,No using One Hot,0.0013229846954345703,0.0001049041748046875
algerian_forest_fires_46279,,onehot,fastica,minmax,MultinomialNB(),0,,"Erro na combinação 641 - Imputer: None, Categorização: onehot, Seleção de Feature: fastica, Scaler: minmax, Fold: 0 - Exception: Negative values in data passed to MultinomialNB (input X)",,No using One Hot,0.0013229846954345703,0.0001049041748046875
algerian_forest_fires_46279,,onehot,fastica,minmax,MultinomialNB(),1,,"Erro na combinação 642 - Imputer: None, Categorização: onehot, Seleção de Feature: fastica, Scaler: minmax, Fold: 1 - Exception: Negative values in data passed to MultinomialNB (input X)",,No using One Hot,0.0013229846954345703,0.0001049041748046875
algerian_forest_fires_46279,,onehot,fastica,minmax,MultinomialNB(),2,,"Erro na combinação 643 - Imputer: None, Categorização: onehot, Seleção de Feature: fastica, Scaler: minmax, Fold: 2 - Exception: Negative values in data passed to MultinomialNB (input X)",,No using One Hot,0.0013229846954345703,0.0001049041748046875
algerian_forest_fires_46279,,onehot,fastica,minmax,MultinomialNB(),3,,"Erro na combinação 644 - Imputer: None, Categorização: onehot, Seleção de Feature: fastica, Scaler: minmax, Fold: 3 - Exception: Negative values in data passed to MultinomialNB (input X)",,No using One Hot,0.0013229846954345703,0.0001049041748046875
algerian_forest_fires_46279,,onehot,fastica,minmax,MultinomialNB(),4,,"Erro na combinação 645 - Imputer: None, Categorização: onehot, Seleção de Feature: fastica, Scaler: minmax, Fold: 4 - Exception: Negative values in data passed to MultinomialNB (input X)",,No using One Hot,0.0013229846954345703,0.0001049041748046875
algerian_forest_fires_46279,,onehot,truncated_svd,minmax,MultinomialNB(),0,,"Erro na combinação 646 - Imputer: None, Categorização: onehot, Seleção de Feature: truncated_svd, Scaler: minmax, Fold: 0 - Exception: Negative values in data passed to MultinomialNB (input X)",,No using One Hot,0.0013229846954345703,0.0001049041748046875
algerian_forest_fires_46279,,onehot,truncated_svd,minmax,MultinomialNB(),1,,"Erro na combinação 647 - Imputer: None, Categorização: onehot, Seleção de Feature: truncated_svd, Scaler: minmax, Fold: 1 - Exception: Negative values in data passed to MultinomialNB (input X)",,No using One Hot,0.0013229846954345703,0.0001049041748046875
algerian_forest_fires_46279,,onehot,truncated_svd,minmax,MultinomialNB(),2,,"Erro na combinação 648 - Imputer: None, Categorização: onehot, Seleção de Feature: truncated_svd, Scaler: minmax, Fold: 2 - Exception: Negative values in data passed to MultinomialNB (input X)",,No using One Hot,0.0013229846954345703,0.0001049041748046875
algerian_forest_fires_46279,,onehot,truncated_svd,minmax,MultinomialNB(),3,,"Erro na combinação 649 - Imputer: None, Categorização: onehot, Seleção de Feature: truncated_svd, Scaler: minmax, Fold: 3 - Exception: Negative values in data passed to MultinomialNB (input X)",,No using One Hot,0.0013229846954345703,0.0001049041748046875
algerian_forest_fires_46279,,onehot,truncated_svd,minmax,MultinomialNB(),4,,"Erro na combinação 650 - Imputer: None, Categorização: onehot, Seleção de Feature: truncated_svd, Scaler: minmax, Fold: 4 - Exception: Negative values in data passed to MultinomialNB (input X)",,No using One Hot,0.0013229846954345703,0.0001049041748046875
algerian_forest_fires_46279,,onehot,select_percentile,minmax,MultinomialNB(),0,0.5510204081632653,,,No using One Hot,0.001209259033203125,0.00010323524475097656
algerian_forest_fires_46279,,onehot,select_percentile,minmax,MultinomialNB(),1,0.5510204081632653,,,No using One Hot,0.001504659652709961,0.00011181831359863281
algerian_forest_fires_46279,,onehot,select_percentile,minmax,MultinomialNB(),2,0.5714285714285714,,,No using One Hot,0.0012524127960205078,9.679794311523438e-05
algerian_forest_fires_46279,,onehot,select_percentile,minmax,MultinomialNB(),3,0.6041666666666666,,,No using One Hot,0.001333475112915039,9.775161743164062e-05
algerian_forest_fires_46279,,onehot,select_percentile,minmax,MultinomialNB(),4,0.5416666666666666,,,No using One Hot,0.0012502670288085938,9.655952453613281e-05
algerian_forest_fires_46279,,onehot,generic_univariate,minmax,MultinomialNB(),0,0.5510204081632653,,,No using One Hot,0.0012443065643310547,9.369850158691406e-05
algerian_forest_fires_46279,,onehot,generic_univariate,minmax,MultinomialNB(),1,0.5510204081632653,,,No using One Hot,0.0011758804321289062,9.322166442871094e-05
algerian_forest_fires_46279,,onehot,generic_univariate,minmax,MultinomialNB(),2,0.5714285714285714,,,No using One Hot,0.0012652873992919922,9.512901306152344e-05
algerian_forest_fires_46279,,onehot,generic_univariate,minmax,MultinomialNB(),3,0.6041666666666666,,,No using One Hot,0.001188039779663086,0.00011515617370605469
algerian_forest_fires_46279,,onehot,generic_univariate,minmax,MultinomialNB(),4,0.5416666666666666,,,No using One Hot,0.0011875629425048828,0.00011491775512695312
algerian_forest_fires_46279,,onehot,polynomial_features,minmax,MultinomialNB(),0,0.8979591836734694,,,No using One Hot,0.001245737075805664,0.00010514259338378906
algerian_forest_fires_46279,,onehot,polynomial_features,minmax,MultinomialNB(),1,0.9183673469387755,,,No using One Hot,0.0012254714965820312,0.00010442733764648438
algerian_forest_fires_46279,,onehot,polynomial_features,minmax,MultinomialNB(),2,0.8775510204081632,,,No using One Hot,0.001268625259399414,0.0001347064971923828
algerian_forest_fires_46279,,onehot,polynomial_features,minmax,MultinomialNB(),3,0.9375,,,No using One Hot,0.0016083717346191406,0.00010633468627929688
algerian_forest_fires_46279,,onehot,polynomial_features,minmax,MultinomialNB(),4,0.9583333333333334,,,No using One Hot,0.0012595653533935547,0.000102996826171875
algerian_forest_fires_46279,,onehot,nystroem,minmax,MultinomialNB(),0,0.8163265306122449,,,No using One Hot,0.0016694068908691406,0.000125885009765625
algerian_forest_fires_46279,,onehot,nystroem,minmax,MultinomialNB(),1,0.8163265306122449,,,No using One Hot,0.0015101432800292969,0.0001392364501953125
algerian_forest_fires_46279,,onehot,nystroem,minmax,MultinomialNB(),2,0.8571428571428571,,,No using One Hot,0.0015363693237304688,0.00012063980102539062
algerian_forest_fires_46279,,onehot,nystroem,minmax,MultinomialNB(),3,0.9375,,,No using One Hot,0.0015249252319335938,0.00013589859008789062
algerian_forest_fires_46279,,onehot,nystroem,minmax,MultinomialNB(),4,0.8958333333333334,,,No using One Hot,0.0015645027160644531,0.00012826919555664062
algerian_forest_fires_46279,,onehot,rbf_sampler,minmax,MultinomialNB(),0,,"Erro na combinação 671 - Imputer: None, Categorização: onehot, Seleção de Feature: rbf_sampler, Scaler: minmax, Fold: 0 - Exception: Negative values in data passed to MultinomialNB (input X)",,No using One Hot,0.0015645027160644531,0.00012826919555664062
algerian_forest_fires_46279,,onehot,rbf_sampler,minmax,MultinomialNB(),1,,"Erro na combinação 672 - Imputer: None, Categorização: onehot, Seleção de Feature: rbf_sampler, Scaler: minmax, Fold: 1 - Exception: Negative values in data passed to MultinomialNB (input X)",,No using One Hot,0.0015645027160644531,0.00012826919555664062
algerian_forest_fires_46279,,onehot,rbf_sampler,minmax,MultinomialNB(),2,,"Erro na combinação 673 - Imputer: None, Categorização: onehot, Seleção de Feature: rbf_sampler, Scaler: minmax, Fold: 2 - Exception: Negative values in data passed to MultinomialNB (input X)",,No using One Hot,0.0015645027160644531,0.00012826919555664062
algerian_forest_fires_46279,,onehot,rbf_sampler,minmax,MultinomialNB(),3,,"Erro na combinação 674 - Imputer: None, Categorização: onehot, Seleção de Feature: rbf_sampler, Scaler: minmax, Fold: 3 - Exception: Negative values in data passed to MultinomialNB (input X)",,No using One Hot,0.0015645027160644531,0.00012826919555664062
algerian_forest_fires_46279,,onehot,rbf_sampler,minmax,MultinomialNB(),4,,"Erro na combinação 675 - Imputer: None, Categorização: onehot, Seleção de Feature: rbf_sampler, Scaler: minmax, Fold: 4 - Exception: Negative values in data passed to MultinomialNB (input X)",,No using One Hot,0.0015645027160644531,0.00012826919555664062
algerian_forest_fires_46279,,onehot,random_trees_embedding,minmax,MultinomialNB(),0,0.8979591836734694,,,No using One Hot,0.0014867782592773438,0.0001494884490966797
algerian_forest_fires_46279,,onehot,random_trees_embedding,minmax,MultinomialNB(),1,0.9387755102040817,,,No using One Hot,0.0014226436614990234,0.000152587890625
algerian_forest_fires_46279,,onehot,random_trees_embedding,minmax,MultinomialNB(),2,0.9183673469387755,,,No using One Hot,0.0015184879302978516,0.0001354217529296875
algerian_forest_fires_46279,,onehot,random_trees_embedding,minmax,MultinomialNB(),3,0.9583333333333334,,,No using One Hot,0.0015702247619628906,0.00013518333435058594
algerian_forest_fires_46279,,onehot,random_trees_embedding,minmax,MultinomialNB(),4,0.9791666666666666,,,No using One Hot,0.0015194416046142578,0.0001373291015625
algerian_forest_fires_46279,,onehot,feature_agglomeration,minmax,MultinomialNB(),0,0.5510204081632653,,,No using One Hot,0.0012350082397460938,9.489059448242188e-05
algerian_forest_fires_46279,,onehot,feature_agglomeration,minmax,MultinomialNB(),1,0.5510204081632653,,,No using One Hot,0.0013704299926757812,0.00010418891906738281
algerian_forest_fires_46279,,onehot,feature_agglomeration,minmax,MultinomialNB(),2,0.5714285714285714,,,No using One Hot,0.0012388229370117188,9.417533874511719e-05
algerian_forest_fires_46279,,onehot,feature_agglomeration,minmax,MultinomialNB(),3,0.6041666666666666,,,No using One Hot,0.0012164115905761719,9.584426879882812e-05
algerian_forest_fires_46279,,onehot,feature_agglomeration,minmax,MultinomialNB(),4,0.5416666666666666,,,No using One Hot,0.0012421607971191406,0.00014925003051757812
algerian_forest_fires_46279,,onehot,extra_tree,minmax,MultinomialNB(),0,0.5510204081632653,,,No using One Hot,0.0013070106506347656,9.822845458984375e-05
algerian_forest_fires_46279,,onehot,extra_tree,minmax,MultinomialNB(),1,0.5510204081632653,,,No using One Hot,0.001329183578491211,9.655952453613281e-05
algerian_forest_fires_46279,,onehot,extra_tree,minmax,MultinomialNB(),2,0.5714285714285714,,,No using One Hot,0.0013051033020019531,9.942054748535156e-05
algerian_forest_fires_46279,,onehot,extra_tree,minmax,MultinomialNB(),3,0.6041666666666666,,,No using One Hot,0.0013053417205810547,9.894371032714844e-05
algerian_forest_fires_46279,,onehot,extra_tree,minmax,MultinomialNB(),4,0.5416666666666666,,,No using One Hot,0.0012669563293457031,9.584426879882812e-05
algerian_forest_fires_46279,,onehot,linear_svc,minmax,MultinomialNB(),0,0.5510204081632653,,,No using One Hot,0.001382589340209961,0.00011014938354492188
algerian_forest_fires_46279,,onehot,linear_svc,minmax,MultinomialNB(),1,0.5510204081632653,,,No using One Hot,0.0012364387512207031,9.560585021972656e-05
algerian_forest_fires_46279,,onehot,linear_svc,minmax,MultinomialNB(),2,0.7755102040816326,,,No using One Hot,0.0013031959533691406,9.703636169433594e-05
algerian_forest_fires_46279,,onehot,linear_svc,minmax,MultinomialNB(),3,0.6041666666666666,,,No using One Hot,0.0013666152954101562,9.870529174804688e-05
algerian_forest_fires_46279,,onehot,linear_svc,minmax,MultinomialNB(),4,0.5416666666666666,,,No using One Hot,0.0012412071228027344,9.608268737792969e-05
algerian_forest_fires_46279,,onehot,kernel_pca,minmax,MultinomialNB(),0,,"Erro na combinação 696 - Imputer: None, Categorização: onehot, Seleção de Feature: kernel_pca, Scaler: minmax, Fold: 0 - Exception: Negative values in data passed to MultinomialNB (input X)",,No using One Hot,0.0012412071228027344,9.608268737792969e-05
algerian_forest_fires_46279,,onehot,kernel_pca,minmax,MultinomialNB(),1,,"Erro na combinação 697 - Imputer: None, Categorização: onehot, Seleção de Feature: kernel_pca, Scaler: minmax, Fold: 1 - Exception: Negative values in data passed to MultinomialNB (input X)",,No using One Hot,0.0012412071228027344,9.608268737792969e-05
algerian_forest_fires_46279,,onehot,kernel_pca,minmax,MultinomialNB(),2,,"Erro na combinação 698 - Imputer: None, Categorização: onehot, Seleção de Feature: kernel_pca, Scaler: minmax, Fold: 2 - Exception: Negative values in data passed to MultinomialNB (input X)",,No using One Hot,0.0012412071228027344,9.608268737792969e-05
algerian_forest_fires_46279,,onehot,kernel_pca,minmax,MultinomialNB(),3,,"Erro na combinação 699 - Imputer: None, Categorização: onehot, Seleção de Feature: kernel_pca, Scaler: minmax, Fold: 3 - Exception: Negative values in data passed to MultinomialNB (input X)",,No using One Hot,0.0012412071228027344,9.608268737792969e-05
algerian_forest_fires_46279,,onehot,kernel_pca,minmax,MultinomialNB(),4,,"Erro na combinação 700 - Imputer: None, Categorização: onehot, Seleção de Feature: kernel_pca, Scaler: minmax, Fold: 4 - Exception: Negative values in data passed to MultinomialNB (input X)",,No using One Hot,0.0012412071228027344,9.608268737792969e-05
algerian_forest_fires_46279,,onehot,,robust,MultinomialNB(),0,,"Erro na combinação 701 - Imputer: None, Categorização: onehot, Seleção de Feature: None, Scaler: robust, Fold: 0 - Exception: Negative values in data passed to MultinomialNB (input X)",,No using One Hot,0.0012412071228027344,9.608268737792969e-05
algerian_forest_fires_46279,,onehot,,robust,MultinomialNB(),1,,"Erro na combinação 702 - Imputer: None, Categorização: onehot, Seleção de Feature: None, Scaler: robust, Fold: 1 - Exception: Negative values in data passed to MultinomialNB (input X)",,No using One Hot,0.0012412071228027344,9.608268737792969e-05
algerian_forest_fires_46279,,onehot,,robust,MultinomialNB(),2,,"Erro na combinação 703 - Imputer: None, Categorização: onehot, Seleção de Feature: None, Scaler: robust, Fold: 2 - Exception: Negative values in data passed to MultinomialNB (input X)",,No using One Hot,0.0012412071228027344,9.608268737792969e-05
algerian_forest_fires_46279,,onehot,,robust,MultinomialNB(),3,,"Erro na combinação 704 - Imputer: None, Categorização: onehot, Seleção de Feature: None, Scaler: robust, Fold: 3 - Exception: Negative values in data passed to MultinomialNB (input X)",,No using One Hot,0.0012412071228027344,9.608268737792969e-05
algerian_forest_fires_46279,,onehot,,robust,MultinomialNB(),4,,"Erro na combinação 705 - Imputer: None, Categorização: onehot, Seleção de Feature: None, Scaler: robust, Fold: 4 - Exception: Negative values in data passed to MultinomialNB (input X)",,No using One Hot,0.0012412071228027344,9.608268737792969e-05
algerian_forest_fires_46279,,onehot,pca,robust,MultinomialNB(),0,,"Erro na combinação 706 - Imputer: None, Categorização: onehot, Seleção de Feature: pca, Scaler: robust, Fold: 0 - Exception: Negative values in data passed to MultinomialNB (input X)",,No using One Hot,0.0012412071228027344,9.608268737792969e-05
algerian_forest_fires_46279,,onehot,pca,robust,MultinomialNB(),1,,"Erro na combinação 707 - Imputer: None, Categorização: onehot, Seleção de Feature: pca, Scaler: robust, Fold: 1 - Exception: Negative values in data passed to MultinomialNB (input X)",,No using One Hot,0.0012412071228027344,9.608268737792969e-05
algerian_forest_fires_46279,,onehot,pca,robust,MultinomialNB(),2,,"Erro na combinação 708 - Imputer: None, Categorização: onehot, Seleção de Feature: pca, Scaler: robust, Fold: 2 - Exception: Negative values in data passed to MultinomialNB (input X)",,No using One Hot,0.0012412071228027344,9.608268737792969e-05
algerian_forest_fires_46279,,onehot,pca,robust,MultinomialNB(),3,,"Erro na combinação 709 - Imputer: None, Categorização: onehot, Seleção de Feature: pca, Scaler: robust, Fold: 3 - Exception: Negative values in data passed to MultinomialNB (input X)",,No using One Hot,0.0012412071228027344,9.608268737792969e-05
algerian_forest_fires_46279,,onehot,pca,robust,MultinomialNB(),4,,"Erro na combinação 710 - Imputer: None, Categorização: onehot, Seleção de Feature: pca, Scaler: robust, Fold: 4 - Exception: Negative values in data passed to MultinomialNB (input X)",,No using One Hot,0.0012412071228027344,9.608268737792969e-05
algerian_forest_fires_46279,,onehot,fastica,robust,MultinomialNB(),0,,"Erro na combinação 711 - Imputer: None, Categorização: onehot, Seleção de Feature: fastica, Scaler: robust, Fold: 0 - Exception: Negative values in data passed to MultinomialNB (input X)",,No using One Hot,0.0012412071228027344,9.608268737792969e-05
algerian_forest_fires_46279,,onehot,fastica,robust,MultinomialNB(),1,,"Erro na combinação 712 - Imputer: None, Categorização: onehot, Seleção de Feature: fastica, Scaler: robust, Fold: 1 - Exception: Negative values in data passed to MultinomialNB (input X)",,No using One Hot,0.0012412071228027344,9.608268737792969e-05
algerian_forest_fires_46279,,onehot,fastica,robust,MultinomialNB(),2,,"Erro na combinação 713 - Imputer: None, Categorização: onehot, Seleção de Feature: fastica, Scaler: robust, Fold: 2 - Exception: Negative values in data passed to MultinomialNB (input X)",,No using One Hot,0.0012412071228027344,9.608268737792969e-05
algerian_forest_fires_46279,,onehot,fastica,robust,MultinomialNB(),3,,"Erro na combinação 714 - Imputer: None, Categorização: onehot, Seleção de Feature: fastica, Scaler: robust, Fold: 3 - Exception: Negative values in data passed to MultinomialNB (input X)",,No using One Hot,0.0012412071228027344,9.608268737792969e-05
algerian_forest_fires_46279,,onehot,fastica,robust,MultinomialNB(),4,,"Erro na combinação 715 - Imputer: None, Categorização: onehot, Seleção de Feature: fastica, Scaler: robust, Fold: 4 - Exception: Negative values in data passed to MultinomialNB (input X)",,No using One Hot,0.0012412071228027344,9.608268737792969e-05
algerian_forest_fires_46279,,onehot,truncated_svd,robust,MultinomialNB(),0,,"Erro na combinação 716 - Imputer: None, Categorização: onehot, Seleção de Feature: truncated_svd, Scaler: robust, Fold: 0 - Exception: Negative values in data passed to MultinomialNB (input X)",,No using One Hot,0.0012412071228027344,9.608268737792969e-05
algerian_forest_fires_46279,,onehot,truncated_svd,robust,MultinomialNB(),1,,"Erro na combinação 717 - Imputer: None, Categorização: onehot, Seleção de Feature: truncated_svd, Scaler: robust, Fold: 1 - Exception: Negative values in data passed to MultinomialNB (input X)",,No using One Hot,0.0012412071228027344,9.608268737792969e-05
algerian_forest_fires_46279,,onehot,truncated_svd,robust,MultinomialNB(),2,,"Erro na combinação 718 - Imputer: None, Categorização: onehot, Seleção de Feature: truncated_svd, Scaler: robust, Fold: 2 - Exception: Negative values in data passed to MultinomialNB (input X)",,No using One Hot,0.0012412071228027344,9.608268737792969e-05
algerian_forest_fires_46279,,onehot,truncated_svd,robust,MultinomialNB(),3,,"Erro na combinação 719 - Imputer: None, Categorização: onehot, Seleção de Feature: truncated_svd, Scaler: robust, Fold: 3 - Exception: Negative values in data passed to MultinomialNB (input X)",,No using One Hot,0.0012412071228027344,9.608268737792969e-05
algerian_forest_fires_46279,,onehot,truncated_svd,robust,MultinomialNB(),4,,"Erro na combinação 720 - Imputer: None, Categorização: onehot, Seleção de Feature: truncated_svd, Scaler: robust, Fold: 4 - Exception: Negative values in data passed to MultinomialNB (input X)",,No using One Hot,0.0012412071228027344,9.608268737792969e-05
algerian_forest_fires_46279,,onehot,select_percentile,robust,MultinomialNB(),0,,"Erro na combinação 721 - Imputer: None, Categorização: onehot, Seleção de Feature: select_percentile, Scaler: robust, Fold: 0 - Exception: Negative values in data passed to MultinomialNB (input X)",,No using One Hot,0.0012412071228027344,9.608268737792969e-05
algerian_forest_fires_46279,,onehot,select_percentile,robust,MultinomialNB(),1,,"Erro na combinação 722 - Imputer: None, Categorização: onehot, Seleção de Feature: select_percentile, Scaler: robust, Fold: 1 - Exception: Negative values in data passed to MultinomialNB (input X)",,No using One Hot,0.0012412071228027344,9.608268737792969e-05
algerian_forest_fires_46279,,onehot,select_percentile,robust,MultinomialNB(),2,,"Erro na combinação 723 - Imputer: None, Categorização: onehot, Seleção de Feature: select_percentile, Scaler: robust, Fold: 2 - Exception: Negative values in data passed to MultinomialNB (input X)",,No using One Hot,0.0012412071228027344,9.608268737792969e-05
algerian_forest_fires_46279,,onehot,select_percentile,robust,MultinomialNB(),3,,"Erro na combinação 724 - Imputer: None, Categorização: onehot, Seleção de Feature: select_percentile, Scaler: robust, Fold: 3 - Exception: Negative values in data passed to MultinomialNB (input X)",,No using One Hot,0.0012412071228027344,9.608268737792969e-05
algerian_forest_fires_46279,,onehot,select_percentile,robust,MultinomialNB(),4,,"Erro na combinação 725 - Imputer: None, Categorização: onehot, Seleção de Feature: select_percentile, Scaler: robust, Fold: 4 - Exception: Negative values in data passed to MultinomialNB (input X)",,No using One Hot,0.0012412071228027344,9.608268737792969e-05
algerian_forest_fires_46279,,onehot,generic_univariate,robust,MultinomialNB(),0,,"Erro na combinação 726 - Imputer: None, Categorização: onehot, Seleção de Feature: generic_univariate, Scaler: robust, Fold: 0 - Exception: Negative values in data passed to MultinomialNB (input X)",,No using One Hot,0.0012412071228027344,9.608268737792969e-05
algerian_forest_fires_46279,,onehot,generic_univariate,robust,MultinomialNB(),1,,"Erro na combinação 727 - Imputer: None, Categorização: onehot, Seleção de Feature: generic_univariate, Scaler: robust, Fold: 1 - Exception: Negative values in data passed to MultinomialNB (input X)",,No using One Hot,0.0012412071228027344,9.608268737792969e-05
algerian_forest_fires_46279,,onehot,generic_univariate,robust,MultinomialNB(),2,,"Erro na combinação 728 - Imputer: None, Categorização: onehot, Seleção de Feature: generic_univariate, Scaler: robust, Fold: 2 - Exception: Negative values in data passed to MultinomialNB (input X)",,No using One Hot,0.0012412071228027344,9.608268737792969e-05
algerian_forest_fires_46279,,onehot,generic_univariate,robust,MultinomialNB(),3,,"Erro na combinação 729 - Imputer: None, Categorização: onehot, Seleção de Feature: generic_univariate, Scaler: robust, Fold: 3 - Exception: Negative values in data passed to MultinomialNB (input X)",,No using One Hot,0.0012412071228027344,9.608268737792969e-05
algerian_forest_fires_46279,,onehot,generic_univariate,robust,MultinomialNB(),4,,"Erro na combinação 730 - Imputer: None, Categorização: onehot, Seleção de Feature: generic_univariate, Scaler: robust, Fold: 4 - Exception: Negative values in data passed to MultinomialNB (input X)",,No using One Hot,0.0012412071228027344,9.608268737792969e-05
algerian_forest_fires_46279,,onehot,polynomial_features,robust,MultinomialNB(),0,,"Erro na combinação 731 - Imputer: None, Categorização: onehot, Seleção de Feature: polynomial_features, Scaler: robust, Fold: 0 - Exception: Negative values in data passed to MultinomialNB (input X)",,No using One Hot,0.0012412071228027344,9.608268737792969e-05
algerian_forest_fires_46279,,onehot,polynomial_features,robust,MultinomialNB(),1,,"Erro na combinação 732 - Imputer: None, Categorização: onehot, Seleção de Feature: polynomial_features, Scaler: robust, Fold: 1 - Exception: Negative values in data passed to MultinomialNB (input X)",,No using One Hot,0.0012412071228027344,9.608268737792969e-05
algerian_forest_fires_46279,,onehot,polynomial_features,robust,MultinomialNB(),2,,"Erro na combinação 733 - Imputer: None, Categorização: onehot, Seleção de Feature: polynomial_features, Scaler: robust, Fold: 2 - Exception: Negative values in data passed to MultinomialNB (input X)",,No using One Hot,0.0012412071228027344,9.608268737792969e-05
algerian_forest_fires_46279,,onehot,polynomial_features,robust,MultinomialNB(),3,,"Erro na combinação 734 - Imputer: None, Categorização: onehot, Seleção de Feature: polynomial_features, Scaler: robust, Fold: 3 - Exception: Negative values in data passed to MultinomialNB (input X)",,No using One Hot,0.0012412071228027344,9.608268737792969e-05
algerian_forest_fires_46279,,onehot,polynomial_features,robust,MultinomialNB(),4,,"Erro na combinação 735 - Imputer: None, Categorização: onehot, Seleção de Feature: polynomial_features, Scaler: robust, Fold: 4 - Exception: Negative values in data passed to MultinomialNB (input X)",,No using One Hot,0.0012412071228027344,9.608268737792969e-05
algerian_forest_fires_46279,,onehot,nystroem,robust,MultinomialNB(),0,,"Erro na combinação 736 - Imputer: None, Categorização: onehot, Seleção de Feature: nystroem, Scaler: robust, Fold: 0 - Exception: Negative values in data passed to MultinomialNB (input X)",,No using One Hot,0.0012412071228027344,9.608268737792969e-05
algerian_forest_fires_46279,,onehot,nystroem,robust,MultinomialNB(),1,,"Erro na combinação 737 - Imputer: None, Categorização: onehot, Seleção de Feature: nystroem, Scaler: robust, Fold: 1 - Exception: Negative values in data passed to MultinomialNB (input X)",,No using One Hot,0.0012412071228027344,9.608268737792969e-05
algerian_forest_fires_46279,,onehot,nystroem,robust,MultinomialNB(),2,,"Erro na combinação 738 - Imputer: None, Categorização: onehot, Seleção de Feature: nystroem, Scaler: robust, Fold: 2 - Exception: Negative values in data passed to MultinomialNB (input X)",,No using One Hot,0.0012412071228027344,9.608268737792969e-05
algerian_forest_fires_46279,,onehot,nystroem,robust,MultinomialNB(),3,,"Erro na combinação 739 - Imputer: None, Categorização: onehot, Seleção de Feature: nystroem, Scaler: robust, Fold: 3 - Exception: Negative values in data passed to MultinomialNB (input X)",,No using One Hot,0.0012412071228027344,9.608268737792969e-05
algerian_forest_fires_46279,,onehot,nystroem,robust,MultinomialNB(),4,,"Erro na combinação 740 - Imputer: None, Categorização: onehot, Seleção de Feature: nystroem, Scaler: robust, Fold: 4 - Exception: Negative values in data passed to MultinomialNB (input X)",,No using One Hot,0.0012412071228027344,9.608268737792969e-05
algerian_forest_fires_46279,,onehot,rbf_sampler,robust,MultinomialNB(),0,,"Erro na combinação 741 - Imputer: None, Categorização: onehot, Seleção de Feature: rbf_sampler, Scaler: robust, Fold: 0 - Exception: Negative values in data passed to MultinomialNB (input X)",,No using One Hot,0.0012412071228027344,9.608268737792969e-05
algerian_forest_fires_46279,,onehot,rbf_sampler,robust,MultinomialNB(),1,,"Erro na combinação 742 - Imputer: None, Categorização: onehot, Seleção de Feature: rbf_sampler, Scaler: robust, Fold: 1 - Exception: Negative values in data passed to MultinomialNB (input X)",,No using One Hot,0.0012412071228027344,9.608268737792969e-05
algerian_forest_fires_46279,,onehot,rbf_sampler,robust,MultinomialNB(),2,,"Erro na combinação 743 - Imputer: None, Categorização: onehot, Seleção de Feature: rbf_sampler, Scaler: robust, Fold: 2 - Exception: Negative values in data passed to MultinomialNB (input X)",,No using One Hot,0.0012412071228027344,9.608268737792969e-05
algerian_forest_fires_46279,,onehot,rbf_sampler,robust,MultinomialNB(),3,,"Erro na combinação 744 - Imputer: None, Categorização: onehot, Seleção de Feature: rbf_sampler, Scaler: robust, Fold: 3 - Exception: Negative values in data passed to MultinomialNB (input X)",,No using One Hot,0.0012412071228027344,9.608268737792969e-05
algerian_forest_fires_46279,,onehot,rbf_sampler,robust,MultinomialNB(),4,,"Erro na combinação 745 - Imputer: None, Categorização: onehot, Seleção de Feature: rbf_sampler, Scaler: robust, Fold: 4 - Exception: Negative values in data passed to MultinomialNB (input X)",,No using One Hot,0.0012412071228027344,9.608268737792969e-05
algerian_forest_fires_46279,,onehot,random_trees_embedding,robust,MultinomialNB(),0,0.8979591836734694,,,No using One Hot,0.0014264583587646484,0.0001354217529296875
algerian_forest_fires_46279,,onehot,random_trees_embedding,robust,MultinomialNB(),1,0.9387755102040817,,,No using One Hot,0.0015215873718261719,0.00013375282287597656
algerian_forest_fires_46279,,onehot,random_trees_embedding,robust,MultinomialNB(),2,0.9183673469387755,,,No using One Hot,0.0014252662658691406,0.0001571178436279297
algerian_forest_fires_46279,,onehot,random_trees_embedding,robust,MultinomialNB(),3,0.9583333333333334,,,No using One Hot,0.0014176368713378906,0.00015544891357421875
algerian_forest_fires_46279,,onehot,random_trees_embedding,robust,MultinomialNB(),4,0.9791666666666666,,,No using One Hot,0.0014295578002929688,0.00013446807861328125
algerian_forest_fires_46279,,onehot,feature_agglomeration,robust,MultinomialNB(),0,,"Erro na combinação 751 - Imputer: None, Categorização: onehot, Seleção de Feature: feature_agglomeration, Scaler: robust, Fold: 0 - Exception: Negative values in data passed to MultinomialNB (input X)",,No using One Hot,0.0014295578002929688,0.00013446807861328125
algerian_forest_fires_46279,,onehot,feature_agglomeration,robust,MultinomialNB(),1,,"Erro na combinação 752 - Imputer: None, Categorização: onehot, Seleção de Feature: feature_agglomeration, Scaler: robust, Fold: 1 - Exception: Negative values in data passed to MultinomialNB (input X)",,No using One Hot,0.0014295578002929688,0.00013446807861328125
algerian_forest_fires_46279,,onehot,feature_agglomeration,robust,MultinomialNB(),2,,"Erro na combinação 753 - Imputer: None, Categorização: onehot, Seleção de Feature: feature_agglomeration, Scaler: robust, Fold: 2 - Exception: Negative values in data passed to MultinomialNB (input X)",,No using One Hot,0.0014295578002929688,0.00013446807861328125
algerian_forest_fires_46279,,onehot,feature_agglomeration,robust,MultinomialNB(),3,,"Erro na combinação 754 - Imputer: None, Categorização: onehot, Seleção de Feature: feature_agglomeration, Scaler: robust, Fold: 3 - Exception: Negative values in data passed to MultinomialNB (input X)",,No using One Hot,0.0014295578002929688,0.00013446807861328125
algerian_forest_fires_46279,,onehot,feature_agglomeration,robust,MultinomialNB(),4,,"Erro na combinação 755 - Imputer: None, Categorização: onehot, Seleção de Feature: feature_agglomeration, Scaler: robust, Fold: 4 - Exception: Negative values in data passed to MultinomialNB (input X)",,No using One Hot,0.0014295578002929688,0.00013446807861328125
algerian_forest_fires_46279,,onehot,extra_tree,robust,MultinomialNB(),0,,"Erro na combinação 756 - Imputer: None, Categorização: onehot, Seleção de Feature: extra_tree, Scaler: robust, Fold: 0 - Exception: Negative values in data passed to MultinomialNB (input X)",,No using One Hot,0.0014295578002929688,0.00013446807861328125
algerian_forest_fires_46279,,onehot,extra_tree,robust,MultinomialNB(),1,,"Erro na combinação 757 - Imputer: None, Categorização: onehot, Seleção de Feature: extra_tree, Scaler: robust, Fold: 1 - Exception: Negative values in data passed to MultinomialNB (input X)",,No using One Hot,0.0014295578002929688,0.00013446807861328125
algerian_forest_fires_46279,,onehot,extra_tree,robust,MultinomialNB(),2,,"Erro na combinação 758 - Imputer: None, Categorização: onehot, Seleção de Feature: extra_tree, Scaler: robust, Fold: 2 - Exception: Negative values in data passed to MultinomialNB (input X)",,No using One Hot,0.0014295578002929688,0.00013446807861328125
algerian_forest_fires_46279,,onehot,extra_tree,robust,MultinomialNB(),3,,"Erro na combinação 759 - Imputer: None, Categorização: onehot, Seleção de Feature: extra_tree, Scaler: robust, Fold: 3 - Exception: Negative values in data passed to MultinomialNB (input X)",,No using One Hot,0.0014295578002929688,0.00013446807861328125
algerian_forest_fires_46279,,onehot,extra_tree,robust,MultinomialNB(),4,,"Erro na combinação 760 - Imputer: None, Categorização: onehot, Seleção de Feature: extra_tree, Scaler: robust, Fold: 4 - Exception: Negative values in data passed to MultinomialNB (input X)",,No using One Hot,0.0014295578002929688,0.00013446807861328125
algerian_forest_fires_46279,,onehot,linear_svc,robust,MultinomialNB(),0,,"Erro na combinação 761 - Imputer: None, Categorização: onehot, Seleção de Feature: linear_svc, Scaler: robust, Fold: 0 - Exception: Negative values in data passed to MultinomialNB (input X)",,No using One Hot,0.0014295578002929688,0.00013446807861328125
algerian_forest_fires_46279,,onehot,linear_svc,robust,MultinomialNB(),1,,"Erro na combinação 762 - Imputer: None, Categorização: onehot, Seleção de Feature: linear_svc, Scaler: robust, Fold: 1 - Exception: Negative values in data passed to MultinomialNB (input X)",,No using One Hot,0.0014295578002929688,0.00013446807861328125
algerian_forest_fires_46279,,onehot,linear_svc,robust,MultinomialNB(),2,,"Erro na combinação 763 - Imputer: None, Categorização: onehot, Seleção de Feature: linear_svc, Scaler: robust, Fold: 2 - Exception: Negative values in data passed to MultinomialNB (input X)",,No using One Hot,0.0014295578002929688,0.00013446807861328125
algerian_forest_fires_46279,,onehot,linear_svc,robust,MultinomialNB(),3,,"Erro na combinação 764 - Imputer: None, Categorização: onehot, Seleção de Feature: linear_svc, Scaler: robust, Fold: 3 - Exception: Negative values in data passed to MultinomialNB (input X)",,No using One Hot,0.0014295578002929688,0.00013446807861328125
algerian_forest_fires_46279,,onehot,linear_svc,robust,MultinomialNB(),4,,"Erro na combinação 765 - Imputer: None, Categorização: onehot, Seleção de Feature: linear_svc, Scaler: robust, Fold: 4 - Exception: Negative values in data passed to MultinomialNB (input X)",,No using One Hot,0.0014295578002929688,0.00013446807861328125
algerian_forest_fires_46279,,onehot,kernel_pca,robust,MultinomialNB(),0,,"Erro na combinação 766 - Imputer: None, Categorização: onehot, Seleção de Feature: kernel_pca, Scaler: robust, Fold: 0 - Exception: Negative values in data passed to MultinomialNB (input X)",,No using One Hot,0.0014295578002929688,0.00013446807861328125
algerian_forest_fires_46279,,onehot,kernel_pca,robust,MultinomialNB(),1,,"Erro na combinação 767 - Imputer: None, Categorização: onehot, Seleção de Feature: kernel_pca, Scaler: robust, Fold: 1 - Exception: Negative values in data passed to MultinomialNB (input X)",,No using One Hot,0.0014295578002929688,0.00013446807861328125
algerian_forest_fires_46279,,onehot,kernel_pca,robust,MultinomialNB(),2,,"Erro na combinação 768 - Imputer: None, Categorização: onehot, Seleção de Feature: kernel_pca, Scaler: robust, Fold: 2 - Exception: Negative values in data passed to MultinomialNB (input X)",,No using One Hot,0.0014295578002929688,0.00013446807861328125
algerian_forest_fires_46279,,onehot,kernel_pca,robust,MultinomialNB(),3,,"Erro na combinação 769 - Imputer: None, Categorização: onehot, Seleção de Feature: kernel_pca, Scaler: robust, Fold: 3 - Exception: Negative values in data passed to MultinomialNB (input X)",,No using One Hot,0.0014295578002929688,0.00013446807861328125
algerian_forest_fires_46279,,onehot,kernel_pca,robust,MultinomialNB(),4,,"Erro na combinação 770 - Imputer: None, Categorização: onehot, Seleção de Feature: kernel_pca, Scaler: robust, Fold: 4 - Exception: Negative values in data passed to MultinomialNB (input X)",,No using One Hot,0.0014295578002929688,0.00013446807861328125
algerian_forest_fires_46279,,onehot,,normalizer,MultinomialNB(),0,0.5510204081632653,,,No using One Hot,0.0014576911926269531,0.00011563301086425781
algerian_forest_fires_46279,,onehot,,normalizer,MultinomialNB(),1,0.5510204081632653,,,No using One Hot,0.0015368461608886719,0.00011539459228515625
algerian_forest_fires_46279,,onehot,,normalizer,MultinomialNB(),2,0.5714285714285714,,,No using One Hot,0.0014755725860595703,0.00011491775512695312
algerian_forest_fires_46279,,onehot,,normalizer,MultinomialNB(),3,0.6041666666666666,,,No using One Hot,0.001474618911743164,0.00014281272888183594
algerian_forest_fires_46279,,onehot,,normalizer,MultinomialNB(),4,0.5416666666666666,,,No using One Hot,0.001279592514038086,0.0001595020294189453
algerian_forest_fires_46279,,onehot,pca,normalizer,MultinomialNB(),0,,"Erro na combinação 776 - Imputer: None, Categorização: onehot, Seleção de Feature: pca, Scaler: normalizer, Fold: 0 - Exception: Negative values in data passed to MultinomialNB (input X)",,No using One Hot,0.001279592514038086,0.0001595020294189453
algerian_forest_fires_46279,,onehot,pca,normalizer,MultinomialNB(),1,,"Erro na combinação 777 - Imputer: None, Categorização: onehot, Seleção de Feature: pca, Scaler: normalizer, Fold: 1 - Exception: Negative values in data passed to MultinomialNB (input X)",,No using One Hot,0.001279592514038086,0.0001595020294189453
algerian_forest_fires_46279,,onehot,pca,normalizer,MultinomialNB(),2,,"Erro na combinação 778 - Imputer: None, Categorização: onehot, Seleção de Feature: pca, Scaler: normalizer, Fold: 2 - Exception: Negative values in data passed to MultinomialNB (input X)",,No using One Hot,0.001279592514038086,0.0001595020294189453
algerian_forest_fires_46279,,onehot,pca,normalizer,MultinomialNB(),3,,"Erro na combinação 779 - Imputer: None, Categorização: onehot, Seleção de Feature: pca, Scaler: normalizer, Fold: 3 - Exception: Negative values in data passed to MultinomialNB (input X)",,No using One Hot,0.001279592514038086,0.0001595020294189453
algerian_forest_fires_46279,,onehot,pca,normalizer,MultinomialNB(),4,,"Erro na combinação 780 - Imputer: None, Categorização: onehot, Seleção de Feature: pca, Scaler: normalizer, Fold: 4 - Exception: Negative values in data passed to MultinomialNB (input X)",,No using One Hot,0.001279592514038086,0.0001595020294189453
algerian_forest_fires_46279,,onehot,fastica,normalizer,MultinomialNB(),0,,"Erro na combinação 781 - Imputer: None, Categorização: onehot, Seleção de Feature: fastica, Scaler: normalizer, Fold: 0 - Exception: Negative values in data passed to MultinomialNB (input X)",,No using One Hot,0.001279592514038086,0.0001595020294189453
algerian_forest_fires_46279,,onehot,fastica,normalizer,MultinomialNB(),1,,"Erro na combinação 782 - Imputer: None, Categorização: onehot, Seleção de Feature: fastica, Scaler: normalizer, Fold: 1 - Exception: Negative values in data passed to MultinomialNB (input X)",,No using One Hot,0.001279592514038086,0.0001595020294189453
algerian_forest_fires_46279,,onehot,fastica,normalizer,MultinomialNB(),2,,"Erro na combinação 783 - Imputer: None, Categorização: onehot, Seleção de Feature: fastica, Scaler: normalizer, Fold: 2 - Exception: Negative values in data passed to MultinomialNB (input X)",,No using One Hot,0.001279592514038086,0.0001595020294189453
algerian_forest_fires_46279,,onehot,fastica,normalizer,MultinomialNB(),3,,"Erro na combinação 784 - Imputer: None, Categorização: onehot, Seleção de Feature: fastica, Scaler: normalizer, Fold: 3 - Exception: Negative values in data passed to MultinomialNB (input X)",,No using One Hot,0.001279592514038086,0.0001595020294189453
algerian_forest_fires_46279,,onehot,fastica,normalizer,MultinomialNB(),4,,"Erro na combinação 785 - Imputer: None, Categorização: onehot, Seleção de Feature: fastica, Scaler: normalizer, Fold: 4 - Exception: Negative values in data passed to MultinomialNB (input X)",,No using One Hot,0.001279592514038086,0.0001595020294189453
algerian_forest_fires_46279,,onehot,truncated_svd,normalizer,MultinomialNB(),0,,"Erro na combinação 786 - Imputer: None, Categorização: onehot, Seleção de Feature: truncated_svd, Scaler: normalizer, Fold: 0 - Exception: Negative values in data passed to MultinomialNB (input X)",,No using One Hot,0.001279592514038086,0.0001595020294189453
algerian_forest_fires_46279,,onehot,truncated_svd,normalizer,MultinomialNB(),1,,"Erro na combinação 787 - Imputer: None, Categorização: onehot, Seleção de Feature: truncated_svd, Scaler: normalizer, Fold: 1 - Exception: Negative values in data passed to MultinomialNB (input X)",,No using One Hot,0.001279592514038086,0.0001595020294189453
algerian_forest_fires_46279,,onehot,truncated_svd,normalizer,MultinomialNB(),2,,"Erro na combinação 788 - Imputer: None, Categorização: onehot, Seleção de Feature: truncated_svd, Scaler: normalizer, Fold: 2 - Exception: Negative values in data passed to MultinomialNB (input X)",,No using One Hot,0.001279592514038086,0.0001595020294189453
algerian_forest_fires_46279,,onehot,truncated_svd,normalizer,MultinomialNB(),3,,"Erro na combinação 789 - Imputer: None, Categorização: onehot, Seleção de Feature: truncated_svd, Scaler: normalizer, Fold: 3 - Exception: Negative values in data passed to MultinomialNB (input X)",,No using One Hot,0.001279592514038086,0.0001595020294189453
algerian_forest_fires_46279,,onehot,truncated_svd,normalizer,MultinomialNB(),4,,"Erro na combinação 790 - Imputer: None, Categorização: onehot, Seleção de Feature: truncated_svd, Scaler: normalizer, Fold: 4 - Exception: Negative values in data passed to MultinomialNB (input X)",,No using One Hot,0.001279592514038086,0.0001595020294189453
algerian_forest_fires_46279,,onehot,select_percentile,normalizer,MultinomialNB(),0,0.5510204081632653,,,No using One Hot,0.001184225082397461,0.00012183189392089844
algerian_forest_fires_46279,,onehot,select_percentile,normalizer,MultinomialNB(),1,0.5510204081632653,,,No using One Hot,0.0011968612670898438,9.369850158691406e-05
algerian_forest_fires_46279,,onehot,select_percentile,normalizer,MultinomialNB(),2,0.5714285714285714,,,No using One Hot,0.0012078285217285156,9.632110595703125e-05
algerian_forest_fires_46279,,onehot,select_percentile,normalizer,MultinomialNB(),3,0.6041666666666666,,,No using One Hot,0.0012240409851074219,9.584426879882812e-05
algerian_forest_fires_46279,,onehot,select_percentile,normalizer,MultinomialNB(),4,0.5416666666666666,,,No using One Hot,0.001178741455078125,9.512901306152344e-05
algerian_forest_fires_46279,,onehot,generic_univariate,normalizer,MultinomialNB(),0,0.5510204081632653,,,No using One Hot,0.0011687278747558594,9.274482727050781e-05
algerian_forest_fires_46279,,onehot,generic_univariate,normalizer,MultinomialNB(),1,0.5510204081632653,,,No using One Hot,0.0011928081512451172,9.179115295410156e-05
algerian_forest_fires_46279,,onehot,generic_univariate,normalizer,MultinomialNB(),2,0.5714285714285714,,,No using One Hot,0.0012981891632080078,9.441375732421875e-05
algerian_forest_fires_46279,,onehot,generic_univariate,normalizer,MultinomialNB(),3,0.6041666666666666,,,No using One Hot,0.0012772083282470703,0.00011229515075683594
algerian_forest_fires_46279,,onehot,generic_univariate,normalizer,MultinomialNB(),4,0.5416666666666666,,,No using One Hot,0.0013349056243896484,9.608268737792969e-05
algerian_forest_fires_46279,,onehot,polynomial_features,normalizer,MultinomialNB(),0,0.5510204081632653,,,No using One Hot,0.001218557357788086,0.00013756752014160156
algerian_forest_fires_46279,,onehot,polynomial_features,normalizer,MultinomialNB(),1,0.5510204081632653,,,No using One Hot,0.0012209415435791016,0.00010442733764648438
algerian_forest_fires_46279,,onehot,polynomial_features,normalizer,MultinomialNB(),2,0.5714285714285714,,,No using One Hot,0.0012753009796142578,0.00010466575622558594
algerian_forest_fires_46279,,onehot,polynomial_features,normalizer,MultinomialNB(),3,0.6041666666666666,,,No using One Hot,0.0013692378997802734,0.00010442733764648438
algerian_forest_fires_46279,,onehot,polynomial_features,normalizer,MultinomialNB(),4,0.5416666666666666,,,No using One Hot,0.0012106895446777344,0.00010323524475097656
algerian_forest_fires_46279,,onehot,nystroem,normalizer,MultinomialNB(),0,0.5510204081632653,,,No using One Hot,0.004008054733276367,0.0001285076141357422
algerian_forest_fires_46279,,onehot,nystroem,normalizer,MultinomialNB(),1,0.5510204081632653,,,No using One Hot,0.0015645027160644531,0.00012969970703125
algerian_forest_fires_46279,,onehot,nystroem,normalizer,MultinomialNB(),2,0.5714285714285714,,,No using One Hot,0.00162506103515625,0.00012493133544921875
algerian_forest_fires_46279,,onehot,nystroem,normalizer,MultinomialNB(),3,0.6041666666666666,,,No using One Hot,0.0015721321105957031,0.0001239776611328125
algerian_forest_fires_46279,,onehot,nystroem,normalizer,MultinomialNB(),4,0.5416666666666666,,,No using One Hot,0.0015492439270019531,0.0001220703125
algerian_forest_fires_46279,,onehot,rbf_sampler,normalizer,MultinomialNB(),0,,"Erro na combinação 811 - Imputer: None, Categorização: onehot, Seleção de Feature: rbf_sampler, Scaler: normalizer, Fold: 0 - Exception: Negative values in data passed to MultinomialNB (input X)",,No using One Hot,0.0015492439270019531,0.0001220703125
algerian_forest_fires_46279,,onehot,rbf_sampler,normalizer,MultinomialNB(),1,,"Erro na combinação 812 - Imputer: None, Categorização: onehot, Seleção de Feature: rbf_sampler, Scaler: normalizer, Fold: 1 - Exception: Negative values in data passed to MultinomialNB (input X)",,No using One Hot,0.0015492439270019531,0.0001220703125
algerian_forest_fires_46279,,onehot,rbf_sampler,normalizer,MultinomialNB(),2,,"Erro na combinação 813 - Imputer: None, Categorização: onehot, Seleção de Feature: rbf_sampler, Scaler: normalizer, Fold: 2 - Exception: Negative values in data passed to MultinomialNB (input X)",,No using One Hot,0.0015492439270019531,0.0001220703125
algerian_forest_fires_46279,,onehot,rbf_sampler,normalizer,MultinomialNB(),3,,"Erro na combinação 814 - Imputer: None, Categorização: onehot, Seleção de Feature: rbf_sampler, Scaler: normalizer, Fold: 3 - Exception: Negative values in data passed to MultinomialNB (input X)",,No using One Hot,0.0015492439270019531,0.0001220703125
algerian_forest_fires_46279,,onehot,rbf_sampler,normalizer,MultinomialNB(),4,,"Erro na combinação 815 - Imputer: None, Categorização: onehot, Seleção de Feature: rbf_sampler, Scaler: normalizer, Fold: 4 - Exception: Negative values in data passed to MultinomialNB (input X)",,No using One Hot,0.0015492439270019531,0.0001220703125
algerian_forest_fires_46279,,onehot,random_trees_embedding,normalizer,MultinomialNB(),0,0.8979591836734694,,,No using One Hot,0.0013968944549560547,0.0001347064971923828
algerian_forest_fires_46279,,onehot,random_trees_embedding,normalizer,MultinomialNB(),1,0.9183673469387755,,,No using One Hot,0.0014643669128417969,0.0001354217529296875
algerian_forest_fires_46279,,onehot,random_trees_embedding,normalizer,MultinomialNB(),2,0.9387755102040817,,,No using One Hot,0.0014576911926269531,0.0001614093780517578
algerian_forest_fires_46279,,onehot,random_trees_embedding,normalizer,MultinomialNB(),3,0.9375,,,No using One Hot,0.0014600753784179688,0.00013518333435058594
algerian_forest_fires_46279,,onehot,random_trees_embedding,normalizer,MultinomialNB(),4,0.9583333333333334,,,No using One Hot,0.0014414787292480469,0.000133514404296875
algerian_forest_fires_46279,,onehot,feature_agglomeration,normalizer,MultinomialNB(),0,0.5510204081632653,,,No using One Hot,0.0012235641479492188,9.584426879882812e-05
algerian_forest_fires_46279,,onehot,feature_agglomeration,normalizer,MultinomialNB(),1,0.5510204081632653,,,No using One Hot,0.0013020038604736328,0.00014972686767578125
algerian_forest_fires_46279,,onehot,feature_agglomeration,normalizer,MultinomialNB(),2,0.5714285714285714,,,No using One Hot,0.001340627670288086,9.679794311523438e-05
algerian_forest_fires_46279,,onehot,feature_agglomeration,normalizer,MultinomialNB(),3,0.6041666666666666,,,No using One Hot,0.0012924671173095703,0.00011658668518066406
algerian_forest_fires_46279,,onehot,feature_agglomeration,normalizer,MultinomialNB(),4,0.5416666666666666,,,No using One Hot,0.0012469291687011719,0.00011920928955078125
algerian_forest_fires_46279,,onehot,extra_tree,normalizer,MultinomialNB(),0,0.5510204081632653,,,No using One Hot,0.0012843608856201172,0.00010013580322265625
algerian_forest_fires_46279,,onehot,extra_tree,normalizer,MultinomialNB(),1,0.5510204081632653,,,No using One Hot,0.0013275146484375,9.870529174804688e-05
algerian_forest_fires_46279,,onehot,extra_tree,normalizer,MultinomialNB(),2,0.5714285714285714,,,No using One Hot,0.0013363361358642578,9.703636169433594e-05
algerian_forest_fires_46279,,onehot,extra_tree,normalizer,MultinomialNB(),3,0.6041666666666666,,,No using One Hot,0.0013055801391601562,9.775161743164062e-05
algerian_forest_fires_46279,,onehot,extra_tree,normalizer,MultinomialNB(),4,0.5416666666666666,,,No using One Hot,0.0013170242309570312,9.72747802734375e-05
algerian_forest_fires_46279,,onehot,linear_svc,normalizer,MultinomialNB(),0,0.5510204081632653,,,No using One Hot,0.0013544559478759766,0.00013875961303710938
algerian_forest_fires_46279,,onehot,linear_svc,normalizer,MultinomialNB(),1,0.5510204081632653,,,No using One Hot,0.0013165473937988281,0.00010013580322265625
algerian_forest_fires_46279,,onehot,linear_svc,normalizer,MultinomialNB(),2,0.5714285714285714,,,No using One Hot,0.0012843608856201172,9.942054748535156e-05
algerian_forest_fires_46279,,onehot,linear_svc,normalizer,MultinomialNB(),3,0.6041666666666666,,,No using One Hot,0.0014197826385498047,0.00010466575622558594
algerian_forest_fires_46279,,onehot,linear_svc,normalizer,MultinomialNB(),4,0.5416666666666666,,,No using One Hot,0.0013763904571533203,0.00010514259338378906
algerian_forest_fires_46279,,onehot,kernel_pca,normalizer,MultinomialNB(),0,,"Erro na combinação 836 - Imputer: None, Categorização: onehot, Seleção de Feature: kernel_pca, Scaler: normalizer, Fold: 0 - Exception: Negative values in data passed to MultinomialNB (input X)",,No using One Hot,0.0013763904571533203,0.00010514259338378906
algerian_forest_fires_46279,,onehot,kernel_pca,normalizer,MultinomialNB(),1,,"Erro na combinação 837 - Imputer: None, Categorização: onehot, Seleção de Feature: kernel_pca, Scaler: normalizer, Fold: 1 - Exception: Negative values in data passed to MultinomialNB (input X)",,No using One Hot,0.0013763904571533203,0.00010514259338378906
algerian_forest_fires_46279,,onehot,kernel_pca,normalizer,MultinomialNB(),2,,"Erro na combinação 838 - Imputer: None, Categorização: onehot, Seleção de Feature: kernel_pca, Scaler: normalizer, Fold: 2 - Exception: Negative values in data passed to MultinomialNB (input X)",,No using One Hot,0.0013763904571533203,0.00010514259338378906
algerian_forest_fires_46279,,onehot,kernel_pca,normalizer,MultinomialNB(),3,,"Erro na combinação 839 - Imputer: None, Categorização: onehot, Seleção de Feature: kernel_pca, Scaler: normalizer, Fold: 3 - Exception: Negative values in data passed to MultinomialNB (input X)",,No using One Hot,0.0013763904571533203,0.00010514259338378906
algerian_forest_fires_46279,,onehot,kernel_pca,normalizer,MultinomialNB(),4,,"Erro na combinação 840 - Imputer: None, Categorização: onehot, Seleção de Feature: kernel_pca, Scaler: normalizer, Fold: 4 - Exception: Negative values in data passed to MultinomialNB (input X)",,No using One Hot,0.0013763904571533203,0.00010514259338378906
algerian_forest_fires_46279,,onehot,,power,MultinomialNB(),0,,"Erro na combinação 841 - Imputer: None, Categorização: onehot, Seleção de Feature: None, Scaler: power, Fold: 0 - Exception: Negative values in data passed to MultinomialNB (input X)",,No using One Hot,0.0013763904571533203,0.00010514259338378906
algerian_forest_fires_46279,,onehot,,power,MultinomialNB(),1,,"Erro na combinação 842 - Imputer: None, Categorização: onehot, Seleção de Feature: None, Scaler: power, Fold: 1 - Exception: Negative values in data passed to MultinomialNB (input X)",,No using One Hot,0.0013763904571533203,0.00010514259338378906
algerian_forest_fires_46279,,onehot,,power,MultinomialNB(),2,,"Erro na combinação 843 - Imputer: None, Categorização: onehot, Seleção de Feature: None, Scaler: power, Fold: 2 - Exception: Negative values in data passed to MultinomialNB (input X)",,No using One Hot,0.0013763904571533203,0.00010514259338378906
algerian_forest_fires_46279,,onehot,,power,MultinomialNB(),3,,"Erro na combinação 844 - Imputer: None, Categorização: onehot, Seleção de Feature: None, Scaler: power, Fold: 3 - Exception: Negative values in data passed to MultinomialNB (input X)",,No using One Hot,0.0013763904571533203,0.00010514259338378906
algerian_forest_fires_46279,,onehot,,power,MultinomialNB(),4,,"Erro na combinação 845 - Imputer: None, Categorização: onehot, Seleção de Feature: None, Scaler: power, Fold: 4 - Exception: Negative values in data passed to MultinomialNB (input X)",,No using One Hot,0.0013763904571533203,0.00010514259338378906
algerian_forest_fires_46279,,onehot,pca,power,MultinomialNB(),0,,"Erro na combinação 846 - Imputer: None, Categorização: onehot, Seleção de Feature: pca, Scaler: power, Fold: 0 - Exception: Negative values in data passed to MultinomialNB (input X)",,No using One Hot,0.0013763904571533203,0.00010514259338378906
algerian_forest_fires_46279,,onehot,pca,power,MultinomialNB(),1,,"Erro na combinação 847 - Imputer: None, Categorização: onehot, Seleção de Feature: pca, Scaler: power, Fold: 1 - Exception: Negative values in data passed to MultinomialNB (input X)",,No using One Hot,0.0013763904571533203,0.00010514259338378906
algerian_forest_fires_46279,,onehot,pca,power,MultinomialNB(),2,,"Erro na combinação 848 - Imputer: None, Categorização: onehot, Seleção de Feature: pca, Scaler: power, Fold: 2 - Exception: Negative values in data passed to MultinomialNB (input X)",,No using One Hot,0.0013763904571533203,0.00010514259338378906
algerian_forest_fires_46279,,onehot,pca,power,MultinomialNB(),3,,"Erro na combinação 849 - Imputer: None, Categorização: onehot, Seleção de Feature: pca, Scaler: power, Fold: 3 - Exception: Negative values in data passed to MultinomialNB (input X)",,No using One Hot,0.0013763904571533203,0.00010514259338378906
algerian_forest_fires_46279,,onehot,pca,power,MultinomialNB(),4,,"Erro na combinação 850 - Imputer: None, Categorização: onehot, Seleção de Feature: pca, Scaler: power, Fold: 4 - Exception: Negative values in data passed to MultinomialNB (input X)",,No using One Hot,0.0013763904571533203,0.00010514259338378906
algerian_forest_fires_46279,,onehot,fastica,power,MultinomialNB(),0,,"Erro na combinação 851 - Imputer: None, Categorização: onehot, Seleção de Feature: fastica, Scaler: power, Fold: 0 - Exception: Negative values in data passed to MultinomialNB (input X)",,No using One Hot,0.0013763904571533203,0.00010514259338378906
algerian_forest_fires_46279,,onehot,fastica,power,MultinomialNB(),1,,"Erro na combinação 852 - Imputer: None, Categorização: onehot, Seleção de Feature: fastica, Scaler: power, Fold: 1 - Exception: Negative values in data passed to MultinomialNB (input X)",,No using One Hot,0.0013763904571533203,0.00010514259338378906
algerian_forest_fires_46279,,onehot,fastica,power,MultinomialNB(),2,,"Erro na combinação 853 - Imputer: None, Categorização: onehot, Seleção de Feature: fastica, Scaler: power, Fold: 2 - Exception: Negative values in data passed to MultinomialNB (input X)",,No using One Hot,0.0013763904571533203,0.00010514259338378906
algerian_forest_fires_46279,,onehot,fastica,power,MultinomialNB(),3,,"Erro na combinação 854 - Imputer: None, Categorização: onehot, Seleção de Feature: fastica, Scaler: power, Fold: 3 - Exception: Negative values in data passed to MultinomialNB (input X)",,No using One Hot,0.0013763904571533203,0.00010514259338378906
algerian_forest_fires_46279,,onehot,fastica,power,MultinomialNB(),4,,"Erro na combinação 855 - Imputer: None, Categorização: onehot, Seleção de Feature: fastica, Scaler: power, Fold: 4 - Exception: Negative values in data passed to MultinomialNB (input X)",,No using One Hot,0.0013763904571533203,0.00010514259338378906
algerian_forest_fires_46279,,onehot,truncated_svd,power,MultinomialNB(),0,,"Erro na combinação 856 - Imputer: None, Categorização: onehot, Seleção de Feature: truncated_svd, Scaler: power, Fold: 0 - Exception: Negative values in data passed to MultinomialNB (input X)",,No using One Hot,0.0013763904571533203,0.00010514259338378906
algerian_forest_fires_46279,,onehot,truncated_svd,power,MultinomialNB(),1,,"Erro na combinação 857 - Imputer: None, Categorização: onehot, Seleção de Feature: truncated_svd, Scaler: power, Fold: 1 - Exception: Negative values in data passed to MultinomialNB (input X)",,No using One Hot,0.0013763904571533203,0.00010514259338378906
algerian_forest_fires_46279,,onehot,truncated_svd,power,MultinomialNB(),2,,"Erro na combinação 858 - Imputer: None, Categorização: onehot, Seleção de Feature: truncated_svd, Scaler: power, Fold: 2 - Exception: Negative values in data passed to MultinomialNB (input X)",,No using One Hot,0.0013763904571533203,0.00010514259338378906
algerian_forest_fires_46279,,onehot,truncated_svd,power,MultinomialNB(),3,,"Erro na combinação 859 - Imputer: None, Categorização: onehot, Seleção de Feature: truncated_svd, Scaler: power, Fold: 3 - Exception: Negative values in data passed to MultinomialNB (input X)",,No using One Hot,0.0013763904571533203,0.00010514259338378906
algerian_forest_fires_46279,,onehot,truncated_svd,power,MultinomialNB(),4,,"Erro na combinação 860 - Imputer: None, Categorização: onehot, Seleção de Feature: truncated_svd, Scaler: power, Fold: 4 - Exception: Negative values in data passed to MultinomialNB (input X)",,No using One Hot,0.0013763904571533203,0.00010514259338378906
algerian_forest_fires_46279,,onehot,select_percentile,power,MultinomialNB(),0,,"Erro na combinação 861 - Imputer: None, Categorização: onehot, Seleção de Feature: select_percentile, Scaler: power, Fold: 0 - Exception: Negative values in data passed to MultinomialNB (input X)",,No using One Hot,0.0013763904571533203,0.00010514259338378906
algerian_forest_fires_46279,,onehot,select_percentile,power,MultinomialNB(),1,,"Erro na combinação 862 - Imputer: None, Categorização: onehot, Seleção de Feature: select_percentile, Scaler: power, Fold: 1 - Exception: Negative values in data passed to MultinomialNB (input X)",,No using One Hot,0.0013763904571533203,0.00010514259338378906
algerian_forest_fires_46279,,onehot,select_percentile,power,MultinomialNB(),2,,"Erro na combinação 863 - Imputer: None, Categorização: onehot, Seleção de Feature: select_percentile, Scaler: power, Fold: 2 - Exception: Negative values in data passed to MultinomialNB (input X)",,No using One Hot,0.0013763904571533203,0.00010514259338378906
algerian_forest_fires_46279,,onehot,select_percentile,power,MultinomialNB(),3,,"Erro na combinação 864 - Imputer: None, Categorização: onehot, Seleção de Feature: select_percentile, Scaler: power, Fold: 3 - Exception: Negative values in data passed to MultinomialNB (input X)",,No using One Hot,0.0013763904571533203,0.00010514259338378906
algerian_forest_fires_46279,,onehot,select_percentile,power,MultinomialNB(),4,,"Erro na combinação 865 - Imputer: None, Categorização: onehot, Seleção de Feature: select_percentile, Scaler: power, Fold: 4 - Exception: Negative values in data passed to MultinomialNB (input X)",,No using One Hot,0.0013763904571533203,0.00010514259338378906
algerian_forest_fires_46279,,onehot,generic_univariate,power,MultinomialNB(),0,,"Erro na combinação 866 - Imputer: None, Categorização: onehot, Seleção de Feature: generic_univariate, Scaler: power, Fold: 0 - Exception: Negative values in data passed to MultinomialNB (input X)",,No using One Hot,0.0013763904571533203,0.00010514259338378906
algerian_forest_fires_46279,,onehot,generic_univariate,power,MultinomialNB(),1,,"Erro na combinação 867 - Imputer: None, Categorização: onehot, Seleção de Feature: generic_univariate, Scaler: power, Fold: 1 - Exception: Negative values in data passed to MultinomialNB (input X)",,No using One Hot,0.0013763904571533203,0.00010514259338378906
algerian_forest_fires_46279,,onehot,generic_univariate,power,MultinomialNB(),2,,"Erro na combinação 868 - Imputer: None, Categorização: onehot, Seleção de Feature: generic_univariate, Scaler: power, Fold: 2 - Exception: Negative values in data passed to MultinomialNB (input X)",,No using One Hot,0.0013763904571533203,0.00010514259338378906
algerian_forest_fires_46279,,onehot,generic_univariate,power,MultinomialNB(),3,,"Erro na combinação 869 - Imputer: None, Categorização: onehot, Seleção de Feature: generic_univariate, Scaler: power, Fold: 3 - Exception: Negative values in data passed to MultinomialNB (input X)",,No using One Hot,0.0013763904571533203,0.00010514259338378906
algerian_forest_fires_46279,,onehot,generic_univariate,power,MultinomialNB(),4,,"Erro na combinação 870 - Imputer: None, Categorização: onehot, Seleção de Feature: generic_univariate, Scaler: power, Fold: 4 - Exception: Negative values in data passed to MultinomialNB (input X)",,No using One Hot,0.0013763904571533203,0.00010514259338378906
algerian_forest_fires_46279,,onehot,polynomial_features,power,MultinomialNB(),0,,"Erro na combinação 871 - Imputer: None, Categorização: onehot, Seleção de Feature: polynomial_features, Scaler: power, Fold: 0 - Exception: Negative values in data passed to MultinomialNB (input X)",,No using One Hot,0.0013763904571533203,0.00010514259338378906
algerian_forest_fires_46279,,onehot,polynomial_features,power,MultinomialNB(),1,,"Erro na combinação 872 - Imputer: None, Categorização: onehot, Seleção de Feature: polynomial_features, Scaler: power, Fold: 1 - Exception: Negative values in data passed to MultinomialNB (input X)",,No using One Hot,0.0013763904571533203,0.00010514259338378906
algerian_forest_fires_46279,,onehot,polynomial_features,power,MultinomialNB(),2,,"Erro na combinação 873 - Imputer: None, Categorização: onehot, Seleção de Feature: polynomial_features, Scaler: power, Fold: 2 - Exception: Negative values in data passed to MultinomialNB (input X)",,No using One Hot,0.0013763904571533203,0.00010514259338378906
algerian_forest_fires_46279,,onehot,polynomial_features,power,MultinomialNB(),3,,"Erro na combinação 874 - Imputer: None, Categorização: onehot, Seleção de Feature: polynomial_features, Scaler: power, Fold: 3 - Exception: Negative values in data passed to MultinomialNB (input X)",,No using One Hot,0.0013763904571533203,0.00010514259338378906
algerian_forest_fires_46279,,onehot,polynomial_features,power,MultinomialNB(),4,,"Erro na combinação 875 - Imputer: None, Categorização: onehot, Seleção de Feature: polynomial_features, Scaler: power, Fold: 4 - Exception: Negative values in data passed to MultinomialNB (input X)",,No using One Hot,0.0013763904571533203,0.00010514259338378906
algerian_forest_fires_46279,,onehot,nystroem,power,MultinomialNB(),0,,"Erro na combinação 876 - Imputer: None, Categorização: onehot, Seleção de Feature: nystroem, Scaler: power, Fold: 0 - Exception: Negative values in data passed to MultinomialNB (input X)",,No using One Hot,0.0013763904571533203,0.00010514259338378906
algerian_forest_fires_46279,,onehot,nystroem,power,MultinomialNB(),1,,"Erro na combinação 877 - Imputer: None, Categorização: onehot, Seleção de Feature: nystroem, Scaler: power, Fold: 1 - Exception: Negative values in data passed to MultinomialNB (input X)",,No using One Hot,0.0013763904571533203,0.00010514259338378906
algerian_forest_fires_46279,,onehot,nystroem,power,MultinomialNB(),2,,"Erro na combinação 878 - Imputer: None, Categorização: onehot, Seleção de Feature: nystroem, Scaler: power, Fold: 2 - Exception: Negative values in data passed to MultinomialNB (input X)",,No using One Hot,0.0013763904571533203,0.00010514259338378906
algerian_forest_fires_46279,,onehot,nystroem,power,MultinomialNB(),3,,"Erro na combinação 879 - Imputer: None, Categorização: onehot, Seleção de Feature: nystroem, Scaler: power, Fold: 3 - Exception: Negative values in data passed to MultinomialNB (input X)",,No using One Hot,0.0013763904571533203,0.00010514259338378906
algerian_forest_fires_46279,,onehot,nystroem,power,MultinomialNB(),4,,"Erro na combinação 880 - Imputer: None, Categorização: onehot, Seleção de Feature: nystroem, Scaler: power, Fold: 4 - Exception: Negative values in data passed to MultinomialNB (input X)",,No using One Hot,0.0013763904571533203,0.00010514259338378906
algerian_forest_fires_46279,,onehot,rbf_sampler,power,MultinomialNB(),0,,"Erro na combinação 881 - Imputer: None, Categorização: onehot, Seleção de Feature: rbf_sampler, Scaler: power, Fold: 0 - Exception: Negative values in data passed to MultinomialNB (input X)",,No using One Hot,0.0013763904571533203,0.00010514259338378906
algerian_forest_fires_46279,,onehot,rbf_sampler,power,MultinomialNB(),1,,"Erro na combinação 882 - Imputer: None, Categorização: onehot, Seleção de Feature: rbf_sampler, Scaler: power, Fold: 1 - Exception: Negative values in data passed to MultinomialNB (input X)",,No using One Hot,0.0013763904571533203,0.00010514259338378906
algerian_forest_fires_46279,,onehot,rbf_sampler,power,MultinomialNB(),2,,"Erro na combinação 883 - Imputer: None, Categorização: onehot, Seleção de Feature: rbf_sampler, Scaler: power, Fold: 2 - Exception: Negative values in data passed to MultinomialNB (input X)",,No using One Hot,0.0013763904571533203,0.00010514259338378906
algerian_forest_fires_46279,,onehot,rbf_sampler,power,MultinomialNB(),3,,"Erro na combinação 884 - Imputer: None, Categorização: onehot, Seleção de Feature: rbf_sampler, Scaler: power, Fold: 3 - Exception: Negative values in data passed to MultinomialNB (input X)",,No using One Hot,0.0013763904571533203,0.00010514259338378906
algerian_forest_fires_46279,,onehot,rbf_sampler,power,MultinomialNB(),4,,"Erro na combinação 885 - Imputer: None, Categorização: onehot, Seleção de Feature: rbf_sampler, Scaler: power, Fold: 4 - Exception: Negative values in data passed to MultinomialNB (input X)",,No using One Hot,0.0013763904571533203,0.00010514259338378906
algerian_forest_fires_46279,,onehot,random_trees_embedding,power,MultinomialNB(),0,0.9183673469387755,,,No using One Hot,0.0016925334930419922,0.00014829635620117188
algerian_forest_fires_46279,,onehot,random_trees_embedding,power,MultinomialNB(),1,0.9591836734693877,,,No using One Hot,0.001506805419921875,0.0001347064971923828
algerian_forest_fires_46279,,onehot,random_trees_embedding,power,MultinomialNB(),2,0.9591836734693877,,,No using One Hot,0.001455068588256836,0.00013637542724609375
algerian_forest_fires_46279,,onehot,random_trees_embedding,power,MultinomialNB(),3,0.9583333333333334,,,No using One Hot,0.0014159679412841797,0.0001366138458251953
algerian_forest_fires_46279,,onehot,random_trees_embedding,power,MultinomialNB(),4,0.9583333333333334,,,No using One Hot,0.0014235973358154297,0.00013637542724609375
algerian_forest_fires_46279,,onehot,feature_agglomeration,power,MultinomialNB(),0,,"Erro na combinação 891 - Imputer: None, Categorização: onehot, Seleção de Feature: feature_agglomeration, Scaler: power, Fold: 0 - Exception: Negative values in data passed to MultinomialNB (input X)",,No using One Hot,0.0014235973358154297,0.00013637542724609375
algerian_forest_fires_46279,,onehot,feature_agglomeration,power,MultinomialNB(),1,,"Erro na combinação 892 - Imputer: None, Categorização: onehot, Seleção de Feature: feature_agglomeration, Scaler: power, Fold: 1 - Exception: Negative values in data passed to MultinomialNB (input X)",,No using One Hot,0.0014235973358154297,0.00013637542724609375
algerian_forest_fires_46279,,onehot,feature_agglomeration,power,MultinomialNB(),2,,"Erro na combinação 893 - Imputer: None, Categorização: onehot, Seleção de Feature: feature_agglomeration, Scaler: power, Fold: 2 - Exception: Negative values in data passed to MultinomialNB (input X)",,No using One Hot,0.0014235973358154297,0.00013637542724609375
algerian_forest_fires_46279,,onehot,feature_agglomeration,power,MultinomialNB(),3,,"Erro na combinação 894 - Imputer: None, Categorização: onehot, Seleção de Feature: feature_agglomeration, Scaler: power, Fold: 3 - Exception: Negative values in data passed to MultinomialNB (input X)",,No using One Hot,0.0014235973358154297,0.00013637542724609375
algerian_forest_fires_46279,,onehot,feature_agglomeration,power,MultinomialNB(),4,,"Erro na combinação 895 - Imputer: None, Categorização: onehot, Seleção de Feature: feature_agglomeration, Scaler: power, Fold: 4 - Exception: Negative values in data passed to MultinomialNB (input X)",,No using One Hot,0.0014235973358154297,0.00013637542724609375
algerian_forest_fires_46279,,onehot,extra_tree,power,MultinomialNB(),0,,"Erro na combinação 896 - Imputer: None, Categorização: onehot, Seleção de Feature: extra_tree, Scaler: power, Fold: 0 - Exception: Negative values in data passed to MultinomialNB (input X)",,No using One Hot,0.0014235973358154297,0.00013637542724609375
algerian_forest_fires_46279,,onehot,extra_tree,power,MultinomialNB(),1,,"Erro na combinação 897 - Imputer: None, Categorização: onehot, Seleção de Feature: extra_tree, Scaler: power, Fold: 1 - Exception: Negative values in data passed to MultinomialNB (input X)",,No using One Hot,0.0014235973358154297,0.00013637542724609375
algerian_forest_fires_46279,,onehot,extra_tree,power,MultinomialNB(),2,,"Erro na combinação 898 - Imputer: None, Categorização: onehot, Seleção de Feature: extra_tree, Scaler: power, Fold: 2 - Exception: Negative values in data passed to MultinomialNB (input X)",,No using One Hot,0.0014235973358154297,0.00013637542724609375
algerian_forest_fires_46279,,onehot,extra_tree,power,MultinomialNB(),3,,"Erro na combinação 899 - Imputer: None, Categorização: onehot, Seleção de Feature: extra_tree, Scaler: power, Fold: 3 - Exception: Negative values in data passed to MultinomialNB (input X)",,No using One Hot,0.0014235973358154297,0.00013637542724609375
algerian_forest_fires_46279,,onehot,extra_tree,power,MultinomialNB(),4,,"Erro na combinação 900 - Imputer: None, Categorização: onehot, Seleção de Feature: extra_tree, Scaler: power, Fold: 4 - Exception: Negative values in data passed to MultinomialNB (input X)",,No using One Hot,0.0014235973358154297,0.00013637542724609375
algerian_forest_fires_46279,,onehot,linear_svc,power,MultinomialNB(),0,,"Erro na combinação 901 - Imputer: None, Categorização: onehot, Seleção de Feature: linear_svc, Scaler: power, Fold: 0 - Exception: Negative values in data passed to MultinomialNB (input X)",,No using One Hot,0.0014235973358154297,0.00013637542724609375
algerian_forest_fires_46279,,onehot,linear_svc,power,MultinomialNB(),1,,"Erro na combinação 902 - Imputer: None, Categorização: onehot, Seleção de Feature: linear_svc, Scaler: power, Fold: 1 - Exception: Negative values in data passed to MultinomialNB (input X)",,No using One Hot,0.0014235973358154297,0.00013637542724609375
algerian_forest_fires_46279,,onehot,linear_svc,power,MultinomialNB(),2,,"Erro na combinação 903 - Imputer: None, Categorização: onehot, Seleção de Feature: linear_svc, Scaler: power, Fold: 2 - Exception: Negative values in data passed to MultinomialNB (input X)",,No using One Hot,0.0014235973358154297,0.00013637542724609375
algerian_forest_fires_46279,,onehot,linear_svc,power,MultinomialNB(),3,,"Erro na combinação 904 - Imputer: None, Categorização: onehot, Seleção de Feature: linear_svc, Scaler: power, Fold: 3 - Exception: Negative values in data passed to MultinomialNB (input X)",,No using One Hot,0.0014235973358154297,0.00013637542724609375
algerian_forest_fires_46279,,onehot,linear_svc,power,MultinomialNB(),4,,"Erro na combinação 905 - Imputer: None, Categorização: onehot, Seleção de Feature: linear_svc, Scaler: power, Fold: 4 - Exception: Negative values in data passed to MultinomialNB (input X)",,No using One Hot,0.0014235973358154297,0.00013637542724609375
algerian_forest_fires_46279,,onehot,kernel_pca,power,MultinomialNB(),0,,"Erro na combinação 906 - Imputer: None, Categorização: onehot, Seleção de Feature: kernel_pca, Scaler: power, Fold: 0 - Exception: Negative values in data passed to MultinomialNB (input X)",,No using One Hot,0.0014235973358154297,0.00013637542724609375
algerian_forest_fires_46279,,onehot,kernel_pca,power,MultinomialNB(),1,,"Erro na combinação 907 - Imputer: None, Categorização: onehot, Seleção de Feature: kernel_pca, Scaler: power, Fold: 1 - Exception: Negative values in data passed to MultinomialNB (input X)",,No using One Hot,0.0014235973358154297,0.00013637542724609375
algerian_forest_fires_46279,,onehot,kernel_pca,power,MultinomialNB(),2,,"Erro na combinação 908 - Imputer: None, Categorização: onehot, Seleção de Feature: kernel_pca, Scaler: power, Fold: 2 - Exception: Negative values in data passed to MultinomialNB (input X)",,No using One Hot,0.0014235973358154297,0.00013637542724609375
algerian_forest_fires_46279,,onehot,kernel_pca,power,MultinomialNB(),3,,"Erro na combinação 909 - Imputer: None, Categorização: onehot, Seleção de Feature: kernel_pca, Scaler: power, Fold: 3 - Exception: Negative values in data passed to MultinomialNB (input X)",,No using One Hot,0.0014235973358154297,0.00013637542724609375
algerian_forest_fires_46279,,onehot,kernel_pca,power,MultinomialNB(),4,,"Erro na combinação 910 - Imputer: None, Categorização: onehot, Seleção de Feature: kernel_pca, Scaler: power, Fold: 4 - Exception: Negative values in data passed to MultinomialNB (input X)",,No using One Hot,0.0014235973358154297,0.00013637542724609375
algerian_forest_fires_46279,,onehot,,quantile,MultinomialNB(),0,0.8979591836734694,,,No using One Hot,0.008164405822753906,0.0001506805419921875
algerian_forest_fires_46279,,onehot,,quantile,MultinomialNB(),1,0.9387755102040817,,,No using One Hot,0.0016787052154541016,0.00010728836059570312
algerian_forest_fires_46279,,onehot,,quantile,MultinomialNB(),2,0.8367346938775511,,,No using One Hot,0.0013413429260253906,0.00010466575622558594
algerian_forest_fires_46279,,onehot,,quantile,MultinomialNB(),3,0.9166666666666666,,,No using One Hot,0.0013082027435302734,0.00010633468627929688
algerian_forest_fires_46279,,onehot,,quantile,MultinomialNB(),4,0.9583333333333334,,,No using One Hot,0.0013027191162109375,9.894371032714844e-05
algerian_forest_fires_46279,,onehot,pca,quantile,MultinomialNB(),0,,"Erro na combinação 916 - Imputer: None, Categorização: onehot, Seleção de Feature: pca, Scaler: quantile, Fold: 0 - Exception: Negative values in data passed to MultinomialNB (input X)",,No using One Hot,0.0013027191162109375,9.894371032714844e-05
algerian_forest_fires_46279,,onehot,pca,quantile,MultinomialNB(),1,,"Erro na combinação 917 - Imputer: None, Categorização: onehot, Seleção de Feature: pca, Scaler: quantile, Fold: 1 - Exception: Negative values in data passed to MultinomialNB (input X)",,No using One Hot,0.0013027191162109375,9.894371032714844e-05
algerian_forest_fires_46279,,onehot,pca,quantile,MultinomialNB(),2,,"Erro na combinação 918 - Imputer: None, Categorização: onehot, Seleção de Feature: pca, Scaler: quantile, Fold: 2 - Exception: Negative values in data passed to MultinomialNB (input X)",,No using One Hot,0.0013027191162109375,9.894371032714844e-05
algerian_forest_fires_46279,,onehot,pca,quantile,MultinomialNB(),3,,"Erro na combinação 919 - Imputer: None, Categorização: onehot, Seleção de Feature: pca, Scaler: quantile, Fold: 3 - Exception: Negative values in data passed to MultinomialNB (input X)",,No using One Hot,0.0013027191162109375,9.894371032714844e-05
algerian_forest_fires_46279,,onehot,pca,quantile,MultinomialNB(),4,,"Erro na combinação 920 - Imputer: None, Categorização: onehot, Seleção de Feature: pca, Scaler: quantile, Fold: 4 - Exception: Negative values in data passed to MultinomialNB (input X)",,No using One Hot,0.0013027191162109375,9.894371032714844e-05
algerian_forest_fires_46279,,onehot,fastica,quantile,MultinomialNB(),0,,"Erro na combinação 921 - Imputer: None, Categorização: onehot, Seleção de Feature: fastica, Scaler: quantile, Fold: 0 - Exception: Negative values in data passed to MultinomialNB (input X)",,No using One Hot,0.0013027191162109375,9.894371032714844e-05
algerian_forest_fires_46279,,onehot,fastica,quantile,MultinomialNB(),1,,"Erro na combinação 922 - Imputer: None, Categorização: onehot, Seleção de Feature: fastica, Scaler: quantile, Fold: 1 - Exception: Negative values in data passed to MultinomialNB (input X)",,No using One Hot,0.0013027191162109375,9.894371032714844e-05
algerian_forest_fires_46279,,onehot,fastica,quantile,MultinomialNB(),2,,"Erro na combinação 923 - Imputer: None, Categorização: onehot, Seleção de Feature: fastica, Scaler: quantile, Fold: 2 - Exception: Negative values in data passed to MultinomialNB (input X)",,No using One Hot,0.0013027191162109375,9.894371032714844e-05
algerian_forest_fires_46279,,onehot,fastica,quantile,MultinomialNB(),3,,"Erro na combinação 924 - Imputer: None, Categorização: onehot, Seleção de Feature: fastica, Scaler: quantile, Fold: 3 - Exception: Negative values in data passed to MultinomialNB (input X)",,No using One Hot,0.0013027191162109375,9.894371032714844e-05
algerian_forest_fires_46279,,onehot,fastica,quantile,MultinomialNB(),4,,"Erro na combinação 925 - Imputer: None, Categorização: onehot, Seleção de Feature: fastica, Scaler: quantile, Fold: 4 - Exception: Negative values in data passed to MultinomialNB (input X)",,No using One Hot,0.0013027191162109375,9.894371032714844e-05
algerian_forest_fires_46279,,onehot,truncated_svd,quantile,MultinomialNB(),0,,"Erro na combinação 926 - Imputer: None, Categorização: onehot, Seleção de Feature: truncated_svd, Scaler: quantile, Fold: 0 - Exception: Negative values in data passed to MultinomialNB (input X)",,No using One Hot,0.0013027191162109375,9.894371032714844e-05
algerian_forest_fires_46279,,onehot,truncated_svd,quantile,MultinomialNB(),1,,"Erro na combinação 927 - Imputer: None, Categorização: onehot, Seleção de Feature: truncated_svd, Scaler: quantile, Fold: 1 - Exception: Negative values in data passed to MultinomialNB (input X)",,No using One Hot,0.0013027191162109375,9.894371032714844e-05
algerian_forest_fires_46279,,onehot,truncated_svd,quantile,MultinomialNB(),2,,"Erro na combinação 928 - Imputer: None, Categorização: onehot, Seleção de Feature: truncated_svd, Scaler: quantile, Fold: 2 - Exception: Negative values in data passed to MultinomialNB (input X)",,No using One Hot,0.0013027191162109375,9.894371032714844e-05
algerian_forest_fires_46279,,onehot,truncated_svd,quantile,MultinomialNB(),3,,"Erro na combinação 929 - Imputer: None, Categorização: onehot, Seleção de Feature: truncated_svd, Scaler: quantile, Fold: 3 - Exception: Negative values in data passed to MultinomialNB (input X)",,No using One Hot,0.0013027191162109375,9.894371032714844e-05
algerian_forest_fires_46279,,onehot,truncated_svd,quantile,MultinomialNB(),4,,"Erro na combinação 930 - Imputer: None, Categorização: onehot, Seleção de Feature: truncated_svd, Scaler: quantile, Fold: 4 - Exception: Negative values in data passed to MultinomialNB (input X)",,No using One Hot,0.0013027191162109375,9.894371032714844e-05
algerian_forest_fires_46279,,onehot,select_percentile,quantile,MultinomialNB(),0,0.5510204081632653,,,No using One Hot,0.0012946128845214844,0.00011801719665527344
algerian_forest_fires_46279,,onehot,select_percentile,quantile,MultinomialNB(),1,0.5510204081632653,,,No using One Hot,0.0013766288757324219,9.799003601074219e-05
algerian_forest_fires_46279,,onehot,select_percentile,quantile,MultinomialNB(),2,0.5714285714285714,,,No using One Hot,0.0012769699096679688,9.703636169433594e-05
algerian_forest_fires_46279,,onehot,select_percentile,quantile,MultinomialNB(),3,0.6041666666666666,,,No using One Hot,0.0012664794921875,9.632110595703125e-05
algerian_forest_fires_46279,,onehot,select_percentile,quantile,MultinomialNB(),4,0.5416666666666666,,,No using One Hot,0.0013918876647949219,0.00010323524475097656
algerian_forest_fires_46279,,onehot,generic_univariate,quantile,MultinomialNB(),0,0.5510204081632653,,,No using One Hot,0.0013120174407958984,0.00010180473327636719
algerian_forest_fires_46279,,onehot,generic_univariate,quantile,MultinomialNB(),1,0.5510204081632653,,,No using One Hot,0.0012121200561523438,9.369850158691406e-05
algerian_forest_fires_46279,,onehot,generic_univariate,quantile,MultinomialNB(),2,0.5714285714285714,,,No using One Hot,0.0012407302856445312,9.632110595703125e-05
algerian_forest_fires_46279,,onehot,generic_univariate,quantile,MultinomialNB(),3,0.6041666666666666,,,No using One Hot,0.0013108253479003906,9.417533874511719e-05
algerian_forest_fires_46279,,onehot,generic_univariate,quantile,MultinomialNB(),4,0.5416666666666666,,,No using One Hot,0.0012230873107910156,0.00010991096496582031
algerian_forest_fires_46279,,onehot,polynomial_features,quantile,MultinomialNB(),0,0.8571428571428571,,,No using One Hot,0.0012485980987548828,0.00010538101196289062
algerian_forest_fires_46279,,onehot,polynomial_features,quantile,MultinomialNB(),1,0.9183673469387755,,,No using One Hot,0.0012578964233398438,0.00010347366333007812
algerian_forest_fires_46279,,onehot,polynomial_features,quantile,MultinomialNB(),2,0.8775510204081632,,,No using One Hot,0.0012905597686767578,0.00010585784912109375
algerian_forest_fires_46279,,onehot,polynomial_features,quantile,MultinomialNB(),3,0.9166666666666666,,,No using One Hot,0.0012209415435791016,0.00012302398681640625
algerian_forest_fires_46279,,onehot,polynomial_features,quantile,MultinomialNB(),4,0.9583333333333334,,,No using One Hot,0.0012378692626953125,0.0001049041748046875
algerian_forest_fires_46279,,onehot,nystroem,quantile,MultinomialNB(),0,0.8979591836734694,,,No using One Hot,0.0019526481628417969,0.00015974044799804688
algerian_forest_fires_46279,,onehot,nystroem,quantile,MultinomialNB(),1,0.9387755102040817,,,No using One Hot,0.0018749237060546875,0.0001595020294189453
algerian_forest_fires_46279,,onehot,nystroem,quantile,MultinomialNB(),2,0.8775510204081632,,,No using One Hot,0.001636505126953125,0.0024547576904296875
algerian_forest_fires_46279,,onehot,nystroem,quantile,MultinomialNB(),3,0.9166666666666666,,,No using One Hot,0.002024412155151367,0.0001621246337890625
algerian_forest_fires_46279,,onehot,nystroem,quantile,MultinomialNB(),4,0.9583333333333334,,,No using One Hot,0.0015461444854736328,0.0001239776611328125
algerian_forest_fires_46279,,onehot,rbf_sampler,quantile,MultinomialNB(),0,,"Erro na combinação 951 - Imputer: None, Categorização: onehot, Seleção de Feature: rbf_sampler, Scaler: quantile, Fold: 0 - Exception: Negative values in data passed to MultinomialNB (input X)",,No using One Hot,0.0015461444854736328,0.0001239776611328125
algerian_forest_fires_46279,,onehot,rbf_sampler,quantile,MultinomialNB(),1,,"Erro na combinação 952 - Imputer: None, Categorização: onehot, Seleção de Feature: rbf_sampler, Scaler: quantile, Fold: 1 - Exception: Negative values in data passed to MultinomialNB (input X)",,No using One Hot,0.0015461444854736328,0.0001239776611328125
algerian_forest_fires_46279,,onehot,rbf_sampler,quantile,MultinomialNB(),2,,"Erro na combinação 953 - Imputer: None, Categorização: onehot, Seleção de Feature: rbf_sampler, Scaler: quantile, Fold: 2 - Exception: Negative values in data passed to MultinomialNB (input X)",,No using One Hot,0.0015461444854736328,0.0001239776611328125
algerian_forest_fires_46279,,onehot,rbf_sampler,quantile,MultinomialNB(),3,,"Erro na combinação 954 - Imputer: None, Categorização: onehot, Seleção de Feature: rbf_sampler, Scaler: quantile, Fold: 3 - Exception: Negative values in data passed to MultinomialNB (input X)",,No using One Hot,0.0015461444854736328,0.0001239776611328125
algerian_forest_fires_46279,,onehot,rbf_sampler,quantile,MultinomialNB(),4,,"Erro na combinação 955 - Imputer: None, Categorização: onehot, Seleção de Feature: rbf_sampler, Scaler: quantile, Fold: 4 - Exception: Negative values in data passed to MultinomialNB (input X)",,No using One Hot,0.0015461444854736328,0.0001239776611328125
algerian_forest_fires_46279,,onehot,random_trees_embedding,quantile,MultinomialNB(),0,0.9183673469387755,,,No using One Hot,0.0014111995697021484,0.0001380443572998047
algerian_forest_fires_46279,,onehot,random_trees_embedding,quantile,MultinomialNB(),1,0.9387755102040817,,,No using One Hot,0.001605987548828125,0.00013756752014160156
algerian_forest_fires_46279,,onehot,random_trees_embedding,quantile,MultinomialNB(),2,0.9591836734693877,,,No using One Hot,0.001470804214477539,0.00013971328735351562
algerian_forest_fires_46279,,onehot,random_trees_embedding,quantile,MultinomialNB(),3,0.9583333333333334,,,No using One Hot,0.0014808177947998047,0.00013971328735351562
algerian_forest_fires_46279,,onehot,random_trees_embedding,quantile,MultinomialNB(),4,0.9583333333333334,,,No using One Hot,0.0015063285827636719,0.0001366138458251953
algerian_forest_fires_46279,,onehot,feature_agglomeration,quantile,MultinomialNB(),0,0.6122448979591837,,,No using One Hot,0.0012164115905761719,9.465217590332031e-05
algerian_forest_fires_46279,,onehot,feature_agglomeration,quantile,MultinomialNB(),1,0.6530612244897959,,,No using One Hot,0.0014538764953613281,0.00012731552124023438
algerian_forest_fires_46279,,onehot,feature_agglomeration,quantile,MultinomialNB(),2,0.6938775510204082,,,No using One Hot,0.0013077259063720703,9.751319885253906e-05
algerian_forest_fires_46279,,onehot,feature_agglomeration,quantile,MultinomialNB(),3,0.7708333333333334,,,No using One Hot,0.0021104812622070312,0.00015163421630859375
algerian_forest_fires_46279,,onehot,feature_agglomeration,quantile,MultinomialNB(),4,0.6875,,,No using One Hot,0.0015451908111572266,0.00010848045349121094
algerian_forest_fires_46279,,onehot,extra_tree,quantile,MultinomialNB(),0,0.8163265306122449,,,No using One Hot,0.0013337135314941406,9.965896606445312e-05
algerian_forest_fires_46279,,onehot,extra_tree,quantile,MultinomialNB(),1,0.5510204081632653,,,No using One Hot,0.0014362335205078125,0.00011181831359863281
algerian_forest_fires_46279,,onehot,extra_tree,quantile,MultinomialNB(),2,0.7959183673469388,,,No using One Hot,0.0013685226440429688,0.00010514259338378906
algerian_forest_fires_46279,,onehot,extra_tree,quantile,MultinomialNB(),3,0.6041666666666666,,,No using One Hot,0.0013077259063720703,9.703636169433594e-05
algerian_forest_fires_46279,,onehot,extra_tree,quantile,MultinomialNB(),4,0.8541666666666666,,,No using One Hot,0.0019292831420898438,0.00014090538024902344
algerian_forest_fires_46279,,onehot,linear_svc,quantile,MultinomialNB(),0,0.5510204081632653,,,No using One Hot,0.0014324188232421875,0.00010967254638671875
algerian_forest_fires_46279,,onehot,linear_svc,quantile,MultinomialNB(),1,0.5510204081632653,,,No using One Hot,0.0012826919555664062,9.822845458984375e-05
algerian_forest_fires_46279,,onehot,linear_svc,quantile,MultinomialNB(),2,0.6122448979591837,,,No using One Hot,0.0018498897552490234,0.00015115737915039062
algerian_forest_fires_46279,,onehot,linear_svc,quantile,MultinomialNB(),3,0.6041666666666666,,,No using One Hot,0.0013813972473144531,0.00011515617370605469
algerian_forest_fires_46279,,onehot,linear_svc,quantile,MultinomialNB(),4,0.6666666666666666,,,No using One Hot,0.0013859272003173828,0.00010633468627929688
algerian_forest_fires_46279,,onehot,kernel_pca,quantile,MultinomialNB(),0,,"Erro na combinação 976 - Imputer: None, Categorização: onehot, Seleção de Feature: kernel_pca, Scaler: quantile, Fold: 0 - Exception: Negative values in data passed to MultinomialNB (input X)",,No using One Hot,0.0013859272003173828,0.00010633468627929688
algerian_forest_fires_46279,,onehot,kernel_pca,quantile,MultinomialNB(),1,,"Erro na combinação 977 - Imputer: None, Categorização: onehot, Seleção de Feature: kernel_pca, Scaler: quantile, Fold: 1 - Exception: Negative values in data passed to MultinomialNB (input X)",,No using One Hot,0.0013859272003173828,0.00010633468627929688
algerian_forest_fires_46279,,onehot,kernel_pca,quantile,MultinomialNB(),2,,"Erro na combinação 978 - Imputer: None, Categorização: onehot, Seleção de Feature: kernel_pca, Scaler: quantile, Fold: 2 - Exception: Negative values in data passed to MultinomialNB (input X)",,No using One Hot,0.0013859272003173828,0.00010633468627929688
algerian_forest_fires_46279,,onehot,kernel_pca,quantile,MultinomialNB(),3,,"Erro na combinação 979 - Imputer: None, Categorização: onehot, Seleção de Feature: kernel_pca, Scaler: quantile, Fold: 3 - Exception: Negative values in data passed to MultinomialNB (input X)",,No using One Hot,0.0013859272003173828,0.00010633468627929688
algerian_forest_fires_46279,,onehot,kernel_pca,quantile,MultinomialNB(),4,,"Erro na combinação 980 - Imputer: None, Categorização: onehot, Seleção de Feature: kernel_pca, Scaler: quantile, Fold: 4 - Exception: Negative values in data passed to MultinomialNB (input X)",,No using One Hot,0.0013859272003173828,0.00010633468627929688
algerian_forest_fires_46279,,ordinalencoder,,,MultinomialNB(),0,0.8367346938775511,,,No using Ordinal Hot,0.0026085376739501953,0.00103759765625
algerian_forest_fires_46279,,ordinalencoder,,,MultinomialNB(),1,0.8571428571428571,,,No using Ordinal Hot,0.0023620128631591797,0.0009751319885253906
algerian_forest_fires_46279,,ordinalencoder,,,MultinomialNB(),2,0.8163265306122449,,,No using Ordinal Hot,0.002147674560546875,0.0008428096771240234
algerian_forest_fires_46279,,ordinalencoder,,,MultinomialNB(),3,0.875,,,No using Ordinal Hot,0.0021321773529052734,0.0008645057678222656
algerian_forest_fires_46279,,ordinalencoder,,,MultinomialNB(),4,0.8958333333333334,,,No using Ordinal Hot,0.002124786376953125,0.0008404254913330078
algerian_forest_fires_46279,,ordinalencoder,pca,,MultinomialNB(),0,,"Erro na combinação 986 - Imputer: None, Categorização: ordinalencoder, Seleção de Feature: pca, Scaler: None, Fold: 0 - Exception: Negative values in data passed to MultinomialNB (input X)",,No using Ordinal Hot,0.002124786376953125,0.0008404254913330078
algerian_forest_fires_46279,,ordinalencoder,pca,,MultinomialNB(),1,,"Erro na combinação 987 - Imputer: None, Categorização: ordinalencoder, Seleção de Feature: pca, Scaler: None, Fold: 1 - Exception: Negative values in data passed to MultinomialNB (input X)",,No using Ordinal Hot,0.002124786376953125,0.0008404254913330078
algerian_forest_fires_46279,,ordinalencoder,pca,,MultinomialNB(),2,,"Erro na combinação 988 - Imputer: None, Categorização: ordinalencoder, Seleção de Feature: pca, Scaler: None, Fold: 2 - Exception: Negative values in data passed to MultinomialNB (input X)",,No using Ordinal Hot,0.002124786376953125,0.0008404254913330078
algerian_forest_fires_46279,,ordinalencoder,pca,,MultinomialNB(),3,,"Erro na combinação 989 - Imputer: None, Categorização: ordinalencoder, Seleção de Feature: pca, Scaler: None, Fold: 3 - Exception: Negative values in data passed to MultinomialNB (input X)",,No using Ordinal Hot,0.002124786376953125,0.0008404254913330078
algerian_forest_fires_46279,,ordinalencoder,pca,,MultinomialNB(),4,,"Erro na combinação 990 - Imputer: None, Categorização: ordinalencoder, Seleção de Feature: pca, Scaler: None, Fold: 4 - Exception: Negative values in data passed to MultinomialNB (input X)",,No using Ordinal Hot,0.002124786376953125,0.0008404254913330078
algerian_forest_fires_46279,,ordinalencoder,fastica,,MultinomialNB(),0,,"Erro na combinação 991 - Imputer: None, Categorização: ordinalencoder, Seleção de Feature: fastica, Scaler: None, Fold: 0 - Exception: Negative values in data passed to MultinomialNB (input X)",,No using Ordinal Hot,0.002124786376953125,0.0008404254913330078
algerian_forest_fires_46279,,ordinalencoder,fastica,,MultinomialNB(),1,,"Erro na combinação 992 - Imputer: None, Categorização: ordinalencoder, Seleção de Feature: fastica, Scaler: None, Fold: 1 - Exception: Negative values in data passed to MultinomialNB (input X)",,No using Ordinal Hot,0.002124786376953125,0.0008404254913330078
algerian_forest_fires_46279,,ordinalencoder,fastica,,MultinomialNB(),2,,"Erro na combinação 993 - Imputer: None, Categorização: ordinalencoder, Seleção de Feature: fastica, Scaler: None, Fold: 2 - Exception: Negative values in data passed to MultinomialNB (input X)",,No using Ordinal Hot,0.002124786376953125,0.0008404254913330078
algerian_forest_fires_46279,,ordinalencoder,fastica,,MultinomialNB(),3,,"Erro na combinação 994 - Imputer: None, Categorização: ordinalencoder, Seleção de Feature: fastica, Scaler: None, Fold: 3 - Exception: Negative values in data passed to MultinomialNB (input X)",,No using Ordinal Hot,0.002124786376953125,0.0008404254913330078
algerian_forest_fires_46279,,ordinalencoder,fastica,,MultinomialNB(),4,,"Erro na combinação 995 - Imputer: None, Categorização: ordinalencoder, Seleção de Feature: fastica, Scaler: None, Fold: 4 - Exception: Negative values in data passed to MultinomialNB (input X)",,No using Ordinal Hot,0.002124786376953125,0.0008404254913330078
algerian_forest_fires_46279,,ordinalencoder,truncated_svd,,MultinomialNB(),0,,"Erro na combinação 996 - Imputer: None, Categorização: ordinalencoder, Seleção de Feature: truncated_svd, Scaler: None, Fold: 0 - Exception: Negative values in data passed to MultinomialNB (input X)",,No using Ordinal Hot,0.002124786376953125,0.0008404254913330078
algerian_forest_fires_46279,,ordinalencoder,truncated_svd,,MultinomialNB(),1,,"Erro na combinação 997 - Imputer: None, Categorização: ordinalencoder, Seleção de Feature: truncated_svd, Scaler: None, Fold: 1 - Exception: Negative values in data passed to MultinomialNB (input X)",,No using Ordinal Hot,0.002124786376953125,0.0008404254913330078
algerian_forest_fires_46279,,ordinalencoder,truncated_svd,,MultinomialNB(),2,,"Erro na combinação 998 - Imputer: None, Categorização: ordinalencoder, Seleção de Feature: truncated_svd, Scaler: None, Fold: 2 - Exception: Negative values in data passed to MultinomialNB (input X)",,No using Ordinal Hot,0.002124786376953125,0.0008404254913330078
algerian_forest_fires_46279,,ordinalencoder,truncated_svd,,MultinomialNB(),3,,"Erro na combinação 999 - Imputer: None, Categorização: ordinalencoder, Seleção de Feature: truncated_svd, Scaler: None, Fold: 3 - Exception: Negative values in data passed to MultinomialNB (input X)",,No using Ordinal Hot,0.002124786376953125,0.0008404254913330078
algerian_forest_fires_46279,,ordinalencoder,truncated_svd,,MultinomialNB(),4,,"Erro na combinação 1000 - Imputer: None, Categorização: ordinalencoder, Seleção de Feature: truncated_svd, Scaler: None, Fold: 4 - Exception: Negative values in data passed to MultinomialNB (input X)",,No using Ordinal Hot,0.002124786376953125,0.0008404254913330078
algerian_forest_fires_46279,,ordinalencoder,select_percentile,,MultinomialNB(),0,0.9183673469387755,,,No using Ordinal Hot,0.0012552738189697266,9.703636169433594e-05
algerian_forest_fires_46279,,ordinalencoder,select_percentile,,MultinomialNB(),1,0.9795918367346939,,,No using Ordinal Hot,0.0012094974517822266,9.608268737792969e-05
algerian_forest_fires_46279,,ordinalencoder,select_percentile,,MultinomialNB(),2,0.9183673469387755,,,No using Ordinal Hot,0.001241445541381836,9.608268737792969e-05
algerian_forest_fires_46279,,ordinalencoder,select_percentile,,MultinomialNB(),3,0.9375,,,No using Ordinal Hot,0.001226186752319336,9.703636169433594e-05
algerian_forest_fires_46279,,ordinalencoder,select_percentile,,MultinomialNB(),4,0.9166666666666666,,,No using Ordinal Hot,0.001245737075805664,9.560585021972656e-05
algerian_forest_fires_46279,,ordinalencoder,generic_univariate,,MultinomialNB(),0,0.5510204081632653,,,No using Ordinal Hot,0.0011911392211914062,9.274482727050781e-05
algerian_forest_fires_46279,,ordinalencoder,generic_univariate,,MultinomialNB(),1,0.5510204081632653,,,No using Ordinal Hot,0.0012009143829345703,9.942054748535156e-05
algerian_forest_fires_46279,,ordinalencoder,generic_univariate,,MultinomialNB(),2,0.5714285714285714,,,No using Ordinal Hot,0.001168966293334961,9.298324584960938e-05
algerian_forest_fires_46279,,ordinalencoder,generic_univariate,,MultinomialNB(),3,0.6041666666666666,,,No using Ordinal Hot,0.0011930465698242188,9.322166442871094e-05
algerian_forest_fires_46279,,ordinalencoder,generic_univariate,,MultinomialNB(),4,0.5416666666666666,,,No using Ordinal Hot,0.0011687278747558594,9.441375732421875e-05
algerian_forest_fires_46279,,ordinalencoder,polynomial_features,,MultinomialNB(),0,0.8367346938775511,,,No using Ordinal Hot,0.0012629032135009766,0.00011396408081054688
algerian_forest_fires_46279,,ordinalencoder,polynomial_features,,MultinomialNB(),1,0.8367346938775511,,,No using Ordinal Hot,0.0013186931610107422,0.00011205673217773438
algerian_forest_fires_46279,,ordinalencoder,polynomial_features,,MultinomialNB(),2,0.7959183673469388,,,No using Ordinal Hot,0.0014030933380126953,0.00011563301086425781
algerian_forest_fires_46279,,ordinalencoder,polynomial_features,,MultinomialNB(),3,0.875,,,No using Ordinal Hot,0.001712799072265625,0.0001678466796875
algerian_forest_fires_46279,,ordinalencoder,polynomial_features,,MultinomialNB(),4,0.8958333333333334,,,No using Ordinal Hot,0.0013179779052734375,0.00017213821411132812
algerian_forest_fires_46279,,ordinalencoder,nystroem,,MultinomialNB(),0,,"Erro na combinação 1016 - Imputer: None, Categorização: ordinalencoder, Seleção de Feature: nystroem, Scaler: None, Fold: 0 - Exception: Negative values in data passed to MultinomialNB (input X)",,No using Ordinal Hot,0.0013179779052734375,0.00017213821411132812
algerian_forest_fires_46279,,ordinalencoder,nystroem,,MultinomialNB(),1,,"Erro na combinação 1017 - Imputer: None, Categorização: ordinalencoder, Seleção de Feature: nystroem, Scaler: None, Fold: 1 - Exception: Negative values in data passed to MultinomialNB (input X)",,No using Ordinal Hot,0.0013179779052734375,0.00017213821411132812
algerian_forest_fires_46279,,ordinalencoder,nystroem,,MultinomialNB(),2,,"Erro na combinação 1018 - Imputer: None, Categorização: ordinalencoder, Seleção de Feature: nystroem, Scaler: None, Fold: 2 - Exception: Negative values in data passed to MultinomialNB (input X)",,No using Ordinal Hot,0.0013179779052734375,0.00017213821411132812
algerian_forest_fires_46279,,ordinalencoder,nystroem,,MultinomialNB(),3,,"Erro na combinação 1019 - Imputer: None, Categorização: ordinalencoder, Seleção de Feature: nystroem, Scaler: None, Fold: 3 - Exception: Negative values in data passed to MultinomialNB (input X)",,No using Ordinal Hot,0.0013179779052734375,0.00017213821411132812
algerian_forest_fires_46279,,ordinalencoder,nystroem,,MultinomialNB(),4,,"Erro na combinação 1020 - Imputer: None, Categorização: ordinalencoder, Seleção de Feature: nystroem, Scaler: None, Fold: 4 - Exception: Negative values in data passed to MultinomialNB (input X)",,No using Ordinal Hot,0.0013179779052734375,0.00017213821411132812
algerian_forest_fires_46279,,ordinalencoder,rbf_sampler,,MultinomialNB(),0,,"Erro na combinação 1021 - Imputer: None, Categorização: ordinalencoder, Seleção de Feature: rbf_sampler, Scaler: None, Fold: 0 - Exception: Negative values in data passed to MultinomialNB (input X)",,No using Ordinal Hot,0.0013179779052734375,0.00017213821411132812
algerian_forest_fires_46279,,ordinalencoder,rbf_sampler,,MultinomialNB(),1,,"Erro na combinação 1022 - Imputer: None, Categorização: ordinalencoder, Seleção de Feature: rbf_sampler, Scaler: None, Fold: 1 - Exception: Negative values in data passed to MultinomialNB (input X)",,No using Ordinal Hot,0.0013179779052734375,0.00017213821411132812
algerian_forest_fires_46279,,ordinalencoder,rbf_sampler,,MultinomialNB(),2,,"Erro na combinação 1023 - Imputer: None, Categorização: ordinalencoder, Seleção de Feature: rbf_sampler, Scaler: None, Fold: 2 - Exception: Negative values in data passed to MultinomialNB (input X)",,No using Ordinal Hot,0.0013179779052734375,0.00017213821411132812
algerian_forest_fires_46279,,ordinalencoder,rbf_sampler,,MultinomialNB(),3,,"Erro na combinação 1024 - Imputer: None, Categorização: ordinalencoder, Seleção de Feature: rbf_sampler, Scaler: None, Fold: 3 - Exception: Negative values in data passed to MultinomialNB (input X)",,No using Ordinal Hot,0.0013179779052734375,0.00017213821411132812
algerian_forest_fires_46279,,ordinalencoder,rbf_sampler,,MultinomialNB(),4,,"Erro na combinação 1025 - Imputer: None, Categorização: ordinalencoder, Seleção de Feature: rbf_sampler, Scaler: None, Fold: 4 - Exception: Negative values in data passed to MultinomialNB (input X)",,No using Ordinal Hot,0.0013179779052734375,0.00017213821411132812
algerian_forest_fires_46279,,ordinalencoder,random_trees_embedding,,MultinomialNB(),0,0.8979591836734694,,,No using Ordinal Hot,0.00146484375,0.0001342296600341797
algerian_forest_fires_46279,,ordinalencoder,random_trees_embedding,,MultinomialNB(),1,0.9387755102040817,,,No using Ordinal Hot,0.001407623291015625,0.0001354217529296875
algerian_forest_fires_46279,,ordinalencoder,random_trees_embedding,,MultinomialNB(),2,0.9183673469387755,,,No using Ordinal Hot,0.0017130374908447266,0.0001423358917236328
algerian_forest_fires_46279,,ordinalencoder,random_trees_embedding,,MultinomialNB(),3,0.9583333333333334,,,No using Ordinal Hot,0.0015799999237060547,0.00014901161193847656
algerian_forest_fires_46279,,ordinalencoder,random_trees_embedding,,MultinomialNB(),4,0.9791666666666666,,,No using Ordinal Hot,0.0014617443084716797,0.00015926361083984375
algerian_forest_fires_46279,,ordinalencoder,feature_agglomeration,,MultinomialNB(),0,0.8367346938775511,,,No using Ordinal Hot,0.001280069351196289,9.799003601074219e-05
algerian_forest_fires_46279,,ordinalencoder,feature_agglomeration,,MultinomialNB(),1,0.7755102040816326,,,No using Ordinal Hot,0.0013380050659179688,0.0001308917999267578
algerian_forest_fires_46279,,ordinalencoder,feature_agglomeration,,MultinomialNB(),2,0.7959183673469388,,,No using Ordinal Hot,0.001230478286743164,0.00012683868408203125
algerian_forest_fires_46279,,ordinalencoder,feature_agglomeration,,MultinomialNB(),3,0.8125,,,No using Ordinal Hot,0.0012407302856445312,9.632110595703125e-05
algerian_forest_fires_46279,,ordinalencoder,feature_agglomeration,,MultinomialNB(),4,0.8541666666666666,,,No using Ordinal Hot,0.0013036727905273438,0.00011658668518066406
algerian_forest_fires_46279,,ordinalencoder,extra_tree,,MultinomialNB(),0,0.8571428571428571,,,No using Ordinal Hot,0.0014758110046386719,0.0001049041748046875
algerian_forest_fires_46279,,ordinalencoder,extra_tree,,MultinomialNB(),1,0.9183673469387755,,,No using Ordinal Hot,0.0013320446014404297,9.799003601074219e-05
algerian_forest_fires_46279,,ordinalencoder,extra_tree,,MultinomialNB(),2,0.8367346938775511,,,No using Ordinal Hot,0.0013151168823242188,9.918212890625e-05
algerian_forest_fires_46279,,ordinalencoder,extra_tree,,MultinomialNB(),3,0.9166666666666666,,,No using Ordinal Hot,0.0013132095336914062,9.799003601074219e-05
algerian_forest_fires_46279,,ordinalencoder,extra_tree,,MultinomialNB(),4,0.9583333333333334,,,No using Ordinal Hot,0.0012562274932861328,9.822845458984375e-05
algerian_forest_fires_46279,,ordinalencoder,linear_svc,,MultinomialNB(),0,0.8775510204081632,,,No using Ordinal Hot,0.0012061595916748047,9.775161743164062e-05
algerian_forest_fires_46279,,ordinalencoder,linear_svc,,MultinomialNB(),1,0.9795918367346939,,,No using Ordinal Hot,0.0013380050659179688,9.918212890625e-05
algerian_forest_fires_46279,,ordinalencoder,linear_svc,,MultinomialNB(),2,0.9591836734693877,,,No using Ordinal Hot,0.0012714862823486328,9.965896606445312e-05
algerian_forest_fires_46279,,ordinalencoder,linear_svc,,MultinomialNB(),3,0.9583333333333334,,,No using Ordinal Hot,0.0012400150299072266,9.822845458984375e-05
algerian_forest_fires_46279,,ordinalencoder,linear_svc,,MultinomialNB(),4,0.9583333333333334,,,No using Ordinal Hot,0.0012011528015136719,9.655952453613281e-05
algerian_forest_fires_46279,,ordinalencoder,kernel_pca,,MultinomialNB(),0,,"Erro na combinação 1046 - Imputer: None, Categorização: ordinalencoder, Seleção de Feature: kernel_pca, Scaler: None, Fold: 0 - Exception: Negative values in data passed to MultinomialNB (input X)",,No using Ordinal Hot,0.0012011528015136719,9.655952453613281e-05
algerian_forest_fires_46279,,ordinalencoder,kernel_pca,,MultinomialNB(),1,,"Erro na combinação 1047 - Imputer: None, Categorização: ordinalencoder, Seleção de Feature: kernel_pca, Scaler: None, Fold: 1 - Exception: Negative values in data passed to MultinomialNB (input X)",,No using Ordinal Hot,0.0012011528015136719,9.655952453613281e-05
algerian_forest_fires_46279,,ordinalencoder,kernel_pca,,MultinomialNB(),2,,"Erro na combinação 1048 - Imputer: None, Categorização: ordinalencoder, Seleção de Feature: kernel_pca, Scaler: None, Fold: 2 - Exception: Negative values in data passed to MultinomialNB (input X)",,No using Ordinal Hot,0.0012011528015136719,9.655952453613281e-05
algerian_forest_fires_46279,,ordinalencoder,kernel_pca,,MultinomialNB(),3,,"Erro na combinação 1049 - Imputer: None, Categorização: ordinalencoder, Seleção de Feature: kernel_pca, Scaler: None, Fold: 3 - Exception: Negative values in data passed to MultinomialNB (input X)",,No using Ordinal Hot,0.0012011528015136719,9.655952453613281e-05
algerian_forest_fires_46279,,ordinalencoder,kernel_pca,,MultinomialNB(),4,,"Erro na combinação 1050 - Imputer: None, Categorização: ordinalencoder, Seleção de Feature: kernel_pca, Scaler: None, Fold: 4 - Exception: Negative values in data passed to MultinomialNB (input X)",,No using Ordinal Hot,0.0012011528015136719,9.655952453613281e-05
algerian_forest_fires_46279,,ordinalencoder,,standard,MultinomialNB(),0,,"Erro na combinação 1051 - Imputer: None, Categorização: ordinalencoder, Seleção de Feature: None, Scaler: standard, Fold: 0 - Exception: Negative values in data passed to MultinomialNB (input X)",,No using Ordinal Hot,0.0012011528015136719,9.655952453613281e-05
algerian_forest_fires_46279,,ordinalencoder,,standard,MultinomialNB(),1,,"Erro na combinação 1052 - Imputer: None, Categorização: ordinalencoder, Seleção de Feature: None, Scaler: standard, Fold: 1 - Exception: Negative values in data passed to MultinomialNB (input X)",,No using Ordinal Hot,0.0012011528015136719,9.655952453613281e-05
algerian_forest_fires_46279,,ordinalencoder,,standard,MultinomialNB(),2,,"Erro na combinação 1053 - Imputer: None, Categorização: ordinalencoder, Seleção de Feature: None, Scaler: standard, Fold: 2 - Exception: Negative values in data passed to MultinomialNB (input X)",,No using Ordinal Hot,0.0012011528015136719,9.655952453613281e-05
algerian_forest_fires_46279,,ordinalencoder,,standard,MultinomialNB(),3,,"Erro na combinação 1054 - Imputer: None, Categorização: ordinalencoder, Seleção de Feature: None, Scaler: standard, Fold: 3 - Exception: Negative values in data passed to MultinomialNB (input X)",,No using Ordinal Hot,0.0012011528015136719,9.655952453613281e-05
algerian_forest_fires_46279,,ordinalencoder,,standard,MultinomialNB(),4,,"Erro na combinação 1055 - Imputer: None, Categorização: ordinalencoder, Seleção de Feature: None, Scaler: standard, Fold: 4 - Exception: Negative values in data passed to MultinomialNB (input X)",,No using Ordinal Hot,0.0012011528015136719,9.655952453613281e-05
algerian_forest_fires_46279,,ordinalencoder,pca,standard,MultinomialNB(),0,,"Erro na combinação 1056 - Imputer: None, Categorização: ordinalencoder, Seleção de Feature: pca, Scaler: standard, Fold: 0 - Exception: Negative values in data passed to MultinomialNB (input X)",,No using Ordinal Hot,0.0012011528015136719,9.655952453613281e-05
algerian_forest_fires_46279,,ordinalencoder,pca,standard,MultinomialNB(),1,,"Erro na combinação 1057 - Imputer: None, Categorização: ordinalencoder, Seleção de Feature: pca, Scaler: standard, Fold: 1 - Exception: Negative values in data passed to MultinomialNB (input X)",,No using Ordinal Hot,0.0012011528015136719,9.655952453613281e-05
algerian_forest_fires_46279,,ordinalencoder,pca,standard,MultinomialNB(),2,,"Erro na combinação 1058 - Imputer: None, Categorização: ordinalencoder, Seleção de Feature: pca, Scaler: standard, Fold: 2 - Exception: Negative values in data passed to MultinomialNB (input X)",,No using Ordinal Hot,0.0012011528015136719,9.655952453613281e-05
algerian_forest_fires_46279,,ordinalencoder,pca,standard,MultinomialNB(),3,,"Erro na combinação 1059 - Imputer: None, Categorização: ordinalencoder, Seleção de Feature: pca, Scaler: standard, Fold: 3 - Exception: Negative values in data passed to MultinomialNB (input X)",,No using Ordinal Hot,0.0012011528015136719,9.655952453613281e-05
algerian_forest_fires_46279,,ordinalencoder,pca,standard,MultinomialNB(),4,,"Erro na combinação 1060 - Imputer: None, Categorização: ordinalencoder, Seleção de Feature: pca, Scaler: standard, Fold: 4 - Exception: Negative values in data passed to MultinomialNB (input X)",,No using Ordinal Hot,0.0012011528015136719,9.655952453613281e-05
algerian_forest_fires_46279,,ordinalencoder,fastica,standard,MultinomialNB(),0,,"Erro na combinação 1061 - Imputer: None, Categorização: ordinalencoder, Seleção de Feature: fastica, Scaler: standard, Fold: 0 - Exception: Negative values in data passed to MultinomialNB (input X)",,No using Ordinal Hot,0.0012011528015136719,9.655952453613281e-05
algerian_forest_fires_46279,,ordinalencoder,fastica,standard,MultinomialNB(),1,,"Erro na combinação 1062 - Imputer: None, Categorização: ordinalencoder, Seleção de Feature: fastica, Scaler: standard, Fold: 1 - Exception: Negative values in data passed to MultinomialNB (input X)",,No using Ordinal Hot,0.0012011528015136719,9.655952453613281e-05
algerian_forest_fires_46279,,ordinalencoder,fastica,standard,MultinomialNB(),2,,"Erro na combinação 1063 - Imputer: None, Categorização: ordinalencoder, Seleção de Feature: fastica, Scaler: standard, Fold: 2 - Exception: Negative values in data passed to MultinomialNB (input X)",,No using Ordinal Hot,0.0012011528015136719,9.655952453613281e-05
algerian_forest_fires_46279,,ordinalencoder,fastica,standard,MultinomialNB(),3,,"Erro na combinação 1064 - Imputer: None, Categorização: ordinalencoder, Seleção de Feature: fastica, Scaler: standard, Fold: 3 - Exception: Negative values in data passed to MultinomialNB (input X)",,No using Ordinal Hot,0.0012011528015136719,9.655952453613281e-05
algerian_forest_fires_46279,,ordinalencoder,fastica,standard,MultinomialNB(),4,,"Erro na combinação 1065 - Imputer: None, Categorização: ordinalencoder, Seleção de Feature: fastica, Scaler: standard, Fold: 4 - Exception: Negative values in data passed to MultinomialNB (input X)",,No using Ordinal Hot,0.0012011528015136719,9.655952453613281e-05
algerian_forest_fires_46279,,ordinalencoder,truncated_svd,standard,MultinomialNB(),0,,"Erro na combinação 1066 - Imputer: None, Categorização: ordinalencoder, Seleção de Feature: truncated_svd, Scaler: standard, Fold: 0 - Exception: Negative values in data passed to MultinomialNB (input X)",,No using Ordinal Hot,0.0012011528015136719,9.655952453613281e-05
algerian_forest_fires_46279,,ordinalencoder,truncated_svd,standard,MultinomialNB(),1,,"Erro na combinação 1067 - Imputer: None, Categorização: ordinalencoder, Seleção de Feature: truncated_svd, Scaler: standard, Fold: 1 - Exception: Negative values in data passed to MultinomialNB (input X)",,No using Ordinal Hot,0.0012011528015136719,9.655952453613281e-05
algerian_forest_fires_46279,,ordinalencoder,truncated_svd,standard,MultinomialNB(),2,,"Erro na combinação 1068 - Imputer: None, Categorização: ordinalencoder, Seleção de Feature: truncated_svd, Scaler: standard, Fold: 2 - Exception: Negative values in data passed to MultinomialNB (input X)",,No using Ordinal Hot,0.0012011528015136719,9.655952453613281e-05
algerian_forest_fires_46279,,ordinalencoder,truncated_svd,standard,MultinomialNB(),3,,"Erro na combinação 1069 - Imputer: None, Categorização: ordinalencoder, Seleção de Feature: truncated_svd, Scaler: standard, Fold: 3 - Exception: Negative values in data passed to MultinomialNB (input X)",,No using Ordinal Hot,0.0012011528015136719,9.655952453613281e-05
algerian_forest_fires_46279,,ordinalencoder,truncated_svd,standard,MultinomialNB(),4,,"Erro na combinação 1070 - Imputer: None, Categorização: ordinalencoder, Seleção de Feature: truncated_svd, Scaler: standard, Fold: 4 - Exception: Negative values in data passed to MultinomialNB (input X)",,No using Ordinal Hot,0.0012011528015136719,9.655952453613281e-05
algerian_forest_fires_46279,,ordinalencoder,select_percentile,standard,MultinomialNB(),0,,"Erro na combinação 1071 - Imputer: None, Categorização: ordinalencoder, Seleção de Feature: select_percentile, Scaler: standard, Fold: 0 - Exception: Negative values in data passed to MultinomialNB (input X)",,No using Ordinal Hot,0.0012011528015136719,9.655952453613281e-05
algerian_forest_fires_46279,,ordinalencoder,select_percentile,standard,MultinomialNB(),1,,"Erro na combinação 1072 - Imputer: None, Categorização: ordinalencoder, Seleção de Feature: select_percentile, Scaler: standard, Fold: 1 - Exception: Negative values in data passed to MultinomialNB (input X)",,No using Ordinal Hot,0.0012011528015136719,9.655952453613281e-05
algerian_forest_fires_46279,,ordinalencoder,select_percentile,standard,MultinomialNB(),2,,"Erro na combinação 1073 - Imputer: None, Categorização: ordinalencoder, Seleção de Feature: select_percentile, Scaler: standard, Fold: 2 - Exception: Negative values in data passed to MultinomialNB (input X)",,No using Ordinal Hot,0.0012011528015136719,9.655952453613281e-05
algerian_forest_fires_46279,,ordinalencoder,select_percentile,standard,MultinomialNB(),3,,"Erro na combinação 1074 - Imputer: None, Categorização: ordinalencoder, Seleção de Feature: select_percentile, Scaler: standard, Fold: 3 - Exception: Negative values in data passed to MultinomialNB (input X)",,No using Ordinal Hot,0.0012011528015136719,9.655952453613281e-05
algerian_forest_fires_46279,,ordinalencoder,select_percentile,standard,MultinomialNB(),4,,"Erro na combinação 1075 - Imputer: None, Categorização: ordinalencoder, Seleção de Feature: select_percentile, Scaler: standard, Fold: 4 - Exception: Negative values in data passed to MultinomialNB (input X)",,No using Ordinal Hot,0.0012011528015136719,9.655952453613281e-05
algerian_forest_fires_46279,,ordinalencoder,generic_univariate,standard,MultinomialNB(),0,,"Erro na combinação 1076 - Imputer: None, Categorização: ordinalencoder, Seleção de Feature: generic_univariate, Scaler: standard, Fold: 0 - Exception: Negative values in data passed to MultinomialNB (input X)",,No using Ordinal Hot,0.0012011528015136719,9.655952453613281e-05
algerian_forest_fires_46279,,ordinalencoder,generic_univariate,standard,MultinomialNB(),1,,"Erro na combinação 1077 - Imputer: None, Categorização: ordinalencoder, Seleção de Feature: generic_univariate, Scaler: standard, Fold: 1 - Exception: Negative values in data passed to MultinomialNB (input X)",,No using Ordinal Hot,0.0012011528015136719,9.655952453613281e-05
algerian_forest_fires_46279,,ordinalencoder,generic_univariate,standard,MultinomialNB(),2,,"Erro na combinação 1078 - Imputer: None, Categorização: ordinalencoder, Seleção de Feature: generic_univariate, Scaler: standard, Fold: 2 - Exception: Negative values in data passed to MultinomialNB (input X)",,No using Ordinal Hot,0.0012011528015136719,9.655952453613281e-05
algerian_forest_fires_46279,,ordinalencoder,generic_univariate,standard,MultinomialNB(),3,,"Erro na combinação 1079 - Imputer: None, Categorização: ordinalencoder, Seleção de Feature: generic_univariate, Scaler: standard, Fold: 3 - Exception: Negative values in data passed to MultinomialNB (input X)",,No using Ordinal Hot,0.0012011528015136719,9.655952453613281e-05
algerian_forest_fires_46279,,ordinalencoder,generic_univariate,standard,MultinomialNB(),4,,"Erro na combinação 1080 - Imputer: None, Categorização: ordinalencoder, Seleção de Feature: generic_univariate, Scaler: standard, Fold: 4 - Exception: Negative values in data passed to MultinomialNB (input X)",,No using Ordinal Hot,0.0012011528015136719,9.655952453613281e-05
algerian_forest_fires_46279,,ordinalencoder,polynomial_features,standard,MultinomialNB(),0,,"Erro na combinação 1081 - Imputer: None, Categorização: ordinalencoder, Seleção de Feature: polynomial_features, Scaler: standard, Fold: 0 - Exception: Negative values in data passed to MultinomialNB (input X)",,No using Ordinal Hot,0.0012011528015136719,9.655952453613281e-05
algerian_forest_fires_46279,,ordinalencoder,polynomial_features,standard,MultinomialNB(),1,,"Erro na combinação 1082 - Imputer: None, Categorização: ordinalencoder, Seleção de Feature: polynomial_features, Scaler: standard, Fold: 1 - Exception: Negative values in data passed to MultinomialNB (input X)",,No using Ordinal Hot,0.0012011528015136719,9.655952453613281e-05
algerian_forest_fires_46279,,ordinalencoder,polynomial_features,standard,MultinomialNB(),2,,"Erro na combinação 1083 - Imputer: None, Categorização: ordinalencoder, Seleção de Feature: polynomial_features, Scaler: standard, Fold: 2 - Exception: Negative values in data passed to MultinomialNB (input X)",,No using Ordinal Hot,0.0012011528015136719,9.655952453613281e-05
algerian_forest_fires_46279,,ordinalencoder,polynomial_features,standard,MultinomialNB(),3,,"Erro na combinação 1084 - Imputer: None, Categorização: ordinalencoder, Seleção de Feature: polynomial_features, Scaler: standard, Fold: 3 - Exception: Negative values in data passed to MultinomialNB (input X)",,No using Ordinal Hot,0.0012011528015136719,9.655952453613281e-05
algerian_forest_fires_46279,,ordinalencoder,polynomial_features,standard,MultinomialNB(),4,,"Erro na combinação 1085 - Imputer: None, Categorização: ordinalencoder, Seleção de Feature: polynomial_features, Scaler: standard, Fold: 4 - Exception: Negative values in data passed to MultinomialNB (input X)",,No using Ordinal Hot,0.0012011528015136719,9.655952453613281e-05
algerian_forest_fires_46279,,ordinalencoder,nystroem,standard,MultinomialNB(),0,,"Erro na combinação 1086 - Imputer: None, Categorização: ordinalencoder, Seleção de Feature: nystroem, Scaler: standard, Fold: 0 - Exception: Negative values in data passed to MultinomialNB (input X)",,No using Ordinal Hot,0.0012011528015136719,9.655952453613281e-05
algerian_forest_fires_46279,,ordinalencoder,nystroem,standard,MultinomialNB(),1,,"Erro na combinação 1087 - Imputer: None, Categorização: ordinalencoder, Seleção de Feature: nystroem, Scaler: standard, Fold: 1 - Exception: Negative values in data passed to MultinomialNB (input X)",,No using Ordinal Hot,0.0012011528015136719,9.655952453613281e-05
algerian_forest_fires_46279,,ordinalencoder,nystroem,standard,MultinomialNB(),2,,"Erro na combinação 1088 - Imputer: None, Categorização: ordinalencoder, Seleção de Feature: nystroem, Scaler: standard, Fold: 2 - Exception: Negative values in data passed to MultinomialNB (input X)",,No using Ordinal Hot,0.0012011528015136719,9.655952453613281e-05
algerian_forest_fires_46279,,ordinalencoder,nystroem,standard,MultinomialNB(),3,,"Erro na combinação 1089 - Imputer: None, Categorização: ordinalencoder, Seleção de Feature: nystroem, Scaler: standard, Fold: 3 - Exception: Negative values in data passed to MultinomialNB (input X)",,No using Ordinal Hot,0.0012011528015136719,9.655952453613281e-05
algerian_forest_fires_46279,,ordinalencoder,nystroem,standard,MultinomialNB(),4,,"Erro na combinação 1090 - Imputer: None, Categorização: ordinalencoder, Seleção de Feature: nystroem, Scaler: standard, Fold: 4 - Exception: Negative values in data passed to MultinomialNB (input X)",,No using Ordinal Hot,0.0012011528015136719,9.655952453613281e-05
algerian_forest_fires_46279,,ordinalencoder,rbf_sampler,standard,MultinomialNB(),0,,"Erro na combinação 1091 - Imputer: None, Categorização: ordinalencoder, Seleção de Feature: rbf_sampler, Scaler: standard, Fold: 0 - Exception: Negative values in data passed to MultinomialNB (input X)",,No using Ordinal Hot,0.0012011528015136719,9.655952453613281e-05
algerian_forest_fires_46279,,ordinalencoder,rbf_sampler,standard,MultinomialNB(),1,,"Erro na combinação 1092 - Imputer: None, Categorização: ordinalencoder, Seleção de Feature: rbf_sampler, Scaler: standard, Fold: 1 - Exception: Negative values in data passed to MultinomialNB (input X)",,No using Ordinal Hot,0.0012011528015136719,9.655952453613281e-05
algerian_forest_fires_46279,,ordinalencoder,rbf_sampler,standard,MultinomialNB(),2,,"Erro na combinação 1093 - Imputer: None, Categorização: ordinalencoder, Seleção de Feature: rbf_sampler, Scaler: standard, Fold: 2 - Exception: Negative values in data passed to MultinomialNB (input X)",,No using Ordinal Hot,0.0012011528015136719,9.655952453613281e-05
algerian_forest_fires_46279,,ordinalencoder,rbf_sampler,standard,MultinomialNB(),3,,"Erro na combinação 1094 - Imputer: None, Categorização: ordinalencoder, Seleção de Feature: rbf_sampler, Scaler: standard, Fold: 3 - Exception: Negative values in data passed to MultinomialNB (input X)",,No using Ordinal Hot,0.0012011528015136719,9.655952453613281e-05
algerian_forest_fires_46279,,ordinalencoder,rbf_sampler,standard,MultinomialNB(),4,,"Erro na combinação 1095 - Imputer: None, Categorização: ordinalencoder, Seleção de Feature: rbf_sampler, Scaler: standard, Fold: 4 - Exception: Negative values in data passed to MultinomialNB (input X)",,No using Ordinal Hot,0.0012011528015136719,9.655952453613281e-05
algerian_forest_fires_46279,,ordinalencoder,random_trees_embedding,standard,MultinomialNB(),0,0.8979591836734694,,,No using Ordinal Hot,0.0015578269958496094,0.00013685226440429688
algerian_forest_fires_46279,,ordinalencoder,random_trees_embedding,standard,MultinomialNB(),1,0.9387755102040817,,,No using Ordinal Hot,0.0014216899871826172,0.0001361370086669922
algerian_forest_fires_46279,,ordinalencoder,random_trees_embedding,standard,MultinomialNB(),2,0.9183673469387755,,,No using Ordinal Hot,0.0014405250549316406,0.00013518333435058594
algerian_forest_fires_46279,,ordinalencoder,random_trees_embedding,standard,MultinomialNB(),3,0.9583333333333334,,,No using Ordinal Hot,0.0014934539794921875,0.00013589859008789062
algerian_forest_fires_46279,,ordinalencoder,random_trees_embedding,standard,MultinomialNB(),4,0.9791666666666666,,,No using Ordinal Hot,0.0015141963958740234,0.0001354217529296875
algerian_forest_fires_46279,,ordinalencoder,feature_agglomeration,standard,MultinomialNB(),0,,"Erro na combinação 1101 - Imputer: None, Categorização: ordinalencoder, Seleção de Feature: feature_agglomeration, Scaler: standard, Fold: 0 - Exception: Negative values in data passed to MultinomialNB (input X)",,No using Ordinal Hot,0.0015141963958740234,0.0001354217529296875
algerian_forest_fires_46279,,ordinalencoder,feature_agglomeration,standard,MultinomialNB(),1,,"Erro na combinação 1102 - Imputer: None, Categorização: ordinalencoder, Seleção de Feature: feature_agglomeration, Scaler: standard, Fold: 1 - Exception: Negative values in data passed to MultinomialNB (input X)",,No using Ordinal Hot,0.0015141963958740234,0.0001354217529296875
algerian_forest_fires_46279,,ordinalencoder,feature_agglomeration,standard,MultinomialNB(),2,,"Erro na combinação 1103 - Imputer: None, Categorização: ordinalencoder, Seleção de Feature: feature_agglomeration, Scaler: standard, Fold: 2 - Exception: Negative values in data passed to MultinomialNB (input X)",,No using Ordinal Hot,0.0015141963958740234,0.0001354217529296875
algerian_forest_fires_46279,,ordinalencoder,feature_agglomeration,standard,MultinomialNB(),3,,"Erro na combinação 1104 - Imputer: None, Categorização: ordinalencoder, Seleção de Feature: feature_agglomeration, Scaler: standard, Fold: 3 - Exception: Negative values in data passed to MultinomialNB (input X)",,No using Ordinal Hot,0.0015141963958740234,0.0001354217529296875
algerian_forest_fires_46279,,ordinalencoder,feature_agglomeration,standard,MultinomialNB(),4,,"Erro na combinação 1105 - Imputer: None, Categorização: ordinalencoder, Seleção de Feature: feature_agglomeration, Scaler: standard, Fold: 4 - Exception: Negative values in data passed to MultinomialNB (input X)",,No using Ordinal Hot,0.0015141963958740234,0.0001354217529296875
algerian_forest_fires_46279,,ordinalencoder,extra_tree,standard,MultinomialNB(),0,,"Erro na combinação 1106 - Imputer: None, Categorização: ordinalencoder, Seleção de Feature: extra_tree, Scaler: standard, Fold: 0 - Exception: Negative values in data passed to MultinomialNB (input X)",,No using Ordinal Hot,0.0015141963958740234,0.0001354217529296875
algerian_forest_fires_46279,,ordinalencoder,extra_tree,standard,MultinomialNB(),1,,"Erro na combinação 1107 - Imputer: None, Categorização: ordinalencoder, Seleção de Feature: extra_tree, Scaler: standard, Fold: 1 - Exception: Negative values in data passed to MultinomialNB (input X)",,No using Ordinal Hot,0.0015141963958740234,0.0001354217529296875
algerian_forest_fires_46279,,ordinalencoder,extra_tree,standard,MultinomialNB(),2,,"Erro na combinação 1108 - Imputer: None, Categorização: ordinalencoder, Seleção de Feature: extra_tree, Scaler: standard, Fold: 2 - Exception: Negative values in data passed to MultinomialNB (input X)",,No using Ordinal Hot,0.0015141963958740234,0.0001354217529296875
algerian_forest_fires_46279,,ordinalencoder,extra_tree,standard,MultinomialNB(),3,,"Erro na combinação 1109 - Imputer: None, Categorização: ordinalencoder, Seleção de Feature: extra_tree, Scaler: standard, Fold: 3 - Exception: Negative values in data passed to MultinomialNB (input X)",,No using Ordinal Hot,0.0015141963958740234,0.0001354217529296875
algerian_forest_fires_46279,,ordinalencoder,extra_tree,standard,MultinomialNB(),4,,"Erro na combinação 1110 - Imputer: None, Categorização: ordinalencoder, Seleção de Feature: extra_tree, Scaler: standard, Fold: 4 - Exception: Negative values in data passed to MultinomialNB (input X)",,No using Ordinal Hot,0.0015141963958740234,0.0001354217529296875
algerian_forest_fires_46279,,ordinalencoder,linear_svc,standard,MultinomialNB(),0,,"Erro na combinação 1111 - Imputer: None, Categorização: ordinalencoder, Seleção de Feature: linear_svc, Scaler: standard, Fold: 0 - Exception: Negative values in data passed to MultinomialNB (input X)",,No using Ordinal Hot,0.0015141963958740234,0.0001354217529296875
algerian_forest_fires_46279,,ordinalencoder,linear_svc,standard,MultinomialNB(),1,,"Erro na combinação 1112 - Imputer: None, Categorização: ordinalencoder, Seleção de Feature: linear_svc, Scaler: standard, Fold: 1 - Exception: Negative values in data passed to MultinomialNB (input X)",,No using Ordinal Hot,0.0015141963958740234,0.0001354217529296875
algerian_forest_fires_46279,,ordinalencoder,linear_svc,standard,MultinomialNB(),2,,"Erro na combinação 1113 - Imputer: None, Categorização: ordinalencoder, Seleção de Feature: linear_svc, Scaler: standard, Fold: 2 - Exception: Negative values in data passed to MultinomialNB (input X)",,No using Ordinal Hot,0.0015141963958740234,0.0001354217529296875
algerian_forest_fires_46279,,ordinalencoder,linear_svc,standard,MultinomialNB(),3,,"Erro na combinação 1114 - Imputer: None, Categorização: ordinalencoder, Seleção de Feature: linear_svc, Scaler: standard, Fold: 3 - Exception: Negative values in data passed to MultinomialNB (input X)",,No using Ordinal Hot,0.0015141963958740234,0.0001354217529296875
algerian_forest_fires_46279,,ordinalencoder,linear_svc,standard,MultinomialNB(),4,,"Erro na combinação 1115 - Imputer: None, Categorização: ordinalencoder, Seleção de Feature: linear_svc, Scaler: standard, Fold: 4 - Exception: Negative values in data passed to MultinomialNB (input X)",,No using Ordinal Hot,0.0015141963958740234,0.0001354217529296875
algerian_forest_fires_46279,,ordinalencoder,kernel_pca,standard,MultinomialNB(),0,,"Erro na combinação 1116 - Imputer: None, Categorização: ordinalencoder, Seleção de Feature: kernel_pca, Scaler: standard, Fold: 0 - Exception: Negative values in data passed to MultinomialNB (input X)",,No using Ordinal Hot,0.0015141963958740234,0.0001354217529296875
algerian_forest_fires_46279,,ordinalencoder,kernel_pca,standard,MultinomialNB(),1,,"Erro na combinação 1117 - Imputer: None, Categorização: ordinalencoder, Seleção de Feature: kernel_pca, Scaler: standard, Fold: 1 - Exception: Negative values in data passed to MultinomialNB (input X)",,No using Ordinal Hot,0.0015141963958740234,0.0001354217529296875
algerian_forest_fires_46279,,ordinalencoder,kernel_pca,standard,MultinomialNB(),2,,"Erro na combinação 1118 - Imputer: None, Categorização: ordinalencoder, Seleção de Feature: kernel_pca, Scaler: standard, Fold: 2 - Exception: Negative values in data passed to MultinomialNB (input X)",,No using Ordinal Hot,0.0015141963958740234,0.0001354217529296875
algerian_forest_fires_46279,,ordinalencoder,kernel_pca,standard,MultinomialNB(),3,,"Erro na combinação 1119 - Imputer: None, Categorização: ordinalencoder, Seleção de Feature: kernel_pca, Scaler: standard, Fold: 3 - Exception: Negative values in data passed to MultinomialNB (input X)",,No using Ordinal Hot,0.0015141963958740234,0.0001354217529296875
algerian_forest_fires_46279,,ordinalencoder,kernel_pca,standard,MultinomialNB(),4,,"Erro na combinação 1120 - Imputer: None, Categorização: ordinalencoder, Seleção de Feature: kernel_pca, Scaler: standard, Fold: 4 - Exception: Negative values in data passed to MultinomialNB (input X)",,No using Ordinal Hot,0.0015141963958740234,0.0001354217529296875
algerian_forest_fires_46279,,ordinalencoder,,minmax,MultinomialNB(),0,0.8571428571428571,,,No using Ordinal Hot,0.0015006065368652344,0.00011420249938964844
algerian_forest_fires_46279,,ordinalencoder,,minmax,MultinomialNB(),1,0.8571428571428571,,,No using Ordinal Hot,0.0015170574188232422,0.00011706352233886719
algerian_forest_fires_46279,,ordinalencoder,,minmax,MultinomialNB(),2,0.9183673469387755,,,No using Ordinal Hot,0.001520395278930664,0.00011491775512695312
algerian_forest_fires_46279,,ordinalencoder,,minmax,MultinomialNB(),3,0.9166666666666666,,,No using Ordinal Hot,0.0014715194702148438,0.00011348724365234375
algerian_forest_fires_46279,,ordinalencoder,,minmax,MultinomialNB(),4,0.8958333333333334,,,No using Ordinal Hot,0.001371145248413086,0.00010991096496582031
algerian_forest_fires_46279,,ordinalencoder,pca,minmax,MultinomialNB(),0,,"Erro na combinação 1126 - Imputer: None, Categorização: ordinalencoder, Seleção de Feature: pca, Scaler: minmax, Fold: 0 - Exception: Negative values in data passed to MultinomialNB (input X)",,No using Ordinal Hot,0.001371145248413086,0.00010991096496582031
algerian_forest_fires_46279,,ordinalencoder,pca,minmax,MultinomialNB(),1,,"Erro na combinação 1127 - Imputer: None, Categorização: ordinalencoder, Seleção de Feature: pca, Scaler: minmax, Fold: 1 - Exception: Negative values in data passed to MultinomialNB (input X)",,No using Ordinal Hot,0.001371145248413086,0.00010991096496582031
algerian_forest_fires_46279,,ordinalencoder,pca,minmax,MultinomialNB(),2,,"Erro na combinação 1128 - Imputer: None, Categorização: ordinalencoder, Seleção de Feature: pca, Scaler: minmax, Fold: 2 - Exception: Negative values in data passed to MultinomialNB (input X)",,No using Ordinal Hot,0.001371145248413086,0.00010991096496582031
algerian_forest_fires_46279,,ordinalencoder,pca,minmax,MultinomialNB(),3,,"Erro na combinação 1129 - Imputer: None, Categorização: ordinalencoder, Seleção de Feature: pca, Scaler: minmax, Fold: 3 - Exception: Negative values in data passed to MultinomialNB (input X)",,No using Ordinal Hot,0.001371145248413086,0.00010991096496582031
algerian_forest_fires_46279,,ordinalencoder,pca,minmax,MultinomialNB(),4,,"Erro na combinação 1130 - Imputer: None, Categorização: ordinalencoder, Seleção de Feature: pca, Scaler: minmax, Fold: 4 - Exception: Negative values in data passed to MultinomialNB (input X)",,No using Ordinal Hot,0.001371145248413086,0.00010991096496582031
algerian_forest_fires_46279,,ordinalencoder,fastica,minmax,MultinomialNB(),0,,"Erro na combinação 1131 - Imputer: None, Categorização: ordinalencoder, Seleção de Feature: fastica, Scaler: minmax, Fold: 0 - Exception: Negative values in data passed to MultinomialNB (input X)",,No using Ordinal Hot,0.001371145248413086,0.00010991096496582031
algerian_forest_fires_46279,,ordinalencoder,fastica,minmax,MultinomialNB(),1,,"Erro na combinação 1132 - Imputer: None, Categorização: ordinalencoder, Seleção de Feature: fastica, Scaler: minmax, Fold: 1 - Exception: Negative values in data passed to MultinomialNB (input X)",,No using Ordinal Hot,0.001371145248413086,0.00010991096496582031
algerian_forest_fires_46279,,ordinalencoder,fastica,minmax,MultinomialNB(),2,,"Erro na combinação 1133 - Imputer: None, Categorização: ordinalencoder, Seleção de Feature: fastica, Scaler: minmax, Fold: 2 - Exception: Negative values in data passed to MultinomialNB (input X)",,No using Ordinal Hot,0.001371145248413086,0.00010991096496582031
algerian_forest_fires_46279,,ordinalencoder,fastica,minmax,MultinomialNB(),3,,"Erro na combinação 1134 - Imputer: None, Categorização: ordinalencoder, Seleção de Feature: fastica, Scaler: minmax, Fold: 3 - Exception: Negative values in data passed to MultinomialNB (input X)",,No using Ordinal Hot,0.001371145248413086,0.00010991096496582031
algerian_forest_fires_46279,,ordinalencoder,fastica,minmax,MultinomialNB(),4,,"Erro na combinação 1135 - Imputer: None, Categorização: ordinalencoder, Seleção de Feature: fastica, Scaler: minmax, Fold: 4 - Exception: Negative values in data passed to MultinomialNB (input X)",,No using Ordinal Hot,0.001371145248413086,0.00010991096496582031
algerian_forest_fires_46279,,ordinalencoder,truncated_svd,minmax,MultinomialNB(),0,,"Erro na combinação 1136 - Imputer: None, Categorização: ordinalencoder, Seleção de Feature: truncated_svd, Scaler: minmax, Fold: 0 - Exception: Negative values in data passed to MultinomialNB (input X)",,No using Ordinal Hot,0.001371145248413086,0.00010991096496582031
algerian_forest_fires_46279,,ordinalencoder,truncated_svd,minmax,MultinomialNB(),1,,"Erro na combinação 1137 - Imputer: None, Categorização: ordinalencoder, Seleção de Feature: truncated_svd, Scaler: minmax, Fold: 1 - Exception: Negative values in data passed to MultinomialNB (input X)",,No using Ordinal Hot,0.001371145248413086,0.00010991096496582031
algerian_forest_fires_46279,,ordinalencoder,truncated_svd,minmax,MultinomialNB(),2,,"Erro na combinação 1138 - Imputer: None, Categorização: ordinalencoder, Seleção de Feature: truncated_svd, Scaler: minmax, Fold: 2 - Exception: Negative values in data passed to MultinomialNB (input X)",,No using Ordinal Hot,0.001371145248413086,0.00010991096496582031
algerian_forest_fires_46279,,ordinalencoder,truncated_svd,minmax,MultinomialNB(),3,,"Erro na combinação 1139 - Imputer: None, Categorização: ordinalencoder, Seleção de Feature: truncated_svd, Scaler: minmax, Fold: 3 - Exception: Negative values in data passed to MultinomialNB (input X)",,No using Ordinal Hot,0.001371145248413086,0.00010991096496582031
algerian_forest_fires_46279,,ordinalencoder,truncated_svd,minmax,MultinomialNB(),4,,"Erro na combinação 1140 - Imputer: None, Categorização: ordinalencoder, Seleção de Feature: truncated_svd, Scaler: minmax, Fold: 4 - Exception: Negative values in data passed to MultinomialNB (input X)",,No using Ordinal Hot,0.001371145248413086,0.00010991096496582031
algerian_forest_fires_46279,,ordinalencoder,select_percentile,minmax,MultinomialNB(),0,0.5510204081632653,,,No using Ordinal Hot,0.001188039779663086,9.417533874511719e-05
algerian_forest_fires_46279,,ordinalencoder,select_percentile,minmax,MultinomialNB(),1,0.5510204081632653,,,No using Ordinal Hot,0.001239776611328125,9.655952453613281e-05
algerian_forest_fires_46279,,ordinalencoder,select_percentile,minmax,MultinomialNB(),2,0.5714285714285714,,,No using Ordinal Hot,0.0011806488037109375,9.5367431640625e-05
algerian_forest_fires_46279,,ordinalencoder,select_percentile,minmax,MultinomialNB(),3,0.6041666666666666,,,No using Ordinal Hot,0.001168966293334961,0.0002989768981933594
algerian_forest_fires_46279,,ordinalencoder,select_percentile,minmax,MultinomialNB(),4,0.5416666666666666,,,No using Ordinal Hot,0.0014202594757080078,0.00010418891906738281
algerian_forest_fires_46279,,ordinalencoder,generic_univariate,minmax,MultinomialNB(),0,0.5510204081632653,,,No using Ordinal Hot,0.0013971328735351562,0.00010657310485839844
algerian_forest_fires_46279,,ordinalencoder,generic_univariate,minmax,MultinomialNB(),1,0.5510204081632653,,,No using Ordinal Hot,0.0013256072998046875,0.00010013580322265625
algerian_forest_fires_46279,,ordinalencoder,generic_univariate,minmax,MultinomialNB(),2,0.5714285714285714,,,No using Ordinal Hot,0.001306295394897461,9.417533874511719e-05
algerian_forest_fires_46279,,ordinalencoder,generic_univariate,minmax,MultinomialNB(),3,0.6041666666666666,,,No using Ordinal Hot,0.001561880111694336,9.608268737792969e-05
algerian_forest_fires_46279,,ordinalencoder,generic_univariate,minmax,MultinomialNB(),4,0.5416666666666666,,,No using Ordinal Hot,0.0012154579162597656,9.298324584960938e-05
algerian_forest_fires_46279,,ordinalencoder,polynomial_features,minmax,MultinomialNB(),0,0.8979591836734694,,,No using Ordinal Hot,0.0012066364288330078,0.00010538101196289062
algerian_forest_fires_46279,,ordinalencoder,polynomial_features,minmax,MultinomialNB(),1,0.9183673469387755,,,No using Ordinal Hot,0.0012366771697998047,0.00010323524475097656
algerian_forest_fires_46279,,ordinalencoder,polynomial_features,minmax,MultinomialNB(),2,0.8775510204081632,,,No using Ordinal Hot,0.00125885009765625,0.00010848045349121094
algerian_forest_fires_46279,,ordinalencoder,polynomial_features,minmax,MultinomialNB(),3,0.9375,,,No using Ordinal Hot,0.0012633800506591797,0.0001049041748046875
algerian_forest_fires_46279,,ordinalencoder,polynomial_features,minmax,MultinomialNB(),4,0.9583333333333334,,,No using Ordinal Hot,0.0012536048889160156,0.00010514259338378906
algerian_forest_fires_46279,,ordinalencoder,nystroem,minmax,MultinomialNB(),0,0.8163265306122449,,,No using Ordinal Hot,0.0015015602111816406,0.00013446807861328125
algerian_forest_fires_46279,,ordinalencoder,nystroem,minmax,MultinomialNB(),1,0.8163265306122449,,,No using Ordinal Hot,0.0015411376953125,0.00012254714965820312
algerian_forest_fires_46279,,ordinalencoder,nystroem,minmax,MultinomialNB(),2,0.8571428571428571,,,No using Ordinal Hot,0.0015516281127929688,0.00015282630920410156
algerian_forest_fires_46279,,ordinalencoder,nystroem,minmax,MultinomialNB(),3,0.9375,,,No using Ordinal Hot,0.0015914440155029297,0.00012254714965820312
algerian_forest_fires_46279,,ordinalencoder,nystroem,minmax,MultinomialNB(),4,0.8958333333333334,,,No using Ordinal Hot,0.001529693603515625,0.00012135505676269531
algerian_forest_fires_46279,,ordinalencoder,rbf_sampler,minmax,MultinomialNB(),0,,"Erro na combinação 1161 - Imputer: None, Categorização: ordinalencoder, Seleção de Feature: rbf_sampler, Scaler: minmax, Fold: 0 - Exception: Negative values in data passed to MultinomialNB (input X)",,No using Ordinal Hot,0.001529693603515625,0.00012135505676269531
algerian_forest_fires_46279,,ordinalencoder,rbf_sampler,minmax,MultinomialNB(),1,,"Erro na combinação 1162 - Imputer: None, Categorização: ordinalencoder, Seleção de Feature: rbf_sampler, Scaler: minmax, Fold: 1 - Exception: Negative values in data passed to MultinomialNB (input X)",,No using Ordinal Hot,0.001529693603515625,0.00012135505676269531
algerian_forest_fires_46279,,ordinalencoder,rbf_sampler,minmax,MultinomialNB(),2,,"Erro na combinação 1163 - Imputer: None, Categorização: ordinalencoder, Seleção de Feature: rbf_sampler, Scaler: minmax, Fold: 2 - Exception: Negative values in data passed to MultinomialNB (input X)",,No using Ordinal Hot,0.001529693603515625,0.00012135505676269531
algerian_forest_fires_46279,,ordinalencoder,rbf_sampler,minmax,MultinomialNB(),3,,"Erro na combinação 1164 - Imputer: None, Categorização: ordinalencoder, Seleção de Feature: rbf_sampler, Scaler: minmax, Fold: 3 - Exception: Negative values in data passed to MultinomialNB (input X)",,No using Ordinal Hot,0.001529693603515625,0.00012135505676269531
algerian_forest_fires_46279,,ordinalencoder,rbf_sampler,minmax,MultinomialNB(),4,,"Erro na combinação 1165 - Imputer: None, Categorização: ordinalencoder, Seleção de Feature: rbf_sampler, Scaler: minmax, Fold: 4 - Exception: Negative values in data passed to MultinomialNB (input X)",,No using Ordinal Hot,0.001529693603515625,0.00012135505676269531
algerian_forest_fires_46279,,ordinalencoder,random_trees_embedding,minmax,MultinomialNB(),0,0.8979591836734694,,,No using Ordinal Hot,0.0014832019805908203,0.0001347064971923828
algerian_forest_fires_46279,,ordinalencoder,random_trees_embedding,minmax,MultinomialNB(),1,0.9387755102040817,,,No using Ordinal Hot,0.0014295578002929688,0.00013494491577148438
algerian_forest_fires_46279,,ordinalencoder,random_trees_embedding,minmax,MultinomialNB(),2,0.9183673469387755,,,No using Ordinal Hot,0.0014655590057373047,0.0001347064971923828
algerian_forest_fires_46279,,ordinalencoder,random_trees_embedding,minmax,MultinomialNB(),3,0.9583333333333334,,,No using Ordinal Hot,0.0014126300811767578,0.00014019012451171875
algerian_forest_fires_46279,,ordinalencoder,random_trees_embedding,minmax,MultinomialNB(),4,0.9791666666666666,,,No using Ordinal Hot,0.0014171600341796875,0.00013327598571777344
algerian_forest_fires_46279,,ordinalencoder,feature_agglomeration,minmax,MultinomialNB(),0,0.5510204081632653,,,No using Ordinal Hot,0.0011777877807617188,0.00011610984802246094
algerian_forest_fires_46279,,ordinalencoder,feature_agglomeration,minmax,MultinomialNB(),1,0.5510204081632653,,,No using Ordinal Hot,0.0012717247009277344,9.608268737792969e-05
algerian_forest_fires_46279,,ordinalencoder,feature_agglomeration,minmax,MultinomialNB(),2,0.5714285714285714,,,No using Ordinal Hot,0.0013260841369628906,9.584426879882812e-05
algerian_forest_fires_46279,,ordinalencoder,feature_agglomeration,minmax,MultinomialNB(),3,0.6041666666666666,,,No using Ordinal Hot,0.0012886524200439453,9.608268737792969e-05
algerian_forest_fires_46279,,ordinalencoder,feature_agglomeration,minmax,MultinomialNB(),4,0.5416666666666666,,,No using Ordinal Hot,0.001348257064819336,0.00012874603271484375
algerian_forest_fires_46279,,ordinalencoder,extra_tree,minmax,MultinomialNB(),0,0.5510204081632653,,,No using Ordinal Hot,0.001302480697631836,9.870529174804688e-05
algerian_forest_fires_46279,,ordinalencoder,extra_tree,minmax,MultinomialNB(),1,0.5510204081632653,,,No using Ordinal Hot,0.001318216323852539,9.751319885253906e-05
algerian_forest_fires_46279,,ordinalencoder,extra_tree,minmax,MultinomialNB(),2,0.5714285714285714,,,No using Ordinal Hot,0.0013604164123535156,9.942054748535156e-05
algerian_forest_fires_46279,,ordinalencoder,extra_tree,minmax,MultinomialNB(),3,0.6041666666666666,,,No using Ordinal Hot,0.0012848377227783203,0.00011920928955078125
algerian_forest_fires_46279,,ordinalencoder,extra_tree,minmax,MultinomialNB(),4,0.5416666666666666,,,No using Ordinal Hot,0.0012290477752685547,9.560585021972656e-05
algerian_forest_fires_46279,,ordinalencoder,linear_svc,minmax,MultinomialNB(),0,0.5510204081632653,,,No using Ordinal Hot,0.0012869834899902344,0.0001323223114013672
algerian_forest_fires_46279,,ordinalencoder,linear_svc,minmax,MultinomialNB(),1,0.5510204081632653,,,No using Ordinal Hot,0.001268148422241211,9.799003601074219e-05
algerian_forest_fires_46279,,ordinalencoder,linear_svc,minmax,MultinomialNB(),2,0.7755102040816326,,,No using Ordinal Hot,0.0012102127075195312,9.751319885253906e-05
algerian_forest_fires_46279,,ordinalencoder,linear_svc,minmax,MultinomialNB(),3,0.6041666666666666,,,No using Ordinal Hot,0.0012710094451904297,9.5367431640625e-05
algerian_forest_fires_46279,,ordinalencoder,linear_svc,minmax,MultinomialNB(),4,0.5416666666666666,,,No using Ordinal Hot,0.0012869834899902344,9.72747802734375e-05
algerian_forest_fires_46279,,ordinalencoder,kernel_pca,minmax,MultinomialNB(),0,,"Erro na combinação 1186 - Imputer: None, Categorização: ordinalencoder, Seleção de Feature: kernel_pca, Scaler: minmax, Fold: 0 - Exception: Negative values in data passed to MultinomialNB (input X)",,No using Ordinal Hot,0.0012869834899902344,9.72747802734375e-05
algerian_forest_fires_46279,,ordinalencoder,kernel_pca,minmax,MultinomialNB(),1,,"Erro na combinação 1187 - Imputer: None, Categorização: ordinalencoder, Seleção de Feature: kernel_pca, Scaler: minmax, Fold: 1 - Exception: Negative values in data passed to MultinomialNB (input X)",,No using Ordinal Hot,0.0012869834899902344,9.72747802734375e-05
algerian_forest_fires_46279,,ordinalencoder,kernel_pca,minmax,MultinomialNB(),2,,"Erro na combinação 1188 - Imputer: None, Categorização: ordinalencoder, Seleção de Feature: kernel_pca, Scaler: minmax, Fold: 2 - Exception: Negative values in data passed to MultinomialNB (input X)",,No using Ordinal Hot,0.0012869834899902344,9.72747802734375e-05
algerian_forest_fires_46279,,ordinalencoder,kernel_pca,minmax,MultinomialNB(),3,,"Erro na combinação 1189 - Imputer: None, Categorização: ordinalencoder, Seleção de Feature: kernel_pca, Scaler: minmax, Fold: 3 - Exception: Negative values in data passed to MultinomialNB (input X)",,No using Ordinal Hot,0.0012869834899902344,9.72747802734375e-05
algerian_forest_fires_46279,,ordinalencoder,kernel_pca,minmax,MultinomialNB(),4,,"Erro na combinação 1190 - Imputer: None, Categorização: ordinalencoder, Seleção de Feature: kernel_pca, Scaler: minmax, Fold: 4 - Exception: Negative values in data passed to MultinomialNB (input X)",,No using Ordinal Hot,0.0012869834899902344,9.72747802734375e-05
algerian_forest_fires_46279,,ordinalencoder,,robust,MultinomialNB(),0,,"Erro na combinação 1191 - Imputer: None, Categorização: ordinalencoder, Seleção de Feature: None, Scaler: robust, Fold: 0 - Exception: Negative values in data passed to MultinomialNB (input X)",,No using Ordinal Hot,0.0012869834899902344,9.72747802734375e-05
algerian_forest_fires_46279,,ordinalencoder,,robust,MultinomialNB(),1,,"Erro na combinação 1192 - Imputer: None, Categorização: ordinalencoder, Seleção de Feature: None, Scaler: robust, Fold: 1 - Exception: Negative values in data passed to MultinomialNB (input X)",,No using Ordinal Hot,0.0012869834899902344,9.72747802734375e-05
algerian_forest_fires_46279,,ordinalencoder,,robust,MultinomialNB(),2,,"Erro na combinação 1193 - Imputer: None, Categorização: ordinalencoder, Seleção de Feature: None, Scaler: robust, Fold: 2 - Exception: Negative values in data passed to MultinomialNB (input X)",,No using Ordinal Hot,0.0012869834899902344,9.72747802734375e-05
algerian_forest_fires_46279,,ordinalencoder,,robust,MultinomialNB(),3,,"Erro na combinação 1194 - Imputer: None, Categorização: ordinalencoder, Seleção de Feature: None, Scaler: robust, Fold: 3 - Exception: Negative values in data passed to MultinomialNB (input X)",,No using Ordinal Hot,0.0012869834899902344,9.72747802734375e-05
algerian_forest_fires_46279,,ordinalencoder,,robust,MultinomialNB(),4,,"Erro na combinação 1195 - Imputer: None, Categorização: ordinalencoder, Seleção de Feature: None, Scaler: robust, Fold: 4 - Exception: Negative values in data passed to MultinomialNB (input X)",,No using Ordinal Hot,0.0012869834899902344,9.72747802734375e-05
algerian_forest_fires_46279,,ordinalencoder,pca,robust,MultinomialNB(),0,,"Erro na combinação 1196 - Imputer: None, Categorização: ordinalencoder, Seleção de Feature: pca, Scaler: robust, Fold: 0 - Exception: Negative values in data passed to MultinomialNB (input X)",,No using Ordinal Hot,0.0012869834899902344,9.72747802734375e-05
algerian_forest_fires_46279,,ordinalencoder,pca,robust,MultinomialNB(),1,,"Erro na combinação 1197 - Imputer: None, Categorização: ordinalencoder, Seleção de Feature: pca, Scaler: robust, Fold: 1 - Exception: Negative values in data passed to MultinomialNB (input X)",,No using Ordinal Hot,0.0012869834899902344,9.72747802734375e-05
algerian_forest_fires_46279,,ordinalencoder,pca,robust,MultinomialNB(),2,,"Erro na combinação 1198 - Imputer: None, Categorização: ordinalencoder, Seleção de Feature: pca, Scaler: robust, Fold: 2 - Exception: Negative values in data passed to MultinomialNB (input X)",,No using Ordinal Hot,0.0012869834899902344,9.72747802734375e-05
algerian_forest_fires_46279,,ordinalencoder,pca,robust,MultinomialNB(),3,,"Erro na combinação 1199 - Imputer: None, Categorização: ordinalencoder, Seleção de Feature: pca, Scaler: robust, Fold: 3 - Exception: Negative values in data passed to MultinomialNB (input X)",,No using Ordinal Hot,0.0012869834899902344,9.72747802734375e-05
algerian_forest_fires_46279,,ordinalencoder,pca,robust,MultinomialNB(),4,,"Erro na combinação 1200 - Imputer: None, Categorização: ordinalencoder, Seleção de Feature: pca, Scaler: robust, Fold: 4 - Exception: Negative values in data passed to MultinomialNB (input X)",,No using Ordinal Hot,0.0012869834899902344,9.72747802734375e-05
algerian_forest_fires_46279,,ordinalencoder,fastica,robust,MultinomialNB(),0,,"Erro na combinação 1201 - Imputer: None, Categorização: ordinalencoder, Seleção de Feature: fastica, Scaler: robust, Fold: 0 - Exception: Negative values in data passed to MultinomialNB (input X)",,No using Ordinal Hot,0.0012869834899902344,9.72747802734375e-05
algerian_forest_fires_46279,,ordinalencoder,fastica,robust,MultinomialNB(),1,,"Erro na combinação 1202 - Imputer: None, Categorização: ordinalencoder, Seleção de Feature: fastica, Scaler: robust, Fold: 1 - Exception: Negative values in data passed to MultinomialNB (input X)",,No using Ordinal Hot,0.0012869834899902344,9.72747802734375e-05
algerian_forest_fires_46279,,ordinalencoder,fastica,robust,MultinomialNB(),2,,"Erro na combinação 1203 - Imputer: None, Categorização: ordinalencoder, Seleção de Feature: fastica, Scaler: robust, Fold: 2 - Exception: Negative values in data passed to MultinomialNB (input X)",,No using Ordinal Hot,0.0012869834899902344,9.72747802734375e-05
algerian_forest_fires_46279,,ordinalencoder,fastica,robust,MultinomialNB(),3,,"Erro na combinação 1204 - Imputer: None, Categorização: ordinalencoder, Seleção de Feature: fastica, Scaler: robust, Fold: 3 - Exception: Negative values in data passed to MultinomialNB (input X)",,No using Ordinal Hot,0.0012869834899902344,9.72747802734375e-05
algerian_forest_fires_46279,,ordinalencoder,fastica,robust,MultinomialNB(),4,,"Erro na combinação 1205 - Imputer: None, Categorização: ordinalencoder, Seleção de Feature: fastica, Scaler: robust, Fold: 4 - Exception: Negative values in data passed to MultinomialNB (input X)",,No using Ordinal Hot,0.0012869834899902344,9.72747802734375e-05
algerian_forest_fires_46279,,ordinalencoder,truncated_svd,robust,MultinomialNB(),0,,"Erro na combinação 1206 - Imputer: None, Categorização: ordinalencoder, Seleção de Feature: truncated_svd, Scaler: robust, Fold: 0 - Exception: Negative values in data passed to MultinomialNB (input X)",,No using Ordinal Hot,0.0012869834899902344,9.72747802734375e-05
algerian_forest_fires_46279,,ordinalencoder,truncated_svd,robust,MultinomialNB(),1,,"Erro na combinação 1207 - Imputer: None, Categorização: ordinalencoder, Seleção de Feature: truncated_svd, Scaler: robust, Fold: 1 - Exception: Negative values in data passed to MultinomialNB (input X)",,No using Ordinal Hot,0.0012869834899902344,9.72747802734375e-05
algerian_forest_fires_46279,,ordinalencoder,truncated_svd,robust,MultinomialNB(),2,,"Erro na combinação 1208 - Imputer: None, Categorização: ordinalencoder, Seleção de Feature: truncated_svd, Scaler: robust, Fold: 2 - Exception: Negative values in data passed to MultinomialNB (input X)",,No using Ordinal Hot,0.0012869834899902344,9.72747802734375e-05
algerian_forest_fires_46279,,ordinalencoder,truncated_svd,robust,MultinomialNB(),3,,"Erro na combinação 1209 - Imputer: None, Categorização: ordinalencoder, Seleção de Feature: truncated_svd, Scaler: robust, Fold: 3 - Exception: Negative values in data passed to MultinomialNB (input X)",,No using Ordinal Hot,0.0012869834899902344,9.72747802734375e-05
algerian_forest_fires_46279,,ordinalencoder,truncated_svd,robust,MultinomialNB(),4,,"Erro na combinação 1210 - Imputer: None, Categorização: ordinalencoder, Seleção de Feature: truncated_svd, Scaler: robust, Fold: 4 - Exception: Negative values in data passed to MultinomialNB (input X)",,No using Ordinal Hot,0.0012869834899902344,9.72747802734375e-05
algerian_forest_fires_46279,,ordinalencoder,select_percentile,robust,MultinomialNB(),0,,"Erro na combinação 1211 - Imputer: None, Categorização: ordinalencoder, Seleção de Feature: select_percentile, Scaler: robust, Fold: 0 - Exception: Negative values in data passed to MultinomialNB (input X)",,No using Ordinal Hot,0.0012869834899902344,9.72747802734375e-05
algerian_forest_fires_46279,,ordinalencoder,select_percentile,robust,MultinomialNB(),1,,"Erro na combinação 1212 - Imputer: None, Categorização: ordinalencoder, Seleção de Feature: select_percentile, Scaler: robust, Fold: 1 - Exception: Negative values in data passed to MultinomialNB (input X)",,No using Ordinal Hot,0.0012869834899902344,9.72747802734375e-05
algerian_forest_fires_46279,,ordinalencoder,select_percentile,robust,MultinomialNB(),2,,"Erro na combinação 1213 - Imputer: None, Categorização: ordinalencoder, Seleção de Feature: select_percentile, Scaler: robust, Fold: 2 - Exception: Negative values in data passed to MultinomialNB (input X)",,No using Ordinal Hot,0.0012869834899902344,9.72747802734375e-05
algerian_forest_fires_46279,,ordinalencoder,select_percentile,robust,MultinomialNB(),3,,"Erro na combinação 1214 - Imputer: None, Categorização: ordinalencoder, Seleção de Feature: select_percentile, Scaler: robust, Fold: 3 - Exception: Negative values in data passed to MultinomialNB (input X)",,No using Ordinal Hot,0.0012869834899902344,9.72747802734375e-05
algerian_forest_fires_46279,,ordinalencoder,select_percentile,robust,MultinomialNB(),4,,"Erro na combinação 1215 - Imputer: None, Categorização: ordinalencoder, Seleção de Feature: select_percentile, Scaler: robust, Fold: 4 - Exception: Negative values in data passed to MultinomialNB (input X)",,No using Ordinal Hot,0.0012869834899902344,9.72747802734375e-05
algerian_forest_fires_46279,,ordinalencoder,generic_univariate,robust,MultinomialNB(),0,,"Erro na combinação 1216 - Imputer: None, Categorização: ordinalencoder, Seleção de Feature: generic_univariate, Scaler: robust, Fold: 0 - Exception: Negative values in data passed to MultinomialNB (input X)",,No using Ordinal Hot,0.0012869834899902344,9.72747802734375e-05
algerian_forest_fires_46279,,ordinalencoder,generic_univariate,robust,MultinomialNB(),1,,"Erro na combinação 1217 - Imputer: None, Categorização: ordinalencoder, Seleção de Feature: generic_univariate, Scaler: robust, Fold: 1 - Exception: Negative values in data passed to MultinomialNB (input X)",,No using Ordinal Hot,0.0012869834899902344,9.72747802734375e-05
algerian_forest_fires_46279,,ordinalencoder,generic_univariate,robust,MultinomialNB(),2,,"Erro na combinação 1218 - Imputer: None, Categorização: ordinalencoder, Seleção de Feature: generic_univariate, Scaler: robust, Fold: 2 - Exception: Negative values in data passed to MultinomialNB (input X)",,No using Ordinal Hot,0.0012869834899902344,9.72747802734375e-05
algerian_forest_fires_46279,,ordinalencoder,generic_univariate,robust,MultinomialNB(),3,,"Erro na combinação 1219 - Imputer: None, Categorização: ordinalencoder, Seleção de Feature: generic_univariate, Scaler: robust, Fold: 3 - Exception: Negative values in data passed to MultinomialNB (input X)",,No using Ordinal Hot,0.0012869834899902344,9.72747802734375e-05
algerian_forest_fires_46279,,ordinalencoder,generic_univariate,robust,MultinomialNB(),4,,"Erro na combinação 1220 - Imputer: None, Categorização: ordinalencoder, Seleção de Feature: generic_univariate, Scaler: robust, Fold: 4 - Exception: Negative values in data passed to MultinomialNB (input X)",,No using Ordinal Hot,0.0012869834899902344,9.72747802734375e-05
algerian_forest_fires_46279,,ordinalencoder,polynomial_features,robust,MultinomialNB(),0,,"Erro na combinação 1221 - Imputer: None, Categorização: ordinalencoder, Seleção de Feature: polynomial_features, Scaler: robust, Fold: 0 - Exception: Negative values in data passed to MultinomialNB (input X)",,No using Ordinal Hot,0.0012869834899902344,9.72747802734375e-05
algerian_forest_fires_46279,,ordinalencoder,polynomial_features,robust,MultinomialNB(),1,,"Erro na combinação 1222 - Imputer: None, Categorização: ordinalencoder, Seleção de Feature: polynomial_features, Scaler: robust, Fold: 1 - Exception: Negative values in data passed to MultinomialNB (input X)",,No using Ordinal Hot,0.0012869834899902344,9.72747802734375e-05
algerian_forest_fires_46279,,ordinalencoder,polynomial_features,robust,MultinomialNB(),2,,"Erro na combinação 1223 - Imputer: None, Categorização: ordinalencoder, Seleção de Feature: polynomial_features, Scaler: robust, Fold: 2 - Exception: Negative values in data passed to MultinomialNB (input X)",,No using Ordinal Hot,0.0012869834899902344,9.72747802734375e-05
algerian_forest_fires_46279,,ordinalencoder,polynomial_features,robust,MultinomialNB(),3,,"Erro na combinação 1224 - Imputer: None, Categorização: ordinalencoder, Seleção de Feature: polynomial_features, Scaler: robust, Fold: 3 - Exception: Negative values in data passed to MultinomialNB (input X)",,No using Ordinal Hot,0.0012869834899902344,9.72747802734375e-05
algerian_forest_fires_46279,,ordinalencoder,polynomial_features,robust,MultinomialNB(),4,,"Erro na combinação 1225 - Imputer: None, Categorização: ordinalencoder, Seleção de Feature: polynomial_features, Scaler: robust, Fold: 4 - Exception: Negative values in data passed to MultinomialNB (input X)",,No using Ordinal Hot,0.0012869834899902344,9.72747802734375e-05
algerian_forest_fires_46279,,ordinalencoder,nystroem,robust,MultinomialNB(),0,,"Erro na combinação 1226 - Imputer: None, Categorização: ordinalencoder, Seleção de Feature: nystroem, Scaler: robust, Fold: 0 - Exception: Negative values in data passed to MultinomialNB (input X)",,No using Ordinal Hot,0.0012869834899902344,9.72747802734375e-05
algerian_forest_fires_46279,,ordinalencoder,nystroem,robust,MultinomialNB(),1,,"Erro na combinação 1227 - Imputer: None, Categorização: ordinalencoder, Seleção de Feature: nystroem, Scaler: robust, Fold: 1 - Exception: Negative values in data passed to MultinomialNB (input X)",,No using Ordinal Hot,0.0012869834899902344,9.72747802734375e-05
algerian_forest_fires_46279,,ordinalencoder,nystroem,robust,MultinomialNB(),2,,"Erro na combinação 1228 - Imputer: None, Categorização: ordinalencoder, Seleção de Feature: nystroem, Scaler: robust, Fold: 2 - Exception: Negative values in data passed to MultinomialNB (input X)",,No using Ordinal Hot,0.0012869834899902344,9.72747802734375e-05
algerian_forest_fires_46279,,ordinalencoder,nystroem,robust,MultinomialNB(),3,,"Erro na combinação 1229 - Imputer: None, Categorização: ordinalencoder, Seleção de Feature: nystroem, Scaler: robust, Fold: 3 - Exception: Negative values in data passed to MultinomialNB (input X)",,No using Ordinal Hot,0.0012869834899902344,9.72747802734375e-05
algerian_forest_fires_46279,,ordinalencoder,nystroem,robust,MultinomialNB(),4,,"Erro na combinação 1230 - Imputer: None, Categorização: ordinalencoder, Seleção de Feature: nystroem, Scaler: robust, Fold: 4 - Exception: Negative values in data passed to MultinomialNB (input X)",,No using Ordinal Hot,0.0012869834899902344,9.72747802734375e-05
algerian_forest_fires_46279,,ordinalencoder,rbf_sampler,robust,MultinomialNB(),0,,"Erro na combinação 1231 - Imputer: None, Categorização: ordinalencoder, Seleção de Feature: rbf_sampler, Scaler: robust, Fold: 0 - Exception: Negative values in data passed to MultinomialNB (input X)",,No using Ordinal Hot,0.0012869834899902344,9.72747802734375e-05
algerian_forest_fires_46279,,ordinalencoder,rbf_sampler,robust,MultinomialNB(),1,,"Erro na combinação 1232 - Imputer: None, Categorização: ordinalencoder, Seleção de Feature: rbf_sampler, Scaler: robust, Fold: 1 - Exception: Negative values in data passed to MultinomialNB (input X)",,No using Ordinal Hot,0.0012869834899902344,9.72747802734375e-05
algerian_forest_fires_46279,,ordinalencoder,rbf_sampler,robust,MultinomialNB(),2,,"Erro na combinação 1233 - Imputer: None, Categorização: ordinalencoder, Seleção de Feature: rbf_sampler, Scaler: robust, Fold: 2 - Exception: Negative values in data passed to MultinomialNB (input X)",,No using Ordinal Hot,0.0012869834899902344,9.72747802734375e-05
algerian_forest_fires_46279,,ordinalencoder,rbf_sampler,robust,MultinomialNB(),3,,"Erro na combinação 1234 - Imputer: None, Categorização: ordinalencoder, Seleção de Feature: rbf_sampler, Scaler: robust, Fold: 3 - Exception: Negative values in data passed to MultinomialNB (input X)",,No using Ordinal Hot,0.0012869834899902344,9.72747802734375e-05
algerian_forest_fires_46279,,ordinalencoder,rbf_sampler,robust,MultinomialNB(),4,,"Erro na combinação 1235 - Imputer: None, Categorização: ordinalencoder, Seleção de Feature: rbf_sampler, Scaler: robust, Fold: 4 - Exception: Negative values in data passed to MultinomialNB (input X)",,No using Ordinal Hot,0.0012869834899902344,9.72747802734375e-05
algerian_forest_fires_46279,,ordinalencoder,random_trees_embedding,robust,MultinomialNB(),0,0.8979591836734694,,,No using Ordinal Hot,0.0014030933380126953,0.00013494491577148438
algerian_forest_fires_46279,,ordinalencoder,random_trees_embedding,robust,MultinomialNB(),1,0.9387755102040817,,,No using Ordinal Hot,0.00148773193359375,0.00013685226440429688
algerian_forest_fires_46279,,ordinalencoder,random_trees_embedding,robust,MultinomialNB(),2,0.9183673469387755,,,No using Ordinal Hot,0.001436471939086914,0.0001354217529296875
algerian_forest_fires_46279,,ordinalencoder,random_trees_embedding,robust,MultinomialNB(),3,0.9583333333333334,,,No using Ordinal Hot,0.0014224052429199219,0.0001747608184814453
algerian_forest_fires_46279,,ordinalencoder,random_trees_embedding,robust,MultinomialNB(),4,0.9791666666666666,,,No using Ordinal Hot,0.0015125274658203125,0.0001361370086669922
algerian_forest_fires_46279,,ordinalencoder,feature_agglomeration,robust,MultinomialNB(),0,,"Erro na combinação 1241 - Imputer: None, Categorização: ordinalencoder, Seleção de Feature: feature_agglomeration, Scaler: robust, Fold: 0 - Exception: Negative values in data passed to MultinomialNB (input X)",,No using Ordinal Hot,0.0015125274658203125,0.0001361370086669922
algerian_forest_fires_46279,,ordinalencoder,feature_agglomeration,robust,MultinomialNB(),1,,"Erro na combinação 1242 - Imputer: None, Categorização: ordinalencoder, Seleção de Feature: feature_agglomeration, Scaler: robust, Fold: 1 - Exception: Negative values in data passed to MultinomialNB (input X)",,No using Ordinal Hot,0.0015125274658203125,0.0001361370086669922
algerian_forest_fires_46279,,ordinalencoder,feature_agglomeration,robust,MultinomialNB(),2,,"Erro na combinação 1243 - Imputer: None, Categorização: ordinalencoder, Seleção de Feature: feature_agglomeration, Scaler: robust, Fold: 2 - Exception: Negative values in data passed to MultinomialNB (input X)",,No using Ordinal Hot,0.0015125274658203125,0.0001361370086669922
algerian_forest_fires_46279,,ordinalencoder,feature_agglomeration,robust,MultinomialNB(),3,,"Erro na combinação 1244 - Imputer: None, Categorização: ordinalencoder, Seleção de Feature: feature_agglomeration, Scaler: robust, Fold: 3 - Exception: Negative values in data passed to MultinomialNB (input X)",,No using Ordinal Hot,0.0015125274658203125,0.0001361370086669922
algerian_forest_fires_46279,,ordinalencoder,feature_agglomeration,robust,MultinomialNB(),4,,"Erro na combinação 1245 - Imputer: None, Categorização: ordinalencoder, Seleção de Feature: feature_agglomeration, Scaler: robust, Fold: 4 - Exception: Negative values in data passed to MultinomialNB (input X)",,No using Ordinal Hot,0.0015125274658203125,0.0001361370086669922
algerian_forest_fires_46279,,ordinalencoder,extra_tree,robust,MultinomialNB(),0,,"Erro na combinação 1246 - Imputer: None, Categorização: ordinalencoder, Seleção de Feature: extra_tree, Scaler: robust, Fold: 0 - Exception: Negative values in data passed to MultinomialNB (input X)",,No using Ordinal Hot,0.0015125274658203125,0.0001361370086669922
algerian_forest_fires_46279,,ordinalencoder,extra_tree,robust,MultinomialNB(),1,,"Erro na combinação 1247 - Imputer: None, Categorização: ordinalencoder, Seleção de Feature: extra_tree, Scaler: robust, Fold: 1 - Exception: Negative values in data passed to MultinomialNB (input X)",,No using Ordinal Hot,0.0015125274658203125,0.0001361370086669922
algerian_forest_fires_46279,,ordinalencoder,extra_tree,robust,MultinomialNB(),2,,"Erro na combinação 1248 - Imputer: None, Categorização: ordinalencoder, Seleção de Feature: extra_tree, Scaler: robust, Fold: 2 - Exception: Negative values in data passed to MultinomialNB (input X)",,No using Ordinal Hot,0.0015125274658203125,0.0001361370086669922
algerian_forest_fires_46279,,ordinalencoder,extra_tree,robust,MultinomialNB(),3,,"Erro na combinação 1249 - Imputer: None, Categorização: ordinalencoder, Seleção de Feature: extra_tree, Scaler: robust, Fold: 3 - Exception: Negative values in data passed to MultinomialNB (input X)",,No using Ordinal Hot,0.0015125274658203125,0.0001361370086669922
algerian_forest_fires_46279,,ordinalencoder,extra_tree,robust,MultinomialNB(),4,,"Erro na combinação 1250 - Imputer: None, Categorização: ordinalencoder, Seleção de Feature: extra_tree, Scaler: robust, Fold: 4 - Exception: Negative values in data passed to MultinomialNB (input X)",,No using Ordinal Hot,0.0015125274658203125,0.0001361370086669922
algerian_forest_fires_46279,,ordinalencoder,linear_svc,robust,MultinomialNB(),0,,"Erro na combinação 1251 - Imputer: None, Categorização: ordinalencoder, Seleção de Feature: linear_svc, Scaler: robust, Fold: 0 - Exception: Negative values in data passed to MultinomialNB (input X)",,No using Ordinal Hot,0.0015125274658203125,0.0001361370086669922
algerian_forest_fires_46279,,ordinalencoder,linear_svc,robust,MultinomialNB(),1,,"Erro na combinação 1252 - Imputer: None, Categorização: ordinalencoder, Seleção de Feature: linear_svc, Scaler: robust, Fold: 1 - Exception: Negative values in data passed to MultinomialNB (input X)",,No using Ordinal Hot,0.0015125274658203125,0.0001361370086669922
algerian_forest_fires_46279,,ordinalencoder,linear_svc,robust,MultinomialNB(),2,,"Erro na combinação 1253 - Imputer: None, Categorização: ordinalencoder, Seleção de Feature: linear_svc, Scaler: robust, Fold: 2 - Exception: Negative values in data passed to MultinomialNB (input X)",,No using Ordinal Hot,0.0015125274658203125,0.0001361370086669922
algerian_forest_fires_46279,,ordinalencoder,linear_svc,robust,MultinomialNB(),3,,"Erro na combinação 1254 - Imputer: None, Categorização: ordinalencoder, Seleção de Feature: linear_svc, Scaler: robust, Fold: 3 - Exception: Negative values in data passed to MultinomialNB (input X)",,No using Ordinal Hot,0.0015125274658203125,0.0001361370086669922
algerian_forest_fires_46279,,ordinalencoder,linear_svc,robust,MultinomialNB(),4,,"Erro na combinação 1255 - Imputer: None, Categorização: ordinalencoder, Seleção de Feature: linear_svc, Scaler: robust, Fold: 4 - Exception: Negative values in data passed to MultinomialNB (input X)",,No using Ordinal Hot,0.0015125274658203125,0.0001361370086669922
algerian_forest_fires_46279,,ordinalencoder,kernel_pca,robust,MultinomialNB(),0,,"Erro na combinação 1256 - Imputer: None, Categorização: ordinalencoder, Seleção de Feature: kernel_pca, Scaler: robust, Fold: 0 - Exception: Negative values in data passed to MultinomialNB (input X)",,No using Ordinal Hot,0.0015125274658203125,0.0001361370086669922
algerian_forest_fires_46279,,ordinalencoder,kernel_pca,robust,MultinomialNB(),1,,"Erro na combinação 1257 - Imputer: None, Categorização: ordinalencoder, Seleção de Feature: kernel_pca, Scaler: robust, Fold: 1 - Exception: Negative values in data passed to MultinomialNB (input X)",,No using Ordinal Hot,0.0015125274658203125,0.0001361370086669922
algerian_forest_fires_46279,,ordinalencoder,kernel_pca,robust,MultinomialNB(),2,,"Erro na combinação 1258 - Imputer: None, Categorização: ordinalencoder, Seleção de Feature: kernel_pca, Scaler: robust, Fold: 2 - Exception: Negative values in data passed to MultinomialNB (input X)",,No using Ordinal Hot,0.0015125274658203125,0.0001361370086669922
algerian_forest_fires_46279,,ordinalencoder,kernel_pca,robust,MultinomialNB(),3,,"Erro na combinação 1259 - Imputer: None, Categorização: ordinalencoder, Seleção de Feature: kernel_pca, Scaler: robust, Fold: 3 - Exception: Negative values in data passed to MultinomialNB (input X)",,No using Ordinal Hot,0.0015125274658203125,0.0001361370086669922
algerian_forest_fires_46279,,ordinalencoder,kernel_pca,robust,MultinomialNB(),4,,"Erro na combinação 1260 - Imputer: None, Categorização: ordinalencoder, Seleção de Feature: kernel_pca, Scaler: robust, Fold: 4 - Exception: Negative values in data passed to MultinomialNB (input X)",,No using Ordinal Hot,0.0015125274658203125,0.0001361370086669922
algerian_forest_fires_46279,,ordinalencoder,,normalizer,MultinomialNB(),0,0.5510204081632653,,,No using Ordinal Hot,0.0014908313751220703,0.00011658668518066406
algerian_forest_fires_46279,,ordinalencoder,,normalizer,MultinomialNB(),1,0.5510204081632653,,,No using Ordinal Hot,0.001697540283203125,0.00011706352233886719
algerian_forest_fires_46279,,ordinalencoder,,normalizer,MultinomialNB(),2,0.5714285714285714,,,No using Ordinal Hot,0.0018434524536132812,0.00016450881958007812
algerian_forest_fires_46279,,ordinalencoder,,normalizer,MultinomialNB(),3,0.6041666666666666,,,No using Ordinal Hot,0.0013854503631591797,0.00010538101196289062
algerian_forest_fires_46279,,ordinalencoder,,normalizer,MultinomialNB(),4,0.5416666666666666,,,No using Ordinal Hot,0.0012960433959960938,0.0001316070556640625
algerian_forest_fires_46279,,ordinalencoder,pca,normalizer,MultinomialNB(),0,,"Erro na combinação 1266 - Imputer: None, Categorização: ordinalencoder, Seleção de Feature: pca, Scaler: normalizer, Fold: 0 - Exception: Negative values in data passed to MultinomialNB (input X)",,No using Ordinal Hot,0.0012960433959960938,0.0001316070556640625
algerian_forest_fires_46279,,ordinalencoder,pca,normalizer,MultinomialNB(),1,,"Erro na combinação 1267 - Imputer: None, Categorização: ordinalencoder, Seleção de Feature: pca, Scaler: normalizer, Fold: 1 - Exception: Negative values in data passed to MultinomialNB (input X)",,No using Ordinal Hot,0.0012960433959960938,0.0001316070556640625
algerian_forest_fires_46279,,ordinalencoder,pca,normalizer,MultinomialNB(),2,,"Erro na combinação 1268 - Imputer: None, Categorização: ordinalencoder, Seleção de Feature: pca, Scaler: normalizer, Fold: 2 - Exception: Negative values in data passed to MultinomialNB (input X)",,No using Ordinal Hot,0.0012960433959960938,0.0001316070556640625
algerian_forest_fires_46279,,ordinalencoder,pca,normalizer,MultinomialNB(),3,,"Erro na combinação 1269 - Imputer: None, Categorização: ordinalencoder, Seleção de Feature: pca, Scaler: normalizer, Fold: 3 - Exception: Negative values in data passed to MultinomialNB (input X)",,No using Ordinal Hot,0.0012960433959960938,0.0001316070556640625
algerian_forest_fires_46279,,ordinalencoder,pca,normalizer,MultinomialNB(),4,,"Erro na combinação 1270 - Imputer: None, Categorização: ordinalencoder, Seleção de Feature: pca, Scaler: normalizer, Fold: 4 - Exception: Negative values in data passed to MultinomialNB (input X)",,No using Ordinal Hot,0.0012960433959960938,0.0001316070556640625
algerian_forest_fires_46279,,ordinalencoder,fastica,normalizer,MultinomialNB(),0,,"Erro na combinação 1271 - Imputer: None, Categorização: ordinalencoder, Seleção de Feature: fastica, Scaler: normalizer, Fold: 0 - Exception: Negative values in data passed to MultinomialNB (input X)",,No using Ordinal Hot,0.0012960433959960938,0.0001316070556640625
algerian_forest_fires_46279,,ordinalencoder,fastica,normalizer,MultinomialNB(),1,,"Erro na combinação 1272 - Imputer: None, Categorização: ordinalencoder, Seleção de Feature: fastica, Scaler: normalizer, Fold: 1 - Exception: Negative values in data passed to MultinomialNB (input X)",,No using Ordinal Hot,0.0012960433959960938,0.0001316070556640625
algerian_forest_fires_46279,,ordinalencoder,fastica,normalizer,MultinomialNB(),2,,"Erro na combinação 1273 - Imputer: None, Categorização: ordinalencoder, Seleção de Feature: fastica, Scaler: normalizer, Fold: 2 - Exception: Negative values in data passed to MultinomialNB (input X)",,No using Ordinal Hot,0.0012960433959960938,0.0001316070556640625
algerian_forest_fires_46279,,ordinalencoder,fastica,normalizer,MultinomialNB(),3,,"Erro na combinação 1274 - Imputer: None, Categorização: ordinalencoder, Seleção de Feature: fastica, Scaler: normalizer, Fold: 3 - Exception: Negative values in data passed to MultinomialNB (input X)",,No using Ordinal Hot,0.0012960433959960938,0.0001316070556640625
algerian_forest_fires_46279,,ordinalencoder,fastica,normalizer,MultinomialNB(),4,,"Erro na combinação 1275 - Imputer: None, Categorização: ordinalencoder, Seleção de Feature: fastica, Scaler: normalizer, Fold: 4 - Exception: Negative values in data passed to MultinomialNB (input X)",,No using Ordinal Hot,0.0012960433959960938,0.0001316070556640625
algerian_forest_fires_46279,,ordinalencoder,truncated_svd,normalizer,MultinomialNB(),0,,"Erro na combinação 1276 - Imputer: None, Categorização: ordinalencoder, Seleção de Feature: truncated_svd, Scaler: normalizer, Fold: 0 - Exception: Negative values in data passed to MultinomialNB (input X)",,No using Ordinal Hot,0.0012960433959960938,0.0001316070556640625
algerian_forest_fires_46279,,ordinalencoder,truncated_svd,normalizer,MultinomialNB(),1,,"Erro na combinação 1277 - Imputer: None, Categorização: ordinalencoder, Seleção de Feature: truncated_svd, Scaler: normalizer, Fold: 1 - Exception: Negative values in data passed to MultinomialNB (input X)",,No using Ordinal Hot,0.0012960433959960938,0.0001316070556640625
algerian_forest_fires_46279,,ordinalencoder,truncated_svd,normalizer,MultinomialNB(),2,,"Erro na combinação 1278 - Imputer: None, Categorização: ordinalencoder, Seleção de Feature: truncated_svd, Scaler: normalizer, Fold: 2 - Exception: Negative values in data passed to MultinomialNB (input X)",,No using Ordinal Hot,0.0012960433959960938,0.0001316070556640625
algerian_forest_fires_46279,,ordinalencoder,truncated_svd,normalizer,MultinomialNB(),3,,"Erro na combinação 1279 - Imputer: None, Categorização: ordinalencoder, Seleção de Feature: truncated_svd, Scaler: normalizer, Fold: 3 - Exception: Negative values in data passed to MultinomialNB (input X)",,No using Ordinal Hot,0.0012960433959960938,0.0001316070556640625
algerian_forest_fires_46279,,ordinalencoder,truncated_svd,normalizer,MultinomialNB(),4,,"Erro na combinação 1280 - Imputer: None, Categorização: ordinalencoder, Seleção de Feature: truncated_svd, Scaler: normalizer, Fold: 4 - Exception: Negative values in data passed to MultinomialNB (input X)",,No using Ordinal Hot,0.0012960433959960938,0.0001316070556640625
algerian_forest_fires_46279,,ordinalencoder,select_percentile,normalizer,MultinomialNB(),0,0.5510204081632653,,,No using Ordinal Hot,0.001199960708618164,9.5367431640625e-05
algerian_forest_fires_46279,,ordinalencoder,select_percentile,normalizer,MultinomialNB(),1,0.5510204081632653,,,No using Ordinal Hot,0.001264810562133789,9.608268737792969e-05
algerian_forest_fires_46279,,ordinalencoder,select_percentile,normalizer,MultinomialNB(),2,0.5714285714285714,,,No using Ordinal Hot,0.0013358592987060547,0.00014519691467285156
algerian_forest_fires_46279,,ordinalencoder,select_percentile,normalizer,MultinomialNB(),3,0.6041666666666666,,,No using Ordinal Hot,0.0013089179992675781,0.0001201629638671875
algerian_forest_fires_46279,,ordinalencoder,select_percentile,normalizer,MultinomialNB(),4,0.5416666666666666,,,No using Ordinal Hot,0.0013003349304199219,9.751319885253906e-05
algerian_forest_fires_46279,,ordinalencoder,generic_univariate,normalizer,MultinomialNB(),0,0.5510204081632653,,,No using Ordinal Hot,0.0011773109436035156,9.274482727050781e-05
algerian_forest_fires_46279,,ordinalencoder,generic_univariate,normalizer,MultinomialNB(),1,0.5510204081632653,,,No using Ordinal Hot,0.0011937618255615234,9.393692016601562e-05
algerian_forest_fires_46279,,ordinalencoder,generic_univariate,normalizer,MultinomialNB(),2,0.5714285714285714,,,No using Ordinal Hot,0.0013175010681152344,0.00010013580322265625
algerian_forest_fires_46279,,ordinalencoder,generic_univariate,normalizer,MultinomialNB(),3,0.6041666666666666,,,No using Ordinal Hot,0.001323699951171875,0.00012111663818359375
algerian_forest_fires_46279,,ordinalencoder,generic_univariate,normalizer,MultinomialNB(),4,0.5416666666666666,,,No using Ordinal Hot,0.0013501644134521484,0.00010013580322265625
algerian_forest_fires_46279,,ordinalencoder,polynomial_features,normalizer,MultinomialNB(),0,0.5510204081632653,,,No using Ordinal Hot,0.0013976097106933594,0.00011324882507324219
algerian_forest_fires_46279,,ordinalencoder,polynomial_features,normalizer,MultinomialNB(),1,0.5510204081632653,,,No using Ordinal Hot,0.0012934207916259766,0.00010442733764648438
algerian_forest_fires_46279,,ordinalencoder,polynomial_features,normalizer,MultinomialNB(),2,0.5714285714285714,,,No using Ordinal Hot,0.0012927055358886719,0.00010561943054199219
algerian_forest_fires_46279,,ordinalencoder,polynomial_features,normalizer,MultinomialNB(),3,0.6041666666666666,,,No using Ordinal Hot,0.0012555122375488281,0.00010466575622558594
algerian_forest_fires_46279,,ordinalencoder,polynomial_features,normalizer,MultinomialNB(),4,0.5416666666666666,,,No using Ordinal Hot,0.0012264251708984375,0.00010347366333007812
algerian_forest_fires_46279,,ordinalencoder,nystroem,normalizer,MultinomialNB(),0,0.5510204081632653,,,No using Ordinal Hot,0.0017292499542236328,0.00015211105346679688
algerian_forest_fires_46279,,ordinalencoder,nystroem,normalizer,MultinomialNB(),1,0.5510204081632653,,,No using Ordinal Hot,0.0016384124755859375,0.00012254714965820312
algerian_forest_fires_46279,,ordinalencoder,nystroem,normalizer,MultinomialNB(),2,0.5714285714285714,,,No using Ordinal Hot,0.004989147186279297,0.0001647472381591797
algerian_forest_fires_46279,,ordinalencoder,nystroem,normalizer,MultinomialNB(),3,0.6041666666666666,,,No using Ordinal Hot,0.00164794921875,0.00012493133544921875
algerian_forest_fires_46279,,ordinalencoder,nystroem,normalizer,MultinomialNB(),4,0.5416666666666666,,,No using Ordinal Hot,0.001959085464477539,0.00017905235290527344
algerian_forest_fires_46279,,ordinalencoder,rbf_sampler,normalizer,MultinomialNB(),0,,"Erro na combinação 1301 - Imputer: None, Categorização: ordinalencoder, Seleção de Feature: rbf_sampler, Scaler: normalizer, Fold: 0 - Exception: Negative values in data passed to MultinomialNB (input X)",,No using Ordinal Hot,0.001959085464477539,0.00017905235290527344
algerian_forest_fires_46279,,ordinalencoder,rbf_sampler,normalizer,MultinomialNB(),1,,"Erro na combinação 1302 - Imputer: None, Categorização: ordinalencoder, Seleção de Feature: rbf_sampler, Scaler: normalizer, Fold: 1 - Exception: Negative values in data passed to MultinomialNB (input X)",,No using Ordinal Hot,0.001959085464477539,0.00017905235290527344
algerian_forest_fires_46279,,ordinalencoder,rbf_sampler,normalizer,MultinomialNB(),2,,"Erro na combinação 1303 - Imputer: None, Categorização: ordinalencoder, Seleção de Feature: rbf_sampler, Scaler: normalizer, Fold: 2 - Exception: Negative values in data passed to MultinomialNB (input X)",,No using Ordinal Hot,0.001959085464477539,0.00017905235290527344
algerian_forest_fires_46279,,ordinalencoder,rbf_sampler,normalizer,MultinomialNB(),3,,"Erro na combinação 1304 - Imputer: None, Categorização: ordinalencoder, Seleção de Feature: rbf_sampler, Scaler: normalizer, Fold: 3 - Exception: Negative values in data passed to MultinomialNB (input X)",,No using Ordinal Hot,0.001959085464477539,0.00017905235290527344
algerian_forest_fires_46279,,ordinalencoder,rbf_sampler,normalizer,MultinomialNB(),4,,"Erro na combinação 1305 - Imputer: None, Categorização: ordinalencoder, Seleção de Feature: rbf_sampler, Scaler: normalizer, Fold: 4 - Exception: Negative values in data passed to MultinomialNB (input X)",,No using Ordinal Hot,0.001959085464477539,0.00017905235290527344
algerian_forest_fires_46279,,ordinalencoder,random_trees_embedding,normalizer,MultinomialNB(),0,0.8979591836734694,,,No using Ordinal Hot,0.0015575885772705078,0.00013518333435058594
algerian_forest_fires_46279,,ordinalencoder,random_trees_embedding,normalizer,MultinomialNB(),1,0.9183673469387755,,,No using Ordinal Hot,0.0014598369598388672,0.0001595020294189453
algerian_forest_fires_46279,,ordinalencoder,random_trees_embedding,normalizer,MultinomialNB(),2,0.9387755102040817,,,No using Ordinal Hot,0.0014693737030029297,0.00013756752014160156
algerian_forest_fires_46279,,ordinalencoder,random_trees_embedding,normalizer,MultinomialNB(),3,0.9375,,,No using Ordinal Hot,0.001466989517211914,0.0001556873321533203
algerian_forest_fires_46279,,ordinalencoder,random_trees_embedding,normalizer,MultinomialNB(),4,0.9583333333333334,,,No using Ordinal Hot,0.0014171600341796875,0.00013446807861328125
algerian_forest_fires_46279,,ordinalencoder,feature_agglomeration,normalizer,MultinomialNB(),0,0.5510204081632653,,,No using Ordinal Hot,0.001195669174194336,9.584426879882812e-05
algerian_forest_fires_46279,,ordinalencoder,feature_agglomeration,normalizer,MultinomialNB(),1,0.5510204081632653,,,No using Ordinal Hot,0.0013592243194580078,9.655952453613281e-05
algerian_forest_fires_46279,,ordinalencoder,feature_agglomeration,normalizer,MultinomialNB(),2,0.5714285714285714,,,No using Ordinal Hot,0.0013184547424316406,9.703636169433594e-05
algerian_forest_fires_46279,,ordinalencoder,feature_agglomeration,normalizer,MultinomialNB(),3,0.6041666666666666,,,No using Ordinal Hot,0.0012209415435791016,9.5367431640625e-05
algerian_forest_fires_46279,,ordinalencoder,feature_agglomeration,normalizer,MultinomialNB(),4,0.5416666666666666,,,No using Ordinal Hot,0.0012462139129638672,9.655952453613281e-05
algerian_forest_fires_46279,,ordinalencoder,extra_tree,normalizer,MultinomialNB(),0,0.5510204081632653,,,No using Ordinal Hot,0.0013244152069091797,9.989738464355469e-05
algerian_forest_fires_46279,,ordinalencoder,extra_tree,normalizer,MultinomialNB(),1,0.5510204081632653,,,No using Ordinal Hot,0.0012972354888916016,9.799003601074219e-05
algerian_forest_fires_46279,,ordinalencoder,extra_tree,normalizer,MultinomialNB(),2,0.5714285714285714,,,No using Ordinal Hot,0.00133514404296875,0.0001380443572998047
algerian_forest_fires_46279,,ordinalencoder,extra_tree,normalizer,MultinomialNB(),3,0.6041666666666666,,,No using Ordinal Hot,0.001293182373046875,0.00012230873107910156
algerian_forest_fires_46279,,ordinalencoder,extra_tree,normalizer,MultinomialNB(),4,0.5416666666666666,,,No using Ordinal Hot,0.0013136863708496094,9.846687316894531e-05
algerian_forest_fires_46279,,ordinalencoder,linear_svc,normalizer,MultinomialNB(),0,0.5510204081632653,,,No using Ordinal Hot,0.0014712810516357422,0.0001068115234375
algerian_forest_fires_46279,,ordinalencoder,linear_svc,normalizer,MultinomialNB(),1,0.5510204081632653,,,No using Ordinal Hot,0.0013554096221923828,0.0001010894775390625
algerian_forest_fires_46279,,ordinalencoder,linear_svc,normalizer,MultinomialNB(),2,0.5714285714285714,,,No using Ordinal Hot,0.0012407302856445312,9.751319885253906e-05
algerian_forest_fires_46279,,ordinalencoder,linear_svc,normalizer,MultinomialNB(),3,0.6041666666666666,,,No using Ordinal Hot,0.0011997222900390625,9.608268737792969e-05
algerian_forest_fires_46279,,ordinalencoder,linear_svc,normalizer,MultinomialNB(),4,0.5416666666666666,,,No using Ordinal Hot,0.0012674331665039062,9.942054748535156e-05
algerian_forest_fires_46279,,ordinalencoder,kernel_pca,normalizer,MultinomialNB(),0,,"Erro na combinação 1326 - Imputer: None, Categorização: ordinalencoder, Seleção de Feature: kernel_pca, Scaler: normalizer, Fold: 0 - Exception: Negative values in data passed to MultinomialNB (input X)",,No using Ordinal Hot,0.0012674331665039062,9.942054748535156e-05
algerian_forest_fires_46279,,ordinalencoder,kernel_pca,normalizer,MultinomialNB(),1,,"Erro na combinação 1327 - Imputer: None, Categorização: ordinalencoder, Seleção de Feature: kernel_pca, Scaler: normalizer, Fold: 1 - Exception: Negative values in data passed to MultinomialNB (input X)",,No using Ordinal Hot,0.0012674331665039062,9.942054748535156e-05
algerian_forest_fires_46279,,ordinalencoder,kernel_pca,normalizer,MultinomialNB(),2,,"Erro na combinação 1328 - Imputer: None, Categorização: ordinalencoder, Seleção de Feature: kernel_pca, Scaler: normalizer, Fold: 2 - Exception: Negative values in data passed to MultinomialNB (input X)",,No using Ordinal Hot,0.0012674331665039062,9.942054748535156e-05
algerian_forest_fires_46279,,ordinalencoder,kernel_pca,normalizer,MultinomialNB(),3,,"Erro na combinação 1329 - Imputer: None, Categorização: ordinalencoder, Seleção de Feature: kernel_pca, Scaler: normalizer, Fold: 3 - Exception: Negative values in data passed to MultinomialNB (input X)",,No using Ordinal Hot,0.0012674331665039062,9.942054748535156e-05
algerian_forest_fires_46279,,ordinalencoder,kernel_pca,normalizer,MultinomialNB(),4,,"Erro na combinação 1330 - Imputer: None, Categorização: ordinalencoder, Seleção de Feature: kernel_pca, Scaler: normalizer, Fold: 4 - Exception: Negative values in data passed to MultinomialNB (input X)",,No using Ordinal Hot,0.0012674331665039062,9.942054748535156e-05
algerian_forest_fires_46279,,ordinalencoder,,power,MultinomialNB(),0,,"Erro na combinação 1331 - Imputer: None, Categorização: ordinalencoder, Seleção de Feature: None, Scaler: power, Fold: 0 - Exception: Negative values in data passed to MultinomialNB (input X)",,No using Ordinal Hot,0.0012674331665039062,9.942054748535156e-05
algerian_forest_fires_46279,,ordinalencoder,,power,MultinomialNB(),1,,"Erro na combinação 1332 - Imputer: None, Categorização: ordinalencoder, Seleção de Feature: None, Scaler: power, Fold: 1 - Exception: Negative values in data passed to MultinomialNB (input X)",,No using Ordinal Hot,0.0012674331665039062,9.942054748535156e-05
algerian_forest_fires_46279,,ordinalencoder,,power,MultinomialNB(),2,,"Erro na combinação 1333 - Imputer: None, Categorização: ordinalencoder, Seleção de Feature: None, Scaler: power, Fold: 2 - Exception: Negative values in data passed to MultinomialNB (input X)",,No using Ordinal Hot,0.0012674331665039062,9.942054748535156e-05
algerian_forest_fires_46279,,ordinalencoder,,power,MultinomialNB(),3,,"Erro na combinação 1334 - Imputer: None, Categorização: ordinalencoder, Seleção de Feature: None, Scaler: power, Fold: 3 - Exception: Negative values in data passed to MultinomialNB (input X)",,No using Ordinal Hot,0.0012674331665039062,9.942054748535156e-05
algerian_forest_fires_46279,,ordinalencoder,,power,MultinomialNB(),4,,"Erro na combinação 1335 - Imputer: None, Categorização: ordinalencoder, Seleção de Feature: None, Scaler: power, Fold: 4 - Exception: Negative values in data passed to MultinomialNB (input X)",,No using Ordinal Hot,0.0012674331665039062,9.942054748535156e-05
algerian_forest_fires_46279,,ordinalencoder,pca,power,MultinomialNB(),0,,"Erro na combinação 1336 - Imputer: None, Categorização: ordinalencoder, Seleção de Feature: pca, Scaler: power, Fold: 0 - Exception: Negative values in data passed to MultinomialNB (input X)",,No using Ordinal Hot,0.0012674331665039062,9.942054748535156e-05
algerian_forest_fires_46279,,ordinalencoder,pca,power,MultinomialNB(),1,,"Erro na combinação 1337 - Imputer: None, Categorização: ordinalencoder, Seleção de Feature: pca, Scaler: power, Fold: 1 - Exception: Negative values in data passed to MultinomialNB (input X)",,No using Ordinal Hot,0.0012674331665039062,9.942054748535156e-05
algerian_forest_fires_46279,,ordinalencoder,pca,power,MultinomialNB(),2,,"Erro na combinação 1338 - Imputer: None, Categorização: ordinalencoder, Seleção de Feature: pca, Scaler: power, Fold: 2 - Exception: Negative values in data passed to MultinomialNB (input X)",,No using Ordinal Hot,0.0012674331665039062,9.942054748535156e-05
algerian_forest_fires_46279,,ordinalencoder,pca,power,MultinomialNB(),3,,"Erro na combinação 1339 - Imputer: None, Categorização: ordinalencoder, Seleção de Feature: pca, Scaler: power, Fold: 3 - Exception: Negative values in data passed to MultinomialNB (input X)",,No using Ordinal Hot,0.0012674331665039062,9.942054748535156e-05
algerian_forest_fires_46279,,ordinalencoder,pca,power,MultinomialNB(),4,,"Erro na combinação 1340 - Imputer: None, Categorização: ordinalencoder, Seleção de Feature: pca, Scaler: power, Fold: 4 - Exception: Negative values in data passed to MultinomialNB (input X)",,No using Ordinal Hot,0.0012674331665039062,9.942054748535156e-05
algerian_forest_fires_46279,,ordinalencoder,fastica,power,MultinomialNB(),0,,"Erro na combinação 1341 - Imputer: None, Categorização: ordinalencoder, Seleção de Feature: fastica, Scaler: power, Fold: 0 - Exception: Negative values in data passed to MultinomialNB (input X)",,No using Ordinal Hot,0.0012674331665039062,9.942054748535156e-05
algerian_forest_fires_46279,,ordinalencoder,fastica,power,MultinomialNB(),1,,"Erro na combinação 1342 - Imputer: None, Categorização: ordinalencoder, Seleção de Feature: fastica, Scaler: power, Fold: 1 - Exception: Negative values in data passed to MultinomialNB (input X)",,No using Ordinal Hot,0.0012674331665039062,9.942054748535156e-05
algerian_forest_fires_46279,,ordinalencoder,fastica,power,MultinomialNB(),2,,"Erro na combinação 1343 - Imputer: None, Categorização: ordinalencoder, Seleção de Feature: fastica, Scaler: power, Fold: 2 - Exception: Negative values in data passed to MultinomialNB (input X)",,No using Ordinal Hot,0.0012674331665039062,9.942054748535156e-05
algerian_forest_fires_46279,,ordinalencoder,fastica,power,MultinomialNB(),3,,"Erro na combinação 1344 - Imputer: None, Categorização: ordinalencoder, Seleção de Feature: fastica, Scaler: power, Fold: 3 - Exception: Negative values in data passed to MultinomialNB (input X)",,No using Ordinal Hot,0.0012674331665039062,9.942054748535156e-05
algerian_forest_fires_46279,,ordinalencoder,fastica,power,MultinomialNB(),4,,"Erro na combinação 1345 - Imputer: None, Categorização: ordinalencoder, Seleção de Feature: fastica, Scaler: power, Fold: 4 - Exception: Negative values in data passed to MultinomialNB (input X)",,No using Ordinal Hot,0.0012674331665039062,9.942054748535156e-05
algerian_forest_fires_46279,,ordinalencoder,truncated_svd,power,MultinomialNB(),0,,"Erro na combinação 1346 - Imputer: None, Categorização: ordinalencoder, Seleção de Feature: truncated_svd, Scaler: power, Fold: 0 - Exception: Negative values in data passed to MultinomialNB (input X)",,No using Ordinal Hot,0.0012674331665039062,9.942054748535156e-05
algerian_forest_fires_46279,,ordinalencoder,truncated_svd,power,MultinomialNB(),1,,"Erro na combinação 1347 - Imputer: None, Categorização: ordinalencoder, Seleção de Feature: truncated_svd, Scaler: power, Fold: 1 - Exception: Negative values in data passed to MultinomialNB (input X)",,No using Ordinal Hot,0.0012674331665039062,9.942054748535156e-05
algerian_forest_fires_46279,,ordinalencoder,truncated_svd,power,MultinomialNB(),2,,"Erro na combinação 1348 - Imputer: None, Categorização: ordinalencoder, Seleção de Feature: truncated_svd, Scaler: power, Fold: 2 - Exception: Negative values in data passed to MultinomialNB (input X)",,No using Ordinal Hot,0.0012674331665039062,9.942054748535156e-05
algerian_forest_fires_46279,,ordinalencoder,truncated_svd,power,MultinomialNB(),3,,"Erro na combinação 1349 - Imputer: None, Categorização: ordinalencoder, Seleção de Feature: truncated_svd, Scaler: power, Fold: 3 - Exception: Negative values in data passed to MultinomialNB (input X)",,No using Ordinal Hot,0.0012674331665039062,9.942054748535156e-05
algerian_forest_fires_46279,,ordinalencoder,truncated_svd,power,MultinomialNB(),4,,"Erro na combinação 1350 - Imputer: None, Categorização: ordinalencoder, Seleção de Feature: truncated_svd, Scaler: power, Fold: 4 - Exception: Negative values in data passed to MultinomialNB (input X)",,No using Ordinal Hot,0.0012674331665039062,9.942054748535156e-05
algerian_forest_fires_46279,,ordinalencoder,select_percentile,power,MultinomialNB(),0,,"Erro na combinação 1351 - Imputer: None, Categorização: ordinalencoder, Seleção de Feature: select_percentile, Scaler: power, Fold: 0 - Exception: Negative values in data passed to MultinomialNB (input X)",,No using Ordinal Hot,0.0012674331665039062,9.942054748535156e-05
algerian_forest_fires_46279,,ordinalencoder,select_percentile,power,MultinomialNB(),1,,"Erro na combinação 1352 - Imputer: None, Categorização: ordinalencoder, Seleção de Feature: select_percentile, Scaler: power, Fold: 1 - Exception: Negative values in data passed to MultinomialNB (input X)",,No using Ordinal Hot,0.0012674331665039062,9.942054748535156e-05
algerian_forest_fires_46279,,ordinalencoder,select_percentile,power,MultinomialNB(),2,,"Erro na combinação 1353 - Imputer: None, Categorização: ordinalencoder, Seleção de Feature: select_percentile, Scaler: power, Fold: 2 - Exception: Negative values in data passed to MultinomialNB (input X)",,No using Ordinal Hot,0.0012674331665039062,9.942054748535156e-05
algerian_forest_fires_46279,,ordinalencoder,select_percentile,power,MultinomialNB(),3,,"Erro na combinação 1354 - Imputer: None, Categorização: ordinalencoder, Seleção de Feature: select_percentile, Scaler: power, Fold: 3 - Exception: Negative values in data passed to MultinomialNB (input X)",,No using Ordinal Hot,0.0012674331665039062,9.942054748535156e-05
algerian_forest_fires_46279,,ordinalencoder,select_percentile,power,MultinomialNB(),4,,"Erro na combinação 1355 - Imputer: None, Categorização: ordinalencoder, Seleção de Feature: select_percentile, Scaler: power, Fold: 4 - Exception: Negative values in data passed to MultinomialNB (input X)",,No using Ordinal Hot,0.0012674331665039062,9.942054748535156e-05
algerian_forest_fires_46279,,ordinalencoder,generic_univariate,power,MultinomialNB(),0,,"Erro na combinação 1356 - Imputer: None, Categorização: ordinalencoder, Seleção de Feature: generic_univariate, Scaler: power, Fold: 0 - Exception: Negative values in data passed to MultinomialNB (input X)",,No using Ordinal Hot,0.0012674331665039062,9.942054748535156e-05
algerian_forest_fires_46279,,ordinalencoder,generic_univariate,power,MultinomialNB(),1,,"Erro na combinação 1357 - Imputer: None, Categorização: ordinalencoder, Seleção de Feature: generic_univariate, Scaler: power, Fold: 1 - Exception: Negative values in data passed to MultinomialNB (input X)",,No using Ordinal Hot,0.0012674331665039062,9.942054748535156e-05
algerian_forest_fires_46279,,ordinalencoder,generic_univariate,power,MultinomialNB(),2,,"Erro na combinação 1358 - Imputer: None, Categorização: ordinalencoder, Seleção de Feature: generic_univariate, Scaler: power, Fold: 2 - Exception: Negative values in data passed to MultinomialNB (input X)",,No using Ordinal Hot,0.0012674331665039062,9.942054748535156e-05
algerian_forest_fires_46279,,ordinalencoder,generic_univariate,power,MultinomialNB(),3,,"Erro na combinação 1359 - Imputer: None, Categorização: ordinalencoder, Seleção de Feature: generic_univariate, Scaler: power, Fold: 3 - Exception: Negative values in data passed to MultinomialNB (input X)",,No using Ordinal Hot,0.0012674331665039062,9.942054748535156e-05
algerian_forest_fires_46279,,ordinalencoder,generic_univariate,power,MultinomialNB(),4,,"Erro na combinação 1360 - Imputer: None, Categorização: ordinalencoder, Seleção de Feature: generic_univariate, Scaler: power, Fold: 4 - Exception: Negative values in data passed to MultinomialNB (input X)",,No using Ordinal Hot,0.0012674331665039062,9.942054748535156e-05
algerian_forest_fires_46279,,ordinalencoder,polynomial_features,power,MultinomialNB(),0,,"Erro na combinação 1361 - Imputer: None, Categorização: ordinalencoder, Seleção de Feature: polynomial_features, Scaler: power, Fold: 0 - Exception: Negative values in data passed to MultinomialNB (input X)",,No using Ordinal Hot,0.0012674331665039062,9.942054748535156e-05
algerian_forest_fires_46279,,ordinalencoder,polynomial_features,power,MultinomialNB(),1,,"Erro na combinação 1362 - Imputer: None, Categorização: ordinalencoder, Seleção de Feature: polynomial_features, Scaler: power, Fold: 1 - Exception: Negative values in data passed to MultinomialNB (input X)",,No using Ordinal Hot,0.0012674331665039062,9.942054748535156e-05
algerian_forest_fires_46279,,ordinalencoder,polynomial_features,power,MultinomialNB(),2,,"Erro na combinação 1363 - Imputer: None, Categorização: ordinalencoder, Seleção de Feature: polynomial_features, Scaler: power, Fold: 2 - Exception: Negative values in data passed to MultinomialNB (input X)",,No using Ordinal Hot,0.0012674331665039062,9.942054748535156e-05
algerian_forest_fires_46279,,ordinalencoder,polynomial_features,power,MultinomialNB(),3,,"Erro na combinação 1364 - Imputer: None, Categorização: ordinalencoder, Seleção de Feature: polynomial_features, Scaler: power, Fold: 3 - Exception: Negative values in data passed to MultinomialNB (input X)",,No using Ordinal Hot,0.0012674331665039062,9.942054748535156e-05
algerian_forest_fires_46279,,ordinalencoder,polynomial_features,power,MultinomialNB(),4,,"Erro na combinação 1365 - Imputer: None, Categorização: ordinalencoder, Seleção de Feature: polynomial_features, Scaler: power, Fold: 4 - Exception: Negative values in data passed to MultinomialNB (input X)",,No using Ordinal Hot,0.0012674331665039062,9.942054748535156e-05
algerian_forest_fires_46279,,ordinalencoder,nystroem,power,MultinomialNB(),0,,"Erro na combinação 1366 - Imputer: None, Categorização: ordinalencoder, Seleção de Feature: nystroem, Scaler: power, Fold: 0 - Exception: Negative values in data passed to MultinomialNB (input X)",,No using Ordinal Hot,0.0012674331665039062,9.942054748535156e-05
algerian_forest_fires_46279,,ordinalencoder,nystroem,power,MultinomialNB(),1,,"Erro na combinação 1367 - Imputer: None, Categorização: ordinalencoder, Seleção de Feature: nystroem, Scaler: power, Fold: 1 - Exception: Negative values in data passed to MultinomialNB (input X)",,No using Ordinal Hot,0.0012674331665039062,9.942054748535156e-05
algerian_forest_fires_46279,,ordinalencoder,nystroem,power,MultinomialNB(),2,,"Erro na combinação 1368 - Imputer: None, Categorização: ordinalencoder, Seleção de Feature: nystroem, Scaler: power, Fold: 2 - Exception: Negative values in data passed to MultinomialNB (input X)",,No using Ordinal Hot,0.0012674331665039062,9.942054748535156e-05
algerian_forest_fires_46279,,ordinalencoder,nystroem,power,MultinomialNB(),3,,"Erro na combinação 1369 - Imputer: None, Categorização: ordinalencoder, Seleção de Feature: nystroem, Scaler: power, Fold: 3 - Exception: Negative values in data passed to MultinomialNB (input X)",,No using Ordinal Hot,0.0012674331665039062,9.942054748535156e-05
algerian_forest_fires_46279,,ordinalencoder,nystroem,power,MultinomialNB(),4,,"Erro na combinação 1370 - Imputer: None, Categorização: ordinalencoder, Seleção de Feature: nystroem, Scaler: power, Fold: 4 - Exception: Negative values in data passed to MultinomialNB (input X)",,No using Ordinal Hot,0.0012674331665039062,9.942054748535156e-05
algerian_forest_fires_46279,,ordinalencoder,rbf_sampler,power,MultinomialNB(),0,,"Erro na combinação 1371 - Imputer: None, Categorização: ordinalencoder, Seleção de Feature: rbf_sampler, Scaler: power, Fold: 0 - Exception: Negative values in data passed to MultinomialNB (input X)",,No using Ordinal Hot,0.0012674331665039062,9.942054748535156e-05
algerian_forest_fires_46279,,ordinalencoder,rbf_sampler,power,MultinomialNB(),1,,"Erro na combinação 1372 - Imputer: None, Categorização: ordinalencoder, Seleção de Feature: rbf_sampler, Scaler: power, Fold: 1 - Exception: Negative values in data passed to MultinomialNB (input X)",,No using Ordinal Hot,0.0012674331665039062,9.942054748535156e-05
algerian_forest_fires_46279,,ordinalencoder,rbf_sampler,power,MultinomialNB(),2,,"Erro na combinação 1373 - Imputer: None, Categorização: ordinalencoder, Seleção de Feature: rbf_sampler, Scaler: power, Fold: 2 - Exception: Negative values in data passed to MultinomialNB (input X)",,No using Ordinal Hot,0.0012674331665039062,9.942054748535156e-05
algerian_forest_fires_46279,,ordinalencoder,rbf_sampler,power,MultinomialNB(),3,,"Erro na combinação 1374 - Imputer: None, Categorização: ordinalencoder, Seleção de Feature: rbf_sampler, Scaler: power, Fold: 3 - Exception: Negative values in data passed to MultinomialNB (input X)",,No using Ordinal Hot,0.0012674331665039062,9.942054748535156e-05
algerian_forest_fires_46279,,ordinalencoder,rbf_sampler,power,MultinomialNB(),4,,"Erro na combinação 1375 - Imputer: None, Categorização: ordinalencoder, Seleção de Feature: rbf_sampler, Scaler: power, Fold: 4 - Exception: Negative values in data passed to MultinomialNB (input X)",,No using Ordinal Hot,0.0012674331665039062,9.942054748535156e-05
algerian_forest_fires_46279,,ordinalencoder,random_trees_embedding,power,MultinomialNB(),0,0.9183673469387755,,,No using Ordinal Hot,0.001458883285522461,0.00013828277587890625
algerian_forest_fires_46279,,ordinalencoder,random_trees_embedding,power,MultinomialNB(),1,0.9591836734693877,,,No using Ordinal Hot,0.0014431476593017578,0.0001544952392578125
algerian_forest_fires_46279,,ordinalencoder,random_trees_embedding,power,MultinomialNB(),2,0.9591836734693877,,,No using Ordinal Hot,0.001565694808959961,0.0001404285430908203
algerian_forest_fires_46279,,ordinalencoder,random_trees_embedding,power,MultinomialNB(),3,0.9583333333333334,,,No using Ordinal Hot,0.001535654067993164,0.00015878677368164062
algerian_forest_fires_46279,,ordinalencoder,random_trees_embedding,power,MultinomialNB(),4,0.9583333333333334,,,No using Ordinal Hot,0.0014472007751464844,0.00015425682067871094
algerian_forest_fires_46279,,ordinalencoder,feature_agglomeration,power,MultinomialNB(),0,,"Erro na combinação 1381 - Imputer: None, Categorização: ordinalencoder, Seleção de Feature: feature_agglomeration, Scaler: power, Fold: 0 - Exception: Negative values in data passed to MultinomialNB (input X)",,No using Ordinal Hot,0.0014472007751464844,0.00015425682067871094
algerian_forest_fires_46279,,ordinalencoder,feature_agglomeration,power,MultinomialNB(),1,,"Erro na combinação 1382 - Imputer: None, Categorização: ordinalencoder, Seleção de Feature: feature_agglomeration, Scaler: power, Fold: 1 - Exception: Negative values in data passed to MultinomialNB (input X)",,No using Ordinal Hot,0.0014472007751464844,0.00015425682067871094
algerian_forest_fires_46279,,ordinalencoder,feature_agglomeration,power,MultinomialNB(),2,,"Erro na combinação 1383 - Imputer: None, Categorização: ordinalencoder, Seleção de Feature: feature_agglomeration, Scaler: power, Fold: 2 - Exception: Negative values in data passed to MultinomialNB (input X)",,No using Ordinal Hot,0.0014472007751464844,0.00015425682067871094
algerian_forest_fires_46279,,ordinalencoder,feature_agglomeration,power,MultinomialNB(),3,,"Erro na combinação 1384 - Imputer: None, Categorização: ordinalencoder, Seleção de Feature: feature_agglomeration, Scaler: power, Fold: 3 - Exception: Negative values in data passed to MultinomialNB (input X)",,No using Ordinal Hot,0.0014472007751464844,0.00015425682067871094
algerian_forest_fires_46279,,ordinalencoder,feature_agglomeration,power,MultinomialNB(),4,,"Erro na combinação 1385 - Imputer: None, Categorização: ordinalencoder, Seleção de Feature: feature_agglomeration, Scaler: power, Fold: 4 - Exception: Negative values in data passed to MultinomialNB (input X)",,No using Ordinal Hot,0.0014472007751464844,0.00015425682067871094
algerian_forest_fires_46279,,ordinalencoder,extra_tree,power,MultinomialNB(),0,,"Erro na combinação 1386 - Imputer: None, Categorização: ordinalencoder, Seleção de Feature: extra_tree, Scaler: power, Fold: 0 - Exception: Negative values in data passed to MultinomialNB (input X)",,No using Ordinal Hot,0.0014472007751464844,0.00015425682067871094
algerian_forest_fires_46279,,ordinalencoder,extra_tree,power,MultinomialNB(),1,,"Erro na combinação 1387 - Imputer: None, Categorização: ordinalencoder, Seleção de Feature: extra_tree, Scaler: power, Fold: 1 - Exception: Negative values in data passed to MultinomialNB (input X)",,No using Ordinal Hot,0.0014472007751464844,0.00015425682067871094
algerian_forest_fires_46279,,ordinalencoder,extra_tree,power,MultinomialNB(),2,,"Erro na combinação 1388 - Imputer: None, Categorização: ordinalencoder, Seleção de Feature: extra_tree, Scaler: power, Fold: 2 - Exception: Negative values in data passed to MultinomialNB (input X)",,No using Ordinal Hot,0.0014472007751464844,0.00015425682067871094
algerian_forest_fires_46279,,ordinalencoder,extra_tree,power,MultinomialNB(),3,,"Erro na combinação 1389 - Imputer: None, Categorização: ordinalencoder, Seleção de Feature: extra_tree, Scaler: power, Fold: 3 - Exception: Negative values in data passed to MultinomialNB (input X)",,No using Ordinal Hot,0.0014472007751464844,0.00015425682067871094
algerian_forest_fires_46279,,ordinalencoder,extra_tree,power,MultinomialNB(),4,,"Erro na combinação 1390 - Imputer: None, Categorização: ordinalencoder, Seleção de Feature: extra_tree, Scaler: power, Fold: 4 - Exception: Negative values in data passed to MultinomialNB (input X)",,No using Ordinal Hot,0.0014472007751464844,0.00015425682067871094
algerian_forest_fires_46279,,ordinalencoder,linear_svc,power,MultinomialNB(),0,,"Erro na combinação 1391 - Imputer: None, Categorização: ordinalencoder, Seleção de Feature: linear_svc, Scaler: power, Fold: 0 - Exception: Negative values in data passed to MultinomialNB (input X)",,No using Ordinal Hot,0.0014472007751464844,0.00015425682067871094
algerian_forest_fires_46279,,ordinalencoder,linear_svc,power,MultinomialNB(),1,,"Erro na combinação 1392 - Imputer: None, Categorização: ordinalencoder, Seleção de Feature: linear_svc, Scaler: power, Fold: 1 - Exception: Negative values in data passed to MultinomialNB (input X)",,No using Ordinal Hot,0.0014472007751464844,0.00015425682067871094
algerian_forest_fires_46279,,ordinalencoder,linear_svc,power,MultinomialNB(),2,,"Erro na combinação 1393 - Imputer: None, Categorização: ordinalencoder, Seleção de Feature: linear_svc, Scaler: power, Fold: 2 - Exception: Negative values in data passed to MultinomialNB (input X)",,No using Ordinal Hot,0.0014472007751464844,0.00015425682067871094
algerian_forest_fires_46279,,ordinalencoder,linear_svc,power,MultinomialNB(),3,,"Erro na combinação 1394 - Imputer: None, Categorização: ordinalencoder, Seleção de Feature: linear_svc, Scaler: power, Fold: 3 - Exception: Negative values in data passed to MultinomialNB (input X)",,No using Ordinal Hot,0.0014472007751464844,0.00015425682067871094
algerian_forest_fires_46279,,ordinalencoder,linear_svc,power,MultinomialNB(),4,,"Erro na combinação 1395 - Imputer: None, Categorização: ordinalencoder, Seleção de Feature: linear_svc, Scaler: power, Fold: 4 - Exception: Negative values in data passed to MultinomialNB (input X)",,No using Ordinal Hot,0.0014472007751464844,0.00015425682067871094
algerian_forest_fires_46279,,ordinalencoder,kernel_pca,power,MultinomialNB(),0,,"Erro na combinação 1396 - Imputer: None, Categorização: ordinalencoder, Seleção de Feature: kernel_pca, Scaler: power, Fold: 0 - Exception: Negative values in data passed to MultinomialNB (input X)",,No using Ordinal Hot,0.0014472007751464844,0.00015425682067871094
algerian_forest_fires_46279,,ordinalencoder,kernel_pca,power,MultinomialNB(),1,,"Erro na combinação 1397 - Imputer: None, Categorização: ordinalencoder, Seleção de Feature: kernel_pca, Scaler: power, Fold: 1 - Exception: Negative values in data passed to MultinomialNB (input X)",,No using Ordinal Hot,0.0014472007751464844,0.00015425682067871094
algerian_forest_fires_46279,,ordinalencoder,kernel_pca,power,MultinomialNB(),2,,"Erro na combinação 1398 - Imputer: None, Categorização: ordinalencoder, Seleção de Feature: kernel_pca, Scaler: power, Fold: 2 - Exception: Negative values in data passed to MultinomialNB (input X)",,No using Ordinal Hot,0.0014472007751464844,0.00015425682067871094
algerian_forest_fires_46279,,ordinalencoder,kernel_pca,power,MultinomialNB(),3,,"Erro na combinação 1399 - Imputer: None, Categorização: ordinalencoder, Seleção de Feature: kernel_pca, Scaler: power, Fold: 3 - Exception: Negative values in data passed to MultinomialNB (input X)",,No using Ordinal Hot,0.0014472007751464844,0.00015425682067871094
algerian_forest_fires_46279,,ordinalencoder,kernel_pca,power,MultinomialNB(),4,,"Erro na combinação 1400 - Imputer: None, Categorização: ordinalencoder, Seleção de Feature: kernel_pca, Scaler: power, Fold: 4 - Exception: Negative values in data passed to MultinomialNB (input X)",,No using Ordinal Hot,0.0014472007751464844,0.00015425682067871094
algerian_forest_fires_46279,,ordinalencoder,,quantile,MultinomialNB(),0,0.8979591836734694,,,No using Ordinal Hot,0.001531839370727539,0.00016427040100097656
algerian_forest_fires_46279,,ordinalencoder,,quantile,MultinomialNB(),1,0.9387755102040817,,,No using Ordinal Hot,0.0016591548919677734,0.00011587142944335938
algerian_forest_fires_46279,,ordinalencoder,,quantile,MultinomialNB(),2,0.8367346938775511,,,No using Ordinal Hot,0.0015158653259277344,0.00011563301086425781
algerian_forest_fires_46279,,ordinalencoder,,quantile,MultinomialNB(),3,0.9166666666666666,,,No using Ordinal Hot,0.0015194416046142578,0.00021696090698242188
algerian_forest_fires_46279,,ordinalencoder,,quantile,MultinomialNB(),4,0.9583333333333334,,,No using Ordinal Hot,0.0013327598571777344,0.00010824203491210938
algerian_forest_fires_46279,,ordinalencoder,pca,quantile,MultinomialNB(),0,,"Erro na combinação 1406 - Imputer: None, Categorização: ordinalencoder, Seleção de Feature: pca, Scaler: quantile, Fold: 0 - Exception: Negative values in data passed to MultinomialNB (input X)",,No using Ordinal Hot,0.0013327598571777344,0.00010824203491210938
algerian_forest_fires_46279,,ordinalencoder,pca,quantile,MultinomialNB(),1,,"Erro na combinação 1407 - Imputer: None, Categorização: ordinalencoder, Seleção de Feature: pca, Scaler: quantile, Fold: 1 - Exception: Negative values in data passed to MultinomialNB (input X)",,No using Ordinal Hot,0.0013327598571777344,0.00010824203491210938
algerian_forest_fires_46279,,ordinalencoder,pca,quantile,MultinomialNB(),2,,"Erro na combinação 1408 - Imputer: None, Categorização: ordinalencoder, Seleção de Feature: pca, Scaler: quantile, Fold: 2 - Exception: Negative values in data passed to MultinomialNB (input X)",,No using Ordinal Hot,0.0013327598571777344,0.00010824203491210938
algerian_forest_fires_46279,,ordinalencoder,pca,quantile,MultinomialNB(),3,,"Erro na combinação 1409 - Imputer: None, Categorização: ordinalencoder, Seleção de Feature: pca, Scaler: quantile, Fold: 3 - Exception: Negative values in data passed to MultinomialNB (input X)",,No using Ordinal Hot,0.0013327598571777344,0.00010824203491210938
algerian_forest_fires_46279,,ordinalencoder,pca,quantile,MultinomialNB(),4,,"Erro na combinação 1410 - Imputer: None, Categorização: ordinalencoder, Seleção de Feature: pca, Scaler: quantile, Fold: 4 - Exception: Negative values in data passed to MultinomialNB (input X)",,No using Ordinal Hot,0.0013327598571777344,0.00010824203491210938
algerian_forest_fires_46279,,ordinalencoder,fastica,quantile,MultinomialNB(),0,,"Erro na combinação 1411 - Imputer: None, Categorização: ordinalencoder, Seleção de Feature: fastica, Scaler: quantile, Fold: 0 - Exception: Negative values in data passed to MultinomialNB (input X)",,No using Ordinal Hot,0.0013327598571777344,0.00010824203491210938
algerian_forest_fires_46279,,ordinalencoder,fastica,quantile,MultinomialNB(),1,,"Erro na combinação 1412 - Imputer: None, Categorização: ordinalencoder, Seleção de Feature: fastica, Scaler: quantile, Fold: 1 - Exception: Negative values in data passed to MultinomialNB (input X)",,No using Ordinal Hot,0.0013327598571777344,0.00010824203491210938
algerian_forest_fires_46279,,ordinalencoder,fastica,quantile,MultinomialNB(),2,,"Erro na combinação 1413 - Imputer: None, Categorização: ordinalencoder, Seleção de Feature: fastica, Scaler: quantile, Fold: 2 - Exception: Negative values in data passed to MultinomialNB (input X)",,No using Ordinal Hot,0.0013327598571777344,0.00010824203491210938
algerian_forest_fires_46279,,ordinalencoder,fastica,quantile,MultinomialNB(),3,,"Erro na combinação 1414 - Imputer: None, Categorização: ordinalencoder, Seleção de Feature: fastica, Scaler: quantile, Fold: 3 - Exception: Negative values in data passed to MultinomialNB (input X)",,No using Ordinal Hot,0.0013327598571777344,0.00010824203491210938
algerian_forest_fires_46279,,ordinalencoder,fastica,quantile,MultinomialNB(),4,,"Erro na combinação 1415 - Imputer: None, Categorização: ordinalencoder, Seleção de Feature: fastica, Scaler: quantile, Fold: 4 - Exception: Negative values in data passed to MultinomialNB (input X)",,No using Ordinal Hot,0.0013327598571777344,0.00010824203491210938
algerian_forest_fires_46279,,ordinalencoder,truncated_svd,quantile,MultinomialNB(),0,,"Erro na combinação 1416 - Imputer: None, Categorização: ordinalencoder, Seleção de Feature: truncated_svd, Scaler: quantile, Fold: 0 - Exception: Negative values in data passed to MultinomialNB (input X)",,No using Ordinal Hot,0.0013327598571777344,0.00010824203491210938
algerian_forest_fires_46279,,ordinalencoder,truncated_svd,quantile,MultinomialNB(),1,,"Erro na combinação 1417 - Imputer: None, Categorização: ordinalencoder, Seleção de Feature: truncated_svd, Scaler: quantile, Fold: 1 - Exception: Negative values in data passed to MultinomialNB (input X)",,No using Ordinal Hot,0.0013327598571777344,0.00010824203491210938
algerian_forest_fires_46279,,ordinalencoder,truncated_svd,quantile,MultinomialNB(),2,,"Erro na combinação 1418 - Imputer: None, Categorização: ordinalencoder, Seleção de Feature: truncated_svd, Scaler: quantile, Fold: 2 - Exception: Negative values in data passed to MultinomialNB (input X)",,No using Ordinal Hot,0.0013327598571777344,0.00010824203491210938
algerian_forest_fires_46279,,ordinalencoder,truncated_svd,quantile,MultinomialNB(),3,,"Erro na combinação 1419 - Imputer: None, Categorização: ordinalencoder, Seleção de Feature: truncated_svd, Scaler: quantile, Fold: 3 - Exception: Negative values in data passed to MultinomialNB (input X)",,No using Ordinal Hot,0.0013327598571777344,0.00010824203491210938
algerian_forest_fires_46279,,ordinalencoder,truncated_svd,quantile,MultinomialNB(),4,,"Erro na combinação 1420 - Imputer: None, Categorização: ordinalencoder, Seleção de Feature: truncated_svd, Scaler: quantile, Fold: 4 - Exception: Negative values in data passed to MultinomialNB (input X)",,No using Ordinal Hot,0.0013327598571777344,0.00010824203491210938
algerian_forest_fires_46279,,ordinalencoder,select_percentile,quantile,MultinomialNB(),0,0.5510204081632653,,,No using Ordinal Hot,0.0011794567108154297,9.608268737792969e-05
algerian_forest_fires_46279,,ordinalencoder,select_percentile,quantile,MultinomialNB(),1,0.5510204081632653,,,No using Ordinal Hot,0.0012085437774658203,9.632110595703125e-05
algerian_forest_fires_46279,,ordinalencoder,select_percentile,quantile,MultinomialNB(),2,0.5714285714285714,,,No using Ordinal Hot,0.0012233257293701172,9.5367431640625e-05
algerian_forest_fires_46279,,ordinalencoder,select_percentile,quantile,MultinomialNB(),3,0.6041666666666666,,,No using Ordinal Hot,0.0012578964233398438,9.679794311523438e-05
algerian_forest_fires_46279,,ordinalencoder,select_percentile,quantile,MultinomialNB(),4,0.5416666666666666,,,No using Ordinal Hot,0.0012469291687011719,9.512901306152344e-05
algerian_forest_fires_46279,,ordinalencoder,generic_univariate,quantile,MultinomialNB(),0,0.5510204081632653,,,No using Ordinal Hot,0.001226186752319336,0.00011897087097167969
algerian_forest_fires_46279,,ordinalencoder,generic_univariate,quantile,MultinomialNB(),1,0.5510204081632653,,,No using Ordinal Hot,0.0012781620025634766,9.465217590332031e-05
algerian_forest_fires_46279,,ordinalencoder,generic_univariate,quantile,MultinomialNB(),2,0.5714285714285714,,,No using Ordinal Hot,0.0011947154998779297,9.369850158691406e-05
algerian_forest_fires_46279,,ordinalencoder,generic_univariate,quantile,MultinomialNB(),3,0.6041666666666666,,,No using Ordinal Hot,0.001237630844116211,9.369850158691406e-05
algerian_forest_fires_46279,,ordinalencoder,generic_univariate,quantile,MultinomialNB(),4,0.5416666666666666,,,No using Ordinal Hot,0.0012469291687011719,9.417533874511719e-05
algerian_forest_fires_46279,,ordinalencoder,polynomial_features,quantile,MultinomialNB(),0,0.8571428571428571,,,No using Ordinal Hot,0.0012521743774414062,0.00010514259338378906
algerian_forest_fires_46279,,ordinalencoder,polynomial_features,quantile,MultinomialNB(),1,0.9183673469387755,,,No using Ordinal Hot,0.0013985633850097656,0.00010514259338378906
algerian_forest_fires_46279,,ordinalencoder,polynomial_features,quantile,MultinomialNB(),2,0.8775510204081632,,,No using Ordinal Hot,0.0012705326080322266,0.00010442733764648438
algerian_forest_fires_46279,,ordinalencoder,polynomial_features,quantile,MultinomialNB(),3,0.9166666666666666,,,No using Ordinal Hot,0.001310586929321289,0.00010514259338378906
algerian_forest_fires_46279,,ordinalencoder,polynomial_features,quantile,MultinomialNB(),4,0.9583333333333334,,,No using Ordinal Hot,0.0012166500091552734,0.00010466575622558594
algerian_forest_fires_46279,,ordinalencoder,nystroem,quantile,MultinomialNB(),0,0.8979591836734694,,,No using Ordinal Hot,0.0014960765838623047,0.00012063980102539062
algerian_forest_fires_46279,,ordinalencoder,nystroem,quantile,MultinomialNB(),1,0.9387755102040817,,,No using Ordinal Hot,0.001638650894165039,0.00012540817260742188
algerian_forest_fires_46279,,ordinalencoder,nystroem,quantile,MultinomialNB(),2,0.8775510204081632,,,No using Ordinal Hot,0.0015773773193359375,0.0001227855682373047
algerian_forest_fires_46279,,ordinalencoder,nystroem,quantile,MultinomialNB(),3,0.9166666666666666,,,No using Ordinal Hot,0.0013911724090576172,0.00013446807861328125
algerian_forest_fires_46279,,ordinalencoder,nystroem,quantile,MultinomialNB(),4,0.9583333333333334,,,No using Ordinal Hot,0.001554250717163086,0.00012230873107910156
algerian_forest_fires_46279,,ordinalencoder,rbf_sampler,quantile,MultinomialNB(),0,,"Erro na combinação 1441 - Imputer: None, Categorização: ordinalencoder, Seleção de Feature: rbf_sampler, Scaler: quantile, Fold: 0 - Exception: Negative values in data passed to MultinomialNB (input X)",,No using Ordinal Hot,0.001554250717163086,0.00012230873107910156
algerian_forest_fires_46279,,ordinalencoder,rbf_sampler,quantile,MultinomialNB(),1,,"Erro na combinação 1442 - Imputer: None, Categorização: ordinalencoder, Seleção de Feature: rbf_sampler, Scaler: quantile, Fold: 1 - Exception: Negative values in data passed to MultinomialNB (input X)",,No using Ordinal Hot,0.001554250717163086,0.00012230873107910156
algerian_forest_fires_46279,,ordinalencoder,rbf_sampler,quantile,MultinomialNB(),2,,"Erro na combinação 1443 - Imputer: None, Categorização: ordinalencoder, Seleção de Feature: rbf_sampler, Scaler: quantile, Fold: 2 - Exception: Negative values in data passed to MultinomialNB (input X)",,No using Ordinal Hot,0.001554250717163086,0.00012230873107910156
algerian_forest_fires_46279,,ordinalencoder,rbf_sampler,quantile,MultinomialNB(),3,,"Erro na combinação 1444 - Imputer: None, Categorização: ordinalencoder, Seleção de Feature: rbf_sampler, Scaler: quantile, Fold: 3 - Exception: Negative values in data passed to MultinomialNB (input X)",,No using Ordinal Hot,0.001554250717163086,0.00012230873107910156
algerian_forest_fires_46279,,ordinalencoder,rbf_sampler,quantile,MultinomialNB(),4,,"Erro na combinação 1445 - Imputer: None, Categorização: ordinalencoder, Seleção de Feature: rbf_sampler, Scaler: quantile, Fold: 4 - Exception: Negative values in data passed to MultinomialNB (input X)",,No using Ordinal Hot,0.001554250717163086,0.00012230873107910156
algerian_forest_fires_46279,,ordinalencoder,random_trees_embedding,quantile,MultinomialNB(),0,0.9183673469387755,,,No using Ordinal Hot,0.0015435218811035156,0.00013685226440429688
algerian_forest_fires_46279,,ordinalencoder,random_trees_embedding,quantile,MultinomialNB(),1,0.9387755102040817,,,No using Ordinal Hot,0.0014758110046386719,0.0001354217529296875
algerian_forest_fires_46279,,ordinalencoder,random_trees_embedding,quantile,MultinomialNB(),2,0.9591836734693877,,,No using Ordinal Hot,0.0014319419860839844,0.00018596649169921875
algerian_forest_fires_46279,,ordinalencoder,random_trees_embedding,quantile,MultinomialNB(),3,0.9583333333333334,,,No using Ordinal Hot,0.0014438629150390625,0.00015807151794433594
algerian_forest_fires_46279,,ordinalencoder,random_trees_embedding,quantile,MultinomialNB(),4,0.9583333333333334,,,No using Ordinal Hot,0.0015501976013183594,0.00014209747314453125
algerian_forest_fires_46279,,ordinalencoder,feature_agglomeration,quantile,MultinomialNB(),0,0.6122448979591837,,,No using Ordinal Hot,0.0012521743774414062,9.679794311523438e-05
algerian_forest_fires_46279,,ordinalencoder,feature_agglomeration,quantile,MultinomialNB(),1,0.6530612244897959,,,No using Ordinal Hot,0.001291513442993164,0.00011801719665527344
algerian_forest_fires_46279,,ordinalencoder,feature_agglomeration,quantile,MultinomialNB(),2,0.6938775510204082,,,No using Ordinal Hot,0.0013515949249267578,9.965896606445312e-05
algerian_forest_fires_46279,,ordinalencoder,feature_agglomeration,quantile,MultinomialNB(),3,0.7708333333333334,,,No using Ordinal Hot,0.0013196468353271484,9.870529174804688e-05
algerian_forest_fires_46279,,ordinalencoder,feature_agglomeration,quantile,MultinomialNB(),4,0.6875,,,No using Ordinal Hot,0.0013973712921142578,0.00010538101196289062
algerian_forest_fires_46279,,ordinalencoder,extra_tree,quantile,MultinomialNB(),0,0.8163265306122449,,,No using Ordinal Hot,0.001317739486694336,0.00010085105895996094
algerian_forest_fires_46279,,ordinalencoder,extra_tree,quantile,MultinomialNB(),1,0.5510204081632653,,,No using Ordinal Hot,0.0012519359588623047,9.870529174804688e-05
algerian_forest_fires_46279,,ordinalencoder,extra_tree,quantile,MultinomialNB(),2,0.7959183673469388,,,No using Ordinal Hot,0.0013263225555419922,9.894371032714844e-05
algerian_forest_fires_46279,,ordinalencoder,extra_tree,quantile,MultinomialNB(),3,0.6041666666666666,,,No using Ordinal Hot,0.0014111995697021484,0.00020551681518554688
algerian_forest_fires_46279,,ordinalencoder,extra_tree,quantile,MultinomialNB(),4,0.8541666666666666,,,No using Ordinal Hot,0.001279592514038086,9.822845458984375e-05
algerian_forest_fires_46279,,ordinalencoder,linear_svc,quantile,MultinomialNB(),0,0.5510204081632653,,,No using Ordinal Hot,0.0013108253479003906,9.584426879882812e-05
algerian_forest_fires_46279,,ordinalencoder,linear_svc,quantile,MultinomialNB(),1,0.5510204081632653,,,No using Ordinal Hot,0.0012679100036621094,9.703636169433594e-05
algerian_forest_fires_46279,,ordinalencoder,linear_svc,quantile,MultinomialNB(),2,0.6122448979591837,,,No using Ordinal Hot,0.0013256072998046875,0.00010347366333007812
algerian_forest_fires_46279,,ordinalencoder,linear_svc,quantile,MultinomialNB(),3,0.6041666666666666,,,No using Ordinal Hot,0.0012273788452148438,9.72747802734375e-05
algerian_forest_fires_46279,,ordinalencoder,linear_svc,quantile,MultinomialNB(),4,0.6666666666666666,,,No using Ordinal Hot,0.0012705326080322266,9.775161743164062e-05
algerian_forest_fires_46279,,ordinalencoder,kernel_pca,quantile,MultinomialNB(),0,,"Erro na combinação 1466 - Imputer: None, Categorização: ordinalencoder, Seleção de Feature: kernel_pca, Scaler: quantile, Fold: 0 - Exception: Negative values in data passed to MultinomialNB (input X)",,No using Ordinal Hot,0.0012705326080322266,9.775161743164062e-05
algerian_forest_fires_46279,,ordinalencoder,kernel_pca,quantile,MultinomialNB(),1,,"Erro na combinação 1467 - Imputer: None, Categorização: ordinalencoder, Seleção de Feature: kernel_pca, Scaler: quantile, Fold: 1 - Exception: Negative values in data passed to MultinomialNB (input X)",,No using Ordinal Hot,0.0012705326080322266,9.775161743164062e-05
algerian_forest_fires_46279,,ordinalencoder,kernel_pca,quantile,MultinomialNB(),2,,"Erro na combinação 1468 - Imputer: None, Categorização: ordinalencoder, Seleção de Feature: kernel_pca, Scaler: quantile, Fold: 2 - Exception: Negative values in data passed to MultinomialNB (input X)",,No using Ordinal Hot,0.0012705326080322266,9.775161743164062e-05
algerian_forest_fires_46279,,ordinalencoder,kernel_pca,quantile,MultinomialNB(),3,,"Erro na combinação 1469 - Imputer: None, Categorização: ordinalencoder, Seleção de Feature: kernel_pca, Scaler: quantile, Fold: 3 - Exception: Negative values in data passed to MultinomialNB (input X)",,No using Ordinal Hot,0.0012705326080322266,9.775161743164062e-05
algerian_forest_fires_46279,,ordinalencoder,kernel_pca,quantile,MultinomialNB(),4,,"Erro na combinação 1470 - Imputer: None, Categorização: ordinalencoder, Seleção de Feature: kernel_pca, Scaler: quantile, Fold: 4 - Exception: Negative values in data passed to MultinomialNB (input X)",,No using Ordinal Hot,0.0012705326080322266,9.775161743164062e-05
algerian_forest_fires_46279,simpleimputer,,,,MultinomialNB(),0,0.8367346938775511,,No using Simple Imputer,,0.002561330795288086,0.0010409355163574219
algerian_forest_fires_46279,simpleimputer,,,,MultinomialNB(),1,0.8571428571428571,,No using Simple Imputer,,0.0023779869079589844,0.0009291172027587891
algerian_forest_fires_46279,simpleimputer,,,,MultinomialNB(),2,0.8163265306122449,,No using Simple Imputer,,0.002082347869873047,0.0008683204650878906
algerian_forest_fires_46279,simpleimputer,,,,MultinomialNB(),3,0.875,,No using Simple Imputer,,0.002164125442504883,0.0008518695831298828
algerian_forest_fires_46279,simpleimputer,,,,MultinomialNB(),4,0.8958333333333334,,No using Simple Imputer,,0.0021147727966308594,0.000858306884765625
algerian_forest_fires_46279,simpleimputer,,pca,,MultinomialNB(),0,,"Erro na combinação 1476 - Imputer: simpleimputer, Categorização: None, Seleção de Feature: pca, Scaler: None, Fold: 0 - Exception: Negative values in data passed to MultinomialNB (input X)",No using Simple Imputer,,0.0021147727966308594,0.000858306884765625
algerian_forest_fires_46279,simpleimputer,,pca,,MultinomialNB(),1,,"Erro na combinação 1477 - Imputer: simpleimputer, Categorização: None, Seleção de Feature: pca, Scaler: None, Fold: 1 - Exception: Negative values in data passed to MultinomialNB (input X)",No using Simple Imputer,,0.0021147727966308594,0.000858306884765625
algerian_forest_fires_46279,simpleimputer,,pca,,MultinomialNB(),2,,"Erro na combinação 1478 - Imputer: simpleimputer, Categorização: None, Seleção de Feature: pca, Scaler: None, Fold: 2 - Exception: Negative values in data passed to MultinomialNB (input X)",No using Simple Imputer,,0.0021147727966308594,0.000858306884765625
algerian_forest_fires_46279,simpleimputer,,pca,,MultinomialNB(),3,,"Erro na combinação 1479 - Imputer: simpleimputer, Categorização: None, Seleção de Feature: pca, Scaler: None, Fold: 3 - Exception: Negative values in data passed to MultinomialNB (input X)",No using Simple Imputer,,0.0021147727966308594,0.000858306884765625
algerian_forest_fires_46279,simpleimputer,,pca,,MultinomialNB(),4,,"Erro na combinação 1480 - Imputer: simpleimputer, Categorização: None, Seleção de Feature: pca, Scaler: None, Fold: 4 - Exception: Negative values in data passed to MultinomialNB (input X)",No using Simple Imputer,,0.0021147727966308594,0.000858306884765625
algerian_forest_fires_46279,simpleimputer,,fastica,,MultinomialNB(),0,,"Erro na combinação 1481 - Imputer: simpleimputer, Categorização: None, Seleção de Feature: fastica, Scaler: None, Fold: 0 - Exception: Negative values in data passed to MultinomialNB (input X)",No using Simple Imputer,,0.0021147727966308594,0.000858306884765625
algerian_forest_fires_46279,simpleimputer,,fastica,,MultinomialNB(),1,,"Erro na combinação 1482 - Imputer: simpleimputer, Categorização: None, Seleção de Feature: fastica, Scaler: None, Fold: 1 - Exception: Negative values in data passed to MultinomialNB (input X)",No using Simple Imputer,,0.0021147727966308594,0.000858306884765625
algerian_forest_fires_46279,simpleimputer,,fastica,,MultinomialNB(),2,,"Erro na combinação 1483 - Imputer: simpleimputer, Categorização: None, Seleção de Feature: fastica, Scaler: None, Fold: 2 - Exception: Negative values in data passed to MultinomialNB (input X)",No using Simple Imputer,,0.0021147727966308594,0.000858306884765625
algerian_forest_fires_46279,simpleimputer,,fastica,,MultinomialNB(),3,,"Erro na combinação 1484 - Imputer: simpleimputer, Categorização: None, Seleção de Feature: fastica, Scaler: None, Fold: 3 - Exception: Negative values in data passed to MultinomialNB (input X)",No using Simple Imputer,,0.0021147727966308594,0.000858306884765625
algerian_forest_fires_46279,simpleimputer,,fastica,,MultinomialNB(),4,,"Erro na combinação 1485 - Imputer: simpleimputer, Categorização: None, Seleção de Feature: fastica, Scaler: None, Fold: 4 - Exception: Negative values in data passed to MultinomialNB (input X)",No using Simple Imputer,,0.0021147727966308594,0.000858306884765625
algerian_forest_fires_46279,simpleimputer,,truncated_svd,,MultinomialNB(),0,,"Erro na combinação 1486 - Imputer: simpleimputer, Categorização: None, Seleção de Feature: truncated_svd, Scaler: None, Fold: 0 - Exception: Negative values in data passed to MultinomialNB (input X)",No using Simple Imputer,,0.0021147727966308594,0.000858306884765625
algerian_forest_fires_46279,simpleimputer,,truncated_svd,,MultinomialNB(),1,,"Erro na combinação 1487 - Imputer: simpleimputer, Categorização: None, Seleção de Feature: truncated_svd, Scaler: None, Fold: 1 - Exception: Negative values in data passed to MultinomialNB (input X)",No using Simple Imputer,,0.0021147727966308594,0.000858306884765625
algerian_forest_fires_46279,simpleimputer,,truncated_svd,,MultinomialNB(),2,,"Erro na combinação 1488 - Imputer: simpleimputer, Categorização: None, Seleção de Feature: truncated_svd, Scaler: None, Fold: 2 - Exception: Negative values in data passed to MultinomialNB (input X)",No using Simple Imputer,,0.0021147727966308594,0.000858306884765625
algerian_forest_fires_46279,simpleimputer,,truncated_svd,,MultinomialNB(),3,,"Erro na combinação 1489 - Imputer: simpleimputer, Categorização: None, Seleção de Feature: truncated_svd, Scaler: None, Fold: 3 - Exception: Negative values in data passed to MultinomialNB (input X)",No using Simple Imputer,,0.0021147727966308594,0.000858306884765625
algerian_forest_fires_46279,simpleimputer,,truncated_svd,,MultinomialNB(),4,,"Erro na combinação 1490 - Imputer: simpleimputer, Categorização: None, Seleção de Feature: truncated_svd, Scaler: None, Fold: 4 - Exception: Negative values in data passed to MultinomialNB (input X)",No using Simple Imputer,,0.0021147727966308594,0.000858306884765625
algerian_forest_fires_46279,simpleimputer,,select_percentile,,MultinomialNB(),0,0.9183673469387755,,No using Simple Imputer,,0.001199960708618164,9.512901306152344e-05
algerian_forest_fires_46279,simpleimputer,,select_percentile,,MultinomialNB(),1,0.9795918367346939,,No using Simple Imputer,,0.0012369155883789062,0.0001201629638671875
algerian_forest_fires_46279,simpleimputer,,select_percentile,,MultinomialNB(),2,0.9183673469387755,,No using Simple Imputer,,0.0012216567993164062,9.489059448242188e-05
algerian_forest_fires_46279,simpleimputer,,select_percentile,,MultinomialNB(),3,0.9375,,No using Simple Imputer,,0.0011980533599853516,9.632110595703125e-05
algerian_forest_fires_46279,simpleimputer,,select_percentile,,MultinomialNB(),4,0.9166666666666666,,No using Simple Imputer,,0.0012698173522949219,0.0001201629638671875
algerian_forest_fires_46279,simpleimputer,,generic_univariate,,MultinomialNB(),0,0.5510204081632653,,No using Simple Imputer,,0.0012917518615722656,0.00011134147644042969
algerian_forest_fires_46279,simpleimputer,,generic_univariate,,MultinomialNB(),1,0.5510204081632653,,No using Simple Imputer,,0.0011587142944335938,9.202957153320312e-05
algerian_forest_fires_46279,simpleimputer,,generic_univariate,,MultinomialNB(),2,0.5714285714285714,,No using Simple Imputer,,0.0012328624725341797,9.393692016601562e-05
algerian_forest_fires_46279,simpleimputer,,generic_univariate,,MultinomialNB(),3,0.6041666666666666,,No using Simple Imputer,,0.0012135505676269531,9.274482727050781e-05
algerian_forest_fires_46279,simpleimputer,,generic_univariate,,MultinomialNB(),4,0.5416666666666666,,No using Simple Imputer,,0.0012080669403076172,9.512901306152344e-05
algerian_forest_fires_46279,simpleimputer,,polynomial_features,,MultinomialNB(),0,0.8367346938775511,,No using Simple Imputer,,0.0012676715850830078,0.00010561943054199219
algerian_forest_fires_46279,simpleimputer,,polynomial_features,,MultinomialNB(),1,0.8367346938775511,,No using Simple Imputer,,0.0012354850769042969,0.00010418891906738281
algerian_forest_fires_46279,simpleimputer,,polynomial_features,,MultinomialNB(),2,0.7959183673469388,,No using Simple Imputer,,0.0012421607971191406,0.00010442733764648438
algerian_forest_fires_46279,simpleimputer,,polynomial_features,,MultinomialNB(),3,0.875,,No using Simple Imputer,,0.0013263225555419922,0.00010585784912109375
algerian_forest_fires_46279,simpleimputer,,polynomial_features,,MultinomialNB(),4,0.8958333333333334,,No using Simple Imputer,,0.0013191699981689453,0.00010561943054199219
algerian_forest_fires_46279,simpleimputer,,nystroem,,MultinomialNB(),0,,"Erro na combinação 1506 - Imputer: simpleimputer, Categorização: None, Seleção de Feature: nystroem, Scaler: None, Fold: 0 - Exception: Negative values in data passed to MultinomialNB (input X)",No using Simple Imputer,,0.0013191699981689453,0.00010561943054199219
algerian_forest_fires_46279,simpleimputer,,nystroem,,MultinomialNB(),1,,"Erro na combinação 1507 - Imputer: simpleimputer, Categorização: None, Seleção de Feature: nystroem, Scaler: None, Fold: 1 - Exception: Negative values in data passed to MultinomialNB (input X)",No using Simple Imputer,,0.0013191699981689453,0.00010561943054199219
algerian_forest_fires_46279,simpleimputer,,nystroem,,MultinomialNB(),2,,"Erro na combinação 1508 - Imputer: simpleimputer, Categorização: None, Seleção de Feature: nystroem, Scaler: None, Fold: 2 - Exception: Negative values in data passed to MultinomialNB (input X)",No using Simple Imputer,,0.0013191699981689453,0.00010561943054199219
algerian_forest_fires_46279,simpleimputer,,nystroem,,MultinomialNB(),3,,"Erro na combinação 1509 - Imputer: simpleimputer, Categorização: None, Seleção de Feature: nystroem, Scaler: None, Fold: 3 - Exception: Negative values in data passed to MultinomialNB (input X)",No using Simple Imputer,,0.0013191699981689453,0.00010561943054199219
algerian_forest_fires_46279,simpleimputer,,nystroem,,MultinomialNB(),4,,"Erro na combinação 1510 - Imputer: simpleimputer, Categorização: None, Seleção de Feature: nystroem, Scaler: None, Fold: 4 - Exception: Negative values in data passed to MultinomialNB (input X)",No using Simple Imputer,,0.0013191699981689453,0.00010561943054199219
algerian_forest_fires_46279,simpleimputer,,rbf_sampler,,MultinomialNB(),0,,"Erro na combinação 1511 - Imputer: simpleimputer, Categorização: None, Seleção de Feature: rbf_sampler, Scaler: None, Fold: 0 - Exception: Negative values in data passed to MultinomialNB (input X)",No using Simple Imputer,,0.0013191699981689453,0.00010561943054199219
algerian_forest_fires_46279,simpleimputer,,rbf_sampler,,MultinomialNB(),1,,"Erro na combinação 1512 - Imputer: simpleimputer, Categorização: None, Seleção de Feature: rbf_sampler, Scaler: None, Fold: 1 - Exception: Negative values in data passed to MultinomialNB (input X)",No using Simple Imputer,,0.0013191699981689453,0.00010561943054199219
algerian_forest_fires_46279,simpleimputer,,rbf_sampler,,MultinomialNB(),2,,"Erro na combinação 1513 - Imputer: simpleimputer, Categorização: None, Seleção de Feature: rbf_sampler, Scaler: None, Fold: 2 - Exception: Negative values in data passed to MultinomialNB (input X)",No using Simple Imputer,,0.0013191699981689453,0.00010561943054199219
algerian_forest_fires_46279,simpleimputer,,rbf_sampler,,MultinomialNB(),3,,"Erro na combinação 1514 - Imputer: simpleimputer, Categorização: None, Seleção de Feature: rbf_sampler, Scaler: None, Fold: 3 - Exception: Negative values in data passed to MultinomialNB (input X)",No using Simple Imputer,,0.0013191699981689453,0.00010561943054199219
algerian_forest_fires_46279,simpleimputer,,rbf_sampler,,MultinomialNB(),4,,"Erro na combinação 1515 - Imputer: simpleimputer, Categorização: None, Seleção de Feature: rbf_sampler, Scaler: None, Fold: 4 - Exception: Negative values in data passed to MultinomialNB (input X)",No using Simple Imputer,,0.0013191699981689453,0.00010561943054199219
algerian_forest_fires_46279,simpleimputer,,random_trees_embedding,,MultinomialNB(),0,0.8979591836734694,,No using Simple Imputer,,0.0014662742614746094,0.00013494491577148438
algerian_forest_fires_46279,simpleimputer,,random_trees_embedding,,MultinomialNB(),1,0.9387755102040817,,No using Simple Imputer,,0.0014328956604003906,0.00015974044799804688
algerian_forest_fires_46279,simpleimputer,,random_trees_embedding,,MultinomialNB(),2,0.9183673469387755,,No using Simple Imputer,,0.0014500617980957031,0.00013375282287597656
algerian_forest_fires_46279,simpleimputer,,random_trees_embedding,,MultinomialNB(),3,0.9583333333333334,,No using Simple Imputer,,0.001399993896484375,0.00013327598571777344
algerian_forest_fires_46279,simpleimputer,,random_trees_embedding,,MultinomialNB(),4,0.9791666666666666,,No using Simple Imputer,,0.0014202594757080078,0.0001347064971923828
algerian_forest_fires_46279,simpleimputer,,feature_agglomeration,,MultinomialNB(),0,0.8367346938775511,,No using Simple Imputer,,0.0012624263763427734,9.894371032714844e-05
algerian_forest_fires_46279,simpleimputer,,feature_agglomeration,,MultinomialNB(),1,0.7755102040816326,,No using Simple Imputer,,0.0015110969543457031,0.00010657310485839844
algerian_forest_fires_46279,simpleimputer,,feature_agglomeration,,MultinomialNB(),2,0.7959183673469388,,No using Simple Imputer,,0.0012524127960205078,9.608268737792969e-05
algerian_forest_fires_46279,simpleimputer,,feature_agglomeration,,MultinomialNB(),3,0.8125,,No using Simple Imputer,,0.0013201236724853516,9.608268737792969e-05
algerian_forest_fires_46279,simpleimputer,,feature_agglomeration,,MultinomialNB(),4,0.8541666666666666,,No using Simple Imputer,,0.0012392997741699219,9.465217590332031e-05
algerian_forest_fires_46279,simpleimputer,,extra_tree,,MultinomialNB(),0,0.8571428571428571,,No using Simple Imputer,,0.0012934207916259766,9.799003601074219e-05
algerian_forest_fires_46279,simpleimputer,,extra_tree,,MultinomialNB(),1,0.9183673469387755,,No using Simple Imputer,,0.0012891292572021484,9.775161743164062e-05
algerian_forest_fires_46279,simpleimputer,,extra_tree,,MultinomialNB(),2,0.8367346938775511,,No using Simple Imputer,,0.0014040470123291016,9.918212890625e-05
algerian_forest_fires_46279,simpleimputer,,extra_tree,,MultinomialNB(),3,0.9166666666666666,,No using Simple Imputer,,0.001308441162109375,9.799003601074219e-05
algerian_forest_fires_46279,simpleimputer,,extra_tree,,MultinomialNB(),4,0.9583333333333334,,No using Simple Imputer,,0.0013306140899658203,0.00010585784912109375
algerian_forest_fires_46279,simpleimputer,,linear_svc,,MultinomialNB(),0,0.8775510204081632,,No using Simple Imputer,,0.0014331340789794922,0.00012421607971191406
algerian_forest_fires_46279,simpleimputer,,linear_svc,,MultinomialNB(),1,0.9795918367346939,,No using Simple Imputer,,0.001374959945678711,9.894371032714844e-05
algerian_forest_fires_46279,simpleimputer,,linear_svc,,MultinomialNB(),2,0.9591836734693877,,No using Simple Imputer,,0.001237630844116211,9.822845458984375e-05
algerian_forest_fires_46279,simpleimputer,,linear_svc,,MultinomialNB(),3,0.9583333333333334,,No using Simple Imputer,,0.0012116432189941406,9.655952453613281e-05
algerian_forest_fires_46279,simpleimputer,,linear_svc,,MultinomialNB(),4,0.9583333333333334,,No using Simple Imputer,,0.0012063980102539062,9.775161743164062e-05
algerian_forest_fires_46279,simpleimputer,,kernel_pca,,MultinomialNB(),0,,"Erro na combinação 1536 - Imputer: simpleimputer, Categorização: None, Seleção de Feature: kernel_pca, Scaler: None, Fold: 0 - Exception: Negative values in data passed to MultinomialNB (input X)",No using Simple Imputer,,0.0012063980102539062,9.775161743164062e-05
algerian_forest_fires_46279,simpleimputer,,kernel_pca,,MultinomialNB(),1,,"Erro na combinação 1537 - Imputer: simpleimputer, Categorização: None, Seleção de Feature: kernel_pca, Scaler: None, Fold: 1 - Exception: Negative values in data passed to MultinomialNB (input X)",No using Simple Imputer,,0.0012063980102539062,9.775161743164062e-05
algerian_forest_fires_46279,simpleimputer,,kernel_pca,,MultinomialNB(),2,,"Erro na combinação 1538 - Imputer: simpleimputer, Categorização: None, Seleção de Feature: kernel_pca, Scaler: None, Fold: 2 - Exception: Negative values in data passed to MultinomialNB (input X)",No using Simple Imputer,,0.0012063980102539062,9.775161743164062e-05
algerian_forest_fires_46279,simpleimputer,,kernel_pca,,MultinomialNB(),3,,"Erro na combinação 1539 - Imputer: simpleimputer, Categorização: None, Seleção de Feature: kernel_pca, Scaler: None, Fold: 3 - Exception: Negative values in data passed to MultinomialNB (input X)",No using Simple Imputer,,0.0012063980102539062,9.775161743164062e-05
algerian_forest_fires_46279,simpleimputer,,kernel_pca,,MultinomialNB(),4,,"Erro na combinação 1540 - Imputer: simpleimputer, Categorização: None, Seleção de Feature: kernel_pca, Scaler: None, Fold: 4 - Exception: Negative values in data passed to MultinomialNB (input X)",No using Simple Imputer,,0.0012063980102539062,9.775161743164062e-05
algerian_forest_fires_46279,simpleimputer,,,standard,MultinomialNB(),0,,"Erro na combinação 1541 - Imputer: simpleimputer, Categorização: None, Seleção de Feature: None, Scaler: standard, Fold: 0 - Exception: Negative values in data passed to MultinomialNB (input X)",No using Simple Imputer,,0.0012063980102539062,9.775161743164062e-05
algerian_forest_fires_46279,simpleimputer,,,standard,MultinomialNB(),1,,"Erro na combinação 1542 - Imputer: simpleimputer, Categorização: None, Seleção de Feature: None, Scaler: standard, Fold: 1 - Exception: Negative values in data passed to MultinomialNB (input X)",No using Simple Imputer,,0.0012063980102539062,9.775161743164062e-05
algerian_forest_fires_46279,simpleimputer,,,standard,MultinomialNB(),2,,"Erro na combinação 1543 - Imputer: simpleimputer, Categorização: None, Seleção de Feature: None, Scaler: standard, Fold: 2 - Exception: Negative values in data passed to MultinomialNB (input X)",No using Simple Imputer,,0.0012063980102539062,9.775161743164062e-05
algerian_forest_fires_46279,simpleimputer,,,standard,MultinomialNB(),3,,"Erro na combinação 1544 - Imputer: simpleimputer, Categorização: None, Seleção de Feature: None, Scaler: standard, Fold: 3 - Exception: Negative values in data passed to MultinomialNB (input X)",No using Simple Imputer,,0.0012063980102539062,9.775161743164062e-05
algerian_forest_fires_46279,simpleimputer,,,standard,MultinomialNB(),4,,"Erro na combinação 1545 - Imputer: simpleimputer, Categorização: None, Seleção de Feature: None, Scaler: standard, Fold: 4 - Exception: Negative values in data passed to MultinomialNB (input X)",No using Simple Imputer,,0.0012063980102539062,9.775161743164062e-05
algerian_forest_fires_46279,simpleimputer,,pca,standard,MultinomialNB(),0,,"Erro na combinação 1546 - Imputer: simpleimputer, Categorização: None, Seleção de Feature: pca, Scaler: standard, Fold: 0 - Exception: Negative values in data passed to MultinomialNB (input X)",No using Simple Imputer,,0.0012063980102539062,9.775161743164062e-05
algerian_forest_fires_46279,simpleimputer,,pca,standard,MultinomialNB(),1,,"Erro na combinação 1547 - Imputer: simpleimputer, Categorização: None, Seleção de Feature: pca, Scaler: standard, Fold: 1 - Exception: Negative values in data passed to MultinomialNB (input X)",No using Simple Imputer,,0.0012063980102539062,9.775161743164062e-05
algerian_forest_fires_46279,simpleimputer,,pca,standard,MultinomialNB(),2,,"Erro na combinação 1548 - Imputer: simpleimputer, Categorização: None, Seleção de Feature: pca, Scaler: standard, Fold: 2 - Exception: Negative values in data passed to MultinomialNB (input X)",No using Simple Imputer,,0.0012063980102539062,9.775161743164062e-05
algerian_forest_fires_46279,simpleimputer,,pca,standard,MultinomialNB(),3,,"Erro na combinação 1549 - Imputer: simpleimputer, Categorização: None, Seleção de Feature: pca, Scaler: standard, Fold: 3 - Exception: Negative values in data passed to MultinomialNB (input X)",No using Simple Imputer,,0.0012063980102539062,9.775161743164062e-05
algerian_forest_fires_46279,simpleimputer,,pca,standard,MultinomialNB(),4,,"Erro na combinação 1550 - Imputer: simpleimputer, Categorização: None, Seleção de Feature: pca, Scaler: standard, Fold: 4 - Exception: Negative values in data passed to MultinomialNB (input X)",No using Simple Imputer,,0.0012063980102539062,9.775161743164062e-05
algerian_forest_fires_46279,simpleimputer,,fastica,standard,MultinomialNB(),0,,"Erro na combinação 1551 - Imputer: simpleimputer, Categorização: None, Seleção de Feature: fastica, Scaler: standard, Fold: 0 - Exception: Negative values in data passed to MultinomialNB (input X)",No using Simple Imputer,,0.0012063980102539062,9.775161743164062e-05
algerian_forest_fires_46279,simpleimputer,,fastica,standard,MultinomialNB(),1,,"Erro na combinação 1552 - Imputer: simpleimputer, Categorização: None, Seleção de Feature: fastica, Scaler: standard, Fold: 1 - Exception: Negative values in data passed to MultinomialNB (input X)",No using Simple Imputer,,0.0012063980102539062,9.775161743164062e-05
algerian_forest_fires_46279,simpleimputer,,fastica,standard,MultinomialNB(),2,,"Erro na combinação 1553 - Imputer: simpleimputer, Categorização: None, Seleção de Feature: fastica, Scaler: standard, Fold: 2 - Exception: Negative values in data passed to MultinomialNB (input X)",No using Simple Imputer,,0.0012063980102539062,9.775161743164062e-05
algerian_forest_fires_46279,simpleimputer,,fastica,standard,MultinomialNB(),3,,"Erro na combinação 1554 - Imputer: simpleimputer, Categorização: None, Seleção de Feature: fastica, Scaler: standard, Fold: 3 - Exception: Negative values in data passed to MultinomialNB (input X)",No using Simple Imputer,,0.0012063980102539062,9.775161743164062e-05
algerian_forest_fires_46279,simpleimputer,,fastica,standard,MultinomialNB(),4,,"Erro na combinação 1555 - Imputer: simpleimputer, Categorização: None, Seleção de Feature: fastica, Scaler: standard, Fold: 4 - Exception: Negative values in data passed to MultinomialNB (input X)",No using Simple Imputer,,0.0012063980102539062,9.775161743164062e-05
algerian_forest_fires_46279,simpleimputer,,truncated_svd,standard,MultinomialNB(),0,,"Erro na combinação 1556 - Imputer: simpleimputer, Categorização: None, Seleção de Feature: truncated_svd, Scaler: standard, Fold: 0 - Exception: Negative values in data passed to MultinomialNB (input X)",No using Simple Imputer,,0.0012063980102539062,9.775161743164062e-05
algerian_forest_fires_46279,simpleimputer,,truncated_svd,standard,MultinomialNB(),1,,"Erro na combinação 1557 - Imputer: simpleimputer, Categorização: None, Seleção de Feature: truncated_svd, Scaler: standard, Fold: 1 - Exception: Negative values in data passed to MultinomialNB (input X)",No using Simple Imputer,,0.0012063980102539062,9.775161743164062e-05
algerian_forest_fires_46279,simpleimputer,,truncated_svd,standard,MultinomialNB(),2,,"Erro na combinação 1558 - Imputer: simpleimputer, Categorização: None, Seleção de Feature: truncated_svd, Scaler: standard, Fold: 2 - Exception: Negative values in data passed to MultinomialNB (input X)",No using Simple Imputer,,0.0012063980102539062,9.775161743164062e-05
algerian_forest_fires_46279,simpleimputer,,truncated_svd,standard,MultinomialNB(),3,,"Erro na combinação 1559 - Imputer: simpleimputer, Categorização: None, Seleção de Feature: truncated_svd, Scaler: standard, Fold: 3 - Exception: Negative values in data passed to MultinomialNB (input X)",No using Simple Imputer,,0.0012063980102539062,9.775161743164062e-05
algerian_forest_fires_46279,simpleimputer,,truncated_svd,standard,MultinomialNB(),4,,"Erro na combinação 1560 - Imputer: simpleimputer, Categorização: None, Seleção de Feature: truncated_svd, Scaler: standard, Fold: 4 - Exception: Negative values in data passed to MultinomialNB (input X)",No using Simple Imputer,,0.0012063980102539062,9.775161743164062e-05
algerian_forest_fires_46279,simpleimputer,,select_percentile,standard,MultinomialNB(),0,,"Erro na combinação 1561 - Imputer: simpleimputer, Categorização: None, Seleção de Feature: select_percentile, Scaler: standard, Fold: 0 - Exception: Negative values in data passed to MultinomialNB (input X)",No using Simple Imputer,,0.0012063980102539062,9.775161743164062e-05
algerian_forest_fires_46279,simpleimputer,,select_percentile,standard,MultinomialNB(),1,,"Erro na combinação 1562 - Imputer: simpleimputer, Categorização: None, Seleção de Feature: select_percentile, Scaler: standard, Fold: 1 - Exception: Negative values in data passed to MultinomialNB (input X)",No using Simple Imputer,,0.0012063980102539062,9.775161743164062e-05
algerian_forest_fires_46279,simpleimputer,,select_percentile,standard,MultinomialNB(),2,,"Erro na combinação 1563 - Imputer: simpleimputer, Categorização: None, Seleção de Feature: select_percentile, Scaler: standard, Fold: 2 - Exception: Negative values in data passed to MultinomialNB (input X)",No using Simple Imputer,,0.0012063980102539062,9.775161743164062e-05
algerian_forest_fires_46279,simpleimputer,,select_percentile,standard,MultinomialNB(),3,,"Erro na combinação 1564 - Imputer: simpleimputer, Categorização: None, Seleção de Feature: select_percentile, Scaler: standard, Fold: 3 - Exception: Negative values in data passed to MultinomialNB (input X)",No using Simple Imputer,,0.0012063980102539062,9.775161743164062e-05
algerian_forest_fires_46279,simpleimputer,,select_percentile,standard,MultinomialNB(),4,,"Erro na combinação 1565 - Imputer: simpleimputer, Categorização: None, Seleção de Feature: select_percentile, Scaler: standard, Fold: 4 - Exception: Negative values in data passed to MultinomialNB (input X)",No using Simple Imputer,,0.0012063980102539062,9.775161743164062e-05
algerian_forest_fires_46279,simpleimputer,,generic_univariate,standard,MultinomialNB(),0,,"Erro na combinação 1566 - Imputer: simpleimputer, Categorização: None, Seleção de Feature: generic_univariate, Scaler: standard, Fold: 0 - Exception: Negative values in data passed to MultinomialNB (input X)",No using Simple Imputer,,0.0012063980102539062,9.775161743164062e-05
algerian_forest_fires_46279,simpleimputer,,generic_univariate,standard,MultinomialNB(),1,,"Erro na combinação 1567 - Imputer: simpleimputer, Categorização: None, Seleção de Feature: generic_univariate, Scaler: standard, Fold: 1 - Exception: Negative values in data passed to MultinomialNB (input X)",No using Simple Imputer,,0.0012063980102539062,9.775161743164062e-05
algerian_forest_fires_46279,simpleimputer,,generic_univariate,standard,MultinomialNB(),2,,"Erro na combinação 1568 - Imputer: simpleimputer, Categorização: None, Seleção de Feature: generic_univariate, Scaler: standard, Fold: 2 - Exception: Negative values in data passed to MultinomialNB (input X)",No using Simple Imputer,,0.0012063980102539062,9.775161743164062e-05
algerian_forest_fires_46279,simpleimputer,,generic_univariate,standard,MultinomialNB(),3,,"Erro na combinação 1569 - Imputer: simpleimputer, Categorização: None, Seleção de Feature: generic_univariate, Scaler: standard, Fold: 3 - Exception: Negative values in data passed to MultinomialNB (input X)",No using Simple Imputer,,0.0012063980102539062,9.775161743164062e-05
algerian_forest_fires_46279,simpleimputer,,generic_univariate,standard,MultinomialNB(),4,,"Erro na combinação 1570 - Imputer: simpleimputer, Categorização: None, Seleção de Feature: generic_univariate, Scaler: standard, Fold: 4 - Exception: Negative values in data passed to MultinomialNB (input X)",No using Simple Imputer,,0.0012063980102539062,9.775161743164062e-05
algerian_forest_fires_46279,simpleimputer,,polynomial_features,standard,MultinomialNB(),0,,"Erro na combinação 1571 - Imputer: simpleimputer, Categorização: None, Seleção de Feature: polynomial_features, Scaler: standard, Fold: 0 - Exception: Negative values in data passed to MultinomialNB (input X)",No using Simple Imputer,,0.0012063980102539062,9.775161743164062e-05
algerian_forest_fires_46279,simpleimputer,,polynomial_features,standard,MultinomialNB(),1,,"Erro na combinação 1572 - Imputer: simpleimputer, Categorização: None, Seleção de Feature: polynomial_features, Scaler: standard, Fold: 1 - Exception: Negative values in data passed to MultinomialNB (input X)",No using Simple Imputer,,0.0012063980102539062,9.775161743164062e-05
algerian_forest_fires_46279,simpleimputer,,polynomial_features,standard,MultinomialNB(),2,,"Erro na combinação 1573 - Imputer: simpleimputer, Categorização: None, Seleção de Feature: polynomial_features, Scaler: standard, Fold: 2 - Exception: Negative values in data passed to MultinomialNB (input X)",No using Simple Imputer,,0.0012063980102539062,9.775161743164062e-05
algerian_forest_fires_46279,simpleimputer,,polynomial_features,standard,MultinomialNB(),3,,"Erro na combinação 1574 - Imputer: simpleimputer, Categorização: None, Seleção de Feature: polynomial_features, Scaler: standard, Fold: 3 - Exception: Negative values in data passed to MultinomialNB (input X)",No using Simple Imputer,,0.0012063980102539062,9.775161743164062e-05
algerian_forest_fires_46279,simpleimputer,,polynomial_features,standard,MultinomialNB(),4,,"Erro na combinação 1575 - Imputer: simpleimputer, Categorização: None, Seleção de Feature: polynomial_features, Scaler: standard, Fold: 4 - Exception: Negative values in data passed to MultinomialNB (input X)",No using Simple Imputer,,0.0012063980102539062,9.775161743164062e-05
algerian_forest_fires_46279,simpleimputer,,nystroem,standard,MultinomialNB(),0,,"Erro na combinação 1576 - Imputer: simpleimputer, Categorização: None, Seleção de Feature: nystroem, Scaler: standard, Fold: 0 - Exception: Negative values in data passed to MultinomialNB (input X)",No using Simple Imputer,,0.0012063980102539062,9.775161743164062e-05
algerian_forest_fires_46279,simpleimputer,,nystroem,standard,MultinomialNB(),1,,"Erro na combinação 1577 - Imputer: simpleimputer, Categorização: None, Seleção de Feature: nystroem, Scaler: standard, Fold: 1 - Exception: Negative values in data passed to MultinomialNB (input X)",No using Simple Imputer,,0.0012063980102539062,9.775161743164062e-05
algerian_forest_fires_46279,simpleimputer,,nystroem,standard,MultinomialNB(),2,,"Erro na combinação 1578 - Imputer: simpleimputer, Categorização: None, Seleção de Feature: nystroem, Scaler: standard, Fold: 2 - Exception: Negative values in data passed to MultinomialNB (input X)",No using Simple Imputer,,0.0012063980102539062,9.775161743164062e-05
algerian_forest_fires_46279,simpleimputer,,nystroem,standard,MultinomialNB(),3,,"Erro na combinação 1579 - Imputer: simpleimputer, Categorização: None, Seleção de Feature: nystroem, Scaler: standard, Fold: 3 - Exception: Negative values in data passed to MultinomialNB (input X)",No using Simple Imputer,,0.0012063980102539062,9.775161743164062e-05
algerian_forest_fires_46279,simpleimputer,,nystroem,standard,MultinomialNB(),4,,"Erro na combinação 1580 - Imputer: simpleimputer, Categorização: None, Seleção de Feature: nystroem, Scaler: standard, Fold: 4 - Exception: Negative values in data passed to MultinomialNB (input X)",No using Simple Imputer,,0.0012063980102539062,9.775161743164062e-05
algerian_forest_fires_46279,simpleimputer,,rbf_sampler,standard,MultinomialNB(),0,,"Erro na combinação 1581 - Imputer: simpleimputer, Categorização: None, Seleção de Feature: rbf_sampler, Scaler: standard, Fold: 0 - Exception: Negative values in data passed to MultinomialNB (input X)",No using Simple Imputer,,0.0012063980102539062,9.775161743164062e-05
algerian_forest_fires_46279,simpleimputer,,rbf_sampler,standard,MultinomialNB(),1,,"Erro na combinação 1582 - Imputer: simpleimputer, Categorização: None, Seleção de Feature: rbf_sampler, Scaler: standard, Fold: 1 - Exception: Negative values in data passed to MultinomialNB (input X)",No using Simple Imputer,,0.0012063980102539062,9.775161743164062e-05
algerian_forest_fires_46279,simpleimputer,,rbf_sampler,standard,MultinomialNB(),2,,"Erro na combinação 1583 - Imputer: simpleimputer, Categorização: None, Seleção de Feature: rbf_sampler, Scaler: standard, Fold: 2 - Exception: Negative values in data passed to MultinomialNB (input X)",No using Simple Imputer,,0.0012063980102539062,9.775161743164062e-05
algerian_forest_fires_46279,simpleimputer,,rbf_sampler,standard,MultinomialNB(),3,,"Erro na combinação 1584 - Imputer: simpleimputer, Categorização: None, Seleção de Feature: rbf_sampler, Scaler: standard, Fold: 3 - Exception: Negative values in data passed to MultinomialNB (input X)",No using Simple Imputer,,0.0012063980102539062,9.775161743164062e-05
algerian_forest_fires_46279,simpleimputer,,rbf_sampler,standard,MultinomialNB(),4,,"Erro na combinação 1585 - Imputer: simpleimputer, Categorização: None, Seleção de Feature: rbf_sampler, Scaler: standard, Fold: 4 - Exception: Negative values in data passed to MultinomialNB (input X)",No using Simple Imputer,,0.0012063980102539062,9.775161743164062e-05
algerian_forest_fires_46279,simpleimputer,,random_trees_embedding,standard,MultinomialNB(),0,0.8979591836734694,,No using Simple Imputer,,0.0015058517456054688,0.00013756752014160156
algerian_forest_fires_46279,simpleimputer,,random_trees_embedding,standard,MultinomialNB(),1,0.9387755102040817,,No using Simple Imputer,,0.0015115737915039062,0.00013947486877441406
algerian_forest_fires_46279,simpleimputer,,random_trees_embedding,standard,MultinomialNB(),2,0.9183673469387755,,No using Simple Imputer,,0.0016243457794189453,0.00014925003051757812
algerian_forest_fires_46279,simpleimputer,,random_trees_embedding,standard,MultinomialNB(),3,0.9583333333333334,,No using Simple Imputer,,0.0013959407806396484,0.0001327991485595703
algerian_forest_fires_46279,simpleimputer,,random_trees_embedding,standard,MultinomialNB(),4,0.9791666666666666,,No using Simple Imputer,,0.0013997554779052734,0.00015544891357421875
algerian_forest_fires_46279,simpleimputer,,feature_agglomeration,standard,MultinomialNB(),0,,"Erro na combinação 1591 - Imputer: simpleimputer, Categorização: None, Seleção de Feature: feature_agglomeration, Scaler: standard, Fold: 0 - Exception: Negative values in data passed to MultinomialNB (input X)",No using Simple Imputer,,0.0013997554779052734,0.00015544891357421875
algerian_forest_fires_46279,simpleimputer,,feature_agglomeration,standard,MultinomialNB(),1,,"Erro na combinação 1592 - Imputer: simpleimputer, Categorização: None, Seleção de Feature: feature_agglomeration, Scaler: standard, Fold: 1 - Exception: Negative values in data passed to MultinomialNB (input X)",No using Simple Imputer,,0.0013997554779052734,0.00015544891357421875
algerian_forest_fires_46279,simpleimputer,,feature_agglomeration,standard,MultinomialNB(),2,,"Erro na combinação 1593 - Imputer: simpleimputer, Categorização: None, Seleção de Feature: feature_agglomeration, Scaler: standard, Fold: 2 - Exception: Negative values in data passed to MultinomialNB (input X)",No using Simple Imputer,,0.0013997554779052734,0.00015544891357421875
algerian_forest_fires_46279,simpleimputer,,feature_agglomeration,standard,MultinomialNB(),3,,"Erro na combinação 1594 - Imputer: simpleimputer, Categorização: None, Seleção de Feature: feature_agglomeration, Scaler: standard, Fold: 3 - Exception: Negative values in data passed to MultinomialNB (input X)",No using Simple Imputer,,0.0013997554779052734,0.00015544891357421875
algerian_forest_fires_46279,simpleimputer,,feature_agglomeration,standard,MultinomialNB(),4,,"Erro na combinação 1595 - Imputer: simpleimputer, Categorização: None, Seleção de Feature: feature_agglomeration, Scaler: standard, Fold: 4 - Exception: Negative values in data passed to MultinomialNB (input X)",No using Simple Imputer,,0.0013997554779052734,0.00015544891357421875
algerian_forest_fires_46279,simpleimputer,,extra_tree,standard,MultinomialNB(),0,,"Erro na combinação 1596 - Imputer: simpleimputer, Categorização: None, Seleção de Feature: extra_tree, Scaler: standard, Fold: 0 - Exception: Negative values in data passed to MultinomialNB (input X)",No using Simple Imputer,,0.0013997554779052734,0.00015544891357421875
algerian_forest_fires_46279,simpleimputer,,extra_tree,standard,MultinomialNB(),1,,"Erro na combinação 1597 - Imputer: simpleimputer, Categorização: None, Seleção de Feature: extra_tree, Scaler: standard, Fold: 1 - Exception: Negative values in data passed to MultinomialNB (input X)",No using Simple Imputer,,0.0013997554779052734,0.00015544891357421875
algerian_forest_fires_46279,simpleimputer,,extra_tree,standard,MultinomialNB(),2,,"Erro na combinação 1598 - Imputer: simpleimputer, Categorização: None, Seleção de Feature: extra_tree, Scaler: standard, Fold: 2 - Exception: Negative values in data passed to MultinomialNB (input X)",No using Simple Imputer,,0.0013997554779052734,0.00015544891357421875
algerian_forest_fires_46279,simpleimputer,,extra_tree,standard,MultinomialNB(),3,,"Erro na combinação 1599 - Imputer: simpleimputer, Categorização: None, Seleção de Feature: extra_tree, Scaler: standard, Fold: 3 - Exception: Negative values in data passed to MultinomialNB (input X)",No using Simple Imputer,,0.0013997554779052734,0.00015544891357421875
algerian_forest_fires_46279,simpleimputer,,extra_tree,standard,MultinomialNB(),4,,"Erro na combinação 1600 - Imputer: simpleimputer, Categorização: None, Seleção de Feature: extra_tree, Scaler: standard, Fold: 4 - Exception: Negative values in data passed to MultinomialNB (input X)",No using Simple Imputer,,0.0013997554779052734,0.00015544891357421875
algerian_forest_fires_46279,simpleimputer,,linear_svc,standard,MultinomialNB(),0,,"Erro na combinação 1601 - Imputer: simpleimputer, Categorização: None, Seleção de Feature: linear_svc, Scaler: standard, Fold: 0 - Exception: Negative values in data passed to MultinomialNB (input X)",No using Simple Imputer,,0.0013997554779052734,0.00015544891357421875
algerian_forest_fires_46279,simpleimputer,,linear_svc,standard,MultinomialNB(),1,,"Erro na combinação 1602 - Imputer: simpleimputer, Categorização: None, Seleção de Feature: linear_svc, Scaler: standard, Fold: 1 - Exception: Negative values in data passed to MultinomialNB (input X)",No using Simple Imputer,,0.0013997554779052734,0.00015544891357421875
algerian_forest_fires_46279,simpleimputer,,linear_svc,standard,MultinomialNB(),2,,"Erro na combinação 1603 - Imputer: simpleimputer, Categorização: None, Seleção de Feature: linear_svc, Scaler: standard, Fold: 2 - Exception: Negative values in data passed to MultinomialNB (input X)",No using Simple Imputer,,0.0013997554779052734,0.00015544891357421875
algerian_forest_fires_46279,simpleimputer,,linear_svc,standard,MultinomialNB(),3,,"Erro na combinação 1604 - Imputer: simpleimputer, Categorização: None, Seleção de Feature: linear_svc, Scaler: standard, Fold: 3 - Exception: Negative values in data passed to MultinomialNB (input X)",No using Simple Imputer,,0.0013997554779052734,0.00015544891357421875
algerian_forest_fires_46279,simpleimputer,,linear_svc,standard,MultinomialNB(),4,,"Erro na combinação 1605 - Imputer: simpleimputer, Categorização: None, Seleção de Feature: linear_svc, Scaler: standard, Fold: 4 - Exception: Negative values in data passed to MultinomialNB (input X)",No using Simple Imputer,,0.0013997554779052734,0.00015544891357421875
algerian_forest_fires_46279,simpleimputer,,kernel_pca,standard,MultinomialNB(),0,,"Erro na combinação 1606 - Imputer: simpleimputer, Categorização: None, Seleção de Feature: kernel_pca, Scaler: standard, Fold: 0 - Exception: Negative values in data passed to MultinomialNB (input X)",No using Simple Imputer,,0.0013997554779052734,0.00015544891357421875
algerian_forest_fires_46279,simpleimputer,,kernel_pca,standard,MultinomialNB(),1,,"Erro na combinação 1607 - Imputer: simpleimputer, Categorização: None, Seleção de Feature: kernel_pca, Scaler: standard, Fold: 1 - Exception: Negative values in data passed to MultinomialNB (input X)",No using Simple Imputer,,0.0013997554779052734,0.00015544891357421875
algerian_forest_fires_46279,simpleimputer,,kernel_pca,standard,MultinomialNB(),2,,"Erro na combinação 1608 - Imputer: simpleimputer, Categorização: None, Seleção de Feature: kernel_pca, Scaler: standard, Fold: 2 - Exception: Negative values in data passed to MultinomialNB (input X)",No using Simple Imputer,,0.0013997554779052734,0.00015544891357421875
algerian_forest_fires_46279,simpleimputer,,kernel_pca,standard,MultinomialNB(),3,,"Erro na combinação 1609 - Imputer: simpleimputer, Categorização: None, Seleção de Feature: kernel_pca, Scaler: standard, Fold: 3 - Exception: Negative values in data passed to MultinomialNB (input X)",No using Simple Imputer,,0.0013997554779052734,0.00015544891357421875
algerian_forest_fires_46279,simpleimputer,,kernel_pca,standard,MultinomialNB(),4,,"Erro na combinação 1610 - Imputer: simpleimputer, Categorização: None, Seleção de Feature: kernel_pca, Scaler: standard, Fold: 4 - Exception: Negative values in data passed to MultinomialNB (input X)",No using Simple Imputer,,0.0013997554779052734,0.00015544891357421875
algerian_forest_fires_46279,simpleimputer,,,minmax,MultinomialNB(),0,0.8571428571428571,,No using Simple Imputer,,0.0019369125366210938,0.0001518726348876953
algerian_forest_fires_46279,simpleimputer,,,minmax,MultinomialNB(),1,0.8571428571428571,,No using Simple Imputer,,0.0016999244689941406,0.00013899803161621094
algerian_forest_fires_46279,simpleimputer,,,minmax,MultinomialNB(),2,0.9183673469387755,,No using Simple Imputer,,0.0013875961303710938,0.00010538101196289062
algerian_forest_fires_46279,simpleimputer,,,minmax,MultinomialNB(),3,0.9166666666666666,,No using Simple Imputer,,0.0013554096221923828,0.00010466575622558594
algerian_forest_fires_46279,simpleimputer,,,minmax,MultinomialNB(),4,0.8958333333333334,,No using Simple Imputer,,0.0013730525970458984,0.0001163482666015625
algerian_forest_fires_46279,simpleimputer,,pca,minmax,MultinomialNB(),0,,"Erro na combinação 1616 - Imputer: simpleimputer, Categorização: None, Seleção de Feature: pca, Scaler: minmax, Fold: 0 - Exception: Negative values in data passed to MultinomialNB (input X)",No using Simple Imputer,,0.0013730525970458984,0.0001163482666015625
algerian_forest_fires_46279,simpleimputer,,pca,minmax,MultinomialNB(),1,,"Erro na combinação 1617 - Imputer: simpleimputer, Categorização: None, Seleção de Feature: pca, Scaler: minmax, Fold: 1 - Exception: Negative values in data passed to MultinomialNB (input X)",No using Simple Imputer,,0.0013730525970458984,0.0001163482666015625
algerian_forest_fires_46279,simpleimputer,,pca,minmax,MultinomialNB(),2,,"Erro na combinação 1618 - Imputer: simpleimputer, Categorização: None, Seleção de Feature: pca, Scaler: minmax, Fold: 2 - Exception: Negative values in data passed to MultinomialNB (input X)",No using Simple Imputer,,0.0013730525970458984,0.0001163482666015625
algerian_forest_fires_46279,simpleimputer,,pca,minmax,MultinomialNB(),3,,"Erro na combinação 1619 - Imputer: simpleimputer, Categorização: None, Seleção de Feature: pca, Scaler: minmax, Fold: 3 - Exception: Negative values in data passed to MultinomialNB (input X)",No using Simple Imputer,,0.0013730525970458984,0.0001163482666015625
algerian_forest_fires_46279,simpleimputer,,pca,minmax,MultinomialNB(),4,,"Erro na combinação 1620 - Imputer: simpleimputer, Categorização: None, Seleção de Feature: pca, Scaler: minmax, Fold: 4 - Exception: Negative values in data passed to MultinomialNB (input X)",No using Simple Imputer,,0.0013730525970458984,0.0001163482666015625
algerian_forest_fires_46279,simpleimputer,,fastica,minmax,MultinomialNB(),0,,"Erro na combinação 1621 - Imputer: simpleimputer, Categorização: None, Seleção de Feature: fastica, Scaler: minmax, Fold: 0 - Exception: Negative values in data passed to MultinomialNB (input X)",No using Simple Imputer,,0.0013730525970458984,0.0001163482666015625
algerian_forest_fires_46279,simpleimputer,,fastica,minmax,MultinomialNB(),1,,"Erro na combinação 1622 - Imputer: simpleimputer, Categorização: None, Seleção de Feature: fastica, Scaler: minmax, Fold: 1 - Exception: Negative values in data passed to MultinomialNB (input X)",No using Simple Imputer,,0.0013730525970458984,0.0001163482666015625
algerian_forest_fires_46279,simpleimputer,,fastica,minmax,MultinomialNB(),2,,"Erro na combinação 1623 - Imputer: simpleimputer, Categorização: None, Seleção de Feature: fastica, Scaler: minmax, Fold: 2 - Exception: Negative values in data passed to MultinomialNB (input X)",No using Simple Imputer,,0.0013730525970458984,0.0001163482666015625
algerian_forest_fires_46279,simpleimputer,,fastica,minmax,MultinomialNB(),3,,"Erro na combinação 1624 - Imputer: simpleimputer, Categorização: None, Seleção de Feature: fastica, Scaler: minmax, Fold: 3 - Exception: Negative values in data passed to MultinomialNB (input X)",No using Simple Imputer,,0.0013730525970458984,0.0001163482666015625
algerian_forest_fires_46279,simpleimputer,,fastica,minmax,MultinomialNB(),4,,"Erro na combinação 1625 - Imputer: simpleimputer, Categorização: None, Seleção de Feature: fastica, Scaler: minmax, Fold: 4 - Exception: Negative values in data passed to MultinomialNB (input X)",No using Simple Imputer,,0.0013730525970458984,0.0001163482666015625
algerian_forest_fires_46279,simpleimputer,,truncated_svd,minmax,MultinomialNB(),0,,"Erro na combinação 1626 - Imputer: simpleimputer, Categorização: None, Seleção de Feature: truncated_svd, Scaler: minmax, Fold: 0 - Exception: Negative values in data passed to MultinomialNB (input X)",No using Simple Imputer,,0.0013730525970458984,0.0001163482666015625
algerian_forest_fires_46279,simpleimputer,,truncated_svd,minmax,MultinomialNB(),1,,"Erro na combinação 1627 - Imputer: simpleimputer, Categorização: None, Seleção de Feature: truncated_svd, Scaler: minmax, Fold: 1 - Exception: Negative values in data passed to MultinomialNB (input X)",No using Simple Imputer,,0.0013730525970458984,0.0001163482666015625
algerian_forest_fires_46279,simpleimputer,,truncated_svd,minmax,MultinomialNB(),2,,"Erro na combinação 1628 - Imputer: simpleimputer, Categorização: None, Seleção de Feature: truncated_svd, Scaler: minmax, Fold: 2 - Exception: Negative values in data passed to MultinomialNB (input X)",No using Simple Imputer,,0.0013730525970458984,0.0001163482666015625
algerian_forest_fires_46279,simpleimputer,,truncated_svd,minmax,MultinomialNB(),3,,"Erro na combinação 1629 - Imputer: simpleimputer, Categorização: None, Seleção de Feature: truncated_svd, Scaler: minmax, Fold: 3 - Exception: Negative values in data passed to MultinomialNB (input X)",No using Simple Imputer,,0.0013730525970458984,0.0001163482666015625
algerian_forest_fires_46279,simpleimputer,,truncated_svd,minmax,MultinomialNB(),4,,"Erro na combinação 1630 - Imputer: simpleimputer, Categorização: None, Seleção de Feature: truncated_svd, Scaler: minmax, Fold: 4 - Exception: Negative values in data passed to MultinomialNB (input X)",No using Simple Imputer,,0.0013730525970458984,0.0001163482666015625
algerian_forest_fires_46279,simpleimputer,,select_percentile,minmax,MultinomialNB(),0,0.5510204081632653,,No using Simple Imputer,,0.0012433528900146484,9.72747802734375e-05
algerian_forest_fires_46279,simpleimputer,,select_percentile,minmax,MultinomialNB(),1,0.5510204081632653,,No using Simple Imputer,,0.0012891292572021484,9.584426879882812e-05
algerian_forest_fires_46279,simpleimputer,,select_percentile,minmax,MultinomialNB(),2,0.5714285714285714,,No using Simple Imputer,,0.0012204647064208984,9.632110595703125e-05
algerian_forest_fires_46279,simpleimputer,,select_percentile,minmax,MultinomialNB(),3,0.6041666666666666,,No using Simple Imputer,,0.0012488365173339844,0.00010585784912109375
algerian_forest_fires_46279,simpleimputer,,select_percentile,minmax,MultinomialNB(),4,0.5416666666666666,,No using Simple Imputer,,0.0012483596801757812,9.512901306152344e-05
algerian_forest_fires_46279,simpleimputer,,generic_univariate,minmax,MultinomialNB(),0,0.5510204081632653,,No using Simple Imputer,,0.0011930465698242188,9.465217590332031e-05
algerian_forest_fires_46279,simpleimputer,,generic_univariate,minmax,MultinomialNB(),1,0.5510204081632653,,No using Simple Imputer,,0.0011870861053466797,0.000110626220703125
algerian_forest_fires_46279,simpleimputer,,generic_univariate,minmax,MultinomialNB(),2,0.5714285714285714,,No using Simple Imputer,,0.0011856555938720703,9.322166442871094e-05
algerian_forest_fires_46279,simpleimputer,,generic_univariate,minmax,MultinomialNB(),3,0.6041666666666666,,No using Simple Imputer,,0.0011723041534423828,9.274482727050781e-05
algerian_forest_fires_46279,simpleimputer,,generic_univariate,minmax,MultinomialNB(),4,0.5416666666666666,,No using Simple Imputer,,0.0011951923370361328,9.274482727050781e-05
algerian_forest_fires_46279,simpleimputer,,polynomial_features,minmax,MultinomialNB(),0,0.8979591836734694,,No using Simple Imputer,,0.0013053417205810547,0.0001049041748046875
algerian_forest_fires_46279,simpleimputer,,polynomial_features,minmax,MultinomialNB(),1,0.9183673469387755,,No using Simple Imputer,,0.0013446807861328125,0.0001277923583984375
algerian_forest_fires_46279,simpleimputer,,polynomial_features,minmax,MultinomialNB(),2,0.8775510204081632,,No using Simple Imputer,,0.0012717247009277344,0.00010538101196289062
algerian_forest_fires_46279,simpleimputer,,polynomial_features,minmax,MultinomialNB(),3,0.9375,,No using Simple Imputer,,0.00124359130859375,0.00010585784912109375
algerian_forest_fires_46279,simpleimputer,,polynomial_features,minmax,MultinomialNB(),4,0.9583333333333334,,No using Simple Imputer,,0.0012307167053222656,0.00010323524475097656
algerian_forest_fires_46279,simpleimputer,,nystroem,minmax,MultinomialNB(),0,0.8163265306122449,,No using Simple Imputer,,0.0016374588012695312,0.00012230873107910156
algerian_forest_fires_46279,simpleimputer,,nystroem,minmax,MultinomialNB(),1,0.8163265306122449,,No using Simple Imputer,,0.001577615737915039,0.0001251697540283203
algerian_forest_fires_46279,simpleimputer,,nystroem,minmax,MultinomialNB(),2,0.8571428571428571,,No using Simple Imputer,,0.001756429672241211,0.00013589859008789062
algerian_forest_fires_46279,simpleimputer,,nystroem,minmax,MultinomialNB(),3,0.9375,,No using Simple Imputer,,0.0015323162078857422,0.00011658668518066406
algerian_forest_fires_46279,simpleimputer,,nystroem,minmax,MultinomialNB(),4,0.8958333333333334,,No using Simple Imputer,,0.0016291141510009766,0.00012803077697753906
algerian_forest_fires_46279,simpleimputer,,rbf_sampler,minmax,MultinomialNB(),0,,"Erro na combinação 1651 - Imputer: simpleimputer, Categorização: None, Seleção de Feature: rbf_sampler, Scaler: minmax, Fold: 0 - Exception: Negative values in data passed to MultinomialNB (input X)",No using Simple Imputer,,0.0016291141510009766,0.00012803077697753906
algerian_forest_fires_46279,simpleimputer,,rbf_sampler,minmax,MultinomialNB(),1,,"Erro na combinação 1652 - Imputer: simpleimputer, Categorização: None, Seleção de Feature: rbf_sampler, Scaler: minmax, Fold: 1 - Exception: Negative values in data passed to MultinomialNB (input X)",No using Simple Imputer,,0.0016291141510009766,0.00012803077697753906
algerian_forest_fires_46279,simpleimputer,,rbf_sampler,minmax,MultinomialNB(),2,,"Erro na combinação 1653 - Imputer: simpleimputer, Categorização: None, Seleção de Feature: rbf_sampler, Scaler: minmax, Fold: 2 - Exception: Negative values in data passed to MultinomialNB (input X)",No using Simple Imputer,,0.0016291141510009766,0.00012803077697753906
algerian_forest_fires_46279,simpleimputer,,rbf_sampler,minmax,MultinomialNB(),3,,"Erro na combinação 1654 - Imputer: simpleimputer, Categorização: None, Seleção de Feature: rbf_sampler, Scaler: minmax, Fold: 3 - Exception: Negative values in data passed to MultinomialNB (input X)",No using Simple Imputer,,0.0016291141510009766,0.00012803077697753906
algerian_forest_fires_46279,simpleimputer,,rbf_sampler,minmax,MultinomialNB(),4,,"Erro na combinação 1655 - Imputer: simpleimputer, Categorização: None, Seleção de Feature: rbf_sampler, Scaler: minmax, Fold: 4 - Exception: Negative values in data passed to MultinomialNB (input X)",No using Simple Imputer,,0.0016291141510009766,0.00012803077697753906
algerian_forest_fires_46279,simpleimputer,,random_trees_embedding,minmax,MultinomialNB(),0,0.8979591836734694,,No using Simple Imputer,,0.0014209747314453125,0.0001366138458251953
algerian_forest_fires_46279,simpleimputer,,random_trees_embedding,minmax,MultinomialNB(),1,0.9387755102040817,,No using Simple Imputer,,0.0015325546264648438,0.00013899803161621094
algerian_forest_fires_46279,simpleimputer,,random_trees_embedding,minmax,MultinomialNB(),2,0.9183673469387755,,No using Simple Imputer,,0.0014369487762451172,0.00013780593872070312
algerian_forest_fires_46279,simpleimputer,,random_trees_embedding,minmax,MultinomialNB(),3,0.9583333333333334,,No using Simple Imputer,,0.0015416145324707031,0.0001342296600341797
algerian_forest_fires_46279,simpleimputer,,random_trees_embedding,minmax,MultinomialNB(),4,0.9791666666666666,,No using Simple Imputer,,0.0015621185302734375,0.0001373291015625
algerian_forest_fires_46279,simpleimputer,,feature_agglomeration,minmax,MultinomialNB(),0,0.5510204081632653,,No using Simple Imputer,,0.001360177993774414,9.655952453613281e-05
algerian_forest_fires_46279,simpleimputer,,feature_agglomeration,minmax,MultinomialNB(),1,0.5510204081632653,,No using Simple Imputer,,0.0013697147369384766,9.799003601074219e-05
algerian_forest_fires_46279,simpleimputer,,feature_agglomeration,minmax,MultinomialNB(),2,0.5714285714285714,,No using Simple Imputer,,0.001361846923828125,9.655952453613281e-05
algerian_forest_fires_46279,simpleimputer,,feature_agglomeration,minmax,MultinomialNB(),3,0.6041666666666666,,No using Simple Imputer,,0.0012903213500976562,9.465217590332031e-05
algerian_forest_fires_46279,simpleimputer,,feature_agglomeration,minmax,MultinomialNB(),4,0.5416666666666666,,No using Simple Imputer,,0.0013766288757324219,9.72747802734375e-05
algerian_forest_fires_46279,simpleimputer,,extra_tree,minmax,MultinomialNB(),0,0.5510204081632653,,No using Simple Imputer,,0.001325845718383789,9.989738464355469e-05
algerian_forest_fires_46279,simpleimputer,,extra_tree,minmax,MultinomialNB(),1,0.5510204081632653,,No using Simple Imputer,,0.0012962818145751953,9.655952453613281e-05
algerian_forest_fires_46279,simpleimputer,,extra_tree,minmax,MultinomialNB(),2,0.5714285714285714,,No using Simple Imputer,,0.001276254653930664,9.822845458984375e-05
algerian_forest_fires_46279,simpleimputer,,extra_tree,minmax,MultinomialNB(),3,0.6041666666666666,,No using Simple Imputer,,0.00136566162109375,9.894371032714844e-05
algerian_forest_fires_46279,simpleimputer,,extra_tree,minmax,MultinomialNB(),4,0.5416666666666666,,No using Simple Imputer,,0.0013289451599121094,9.72747802734375e-05
algerian_forest_fires_46279,simpleimputer,,linear_svc,minmax,MultinomialNB(),0,0.5510204081632653,,No using Simple Imputer,,0.00133514404296875,0.00010848045349121094
algerian_forest_fires_46279,simpleimputer,,linear_svc,minmax,MultinomialNB(),1,0.5510204081632653,,No using Simple Imputer,,0.0014657974243164062,0.00010704994201660156
algerian_forest_fires_46279,simpleimputer,,linear_svc,minmax,MultinomialNB(),2,0.7755102040816326,,No using Simple Imputer,,0.001402139663696289,0.00010466575622558594
algerian_forest_fires_46279,simpleimputer,,linear_svc,minmax,MultinomialNB(),3,0.6041666666666666,,No using Simple Imputer,,0.0012788772583007812,9.703636169433594e-05
algerian_forest_fires_46279,simpleimputer,,linear_svc,minmax,MultinomialNB(),4,0.5416666666666666,,No using Simple Imputer,,0.0013241767883300781,9.846687316894531e-05
algerian_forest_fires_46279,simpleimputer,,kernel_pca,minmax,MultinomialNB(),0,,"Erro na combinação 1676 - Imputer: simpleimputer, Categorização: None, Seleção de Feature: kernel_pca, Scaler: minmax, Fold: 0 - Exception: Negative values in data passed to MultinomialNB (input X)",No using Simple Imputer,,0.0013241767883300781,9.846687316894531e-05
algerian_forest_fires_46279,simpleimputer,,kernel_pca,minmax,MultinomialNB(),1,,"Erro na combinação 1677 - Imputer: simpleimputer, Categorização: None, Seleção de Feature: kernel_pca, Scaler: minmax, Fold: 1 - Exception: Negative values in data passed to MultinomialNB (input X)",No using Simple Imputer,,0.0013241767883300781,9.846687316894531e-05
algerian_forest_fires_46279,simpleimputer,,kernel_pca,minmax,MultinomialNB(),2,,"Erro na combinação 1678 - Imputer: simpleimputer, Categorização: None, Seleção de Feature: kernel_pca, Scaler: minmax, Fold: 2 - Exception: Negative values in data passed to MultinomialNB (input X)",No using Simple Imputer,,0.0013241767883300781,9.846687316894531e-05
algerian_forest_fires_46279,simpleimputer,,kernel_pca,minmax,MultinomialNB(),3,,"Erro na combinação 1679 - Imputer: simpleimputer, Categorização: None, Seleção de Feature: kernel_pca, Scaler: minmax, Fold: 3 - Exception: Negative values in data passed to MultinomialNB (input X)",No using Simple Imputer,,0.0013241767883300781,9.846687316894531e-05
algerian_forest_fires_46279,simpleimputer,,kernel_pca,minmax,MultinomialNB(),4,,"Erro na combinação 1680 - Imputer: simpleimputer, Categorização: None, Seleção de Feature: kernel_pca, Scaler: minmax, Fold: 4 - Exception: Negative values in data passed to MultinomialNB (input X)",No using Simple Imputer,,0.0013241767883300781,9.846687316894531e-05
algerian_forest_fires_46279,simpleimputer,,,robust,MultinomialNB(),0,,"Erro na combinação 1681 - Imputer: simpleimputer, Categorização: None, Seleção de Feature: None, Scaler: robust, Fold: 0 - Exception: Negative values in data passed to MultinomialNB (input X)",No using Simple Imputer,,0.0013241767883300781,9.846687316894531e-05
algerian_forest_fires_46279,simpleimputer,,,robust,MultinomialNB(),1,,"Erro na combinação 1682 - Imputer: simpleimputer, Categorização: None, Seleção de Feature: None, Scaler: robust, Fold: 1 - Exception: Negative values in data passed to MultinomialNB (input X)",No using Simple Imputer,,0.0013241767883300781,9.846687316894531e-05
algerian_forest_fires_46279,simpleimputer,,,robust,MultinomialNB(),2,,"Erro na combinação 1683 - Imputer: simpleimputer, Categorização: None, Seleção de Feature: None, Scaler: robust, Fold: 2 - Exception: Negative values in data passed to MultinomialNB (input X)",No using Simple Imputer,,0.0013241767883300781,9.846687316894531e-05
algerian_forest_fires_46279,simpleimputer,,,robust,MultinomialNB(),3,,"Erro na combinação 1684 - Imputer: simpleimputer, Categorização: None, Seleção de Feature: None, Scaler: robust, Fold: 3 - Exception: Negative values in data passed to MultinomialNB (input X)",No using Simple Imputer,,0.0013241767883300781,9.846687316894531e-05
algerian_forest_fires_46279,simpleimputer,,,robust,MultinomialNB(),4,,"Erro na combinação 1685 - Imputer: simpleimputer, Categorização: None, Seleção de Feature: None, Scaler: robust, Fold: 4 - Exception: Negative values in data passed to MultinomialNB (input X)",No using Simple Imputer,,0.0013241767883300781,9.846687316894531e-05
algerian_forest_fires_46279,simpleimputer,,pca,robust,MultinomialNB(),0,,"Erro na combinação 1686 - Imputer: simpleimputer, Categorização: None, Seleção de Feature: pca, Scaler: robust, Fold: 0 - Exception: Negative values in data passed to MultinomialNB (input X)",No using Simple Imputer,,0.0013241767883300781,9.846687316894531e-05
algerian_forest_fires_46279,simpleimputer,,pca,robust,MultinomialNB(),1,,"Erro na combinação 1687 - Imputer: simpleimputer, Categorização: None, Seleção de Feature: pca, Scaler: robust, Fold: 1 - Exception: Negative values in data passed to MultinomialNB (input X)",No using Simple Imputer,,0.0013241767883300781,9.846687316894531e-05
algerian_forest_fires_46279,simpleimputer,,pca,robust,MultinomialNB(),2,,"Erro na combinação 1688 - Imputer: simpleimputer, Categorização: None, Seleção de Feature: pca, Scaler: robust, Fold: 2 - Exception: Negative values in data passed to MultinomialNB (input X)",No using Simple Imputer,,0.0013241767883300781,9.846687316894531e-05
algerian_forest_fires_46279,simpleimputer,,pca,robust,MultinomialNB(),3,,"Erro na combinação 1689 - Imputer: simpleimputer, Categorização: None, Seleção de Feature: pca, Scaler: robust, Fold: 3 - Exception: Negative values in data passed to MultinomialNB (input X)",No using Simple Imputer,,0.0013241767883300781,9.846687316894531e-05
algerian_forest_fires_46279,simpleimputer,,pca,robust,MultinomialNB(),4,,"Erro na combinação 1690 - Imputer: simpleimputer, Categorização: None, Seleção de Feature: pca, Scaler: robust, Fold: 4 - Exception: Negative values in data passed to MultinomialNB (input X)",No using Simple Imputer,,0.0013241767883300781,9.846687316894531e-05
algerian_forest_fires_46279,simpleimputer,,fastica,robust,MultinomialNB(),0,,"Erro na combinação 1691 - Imputer: simpleimputer, Categorização: None, Seleção de Feature: fastica, Scaler: robust, Fold: 0 - Exception: Negative values in data passed to MultinomialNB (input X)",No using Simple Imputer,,0.0013241767883300781,9.846687316894531e-05
algerian_forest_fires_46279,simpleimputer,,fastica,robust,MultinomialNB(),1,,"Erro na combinação 1692 - Imputer: simpleimputer, Categorização: None, Seleção de Feature: fastica, Scaler: robust, Fold: 1 - Exception: Negative values in data passed to MultinomialNB (input X)",No using Simple Imputer,,0.0013241767883300781,9.846687316894531e-05
algerian_forest_fires_46279,simpleimputer,,fastica,robust,MultinomialNB(),2,,"Erro na combinação 1693 - Imputer: simpleimputer, Categorização: None, Seleção de Feature: fastica, Scaler: robust, Fold: 2 - Exception: Negative values in data passed to MultinomialNB (input X)",No using Simple Imputer,,0.0013241767883300781,9.846687316894531e-05
algerian_forest_fires_46279,simpleimputer,,fastica,robust,MultinomialNB(),3,,"Erro na combinação 1694 - Imputer: simpleimputer, Categorização: None, Seleção de Feature: fastica, Scaler: robust, Fold: 3 - Exception: Negative values in data passed to MultinomialNB (input X)",No using Simple Imputer,,0.0013241767883300781,9.846687316894531e-05
algerian_forest_fires_46279,simpleimputer,,fastica,robust,MultinomialNB(),4,,"Erro na combinação 1695 - Imputer: simpleimputer, Categorização: None, Seleção de Feature: fastica, Scaler: robust, Fold: 4 - Exception: Negative values in data passed to MultinomialNB (input X)",No using Simple Imputer,,0.0013241767883300781,9.846687316894531e-05
algerian_forest_fires_46279,simpleimputer,,truncated_svd,robust,MultinomialNB(),0,,"Erro na combinação 1696 - Imputer: simpleimputer, Categorização: None, Seleção de Feature: truncated_svd, Scaler: robust, Fold: 0 - Exception: Negative values in data passed to MultinomialNB (input X)",No using Simple Imputer,,0.0013241767883300781,9.846687316894531e-05
algerian_forest_fires_46279,simpleimputer,,truncated_svd,robust,MultinomialNB(),1,,"Erro na combinação 1697 - Imputer: simpleimputer, Categorização: None, Seleção de Feature: truncated_svd, Scaler: robust, Fold: 1 - Exception: Negative values in data passed to MultinomialNB (input X)",No using Simple Imputer,,0.0013241767883300781,9.846687316894531e-05
algerian_forest_fires_46279,simpleimputer,,truncated_svd,robust,MultinomialNB(),2,,"Erro na combinação 1698 - Imputer: simpleimputer, Categorização: None, Seleção de Feature: truncated_svd, Scaler: robust, Fold: 2 - Exception: Negative values in data passed to MultinomialNB (input X)",No using Simple Imputer,,0.0013241767883300781,9.846687316894531e-05
algerian_forest_fires_46279,simpleimputer,,truncated_svd,robust,MultinomialNB(),3,,"Erro na combinação 1699 - Imputer: simpleimputer, Categorização: None, Seleção de Feature: truncated_svd, Scaler: robust, Fold: 3 - Exception: Negative values in data passed to MultinomialNB (input X)",No using Simple Imputer,,0.0013241767883300781,9.846687316894531e-05
algerian_forest_fires_46279,simpleimputer,,truncated_svd,robust,MultinomialNB(),4,,"Erro na combinação 1700 - Imputer: simpleimputer, Categorização: None, Seleção de Feature: truncated_svd, Scaler: robust, Fold: 4 - Exception: Negative values in data passed to MultinomialNB (input X)",No using Simple Imputer,,0.0013241767883300781,9.846687316894531e-05
algerian_forest_fires_46279,simpleimputer,,select_percentile,robust,MultinomialNB(),0,,"Erro na combinação 1701 - Imputer: simpleimputer, Categorização: None, Seleção de Feature: select_percentile, Scaler: robust, Fold: 0 - Exception: Negative values in data passed to MultinomialNB (input X)",No using Simple Imputer,,0.0013241767883300781,9.846687316894531e-05
algerian_forest_fires_46279,simpleimputer,,select_percentile,robust,MultinomialNB(),1,,"Erro na combinação 1702 - Imputer: simpleimputer, Categorização: None, Seleção de Feature: select_percentile, Scaler: robust, Fold: 1 - Exception: Negative values in data passed to MultinomialNB (input X)",No using Simple Imputer,,0.0013241767883300781,9.846687316894531e-05
algerian_forest_fires_46279,simpleimputer,,select_percentile,robust,MultinomialNB(),2,,"Erro na combinação 1703 - Imputer: simpleimputer, Categorização: None, Seleção de Feature: select_percentile, Scaler: robust, Fold: 2 - Exception: Negative values in data passed to MultinomialNB (input X)",No using Simple Imputer,,0.0013241767883300781,9.846687316894531e-05
algerian_forest_fires_46279,simpleimputer,,select_percentile,robust,MultinomialNB(),3,,"Erro na combinação 1704 - Imputer: simpleimputer, Categorização: None, Seleção de Feature: select_percentile, Scaler: robust, Fold: 3 - Exception: Negative values in data passed to MultinomialNB (input X)",No using Simple Imputer,,0.0013241767883300781,9.846687316894531e-05
algerian_forest_fires_46279,simpleimputer,,select_percentile,robust,MultinomialNB(),4,,"Erro na combinação 1705 - Imputer: simpleimputer, Categorização: None, Seleção de Feature: select_percentile, Scaler: robust, Fold: 4 - Exception: Negative values in data passed to MultinomialNB (input X)",No using Simple Imputer,,0.0013241767883300781,9.846687316894531e-05
algerian_forest_fires_46279,simpleimputer,,generic_univariate,robust,MultinomialNB(),0,,"Erro na combinação 1706 - Imputer: simpleimputer, Categorização: None, Seleção de Feature: generic_univariate, Scaler: robust, Fold: 0 - Exception: Negative values in data passed to MultinomialNB (input X)",No using Simple Imputer,,0.0013241767883300781,9.846687316894531e-05
algerian_forest_fires_46279,simpleimputer,,generic_univariate,robust,MultinomialNB(),1,,"Erro na combinação 1707 - Imputer: simpleimputer, Categorização: None, Seleção de Feature: generic_univariate, Scaler: robust, Fold: 1 - Exception: Negative values in data passed to MultinomialNB (input X)",No using Simple Imputer,,0.0013241767883300781,9.846687316894531e-05
algerian_forest_fires_46279,simpleimputer,,generic_univariate,robust,MultinomialNB(),2,,"Erro na combinação 1708 - Imputer: simpleimputer, Categorização: None, Seleção de Feature: generic_univariate, Scaler: robust, Fold: 2 - Exception: Negative values in data passed to MultinomialNB (input X)",No using Simple Imputer,,0.0013241767883300781,9.846687316894531e-05
algerian_forest_fires_46279,simpleimputer,,generic_univariate,robust,MultinomialNB(),3,,"Erro na combinação 1709 - Imputer: simpleimputer, Categorização: None, Seleção de Feature: generic_univariate, Scaler: robust, Fold: 3 - Exception: Negative values in data passed to MultinomialNB (input X)",No using Simple Imputer,,0.0013241767883300781,9.846687316894531e-05
algerian_forest_fires_46279,simpleimputer,,generic_univariate,robust,MultinomialNB(),4,,"Erro na combinação 1710 - Imputer: simpleimputer, Categorização: None, Seleção de Feature: generic_univariate, Scaler: robust, Fold: 4 - Exception: Negative values in data passed to MultinomialNB (input X)",No using Simple Imputer,,0.0013241767883300781,9.846687316894531e-05
algerian_forest_fires_46279,simpleimputer,,polynomial_features,robust,MultinomialNB(),0,,"Erro na combinação 1711 - Imputer: simpleimputer, Categorização: None, Seleção de Feature: polynomial_features, Scaler: robust, Fold: 0 - Exception: Negative values in data passed to MultinomialNB (input X)",No using Simple Imputer,,0.0013241767883300781,9.846687316894531e-05
algerian_forest_fires_46279,simpleimputer,,polynomial_features,robust,MultinomialNB(),1,,"Erro na combinação 1712 - Imputer: simpleimputer, Categorização: None, Seleção de Feature: polynomial_features, Scaler: robust, Fold: 1 - Exception: Negative values in data passed to MultinomialNB (input X)",No using Simple Imputer,,0.0013241767883300781,9.846687316894531e-05
algerian_forest_fires_46279,simpleimputer,,polynomial_features,robust,MultinomialNB(),2,,"Erro na combinação 1713 - Imputer: simpleimputer, Categorização: None, Seleção de Feature: polynomial_features, Scaler: robust, Fold: 2 - Exception: Negative values in data passed to MultinomialNB (input X)",No using Simple Imputer,,0.0013241767883300781,9.846687316894531e-05
algerian_forest_fires_46279,simpleimputer,,polynomial_features,robust,MultinomialNB(),3,,"Erro na combinação 1714 - Imputer: simpleimputer, Categorização: None, Seleção de Feature: polynomial_features, Scaler: robust, Fold: 3 - Exception: Negative values in data passed to MultinomialNB (input X)",No using Simple Imputer,,0.0013241767883300781,9.846687316894531e-05
algerian_forest_fires_46279,simpleimputer,,polynomial_features,robust,MultinomialNB(),4,,"Erro na combinação 1715 - Imputer: simpleimputer, Categorização: None, Seleção de Feature: polynomial_features, Scaler: robust, Fold: 4 - Exception: Negative values in data passed to MultinomialNB (input X)",No using Simple Imputer,,0.0013241767883300781,9.846687316894531e-05
algerian_forest_fires_46279,simpleimputer,,nystroem,robust,MultinomialNB(),0,,"Erro na combinação 1716 - Imputer: simpleimputer, Categorização: None, Seleção de Feature: nystroem, Scaler: robust, Fold: 0 - Exception: Negative values in data passed to MultinomialNB (input X)",No using Simple Imputer,,0.0013241767883300781,9.846687316894531e-05
algerian_forest_fires_46279,simpleimputer,,nystroem,robust,MultinomialNB(),1,,"Erro na combinação 1717 - Imputer: simpleimputer, Categorização: None, Seleção de Feature: nystroem, Scaler: robust, Fold: 1 - Exception: Negative values in data passed to MultinomialNB (input X)",No using Simple Imputer,,0.0013241767883300781,9.846687316894531e-05
algerian_forest_fires_46279,simpleimputer,,nystroem,robust,MultinomialNB(),2,,"Erro na combinação 1718 - Imputer: simpleimputer, Categorização: None, Seleção de Feature: nystroem, Scaler: robust, Fold: 2 - Exception: Negative values in data passed to MultinomialNB (input X)",No using Simple Imputer,,0.0013241767883300781,9.846687316894531e-05
algerian_forest_fires_46279,simpleimputer,,nystroem,robust,MultinomialNB(),3,,"Erro na combinação 1719 - Imputer: simpleimputer, Categorização: None, Seleção de Feature: nystroem, Scaler: robust, Fold: 3 - Exception: Negative values in data passed to MultinomialNB (input X)",No using Simple Imputer,,0.0013241767883300781,9.846687316894531e-05
algerian_forest_fires_46279,simpleimputer,,nystroem,robust,MultinomialNB(),4,,"Erro na combinação 1720 - Imputer: simpleimputer, Categorização: None, Seleção de Feature: nystroem, Scaler: robust, Fold: 4 - Exception: Negative values in data passed to MultinomialNB (input X)",No using Simple Imputer,,0.0013241767883300781,9.846687316894531e-05
algerian_forest_fires_46279,simpleimputer,,rbf_sampler,robust,MultinomialNB(),0,,"Erro na combinação 1721 - Imputer: simpleimputer, Categorização: None, Seleção de Feature: rbf_sampler, Scaler: robust, Fold: 0 - Exception: Negative values in data passed to MultinomialNB (input X)",No using Simple Imputer,,0.0013241767883300781,9.846687316894531e-05
algerian_forest_fires_46279,simpleimputer,,rbf_sampler,robust,MultinomialNB(),1,,"Erro na combinação 1722 - Imputer: simpleimputer, Categorização: None, Seleção de Feature: rbf_sampler, Scaler: robust, Fold: 1 - Exception: Negative values in data passed to MultinomialNB (input X)",No using Simple Imputer,,0.0013241767883300781,9.846687316894531e-05
algerian_forest_fires_46279,simpleimputer,,rbf_sampler,robust,MultinomialNB(),2,,"Erro na combinação 1723 - Imputer: simpleimputer, Categorização: None, Seleção de Feature: rbf_sampler, Scaler: robust, Fold: 2 - Exception: Negative values in data passed to MultinomialNB (input X)",No using Simple Imputer,,0.0013241767883300781,9.846687316894531e-05
algerian_forest_fires_46279,simpleimputer,,rbf_sampler,robust,MultinomialNB(),3,,"Erro na combinação 1724 - Imputer: simpleimputer, Categorização: None, Seleção de Feature: rbf_sampler, Scaler: robust, Fold: 3 - Exception: Negative values in data passed to MultinomialNB (input X)",No using Simple Imputer,,0.0013241767883300781,9.846687316894531e-05
algerian_forest_fires_46279,simpleimputer,,rbf_sampler,robust,MultinomialNB(),4,,"Erro na combinação 1725 - Imputer: simpleimputer, Categorização: None, Seleção de Feature: rbf_sampler, Scaler: robust, Fold: 4 - Exception: Negative values in data passed to MultinomialNB (input X)",No using Simple Imputer,,0.0013241767883300781,9.846687316894531e-05
algerian_forest_fires_46279,simpleimputer,,random_trees_embedding,robust,MultinomialNB(),0,0.8979591836734694,,No using Simple Imputer,,0.0015141963958740234,0.0001342296600341797
algerian_forest_fires_46279,simpleimputer,,random_trees_embedding,robust,MultinomialNB(),1,0.9387755102040817,,No using Simple Imputer,,0.0015552043914794922,0.0001392364501953125
algerian_forest_fires_46279,simpleimputer,,random_trees_embedding,robust,MultinomialNB(),2,0.9183673469387755,,No using Simple Imputer,,0.0015697479248046875,0.00014781951904296875
algerian_forest_fires_46279,simpleimputer,,random_trees_embedding,robust,MultinomialNB(),3,0.9583333333333334,,No using Simple Imputer,,0.0014660358428955078,0.0001373291015625
algerian_forest_fires_46279,simpleimputer,,random_trees_embedding,robust,MultinomialNB(),4,0.9791666666666666,,No using Simple Imputer,,0.0015025138854980469,0.00013709068298339844
algerian_forest_fires_46279,simpleimputer,,feature_agglomeration,robust,MultinomialNB(),0,,"Erro na combinação 1731 - Imputer: simpleimputer, Categorização: None, Seleção de Feature: feature_agglomeration, Scaler: robust, Fold: 0 - Exception: Negative values in data passed to MultinomialNB (input X)",No using Simple Imputer,,0.0015025138854980469,0.00013709068298339844
algerian_forest_fires_46279,simpleimputer,,feature_agglomeration,robust,MultinomialNB(),1,,"Erro na combinação 1732 - Imputer: simpleimputer, Categorização: None, Seleção de Feature: feature_agglomeration, Scaler: robust, Fold: 1 - Exception: Negative values in data passed to MultinomialNB (input X)",No using Simple Imputer,,0.0015025138854980469,0.00013709068298339844
algerian_forest_fires_46279,simpleimputer,,feature_agglomeration,robust,MultinomialNB(),2,,"Erro na combinação 1733 - Imputer: simpleimputer, Categorização: None, Seleção de Feature: feature_agglomeration, Scaler: robust, Fold: 2 - Exception: Negative values in data passed to MultinomialNB (input X)",No using Simple Imputer,,0.0015025138854980469,0.00013709068298339844
algerian_forest_fires_46279,simpleimputer,,feature_agglomeration,robust,MultinomialNB(),3,,"Erro na combinação 1734 - Imputer: simpleimputer, Categorização: None, Seleção de Feature: feature_agglomeration, Scaler: robust, Fold: 3 - Exception: Negative values in data passed to MultinomialNB (input X)",No using Simple Imputer,,0.0015025138854980469,0.00013709068298339844
algerian_forest_fires_46279,simpleimputer,,feature_agglomeration,robust,MultinomialNB(),4,,"Erro na combinação 1735 - Imputer: simpleimputer, Categorização: None, Seleção de Feature: feature_agglomeration, Scaler: robust, Fold: 4 - Exception: Negative values in data passed to MultinomialNB (input X)",No using Simple Imputer,,0.0015025138854980469,0.00013709068298339844
algerian_forest_fires_46279,simpleimputer,,extra_tree,robust,MultinomialNB(),0,,"Erro na combinação 1736 - Imputer: simpleimputer, Categorização: None, Seleção de Feature: extra_tree, Scaler: robust, Fold: 0 - Exception: Negative values in data passed to MultinomialNB (input X)",No using Simple Imputer,,0.0015025138854980469,0.00013709068298339844
algerian_forest_fires_46279,simpleimputer,,extra_tree,robust,MultinomialNB(),1,,"Erro na combinação 1737 - Imputer: simpleimputer, Categorização: None, Seleção de Feature: extra_tree, Scaler: robust, Fold: 1 - Exception: Negative values in data passed to MultinomialNB (input X)",No using Simple Imputer,,0.0015025138854980469,0.00013709068298339844
algerian_forest_fires_46279,simpleimputer,,extra_tree,robust,MultinomialNB(),2,,"Erro na combinação 1738 - Imputer: simpleimputer, Categorização: None, Seleção de Feature: extra_tree, Scaler: robust, Fold: 2 - Exception: Negative values in data passed to MultinomialNB (input X)",No using Simple Imputer,,0.0015025138854980469,0.00013709068298339844
algerian_forest_fires_46279,simpleimputer,,extra_tree,robust,MultinomialNB(),3,,"Erro na combinação 1739 - Imputer: simpleimputer, Categorização: None, Seleção de Feature: extra_tree, Scaler: robust, Fold: 3 - Exception: Negative values in data passed to MultinomialNB (input X)",No using Simple Imputer,,0.0015025138854980469,0.00013709068298339844
algerian_forest_fires_46279,simpleimputer,,extra_tree,robust,MultinomialNB(),4,,"Erro na combinação 1740 - Imputer: simpleimputer, Categorização: None, Seleção de Feature: extra_tree, Scaler: robust, Fold: 4 - Exception: Negative values in data passed to MultinomialNB (input X)",No using Simple Imputer,,0.0015025138854980469,0.00013709068298339844
algerian_forest_fires_46279,simpleimputer,,linear_svc,robust,MultinomialNB(),0,,"Erro na combinação 1741 - Imputer: simpleimputer, Categorização: None, Seleção de Feature: linear_svc, Scaler: robust, Fold: 0 - Exception: Negative values in data passed to MultinomialNB (input X)",No using Simple Imputer,,0.0015025138854980469,0.00013709068298339844
algerian_forest_fires_46279,simpleimputer,,linear_svc,robust,MultinomialNB(),1,,"Erro na combinação 1742 - Imputer: simpleimputer, Categorização: None, Seleção de Feature: linear_svc, Scaler: robust, Fold: 1 - Exception: Negative values in data passed to MultinomialNB (input X)",No using Simple Imputer,,0.0015025138854980469,0.00013709068298339844
algerian_forest_fires_46279,simpleimputer,,linear_svc,robust,MultinomialNB(),2,,"Erro na combinação 1743 - Imputer: simpleimputer, Categorização: None, Seleção de Feature: linear_svc, Scaler: robust, Fold: 2 - Exception: Negative values in data passed to MultinomialNB (input X)",No using Simple Imputer,,0.0015025138854980469,0.00013709068298339844
algerian_forest_fires_46279,simpleimputer,,linear_svc,robust,MultinomialNB(),3,,"Erro na combinação 1744 - Imputer: simpleimputer, Categorização: None, Seleção de Feature: linear_svc, Scaler: robust, Fold: 3 - Exception: Negative values in data passed to MultinomialNB (input X)",No using Simple Imputer,,0.0015025138854980469,0.00013709068298339844
algerian_forest_fires_46279,simpleimputer,,linear_svc,robust,MultinomialNB(),4,,"Erro na combinação 1745 - Imputer: simpleimputer, Categorização: None, Seleção de Feature: linear_svc, Scaler: robust, Fold: 4 - Exception: Negative values in data passed to MultinomialNB (input X)",No using Simple Imputer,,0.0015025138854980469,0.00013709068298339844
algerian_forest_fires_46279,simpleimputer,,kernel_pca,robust,MultinomialNB(),0,,"Erro na combinação 1746 - Imputer: simpleimputer, Categorização: None, Seleção de Feature: kernel_pca, Scaler: robust, Fold: 0 - Exception: Negative values in data passed to MultinomialNB (input X)",No using Simple Imputer,,0.0015025138854980469,0.00013709068298339844
algerian_forest_fires_46279,simpleimputer,,kernel_pca,robust,MultinomialNB(),1,,"Erro na combinação 1747 - Imputer: simpleimputer, Categorização: None, Seleção de Feature: kernel_pca, Scaler: robust, Fold: 1 - Exception: Negative values in data passed to MultinomialNB (input X)",No using Simple Imputer,,0.0015025138854980469,0.00013709068298339844
algerian_forest_fires_46279,simpleimputer,,kernel_pca,robust,MultinomialNB(),2,,"Erro na combinação 1748 - Imputer: simpleimputer, Categorização: None, Seleção de Feature: kernel_pca, Scaler: robust, Fold: 2 - Exception: Negative values in data passed to MultinomialNB (input X)",No using Simple Imputer,,0.0015025138854980469,0.00013709068298339844
algerian_forest_fires_46279,simpleimputer,,kernel_pca,robust,MultinomialNB(),3,,"Erro na combinação 1749 - Imputer: simpleimputer, Categorização: None, Seleção de Feature: kernel_pca, Scaler: robust, Fold: 3 - Exception: Negative values in data passed to MultinomialNB (input X)",No using Simple Imputer,,0.0015025138854980469,0.00013709068298339844
algerian_forest_fires_46279,simpleimputer,,kernel_pca,robust,MultinomialNB(),4,,"Erro na combinação 1750 - Imputer: simpleimputer, Categorização: None, Seleção de Feature: kernel_pca, Scaler: robust, Fold: 4 - Exception: Negative values in data passed to MultinomialNB (input X)",No using Simple Imputer,,0.0015025138854980469,0.00013709068298339844
algerian_forest_fires_46279,simpleimputer,,,normalizer,MultinomialNB(),0,0.5510204081632653,,No using Simple Imputer,,0.0015833377838134766,0.00011944770812988281
algerian_forest_fires_46279,simpleimputer,,,normalizer,MultinomialNB(),1,0.5510204081632653,,No using Simple Imputer,,0.0016622543334960938,0.0001308917999267578
algerian_forest_fires_46279,simpleimputer,,,normalizer,MultinomialNB(),2,0.5714285714285714,,No using Simple Imputer,,0.0015065670013427734,0.00011444091796875
algerian_forest_fires_46279,simpleimputer,,,normalizer,MultinomialNB(),3,0.6041666666666666,,No using Simple Imputer,,0.0013861656188964844,0.00010538101196289062
algerian_forest_fires_46279,simpleimputer,,,normalizer,MultinomialNB(),4,0.5416666666666666,,No using Simple Imputer,,0.0013136863708496094,0.00010418891906738281
algerian_forest_fires_46279,simpleimputer,,pca,normalizer,MultinomialNB(),0,,"Erro na combinação 1756 - Imputer: simpleimputer, Categorização: None, Seleção de Feature: pca, Scaler: normalizer, Fold: 0 - Exception: Negative values in data passed to MultinomialNB (input X)",No using Simple Imputer,,0.0013136863708496094,0.00010418891906738281
algerian_forest_fires_46279,simpleimputer,,pca,normalizer,MultinomialNB(),1,,"Erro na combinação 1757 - Imputer: simpleimputer, Categorização: None, Seleção de Feature: pca, Scaler: normalizer, Fold: 1 - Exception: Negative values in data passed to MultinomialNB (input X)",No using Simple Imputer,,0.0013136863708496094,0.00010418891906738281
algerian_forest_fires_46279,simpleimputer,,pca,normalizer,MultinomialNB(),2,,"Erro na combinação 1758 - Imputer: simpleimputer, Categorização: None, Seleção de Feature: pca, Scaler: normalizer, Fold: 2 - Exception: Negative values in data passed to MultinomialNB (input X)",No using Simple Imputer,,0.0013136863708496094,0.00010418891906738281
algerian_forest_fires_46279,simpleimputer,,pca,normalizer,MultinomialNB(),3,,"Erro na combinação 1759 - Imputer: simpleimputer, Categorização: None, Seleção de Feature: pca, Scaler: normalizer, Fold: 3 - Exception: Negative values in data passed to MultinomialNB (input X)",No using Simple Imputer,,0.0013136863708496094,0.00010418891906738281
algerian_forest_fires_46279,simpleimputer,,pca,normalizer,MultinomialNB(),4,,"Erro na combinação 1760 - Imputer: simpleimputer, Categorização: None, Seleção de Feature: pca, Scaler: normalizer, Fold: 4 - Exception: Negative values in data passed to MultinomialNB (input X)",No using Simple Imputer,,0.0013136863708496094,0.00010418891906738281
algerian_forest_fires_46279,simpleimputer,,fastica,normalizer,MultinomialNB(),0,,"Erro na combinação 1761 - Imputer: simpleimputer, Categorização: None, Seleção de Feature: fastica, Scaler: normalizer, Fold: 0 - Exception: Negative values in data passed to MultinomialNB (input X)",No using Simple Imputer,,0.0013136863708496094,0.00010418891906738281
algerian_forest_fires_46279,simpleimputer,,fastica,normalizer,MultinomialNB(),1,,"Erro na combinação 1762 - Imputer: simpleimputer, Categorização: None, Seleção de Feature: fastica, Scaler: normalizer, Fold: 1 - Exception: Negative values in data passed to MultinomialNB (input X)",No using Simple Imputer,,0.0013136863708496094,0.00010418891906738281
algerian_forest_fires_46279,simpleimputer,,fastica,normalizer,MultinomialNB(),2,,"Erro na combinação 1763 - Imputer: simpleimputer, Categorização: None, Seleção de Feature: fastica, Scaler: normalizer, Fold: 2 - Exception: Negative values in data passed to MultinomialNB (input X)",No using Simple Imputer,,0.0013136863708496094,0.00010418891906738281
algerian_forest_fires_46279,simpleimputer,,fastica,normalizer,MultinomialNB(),3,,"Erro na combinação 1764 - Imputer: simpleimputer, Categorização: None, Seleção de Feature: fastica, Scaler: normalizer, Fold: 3 - Exception: Negative values in data passed to MultinomialNB (input X)",No using Simple Imputer,,0.0013136863708496094,0.00010418891906738281
algerian_forest_fires_46279,simpleimputer,,fastica,normalizer,MultinomialNB(),4,,"Erro na combinação 1765 - Imputer: simpleimputer, Categorização: None, Seleção de Feature: fastica, Scaler: normalizer, Fold: 4 - Exception: Negative values in data passed to MultinomialNB (input X)",No using Simple Imputer,,0.0013136863708496094,0.00010418891906738281
algerian_forest_fires_46279,simpleimputer,,truncated_svd,normalizer,MultinomialNB(),0,,"Erro na combinação 1766 - Imputer: simpleimputer, Categorização: None, Seleção de Feature: truncated_svd, Scaler: normalizer, Fold: 0 - Exception: Negative values in data passed to MultinomialNB (input X)",No using Simple Imputer,,0.0013136863708496094,0.00010418891906738281
algerian_forest_fires_46279,simpleimputer,,truncated_svd,normalizer,MultinomialNB(),1,,"Erro na combinação 1767 - Imputer: simpleimputer, Categorização: None, Seleção de Feature: truncated_svd, Scaler: normalizer, Fold: 1 - Exception: Negative values in data passed to MultinomialNB (input X)",No using Simple Imputer,,0.0013136863708496094,0.00010418891906738281
algerian_forest_fires_46279,simpleimputer,,truncated_svd,normalizer,MultinomialNB(),2,,"Erro na combinação 1768 - Imputer: simpleimputer, Categorização: None, Seleção de Feature: truncated_svd, Scaler: normalizer, Fold: 2 - Exception: Negative values in data passed to MultinomialNB (input X)",No using Simple Imputer,,0.0013136863708496094,0.00010418891906738281
algerian_forest_fires_46279,simpleimputer,,truncated_svd,normalizer,MultinomialNB(),3,,"Erro na combinação 1769 - Imputer: simpleimputer, Categorização: None, Seleção de Feature: truncated_svd, Scaler: normalizer, Fold: 3 - Exception: Negative values in data passed to MultinomialNB (input X)",No using Simple Imputer,,0.0013136863708496094,0.00010418891906738281
algerian_forest_fires_46279,simpleimputer,,truncated_svd,normalizer,MultinomialNB(),4,,"Erro na combinação 1770 - Imputer: simpleimputer, Categorização: None, Seleção de Feature: truncated_svd, Scaler: normalizer, Fold: 4 - Exception: Negative values in data passed to MultinomialNB (input X)",No using Simple Imputer,,0.0013136863708496094,0.00010418891906738281
algerian_forest_fires_46279,simpleimputer,,select_percentile,normalizer,MultinomialNB(),0,0.5510204081632653,,No using Simple Imputer,,0.0012905597686767578,9.632110595703125e-05
algerian_forest_fires_46279,simpleimputer,,select_percentile,normalizer,MultinomialNB(),1,0.5510204081632653,,No using Simple Imputer,,0.0013613700866699219,0.0001163482666015625
algerian_forest_fires_46279,simpleimputer,,select_percentile,normalizer,MultinomialNB(),2,0.5714285714285714,,No using Simple Imputer,,0.0013301372528076172,9.894371032714844e-05
algerian_forest_fires_46279,simpleimputer,,select_percentile,normalizer,MultinomialNB(),3,0.6041666666666666,,No using Simple Imputer,,0.0012335777282714844,9.489059448242188e-05
algerian_forest_fires_46279,simpleimputer,,select_percentile,normalizer,MultinomialNB(),4,0.5416666666666666,,No using Simple Imputer,,0.0012943744659423828,9.703636169433594e-05
algerian_forest_fires_46279,simpleimputer,,generic_univariate,normalizer,MultinomialNB(),0,0.5510204081632653,,No using Simple Imputer,,0.0012254714965820312,0.00011467933654785156
algerian_forest_fires_46279,simpleimputer,,generic_univariate,normalizer,MultinomialNB(),1,0.5510204081632653,,No using Simple Imputer,,0.0011663436889648438,9.369850158691406e-05
algerian_forest_fires_46279,simpleimputer,,generic_univariate,normalizer,MultinomialNB(),2,0.5714285714285714,,No using Simple Imputer,,0.0011713504791259766,0.000118255615234375
algerian_forest_fires_46279,simpleimputer,,generic_univariate,normalizer,MultinomialNB(),3,0.6041666666666666,,No using Simple Imputer,,0.0011632442474365234,9.369850158691406e-05
algerian_forest_fires_46279,simpleimputer,,generic_univariate,normalizer,MultinomialNB(),4,0.5416666666666666,,No using Simple Imputer,,0.0011813640594482422,9.369850158691406e-05
algerian_forest_fires_46279,simpleimputer,,polynomial_features,normalizer,MultinomialNB(),0,0.5510204081632653,,No using Simple Imputer,,0.0012540817260742188,0.00010466575622558594
algerian_forest_fires_46279,simpleimputer,,polynomial_features,normalizer,MultinomialNB(),1,0.5510204081632653,,No using Simple Imputer,,0.0012118816375732422,0.0001220703125
algerian_forest_fires_46279,simpleimputer,,polynomial_features,normalizer,MultinomialNB(),2,0.5714285714285714,,No using Simple Imputer,,0.0012390613555908203,0.00011181831359863281
algerian_forest_fires_46279,simpleimputer,,polynomial_features,normalizer,MultinomialNB(),3,0.6041666666666666,,No using Simple Imputer,,0.001520395278930664,0.00011658668518066406
algerian_forest_fires_46279,simpleimputer,,polynomial_features,normalizer,MultinomialNB(),4,0.5416666666666666,,No using Simple Imputer,,0.0014300346374511719,0.00010824203491210938
algerian_forest_fires_46279,simpleimputer,,nystroem,normalizer,MultinomialNB(),0,0.5510204081632653,,No using Simple Imputer,,0.0028243064880371094,0.00012302398681640625
algerian_forest_fires_46279,simpleimputer,,nystroem,normalizer,MultinomialNB(),1,0.5510204081632653,,No using Simple Imputer,,0.0015063285827636719,0.0001227855682373047
algerian_forest_fires_46279,simpleimputer,,nystroem,normalizer,MultinomialNB(),2,0.5714285714285714,,No using Simple Imputer,,0.0015246868133544922,0.00014734268188476562
algerian_forest_fires_46279,simpleimputer,,nystroem,normalizer,MultinomialNB(),3,0.6041666666666666,,No using Simple Imputer,,0.001621246337890625,0.00012564659118652344
algerian_forest_fires_46279,simpleimputer,,nystroem,normalizer,MultinomialNB(),4,0.5416666666666666,,No using Simple Imputer,,0.0015614032745361328,0.00012302398681640625
algerian_forest_fires_46279,simpleimputer,,rbf_sampler,normalizer,MultinomialNB(),0,,"Erro na combinação 1791 - Imputer: simpleimputer, Categorização: None, Seleção de Feature: rbf_sampler, Scaler: normalizer, Fold: 0 - Exception: Negative values in data passed to MultinomialNB (input X)",No using Simple Imputer,,0.0015614032745361328,0.00012302398681640625
algerian_forest_fires_46279,simpleimputer,,rbf_sampler,normalizer,MultinomialNB(),1,,"Erro na combinação 1792 - Imputer: simpleimputer, Categorização: None, Seleção de Feature: rbf_sampler, Scaler: normalizer, Fold: 1 - Exception: Negative values in data passed to MultinomialNB (input X)",No using Simple Imputer,,0.0015614032745361328,0.00012302398681640625
algerian_forest_fires_46279,simpleimputer,,rbf_sampler,normalizer,MultinomialNB(),2,,"Erro na combinação 1793 - Imputer: simpleimputer, Categorização: None, Seleção de Feature: rbf_sampler, Scaler: normalizer, Fold: 2 - Exception: Negative values in data passed to MultinomialNB (input X)",No using Simple Imputer,,0.0015614032745361328,0.00012302398681640625
algerian_forest_fires_46279,simpleimputer,,rbf_sampler,normalizer,MultinomialNB(),3,,"Erro na combinação 1794 - Imputer: simpleimputer, Categorização: None, Seleção de Feature: rbf_sampler, Scaler: normalizer, Fold: 3 - Exception: Negative values in data passed to MultinomialNB (input X)",No using Simple Imputer,,0.0015614032745361328,0.00012302398681640625
algerian_forest_fires_46279,simpleimputer,,rbf_sampler,normalizer,MultinomialNB(),4,,"Erro na combinação 1795 - Imputer: simpleimputer, Categorização: None, Seleção de Feature: rbf_sampler, Scaler: normalizer, Fold: 4 - Exception: Negative values in data passed to MultinomialNB (input X)",No using Simple Imputer,,0.0015614032745361328,0.00012302398681640625
algerian_forest_fires_46279,simpleimputer,,random_trees_embedding,normalizer,MultinomialNB(),0,0.8979591836734694,,No using Simple Imputer,,0.0014591217041015625,0.0001373291015625
algerian_forest_fires_46279,simpleimputer,,random_trees_embedding,normalizer,MultinomialNB(),1,0.9183673469387755,,No using Simple Imputer,,0.001420736312866211,0.00015687942504882812
algerian_forest_fires_46279,simpleimputer,,random_trees_embedding,normalizer,MultinomialNB(),2,0.9387755102040817,,No using Simple Imputer,,0.0015118122100830078,0.00013637542724609375
algerian_forest_fires_46279,simpleimputer,,random_trees_embedding,normalizer,MultinomialNB(),3,0.9375,,No using Simple Imputer,,0.0014603137969970703,0.0001392364501953125
algerian_forest_fires_46279,simpleimputer,,random_trees_embedding,normalizer,MultinomialNB(),4,0.9583333333333334,,No using Simple Imputer,,0.0013937950134277344,0.0001327991485595703
algerian_forest_fires_46279,simpleimputer,,feature_agglomeration,normalizer,MultinomialNB(),0,0.5510204081632653,,No using Simple Imputer,,0.0012586116790771484,9.608268737792969e-05
algerian_forest_fires_46279,simpleimputer,,feature_agglomeration,normalizer,MultinomialNB(),1,0.5510204081632653,,No using Simple Imputer,,0.001600503921508789,0.00010061264038085938
algerian_forest_fires_46279,simpleimputer,,feature_agglomeration,normalizer,MultinomialNB(),2,0.5714285714285714,,No using Simple Imputer,,0.0012063980102539062,9.441375732421875e-05
algerian_forest_fires_46279,simpleimputer,,feature_agglomeration,normalizer,MultinomialNB(),3,0.6041666666666666,,No using Simple Imputer,,0.0012950897216796875,0.00010156631469726562
algerian_forest_fires_46279,simpleimputer,,feature_agglomeration,normalizer,MultinomialNB(),4,0.5416666666666666,,No using Simple Imputer,,0.0011963844299316406,9.34600830078125e-05
algerian_forest_fires_46279,simpleimputer,,extra_tree,normalizer,MultinomialNB(),0,0.5510204081632653,,No using Simple Imputer,,0.0012781620025634766,9.751319885253906e-05
algerian_forest_fires_46279,simpleimputer,,extra_tree,normalizer,MultinomialNB(),1,0.5510204081632653,,No using Simple Imputer,,0.0013070106506347656,0.000102996826171875
algerian_forest_fires_46279,simpleimputer,,extra_tree,normalizer,MultinomialNB(),2,0.5714285714285714,,No using Simple Imputer,,0.0012960433959960938,9.799003601074219e-05
algerian_forest_fires_46279,simpleimputer,,extra_tree,normalizer,MultinomialNB(),3,0.6041666666666666,,No using Simple Imputer,,0.0012967586517333984,0.00012254714965820312
algerian_forest_fires_46279,simpleimputer,,extra_tree,normalizer,MultinomialNB(),4,0.5416666666666666,,No using Simple Imputer,,0.0013480186462402344,9.965896606445312e-05
algerian_forest_fires_46279,simpleimputer,,linear_svc,normalizer,MultinomialNB(),0,0.5510204081632653,,No using Simple Imputer,,0.001310110092163086,9.870529174804688e-05
algerian_forest_fires_46279,simpleimputer,,linear_svc,normalizer,MultinomialNB(),1,0.5510204081632653,,No using Simple Imputer,,0.0013010501861572266,9.703636169433594e-05
algerian_forest_fires_46279,simpleimputer,,linear_svc,normalizer,MultinomialNB(),2,0.5714285714285714,,No using Simple Imputer,,0.0013213157653808594,0.000102996826171875
algerian_forest_fires_46279,simpleimputer,,linear_svc,normalizer,MultinomialNB(),3,0.6041666666666666,,No using Simple Imputer,,0.001275777816772461,9.775161743164062e-05
algerian_forest_fires_46279,simpleimputer,,linear_svc,normalizer,MultinomialNB(),4,0.5416666666666666,,No using Simple Imputer,,0.0012934207916259766,9.703636169433594e-05
algerian_forest_fires_46279,simpleimputer,,kernel_pca,normalizer,MultinomialNB(),0,,"Erro na combinação 1816 - Imputer: simpleimputer, Categorização: None, Seleção de Feature: kernel_pca, Scaler: normalizer, Fold: 0 - Exception: Negative values in data passed to MultinomialNB (input X)",No using Simple Imputer,,0.0012934207916259766,9.703636169433594e-05
algerian_forest_fires_46279,simpleimputer,,kernel_pca,normalizer,MultinomialNB(),1,,"Erro na combinação 1817 - Imputer: simpleimputer, Categorização: None, Seleção de Feature: kernel_pca, Scaler: normalizer, Fold: 1 - Exception: Negative values in data passed to MultinomialNB (input X)",No using Simple Imputer,,0.0012934207916259766,9.703636169433594e-05
algerian_forest_fires_46279,simpleimputer,,kernel_pca,normalizer,MultinomialNB(),2,,"Erro na combinação 1818 - Imputer: simpleimputer, Categorização: None, Seleção de Feature: kernel_pca, Scaler: normalizer, Fold: 2 - Exception: Negative values in data passed to MultinomialNB (input X)",No using Simple Imputer,,0.0012934207916259766,9.703636169433594e-05
algerian_forest_fires_46279,simpleimputer,,kernel_pca,normalizer,MultinomialNB(),3,,"Erro na combinação 1819 - Imputer: simpleimputer, Categorização: None, Seleção de Feature: kernel_pca, Scaler: normalizer, Fold: 3 - Exception: Negative values in data passed to MultinomialNB (input X)",No using Simple Imputer,,0.0012934207916259766,9.703636169433594e-05
algerian_forest_fires_46279,simpleimputer,,kernel_pca,normalizer,MultinomialNB(),4,,"Erro na combinação 1820 - Imputer: simpleimputer, Categorização: None, Seleção de Feature: kernel_pca, Scaler: normalizer, Fold: 4 - Exception: Negative values in data passed to MultinomialNB (input X)",No using Simple Imputer,,0.0012934207916259766,9.703636169433594e-05
algerian_forest_fires_46279,simpleimputer,,,power,MultinomialNB(),0,,"Erro na combinação 1821 - Imputer: simpleimputer, Categorização: None, Seleção de Feature: None, Scaler: power, Fold: 0 - Exception: Negative values in data passed to MultinomialNB (input X)",No using Simple Imputer,,0.0012934207916259766,9.703636169433594e-05
algerian_forest_fires_46279,simpleimputer,,,power,MultinomialNB(),1,,"Erro na combinação 1822 - Imputer: simpleimputer, Categorização: None, Seleção de Feature: None, Scaler: power, Fold: 1 - Exception: Negative values in data passed to MultinomialNB (input X)",No using Simple Imputer,,0.0012934207916259766,9.703636169433594e-05
algerian_forest_fires_46279,simpleimputer,,,power,MultinomialNB(),2,,"Erro na combinação 1823 - Imputer: simpleimputer, Categorização: None, Seleção de Feature: None, Scaler: power, Fold: 2 - Exception: Negative values in data passed to MultinomialNB (input X)",No using Simple Imputer,,0.0012934207916259766,9.703636169433594e-05
algerian_forest_fires_46279,simpleimputer,,,power,MultinomialNB(),3,,"Erro na combinação 1824 - Imputer: simpleimputer, Categorização: None, Seleção de Feature: None, Scaler: power, Fold: 3 - Exception: Negative values in data passed to MultinomialNB (input X)",No using Simple Imputer,,0.0012934207916259766,9.703636169433594e-05
algerian_forest_fires_46279,simpleimputer,,,power,MultinomialNB(),4,,"Erro na combinação 1825 - Imputer: simpleimputer, Categorização: None, Seleção de Feature: None, Scaler: power, Fold: 4 - Exception: Negative values in data passed to MultinomialNB (input X)",No using Simple Imputer,,0.0012934207916259766,9.703636169433594e-05
algerian_forest_fires_46279,simpleimputer,,pca,power,MultinomialNB(),0,,"Erro na combinação 1826 - Imputer: simpleimputer, Categorização: None, Seleção de Feature: pca, Scaler: power, Fold: 0 - Exception: Negative values in data passed to MultinomialNB (input X)",No using Simple Imputer,,0.0012934207916259766,9.703636169433594e-05
algerian_forest_fires_46279,simpleimputer,,pca,power,MultinomialNB(),1,,"Erro na combinação 1827 - Imputer: simpleimputer, Categorização: None, Seleção de Feature: pca, Scaler: power, Fold: 1 - Exception: Negative values in data passed to MultinomialNB (input X)",No using Simple Imputer,,0.0012934207916259766,9.703636169433594e-05
algerian_forest_fires_46279,simpleimputer,,pca,power,MultinomialNB(),2,,"Erro na combinação 1828 - Imputer: simpleimputer, Categorização: None, Seleção de Feature: pca, Scaler: power, Fold: 2 - Exception: Negative values in data passed to MultinomialNB (input X)",No using Simple Imputer,,0.0012934207916259766,9.703636169433594e-05
algerian_forest_fires_46279,simpleimputer,,pca,power,MultinomialNB(),3,,"Erro na combinação 1829 - Imputer: simpleimputer, Categorização: None, Seleção de Feature: pca, Scaler: power, Fold: 3 - Exception: Negative values in data passed to MultinomialNB (input X)",No using Simple Imputer,,0.0012934207916259766,9.703636169433594e-05
algerian_forest_fires_46279,simpleimputer,,pca,power,MultinomialNB(),4,,"Erro na combinação 1830 - Imputer: simpleimputer, Categorização: None, Seleção de Feature: pca, Scaler: power, Fold: 4 - Exception: Negative values in data passed to MultinomialNB (input X)",No using Simple Imputer,,0.0012934207916259766,9.703636169433594e-05
algerian_forest_fires_46279,simpleimputer,,fastica,power,MultinomialNB(),0,,"Erro na combinação 1831 - Imputer: simpleimputer, Categorização: None, Seleção de Feature: fastica, Scaler: power, Fold: 0 - Exception: Negative values in data passed to MultinomialNB (input X)",No using Simple Imputer,,0.0012934207916259766,9.703636169433594e-05
algerian_forest_fires_46279,simpleimputer,,fastica,power,MultinomialNB(),1,,"Erro na combinação 1832 - Imputer: simpleimputer, Categorização: None, Seleção de Feature: fastica, Scaler: power, Fold: 1 - Exception: Negative values in data passed to MultinomialNB (input X)",No using Simple Imputer,,0.0012934207916259766,9.703636169433594e-05
algerian_forest_fires_46279,simpleimputer,,fastica,power,MultinomialNB(),2,,"Erro na combinação 1833 - Imputer: simpleimputer, Categorização: None, Seleção de Feature: fastica, Scaler: power, Fold: 2 - Exception: Negative values in data passed to MultinomialNB (input X)",No using Simple Imputer,,0.0012934207916259766,9.703636169433594e-05
algerian_forest_fires_46279,simpleimputer,,fastica,power,MultinomialNB(),3,,"Erro na combinação 1834 - Imputer: simpleimputer, Categorização: None, Seleção de Feature: fastica, Scaler: power, Fold: 3 - Exception: Negative values in data passed to MultinomialNB (input X)",No using Simple Imputer,,0.0012934207916259766,9.703636169433594e-05
algerian_forest_fires_46279,simpleimputer,,fastica,power,MultinomialNB(),4,,"Erro na combinação 1835 - Imputer: simpleimputer, Categorização: None, Seleção de Feature: fastica, Scaler: power, Fold: 4 - Exception: Negative values in data passed to MultinomialNB (input X)",No using Simple Imputer,,0.0012934207916259766,9.703636169433594e-05
algerian_forest_fires_46279,simpleimputer,,truncated_svd,power,MultinomialNB(),0,,"Erro na combinação 1836 - Imputer: simpleimputer, Categorização: None, Seleção de Feature: truncated_svd, Scaler: power, Fold: 0 - Exception: Negative values in data passed to MultinomialNB (input X)",No using Simple Imputer,,0.0012934207916259766,9.703636169433594e-05
algerian_forest_fires_46279,simpleimputer,,truncated_svd,power,MultinomialNB(),1,,"Erro na combinação 1837 - Imputer: simpleimputer, Categorização: None, Seleção de Feature: truncated_svd, Scaler: power, Fold: 1 - Exception: Negative values in data passed to MultinomialNB (input X)",No using Simple Imputer,,0.0012934207916259766,9.703636169433594e-05
algerian_forest_fires_46279,simpleimputer,,truncated_svd,power,MultinomialNB(),2,,"Erro na combinação 1838 - Imputer: simpleimputer, Categorização: None, Seleção de Feature: truncated_svd, Scaler: power, Fold: 2 - Exception: Negative values in data passed to MultinomialNB (input X)",No using Simple Imputer,,0.0012934207916259766,9.703636169433594e-05
algerian_forest_fires_46279,simpleimputer,,truncated_svd,power,MultinomialNB(),3,,"Erro na combinação 1839 - Imputer: simpleimputer, Categorização: None, Seleção de Feature: truncated_svd, Scaler: power, Fold: 3 - Exception: Negative values in data passed to MultinomialNB (input X)",No using Simple Imputer,,0.0012934207916259766,9.703636169433594e-05
algerian_forest_fires_46279,simpleimputer,,truncated_svd,power,MultinomialNB(),4,,"Erro na combinação 1840 - Imputer: simpleimputer, Categorização: None, Seleção de Feature: truncated_svd, Scaler: power, Fold: 4 - Exception: Negative values in data passed to MultinomialNB (input X)",No using Simple Imputer,,0.0012934207916259766,9.703636169433594e-05
algerian_forest_fires_46279,simpleimputer,,select_percentile,power,MultinomialNB(),0,,"Erro na combinação 1841 - Imputer: simpleimputer, Categorização: None, Seleção de Feature: select_percentile, Scaler: power, Fold: 0 - Exception: Negative values in data passed to MultinomialNB (input X)",No using Simple Imputer,,0.0012934207916259766,9.703636169433594e-05
algerian_forest_fires_46279,simpleimputer,,select_percentile,power,MultinomialNB(),1,,"Erro na combinação 1842 - Imputer: simpleimputer, Categorização: None, Seleção de Feature: select_percentile, Scaler: power, Fold: 1 - Exception: Negative values in data passed to MultinomialNB (input X)",No using Simple Imputer,,0.0012934207916259766,9.703636169433594e-05
algerian_forest_fires_46279,simpleimputer,,select_percentile,power,MultinomialNB(),2,,"Erro na combinação 1843 - Imputer: simpleimputer, Categorização: None, Seleção de Feature: select_percentile, Scaler: power, Fold: 2 - Exception: Negative values in data passed to MultinomialNB (input X)",No using Simple Imputer,,0.0012934207916259766,9.703636169433594e-05
algerian_forest_fires_46279,simpleimputer,,select_percentile,power,MultinomialNB(),3,,"Erro na combinação 1844 - Imputer: simpleimputer, Categorização: None, Seleção de Feature: select_percentile, Scaler: power, Fold: 3 - Exception: Negative values in data passed to MultinomialNB (input X)",No using Simple Imputer,,0.0012934207916259766,9.703636169433594e-05
algerian_forest_fires_46279,simpleimputer,,select_percentile,power,MultinomialNB(),4,,"Erro na combinação 1845 - Imputer: simpleimputer, Categorização: None, Seleção de Feature: select_percentile, Scaler: power, Fold: 4 - Exception: Negative values in data passed to MultinomialNB (input X)",No using Simple Imputer,,0.0012934207916259766,9.703636169433594e-05
algerian_forest_fires_46279,simpleimputer,,generic_univariate,power,MultinomialNB(),0,,"Erro na combinação 1846 - Imputer: simpleimputer, Categorização: None, Seleção de Feature: generic_univariate, Scaler: power, Fold: 0 - Exception: Negative values in data passed to MultinomialNB (input X)",No using Simple Imputer,,0.0012934207916259766,9.703636169433594e-05
algerian_forest_fires_46279,simpleimputer,,generic_univariate,power,MultinomialNB(),1,,"Erro na combinação 1847 - Imputer: simpleimputer, Categorização: None, Seleção de Feature: generic_univariate, Scaler: power, Fold: 1 - Exception: Negative values in data passed to MultinomialNB (input X)",No using Simple Imputer,,0.0012934207916259766,9.703636169433594e-05
algerian_forest_fires_46279,simpleimputer,,generic_univariate,power,MultinomialNB(),2,,"Erro na combinação 1848 - Imputer: simpleimputer, Categorização: None, Seleção de Feature: generic_univariate, Scaler: power, Fold: 2 - Exception: Negative values in data passed to MultinomialNB (input X)",No using Simple Imputer,,0.0012934207916259766,9.703636169433594e-05
algerian_forest_fires_46279,simpleimputer,,generic_univariate,power,MultinomialNB(),3,,"Erro na combinação 1849 - Imputer: simpleimputer, Categorização: None, Seleção de Feature: generic_univariate, Scaler: power, Fold: 3 - Exception: Negative values in data passed to MultinomialNB (input X)",No using Simple Imputer,,0.0012934207916259766,9.703636169433594e-05
algerian_forest_fires_46279,simpleimputer,,generic_univariate,power,MultinomialNB(),4,,"Erro na combinação 1850 - Imputer: simpleimputer, Categorização: None, Seleção de Feature: generic_univariate, Scaler: power, Fold: 4 - Exception: Negative values in data passed to MultinomialNB (input X)",No using Simple Imputer,,0.0012934207916259766,9.703636169433594e-05
algerian_forest_fires_46279,simpleimputer,,polynomial_features,power,MultinomialNB(),0,,"Erro na combinação 1851 - Imputer: simpleimputer, Categorização: None, Seleção de Feature: polynomial_features, Scaler: power, Fold: 0 - Exception: Negative values in data passed to MultinomialNB (input X)",No using Simple Imputer,,0.0012934207916259766,9.703636169433594e-05
algerian_forest_fires_46279,simpleimputer,,polynomial_features,power,MultinomialNB(),1,,"Erro na combinação 1852 - Imputer: simpleimputer, Categorização: None, Seleção de Feature: polynomial_features, Scaler: power, Fold: 1 - Exception: Negative values in data passed to MultinomialNB (input X)",No using Simple Imputer,,0.0012934207916259766,9.703636169433594e-05
algerian_forest_fires_46279,simpleimputer,,polynomial_features,power,MultinomialNB(),2,,"Erro na combinação 1853 - Imputer: simpleimputer, Categorização: None, Seleção de Feature: polynomial_features, Scaler: power, Fold: 2 - Exception: Negative values in data passed to MultinomialNB (input X)",No using Simple Imputer,,0.0012934207916259766,9.703636169433594e-05
algerian_forest_fires_46279,simpleimputer,,polynomial_features,power,MultinomialNB(),3,,"Erro na combinação 1854 - Imputer: simpleimputer, Categorização: None, Seleção de Feature: polynomial_features, Scaler: power, Fold: 3 - Exception: Negative values in data passed to MultinomialNB (input X)",No using Simple Imputer,,0.0012934207916259766,9.703636169433594e-05
algerian_forest_fires_46279,simpleimputer,,polynomial_features,power,MultinomialNB(),4,,"Erro na combinação 1855 - Imputer: simpleimputer, Categorização: None, Seleção de Feature: polynomial_features, Scaler: power, Fold: 4 - Exception: Negative values in data passed to MultinomialNB (input X)",No using Simple Imputer,,0.0012934207916259766,9.703636169433594e-05
algerian_forest_fires_46279,simpleimputer,,nystroem,power,MultinomialNB(),0,,"Erro na combinação 1856 - Imputer: simpleimputer, Categorização: None, Seleção de Feature: nystroem, Scaler: power, Fold: 0 - Exception: Negative values in data passed to MultinomialNB (input X)",No using Simple Imputer,,0.0012934207916259766,9.703636169433594e-05
algerian_forest_fires_46279,simpleimputer,,nystroem,power,MultinomialNB(),1,,"Erro na combinação 1857 - Imputer: simpleimputer, Categorização: None, Seleção de Feature: nystroem, Scaler: power, Fold: 1 - Exception: Negative values in data passed to MultinomialNB (input X)",No using Simple Imputer,,0.0012934207916259766,9.703636169433594e-05
algerian_forest_fires_46279,simpleimputer,,nystroem,power,MultinomialNB(),2,,"Erro na combinação 1858 - Imputer: simpleimputer, Categorização: None, Seleção de Feature: nystroem, Scaler: power, Fold: 2 - Exception: Negative values in data passed to MultinomialNB (input X)",No using Simple Imputer,,0.0012934207916259766,9.703636169433594e-05
algerian_forest_fires_46279,simpleimputer,,nystroem,power,MultinomialNB(),3,,"Erro na combinação 1859 - Imputer: simpleimputer, Categorização: None, Seleção de Feature: nystroem, Scaler: power, Fold: 3 - Exception: Negative values in data passed to MultinomialNB (input X)",No using Simple Imputer,,0.0012934207916259766,9.703636169433594e-05
algerian_forest_fires_46279,simpleimputer,,nystroem,power,MultinomialNB(),4,,"Erro na combinação 1860 - Imputer: simpleimputer, Categorização: None, Seleção de Feature: nystroem, Scaler: power, Fold: 4 - Exception: Negative values in data passed to MultinomialNB (input X)",No using Simple Imputer,,0.0012934207916259766,9.703636169433594e-05
algerian_forest_fires_46279,simpleimputer,,rbf_sampler,power,MultinomialNB(),0,,"Erro na combinação 1861 - Imputer: simpleimputer, Categorização: None, Seleção de Feature: rbf_sampler, Scaler: power, Fold: 0 - Exception: Negative values in data passed to MultinomialNB (input X)",No using Simple Imputer,,0.0012934207916259766,9.703636169433594e-05
algerian_forest_fires_46279,simpleimputer,,rbf_sampler,power,MultinomialNB(),1,,"Erro na combinação 1862 - Imputer: simpleimputer, Categorização: None, Seleção de Feature: rbf_sampler, Scaler: power, Fold: 1 - Exception: Negative values in data passed to MultinomialNB (input X)",No using Simple Imputer,,0.0012934207916259766,9.703636169433594e-05
algerian_forest_fires_46279,simpleimputer,,rbf_sampler,power,MultinomialNB(),2,,"Erro na combinação 1863 - Imputer: simpleimputer, Categorização: None, Seleção de Feature: rbf_sampler, Scaler: power, Fold: 2 - Exception: Negative values in data passed to MultinomialNB (input X)",No using Simple Imputer,,0.0012934207916259766,9.703636169433594e-05
algerian_forest_fires_46279,simpleimputer,,rbf_sampler,power,MultinomialNB(),3,,"Erro na combinação 1864 - Imputer: simpleimputer, Categorização: None, Seleção de Feature: rbf_sampler, Scaler: power, Fold: 3 - Exception: Negative values in data passed to MultinomialNB (input X)",No using Simple Imputer,,0.0012934207916259766,9.703636169433594e-05
algerian_forest_fires_46279,simpleimputer,,rbf_sampler,power,MultinomialNB(),4,,"Erro na combinação 1865 - Imputer: simpleimputer, Categorização: None, Seleção de Feature: rbf_sampler, Scaler: power, Fold: 4 - Exception: Negative values in data passed to MultinomialNB (input X)",No using Simple Imputer,,0.0012934207916259766,9.703636169433594e-05
algerian_forest_fires_46279,simpleimputer,,random_trees_embedding,power,MultinomialNB(),0,0.9183673469387755,,No using Simple Imputer,,0.001529693603515625,0.0001537799835205078
algerian_forest_fires_46279,simpleimputer,,random_trees_embedding,power,MultinomialNB(),1,0.9591836734693877,,No using Simple Imputer,,0.0014431476593017578,0.00013566017150878906
algerian_forest_fires_46279,simpleimputer,,random_trees_embedding,power,MultinomialNB(),2,0.9591836734693877,,No using Simple Imputer,,0.0014801025390625,0.00013709068298339844
algerian_forest_fires_46279,simpleimputer,,random_trees_embedding,power,MultinomialNB(),3,0.9583333333333334,,No using Simple Imputer,,0.0014438629150390625,0.0001575946807861328
algerian_forest_fires_46279,simpleimputer,,random_trees_embedding,power,MultinomialNB(),4,0.9583333333333334,,No using Simple Imputer,,0.0014657974243164062,0.00013756752014160156
algerian_forest_fires_46279,simpleimputer,,feature_agglomeration,power,MultinomialNB(),0,,"Erro na combinação 1871 - Imputer: simpleimputer, Categorização: None, Seleção de Feature: feature_agglomeration, Scaler: power, Fold: 0 - Exception: Negative values in data passed to MultinomialNB (input X)",No using Simple Imputer,,0.0014657974243164062,0.00013756752014160156
algerian_forest_fires_46279,simpleimputer,,feature_agglomeration,power,MultinomialNB(),1,,"Erro na combinação 1872 - Imputer: simpleimputer, Categorização: None, Seleção de Feature: feature_agglomeration, Scaler: power, Fold: 1 - Exception: Negative values in data passed to MultinomialNB (input X)",No using Simple Imputer,,0.0014657974243164062,0.00013756752014160156
algerian_forest_fires_46279,simpleimputer,,feature_agglomeration,power,MultinomialNB(),2,,"Erro na combinação 1873 - Imputer: simpleimputer, Categorização: None, Seleção de Feature: feature_agglomeration, Scaler: power, Fold: 2 - Exception: Negative values in data passed to MultinomialNB (input X)",No using Simple Imputer,,0.0014657974243164062,0.00013756752014160156
algerian_forest_fires_46279,simpleimputer,,feature_agglomeration,power,MultinomialNB(),3,,"Erro na combinação 1874 - Imputer: simpleimputer, Categorização: None, Seleção de Feature: feature_agglomeration, Scaler: power, Fold: 3 - Exception: Negative values in data passed to MultinomialNB (input X)",No using Simple Imputer,,0.0014657974243164062,0.00013756752014160156
algerian_forest_fires_46279,simpleimputer,,feature_agglomeration,power,MultinomialNB(),4,,"Erro na combinação 1875 - Imputer: simpleimputer, Categorização: None, Seleção de Feature: feature_agglomeration, Scaler: power, Fold: 4 - Exception: Negative values in data passed to MultinomialNB (input X)",No using Simple Imputer,,0.0014657974243164062,0.00013756752014160156
algerian_forest_fires_46279,simpleimputer,,extra_tree,power,MultinomialNB(),0,,"Erro na combinação 1876 - Imputer: simpleimputer, Categorização: None, Seleção de Feature: extra_tree, Scaler: power, Fold: 0 - Exception: Negative values in data passed to MultinomialNB (input X)",No using Simple Imputer,,0.0014657974243164062,0.00013756752014160156
algerian_forest_fires_46279,simpleimputer,,extra_tree,power,MultinomialNB(),1,,"Erro na combinação 1877 - Imputer: simpleimputer, Categorização: None, Seleção de Feature: extra_tree, Scaler: power, Fold: 1 - Exception: Negative values in data passed to MultinomialNB (input X)",No using Simple Imputer,,0.0014657974243164062,0.00013756752014160156
algerian_forest_fires_46279,simpleimputer,,extra_tree,power,MultinomialNB(),2,,"Erro na combinação 1878 - Imputer: simpleimputer, Categorização: None, Seleção de Feature: extra_tree, Scaler: power, Fold: 2 - Exception: Negative values in data passed to MultinomialNB (input X)",No using Simple Imputer,,0.0014657974243164062,0.00013756752014160156
algerian_forest_fires_46279,simpleimputer,,extra_tree,power,MultinomialNB(),3,,"Erro na combinação 1879 - Imputer: simpleimputer, Categorização: None, Seleção de Feature: extra_tree, Scaler: power, Fold: 3 - Exception: Negative values in data passed to MultinomialNB (input X)",No using Simple Imputer,,0.0014657974243164062,0.00013756752014160156
algerian_forest_fires_46279,simpleimputer,,extra_tree,power,MultinomialNB(),4,,"Erro na combinação 1880 - Imputer: simpleimputer, Categorização: None, Seleção de Feature: extra_tree, Scaler: power, Fold: 4 - Exception: Negative values in data passed to MultinomialNB (input X)",No using Simple Imputer,,0.0014657974243164062,0.00013756752014160156
algerian_forest_fires_46279,simpleimputer,,linear_svc,power,MultinomialNB(),0,,"Erro na combinação 1881 - Imputer: simpleimputer, Categorização: None, Seleção de Feature: linear_svc, Scaler: power, Fold: 0 - Exception: Negative values in data passed to MultinomialNB (input X)",No using Simple Imputer,,0.0014657974243164062,0.00013756752014160156
algerian_forest_fires_46279,simpleimputer,,linear_svc,power,MultinomialNB(),1,,"Erro na combinação 1882 - Imputer: simpleimputer, Categorização: None, Seleção de Feature: linear_svc, Scaler: power, Fold: 1 - Exception: Negative values in data passed to MultinomialNB (input X)",No using Simple Imputer,,0.0014657974243164062,0.00013756752014160156
algerian_forest_fires_46279,simpleimputer,,linear_svc,power,MultinomialNB(),2,,"Erro na combinação 1883 - Imputer: simpleimputer, Categorização: None, Seleção de Feature: linear_svc, Scaler: power, Fold: 2 - Exception: Negative values in data passed to MultinomialNB (input X)",No using Simple Imputer,,0.0014657974243164062,0.00013756752014160156
algerian_forest_fires_46279,simpleimputer,,linear_svc,power,MultinomialNB(),3,,"Erro na combinação 1884 - Imputer: simpleimputer, Categorização: None, Seleção de Feature: linear_svc, Scaler: power, Fold: 3 - Exception: Negative values in data passed to MultinomialNB (input X)",No using Simple Imputer,,0.0014657974243164062,0.00013756752014160156
algerian_forest_fires_46279,simpleimputer,,linear_svc,power,MultinomialNB(),4,,"Erro na combinação 1885 - Imputer: simpleimputer, Categorização: None, Seleção de Feature: linear_svc, Scaler: power, Fold: 4 - Exception: Negative values in data passed to MultinomialNB (input X)",No using Simple Imputer,,0.0014657974243164062,0.00013756752014160156
algerian_forest_fires_46279,simpleimputer,,kernel_pca,power,MultinomialNB(),0,,"Erro na combinação 1886 - Imputer: simpleimputer, Categorização: None, Seleção de Feature: kernel_pca, Scaler: power, Fold: 0 - Exception: Negative values in data passed to MultinomialNB (input X)",No using Simple Imputer,,0.0014657974243164062,0.00013756752014160156
algerian_forest_fires_46279,simpleimputer,,kernel_pca,power,MultinomialNB(),1,,"Erro na combinação 1887 - Imputer: simpleimputer, Categorização: None, Seleção de Feature: kernel_pca, Scaler: power, Fold: 1 - Exception: Negative values in data passed to MultinomialNB (input X)",No using Simple Imputer,,0.0014657974243164062,0.00013756752014160156
algerian_forest_fires_46279,simpleimputer,,kernel_pca,power,MultinomialNB(),2,,"Erro na combinação 1888 - Imputer: simpleimputer, Categorização: None, Seleção de Feature: kernel_pca, Scaler: power, Fold: 2 - Exception: Negative values in data passed to MultinomialNB (input X)",No using Simple Imputer,,0.0014657974243164062,0.00013756752014160156
algerian_forest_fires_46279,simpleimputer,,kernel_pca,power,MultinomialNB(),3,,"Erro na combinação 1889 - Imputer: simpleimputer, Categorização: None, Seleção de Feature: kernel_pca, Scaler: power, Fold: 3 - Exception: Negative values in data passed to MultinomialNB (input X)",No using Simple Imputer,,0.0014657974243164062,0.00013756752014160156
algerian_forest_fires_46279,simpleimputer,,kernel_pca,power,MultinomialNB(),4,,"Erro na combinação 1890 - Imputer: simpleimputer, Categorização: None, Seleção de Feature: kernel_pca, Scaler: power, Fold: 4 - Exception: Negative values in data passed to MultinomialNB (input X)",No using Simple Imputer,,0.0014657974243164062,0.00013756752014160156
algerian_forest_fires_46279,simpleimputer,,,quantile,MultinomialNB(),0,0.8979591836734694,,No using Simple Imputer,,0.0022377967834472656,0.00011610984802246094
algerian_forest_fires_46279,simpleimputer,,,quantile,MultinomialNB(),1,0.9387755102040817,,No using Simple Imputer,,0.0015544891357421875,0.00011610984802246094
algerian_forest_fires_46279,simpleimputer,,,quantile,MultinomialNB(),2,0.8367346938775511,,No using Simple Imputer,,0.0014774799346923828,0.00011372566223144531
algerian_forest_fires_46279,simpleimputer,,,quantile,MultinomialNB(),3,0.9166666666666666,,No using Simple Imputer,,0.0012545585632324219,0.00010395050048828125
algerian_forest_fires_46279,simpleimputer,,,quantile,MultinomialNB(),4,0.9583333333333334,,No using Simple Imputer,,0.0013263225555419922,0.00010538101196289062
algerian_forest_fires_46279,simpleimputer,,pca,quantile,MultinomialNB(),0,,"Erro na combinação 1896 - Imputer: simpleimputer, Categorização: None, Seleção de Feature: pca, Scaler: quantile, Fold: 0 - Exception: Negative values in data passed to MultinomialNB (input X)",No using Simple Imputer,,0.0013263225555419922,0.00010538101196289062
algerian_forest_fires_46279,simpleimputer,,pca,quantile,MultinomialNB(),1,,"Erro na combinação 1897 - Imputer: simpleimputer, Categorização: None, Seleção de Feature: pca, Scaler: quantile, Fold: 1 - Exception: Negative values in data passed to MultinomialNB (input X)",No using Simple Imputer,,0.0013263225555419922,0.00010538101196289062
algerian_forest_fires_46279,simpleimputer,,pca,quantile,MultinomialNB(),2,,"Erro na combinação 1898 - Imputer: simpleimputer, Categorização: None, Seleção de Feature: pca, Scaler: quantile, Fold: 2 - Exception: Negative values in data passed to MultinomialNB (input X)",No using Simple Imputer,,0.0013263225555419922,0.00010538101196289062
algerian_forest_fires_46279,simpleimputer,,pca,quantile,MultinomialNB(),3,,"Erro na combinação 1899 - Imputer: simpleimputer, Categorização: None, Seleção de Feature: pca, Scaler: quantile, Fold: 3 - Exception: Negative values in data passed to MultinomialNB (input X)",No using Simple Imputer,,0.0013263225555419922,0.00010538101196289062
algerian_forest_fires_46279,simpleimputer,,pca,quantile,MultinomialNB(),4,,"Erro na combinação 1900 - Imputer: simpleimputer, Categorização: None, Seleção de Feature: pca, Scaler: quantile, Fold: 4 - Exception: Negative values in data passed to MultinomialNB (input X)",No using Simple Imputer,,0.0013263225555419922,0.00010538101196289062
algerian_forest_fires_46279,simpleimputer,,fastica,quantile,MultinomialNB(),0,,"Erro na combinação 1901 - Imputer: simpleimputer, Categorização: None, Seleção de Feature: fastica, Scaler: quantile, Fold: 0 - Exception: Negative values in data passed to MultinomialNB (input X)",No using Simple Imputer,,0.0013263225555419922,0.00010538101196289062
algerian_forest_fires_46279,simpleimputer,,fastica,quantile,MultinomialNB(),1,,"Erro na combinação 1902 - Imputer: simpleimputer, Categorização: None, Seleção de Feature: fastica, Scaler: quantile, Fold: 1 - Exception: Negative values in data passed to MultinomialNB (input X)",No using Simple Imputer,,0.0013263225555419922,0.00010538101196289062
algerian_forest_fires_46279,simpleimputer,,fastica,quantile,MultinomialNB(),2,,"Erro na combinação 1903 - Imputer: simpleimputer, Categorização: None, Seleção de Feature: fastica, Scaler: quantile, Fold: 2 - Exception: Negative values in data passed to MultinomialNB (input X)",No using Simple Imputer,,0.0013263225555419922,0.00010538101196289062
algerian_forest_fires_46279,simpleimputer,,fastica,quantile,MultinomialNB(),3,,"Erro na combinação 1904 - Imputer: simpleimputer, Categorização: None, Seleção de Feature: fastica, Scaler: quantile, Fold: 3 - Exception: Negative values in data passed to MultinomialNB (input X)",No using Simple Imputer,,0.0013263225555419922,0.00010538101196289062
algerian_forest_fires_46279,simpleimputer,,fastica,quantile,MultinomialNB(),4,,"Erro na combinação 1905 - Imputer: simpleimputer, Categorização: None, Seleção de Feature: fastica, Scaler: quantile, Fold: 4 - Exception: Negative values in data passed to MultinomialNB (input X)",No using Simple Imputer,,0.0013263225555419922,0.00010538101196289062
algerian_forest_fires_46279,simpleimputer,,truncated_svd,quantile,MultinomialNB(),0,,"Erro na combinação 1906 - Imputer: simpleimputer, Categorização: None, Seleção de Feature: truncated_svd, Scaler: quantile, Fold: 0 - Exception: Negative values in data passed to MultinomialNB (input X)",No using Simple Imputer,,0.0013263225555419922,0.00010538101196289062
algerian_forest_fires_46279,simpleimputer,,truncated_svd,quantile,MultinomialNB(),1,,"Erro na combinação 1907 - Imputer: simpleimputer, Categorização: None, Seleção de Feature: truncated_svd, Scaler: quantile, Fold: 1 - Exception: Negative values in data passed to MultinomialNB (input X)",No using Simple Imputer,,0.0013263225555419922,0.00010538101196289062
algerian_forest_fires_46279,simpleimputer,,truncated_svd,quantile,MultinomialNB(),2,,"Erro na combinação 1908 - Imputer: simpleimputer, Categorização: None, Seleção de Feature: truncated_svd, Scaler: quantile, Fold: 2 - Exception: Negative values in data passed to MultinomialNB (input X)",No using Simple Imputer,,0.0013263225555419922,0.00010538101196289062
algerian_forest_fires_46279,simpleimputer,,truncated_svd,quantile,MultinomialNB(),3,,"Erro na combinação 1909 - Imputer: simpleimputer, Categorização: None, Seleção de Feature: truncated_svd, Scaler: quantile, Fold: 3 - Exception: Negative values in data passed to MultinomialNB (input X)",No using Simple Imputer,,0.0013263225555419922,0.00010538101196289062
algerian_forest_fires_46279,simpleimputer,,truncated_svd,quantile,MultinomialNB(),4,,"Erro na combinação 1910 - Imputer: simpleimputer, Categorização: None, Seleção de Feature: truncated_svd, Scaler: quantile, Fold: 4 - Exception: Negative values in data passed to MultinomialNB (input X)",No using Simple Imputer,,0.0013263225555419922,0.00010538101196289062
algerian_forest_fires_46279,simpleimputer,,select_percentile,quantile,MultinomialNB(),0,0.5510204081632653,,No using Simple Imputer,,0.0012204647064208984,9.489059448242188e-05
algerian_forest_fires_46279,simpleimputer,,select_percentile,quantile,MultinomialNB(),1,0.5510204081632653,,No using Simple Imputer,,0.0012819766998291016,9.679794311523438e-05
algerian_forest_fires_46279,simpleimputer,,select_percentile,quantile,MultinomialNB(),2,0.5714285714285714,,No using Simple Imputer,,0.001348257064819336,0.00016379356384277344
algerian_forest_fires_46279,simpleimputer,,select_percentile,quantile,MultinomialNB(),3,0.6041666666666666,,No using Simple Imputer,,0.0012662410736083984,9.632110595703125e-05
algerian_forest_fires_46279,simpleimputer,,select_percentile,quantile,MultinomialNB(),4,0.5416666666666666,,No using Simple Imputer,,0.0012090206146240234,9.465217590332031e-05
algerian_forest_fires_46279,simpleimputer,,generic_univariate,quantile,MultinomialNB(),0,0.5510204081632653,,No using Simple Imputer,,0.0011906623840332031,9.369850158691406e-05
algerian_forest_fires_46279,simpleimputer,,generic_univariate,quantile,MultinomialNB(),1,0.5510204081632653,,No using Simple Imputer,,0.0012197494506835938,0.00011324882507324219
algerian_forest_fires_46279,simpleimputer,,generic_univariate,quantile,MultinomialNB(),2,0.5714285714285714,,No using Simple Imputer,,0.001165151596069336,9.393692016601562e-05
algerian_forest_fires_46279,simpleimputer,,generic_univariate,quantile,MultinomialNB(),3,0.6041666666666666,,No using Simple Imputer,,0.0011920928955078125,9.393692016601562e-05
algerian_forest_fires_46279,simpleimputer,,generic_univariate,quantile,MultinomialNB(),4,0.5416666666666666,,No using Simple Imputer,,0.00119781494140625,9.202957153320312e-05
algerian_forest_fires_46279,simpleimputer,,polynomial_features,quantile,MultinomialNB(),0,0.8571428571428571,,No using Simple Imputer,,0.0012710094451904297,0.00010514259338378906
algerian_forest_fires_46279,simpleimputer,,polynomial_features,quantile,MultinomialNB(),1,0.9183673469387755,,No using Simple Imputer,,0.0012354850769042969,0.00012230873107910156
algerian_forest_fires_46279,simpleimputer,,polynomial_features,quantile,MultinomialNB(),2,0.8775510204081632,,No using Simple Imputer,,0.0013799667358398438,0.00013327598571777344
algerian_forest_fires_46279,simpleimputer,,polynomial_features,quantile,MultinomialNB(),3,0.9166666666666666,,No using Simple Imputer,,0.001299142837524414,0.00012159347534179688
algerian_forest_fires_46279,simpleimputer,,polynomial_features,quantile,MultinomialNB(),4,0.9583333333333334,,No using Simple Imputer,,0.0012619495391845703,0.00010585784912109375
algerian_forest_fires_46279,simpleimputer,,nystroem,quantile,MultinomialNB(),0,0.8979591836734694,,No using Simple Imputer,,0.0016176700592041016,0.00012803077697753906
algerian_forest_fires_46279,simpleimputer,,nystroem,quantile,MultinomialNB(),1,0.9387755102040817,,No using Simple Imputer,,0.0016541481018066406,0.0001220703125
algerian_forest_fires_46279,simpleimputer,,nystroem,quantile,MultinomialNB(),2,0.8775510204081632,,No using Simple Imputer,,0.0015835762023925781,0.0001220703125
algerian_forest_fires_46279,simpleimputer,,nystroem,quantile,MultinomialNB(),3,0.9166666666666666,,No using Simple Imputer,,0.0020751953125,0.00017142295837402344
algerian_forest_fires_46279,simpleimputer,,nystroem,quantile,MultinomialNB(),4,0.9583333333333334,,No using Simple Imputer,,0.0015308856964111328,0.0001227855682373047
algerian_forest_fires_46279,simpleimputer,,rbf_sampler,quantile,MultinomialNB(),0,,"Erro na combinação 1931 - Imputer: simpleimputer, Categorização: None, Seleção de Feature: rbf_sampler, Scaler: quantile, Fold: 0 - Exception: Negative values in data passed to MultinomialNB (input X)",No using Simple Imputer,,0.0015308856964111328,0.0001227855682373047
algerian_forest_fires_46279,simpleimputer,,rbf_sampler,quantile,MultinomialNB(),1,,"Erro na combinação 1932 - Imputer: simpleimputer, Categorização: None, Seleção de Feature: rbf_sampler, Scaler: quantile, Fold: 1 - Exception: Negative values in data passed to MultinomialNB (input X)",No using Simple Imputer,,0.0015308856964111328,0.0001227855682373047
algerian_forest_fires_46279,simpleimputer,,rbf_sampler,quantile,MultinomialNB(),2,,"Erro na combinação 1933 - Imputer: simpleimputer, Categorização: None, Seleção de Feature: rbf_sampler, Scaler: quantile, Fold: 2 - Exception: Negative values in data passed to MultinomialNB (input X)",No using Simple Imputer,,0.0015308856964111328,0.0001227855682373047
algerian_forest_fires_46279,simpleimputer,,rbf_sampler,quantile,MultinomialNB(),3,,"Erro na combinação 1934 - Imputer: simpleimputer, Categorização: None, Seleção de Feature: rbf_sampler, Scaler: quantile, Fold: 3 - Exception: Negative values in data passed to MultinomialNB (input X)",No using Simple Imputer,,0.0015308856964111328,0.0001227855682373047
algerian_forest_fires_46279,simpleimputer,,rbf_sampler,quantile,MultinomialNB(),4,,"Erro na combinação 1935 - Imputer: simpleimputer, Categorização: None, Seleção de Feature: rbf_sampler, Scaler: quantile, Fold: 4 - Exception: Negative values in data passed to MultinomialNB (input X)",No using Simple Imputer,,0.0015308856964111328,0.0001227855682373047
algerian_forest_fires_46279,simpleimputer,,random_trees_embedding,quantile,MultinomialNB(),0,0.9183673469387755,,No using Simple Imputer,,0.0014543533325195312,0.00013685226440429688
algerian_forest_fires_46279,simpleimputer,,random_trees_embedding,quantile,MultinomialNB(),1,0.9387755102040817,,No using Simple Imputer,,0.0013897418975830078,0.00013780593872070312
algerian_forest_fires_46279,simpleimputer,,random_trees_embedding,quantile,MultinomialNB(),2,0.9591836734693877,,No using Simple Imputer,,0.0014622211456298828,0.0001366138458251953
algerian_forest_fires_46279,simpleimputer,,random_trees_embedding,quantile,MultinomialNB(),3,0.9583333333333334,,No using Simple Imputer,,0.0015001296997070312,0.0001392364501953125
algerian_forest_fires_46279,simpleimputer,,random_trees_embedding,quantile,MultinomialNB(),4,0.9583333333333334,,No using Simple Imputer,,0.001917123794555664,0.0001590251922607422
algerian_forest_fires_46279,simpleimputer,,feature_agglomeration,quantile,MultinomialNB(),0,0.6122448979591837,,No using Simple Imputer,,0.0012919902801513672,9.679794311523438e-05
algerian_forest_fires_46279,simpleimputer,,feature_agglomeration,quantile,MultinomialNB(),1,0.6530612244897959,,No using Simple Imputer,,0.001346588134765625,9.72747802734375e-05
algerian_forest_fires_46279,simpleimputer,,feature_agglomeration,quantile,MultinomialNB(),2,0.6938775510204082,,No using Simple Imputer,,0.0013434886932373047,9.846687316894531e-05
algerian_forest_fires_46279,simpleimputer,,feature_agglomeration,quantile,MultinomialNB(),3,0.7708333333333334,,No using Simple Imputer,,0.0012657642364501953,9.489059448242188e-05
algerian_forest_fires_46279,simpleimputer,,feature_agglomeration,quantile,MultinomialNB(),4,0.6875,,No using Simple Imputer,,0.0012323856353759766,9.632110595703125e-05
algerian_forest_fires_46279,simpleimputer,,extra_tree,quantile,MultinomialNB(),0,0.8163265306122449,,No using Simple Imputer,,0.0013270378112792969,0.00010156631469726562
algerian_forest_fires_46279,simpleimputer,,extra_tree,quantile,MultinomialNB(),1,0.5510204081632653,,No using Simple Imputer,,0.0013322830200195312,9.72747802734375e-05
algerian_forest_fires_46279,simpleimputer,,extra_tree,quantile,MultinomialNB(),2,0.7959183673469388,,No using Simple Imputer,,0.0013043880462646484,9.965896606445312e-05
algerian_forest_fires_46279,simpleimputer,,extra_tree,quantile,MultinomialNB(),3,0.6041666666666666,,No using Simple Imputer,,0.0013165473937988281,9.799003601074219e-05
algerian_forest_fires_46279,simpleimputer,,extra_tree,quantile,MultinomialNB(),4,0.8541666666666666,,No using Simple Imputer,,0.001436471939086914,0.00010037422180175781
algerian_forest_fires_46279,simpleimputer,,linear_svc,quantile,MultinomialNB(),0,0.5510204081632653,,No using Simple Imputer,,0.0015180110931396484,9.870529174804688e-05
algerian_forest_fires_46279,simpleimputer,,linear_svc,quantile,MultinomialNB(),1,0.5510204081632653,,No using Simple Imputer,,0.0015397071838378906,0.00011682510375976562
algerian_forest_fires_46279,simpleimputer,,linear_svc,quantile,MultinomialNB(),2,0.6122448979591837,,No using Simple Imputer,,0.0014450550079345703,0.00011134147644042969
algerian_forest_fires_46279,simpleimputer,,linear_svc,quantile,MultinomialNB(),3,0.6041666666666666,,No using Simple Imputer,,0.001397848129272461,0.00010156631469726562
algerian_forest_fires_46279,simpleimputer,,linear_svc,quantile,MultinomialNB(),4,0.6666666666666666,,No using Simple Imputer,,0.0013308525085449219,0.0001480579376220703
algerian_forest_fires_46279,simpleimputer,,kernel_pca,quantile,MultinomialNB(),0,,"Erro na combinação 1956 - Imputer: simpleimputer, Categorização: None, Seleção de Feature: kernel_pca, Scaler: quantile, Fold: 0 - Exception: Negative values in data passed to MultinomialNB (input X)",No using Simple Imputer,,0.0013308525085449219,0.0001480579376220703
algerian_forest_fires_46279,simpleimputer,,kernel_pca,quantile,MultinomialNB(),1,,"Erro na combinação 1957 - Imputer: simpleimputer, Categorização: None, Seleção de Feature: kernel_pca, Scaler: quantile, Fold: 1 - Exception: Negative values in data passed to MultinomialNB (input X)",No using Simple Imputer,,0.0013308525085449219,0.0001480579376220703
algerian_forest_fires_46279,simpleimputer,,kernel_pca,quantile,MultinomialNB(),2,,"Erro na combinação 1958 - Imputer: simpleimputer, Categorização: None, Seleção de Feature: kernel_pca, Scaler: quantile, Fold: 2 - Exception: Negative values in data passed to MultinomialNB (input X)",No using Simple Imputer,,0.0013308525085449219,0.0001480579376220703
algerian_forest_fires_46279,simpleimputer,,kernel_pca,quantile,MultinomialNB(),3,,"Erro na combinação 1959 - Imputer: simpleimputer, Categorização: None, Seleção de Feature: kernel_pca, Scaler: quantile, Fold: 3 - Exception: Negative values in data passed to MultinomialNB (input X)",No using Simple Imputer,,0.0013308525085449219,0.0001480579376220703
algerian_forest_fires_46279,simpleimputer,,kernel_pca,quantile,MultinomialNB(),4,,"Erro na combinação 1960 - Imputer: simpleimputer, Categorização: None, Seleção de Feature: kernel_pca, Scaler: quantile, Fold: 4 - Exception: Negative values in data passed to MultinomialNB (input X)",No using Simple Imputer,,0.0013308525085449219,0.0001480579376220703
algerian_forest_fires_46279,simpleimputer,onehot,,,MultinomialNB(),0,0.8367346938775511,,No using Simple Imputer,No using One Hot,0.0025827884674072266,0.0011241436004638672
algerian_forest_fires_46279,simpleimputer,onehot,,,MultinomialNB(),1,0.8571428571428571,,No using Simple Imputer,No using One Hot,0.0035085678100585938,0.0013751983642578125
algerian_forest_fires_46279,simpleimputer,onehot,,,MultinomialNB(),2,0.8163265306122449,,No using Simple Imputer,No using One Hot,0.0025300979614257812,0.001049041748046875
algerian_forest_fires_46279,simpleimputer,onehot,,,MultinomialNB(),3,0.875,,No using Simple Imputer,No using One Hot,0.002428293228149414,0.0009410381317138672
algerian_forest_fires_46279,simpleimputer,onehot,,,MultinomialNB(),4,0.8958333333333334,,No using Simple Imputer,No using One Hot,0.002177000045776367,0.0009067058563232422
algerian_forest_fires_46279,simpleimputer,onehot,pca,,MultinomialNB(),0,,"Erro na combinação 1966 - Imputer: simpleimputer, Categorização: onehot, Seleção de Feature: pca, Scaler: None, Fold: 0 - Exception: Negative values in data passed to MultinomialNB (input X)",No using Simple Imputer,No using One Hot,0.002177000045776367,0.0009067058563232422
algerian_forest_fires_46279,simpleimputer,onehot,pca,,MultinomialNB(),1,,"Erro na combinação 1967 - Imputer: simpleimputer, Categorização: onehot, Seleção de Feature: pca, Scaler: None, Fold: 1 - Exception: Negative values in data passed to MultinomialNB (input X)",No using Simple Imputer,No using One Hot,0.002177000045776367,0.0009067058563232422
algerian_forest_fires_46279,simpleimputer,onehot,pca,,MultinomialNB(),2,,"Erro na combinação 1968 - Imputer: simpleimputer, Categorização: onehot, Seleção de Feature: pca, Scaler: None, Fold: 2 - Exception: Negative values in data passed to MultinomialNB (input X)",No using Simple Imputer,No using One Hot,0.002177000045776367,0.0009067058563232422
algerian_forest_fires_46279,simpleimputer,onehot,pca,,MultinomialNB(),3,,"Erro na combinação 1969 - Imputer: simpleimputer, Categorização: onehot, Seleção de Feature: pca, Scaler: None, Fold: 3 - Exception: Negative values in data passed to MultinomialNB (input X)",No using Simple Imputer,No using One Hot,0.002177000045776367,0.0009067058563232422
algerian_forest_fires_46279,simpleimputer,onehot,pca,,MultinomialNB(),4,,"Erro na combinação 1970 - Imputer: simpleimputer, Categorização: onehot, Seleção de Feature: pca, Scaler: None, Fold: 4 - Exception: Negative values in data passed to MultinomialNB (input X)",No using Simple Imputer,No using One Hot,0.002177000045776367,0.0009067058563232422
algerian_forest_fires_46279,simpleimputer,onehot,fastica,,MultinomialNB(),0,,"Erro na combinação 1971 - Imputer: simpleimputer, Categorização: onehot, Seleção de Feature: fastica, Scaler: None, Fold: 0 - Exception: Negative values in data passed to MultinomialNB (input X)",No using Simple Imputer,No using One Hot,0.002177000045776367,0.0009067058563232422
algerian_forest_fires_46279,simpleimputer,onehot,fastica,,MultinomialNB(),1,,"Erro na combinação 1972 - Imputer: simpleimputer, Categorização: onehot, Seleção de Feature: fastica, Scaler: None, Fold: 1 - Exception: Negative values in data passed to MultinomialNB (input X)",No using Simple Imputer,No using One Hot,0.002177000045776367,0.0009067058563232422
algerian_forest_fires_46279,simpleimputer,onehot,fastica,,MultinomialNB(),2,,"Erro na combinação 1973 - Imputer: simpleimputer, Categorização: onehot, Seleção de Feature: fastica, Scaler: None, Fold: 2 - Exception: Negative values in data passed to MultinomialNB (input X)",No using Simple Imputer,No using One Hot,0.002177000045776367,0.0009067058563232422
algerian_forest_fires_46279,simpleimputer,onehot,fastica,,MultinomialNB(),3,,"Erro na combinação 1974 - Imputer: simpleimputer, Categorização: onehot, Seleção de Feature: fastica, Scaler: None, Fold: 3 - Exception: Negative values in data passed to MultinomialNB (input X)",No using Simple Imputer,No using One Hot,0.002177000045776367,0.0009067058563232422
algerian_forest_fires_46279,simpleimputer,onehot,fastica,,MultinomialNB(),4,,"Erro na combinação 1975 - Imputer: simpleimputer, Categorização: onehot, Seleção de Feature: fastica, Scaler: None, Fold: 4 - Exception: Negative values in data passed to MultinomialNB (input X)",No using Simple Imputer,No using One Hot,0.002177000045776367,0.0009067058563232422
algerian_forest_fires_46279,simpleimputer,onehot,truncated_svd,,MultinomialNB(),0,,"Erro na combinação 1976 - Imputer: simpleimputer, Categorização: onehot, Seleção de Feature: truncated_svd, Scaler: None, Fold: 0 - Exception: Negative values in data passed to MultinomialNB (input X)",No using Simple Imputer,No using One Hot,0.002177000045776367,0.0009067058563232422
algerian_forest_fires_46279,simpleimputer,onehot,truncated_svd,,MultinomialNB(),1,,"Erro na combinação 1977 - Imputer: simpleimputer, Categorização: onehot, Seleção de Feature: truncated_svd, Scaler: None, Fold: 1 - Exception: Negative values in data passed to MultinomialNB (input X)",No using Simple Imputer,No using One Hot,0.002177000045776367,0.0009067058563232422
algerian_forest_fires_46279,simpleimputer,onehot,truncated_svd,,MultinomialNB(),2,,"Erro na combinação 1978 - Imputer: simpleimputer, Categorização: onehot, Seleção de Feature: truncated_svd, Scaler: None, Fold: 2 - Exception: Negative values in data passed to MultinomialNB (input X)",No using Simple Imputer,No using One Hot,0.002177000045776367,0.0009067058563232422
algerian_forest_fires_46279,simpleimputer,onehot,truncated_svd,,MultinomialNB(),3,,"Erro na combinação 1979 - Imputer: simpleimputer, Categorização: onehot, Seleção de Feature: truncated_svd, Scaler: None, Fold: 3 - Exception: Negative values in data passed to MultinomialNB (input X)",No using Simple Imputer,No using One Hot,0.002177000045776367,0.0009067058563232422
algerian_forest_fires_46279,simpleimputer,onehot,truncated_svd,,MultinomialNB(),4,,"Erro na combinação 1980 - Imputer: simpleimputer, Categorização: onehot, Seleção de Feature: truncated_svd, Scaler: None, Fold: 4 - Exception: Negative values in data passed to MultinomialNB (input X)",No using Simple Imputer,No using One Hot,0.002177000045776367,0.0009067058563232422
algerian_forest_fires_46279,simpleimputer,onehot,select_percentile,,MultinomialNB(),0,0.9183673469387755,,No using Simple Imputer,No using One Hot,0.0015151500701904297,0.00010180473327636719
algerian_forest_fires_46279,simpleimputer,onehot,select_percentile,,MultinomialNB(),1,0.9795918367346939,,No using Simple Imputer,No using One Hot,0.0013513565063476562,9.703636169433594e-05
algerian_forest_fires_46279,simpleimputer,onehot,select_percentile,,MultinomialNB(),2,0.9183673469387755,,No using Simple Imputer,No using One Hot,0.0018579959869384766,0.00013971328735351562
algerian_forest_fires_46279,simpleimputer,onehot,select_percentile,,MultinomialNB(),3,0.9375,,No using Simple Imputer,No using One Hot,0.0014224052429199219,9.965896606445312e-05
algerian_forest_fires_46279,simpleimputer,onehot,select_percentile,,MultinomialNB(),4,0.9166666666666666,,No using Simple Imputer,No using One Hot,0.0014142990112304688,0.00011444091796875
algerian_forest_fires_46279,simpleimputer,onehot,generic_univariate,,MultinomialNB(),0,0.5510204081632653,,No using Simple Imputer,No using One Hot,0.0014348030090332031,0.00011301040649414062
algerian_forest_fires_46279,simpleimputer,onehot,generic_univariate,,MultinomialNB(),1,0.5510204081632653,,No using Simple Imputer,No using One Hot,0.0014007091522216797,0.00010275840759277344
algerian_forest_fires_46279,simpleimputer,onehot,generic_univariate,,MultinomialNB(),2,0.5714285714285714,,No using Simple Imputer,No using One Hot,0.0014045238494873047,0.000102996826171875
algerian_forest_fires_46279,simpleimputer,onehot,generic_univariate,,MultinomialNB(),3,0.6041666666666666,,No using Simple Imputer,No using One Hot,0.0013501644134521484,9.751319885253906e-05
algerian_forest_fires_46279,simpleimputer,onehot,generic_univariate,,MultinomialNB(),4,0.5416666666666666,,No using Simple Imputer,No using One Hot,0.001169443130493164,9.274482727050781e-05
algerian_forest_fires_46279,simpleimputer,onehot,polynomial_features,,MultinomialNB(),0,0.8367346938775511,,No using Simple Imputer,No using One Hot,0.0012691020965576172,0.00013208389282226562
algerian_forest_fires_46279,simpleimputer,onehot,polynomial_features,,MultinomialNB(),1,0.8367346938775511,,No using Simple Imputer,No using One Hot,0.0013120174407958984,0.0001049041748046875
algerian_forest_fires_46279,simpleimputer,onehot,polynomial_features,,MultinomialNB(),2,0.7959183673469388,,No using Simple Imputer,No using One Hot,0.0012576580047607422,0.00010442733764648438
algerian_forest_fires_46279,simpleimputer,onehot,polynomial_features,,MultinomialNB(),3,0.875,,No using Simple Imputer,No using One Hot,0.0013353824615478516,0.0001049041748046875
algerian_forest_fires_46279,simpleimputer,onehot,polynomial_features,,MultinomialNB(),4,0.8958333333333334,,No using Simple Imputer,No using One Hot,0.0012514591217041016,0.00010371208190917969
algerian_forest_fires_46279,simpleimputer,onehot,nystroem,,MultinomialNB(),0,,"Erro na combinação 1996 - Imputer: simpleimputer, Categorização: onehot, Seleção de Feature: nystroem, Scaler: None, Fold: 0 - Exception: Negative values in data passed to MultinomialNB (input X)",No using Simple Imputer,No using One Hot,0.0012514591217041016,0.00010371208190917969
algerian_forest_fires_46279,simpleimputer,onehot,nystroem,,MultinomialNB(),1,,"Erro na combinação 1997 - Imputer: simpleimputer, Categorização: onehot, Seleção de Feature: nystroem, Scaler: None, Fold: 1 - Exception: Negative values in data passed to MultinomialNB (input X)",No using Simple Imputer,No using One Hot,0.0012514591217041016,0.00010371208190917969
algerian_forest_fires_46279,simpleimputer,onehot,nystroem,,MultinomialNB(),2,,"Erro na combinação 1998 - Imputer: simpleimputer, Categorização: onehot, Seleção de Feature: nystroem, Scaler: None, Fold: 2 - Exception: Negative values in data passed to MultinomialNB (input X)",No using Simple Imputer,No using One Hot,0.0012514591217041016,0.00010371208190917969
algerian_forest_fires_46279,simpleimputer,onehot,nystroem,,MultinomialNB(),3,,"Erro na combinação 1999 - Imputer: simpleimputer, Categorização: onehot, Seleção de Feature: nystroem, Scaler: None, Fold: 3 - Exception: Negative values in data passed to MultinomialNB (input X)",No using Simple Imputer,No using One Hot,0.0012514591217041016,0.00010371208190917969
algerian_forest_fires_46279,simpleimputer,onehot,nystroem,,MultinomialNB(),4,,"Erro na combinação 2000 - Imputer: simpleimputer, Categorização: onehot, Seleção de Feature: nystroem, Scaler: None, Fold: 4 - Exception: Negative values in data passed to MultinomialNB (input X)",No using Simple Imputer,No using One Hot,0.0012514591217041016,0.00010371208190917969
algerian_forest_fires_46279,simpleimputer,onehot,rbf_sampler,,MultinomialNB(),0,,"Erro na combinação 2001 - Imputer: simpleimputer, Categorização: onehot, Seleção de Feature: rbf_sampler, Scaler: None, Fold: 0 - Exception: Negative values in data passed to MultinomialNB (input X)",No using Simple Imputer,No using One Hot,0.0012514591217041016,0.00010371208190917969
algerian_forest_fires_46279,simpleimputer,onehot,rbf_sampler,,MultinomialNB(),1,,"Erro na combinação 2002 - Imputer: simpleimputer, Categorização: onehot, Seleção de Feature: rbf_sampler, Scaler: None, Fold: 1 - Exception: Negative values in data passed to MultinomialNB (input X)",No using Simple Imputer,No using One Hot,0.0012514591217041016,0.00010371208190917969
algerian_forest_fires_46279,simpleimputer,onehot,rbf_sampler,,MultinomialNB(),2,,"Erro na combinação 2003 - Imputer: simpleimputer, Categorização: onehot, Seleção de Feature: rbf_sampler, Scaler: None, Fold: 2 - Exception: Negative values in data passed to MultinomialNB (input X)",No using Simple Imputer,No using One Hot,0.0012514591217041016,0.00010371208190917969
algerian_forest_fires_46279,simpleimputer,onehot,rbf_sampler,,MultinomialNB(),3,,"Erro na combinação 2004 - Imputer: simpleimputer, Categorização: onehot, Seleção de Feature: rbf_sampler, Scaler: None, Fold: 3 - Exception: Negative values in data passed to MultinomialNB (input X)",No using Simple Imputer,No using One Hot,0.0012514591217041016,0.00010371208190917969
algerian_forest_fires_46279,simpleimputer,onehot,rbf_sampler,,MultinomialNB(),4,,"Erro na combinação 2005 - Imputer: simpleimputer, Categorização: onehot, Seleção de Feature: rbf_sampler, Scaler: None, Fold: 4 - Exception: Negative values in data passed to MultinomialNB (input X)",No using Simple Imputer,No using One Hot,0.0012514591217041016,0.00010371208190917969
algerian_forest_fires_46279,simpleimputer,onehot,random_trees_embedding,,MultinomialNB(),0,0.8979591836734694,,No using Simple Imputer,No using One Hot,0.001992464065551758,0.00015878677368164062
algerian_forest_fires_46279,simpleimputer,onehot,random_trees_embedding,,MultinomialNB(),1,0.9387755102040817,,No using Simple Imputer,No using One Hot,0.0014624595642089844,0.0001361370086669922
algerian_forest_fires_46279,simpleimputer,onehot,random_trees_embedding,,MultinomialNB(),2,0.9183673469387755,,No using Simple Imputer,No using One Hot,0.0014729499816894531,0.00015997886657714844
algerian_forest_fires_46279,simpleimputer,onehot,random_trees_embedding,,MultinomialNB(),3,0.9583333333333334,,No using Simple Imputer,No using One Hot,0.0014727115631103516,0.0001571178436279297
algerian_forest_fires_46279,simpleimputer,onehot,random_trees_embedding,,MultinomialNB(),4,0.9791666666666666,,No using Simple Imputer,No using One Hot,0.001392364501953125,0.00013399124145507812
algerian_forest_fires_46279,simpleimputer,onehot,feature_agglomeration,,MultinomialNB(),0,0.8367346938775511,,No using Simple Imputer,No using One Hot,0.0012731552124023438,9.655952453613281e-05
algerian_forest_fires_46279,simpleimputer,onehot,feature_agglomeration,,MultinomialNB(),1,0.7755102040816326,,No using Simple Imputer,No using One Hot,0.001363992691040039,0.00010132789611816406
algerian_forest_fires_46279,simpleimputer,onehot,feature_agglomeration,,MultinomialNB(),2,0.7959183673469388,,No using Simple Imputer,No using One Hot,0.001262664794921875,9.703636169433594e-05
algerian_forest_fires_46279,simpleimputer,onehot,feature_agglomeration,,MultinomialNB(),3,0.8125,,No using Simple Imputer,No using One Hot,0.0013129711151123047,9.632110595703125e-05
algerian_forest_fires_46279,simpleimputer,onehot,feature_agglomeration,,MultinomialNB(),4,0.8541666666666666,,No using Simple Imputer,No using One Hot,0.0012829303741455078,9.679794311523438e-05
algerian_forest_fires_46279,simpleimputer,onehot,extra_tree,,MultinomialNB(),0,0.8571428571428571,,No using Simple Imputer,No using One Hot,0.0012714862823486328,0.00012111663818359375
algerian_forest_fires_46279,simpleimputer,onehot,extra_tree,,MultinomialNB(),1,0.9183673469387755,,No using Simple Imputer,No using One Hot,0.0013751983642578125,0.00010633468627929688
algerian_forest_fires_46279,simpleimputer,onehot,extra_tree,,MultinomialNB(),2,0.8367346938775511,,No using Simple Imputer,No using One Hot,0.0013115406036376953,0.00012111663818359375
algerian_forest_fires_46279,simpleimputer,onehot,extra_tree,,MultinomialNB(),3,0.9166666666666666,,No using Simple Imputer,No using One Hot,0.0013904571533203125,0.00010061264038085938
algerian_forest_fires_46279,simpleimputer,onehot,extra_tree,,MultinomialNB(),4,0.9583333333333334,,No using Simple Imputer,No using One Hot,0.0012586116790771484,9.703636169433594e-05
algerian_forest_fires_46279,simpleimputer,onehot,linear_svc,,MultinomialNB(),0,0.8775510204081632,,No using Simple Imputer,No using One Hot,0.001341104507446289,9.942054748535156e-05
algerian_forest_fires_46279,simpleimputer,onehot,linear_svc,,MultinomialNB(),1,0.9795918367346939,,No using Simple Imputer,No using One Hot,0.0013194084167480469,9.846687316894531e-05
algerian_forest_fires_46279,simpleimputer,onehot,linear_svc,,MultinomialNB(),2,0.9591836734693877,,No using Simple Imputer,No using One Hot,0.0012021064758300781,0.00012302398681640625
algerian_forest_fires_46279,simpleimputer,onehot,linear_svc,,MultinomialNB(),3,0.9583333333333334,,No using Simple Imputer,No using One Hot,0.0013997554779052734,0.00013017654418945312
algerian_forest_fires_46279,simpleimputer,onehot,linear_svc,,MultinomialNB(),4,0.9583333333333334,,No using Simple Imputer,No using One Hot,0.0012867450714111328,0.00011968612670898438
algerian_forest_fires_46279,simpleimputer,onehot,kernel_pca,,MultinomialNB(),0,,"Erro na combinação 2026 - Imputer: simpleimputer, Categorização: onehot, Seleção de Feature: kernel_pca, Scaler: None, Fold: 0 - Exception: Negative values in data passed to MultinomialNB (input X)",No using Simple Imputer,No using One Hot,0.0012867450714111328,0.00011968612670898438
algerian_forest_fires_46279,simpleimputer,onehot,kernel_pca,,MultinomialNB(),1,,"Erro na combinação 2027 - Imputer: simpleimputer, Categorização: onehot, Seleção de Feature: kernel_pca, Scaler: None, Fold: 1 - Exception: Negative values in data passed to MultinomialNB (input X)",No using Simple Imputer,No using One Hot,0.0012867450714111328,0.00011968612670898438
algerian_forest_fires_46279,simpleimputer,onehot,kernel_pca,,MultinomialNB(),2,,"Erro na combinação 2028 - Imputer: simpleimputer, Categorização: onehot, Seleção de Feature: kernel_pca, Scaler: None, Fold: 2 - Exception: Negative values in data passed to MultinomialNB (input X)",No using Simple Imputer,No using One Hot,0.0012867450714111328,0.00011968612670898438
algerian_forest_fires_46279,simpleimputer,onehot,kernel_pca,,MultinomialNB(),3,,"Erro na combinação 2029 - Imputer: simpleimputer, Categorização: onehot, Seleção de Feature: kernel_pca, Scaler: None, Fold: 3 - Exception: Negative values in data passed to MultinomialNB (input X)",No using Simple Imputer,No using One Hot,0.0012867450714111328,0.00011968612670898438
algerian_forest_fires_46279,simpleimputer,onehot,kernel_pca,,MultinomialNB(),4,,"Erro na combinação 2030 - Imputer: simpleimputer, Categorização: onehot, Seleção de Feature: kernel_pca, Scaler: None, Fold: 4 - Exception: Negative values in data passed to MultinomialNB (input X)",No using Simple Imputer,No using One Hot,0.0012867450714111328,0.00011968612670898438
algerian_forest_fires_46279,simpleimputer,onehot,,standard,MultinomialNB(),0,,"Erro na combinação 2031 - Imputer: simpleimputer, Categorização: onehot, Seleção de Feature: None, Scaler: standard, Fold: 0 - Exception: Negative values in data passed to MultinomialNB (input X)",No using Simple Imputer,No using One Hot,0.0012867450714111328,0.00011968612670898438
algerian_forest_fires_46279,simpleimputer,onehot,,standard,MultinomialNB(),1,,"Erro na combinação 2032 - Imputer: simpleimputer, Categorização: onehot, Seleção de Feature: None, Scaler: standard, Fold: 1 - Exception: Negative values in data passed to MultinomialNB (input X)",No using Simple Imputer,No using One Hot,0.0012867450714111328,0.00011968612670898438
algerian_forest_fires_46279,simpleimputer,onehot,,standard,MultinomialNB(),2,,"Erro na combinação 2033 - Imputer: simpleimputer, Categorização: onehot, Seleção de Feature: None, Scaler: standard, Fold: 2 - Exception: Negative values in data passed to MultinomialNB (input X)",No using Simple Imputer,No using One Hot,0.0012867450714111328,0.00011968612670898438
algerian_forest_fires_46279,simpleimputer,onehot,,standard,MultinomialNB(),3,,"Erro na combinação 2034 - Imputer: simpleimputer, Categorização: onehot, Seleção de Feature: None, Scaler: standard, Fold: 3 - Exception: Negative values in data passed to MultinomialNB (input X)",No using Simple Imputer,No using One Hot,0.0012867450714111328,0.00011968612670898438
algerian_forest_fires_46279,simpleimputer,onehot,,standard,MultinomialNB(),4,,"Erro na combinação 2035 - Imputer: simpleimputer, Categorização: onehot, Seleção de Feature: None, Scaler: standard, Fold: 4 - Exception: Negative values in data passed to MultinomialNB (input X)",No using Simple Imputer,No using One Hot,0.0012867450714111328,0.00011968612670898438
algerian_forest_fires_46279,simpleimputer,onehot,pca,standard,MultinomialNB(),0,,"Erro na combinação 2036 - Imputer: simpleimputer, Categorização: onehot, Seleção de Feature: pca, Scaler: standard, Fold: 0 - Exception: Negative values in data passed to MultinomialNB (input X)",No using Simple Imputer,No using One Hot,0.0012867450714111328,0.00011968612670898438
algerian_forest_fires_46279,simpleimputer,onehot,pca,standard,MultinomialNB(),1,,"Erro na combinação 2037 - Imputer: simpleimputer, Categorização: onehot, Seleção de Feature: pca, Scaler: standard, Fold: 1 - Exception: Negative values in data passed to MultinomialNB (input X)",No using Simple Imputer,No using One Hot,0.0012867450714111328,0.00011968612670898438
algerian_forest_fires_46279,simpleimputer,onehot,pca,standard,MultinomialNB(),2,,"Erro na combinação 2038 - Imputer: simpleimputer, Categorização: onehot, Seleção de Feature: pca, Scaler: standard, Fold: 2 - Exception: Negative values in data passed to MultinomialNB (input X)",No using Simple Imputer,No using One Hot,0.0012867450714111328,0.00011968612670898438
algerian_forest_fires_46279,simpleimputer,onehot,pca,standard,MultinomialNB(),3,,"Erro na combinação 2039 - Imputer: simpleimputer, Categorização: onehot, Seleção de Feature: pca, Scaler: standard, Fold: 3 - Exception: Negative values in data passed to MultinomialNB (input X)",No using Simple Imputer,No using One Hot,0.0012867450714111328,0.00011968612670898438
algerian_forest_fires_46279,simpleimputer,onehot,pca,standard,MultinomialNB(),4,,"Erro na combinação 2040 - Imputer: simpleimputer, Categorização: onehot, Seleção de Feature: pca, Scaler: standard, Fold: 4 - Exception: Negative values in data passed to MultinomialNB (input X)",No using Simple Imputer,No using One Hot,0.0012867450714111328,0.00011968612670898438
algerian_forest_fires_46279,simpleimputer,onehot,fastica,standard,MultinomialNB(),0,,"Erro na combinação 2041 - Imputer: simpleimputer, Categorização: onehot, Seleção de Feature: fastica, Scaler: standard, Fold: 0 - Exception: Negative values in data passed to MultinomialNB (input X)",No using Simple Imputer,No using One Hot,0.0012867450714111328,0.00011968612670898438
algerian_forest_fires_46279,simpleimputer,onehot,fastica,standard,MultinomialNB(),1,,"Erro na combinação 2042 - Imputer: simpleimputer, Categorização: onehot, Seleção de Feature: fastica, Scaler: standard, Fold: 1 - Exception: Negative values in data passed to MultinomialNB (input X)",No using Simple Imputer,No using One Hot,0.0012867450714111328,0.00011968612670898438
algerian_forest_fires_46279,simpleimputer,onehot,fastica,standard,MultinomialNB(),2,,"Erro na combinação 2043 - Imputer: simpleimputer, Categorização: onehot, Seleção de Feature: fastica, Scaler: standard, Fold: 2 - Exception: Negative values in data passed to MultinomialNB (input X)",No using Simple Imputer,No using One Hot,0.0012867450714111328,0.00011968612670898438
algerian_forest_fires_46279,simpleimputer,onehot,fastica,standard,MultinomialNB(),3,,"Erro na combinação 2044 - Imputer: simpleimputer, Categorização: onehot, Seleção de Feature: fastica, Scaler: standard, Fold: 3 - Exception: Negative values in data passed to MultinomialNB (input X)",No using Simple Imputer,No using One Hot,0.0012867450714111328,0.00011968612670898438
algerian_forest_fires_46279,simpleimputer,onehot,fastica,standard,MultinomialNB(),4,,"Erro na combinação 2045 - Imputer: simpleimputer, Categorização: onehot, Seleção de Feature: fastica, Scaler: standard, Fold: 4 - Exception: Negative values in data passed to MultinomialNB (input X)",No using Simple Imputer,No using One Hot,0.0012867450714111328,0.00011968612670898438
algerian_forest_fires_46279,simpleimputer,onehot,truncated_svd,standard,MultinomialNB(),0,,"Erro na combinação 2046 - Imputer: simpleimputer, Categorização: onehot, Seleção de Feature: truncated_svd, Scaler: standard, Fold: 0 - Exception: Negative values in data passed to MultinomialNB (input X)",No using Simple Imputer,No using One Hot,0.0012867450714111328,0.00011968612670898438
algerian_forest_fires_46279,simpleimputer,onehot,truncated_svd,standard,MultinomialNB(),1,,"Erro na combinação 2047 - Imputer: simpleimputer, Categorização: onehot, Seleção de Feature: truncated_svd, Scaler: standard, Fold: 1 - Exception: Negative values in data passed to MultinomialNB (input X)",No using Simple Imputer,No using One Hot,0.0012867450714111328,0.00011968612670898438
algerian_forest_fires_46279,simpleimputer,onehot,truncated_svd,standard,MultinomialNB(),2,,"Erro na combinação 2048 - Imputer: simpleimputer, Categorização: onehot, Seleção de Feature: truncated_svd, Scaler: standard, Fold: 2 - Exception: Negative values in data passed to MultinomialNB (input X)",No using Simple Imputer,No using One Hot,0.0012867450714111328,0.00011968612670898438
algerian_forest_fires_46279,simpleimputer,onehot,truncated_svd,standard,MultinomialNB(),3,,"Erro na combinação 2049 - Imputer: simpleimputer, Categorização: onehot, Seleção de Feature: truncated_svd, Scaler: standard, Fold: 3 - Exception: Negative values in data passed to MultinomialNB (input X)",No using Simple Imputer,No using One Hot,0.0012867450714111328,0.00011968612670898438
algerian_forest_fires_46279,simpleimputer,onehot,truncated_svd,standard,MultinomialNB(),4,,"Erro na combinação 2050 - Imputer: simpleimputer, Categorização: onehot, Seleção de Feature: truncated_svd, Scaler: standard, Fold: 4 - Exception: Negative values in data passed to MultinomialNB (input X)",No using Simple Imputer,No using One Hot,0.0012867450714111328,0.00011968612670898438
algerian_forest_fires_46279,simpleimputer,onehot,select_percentile,standard,MultinomialNB(),0,,"Erro na combinação 2051 - Imputer: simpleimputer, Categorização: onehot, Seleção de Feature: select_percentile, Scaler: standard, Fold: 0 - Exception: Negative values in data passed to MultinomialNB (input X)",No using Simple Imputer,No using One Hot,0.0012867450714111328,0.00011968612670898438
algerian_forest_fires_46279,simpleimputer,onehot,select_percentile,standard,MultinomialNB(),1,,"Erro na combinação 2052 - Imputer: simpleimputer, Categorização: onehot, Seleção de Feature: select_percentile, Scaler: standard, Fold: 1 - Exception: Negative values in data passed to MultinomialNB (input X)",No using Simple Imputer,No using One Hot,0.0012867450714111328,0.00011968612670898438
algerian_forest_fires_46279,simpleimputer,onehot,select_percentile,standard,MultinomialNB(),2,,"Erro na combinação 2053 - Imputer: simpleimputer, Categorização: onehot, Seleção de Feature: select_percentile, Scaler: standard, Fold: 2 - Exception: Negative values in data passed to MultinomialNB (input X)",No using Simple Imputer,No using One Hot,0.0012867450714111328,0.00011968612670898438
algerian_forest_fires_46279,simpleimputer,onehot,select_percentile,standard,MultinomialNB(),3,,"Erro na combinação 2054 - Imputer: simpleimputer, Categorização: onehot, Seleção de Feature: select_percentile, Scaler: standard, Fold: 3 - Exception: Negative values in data passed to MultinomialNB (input X)",No using Simple Imputer,No using One Hot,0.0012867450714111328,0.00011968612670898438
algerian_forest_fires_46279,simpleimputer,onehot,select_percentile,standard,MultinomialNB(),4,,"Erro na combinação 2055 - Imputer: simpleimputer, Categorização: onehot, Seleção de Feature: select_percentile, Scaler: standard, Fold: 4 - Exception: Negative values in data passed to MultinomialNB (input X)",No using Simple Imputer,No using One Hot,0.0012867450714111328,0.00011968612670898438
algerian_forest_fires_46279,simpleimputer,onehot,generic_univariate,standard,MultinomialNB(),0,,"Erro na combinação 2056 - Imputer: simpleimputer, Categorização: onehot, Seleção de Feature: generic_univariate, Scaler: standard, Fold: 0 - Exception: Negative values in data passed to MultinomialNB (input X)",No using Simple Imputer,No using One Hot,0.0012867450714111328,0.00011968612670898438
algerian_forest_fires_46279,simpleimputer,onehot,generic_univariate,standard,MultinomialNB(),1,,"Erro na combinação 2057 - Imputer: simpleimputer, Categorização: onehot, Seleção de Feature: generic_univariate, Scaler: standard, Fold: 1 - Exception: Negative values in data passed to MultinomialNB (input X)",No using Simple Imputer,No using One Hot,0.0012867450714111328,0.00011968612670898438
algerian_forest_fires_46279,simpleimputer,onehot,generic_univariate,standard,MultinomialNB(),2,,"Erro na combinação 2058 - Imputer: simpleimputer, Categorização: onehot, Seleção de Feature: generic_univariate, Scaler: standard, Fold: 2 - Exception: Negative values in data passed to MultinomialNB (input X)",No using Simple Imputer,No using One Hot,0.0012867450714111328,0.00011968612670898438
algerian_forest_fires_46279,simpleimputer,onehot,generic_univariate,standard,MultinomialNB(),3,,"Erro na combinação 2059 - Imputer: simpleimputer, Categorização: onehot, Seleção de Feature: generic_univariate, Scaler: standard, Fold: 3 - Exception: Negative values in data passed to MultinomialNB (input X)",No using Simple Imputer,No using One Hot,0.0012867450714111328,0.00011968612670898438
algerian_forest_fires_46279,simpleimputer,onehot,generic_univariate,standard,MultinomialNB(),4,,"Erro na combinação 2060 - Imputer: simpleimputer, Categorização: onehot, Seleção de Feature: generic_univariate, Scaler: standard, Fold: 4 - Exception: Negative values in data passed to MultinomialNB (input X)",No using Simple Imputer,No using One Hot,0.0012867450714111328,0.00011968612670898438
algerian_forest_fires_46279,simpleimputer,onehot,polynomial_features,standard,MultinomialNB(),0,,"Erro na combinação 2061 - Imputer: simpleimputer, Categorização: onehot, Seleção de Feature: polynomial_features, Scaler: standard, Fold: 0 - Exception: Negative values in data passed to MultinomialNB (input X)",No using Simple Imputer,No using One Hot,0.0012867450714111328,0.00011968612670898438
algerian_forest_fires_46279,simpleimputer,onehot,polynomial_features,standard,MultinomialNB(),1,,"Erro na combinação 2062 - Imputer: simpleimputer, Categorização: onehot, Seleção de Feature: polynomial_features, Scaler: standard, Fold: 1 - Exception: Negative values in data passed to MultinomialNB (input X)",No using Simple Imputer,No using One Hot,0.0012867450714111328,0.00011968612670898438
algerian_forest_fires_46279,simpleimputer,onehot,polynomial_features,standard,MultinomialNB(),2,,"Erro na combinação 2063 - Imputer: simpleimputer, Categorização: onehot, Seleção de Feature: polynomial_features, Scaler: standard, Fold: 2 - Exception: Negative values in data passed to MultinomialNB (input X)",No using Simple Imputer,No using One Hot,0.0012867450714111328,0.00011968612670898438
algerian_forest_fires_46279,simpleimputer,onehot,polynomial_features,standard,MultinomialNB(),3,,"Erro na combinação 2064 - Imputer: simpleimputer, Categorização: onehot, Seleção de Feature: polynomial_features, Scaler: standard, Fold: 3 - Exception: Negative values in data passed to MultinomialNB (input X)",No using Simple Imputer,No using One Hot,0.0012867450714111328,0.00011968612670898438
algerian_forest_fires_46279,simpleimputer,onehot,polynomial_features,standard,MultinomialNB(),4,,"Erro na combinação 2065 - Imputer: simpleimputer, Categorização: onehot, Seleção de Feature: polynomial_features, Scaler: standard, Fold: 4 - Exception: Negative values in data passed to MultinomialNB (input X)",No using Simple Imputer,No using One Hot,0.0012867450714111328,0.00011968612670898438
algerian_forest_fires_46279,simpleimputer,onehot,nystroem,standard,MultinomialNB(),0,,"Erro na combinação 2066 - Imputer: simpleimputer, Categorização: onehot, Seleção de Feature: nystroem, Scaler: standard, Fold: 0 - Exception: Negative values in data passed to MultinomialNB (input X)",No using Simple Imputer,No using One Hot,0.0012867450714111328,0.00011968612670898438
algerian_forest_fires_46279,simpleimputer,onehot,nystroem,standard,MultinomialNB(),1,,"Erro na combinação 2067 - Imputer: simpleimputer, Categorização: onehot, Seleção de Feature: nystroem, Scaler: standard, Fold: 1 - Exception: Negative values in data passed to MultinomialNB (input X)",No using Simple Imputer,No using One Hot,0.0012867450714111328,0.00011968612670898438
algerian_forest_fires_46279,simpleimputer,onehot,nystroem,standard,MultinomialNB(),2,,"Erro na combinação 2068 - Imputer: simpleimputer, Categorização: onehot, Seleção de Feature: nystroem, Scaler: standard, Fold: 2 - Exception: Negative values in data passed to MultinomialNB (input X)",No using Simple Imputer,No using One Hot,0.0012867450714111328,0.00011968612670898438
algerian_forest_fires_46279,simpleimputer,onehot,nystroem,standard,MultinomialNB(),3,,"Erro na combinação 2069 - Imputer: simpleimputer, Categorização: onehot, Seleção de Feature: nystroem, Scaler: standard, Fold: 3 - Exception: Negative values in data passed to MultinomialNB (input X)",No using Simple Imputer,No using One Hot,0.0012867450714111328,0.00011968612670898438
algerian_forest_fires_46279,simpleimputer,onehot,nystroem,standard,MultinomialNB(),4,,"Erro na combinação 2070 - Imputer: simpleimputer, Categorização: onehot, Seleção de Feature: nystroem, Scaler: standard, Fold: 4 - Exception: Negative values in data passed to MultinomialNB (input X)",No using Simple Imputer,No using One Hot,0.0012867450714111328,0.00011968612670898438
algerian_forest_fires_46279,simpleimputer,onehot,rbf_sampler,standard,MultinomialNB(),0,,"Erro na combinação 2071 - Imputer: simpleimputer, Categorização: onehot, Seleção de Feature: rbf_sampler, Scaler: standard, Fold: 0 - Exception: Negative values in data passed to MultinomialNB (input X)",No using Simple Imputer,No using One Hot,0.0012867450714111328,0.00011968612670898438
algerian_forest_fires_46279,simpleimputer,onehot,rbf_sampler,standard,MultinomialNB(),1,,"Erro na combinação 2072 - Imputer: simpleimputer, Categorização: onehot, Seleção de Feature: rbf_sampler, Scaler: standard, Fold: 1 - Exception: Negative values in data passed to MultinomialNB (input X)",No using Simple Imputer,No using One Hot,0.0012867450714111328,0.00011968612670898438
algerian_forest_fires_46279,simpleimputer,onehot,rbf_sampler,standard,MultinomialNB(),2,,"Erro na combinação 2073 - Imputer: simpleimputer, Categorização: onehot, Seleção de Feature: rbf_sampler, Scaler: standard, Fold: 2 - Exception: Negative values in data passed to MultinomialNB (input X)",No using Simple Imputer,No using One Hot,0.0012867450714111328,0.00011968612670898438
algerian_forest_fires_46279,simpleimputer,onehot,rbf_sampler,standard,MultinomialNB(),3,,"Erro na combinação 2074 - Imputer: simpleimputer, Categorização: onehot, Seleção de Feature: rbf_sampler, Scaler: standard, Fold: 3 - Exception: Negative values in data passed to MultinomialNB (input X)",No using Simple Imputer,No using One Hot,0.0012867450714111328,0.00011968612670898438
algerian_forest_fires_46279,simpleimputer,onehot,rbf_sampler,standard,MultinomialNB(),4,,"Erro na combinação 2075 - Imputer: simpleimputer, Categorização: onehot, Seleção de Feature: rbf_sampler, Scaler: standard, Fold: 4 - Exception: Negative values in data passed to MultinomialNB (input X)",No using Simple Imputer,No using One Hot,0.0012867450714111328,0.00011968612670898438
algerian_forest_fires_46279,simpleimputer,onehot,random_trees_embedding,standard,MultinomialNB(),0,0.8979591836734694,,No using Simple Imputer,No using One Hot,0.0014643669128417969,0.00013589859008789062
algerian_forest_fires_46279,simpleimputer,onehot,random_trees_embedding,standard,MultinomialNB(),1,0.9387755102040817,,No using Simple Imputer,No using One Hot,0.0014088153839111328,0.00015807151794433594
algerian_forest_fires_46279,simpleimputer,onehot,random_trees_embedding,standard,MultinomialNB(),2,0.9183673469387755,,No using Simple Imputer,No using One Hot,0.0014739036560058594,0.00013685226440429688
algerian_forest_fires_46279,simpleimputer,onehot,random_trees_embedding,standard,MultinomialNB(),3,0.9583333333333334,,No using Simple Imputer,No using One Hot,0.0014240741729736328,0.000133514404296875
algerian_forest_fires_46279,simpleimputer,onehot,random_trees_embedding,standard,MultinomialNB(),4,0.9791666666666666,,No using Simple Imputer,No using One Hot,0.0014867782592773438,0.0001361370086669922
algerian_forest_fires_46279,simpleimputer,onehot,feature_agglomeration,standard,MultinomialNB(),0,,"Erro na combinação 2081 - Imputer: simpleimputer, Categorização: onehot, Seleção de Feature: feature_agglomeration, Scaler: standard, Fold: 0 - Exception: Negative values in data passed to MultinomialNB (input X)",No using Simple Imputer,No using One Hot,0.0014867782592773438,0.0001361370086669922
algerian_forest_fires_46279,simpleimputer,onehot,feature_agglomeration,standard,MultinomialNB(),1,,"Erro na combinação 2082 - Imputer: simpleimputer, Categorização: onehot, Seleção de Feature: feature_agglomeration, Scaler: standard, Fold: 1 - Exception: Negative values in data passed to MultinomialNB (input X)",No using Simple Imputer,No using One Hot,0.0014867782592773438,0.0001361370086669922
algerian_forest_fires_46279,simpleimputer,onehot,feature_agglomeration,standard,MultinomialNB(),2,,"Erro na combinação 2083 - Imputer: simpleimputer, Categorização: onehot, Seleção de Feature: feature_agglomeration, Scaler: standard, Fold: 2 - Exception: Negative values in data passed to MultinomialNB (input X)",No using Simple Imputer,No using One Hot,0.0014867782592773438,0.0001361370086669922
algerian_forest_fires_46279,simpleimputer,onehot,feature_agglomeration,standard,MultinomialNB(),3,,"Erro na combinação 2084 - Imputer: simpleimputer, Categorização: onehot, Seleção de Feature: feature_agglomeration, Scaler: standard, Fold: 3 - Exception: Negative values in data passed to MultinomialNB (input X)",No using Simple Imputer,No using One Hot,0.0014867782592773438,0.0001361370086669922
algerian_forest_fires_46279,simpleimputer,onehot,feature_agglomeration,standard,MultinomialNB(),4,,"Erro na combinação 2085 - Imputer: simpleimputer, Categorização: onehot, Seleção de Feature: feature_agglomeration, Scaler: standard, Fold: 4 - Exception: Negative values in data passed to MultinomialNB (input X)",No using Simple Imputer,No using One Hot,0.0014867782592773438,0.0001361370086669922
algerian_forest_fires_46279,simpleimputer,onehot,extra_tree,standard,MultinomialNB(),0,,"Erro na combinação 2086 - Imputer: simpleimputer, Categorização: onehot, Seleção de Feature: extra_tree, Scaler: standard, Fold: 0 - Exception: Negative values in data passed to MultinomialNB (input X)",No using Simple Imputer,No using One Hot,0.0014867782592773438,0.0001361370086669922
algerian_forest_fires_46279,simpleimputer,onehot,extra_tree,standard,MultinomialNB(),1,,"Erro na combinação 2087 - Imputer: simpleimputer, Categorização: onehot, Seleção de Feature: extra_tree, Scaler: standard, Fold: 1 - Exception: Negative values in data passed to MultinomialNB (input X)",No using Simple Imputer,No using One Hot,0.0014867782592773438,0.0001361370086669922
algerian_forest_fires_46279,simpleimputer,onehot,extra_tree,standard,MultinomialNB(),2,,"Erro na combinação 2088 - Imputer: simpleimputer, Categorização: onehot, Seleção de Feature: extra_tree, Scaler: standard, Fold: 2 - Exception: Negative values in data passed to MultinomialNB (input X)",No using Simple Imputer,No using One Hot,0.0014867782592773438,0.0001361370086669922
algerian_forest_fires_46279,simpleimputer,onehot,extra_tree,standard,MultinomialNB(),3,,"Erro na combinação 2089 - Imputer: simpleimputer, Categorização: onehot, Seleção de Feature: extra_tree, Scaler: standard, Fold: 3 - Exception: Negative values in data passed to MultinomialNB (input X)",No using Simple Imputer,No using One Hot,0.0014867782592773438,0.0001361370086669922
algerian_forest_fires_46279,simpleimputer,onehot,extra_tree,standard,MultinomialNB(),4,,"Erro na combinação 2090 - Imputer: simpleimputer, Categorização: onehot, Seleção de Feature: extra_tree, Scaler: standard, Fold: 4 - Exception: Negative values in data passed to MultinomialNB (input X)",No using Simple Imputer,No using One Hot,0.0014867782592773438,0.0001361370086669922
algerian_forest_fires_46279,simpleimputer,onehot,linear_svc,standard,MultinomialNB(),0,,"Erro na combinação 2091 - Imputer: simpleimputer, Categorização: onehot, Seleção de Feature: linear_svc, Scaler: standard, Fold: 0 - Exception: Negative values in data passed to MultinomialNB (input X)",No using Simple Imputer,No using One Hot,0.0014867782592773438,0.0001361370086669922
algerian_forest_fires_46279,simpleimputer,onehot,linear_svc,standard,MultinomialNB(),1,,"Erro na combinação 2092 - Imputer: simpleimputer, Categorização: onehot, Seleção de Feature: linear_svc, Scaler: standard, Fold: 1 - Exception: Negative values in data passed to MultinomialNB (input X)",No using Simple Imputer,No using One Hot,0.0014867782592773438,0.0001361370086669922
algerian_forest_fires_46279,simpleimputer,onehot,linear_svc,standard,MultinomialNB(),2,,"Erro na combinação 2093 - Imputer: simpleimputer, Categorização: onehot, Seleção de Feature: linear_svc, Scaler: standard, Fold: 2 - Exception: Negative values in data passed to MultinomialNB (input X)",No using Simple Imputer,No using One Hot,0.0014867782592773438,0.0001361370086669922
algerian_forest_fires_46279,simpleimputer,onehot,linear_svc,standard,MultinomialNB(),3,,"Erro na combinação 2094 - Imputer: simpleimputer, Categorização: onehot, Seleção de Feature: linear_svc, Scaler: standard, Fold: 3 - Exception: Negative values in data passed to MultinomialNB (input X)",No using Simple Imputer,No using One Hot,0.0014867782592773438,0.0001361370086669922
algerian_forest_fires_46279,simpleimputer,onehot,linear_svc,standard,MultinomialNB(),4,,"Erro na combinação 2095 - Imputer: simpleimputer, Categorização: onehot, Seleção de Feature: linear_svc, Scaler: standard, Fold: 4 - Exception: Negative values in data passed to MultinomialNB (input X)",No using Simple Imputer,No using One Hot,0.0014867782592773438,0.0001361370086669922
algerian_forest_fires_46279,simpleimputer,onehot,kernel_pca,standard,MultinomialNB(),0,,"Erro na combinação 2096 - Imputer: simpleimputer, Categorização: onehot, Seleção de Feature: kernel_pca, Scaler: standard, Fold: 0 - Exception: Negative values in data passed to MultinomialNB (input X)",No using Simple Imputer,No using One Hot,0.0014867782592773438,0.0001361370086669922
algerian_forest_fires_46279,simpleimputer,onehot,kernel_pca,standard,MultinomialNB(),1,,"Erro na combinação 2097 - Imputer: simpleimputer, Categorização: onehot, Seleção de Feature: kernel_pca, Scaler: standard, Fold: 1 - Exception: Negative values in data passed to MultinomialNB (input X)",No using Simple Imputer,No using One Hot,0.0014867782592773438,0.0001361370086669922
algerian_forest_fires_46279,simpleimputer,onehot,kernel_pca,standard,MultinomialNB(),2,,"Erro na combinação 2098 - Imputer: simpleimputer, Categorização: onehot, Seleção de Feature: kernel_pca, Scaler: standard, Fold: 2 - Exception: Negative values in data passed to MultinomialNB (input X)",No using Simple Imputer,No using One Hot,0.0014867782592773438,0.0001361370086669922
algerian_forest_fires_46279,simpleimputer,onehot,kernel_pca,standard,MultinomialNB(),3,,"Erro na combinação 2099 - Imputer: simpleimputer, Categorização: onehot, Seleção de Feature: kernel_pca, Scaler: standard, Fold: 3 - Exception: Negative values in data passed to MultinomialNB (input X)",No using Simple Imputer,No using One Hot,0.0014867782592773438,0.0001361370086669922
algerian_forest_fires_46279,simpleimputer,onehot,kernel_pca,standard,MultinomialNB(),4,,"Erro na combinação 2100 - Imputer: simpleimputer, Categorização: onehot, Seleção de Feature: kernel_pca, Scaler: standard, Fold: 4 - Exception: Negative values in data passed to MultinomialNB (input X)",No using Simple Imputer,No using One Hot,0.0014867782592773438,0.0001361370086669922
algerian_forest_fires_46279,simpleimputer,onehot,,minmax,MultinomialNB(),0,0.8571428571428571,,No using Simple Imputer,No using One Hot,0.0041315555572509766,0.00020074844360351562
algerian_forest_fires_46279,simpleimputer,onehot,,minmax,MultinomialNB(),1,0.8571428571428571,,No using Simple Imputer,No using One Hot,0.0013856887817382812,0.00010657310485839844
algerian_forest_fires_46279,simpleimputer,onehot,,minmax,MultinomialNB(),2,0.9183673469387755,,No using Simple Imputer,No using One Hot,0.0013480186462402344,0.00010657310485839844
algerian_forest_fires_46279,simpleimputer,onehot,,minmax,MultinomialNB(),3,0.9166666666666666,,No using Simple Imputer,No using One Hot,0.0013344287872314453,0.00010538101196289062
algerian_forest_fires_46279,simpleimputer,onehot,,minmax,MultinomialNB(),4,0.8958333333333334,,No using Simple Imputer,No using One Hot,0.0013275146484375,0.00010371208190917969
algerian_forest_fires_46279,simpleimputer,onehot,pca,minmax,MultinomialNB(),0,,"Erro na combinação 2106 - Imputer: simpleimputer, Categorização: onehot, Seleção de Feature: pca, Scaler: minmax, Fold: 0 - Exception: Negative values in data passed to MultinomialNB (input X)",No using Simple Imputer,No using One Hot,0.0013275146484375,0.00010371208190917969
algerian_forest_fires_46279,simpleimputer,onehot,pca,minmax,MultinomialNB(),1,,"Erro na combinação 2107 - Imputer: simpleimputer, Categorização: onehot, Seleção de Feature: pca, Scaler: minmax, Fold: 1 - Exception: Negative values in data passed to MultinomialNB (input X)",No using Simple Imputer,No using One Hot,0.0013275146484375,0.00010371208190917969
algerian_forest_fires_46279,simpleimputer,onehot,pca,minmax,MultinomialNB(),2,,"Erro na combinação 2108 - Imputer: simpleimputer, Categorização: onehot, Seleção de Feature: pca, Scaler: minmax, Fold: 2 - Exception: Negative values in data passed to MultinomialNB (input X)",No using Simple Imputer,No using One Hot,0.0013275146484375,0.00010371208190917969
algerian_forest_fires_46279,simpleimputer,onehot,pca,minmax,MultinomialNB(),3,,"Erro na combinação 2109 - Imputer: simpleimputer, Categorização: onehot, Seleção de Feature: pca, Scaler: minmax, Fold: 3 - Exception: Negative values in data passed to MultinomialNB (input X)",No using Simple Imputer,No using One Hot,0.0013275146484375,0.00010371208190917969
algerian_forest_fires_46279,simpleimputer,onehot,pca,minmax,MultinomialNB(),4,,"Erro na combinação 2110 - Imputer: simpleimputer, Categorização: onehot, Seleção de Feature: pca, Scaler: minmax, Fold: 4 - Exception: Negative values in data passed to MultinomialNB (input X)",No using Simple Imputer,No using One Hot,0.0013275146484375,0.00010371208190917969
algerian_forest_fires_46279,simpleimputer,onehot,fastica,minmax,MultinomialNB(),0,,"Erro na combinação 2111 - Imputer: simpleimputer, Categorização: onehot, Seleção de Feature: fastica, Scaler: minmax, Fold: 0 - Exception: Negative values in data passed to MultinomialNB (input X)",No using Simple Imputer,No using One Hot,0.0013275146484375,0.00010371208190917969
algerian_forest_fires_46279,simpleimputer,onehot,fastica,minmax,MultinomialNB(),1,,"Erro na combinação 2112 - Imputer: simpleimputer, Categorização: onehot, Seleção de Feature: fastica, Scaler: minmax, Fold: 1 - Exception: Negative values in data passed to MultinomialNB (input X)",No using Simple Imputer,No using One Hot,0.0013275146484375,0.00010371208190917969
algerian_forest_fires_46279,simpleimputer,onehot,fastica,minmax,MultinomialNB(),2,,"Erro na combinação 2113 - Imputer: simpleimputer, Categorização: onehot, Seleção de Feature: fastica, Scaler: minmax, Fold: 2 - Exception: Negative values in data passed to MultinomialNB (input X)",No using Simple Imputer,No using One Hot,0.0013275146484375,0.00010371208190917969
algerian_forest_fires_46279,simpleimputer,onehot,fastica,minmax,MultinomialNB(),3,,"Erro na combinação 2114 - Imputer: simpleimputer, Categorização: onehot, Seleção de Feature: fastica, Scaler: minmax, Fold: 3 - Exception: Negative values in data passed to MultinomialNB (input X)",No using Simple Imputer,No using One Hot,0.0013275146484375,0.00010371208190917969
algerian_forest_fires_46279,simpleimputer,onehot,fastica,minmax,MultinomialNB(),4,,"Erro na combinação 2115 - Imputer: simpleimputer, Categorização: onehot, Seleção de Feature: fastica, Scaler: minmax, Fold: 4 - Exception: Negative values in data passed to MultinomialNB (input X)",No using Simple Imputer,No using One Hot,0.0013275146484375,0.00010371208190917969
algerian_forest_fires_46279,simpleimputer,onehot,truncated_svd,minmax,MultinomialNB(),0,,"Erro na combinação 2116 - Imputer: simpleimputer, Categorização: onehot, Seleção de Feature: truncated_svd, Scaler: minmax, Fold: 0 - Exception: Negative values in data passed to MultinomialNB (input X)",No using Simple Imputer,No using One Hot,0.0013275146484375,0.00010371208190917969
algerian_forest_fires_46279,simpleimputer,onehot,truncated_svd,minmax,MultinomialNB(),1,,"Erro na combinação 2117 - Imputer: simpleimputer, Categorização: onehot, Seleção de Feature: truncated_svd, Scaler: minmax, Fold: 1 - Exception: Negative values in data passed to MultinomialNB (input X)",No using Simple Imputer,No using One Hot,0.0013275146484375,0.00010371208190917969
algerian_forest_fires_46279,simpleimputer,onehot,truncated_svd,minmax,MultinomialNB(),2,,"Erro na combinação 2118 - Imputer: simpleimputer, Categorização: onehot, Seleção de Feature: truncated_svd, Scaler: minmax, Fold: 2 - Exception: Negative values in data passed to MultinomialNB (input X)",No using Simple Imputer,No using One Hot,0.0013275146484375,0.00010371208190917969
algerian_forest_fires_46279,simpleimputer,onehot,truncated_svd,minmax,MultinomialNB(),3,,"Erro na combinação 2119 - Imputer: simpleimputer, Categorização: onehot, Seleção de Feature: truncated_svd, Scaler: minmax, Fold: 3 - Exception: Negative values in data passed to MultinomialNB (input X)",No using Simple Imputer,No using One Hot,0.0013275146484375,0.00010371208190917969
algerian_forest_fires_46279,simpleimputer,onehot,truncated_svd,minmax,MultinomialNB(),4,,"Erro na combinação 2120 - Imputer: simpleimputer, Categorização: onehot, Seleção de Feature: truncated_svd, Scaler: minmax, Fold: 4 - Exception: Negative values in data passed to MultinomialNB (input X)",No using Simple Imputer,No using One Hot,0.0013275146484375,0.00010371208190917969
algerian_forest_fires_46279,simpleimputer,onehot,select_percentile,minmax,MultinomialNB(),0,0.5510204081632653,,No using Simple Imputer,No using One Hot,0.0012493133544921875,9.584426879882812e-05
algerian_forest_fires_46279,simpleimputer,onehot,select_percentile,minmax,MultinomialNB(),1,0.5510204081632653,,No using Simple Imputer,No using One Hot,0.0012433528900146484,9.679794311523438e-05
algerian_forest_fires_46279,simpleimputer,onehot,select_percentile,minmax,MultinomialNB(),2,0.5714285714285714,,No using Simple Imputer,No using One Hot,0.0012454986572265625,0.00010037422180175781
algerian_forest_fires_46279,simpleimputer,onehot,select_percentile,minmax,MultinomialNB(),3,0.6041666666666666,,No using Simple Imputer,No using One Hot,0.001268148422241211,9.679794311523438e-05
algerian_forest_fires_46279,simpleimputer,onehot,select_percentile,minmax,MultinomialNB(),4,0.5416666666666666,,No using Simple Imputer,No using One Hot,0.0012331008911132812,9.608268737792969e-05
algerian_forest_fires_46279,simpleimputer,onehot,generic_univariate,minmax,MultinomialNB(),0,0.5510204081632653,,No using Simple Imputer,No using One Hot,0.0012001991271972656,9.226799011230469e-05
algerian_forest_fires_46279,simpleimputer,onehot,generic_univariate,minmax,MultinomialNB(),1,0.5510204081632653,,No using Simple Imputer,No using One Hot,0.0012080669403076172,9.369850158691406e-05
algerian_forest_fires_46279,simpleimputer,onehot,generic_univariate,minmax,MultinomialNB(),2,0.5714285714285714,,No using Simple Imputer,No using One Hot,0.0011985301971435547,0.00010895729064941406
algerian_forest_fires_46279,simpleimputer,onehot,generic_univariate,minmax,MultinomialNB(),3,0.6041666666666666,,No using Simple Imputer,No using One Hot,0.0011734962463378906,9.179115295410156e-05
algerian_forest_fires_46279,simpleimputer,onehot,generic_univariate,minmax,MultinomialNB(),4,0.5416666666666666,,No using Simple Imputer,No using One Hot,0.0012357234954833984,9.560585021972656e-05
algerian_forest_fires_46279,simpleimputer,onehot,polynomial_features,minmax,MultinomialNB(),0,0.8979591836734694,,No using Simple Imputer,No using One Hot,0.0012466907501220703,0.00010561943054199219
algerian_forest_fires_46279,simpleimputer,onehot,polynomial_features,minmax,MultinomialNB(),1,0.9183673469387755,,No using Simple Imputer,No using One Hot,0.0013015270233154297,0.00011444091796875
algerian_forest_fires_46279,simpleimputer,onehot,polynomial_features,minmax,MultinomialNB(),2,0.8775510204081632,,No using Simple Imputer,No using One Hot,0.0012919902801513672,0.0001049041748046875
algerian_forest_fires_46279,simpleimputer,onehot,polynomial_features,minmax,MultinomialNB(),3,0.9375,,No using Simple Imputer,No using One Hot,0.0013089179992675781,0.0001270771026611328
algerian_forest_fires_46279,simpleimputer,onehot,polynomial_features,minmax,MultinomialNB(),4,0.9583333333333334,,No using Simple Imputer,No using One Hot,0.0012249946594238281,0.00010561943054199219
algerian_forest_fires_46279,simpleimputer,onehot,nystroem,minmax,MultinomialNB(),0,0.8163265306122449,,No using Simple Imputer,No using One Hot,0.0015511512756347656,0.00012183189392089844
algerian_forest_fires_46279,simpleimputer,onehot,nystroem,minmax,MultinomialNB(),1,0.8163265306122449,,No using Simple Imputer,No using One Hot,0.0013816356658935547,0.0001125335693359375
algerian_forest_fires_46279,simpleimputer,onehot,nystroem,minmax,MultinomialNB(),2,0.8571428571428571,,No using Simple Imputer,No using One Hot,0.004877805709838867,0.00017905235290527344
algerian_forest_fires_46279,simpleimputer,onehot,nystroem,minmax,MultinomialNB(),3,0.9375,,No using Simple Imputer,No using One Hot,0.0033686161041259766,0.0003235340118408203
algerian_forest_fires_46279,simpleimputer,onehot,nystroem,minmax,MultinomialNB(),4,0.8958333333333334,,No using Simple Imputer,No using One Hot,0.0013990402221679688,0.00015044212341308594
algerian_forest_fires_46279,simpleimputer,onehot,rbf_sampler,minmax,MultinomialNB(),0,,"Erro na combinação 2141 - Imputer: simpleimputer, Categorização: onehot, Seleção de Feature: rbf_sampler, Scaler: minmax, Fold: 0 - Exception: Negative values in data passed to MultinomialNB (input X)",No using Simple Imputer,No using One Hot,0.0013990402221679688,0.00015044212341308594
algerian_forest_fires_46279,simpleimputer,onehot,rbf_sampler,minmax,MultinomialNB(),1,,"Erro na combinação 2142 - Imputer: simpleimputer, Categorização: onehot, Seleção de Feature: rbf_sampler, Scaler: minmax, Fold: 1 - Exception: Negative values in data passed to MultinomialNB (input X)",No using Simple Imputer,No using One Hot,0.0013990402221679688,0.00015044212341308594
algerian_forest_fires_46279,simpleimputer,onehot,rbf_sampler,minmax,MultinomialNB(),2,,"Erro na combinação 2143 - Imputer: simpleimputer, Categorização: onehot, Seleção de Feature: rbf_sampler, Scaler: minmax, Fold: 2 - Exception: Negative values in data passed to MultinomialNB (input X)",No using Simple Imputer,No using One Hot,0.0013990402221679688,0.00015044212341308594
algerian_forest_fires_46279,simpleimputer,onehot,rbf_sampler,minmax,MultinomialNB(),3,,"Erro na combinação 2144 - Imputer: simpleimputer, Categorização: onehot, Seleção de Feature: rbf_sampler, Scaler: minmax, Fold: 3 - Exception: Negative values in data passed to MultinomialNB (input X)",No using Simple Imputer,No using One Hot,0.0013990402221679688,0.00015044212341308594
algerian_forest_fires_46279,simpleimputer,onehot,rbf_sampler,minmax,MultinomialNB(),4,,"Erro na combinação 2145 - Imputer: simpleimputer, Categorização: onehot, Seleção de Feature: rbf_sampler, Scaler: minmax, Fold: 4 - Exception: Negative values in data passed to MultinomialNB (input X)",No using Simple Imputer,No using One Hot,0.0013990402221679688,0.00015044212341308594
algerian_forest_fires_46279,simpleimputer,onehot,random_trees_embedding,minmax,MultinomialNB(),0,0.8979591836734694,,No using Simple Imputer,No using One Hot,0.0015747547149658203,0.00014472007751464844
algerian_forest_fires_46279,simpleimputer,onehot,random_trees_embedding,minmax,MultinomialNB(),1,0.9387755102040817,,No using Simple Imputer,No using One Hot,0.001466989517211914,0.0001361370086669922
algerian_forest_fires_46279,simpleimputer,onehot,random_trees_embedding,minmax,MultinomialNB(),2,0.9183673469387755,,No using Simple Imputer,No using One Hot,0.001482248306274414,0.00015854835510253906
algerian_forest_fires_46279,simpleimputer,onehot,random_trees_embedding,minmax,MultinomialNB(),3,0.9583333333333334,,No using Simple Imputer,No using One Hot,0.0015740394592285156,0.0001468658447265625
algerian_forest_fires_46279,simpleimputer,onehot,random_trees_embedding,minmax,MultinomialNB(),4,0.9791666666666666,,No using Simple Imputer,No using One Hot,0.0015497207641601562,0.00016164779663085938
algerian_forest_fires_46279,simpleimputer,onehot,feature_agglomeration,minmax,MultinomialNB(),0,0.5510204081632653,,No using Simple Imputer,No using One Hot,0.0013232231140136719,9.775161743164062e-05
algerian_forest_fires_46279,simpleimputer,onehot,feature_agglomeration,minmax,MultinomialNB(),1,0.5510204081632653,,No using Simple Imputer,No using One Hot,0.0013511180877685547,9.751319885253906e-05
algerian_forest_fires_46279,simpleimputer,onehot,feature_agglomeration,minmax,MultinomialNB(),2,0.5714285714285714,,No using Simple Imputer,No using One Hot,0.0012500286102294922,0.00011110305786132812
algerian_forest_fires_46279,simpleimputer,onehot,feature_agglomeration,minmax,MultinomialNB(),3,0.6041666666666666,,No using Simple Imputer,No using One Hot,0.0012836456298828125,9.560585021972656e-05
algerian_forest_fires_46279,simpleimputer,onehot,feature_agglomeration,minmax,MultinomialNB(),4,0.5416666666666666,,No using Simple Imputer,No using One Hot,0.001264810562133789,9.632110595703125e-05
algerian_forest_fires_46279,simpleimputer,onehot,extra_tree,minmax,MultinomialNB(),0,0.5510204081632653,,No using Simple Imputer,No using One Hot,0.00128936767578125,9.72747802734375e-05
algerian_forest_fires_46279,simpleimputer,onehot,extra_tree,minmax,MultinomialNB(),1,0.5510204081632653,,No using Simple Imputer,No using One Hot,0.0013146400451660156,9.918212890625e-05
algerian_forest_fires_46279,simpleimputer,onehot,extra_tree,minmax,MultinomialNB(),2,0.5714285714285714,,No using Simple Imputer,No using One Hot,0.0013194084167480469,9.918212890625e-05
algerian_forest_fires_46279,simpleimputer,onehot,extra_tree,minmax,MultinomialNB(),3,0.6041666666666666,,No using Simple Imputer,No using One Hot,0.0013966560363769531,0.00010561943054199219
algerian_forest_fires_46279,simpleimputer,onehot,extra_tree,minmax,MultinomialNB(),4,0.5416666666666666,,No using Simple Imputer,No using One Hot,0.0012776851654052734,9.72747802734375e-05
algerian_forest_fires_46279,simpleimputer,onehot,linear_svc,minmax,MultinomialNB(),0,0.5510204081632653,,No using Simple Imputer,No using One Hot,0.0013401508331298828,9.846687316894531e-05
algerian_forest_fires_46279,simpleimputer,onehot,linear_svc,minmax,MultinomialNB(),1,0.5510204081632653,,No using Simple Imputer,No using One Hot,0.0012607574462890625,0.00012063980102539062
algerian_forest_fires_46279,simpleimputer,onehot,linear_svc,minmax,MultinomialNB(),2,0.7755102040816326,,No using Simple Imputer,No using One Hot,0.0012378692626953125,9.655952453613281e-05
algerian_forest_fires_46279,simpleimputer,onehot,linear_svc,minmax,MultinomialNB(),3,0.6041666666666666,,No using Simple Imputer,No using One Hot,0.0012733936309814453,9.965896606445312e-05
algerian_forest_fires_46279,simpleimputer,onehot,linear_svc,minmax,MultinomialNB(),4,0.5416666666666666,,No using Simple Imputer,No using One Hot,0.0012087821960449219,9.489059448242188e-05
algerian_forest_fires_46279,simpleimputer,onehot,kernel_pca,minmax,MultinomialNB(),0,,"Erro na combinação 2166 - Imputer: simpleimputer, Categorização: onehot, Seleção de Feature: kernel_pca, Scaler: minmax, Fold: 0 - Exception: Negative values in data passed to MultinomialNB (input X)",No using Simple Imputer,No using One Hot,0.0012087821960449219,9.489059448242188e-05
algerian_forest_fires_46279,simpleimputer,onehot,kernel_pca,minmax,MultinomialNB(),1,,"Erro na combinação 2167 - Imputer: simpleimputer, Categorização: onehot, Seleção de Feature: kernel_pca, Scaler: minmax, Fold: 1 - Exception: Negative values in data passed to MultinomialNB (input X)",No using Simple Imputer,No using One Hot,0.0012087821960449219,9.489059448242188e-05
algerian_forest_fires_46279,simpleimputer,onehot,kernel_pca,minmax,MultinomialNB(),2,,"Erro na combinação 2168 - Imputer: simpleimputer, Categorização: onehot, Seleção de Feature: kernel_pca, Scaler: minmax, Fold: 2 - Exception: Negative values in data passed to MultinomialNB (input X)",No using Simple Imputer,No using One Hot,0.0012087821960449219,9.489059448242188e-05
algerian_forest_fires_46279,simpleimputer,onehot,kernel_pca,minmax,MultinomialNB(),3,,"Erro na combinação 2169 - Imputer: simpleimputer, Categorização: onehot, Seleção de Feature: kernel_pca, Scaler: minmax, Fold: 3 - Exception: Negative values in data passed to MultinomialNB (input X)",No using Simple Imputer,No using One Hot,0.0012087821960449219,9.489059448242188e-05
algerian_forest_fires_46279,simpleimputer,onehot,kernel_pca,minmax,MultinomialNB(),4,,"Erro na combinação 2170 - Imputer: simpleimputer, Categorização: onehot, Seleção de Feature: kernel_pca, Scaler: minmax, Fold: 4 - Exception: Negative values in data passed to MultinomialNB (input X)",No using Simple Imputer,No using One Hot,0.0012087821960449219,9.489059448242188e-05
algerian_forest_fires_46279,simpleimputer,onehot,,robust,MultinomialNB(),0,,"Erro na combinação 2171 - Imputer: simpleimputer, Categorização: onehot, Seleção de Feature: None, Scaler: robust, Fold: 0 - Exception: Negative values in data passed to MultinomialNB (input X)",No using Simple Imputer,No using One Hot,0.0012087821960449219,9.489059448242188e-05
algerian_forest_fires_46279,simpleimputer,onehot,,robust,MultinomialNB(),1,,"Erro na combinação 2172 - Imputer: simpleimputer, Categorização: onehot, Seleção de Feature: None, Scaler: robust, Fold: 1 - Exception: Negative values in data passed to MultinomialNB (input X)",No using Simple Imputer,No using One Hot,0.0012087821960449219,9.489059448242188e-05
algerian_forest_fires_46279,simpleimputer,onehot,,robust,MultinomialNB(),2,,"Erro na combinação 2173 - Imputer: simpleimputer, Categorização: onehot, Seleção de Feature: None, Scaler: robust, Fold: 2 - Exception: Negative values in data passed to MultinomialNB (input X)",No using Simple Imputer,No using One Hot,0.0012087821960449219,9.489059448242188e-05
algerian_forest_fires_46279,simpleimputer,onehot,,robust,MultinomialNB(),3,,"Erro na combinação 2174 - Imputer: simpleimputer, Categorização: onehot, Seleção de Feature: None, Scaler: robust, Fold: 3 - Exception: Negative values in data passed to MultinomialNB (input X)",No using Simple Imputer,No using One Hot,0.0012087821960449219,9.489059448242188e-05
algerian_forest_fires_46279,simpleimputer,onehot,,robust,MultinomialNB(),4,,"Erro na combinação 2175 - Imputer: simpleimputer, Categorização: onehot, Seleção de Feature: None, Scaler: robust, Fold: 4 - Exception: Negative values in data passed to MultinomialNB (input X)",No using Simple Imputer,No using One Hot,0.0012087821960449219,9.489059448242188e-05
algerian_forest_fires_46279,simpleimputer,onehot,pca,robust,MultinomialNB(),0,,"Erro na combinação 2176 - Imputer: simpleimputer, Categorização: onehot, Seleção de Feature: pca, Scaler: robust, Fold: 0 - Exception: Negative values in data passed to MultinomialNB (input X)",No using Simple Imputer,No using One Hot,0.0012087821960449219,9.489059448242188e-05
algerian_forest_fires_46279,simpleimputer,onehot,pca,robust,MultinomialNB(),1,,"Erro na combinação 2177 - Imputer: simpleimputer, Categorização: onehot, Seleção de Feature: pca, Scaler: robust, Fold: 1 - Exception: Negative values in data passed to MultinomialNB (input X)",No using Simple Imputer,No using One Hot,0.0012087821960449219,9.489059448242188e-05
algerian_forest_fires_46279,simpleimputer,onehot,pca,robust,MultinomialNB(),2,,"Erro na combinação 2178 - Imputer: simpleimputer, Categorização: onehot, Seleção de Feature: pca, Scaler: robust, Fold: 2 - Exception: Negative values in data passed to MultinomialNB (input X)",No using Simple Imputer,No using One Hot,0.0012087821960449219,9.489059448242188e-05
algerian_forest_fires_46279,simpleimputer,onehot,pca,robust,MultinomialNB(),3,,"Erro na combinação 2179 - Imputer: simpleimputer, Categorização: onehot, Seleção de Feature: pca, Scaler: robust, Fold: 3 - Exception: Negative values in data passed to MultinomialNB (input X)",No using Simple Imputer,No using One Hot,0.0012087821960449219,9.489059448242188e-05
algerian_forest_fires_46279,simpleimputer,onehot,pca,robust,MultinomialNB(),4,,"Erro na combinação 2180 - Imputer: simpleimputer, Categorização: onehot, Seleção de Feature: pca, Scaler: robust, Fold: 4 - Exception: Negative values in data passed to MultinomialNB (input X)",No using Simple Imputer,No using One Hot,0.0012087821960449219,9.489059448242188e-05
algerian_forest_fires_46279,simpleimputer,onehot,fastica,robust,MultinomialNB(),0,,"Erro na combinação 2181 - Imputer: simpleimputer, Categorização: onehot, Seleção de Feature: fastica, Scaler: robust, Fold: 0 - Exception: Negative values in data passed to MultinomialNB (input X)",No using Simple Imputer,No using One Hot,0.0012087821960449219,9.489059448242188e-05
algerian_forest_fires_46279,simpleimputer,onehot,fastica,robust,MultinomialNB(),1,,"Erro na combinação 2182 - Imputer: simpleimputer, Categorização: onehot, Seleção de Feature: fastica, Scaler: robust, Fold: 1 - Exception: Negative values in data passed to MultinomialNB (input X)",No using Simple Imputer,No using One Hot,0.0012087821960449219,9.489059448242188e-05
algerian_forest_fires_46279,simpleimputer,onehot,fastica,robust,MultinomialNB(),2,,"Erro na combinação 2183 - Imputer: simpleimputer, Categorização: onehot, Seleção de Feature: fastica, Scaler: robust, Fold: 2 - Exception: Negative values in data passed to MultinomialNB (input X)",No using Simple Imputer,No using One Hot,0.0012087821960449219,9.489059448242188e-05
algerian_forest_fires_46279,simpleimputer,onehot,fastica,robust,MultinomialNB(),3,,"Erro na combinação 2184 - Imputer: simpleimputer, Categorização: onehot, Seleção de Feature: fastica, Scaler: robust, Fold: 3 - Exception: Negative values in data passed to MultinomialNB (input X)",No using Simple Imputer,No using One Hot,0.0012087821960449219,9.489059448242188e-05
algerian_forest_fires_46279,simpleimputer,onehot,fastica,robust,MultinomialNB(),4,,"Erro na combinação 2185 - Imputer: simpleimputer, Categorização: onehot, Seleção de Feature: fastica, Scaler: robust, Fold: 4 - Exception: Negative values in data passed to MultinomialNB (input X)",No using Simple Imputer,No using One Hot,0.0012087821960449219,9.489059448242188e-05
algerian_forest_fires_46279,simpleimputer,onehot,truncated_svd,robust,MultinomialNB(),0,,"Erro na combinação 2186 - Imputer: simpleimputer, Categorização: onehot, Seleção de Feature: truncated_svd, Scaler: robust, Fold: 0 - Exception: Negative values in data passed to MultinomialNB (input X)",No using Simple Imputer,No using One Hot,0.0012087821960449219,9.489059448242188e-05
algerian_forest_fires_46279,simpleimputer,onehot,truncated_svd,robust,MultinomialNB(),1,,"Erro na combinação 2187 - Imputer: simpleimputer, Categorização: onehot, Seleção de Feature: truncated_svd, Scaler: robust, Fold: 1 - Exception: Negative values in data passed to MultinomialNB (input X)",No using Simple Imputer,No using One Hot,0.0012087821960449219,9.489059448242188e-05
algerian_forest_fires_46279,simpleimputer,onehot,truncated_svd,robust,MultinomialNB(),2,,"Erro na combinação 2188 - Imputer: simpleimputer, Categorização: onehot, Seleção de Feature: truncated_svd, Scaler: robust, Fold: 2 - Exception: Negative values in data passed to MultinomialNB (input X)",No using Simple Imputer,No using One Hot,0.0012087821960449219,9.489059448242188e-05
algerian_forest_fires_46279,simpleimputer,onehot,truncated_svd,robust,MultinomialNB(),3,,"Erro na combinação 2189 - Imputer: simpleimputer, Categorização: onehot, Seleção de Feature: truncated_svd, Scaler: robust, Fold: 3 - Exception: Negative values in data passed to MultinomialNB (input X)",No using Simple Imputer,No using One Hot,0.0012087821960449219,9.489059448242188e-05
algerian_forest_fires_46279,simpleimputer,onehot,truncated_svd,robust,MultinomialNB(),4,,"Erro na combinação 2190 - Imputer: simpleimputer, Categorização: onehot, Seleção de Feature: truncated_svd, Scaler: robust, Fold: 4 - Exception: Negative values in data passed to MultinomialNB (input X)",No using Simple Imputer,No using One Hot,0.0012087821960449219,9.489059448242188e-05
algerian_forest_fires_46279,simpleimputer,onehot,select_percentile,robust,MultinomialNB(),0,,"Erro na combinação 2191 - Imputer: simpleimputer, Categorização: onehot, Seleção de Feature: select_percentile, Scaler: robust, Fold: 0 - Exception: Negative values in data passed to MultinomialNB (input X)",No using Simple Imputer,No using One Hot,0.0012087821960449219,9.489059448242188e-05
algerian_forest_fires_46279,simpleimputer,onehot,select_percentile,robust,MultinomialNB(),1,,"Erro na combinação 2192 - Imputer: simpleimputer, Categorização: onehot, Seleção de Feature: select_percentile, Scaler: robust, Fold: 1 - Exception: Negative values in data passed to MultinomialNB (input X)",No using Simple Imputer,No using One Hot,0.0012087821960449219,9.489059448242188e-05
algerian_forest_fires_46279,simpleimputer,onehot,select_percentile,robust,MultinomialNB(),2,,"Erro na combinação 2193 - Imputer: simpleimputer, Categorização: onehot, Seleção de Feature: select_percentile, Scaler: robust, Fold: 2 - Exception: Negative values in data passed to MultinomialNB (input X)",No using Simple Imputer,No using One Hot,0.0012087821960449219,9.489059448242188e-05
algerian_forest_fires_46279,simpleimputer,onehot,select_percentile,robust,MultinomialNB(),3,,"Erro na combinação 2194 - Imputer: simpleimputer, Categorização: onehot, Seleção de Feature: select_percentile, Scaler: robust, Fold: 3 - Exception: Negative values in data passed to MultinomialNB (input X)",No using Simple Imputer,No using One Hot,0.0012087821960449219,9.489059448242188e-05
algerian_forest_fires_46279,simpleimputer,onehot,select_percentile,robust,MultinomialNB(),4,,"Erro na combinação 2195 - Imputer: simpleimputer, Categorização: onehot, Seleção de Feature: select_percentile, Scaler: robust, Fold: 4 - Exception: Negative values in data passed to MultinomialNB (input X)",No using Simple Imputer,No using One Hot,0.0012087821960449219,9.489059448242188e-05
algerian_forest_fires_46279,simpleimputer,onehot,generic_univariate,robust,MultinomialNB(),0,,"Erro na combinação 2196 - Imputer: simpleimputer, Categorização: onehot, Seleção de Feature: generic_univariate, Scaler: robust, Fold: 0 - Exception: Negative values in data passed to MultinomialNB (input X)",No using Simple Imputer,No using One Hot,0.0012087821960449219,9.489059448242188e-05
algerian_forest_fires_46279,simpleimputer,onehot,generic_univariate,robust,MultinomialNB(),1,,"Erro na combinação 2197 - Imputer: simpleimputer, Categorização: onehot, Seleção de Feature: generic_univariate, Scaler: robust, Fold: 1 - Exception: Negative values in data passed to MultinomialNB (input X)",No using Simple Imputer,No using One Hot,0.0012087821960449219,9.489059448242188e-05
algerian_forest_fires_46279,simpleimputer,onehot,generic_univariate,robust,MultinomialNB(),2,,"Erro na combinação 2198 - Imputer: simpleimputer, Categorização: onehot, Seleção de Feature: generic_univariate, Scaler: robust, Fold: 2 - Exception: Negative values in data passed to MultinomialNB (input X)",No using Simple Imputer,No using One Hot,0.0012087821960449219,9.489059448242188e-05
algerian_forest_fires_46279,simpleimputer,onehot,generic_univariate,robust,MultinomialNB(),3,,"Erro na combinação 2199 - Imputer: simpleimputer, Categorização: onehot, Seleção de Feature: generic_univariate, Scaler: robust, Fold: 3 - Exception: Negative values in data passed to MultinomialNB (input X)",No using Simple Imputer,No using One Hot,0.0012087821960449219,9.489059448242188e-05
algerian_forest_fires_46279,simpleimputer,onehot,generic_univariate,robust,MultinomialNB(),4,,"Erro na combinação 2200 - Imputer: simpleimputer, Categorização: onehot, Seleção de Feature: generic_univariate, Scaler: robust, Fold: 4 - Exception: Negative values in data passed to MultinomialNB (input X)",No using Simple Imputer,No using One Hot,0.0012087821960449219,9.489059448242188e-05
algerian_forest_fires_46279,simpleimputer,onehot,polynomial_features,robust,MultinomialNB(),0,,"Erro na combinação 2201 - Imputer: simpleimputer, Categorização: onehot, Seleção de Feature: polynomial_features, Scaler: robust, Fold: 0 - Exception: Negative values in data passed to MultinomialNB (input X)",No using Simple Imputer,No using One Hot,0.0012087821960449219,9.489059448242188e-05
algerian_forest_fires_46279,simpleimputer,onehot,polynomial_features,robust,MultinomialNB(),1,,"Erro na combinação 2202 - Imputer: simpleimputer, Categorização: onehot, Seleção de Feature: polynomial_features, Scaler: robust, Fold: 1 - Exception: Negative values in data passed to MultinomialNB (input X)",No using Simple Imputer,No using One Hot,0.0012087821960449219,9.489059448242188e-05
algerian_forest_fires_46279,simpleimputer,onehot,polynomial_features,robust,MultinomialNB(),2,,"Erro na combinação 2203 - Imputer: simpleimputer, Categorização: onehot, Seleção de Feature: polynomial_features, Scaler: robust, Fold: 2 - Exception: Negative values in data passed to MultinomialNB (input X)",No using Simple Imputer,No using One Hot,0.0012087821960449219,9.489059448242188e-05
algerian_forest_fires_46279,simpleimputer,onehot,polynomial_features,robust,MultinomialNB(),3,,"Erro na combinação 2204 - Imputer: simpleimputer, Categorização: onehot, Seleção de Feature: polynomial_features, Scaler: robust, Fold: 3 - Exception: Negative values in data passed to MultinomialNB (input X)",No using Simple Imputer,No using One Hot,0.0012087821960449219,9.489059448242188e-05
algerian_forest_fires_46279,simpleimputer,onehot,polynomial_features,robust,MultinomialNB(),4,,"Erro na combinação 2205 - Imputer: simpleimputer, Categorização: onehot, Seleção de Feature: polynomial_features, Scaler: robust, Fold: 4 - Exception: Negative values in data passed to MultinomialNB (input X)",No using Simple Imputer,No using One Hot,0.0012087821960449219,9.489059448242188e-05
algerian_forest_fires_46279,simpleimputer,onehot,nystroem,robust,MultinomialNB(),0,,"Erro na combinação 2206 - Imputer: simpleimputer, Categorização: onehot, Seleção de Feature: nystroem, Scaler: robust, Fold: 0 - Exception: Negative values in data passed to MultinomialNB (input X)",No using Simple Imputer,No using One Hot,0.0012087821960449219,9.489059448242188e-05
algerian_forest_fires_46279,simpleimputer,onehot,nystroem,robust,MultinomialNB(),1,,"Erro na combinação 2207 - Imputer: simpleimputer, Categorização: onehot, Seleção de Feature: nystroem, Scaler: robust, Fold: 1 - Exception: Negative values in data passed to MultinomialNB (input X)",No using Simple Imputer,No using One Hot,0.0012087821960449219,9.489059448242188e-05
algerian_forest_fires_46279,simpleimputer,onehot,nystroem,robust,MultinomialNB(),2,,"Erro na combinação 2208 - Imputer: simpleimputer, Categorização: onehot, Seleção de Feature: nystroem, Scaler: robust, Fold: 2 - Exception: Negative values in data passed to MultinomialNB (input X)",No using Simple Imputer,No using One Hot,0.0012087821960449219,9.489059448242188e-05
algerian_forest_fires_46279,simpleimputer,onehot,nystroem,robust,MultinomialNB(),3,,"Erro na combinação 2209 - Imputer: simpleimputer, Categorização: onehot, Seleção de Feature: nystroem, Scaler: robust, Fold: 3 - Exception: Negative values in data passed to MultinomialNB (input X)",No using Simple Imputer,No using One Hot,0.0012087821960449219,9.489059448242188e-05
algerian_forest_fires_46279,simpleimputer,onehot,nystroem,robust,MultinomialNB(),4,,"Erro na combinação 2210 - Imputer: simpleimputer, Categorização: onehot, Seleção de Feature: nystroem, Scaler: robust, Fold: 4 - Exception: Negative values in data passed to MultinomialNB (input X)",No using Simple Imputer,No using One Hot,0.0012087821960449219,9.489059448242188e-05
algerian_forest_fires_46279,simpleimputer,onehot,rbf_sampler,robust,MultinomialNB(),0,,"Erro na combinação 2211 - Imputer: simpleimputer, Categorização: onehot, Seleção de Feature: rbf_sampler, Scaler: robust, Fold: 0 - Exception: Negative values in data passed to MultinomialNB (input X)",No using Simple Imputer,No using One Hot,0.0012087821960449219,9.489059448242188e-05
algerian_forest_fires_46279,simpleimputer,onehot,rbf_sampler,robust,MultinomialNB(),1,,"Erro na combinação 2212 - Imputer: simpleimputer, Categorização: onehot, Seleção de Feature: rbf_sampler, Scaler: robust, Fold: 1 - Exception: Negative values in data passed to MultinomialNB (input X)",No using Simple Imputer,No using One Hot,0.0012087821960449219,9.489059448242188e-05
algerian_forest_fires_46279,simpleimputer,onehot,rbf_sampler,robust,MultinomialNB(),2,,"Erro na combinação 2213 - Imputer: simpleimputer, Categorização: onehot, Seleção de Feature: rbf_sampler, Scaler: robust, Fold: 2 - Exception: Negative values in data passed to MultinomialNB (input X)",No using Simple Imputer,No using One Hot,0.0012087821960449219,9.489059448242188e-05
algerian_forest_fires_46279,simpleimputer,onehot,rbf_sampler,robust,MultinomialNB(),3,,"Erro na combinação 2214 - Imputer: simpleimputer, Categorização: onehot, Seleção de Feature: rbf_sampler, Scaler: robust, Fold: 3 - Exception: Negative values in data passed to MultinomialNB (input X)",No using Simple Imputer,No using One Hot,0.0012087821960449219,9.489059448242188e-05
algerian_forest_fires_46279,simpleimputer,onehot,rbf_sampler,robust,MultinomialNB(),4,,"Erro na combinação 2215 - Imputer: simpleimputer, Categorização: onehot, Seleção de Feature: rbf_sampler, Scaler: robust, Fold: 4 - Exception: Negative values in data passed to MultinomialNB (input X)",No using Simple Imputer,No using One Hot,0.0012087821960449219,9.489059448242188e-05
algerian_forest_fires_46279,simpleimputer,onehot,random_trees_embedding,robust,MultinomialNB(),0,0.8979591836734694,,No using Simple Imputer,No using One Hot,0.0015251636505126953,0.00016498565673828125
algerian_forest_fires_46279,simpleimputer,onehot,random_trees_embedding,robust,MultinomialNB(),1,0.9387755102040817,,No using Simple Imputer,No using One Hot,0.0014259815216064453,0.0001583099365234375
algerian_forest_fires_46279,simpleimputer,onehot,random_trees_embedding,robust,MultinomialNB(),2,0.9183673469387755,,No using Simple Imputer,No using One Hot,0.001489400863647461,0.0001366138458251953
algerian_forest_fires_46279,simpleimputer,onehot,random_trees_embedding,robust,MultinomialNB(),3,0.9583333333333334,,No using Simple Imputer,No using One Hot,0.0014827251434326172,0.00015425682067871094
algerian_forest_fires_46279,simpleimputer,onehot,random_trees_embedding,robust,MultinomialNB(),4,0.9791666666666666,,No using Simple Imputer,No using One Hot,0.001478433609008789,0.0001456737518310547
algerian_forest_fires_46279,simpleimputer,onehot,feature_agglomeration,robust,MultinomialNB(),0,,"Erro na combinação 2221 - Imputer: simpleimputer, Categorização: onehot, Seleção de Feature: feature_agglomeration, Scaler: robust, Fold: 0 - Exception: Negative values in data passed to MultinomialNB (input X)",No using Simple Imputer,No using One Hot,0.001478433609008789,0.0001456737518310547
algerian_forest_fires_46279,simpleimputer,onehot,feature_agglomeration,robust,MultinomialNB(),1,,"Erro na combinação 2222 - Imputer: simpleimputer, Categorização: onehot, Seleção de Feature: feature_agglomeration, Scaler: robust, Fold: 1 - Exception: Negative values in data passed to MultinomialNB (input X)",No using Simple Imputer,No using One Hot,0.001478433609008789,0.0001456737518310547
algerian_forest_fires_46279,simpleimputer,onehot,feature_agglomeration,robust,MultinomialNB(),2,,"Erro na combinação 2223 - Imputer: simpleimputer, Categorização: onehot, Seleção de Feature: feature_agglomeration, Scaler: robust, Fold: 2 - Exception: Negative values in data passed to MultinomialNB (input X)",No using Simple Imputer,No using One Hot,0.001478433609008789,0.0001456737518310547
algerian_forest_fires_46279,simpleimputer,onehot,feature_agglomeration,robust,MultinomialNB(),3,,"Erro na combinação 2224 - Imputer: simpleimputer, Categorização: onehot, Seleção de Feature: feature_agglomeration, Scaler: robust, Fold: 3 - Exception: Negative values in data passed to MultinomialNB (input X)",No using Simple Imputer,No using One Hot,0.001478433609008789,0.0001456737518310547
algerian_forest_fires_46279,simpleimputer,onehot,feature_agglomeration,robust,MultinomialNB(),4,,"Erro na combinação 2225 - Imputer: simpleimputer, Categorização: onehot, Seleção de Feature: feature_agglomeration, Scaler: robust, Fold: 4 - Exception: Negative values in data passed to MultinomialNB (input X)",No using Simple Imputer,No using One Hot,0.001478433609008789,0.0001456737518310547
algerian_forest_fires_46279,simpleimputer,onehot,extra_tree,robust,MultinomialNB(),0,,"Erro na combinação 2226 - Imputer: simpleimputer, Categorização: onehot, Seleção de Feature: extra_tree, Scaler: robust, Fold: 0 - Exception: Negative values in data passed to MultinomialNB (input X)",No using Simple Imputer,No using One Hot,0.001478433609008789,0.0001456737518310547
algerian_forest_fires_46279,simpleimputer,onehot,extra_tree,robust,MultinomialNB(),1,,"Erro na combinação 2227 - Imputer: simpleimputer, Categorização: onehot, Seleção de Feature: extra_tree, Scaler: robust, Fold: 1 - Exception: Negative values in data passed to MultinomialNB (input X)",No using Simple Imputer,No using One Hot,0.001478433609008789,0.0001456737518310547
algerian_forest_fires_46279,simpleimputer,onehot,extra_tree,robust,MultinomialNB(),2,,"Erro na combinação 2228 - Imputer: simpleimputer, Categorização: onehot, Seleção de Feature: extra_tree, Scaler: robust, Fold: 2 - Exception: Negative values in data passed to MultinomialNB (input X)",No using Simple Imputer,No using One Hot,0.001478433609008789,0.0001456737518310547
algerian_forest_fires_46279,simpleimputer,onehot,extra_tree,robust,MultinomialNB(),3,,"Erro na combinação 2229 - Imputer: simpleimputer, Categorização: onehot, Seleção de Feature: extra_tree, Scaler: robust, Fold: 3 - Exception: Negative values in data passed to MultinomialNB (input X)",No using Simple Imputer,No using One Hot,0.001478433609008789,0.0001456737518310547
algerian_forest_fires_46279,simpleimputer,onehot,extra_tree,robust,MultinomialNB(),4,,"Erro na combinação 2230 - Imputer: simpleimputer, Categorização: onehot, Seleção de Feature: extra_tree, Scaler: robust, Fold: 4 - Exception: Negative values in data passed to MultinomialNB (input X)",No using Simple Imputer,No using One Hot,0.001478433609008789,0.0001456737518310547
algerian_forest_fires_46279,simpleimputer,onehot,linear_svc,robust,MultinomialNB(),0,,"Erro na combinação 2231 - Imputer: simpleimputer, Categorização: onehot, Seleção de Feature: linear_svc, Scaler: robust, Fold: 0 - Exception: Negative values in data passed to MultinomialNB (input X)",No using Simple Imputer,No using One Hot,0.001478433609008789,0.0001456737518310547
algerian_forest_fires_46279,simpleimputer,onehot,linear_svc,robust,MultinomialNB(),1,,"Erro na combinação 2232 - Imputer: simpleimputer, Categorização: onehot, Seleção de Feature: linear_svc, Scaler: robust, Fold: 1 - Exception: Negative values in data passed to MultinomialNB (input X)",No using Simple Imputer,No using One Hot,0.001478433609008789,0.0001456737518310547
algerian_forest_fires_46279,simpleimputer,onehot,linear_svc,robust,MultinomialNB(),2,,"Erro na combinação 2233 - Imputer: simpleimputer, Categorização: onehot, Seleção de Feature: linear_svc, Scaler: robust, Fold: 2 - Exception: Negative values in data passed to MultinomialNB (input X)",No using Simple Imputer,No using One Hot,0.001478433609008789,0.0001456737518310547
algerian_forest_fires_46279,simpleimputer,onehot,linear_svc,robust,MultinomialNB(),3,,"Erro na combinação 2234 - Imputer: simpleimputer, Categorização: onehot, Seleção de Feature: linear_svc, Scaler: robust, Fold: 3 - Exception: Negative values in data passed to MultinomialNB (input X)",No using Simple Imputer,No using One Hot,0.001478433609008789,0.0001456737518310547
algerian_forest_fires_46279,simpleimputer,onehot,linear_svc,robust,MultinomialNB(),4,,"Erro na combinação 2235 - Imputer: simpleimputer, Categorização: onehot, Seleção de Feature: linear_svc, Scaler: robust, Fold: 4 - Exception: Negative values in data passed to MultinomialNB (input X)",No using Simple Imputer,No using One Hot,0.001478433609008789,0.0001456737518310547
algerian_forest_fires_46279,simpleimputer,onehot,kernel_pca,robust,MultinomialNB(),0,,"Erro na combinação 2236 - Imputer: simpleimputer, Categorização: onehot, Seleção de Feature: kernel_pca, Scaler: robust, Fold: 0 - Exception: Negative values in data passed to MultinomialNB (input X)",No using Simple Imputer,No using One Hot,0.001478433609008789,0.0001456737518310547
algerian_forest_fires_46279,simpleimputer,onehot,kernel_pca,robust,MultinomialNB(),1,,"Erro na combinação 2237 - Imputer: simpleimputer, Categorização: onehot, Seleção de Feature: kernel_pca, Scaler: robust, Fold: 1 - Exception: Negative values in data passed to MultinomialNB (input X)",No using Simple Imputer,No using One Hot,0.001478433609008789,0.0001456737518310547
algerian_forest_fires_46279,simpleimputer,onehot,kernel_pca,robust,MultinomialNB(),2,,"Erro na combinação 2238 - Imputer: simpleimputer, Categorização: onehot, Seleção de Feature: kernel_pca, Scaler: robust, Fold: 2 - Exception: Negative values in data passed to MultinomialNB (input X)",No using Simple Imputer,No using One Hot,0.001478433609008789,0.0001456737518310547
algerian_forest_fires_46279,simpleimputer,onehot,kernel_pca,robust,MultinomialNB(),3,,"Erro na combinação 2239 - Imputer: simpleimputer, Categorização: onehot, Seleção de Feature: kernel_pca, Scaler: robust, Fold: 3 - Exception: Negative values in data passed to MultinomialNB (input X)",No using Simple Imputer,No using One Hot,0.001478433609008789,0.0001456737518310547
algerian_forest_fires_46279,simpleimputer,onehot,kernel_pca,robust,MultinomialNB(),4,,"Erro na combinação 2240 - Imputer: simpleimputer, Categorização: onehot, Seleção de Feature: kernel_pca, Scaler: robust, Fold: 4 - Exception: Negative values in data passed to MultinomialNB (input X)",No using Simple Imputer,No using One Hot,0.001478433609008789,0.0001456737518310547
algerian_forest_fires_46279,simpleimputer,onehot,,normalizer,MultinomialNB(),0,0.5510204081632653,,No using Simple Imputer,No using One Hot,0.0017230510711669922,0.00012493133544921875
algerian_forest_fires_46279,simpleimputer,onehot,,normalizer,MultinomialNB(),1,0.5510204081632653,,No using Simple Imputer,No using One Hot,0.0014503002166748047,0.00014495849609375
algerian_forest_fires_46279,simpleimputer,onehot,,normalizer,MultinomialNB(),2,0.5714285714285714,,No using Simple Imputer,No using One Hot,0.0016486644744873047,0.00014734268188476562
algerian_forest_fires_46279,simpleimputer,onehot,,normalizer,MultinomialNB(),3,0.6041666666666666,,No using Simple Imputer,No using One Hot,0.0013396739959716797,0.00010538101196289062
algerian_forest_fires_46279,simpleimputer,onehot,,normalizer,MultinomialNB(),4,0.5416666666666666,,No using Simple Imputer,No using One Hot,0.0012862682342529297,0.0001246929168701172
algerian_forest_fires_46279,simpleimputer,onehot,pca,normalizer,MultinomialNB(),0,,"Erro na combinação 2246 - Imputer: simpleimputer, Categorização: onehot, Seleção de Feature: pca, Scaler: normalizer, Fold: 0 - Exception: Negative values in data passed to MultinomialNB (input X)",No using Simple Imputer,No using One Hot,0.0012862682342529297,0.0001246929168701172
algerian_forest_fires_46279,simpleimputer,onehot,pca,normalizer,MultinomialNB(),1,,"Erro na combinação 2247 - Imputer: simpleimputer, Categorização: onehot, Seleção de Feature: pca, Scaler: normalizer, Fold: 1 - Exception: Negative values in data passed to MultinomialNB (input X)",No using Simple Imputer,No using One Hot,0.0012862682342529297,0.0001246929168701172
algerian_forest_fires_46279,simpleimputer,onehot,pca,normalizer,MultinomialNB(),2,,"Erro na combinação 2248 - Imputer: simpleimputer, Categorização: onehot, Seleção de Feature: pca, Scaler: normalizer, Fold: 2 - Exception: Negative values in data passed to MultinomialNB (input X)",No using Simple Imputer,No using One Hot,0.0012862682342529297,0.0001246929168701172
algerian_forest_fires_46279,simpleimputer,onehot,pca,normalizer,MultinomialNB(),3,,"Erro na combinação 2249 - Imputer: simpleimputer, Categorização: onehot, Seleção de Feature: pca, Scaler: normalizer, Fold: 3 - Exception: Negative values in data passed to MultinomialNB (input X)",No using Simple Imputer,No using One Hot,0.0012862682342529297,0.0001246929168701172
algerian_forest_fires_46279,simpleimputer,onehot,pca,normalizer,MultinomialNB(),4,,"Erro na combinação 2250 - Imputer: simpleimputer, Categorização: onehot, Seleção de Feature: pca, Scaler: normalizer, Fold: 4 - Exception: Negative values in data passed to MultinomialNB (input X)",No using Simple Imputer,No using One Hot,0.0012862682342529297,0.0001246929168701172
algerian_forest_fires_46279,simpleimputer,onehot,fastica,normalizer,MultinomialNB(),0,,"Erro na combinação 2251 - Imputer: simpleimputer, Categorização: onehot, Seleção de Feature: fastica, Scaler: normalizer, Fold: 0 - Exception: Negative values in data passed to MultinomialNB (input X)",No using Simple Imputer,No using One Hot,0.0012862682342529297,0.0001246929168701172
algerian_forest_fires_46279,simpleimputer,onehot,fastica,normalizer,MultinomialNB(),1,,"Erro na combinação 2252 - Imputer: simpleimputer, Categorização: onehot, Seleção de Feature: fastica, Scaler: normalizer, Fold: 1 - Exception: Negative values in data passed to MultinomialNB (input X)",No using Simple Imputer,No using One Hot,0.0012862682342529297,0.0001246929168701172
algerian_forest_fires_46279,simpleimputer,onehot,fastica,normalizer,MultinomialNB(),2,,"Erro na combinação 2253 - Imputer: simpleimputer, Categorização: onehot, Seleção de Feature: fastica, Scaler: normalizer, Fold: 2 - Exception: Negative values in data passed to MultinomialNB (input X)",No using Simple Imputer,No using One Hot,0.0012862682342529297,0.0001246929168701172
algerian_forest_fires_46279,simpleimputer,onehot,fastica,normalizer,MultinomialNB(),3,,"Erro na combinação 2254 - Imputer: simpleimputer, Categorização: onehot, Seleção de Feature: fastica, Scaler: normalizer, Fold: 3 - Exception: Negative values in data passed to MultinomialNB (input X)",No using Simple Imputer,No using One Hot,0.0012862682342529297,0.0001246929168701172
algerian_forest_fires_46279,simpleimputer,onehot,fastica,normalizer,MultinomialNB(),4,,"Erro na combinação 2255 - Imputer: simpleimputer, Categorização: onehot, Seleção de Feature: fastica, Scaler: normalizer, Fold: 4 - Exception: Negative values in data passed to MultinomialNB (input X)",No using Simple Imputer,No using One Hot,0.0012862682342529297,0.0001246929168701172
algerian_forest_fires_46279,simpleimputer,onehot,truncated_svd,normalizer,MultinomialNB(),0,,"Erro na combinação 2256 - Imputer: simpleimputer, Categorização: onehot, Seleção de Feature: truncated_svd, Scaler: normalizer, Fold: 0 - Exception: Negative values in data passed to MultinomialNB (input X)",No using Simple Imputer,No using One Hot,0.0012862682342529297,0.0001246929168701172
algerian_forest_fires_46279,simpleimputer,onehot,truncated_svd,normalizer,MultinomialNB(),1,,"Erro na combinação 2257 - Imputer: simpleimputer, Categorização: onehot, Seleção de Feature: truncated_svd, Scaler: normalizer, Fold: 1 - Exception: Negative values in data passed to MultinomialNB (input X)",No using Simple Imputer,No using One Hot,0.0012862682342529297,0.0001246929168701172
algerian_forest_fires_46279,simpleimputer,onehot,truncated_svd,normalizer,MultinomialNB(),2,,"Erro na combinação 2258 - Imputer: simpleimputer, Categorização: onehot, Seleção de Feature: truncated_svd, Scaler: normalizer, Fold: 2 - Exception: Negative values in data passed to MultinomialNB (input X)",No using Simple Imputer,No using One Hot,0.0012862682342529297,0.0001246929168701172
algerian_forest_fires_46279,simpleimputer,onehot,truncated_svd,normalizer,MultinomialNB(),3,,"Erro na combinação 2259 - Imputer: simpleimputer, Categorização: onehot, Seleção de Feature: truncated_svd, Scaler: normalizer, Fold: 3 - Exception: Negative values in data passed to MultinomialNB (input X)",No using Simple Imputer,No using One Hot,0.0012862682342529297,0.0001246929168701172
algerian_forest_fires_46279,simpleimputer,onehot,truncated_svd,normalizer,MultinomialNB(),4,,"Erro na combinação 2260 - Imputer: simpleimputer, Categorização: onehot, Seleção de Feature: truncated_svd, Scaler: normalizer, Fold: 4 - Exception: Negative values in data passed to MultinomialNB (input X)",No using Simple Imputer,No using One Hot,0.0012862682342529297,0.0001246929168701172
algerian_forest_fires_46279,simpleimputer,onehot,select_percentile,normalizer,MultinomialNB(),0,0.5510204081632653,,No using Simple Imputer,No using One Hot,0.00127410888671875,9.274482727050781e-05
algerian_forest_fires_46279,simpleimputer,onehot,select_percentile,normalizer,MultinomialNB(),1,0.5510204081632653,,No using Simple Imputer,No using One Hot,0.0012569427490234375,9.703636169433594e-05
algerian_forest_fires_46279,simpleimputer,onehot,select_percentile,normalizer,MultinomialNB(),2,0.5714285714285714,,No using Simple Imputer,No using One Hot,0.0013592243194580078,9.775161743164062e-05
algerian_forest_fires_46279,simpleimputer,onehot,select_percentile,normalizer,MultinomialNB(),3,0.6041666666666666,,No using Simple Imputer,No using One Hot,0.0012364387512207031,9.560585021972656e-05
algerian_forest_fires_46279,simpleimputer,onehot,select_percentile,normalizer,MultinomialNB(),4,0.5416666666666666,,No using Simple Imputer,No using One Hot,0.0012311935424804688,9.584426879882812e-05
algerian_forest_fires_46279,simpleimputer,onehot,generic_univariate,normalizer,MultinomialNB(),0,0.5510204081632653,,No using Simple Imputer,No using One Hot,0.0012149810791015625,9.322166442871094e-05
algerian_forest_fires_46279,simpleimputer,onehot,generic_univariate,normalizer,MultinomialNB(),1,0.5510204081632653,,No using Simple Imputer,No using One Hot,0.001163482666015625,9.369850158691406e-05
algerian_forest_fires_46279,simpleimputer,onehot,generic_univariate,normalizer,MultinomialNB(),2,0.5714285714285714,,No using Simple Imputer,No using One Hot,0.0012412071228027344,9.34600830078125e-05
algerian_forest_fires_46279,simpleimputer,onehot,generic_univariate,normalizer,MultinomialNB(),3,0.6041666666666666,,No using Simple Imputer,No using One Hot,0.0012159347534179688,9.918212890625e-05
algerian_forest_fires_46279,simpleimputer,onehot,generic_univariate,normalizer,MultinomialNB(),4,0.5416666666666666,,No using Simple Imputer,No using One Hot,0.0012345314025878906,9.298324584960938e-05
algerian_forest_fires_46279,simpleimputer,onehot,polynomial_features,normalizer,MultinomialNB(),0,0.5510204081632653,,No using Simple Imputer,No using One Hot,0.0012269020080566406,0.00010418891906738281
algerian_forest_fires_46279,simpleimputer,onehot,polynomial_features,normalizer,MultinomialNB(),1,0.5510204081632653,,No using Simple Imputer,No using One Hot,0.001218557357788086,0.00010371208190917969
algerian_forest_fires_46279,simpleimputer,onehot,polynomial_features,normalizer,MultinomialNB(),2,0.5714285714285714,,No using Simple Imputer,No using One Hot,0.0012767314910888672,0.00010323524475097656
algerian_forest_fires_46279,simpleimputer,onehot,polynomial_features,normalizer,MultinomialNB(),3,0.6041666666666666,,No using Simple Imputer,No using One Hot,0.0012943744659423828,0.00010967254638671875
algerian_forest_fires_46279,simpleimputer,onehot,polynomial_features,normalizer,MultinomialNB(),4,0.5416666666666666,,No using Simple Imputer,No using One Hot,0.0012545585632324219,0.00010180473327636719
algerian_forest_fires_46279,simpleimputer,onehot,nystroem,normalizer,MultinomialNB(),0,0.5510204081632653,,No using Simple Imputer,No using One Hot,0.001592397689819336,0.00012445449829101562
algerian_forest_fires_46279,simpleimputer,onehot,nystroem,normalizer,MultinomialNB(),1,0.5510204081632653,,No using Simple Imputer,No using One Hot,0.0015420913696289062,0.0001785755157470703
algerian_forest_fires_46279,simpleimputer,onehot,nystroem,normalizer,MultinomialNB(),2,0.5714285714285714,,No using Simple Imputer,No using One Hot,0.0015490055084228516,0.0001537799835205078
algerian_forest_fires_46279,simpleimputer,onehot,nystroem,normalizer,MultinomialNB(),3,0.6041666666666666,,No using Simple Imputer,No using One Hot,0.0017020702362060547,0.00012540817260742188
algerian_forest_fires_46279,simpleimputer,onehot,nystroem,normalizer,MultinomialNB(),4,0.5416666666666666,,No using Simple Imputer,No using One Hot,0.001560211181640625,0.00012373924255371094
algerian_forest_fires_46279,simpleimputer,onehot,rbf_sampler,normalizer,MultinomialNB(),0,,"Erro na combinação 2281 - Imputer: simpleimputer, Categorização: onehot, Seleção de Feature: rbf_sampler, Scaler: normalizer, Fold: 0 - Exception: Negative values in data passed to MultinomialNB (input X)",No using Simple Imputer,No using One Hot,0.001560211181640625,0.00012373924255371094
algerian_forest_fires_46279,simpleimputer,onehot,rbf_sampler,normalizer,MultinomialNB(),1,,"Erro na combinação 2282 - Imputer: simpleimputer, Categorização: onehot, Seleção de Feature: rbf_sampler, Scaler: normalizer, Fold: 1 - Exception: Negative values in data passed to MultinomialNB (input X)",No using Simple Imputer,No using One Hot,0.001560211181640625,0.00012373924255371094
algerian_forest_fires_46279,simpleimputer,onehot,rbf_sampler,normalizer,MultinomialNB(),2,,"Erro na combinação 2283 - Imputer: simpleimputer, Categorização: onehot, Seleção de Feature: rbf_sampler, Scaler: normalizer, Fold: 2 - Exception: Negative values in data passed to MultinomialNB (input X)",No using Simple Imputer,No using One Hot,0.001560211181640625,0.00012373924255371094
algerian_forest_fires_46279,simpleimputer,onehot,rbf_sampler,normalizer,MultinomialNB(),3,,"Erro na combinação 2284 - Imputer: simpleimputer, Categorização: onehot, Seleção de Feature: rbf_sampler, Scaler: normalizer, Fold: 3 - Exception: Negative values in data passed to MultinomialNB (input X)",No using Simple Imputer,No using One Hot,0.001560211181640625,0.00012373924255371094
algerian_forest_fires_46279,simpleimputer,onehot,rbf_sampler,normalizer,MultinomialNB(),4,,"Erro na combinação 2285 - Imputer: simpleimputer, Categorização: onehot, Seleção de Feature: rbf_sampler, Scaler: normalizer, Fold: 4 - Exception: Negative values in data passed to MultinomialNB (input X)",No using Simple Imputer,No using One Hot,0.001560211181640625,0.00012373924255371094
algerian_forest_fires_46279,simpleimputer,onehot,random_trees_embedding,normalizer,MultinomialNB(),0,0.8979591836734694,,No using Simple Imputer,No using One Hot,0.0014874935150146484,0.0001385211944580078
algerian_forest_fires_46279,simpleimputer,onehot,random_trees_embedding,normalizer,MultinomialNB(),1,0.9183673469387755,,No using Simple Imputer,No using One Hot,0.0016002655029296875,0.0001361370086669922
algerian_forest_fires_46279,simpleimputer,onehot,random_trees_embedding,normalizer,MultinomialNB(),2,0.9387755102040817,,No using Simple Imputer,No using One Hot,0.0014853477478027344,0.00013637542724609375
algerian_forest_fires_46279,simpleimputer,onehot,random_trees_embedding,normalizer,MultinomialNB(),3,0.9375,,No using Simple Imputer,No using One Hot,0.0015537738800048828,0.00013685226440429688
algerian_forest_fires_46279,simpleimputer,onehot,random_trees_embedding,normalizer,MultinomialNB(),4,0.9583333333333334,,No using Simple Imputer,No using One Hot,0.0015716552734375,0.0001354217529296875
algerian_forest_fires_46279,simpleimputer,onehot,feature_agglomeration,normalizer,MultinomialNB(),0,0.5510204081632653,,No using Simple Imputer,No using One Hot,0.0013208389282226562,0.00010180473327636719
algerian_forest_fires_46279,simpleimputer,onehot,feature_agglomeration,normalizer,MultinomialNB(),1,0.5510204081632653,,No using Simple Imputer,No using One Hot,0.0013005733489990234,9.441375732421875e-05
algerian_forest_fires_46279,simpleimputer,onehot,feature_agglomeration,normalizer,MultinomialNB(),2,0.5714285714285714,,No using Simple Imputer,No using One Hot,0.0013155937194824219,9.489059448242188e-05
algerian_forest_fires_46279,simpleimputer,onehot,feature_agglomeration,normalizer,MultinomialNB(),3,0.6041666666666666,,No using Simple Imputer,No using One Hot,0.0013620853424072266,0.00010251998901367188
algerian_forest_fires_46279,simpleimputer,onehot,feature_agglomeration,normalizer,MultinomialNB(),4,0.5416666666666666,,No using Simple Imputer,No using One Hot,0.0014510154724121094,0.0001049041748046875
algerian_forest_fires_46279,simpleimputer,onehot,extra_tree,normalizer,MultinomialNB(),0,0.5510204081632653,,No using Simple Imputer,No using One Hot,0.001367330551147461,0.00010251998901367188
algerian_forest_fires_46279,simpleimputer,onehot,extra_tree,normalizer,MultinomialNB(),1,0.5510204081632653,,No using Simple Imputer,No using One Hot,0.0012927055358886719,9.775161743164062e-05
algerian_forest_fires_46279,simpleimputer,onehot,extra_tree,normalizer,MultinomialNB(),2,0.5714285714285714,,No using Simple Imputer,No using One Hot,0.0012791156768798828,9.775161743164062e-05
algerian_forest_fires_46279,simpleimputer,onehot,extra_tree,normalizer,MultinomialNB(),3,0.6041666666666666,,No using Simple Imputer,No using One Hot,0.0013191699981689453,0.00011730194091796875
algerian_forest_fires_46279,simpleimputer,onehot,extra_tree,normalizer,MultinomialNB(),4,0.5416666666666666,,No using Simple Imputer,No using One Hot,0.001340627670288086,9.894371032714844e-05
algerian_forest_fires_46279,simpleimputer,onehot,linear_svc,normalizer,MultinomialNB(),0,0.5510204081632653,,No using Simple Imputer,No using One Hot,0.0012969970703125,9.989738464355469e-05
algerian_forest_fires_46279,simpleimputer,onehot,linear_svc,normalizer,MultinomialNB(),1,0.5510204081632653,,No using Simple Imputer,No using One Hot,0.0011990070343017578,9.703636169433594e-05
algerian_forest_fires_46279,simpleimputer,onehot,linear_svc,normalizer,MultinomialNB(),2,0.5714285714285714,,No using Simple Imputer,No using One Hot,0.0013217926025390625,9.894371032714844e-05
algerian_forest_fires_46279,simpleimputer,onehot,linear_svc,normalizer,MultinomialNB(),3,0.6041666666666666,,No using Simple Imputer,No using One Hot,0.0012547969818115234,0.00011277198791503906
algerian_forest_fires_46279,simpleimputer,onehot,linear_svc,normalizer,MultinomialNB(),4,0.5416666666666666,,No using Simple Imputer,No using One Hot,0.001337289810180664,9.870529174804688e-05
algerian_forest_fires_46279,simpleimputer,onehot,kernel_pca,normalizer,MultinomialNB(),0,,"Erro na combinação 2306 - Imputer: simpleimputer, Categorização: onehot, Seleção de Feature: kernel_pca, Scaler: normalizer, Fold: 0 - Exception: Negative values in data passed to MultinomialNB (input X)",No using Simple Imputer,No using One Hot,0.001337289810180664,9.870529174804688e-05
algerian_forest_fires_46279,simpleimputer,onehot,kernel_pca,normalizer,MultinomialNB(),1,,"Erro na combinação 2307 - Imputer: simpleimputer, Categorização: onehot, Seleção de Feature: kernel_pca, Scaler: normalizer, Fold: 1 - Exception: Negative values in data passed to MultinomialNB (input X)",No using Simple Imputer,No using One Hot,0.001337289810180664,9.870529174804688e-05
algerian_forest_fires_46279,simpleimputer,onehot,kernel_pca,normalizer,MultinomialNB(),2,,"Erro na combinação 2308 - Imputer: simpleimputer, Categorização: onehot, Seleção de Feature: kernel_pca, Scaler: normalizer, Fold: 2 - Exception: Negative values in data passed to MultinomialNB (input X)",No using Simple Imputer,No using One Hot,0.001337289810180664,9.870529174804688e-05
algerian_forest_fires_46279,simpleimputer,onehot,kernel_pca,normalizer,MultinomialNB(),3,,"Erro na combinação 2309 - Imputer: simpleimputer, Categorização: onehot, Seleção de Feature: kernel_pca, Scaler: normalizer, Fold: 3 - Exception: Negative values in data passed to MultinomialNB (input X)",No using Simple Imputer,No using One Hot,0.001337289810180664,9.870529174804688e-05
algerian_forest_fires_46279,simpleimputer,onehot,kernel_pca,normalizer,MultinomialNB(),4,,"Erro na combinação 2310 - Imputer: simpleimputer, Categorização: onehot, Seleção de Feature: kernel_pca, Scaler: normalizer, Fold: 4 - Exception: Negative values in data passed to MultinomialNB (input X)",No using Simple Imputer,No using One Hot,0.001337289810180664,9.870529174804688e-05
algerian_forest_fires_46279,simpleimputer,onehot,,power,MultinomialNB(),0,,"Erro na combinação 2311 - Imputer: simpleimputer, Categorização: onehot, Seleção de Feature: None, Scaler: power, Fold: 0 - Exception: Negative values in data passed to MultinomialNB (input X)",No using Simple Imputer,No using One Hot,0.001337289810180664,9.870529174804688e-05
algerian_forest_fires_46279,simpleimputer,onehot,,power,MultinomialNB(),1,,"Erro na combinação 2312 - Imputer: simpleimputer, Categorização: onehot, Seleção de Feature: None, Scaler: power, Fold: 1 - Exception: Negative values in data passed to MultinomialNB (input X)",No using Simple Imputer,No using One Hot,0.001337289810180664,9.870529174804688e-05
algerian_forest_fires_46279,simpleimputer,onehot,,power,MultinomialNB(),2,,"Erro na combinação 2313 - Imputer: simpleimputer, Categorização: onehot, Seleção de Feature: None, Scaler: power, Fold: 2 - Exception: Negative values in data passed to MultinomialNB (input X)",No using Simple Imputer,No using One Hot,0.001337289810180664,9.870529174804688e-05
algerian_forest_fires_46279,simpleimputer,onehot,,power,MultinomialNB(),3,,"Erro na combinação 2314 - Imputer: simpleimputer, Categorização: onehot, Seleção de Feature: None, Scaler: power, Fold: 3 - Exception: Negative values in data passed to MultinomialNB (input X)",No using Simple Imputer,No using One Hot,0.001337289810180664,9.870529174804688e-05
algerian_forest_fires_46279,simpleimputer,onehot,,power,MultinomialNB(),4,,"Erro na combinação 2315 - Imputer: simpleimputer, Categorização: onehot, Seleção de Feature: None, Scaler: power, Fold: 4 - Exception: Negative values in data passed to MultinomialNB (input X)",No using Simple Imputer,No using One Hot,0.001337289810180664,9.870529174804688e-05
algerian_forest_fires_46279,simpleimputer,onehot,pca,power,MultinomialNB(),0,,"Erro na combinação 2316 - Imputer: simpleimputer, Categorização: onehot, Seleção de Feature: pca, Scaler: power, Fold: 0 - Exception: Negative values in data passed to MultinomialNB (input X)",No using Simple Imputer,No using One Hot,0.001337289810180664,9.870529174804688e-05
algerian_forest_fires_46279,simpleimputer,onehot,pca,power,MultinomialNB(),1,,"Erro na combinação 2317 - Imputer: simpleimputer, Categorização: onehot, Seleção de Feature: pca, Scaler: power, Fold: 1 - Exception: Negative values in data passed to MultinomialNB (input X)",No using Simple Imputer,No using One Hot,0.001337289810180664,9.870529174804688e-05
algerian_forest_fires_46279,simpleimputer,onehot,pca,power,MultinomialNB(),2,,"Erro na combinação 2318 - Imputer: simpleimputer, Categorização: onehot, Seleção de Feature: pca, Scaler: power, Fold: 2 - Exception: Negative values in data passed to MultinomialNB (input X)",No using Simple Imputer,No using One Hot,0.001337289810180664,9.870529174804688e-05
algerian_forest_fires_46279,simpleimputer,onehot,pca,power,MultinomialNB(),3,,"Erro na combinação 2319 - Imputer: simpleimputer, Categorização: onehot, Seleção de Feature: pca, Scaler: power, Fold: 3 - Exception: Negative values in data passed to MultinomialNB (input X)",No using Simple Imputer,No using One Hot,0.001337289810180664,9.870529174804688e-05
algerian_forest_fires_46279,simpleimputer,onehot,pca,power,MultinomialNB(),4,,"Erro na combinação 2320 - Imputer: simpleimputer, Categorização: onehot, Seleção de Feature: pca, Scaler: power, Fold: 4 - Exception: Negative values in data passed to MultinomialNB (input X)",No using Simple Imputer,No using One Hot,0.001337289810180664,9.870529174804688e-05
algerian_forest_fires_46279,simpleimputer,onehot,fastica,power,MultinomialNB(),0,,"Erro na combinação 2321 - Imputer: simpleimputer, Categorização: onehot, Seleção de Feature: fastica, Scaler: power, Fold: 0 - Exception: Negative values in data passed to MultinomialNB (input X)",No using Simple Imputer,No using One Hot,0.001337289810180664,9.870529174804688e-05
algerian_forest_fires_46279,simpleimputer,onehot,fastica,power,MultinomialNB(),1,,"Erro na combinação 2322 - Imputer: simpleimputer, Categorização: onehot, Seleção de Feature: fastica, Scaler: power, Fold: 1 - Exception: Negative values in data passed to MultinomialNB (input X)",No using Simple Imputer,No using One Hot,0.001337289810180664,9.870529174804688e-05
algerian_forest_fires_46279,simpleimputer,onehot,fastica,power,MultinomialNB(),2,,"Erro na combinação 2323 - Imputer: simpleimputer, Categorização: onehot, Seleção de Feature: fastica, Scaler: power, Fold: 2 - Exception: Negative values in data passed to MultinomialNB (input X)",No using Simple Imputer,No using One Hot,0.001337289810180664,9.870529174804688e-05
algerian_forest_fires_46279,simpleimputer,onehot,fastica,power,MultinomialNB(),3,,"Erro na combinação 2324 - Imputer: simpleimputer, Categorização: onehot, Seleção de Feature: fastica, Scaler: power, Fold: 3 - Exception: Negative values in data passed to MultinomialNB (input X)",No using Simple Imputer,No using One Hot,0.001337289810180664,9.870529174804688e-05
algerian_forest_fires_46279,simpleimputer,onehot,fastica,power,MultinomialNB(),4,,"Erro na combinação 2325 - Imputer: simpleimputer, Categorização: onehot, Seleção de Feature: fastica, Scaler: power, Fold: 4 - Exception: Negative values in data passed to MultinomialNB (input X)",No using Simple Imputer,No using One Hot,0.001337289810180664,9.870529174804688e-05
algerian_forest_fires_46279,simpleimputer,onehot,truncated_svd,power,MultinomialNB(),0,,"Erro na combinação 2326 - Imputer: simpleimputer, Categorização: onehot, Seleção de Feature: truncated_svd, Scaler: power, Fold: 0 - Exception: Negative values in data passed to MultinomialNB (input X)",No using Simple Imputer,No using One Hot,0.001337289810180664,9.870529174804688e-05
algerian_forest_fires_46279,simpleimputer,onehot,truncated_svd,power,MultinomialNB(),1,,"Erro na combinação 2327 - Imputer: simpleimputer, Categorização: onehot, Seleção de Feature: truncated_svd, Scaler: power, Fold: 1 - Exception: Negative values in data passed to MultinomialNB (input X)",No using Simple Imputer,No using One Hot,0.001337289810180664,9.870529174804688e-05
algerian_forest_fires_46279,simpleimputer,onehot,truncated_svd,power,MultinomialNB(),2,,"Erro na combinação 2328 - Imputer: simpleimputer, Categorização: onehot, Seleção de Feature: truncated_svd, Scaler: power, Fold: 2 - Exception: Negative values in data passed to MultinomialNB (input X)",No using Simple Imputer,No using One Hot,0.001337289810180664,9.870529174804688e-05
algerian_forest_fires_46279,simpleimputer,onehot,truncated_svd,power,MultinomialNB(),3,,"Erro na combinação 2329 - Imputer: simpleimputer, Categorização: onehot, Seleção de Feature: truncated_svd, Scaler: power, Fold: 3 - Exception: Negative values in data passed to MultinomialNB (input X)",No using Simple Imputer,No using One Hot,0.001337289810180664,9.870529174804688e-05
algerian_forest_fires_46279,simpleimputer,onehot,truncated_svd,power,MultinomialNB(),4,,"Erro na combinação 2330 - Imputer: simpleimputer, Categorização: onehot, Seleção de Feature: truncated_svd, Scaler: power, Fold: 4 - Exception: Negative values in data passed to MultinomialNB (input X)",No using Simple Imputer,No using One Hot,0.001337289810180664,9.870529174804688e-05
algerian_forest_fires_46279,simpleimputer,onehot,select_percentile,power,MultinomialNB(),0,,"Erro na combinação 2331 - Imputer: simpleimputer, Categorização: onehot, Seleção de Feature: select_percentile, Scaler: power, Fold: 0 - Exception: Negative values in data passed to MultinomialNB (input X)",No using Simple Imputer,No using One Hot,0.001337289810180664,9.870529174804688e-05
algerian_forest_fires_46279,simpleimputer,onehot,select_percentile,power,MultinomialNB(),1,,"Erro na combinação 2332 - Imputer: simpleimputer, Categorização: onehot, Seleção de Feature: select_percentile, Scaler: power, Fold: 1 - Exception: Negative values in data passed to MultinomialNB (input X)",No using Simple Imputer,No using One Hot,0.001337289810180664,9.870529174804688e-05
algerian_forest_fires_46279,simpleimputer,onehot,select_percentile,power,MultinomialNB(),2,,"Erro na combinação 2333 - Imputer: simpleimputer, Categorização: onehot, Seleção de Feature: select_percentile, Scaler: power, Fold: 2 - Exception: Negative values in data passed to MultinomialNB (input X)",No using Simple Imputer,No using One Hot,0.001337289810180664,9.870529174804688e-05
algerian_forest_fires_46279,simpleimputer,onehot,select_percentile,power,MultinomialNB(),3,,"Erro na combinação 2334 - Imputer: simpleimputer, Categorização: onehot, Seleção de Feature: select_percentile, Scaler: power, Fold: 3 - Exception: Negative values in data passed to MultinomialNB (input X)",No using Simple Imputer,No using One Hot,0.001337289810180664,9.870529174804688e-05
algerian_forest_fires_46279,simpleimputer,onehot,select_percentile,power,MultinomialNB(),4,,"Erro na combinação 2335 - Imputer: simpleimputer, Categorização: onehot, Seleção de Feature: select_percentile, Scaler: power, Fold: 4 - Exception: Negative values in data passed to MultinomialNB (input X)",No using Simple Imputer,No using One Hot,0.001337289810180664,9.870529174804688e-05
algerian_forest_fires_46279,simpleimputer,onehot,generic_univariate,power,MultinomialNB(),0,,"Erro na combinação 2336 - Imputer: simpleimputer, Categorização: onehot, Seleção de Feature: generic_univariate, Scaler: power, Fold: 0 - Exception: Negative values in data passed to MultinomialNB (input X)",No using Simple Imputer,No using One Hot,0.001337289810180664,9.870529174804688e-05
algerian_forest_fires_46279,simpleimputer,onehot,generic_univariate,power,MultinomialNB(),1,,"Erro na combinação 2337 - Imputer: simpleimputer, Categorização: onehot, Seleção de Feature: generic_univariate, Scaler: power, Fold: 1 - Exception: Negative values in data passed to MultinomialNB (input X)",No using Simple Imputer,No using One Hot,0.001337289810180664,9.870529174804688e-05
algerian_forest_fires_46279,simpleimputer,onehot,generic_univariate,power,MultinomialNB(),2,,"Erro na combinação 2338 - Imputer: simpleimputer, Categorização: onehot, Seleção de Feature: generic_univariate, Scaler: power, Fold: 2 - Exception: Negative values in data passed to MultinomialNB (input X)",No using Simple Imputer,No using One Hot,0.001337289810180664,9.870529174804688e-05
algerian_forest_fires_46279,simpleimputer,onehot,generic_univariate,power,MultinomialNB(),3,,"Erro na combinação 2339 - Imputer: simpleimputer, Categorização: onehot, Seleção de Feature: generic_univariate, Scaler: power, Fold: 3 - Exception: Negative values in data passed to MultinomialNB (input X)",No using Simple Imputer,No using One Hot,0.001337289810180664,9.870529174804688e-05
algerian_forest_fires_46279,simpleimputer,onehot,generic_univariate,power,MultinomialNB(),4,,"Erro na combinação 2340 - Imputer: simpleimputer, Categorização: onehot, Seleção de Feature: generic_univariate, Scaler: power, Fold: 4 - Exception: Negative values in data passed to MultinomialNB (input X)",No using Simple Imputer,No using One Hot,0.001337289810180664,9.870529174804688e-05
algerian_forest_fires_46279,simpleimputer,onehot,polynomial_features,power,MultinomialNB(),0,,"Erro na combinação 2341 - Imputer: simpleimputer, Categorização: onehot, Seleção de Feature: polynomial_features, Scaler: power, Fold: 0 - Exception: Negative values in data passed to MultinomialNB (input X)",No using Simple Imputer,No using One Hot,0.001337289810180664,9.870529174804688e-05
algerian_forest_fires_46279,simpleimputer,onehot,polynomial_features,power,MultinomialNB(),1,,"Erro na combinação 2342 - Imputer: simpleimputer, Categorização: onehot, Seleção de Feature: polynomial_features, Scaler: power, Fold: 1 - Exception: Negative values in data passed to MultinomialNB (input X)",No using Simple Imputer,No using One Hot,0.001337289810180664,9.870529174804688e-05
algerian_forest_fires_46279,simpleimputer,onehot,polynomial_features,power,MultinomialNB(),2,,"Erro na combinação 2343 - Imputer: simpleimputer, Categorização: onehot, Seleção de Feature: polynomial_features, Scaler: power, Fold: 2 - Exception: Negative values in data passed to MultinomialNB (input X)",No using Simple Imputer,No using One Hot,0.001337289810180664,9.870529174804688e-05
algerian_forest_fires_46279,simpleimputer,onehot,polynomial_features,power,MultinomialNB(),3,,"Erro na combinação 2344 - Imputer: simpleimputer, Categorização: onehot, Seleção de Feature: polynomial_features, Scaler: power, Fold: 3 - Exception: Negative values in data passed to MultinomialNB (input X)",No using Simple Imputer,No using One Hot,0.001337289810180664,9.870529174804688e-05
algerian_forest_fires_46279,simpleimputer,onehot,polynomial_features,power,MultinomialNB(),4,,"Erro na combinação 2345 - Imputer: simpleimputer, Categorização: onehot, Seleção de Feature: polynomial_features, Scaler: power, Fold: 4 - Exception: Negative values in data passed to MultinomialNB (input X)",No using Simple Imputer,No using One Hot,0.001337289810180664,9.870529174804688e-05
algerian_forest_fires_46279,simpleimputer,onehot,nystroem,power,MultinomialNB(),0,,"Erro na combinação 2346 - Imputer: simpleimputer, Categorização: onehot, Seleção de Feature: nystroem, Scaler: power, Fold: 0 - Exception: Negative values in data passed to MultinomialNB (input X)",No using Simple Imputer,No using One Hot,0.001337289810180664,9.870529174804688e-05
algerian_forest_fires_46279,simpleimputer,onehot,nystroem,power,MultinomialNB(),1,,"Erro na combinação 2347 - Imputer: simpleimputer, Categorização: onehot, Seleção de Feature: nystroem, Scaler: power, Fold: 1 - Exception: Negative values in data passed to MultinomialNB (input X)",No using Simple Imputer,No using One Hot,0.001337289810180664,9.870529174804688e-05
algerian_forest_fires_46279,simpleimputer,onehot,nystroem,power,MultinomialNB(),2,,"Erro na combinação 2348 - Imputer: simpleimputer, Categorização: onehot, Seleção de Feature: nystroem, Scaler: power, Fold: 2 - Exception: Negative values in data passed to MultinomialNB (input X)",No using Simple Imputer,No using One Hot,0.001337289810180664,9.870529174804688e-05
algerian_forest_fires_46279,simpleimputer,onehot,nystroem,power,MultinomialNB(),3,,"Erro na combinação 2349 - Imputer: simpleimputer, Categorização: onehot, Seleção de Feature: nystroem, Scaler: power, Fold: 3 - Exception: Negative values in data passed to MultinomialNB (input X)",No using Simple Imputer,No using One Hot,0.001337289810180664,9.870529174804688e-05
algerian_forest_fires_46279,simpleimputer,onehot,nystroem,power,MultinomialNB(),4,,"Erro na combinação 2350 - Imputer: simpleimputer, Categorização: onehot, Seleção de Feature: nystroem, Scaler: power, Fold: 4 - Exception: Negative values in data passed to MultinomialNB (input X)",No using Simple Imputer,No using One Hot,0.001337289810180664,9.870529174804688e-05
algerian_forest_fires_46279,simpleimputer,onehot,rbf_sampler,power,MultinomialNB(),0,,"Erro na combinação 2351 - Imputer: simpleimputer, Categorização: onehot, Seleção de Feature: rbf_sampler, Scaler: power, Fold: 0 - Exception: Negative values in data passed to MultinomialNB (input X)",No using Simple Imputer,No using One Hot,0.001337289810180664,9.870529174804688e-05
algerian_forest_fires_46279,simpleimputer,onehot,rbf_sampler,power,MultinomialNB(),1,,"Erro na combinação 2352 - Imputer: simpleimputer, Categorização: onehot, Seleção de Feature: rbf_sampler, Scaler: power, Fold: 1 - Exception: Negative values in data passed to MultinomialNB (input X)",No using Simple Imputer,No using One Hot,0.001337289810180664,9.870529174804688e-05
algerian_forest_fires_46279,simpleimputer,onehot,rbf_sampler,power,MultinomialNB(),2,,"Erro na combinação 2353 - Imputer: simpleimputer, Categorização: onehot, Seleção de Feature: rbf_sampler, Scaler: power, Fold: 2 - Exception: Negative values in data passed to MultinomialNB (input X)",No using Simple Imputer,No using One Hot,0.001337289810180664,9.870529174804688e-05
algerian_forest_fires_46279,simpleimputer,onehot,rbf_sampler,power,MultinomialNB(),3,,"Erro na combinação 2354 - Imputer: simpleimputer, Categorização: onehot, Seleção de Feature: rbf_sampler, Scaler: power, Fold: 3 - Exception: Negative values in data passed to MultinomialNB (input X)",No using Simple Imputer,No using One Hot,0.001337289810180664,9.870529174804688e-05
algerian_forest_fires_46279,simpleimputer,onehot,rbf_sampler,power,MultinomialNB(),4,,"Erro na combinação 2355 - Imputer: simpleimputer, Categorização: onehot, Seleção de Feature: rbf_sampler, Scaler: power, Fold: 4 - Exception: Negative values in data passed to MultinomialNB (input X)",No using Simple Imputer,No using One Hot,0.001337289810180664,9.870529174804688e-05
algerian_forest_fires_46279,simpleimputer,onehot,random_trees_embedding,power,MultinomialNB(),0,0.9183673469387755,,No using Simple Imputer,No using One Hot,0.0015194416046142578,0.00013518333435058594
algerian_forest_fires_46279,simpleimputer,onehot,random_trees_embedding,power,MultinomialNB(),1,0.9591836734693877,,No using Simple Imputer,No using One Hot,0.0015654563903808594,0.0001373291015625
algerian_forest_fires_46279,simpleimputer,onehot,random_trees_embedding,power,MultinomialNB(),2,0.9591836734693877,,No using Simple Imputer,No using One Hot,0.0015339851379394531,0.0001366138458251953
algerian_forest_fires_46279,simpleimputer,onehot,random_trees_embedding,power,MultinomialNB(),3,0.9583333333333334,,No using Simple Imputer,No using One Hot,0.0014989376068115234,0.00013637542724609375
algerian_forest_fires_46279,simpleimputer,onehot,random_trees_embedding,power,MultinomialNB(),4,0.9583333333333334,,No using Simple Imputer,No using One Hot,0.001833200454711914,0.0001366138458251953
algerian_forest_fires_46279,simpleimputer,onehot,feature_agglomeration,power,MultinomialNB(),0,,"Erro na combinação 2361 - Imputer: simpleimputer, Categorização: onehot, Seleção de Feature: feature_agglomeration, Scaler: power, Fold: 0 - Exception: Negative values in data passed to MultinomialNB (input X)",No using Simple Imputer,No using One Hot,0.001833200454711914,0.0001366138458251953
algerian_forest_fires_46279,simpleimputer,onehot,feature_agglomeration,power,MultinomialNB(),1,,"Erro na combinação 2362 - Imputer: simpleimputer, Categorização: onehot, Seleção de Feature: feature_agglomeration, Scaler: power, Fold: 1 - Exception: Negative values in data passed to MultinomialNB (input X)",No using Simple Imputer,No using One Hot,0.001833200454711914,0.0001366138458251953
algerian_forest_fires_46279,simpleimputer,onehot,feature_agglomeration,power,MultinomialNB(),2,,"Erro na combinação 2363 - Imputer: simpleimputer, Categorização: onehot, Seleção de Feature: feature_agglomeration, Scaler: power, Fold: 2 - Exception: Negative values in data passed to MultinomialNB (input X)",No using Simple Imputer,No using One Hot,0.001833200454711914,0.0001366138458251953
algerian_forest_fires_46279,simpleimputer,onehot,feature_agglomeration,power,MultinomialNB(),3,,"Erro na combinação 2364 - Imputer: simpleimputer, Categorização: onehot, Seleção de Feature: feature_agglomeration, Scaler: power, Fold: 3 - Exception: Negative values in data passed to MultinomialNB (input X)",No using Simple Imputer,No using One Hot,0.001833200454711914,0.0001366138458251953
algerian_forest_fires_46279,simpleimputer,onehot,feature_agglomeration,power,MultinomialNB(),4,,"Erro na combinação 2365 - Imputer: simpleimputer, Categorização: onehot, Seleção de Feature: feature_agglomeration, Scaler: power, Fold: 4 - Exception: Negative values in data passed to MultinomialNB (input X)",No using Simple Imputer,No using One Hot,0.001833200454711914,0.0001366138458251953
algerian_forest_fires_46279,simpleimputer,onehot,extra_tree,power,MultinomialNB(),0,,"Erro na combinação 2366 - Imputer: simpleimputer, Categorização: onehot, Seleção de Feature: extra_tree, Scaler: power, Fold: 0 - Exception: Negative values in data passed to MultinomialNB (input X)",No using Simple Imputer,No using One Hot,0.001833200454711914,0.0001366138458251953
algerian_forest_fires_46279,simpleimputer,onehot,extra_tree,power,MultinomialNB(),1,,"Erro na combinação 2367 - Imputer: simpleimputer, Categorização: onehot, Seleção de Feature: extra_tree, Scaler: power, Fold: 1 - Exception: Negative values in data passed to MultinomialNB (input X)",No using Simple Imputer,No using One Hot,0.001833200454711914,0.0001366138458251953
algerian_forest_fires_46279,simpleimputer,onehot,extra_tree,power,MultinomialNB(),2,,"Erro na combinação 2368 - Imputer: simpleimputer, Categorização: onehot, Seleção de Feature: extra_tree, Scaler: power, Fold: 2 - Exception: Negative values in data passed to MultinomialNB (input X)",No using Simple Imputer,No using One Hot,0.001833200454711914,0.0001366138458251953
algerian_forest_fires_46279,simpleimputer,onehot,extra_tree,power,MultinomialNB(),3,,"Erro na combinação 2369 - Imputer: simpleimputer, Categorização: onehot, Seleção de Feature: extra_tree, Scaler: power, Fold: 3 - Exception: Negative values in data passed to MultinomialNB (input X)",No using Simple Imputer,No using One Hot,0.001833200454711914,0.0001366138458251953
algerian_forest_fires_46279,simpleimputer,onehot,extra_tree,power,MultinomialNB(),4,,"Erro na combinação 2370 - Imputer: simpleimputer, Categorização: onehot, Seleção de Feature: extra_tree, Scaler: power, Fold: 4 - Exception: Negative values in data passed to MultinomialNB (input X)",No using Simple Imputer,No using One Hot,0.001833200454711914,0.0001366138458251953
algerian_forest_fires_46279,simpleimputer,onehot,linear_svc,power,MultinomialNB(),0,,"Erro na combinação 2371 - Imputer: simpleimputer, Categorização: onehot, Seleção de Feature: linear_svc, Scaler: power, Fold: 0 - Exception: Negative values in data passed to MultinomialNB (input X)",No using Simple Imputer,No using One Hot,0.001833200454711914,0.0001366138458251953
algerian_forest_fires_46279,simpleimputer,onehot,linear_svc,power,MultinomialNB(),1,,"Erro na combinação 2372 - Imputer: simpleimputer, Categorização: onehot, Seleção de Feature: linear_svc, Scaler: power, Fold: 1 - Exception: Negative values in data passed to MultinomialNB (input X)",No using Simple Imputer,No using One Hot,0.001833200454711914,0.0001366138458251953
algerian_forest_fires_46279,simpleimputer,onehot,linear_svc,power,MultinomialNB(),2,,"Erro na combinação 2373 - Imputer: simpleimputer, Categorização: onehot, Seleção de Feature: linear_svc, Scaler: power, Fold: 2 - Exception: Negative values in data passed to MultinomialNB (input X)",No using Simple Imputer,No using One Hot,0.001833200454711914,0.0001366138458251953
algerian_forest_fires_46279,simpleimputer,onehot,linear_svc,power,MultinomialNB(),3,,"Erro na combinação 2374 - Imputer: simpleimputer, Categorização: onehot, Seleção de Feature: linear_svc, Scaler: power, Fold: 3 - Exception: Negative values in data passed to MultinomialNB (input X)",No using Simple Imputer,No using One Hot,0.001833200454711914,0.0001366138458251953
algerian_forest_fires_46279,simpleimputer,onehot,linear_svc,power,MultinomialNB(),4,,"Erro na combinação 2375 - Imputer: simpleimputer, Categorização: onehot, Seleção de Feature: linear_svc, Scaler: power, Fold: 4 - Exception: Negative values in data passed to MultinomialNB (input X)",No using Simple Imputer,No using One Hot,0.001833200454711914,0.0001366138458251953
algerian_forest_fires_46279,simpleimputer,onehot,kernel_pca,power,MultinomialNB(),0,,"Erro na combinação 2376 - Imputer: simpleimputer, Categorização: onehot, Seleção de Feature: kernel_pca, Scaler: power, Fold: 0 - Exception: Negative values in data passed to MultinomialNB (input X)",No using Simple Imputer,No using One Hot,0.001833200454711914,0.0001366138458251953
algerian_forest_fires_46279,simpleimputer,onehot,kernel_pca,power,MultinomialNB(),1,,"Erro na combinação 2377 - Imputer: simpleimputer, Categorização: onehot, Seleção de Feature: kernel_pca, Scaler: power, Fold: 1 - Exception: Negative values in data passed to MultinomialNB (input X)",No using Simple Imputer,No using One Hot,0.001833200454711914,0.0001366138458251953
algerian_forest_fires_46279,simpleimputer,onehot,kernel_pca,power,MultinomialNB(),2,,"Erro na combinação 2378 - Imputer: simpleimputer, Categorização: onehot, Seleção de Feature: kernel_pca, Scaler: power, Fold: 2 - Exception: Negative values in data passed to MultinomialNB (input X)",No using Simple Imputer,No using One Hot,0.001833200454711914,0.0001366138458251953
algerian_forest_fires_46279,simpleimputer,onehot,kernel_pca,power,MultinomialNB(),3,,"Erro na combinação 2379 - Imputer: simpleimputer, Categorização: onehot, Seleção de Feature: kernel_pca, Scaler: power, Fold: 3 - Exception: Negative values in data passed to MultinomialNB (input X)",No using Simple Imputer,No using One Hot,0.001833200454711914,0.0001366138458251953
algerian_forest_fires_46279,simpleimputer,onehot,kernel_pca,power,MultinomialNB(),4,,"Erro na combinação 2380 - Imputer: simpleimputer, Categorização: onehot, Seleção de Feature: kernel_pca, Scaler: power, Fold: 4 - Exception: Negative values in data passed to MultinomialNB (input X)",No using Simple Imputer,No using One Hot,0.001833200454711914,0.0001366138458251953
algerian_forest_fires_46279,simpleimputer,onehot,,quantile,MultinomialNB(),0,0.8979591836734694,,No using Simple Imputer,No using One Hot,0.0024878978729248047,0.00011801719665527344
algerian_forest_fires_46279,simpleimputer,onehot,,quantile,MultinomialNB(),1,0.9387755102040817,,No using Simple Imputer,No using One Hot,0.0014772415161132812,0.00011444091796875
algerian_forest_fires_46279,simpleimputer,onehot,,quantile,MultinomialNB(),2,0.8367346938775511,,No using Simple Imputer,No using One Hot,0.0014636516571044922,0.00011539459228515625
algerian_forest_fires_46279,simpleimputer,onehot,,quantile,MultinomialNB(),3,0.9166666666666666,,No using Simple Imputer,No using One Hot,0.001413583755493164,0.0001049041748046875
algerian_forest_fires_46279,simpleimputer,onehot,,quantile,MultinomialNB(),4,0.9583333333333334,,No using Simple Imputer,No using One Hot,0.0013172626495361328,0.0001666545867919922
algerian_forest_fires_46279,simpleimputer,onehot,pca,quantile,MultinomialNB(),0,,"Erro na combinação 2386 - Imputer: simpleimputer, Categorização: onehot, Seleção de Feature: pca, Scaler: quantile, Fold: 0 - Exception: Negative values in data passed to MultinomialNB (input X)",No using Simple Imputer,No using One Hot,0.0013172626495361328,0.0001666545867919922
algerian_forest_fires_46279,simpleimputer,onehot,pca,quantile,MultinomialNB(),1,,"Erro na combinação 2387 - Imputer: simpleimputer, Categorização: onehot, Seleção de Feature: pca, Scaler: quantile, Fold: 1 - Exception: Negative values in data passed to MultinomialNB (input X)",No using Simple Imputer,No using One Hot,0.0013172626495361328,0.0001666545867919922
algerian_forest_fires_46279,simpleimputer,onehot,pca,quantile,MultinomialNB(),2,,"Erro na combinação 2388 - Imputer: simpleimputer, Categorização: onehot, Seleção de Feature: pca, Scaler: quantile, Fold: 2 - Exception: Negative values in data passed to MultinomialNB (input X)",No using Simple Imputer,No using One Hot,0.0013172626495361328,0.0001666545867919922
algerian_forest_fires_46279,simpleimputer,onehot,pca,quantile,MultinomialNB(),3,,"Erro na combinação 2389 - Imputer: simpleimputer, Categorização: onehot, Seleção de Feature: pca, Scaler: quantile, Fold: 3 - Exception: Negative values in data passed to MultinomialNB (input X)",No using Simple Imputer,No using One Hot,0.0013172626495361328,0.0001666545867919922
algerian_forest_fires_46279,simpleimputer,onehot,pca,quantile,MultinomialNB(),4,,"Erro na combinação 2390 - Imputer: simpleimputer, Categorização: onehot, Seleção de Feature: pca, Scaler: quantile, Fold: 4 - Exception: Negative values in data passed to MultinomialNB (input X)",No using Simple Imputer,No using One Hot,0.0013172626495361328,0.0001666545867919922
algerian_forest_fires_46279,simpleimputer,onehot,fastica,quantile,MultinomialNB(),0,,"Erro na combinação 2391 - Imputer: simpleimputer, Categorização: onehot, Seleção de Feature: fastica, Scaler: quantile, Fold: 0 - Exception: Negative values in data passed to MultinomialNB (input X)",No using Simple Imputer,No using One Hot,0.0013172626495361328,0.0001666545867919922
algerian_forest_fires_46279,simpleimputer,onehot,fastica,quantile,MultinomialNB(),1,,"Erro na combinação 2392 - Imputer: simpleimputer, Categorização: onehot, Seleção de Feature: fastica, Scaler: quantile, Fold: 1 - Exception: Negative values in data passed to MultinomialNB (input X)",No using Simple Imputer,No using One Hot,0.0013172626495361328,0.0001666545867919922
algerian_forest_fires_46279,simpleimputer,onehot,fastica,quantile,MultinomialNB(),2,,"Erro na combinação 2393 - Imputer: simpleimputer, Categorização: onehot, Seleção de Feature: fastica, Scaler: quantile, Fold: 2 - Exception: Negative values in data passed to MultinomialNB (input X)",No using Simple Imputer,No using One Hot,0.0013172626495361328,0.0001666545867919922
algerian_forest_fires_46279,simpleimputer,onehot,fastica,quantile,MultinomialNB(),3,,"Erro na combinação 2394 - Imputer: simpleimputer, Categorização: onehot, Seleção de Feature: fastica, Scaler: quantile, Fold: 3 - Exception: Negative values in data passed to MultinomialNB (input X)",No using Simple Imputer,No using One Hot,0.0013172626495361328,0.0001666545867919922
algerian_forest_fires_46279,simpleimputer,onehot,fastica,quantile,MultinomialNB(),4,,"Erro na combinação 2395 - Imputer: simpleimputer, Categorização: onehot, Seleção de Feature: fastica, Scaler: quantile, Fold: 4 - Exception: Negative values in data passed to MultinomialNB (input X)",No using Simple Imputer,No using One Hot,0.0013172626495361328,0.0001666545867919922
algerian_forest_fires_46279,simpleimputer,onehot,truncated_svd,quantile,MultinomialNB(),0,,"Erro na combinação 2396 - Imputer: simpleimputer, Categorização: onehot, Seleção de Feature: truncated_svd, Scaler: quantile, Fold: 0 - Exception: Negative values in data passed to MultinomialNB (input X)",No using Simple Imputer,No using One Hot,0.0013172626495361328,0.0001666545867919922
algerian_forest_fires_46279,simpleimputer,onehot,truncated_svd,quantile,MultinomialNB(),1,,"Erro na combinação 2397 - Imputer: simpleimputer, Categorização: onehot, Seleção de Feature: truncated_svd, Scaler: quantile, Fold: 1 - Exception: Negative values in data passed to MultinomialNB (input X)",No using Simple Imputer,No using One Hot,0.0013172626495361328,0.0001666545867919922
algerian_forest_fires_46279,simpleimputer,onehot,truncated_svd,quantile,MultinomialNB(),2,,"Erro na combinação 2398 - Imputer: simpleimputer, Categorização: onehot, Seleção de Feature: truncated_svd, Scaler: quantile, Fold: 2 - Exception: Negative values in data passed to MultinomialNB (input X)",No using Simple Imputer,No using One Hot,0.0013172626495361328,0.0001666545867919922
algerian_forest_fires_46279,simpleimputer,onehot,truncated_svd,quantile,MultinomialNB(),3,,"Erro na combinação 2399 - Imputer: simpleimputer, Categorização: onehot, Seleção de Feature: truncated_svd, Scaler: quantile, Fold: 3 - Exception: Negative values in data passed to MultinomialNB (input X)",No using Simple Imputer,No using One Hot,0.0013172626495361328,0.0001666545867919922
algerian_forest_fires_46279,simpleimputer,onehot,truncated_svd,quantile,MultinomialNB(),4,,"Erro na combinação 2400 - Imputer: simpleimputer, Categorização: onehot, Seleção de Feature: truncated_svd, Scaler: quantile, Fold: 4 - Exception: Negative values in data passed to MultinomialNB (input X)",No using Simple Imputer,No using One Hot,0.0013172626495361328,0.0001666545867919922
algerian_forest_fires_46279,simpleimputer,onehot,select_percentile,quantile,MultinomialNB(),0,0.5510204081632653,,No using Simple Imputer,No using One Hot,0.0012252330780029297,9.584426879882812e-05
algerian_forest_fires_46279,simpleimputer,onehot,select_percentile,quantile,MultinomialNB(),1,0.5510204081632653,,No using Simple Imputer,No using One Hot,0.0012531280517578125,9.608268737792969e-05
algerian_forest_fires_46279,simpleimputer,onehot,select_percentile,quantile,MultinomialNB(),2,0.5714285714285714,,No using Simple Imputer,No using One Hot,0.0011942386627197266,9.465217590332031e-05
algerian_forest_fires_46279,simpleimputer,onehot,select_percentile,quantile,MultinomialNB(),3,0.6041666666666666,,No using Simple Imputer,No using One Hot,0.001239776611328125,9.512901306152344e-05
algerian_forest_fires_46279,simpleimputer,onehot,select_percentile,quantile,MultinomialNB(),4,0.5416666666666666,,No using Simple Imputer,No using One Hot,0.001216888427734375,9.584426879882812e-05
algerian_forest_fires_46279,simpleimputer,onehot,generic_univariate,quantile,MultinomialNB(),0,0.5510204081632653,,No using Simple Imputer,No using One Hot,0.0011525154113769531,9.34600830078125e-05
algerian_forest_fires_46279,simpleimputer,onehot,generic_univariate,quantile,MultinomialNB(),1,0.5510204081632653,,No using Simple Imputer,No using One Hot,0.0011572837829589844,0.00014066696166992188
algerian_forest_fires_46279,simpleimputer,onehot,generic_univariate,quantile,MultinomialNB(),2,0.5714285714285714,,No using Simple Imputer,No using One Hot,0.0014324188232421875,9.989738464355469e-05
algerian_forest_fires_46279,simpleimputer,onehot,generic_univariate,quantile,MultinomialNB(),3,0.6041666666666666,,No using Simple Imputer,No using One Hot,0.0012989044189453125,0.00010085105895996094
algerian_forest_fires_46279,simpleimputer,onehot,generic_univariate,quantile,MultinomialNB(),4,0.5416666666666666,,No using Simple Imputer,No using One Hot,0.0012607574462890625,9.894371032714844e-05
algerian_forest_fires_46279,simpleimputer,onehot,polynomial_features,quantile,MultinomialNB(),0,0.8571428571428571,,No using Simple Imputer,No using One Hot,0.0012264251708984375,0.00010538101196289062
algerian_forest_fires_46279,simpleimputer,onehot,polynomial_features,quantile,MultinomialNB(),1,0.9183673469387755,,No using Simple Imputer,No using One Hot,0.0012350082397460938,0.00010251998901367188
algerian_forest_fires_46279,simpleimputer,onehot,polynomial_features,quantile,MultinomialNB(),2,0.8775510204081632,,No using Simple Imputer,No using One Hot,0.0012149810791015625,0.00010323524475097656
algerian_forest_fires_46279,simpleimputer,onehot,polynomial_features,quantile,MultinomialNB(),3,0.9166666666666666,,No using Simple Imputer,No using One Hot,0.0012464523315429688,0.00010418891906738281
algerian_forest_fires_46279,simpleimputer,onehot,polynomial_features,quantile,MultinomialNB(),4,0.9583333333333334,,No using Simple Imputer,No using One Hot,0.001253366470336914,0.00010418891906738281
algerian_forest_fires_46279,simpleimputer,onehot,nystroem,quantile,MultinomialNB(),0,0.8979591836734694,,No using Simple Imputer,No using One Hot,0.0015811920166015625,0.0001499652862548828
algerian_forest_fires_46279,simpleimputer,onehot,nystroem,quantile,MultinomialNB(),1,0.9387755102040817,,No using Simple Imputer,No using One Hot,0.0015568733215332031,0.0001232624053955078
algerian_forest_fires_46279,simpleimputer,onehot,nystroem,quantile,MultinomialNB(),2,0.8775510204081632,,No using Simple Imputer,No using One Hot,0.0016033649444580078,0.00012373924255371094
algerian_forest_fires_46279,simpleimputer,onehot,nystroem,quantile,MultinomialNB(),3,0.9166666666666666,,No using Simple Imputer,No using One Hot,0.0015213489532470703,0.00012063980102539062
algerian_forest_fires_46279,simpleimputer,onehot,nystroem,quantile,MultinomialNB(),4,0.9583333333333334,,No using Simple Imputer,No using One Hot,0.0017626285552978516,0.00013375282287597656
algerian_forest_fires_46279,simpleimputer,onehot,rbf_sampler,quantile,MultinomialNB(),0,,"Erro na combinação 2421 - Imputer: simpleimputer, Categorização: onehot, Seleção de Feature: rbf_sampler, Scaler: quantile, Fold: 0 - Exception: Negative values in data passed to MultinomialNB (input X)",No using Simple Imputer,No using One Hot,0.0017626285552978516,0.00013375282287597656
algerian_forest_fires_46279,simpleimputer,onehot,rbf_sampler,quantile,MultinomialNB(),1,,"Erro na combinação 2422 - Imputer: simpleimputer, Categorização: onehot, Seleção de Feature: rbf_sampler, Scaler: quantile, Fold: 1 - Exception: Negative values in data passed to MultinomialNB (input X)",No using Simple Imputer,No using One Hot,0.0017626285552978516,0.00013375282287597656
algerian_forest_fires_46279,simpleimputer,onehot,rbf_sampler,quantile,MultinomialNB(),2,,"Erro na combinação 2423 - Imputer: simpleimputer, Categorização: onehot, Seleção de Feature: rbf_sampler, Scaler: quantile, Fold: 2 - Exception: Negative values in data passed to MultinomialNB (input X)",No using Simple Imputer,No using One Hot,0.0017626285552978516,0.00013375282287597656
algerian_forest_fires_46279,simpleimputer,onehot,rbf_sampler,quantile,MultinomialNB(),3,,"Erro na combinação 2424 - Imputer: simpleimputer, Categorização: onehot, Seleção de Feature: rbf_sampler, Scaler: quantile, Fold: 3 - Exception: Negative values in data passed to MultinomialNB (input X)",No using Simple Imputer,No using One Hot,0.0017626285552978516,0.00013375282287597656
algerian_forest_fires_46279,simpleimputer,onehot,rbf_sampler,quantile,MultinomialNB(),4,,"Erro na combinação 2425 - Imputer: simpleimputer, Categorização: onehot, Seleção de Feature: rbf_sampler, Scaler: quantile, Fold: 4 - Exception: Negative values in data passed to MultinomialNB (input X)",No using Simple Imputer,No using One Hot,0.0017626285552978516,0.00013375282287597656
algerian_forest_fires_46279,simpleimputer,onehot,random_trees_embedding,quantile,MultinomialNB(),0,0.9183673469387755,,No using Simple Imputer,No using One Hot,0.0015413761138916016,0.00013947486877441406
algerian_forest_fires_46279,simpleimputer,onehot,random_trees_embedding,quantile,MultinomialNB(),1,0.9387755102040817,,No using Simple Imputer,No using One Hot,0.0015583038330078125,0.00013875961303710938
algerian_forest_fires_46279,simpleimputer,onehot,random_trees_embedding,quantile,MultinomialNB(),2,0.9591836734693877,,No using Simple Imputer,No using One Hot,0.001420736312866211,0.00013494491577148438
algerian_forest_fires_46279,simpleimputer,onehot,random_trees_embedding,quantile,MultinomialNB(),3,0.9583333333333334,,No using Simple Imputer,No using One Hot,0.0016167163848876953,0.0001609325408935547
algerian_forest_fires_46279,simpleimputer,onehot,random_trees_embedding,quantile,MultinomialNB(),4,0.9583333333333334,,No using Simple Imputer,No using One Hot,0.0014164447784423828,0.0001361370086669922
algerian_forest_fires_46279,simpleimputer,onehot,feature_agglomeration,quantile,MultinomialNB(),0,0.6122448979591837,,No using Simple Imputer,No using One Hot,0.001253366470336914,9.632110595703125e-05
algerian_forest_fires_46279,simpleimputer,onehot,feature_agglomeration,quantile,MultinomialNB(),1,0.6530612244897959,,No using Simple Imputer,No using One Hot,0.0012850761413574219,9.5367431640625e-05
algerian_forest_fires_46279,simpleimputer,onehot,feature_agglomeration,quantile,MultinomialNB(),2,0.6938775510204082,,No using Simple Imputer,No using One Hot,0.0012998580932617188,9.584426879882812e-05
algerian_forest_fires_46279,simpleimputer,onehot,feature_agglomeration,quantile,MultinomialNB(),3,0.7708333333333334,,No using Simple Imputer,No using One Hot,0.0012319087982177734,9.465217590332031e-05
algerian_forest_fires_46279,simpleimputer,onehot,feature_agglomeration,quantile,MultinomialNB(),4,0.6875,,No using Simple Imputer,No using One Hot,0.0013577938079833984,0.00010228157043457031
algerian_forest_fires_46279,simpleimputer,onehot,extra_tree,quantile,MultinomialNB(),0,0.8163265306122449,,No using Simple Imputer,No using One Hot,0.0012881755828857422,9.72747802734375e-05
algerian_forest_fires_46279,simpleimputer,onehot,extra_tree,quantile,MultinomialNB(),1,0.5510204081632653,,No using Simple Imputer,No using One Hot,0.0013086795806884766,9.703636169433594e-05
algerian_forest_fires_46279,simpleimputer,onehot,extra_tree,quantile,MultinomialNB(),2,0.7959183673469388,,No using Simple Imputer,No using One Hot,0.0013332366943359375,9.989738464355469e-05
algerian_forest_fires_46279,simpleimputer,onehot,extra_tree,quantile,MultinomialNB(),3,0.6041666666666666,,No using Simple Imputer,No using One Hot,0.001270294189453125,9.703636169433594e-05
algerian_forest_fires_46279,simpleimputer,onehot,extra_tree,quantile,MultinomialNB(),4,0.8541666666666666,,No using Simple Imputer,No using One Hot,0.0012662410736083984,9.703636169433594e-05
algerian_forest_fires_46279,simpleimputer,onehot,linear_svc,quantile,MultinomialNB(),0,0.5510204081632653,,No using Simple Imputer,No using One Hot,0.0012769699096679688,0.00010585784912109375
algerian_forest_fires_46279,simpleimputer,onehot,linear_svc,quantile,MultinomialNB(),1,0.5510204081632653,,No using Simple Imputer,No using One Hot,0.001233816146850586,9.775161743164062e-05
algerian_forest_fires_46279,simpleimputer,onehot,linear_svc,quantile,MultinomialNB(),2,0.6122448979591837,,No using Simple Imputer,No using One Hot,0.0013689994812011719,9.870529174804688e-05
algerian_forest_fires_46279,simpleimputer,onehot,linear_svc,quantile,MultinomialNB(),3,0.6041666666666666,,No using Simple Imputer,No using One Hot,0.0012683868408203125,9.703636169433594e-05
algerian_forest_fires_46279,simpleimputer,onehot,linear_svc,quantile,MultinomialNB(),4,0.6666666666666666,,No using Simple Imputer,No using One Hot,0.0015988349914550781,0.0001456737518310547
algerian_forest_fires_46279,simpleimputer,onehot,kernel_pca,quantile,MultinomialNB(),0,,"Erro na combinação 2446 - Imputer: simpleimputer, Categorização: onehot, Seleção de Feature: kernel_pca, Scaler: quantile, Fold: 0 - Exception: Negative values in data passed to MultinomialNB (input X)",No using Simple Imputer,No using One Hot,0.0015988349914550781,0.0001456737518310547
algerian_forest_fires_46279,simpleimputer,onehot,kernel_pca,quantile,MultinomialNB(),1,,"Erro na combinação 2447 - Imputer: simpleimputer, Categorização: onehot, Seleção de Feature: kernel_pca, Scaler: quantile, Fold: 1 - Exception: Negative values in data passed to MultinomialNB (input X)",No using Simple Imputer,No using One Hot,0.0015988349914550781,0.0001456737518310547
algerian_forest_fires_46279,simpleimputer,onehot,kernel_pca,quantile,MultinomialNB(),2,,"Erro na combinação 2448 - Imputer: simpleimputer, Categorização: onehot, Seleção de Feature: kernel_pca, Scaler: quantile, Fold: 2 - Exception: Negative values in data passed to MultinomialNB (input X)",No using Simple Imputer,No using One Hot,0.0015988349914550781,0.0001456737518310547
algerian_forest_fires_46279,simpleimputer,onehot,kernel_pca,quantile,MultinomialNB(),3,,"Erro na combinação 2449 - Imputer: simpleimputer, Categorização: onehot, Seleção de Feature: kernel_pca, Scaler: quantile, Fold: 3 - Exception: Negative values in data passed to MultinomialNB (input X)",No using Simple Imputer,No using One Hot,0.0015988349914550781,0.0001456737518310547
algerian_forest_fires_46279,simpleimputer,onehot,kernel_pca,quantile,MultinomialNB(),4,,"Erro na combinação 2450 - Imputer: simpleimputer, Categorização: onehot, Seleção de Feature: kernel_pca, Scaler: quantile, Fold: 4 - Exception: Negative values in data passed to MultinomialNB (input X)",No using Simple Imputer,No using One Hot,0.0015988349914550781,0.0001456737518310547
algerian_forest_fires_46279,simpleimputer,ordinalencoder,,,MultinomialNB(),0,0.8367346938775511,,No using Simple Imputer,No using Ordinal Hot,0.0024633407592773438,0.0011126995086669922
algerian_forest_fires_46279,simpleimputer,ordinalencoder,,,MultinomialNB(),1,0.8571428571428571,,No using Simple Imputer,No using Ordinal Hot,0.0022563934326171875,0.0009982585906982422
algerian_forest_fires_46279,simpleimputer,ordinalencoder,,,MultinomialNB(),2,0.8163265306122449,,No using Simple Imputer,No using Ordinal Hot,0.0021109580993652344,0.0009067058563232422
algerian_forest_fires_46279,simpleimputer,ordinalencoder,,,MultinomialNB(),3,0.875,,No using Simple Imputer,No using Ordinal Hot,0.002046823501586914,0.0009236335754394531
algerian_forest_fires_46279,simpleimputer,ordinalencoder,,,MultinomialNB(),4,0.8958333333333334,,No using Simple Imputer,No using Ordinal Hot,0.0021584033966064453,0.0009007453918457031
algerian_forest_fires_46279,simpleimputer,ordinalencoder,pca,,MultinomialNB(),0,,"Erro na combinação 2456 - Imputer: simpleimputer, Categorização: ordinalencoder, Seleção de Feature: pca, Scaler: None, Fold: 0 - Exception: Negative values in data passed to MultinomialNB (input X)",No using Simple Imputer,No using Ordinal Hot,0.0021584033966064453,0.0009007453918457031
algerian_forest_fires_46279,simpleimputer,ordinalencoder,pca,,MultinomialNB(),1,,"Erro na combinação 2457 - Imputer: simpleimputer, Categorização: ordinalencoder, Seleção de Feature: pca, Scaler: None, Fold: 1 - Exception: Negative values in data passed to MultinomialNB (input X)",No using Simple Imputer,No using Ordinal Hot,0.0021584033966064453,0.0009007453918457031
algerian_forest_fires_46279,simpleimputer,ordinalencoder,pca,,MultinomialNB(),2,,"Erro na combinação 2458 - Imputer: simpleimputer, Categorização: ordinalencoder, Seleção de Feature: pca, Scaler: None, Fold: 2 - Exception: Negative values in data passed to MultinomialNB (input X)",No using Simple Imputer,No using Ordinal Hot,0.0021584033966064453,0.0009007453918457031
algerian_forest_fires_46279,simpleimputer,ordinalencoder,pca,,MultinomialNB(),3,,"Erro na combinação 2459 - Imputer: simpleimputer, Categorização: ordinalencoder, Seleção de Feature: pca, Scaler: None, Fold: 3 - Exception: Negative values in data passed to MultinomialNB (input X)",No using Simple Imputer,No using Ordinal Hot,0.0021584033966064453,0.0009007453918457031
algerian_forest_fires_46279,simpleimputer,ordinalencoder,pca,,MultinomialNB(),4,,"Erro na combinação 2460 - Imputer: simpleimputer, Categorização: ordinalencoder, Seleção de Feature: pca, Scaler: None, Fold: 4 - Exception: Negative values in data passed to MultinomialNB (input X)",No using Simple Imputer,No using Ordinal Hot,0.0021584033966064453,0.0009007453918457031
algerian_forest_fires_46279,simpleimputer,ordinalencoder,fastica,,MultinomialNB(),0,,"Erro na combinação 2461 - Imputer: simpleimputer, Categorização: ordinalencoder, Seleção de Feature: fastica, Scaler: None, Fold: 0 - Exception: Negative values in data passed to MultinomialNB (input X)",No using Simple Imputer,No using Ordinal Hot,0.0021584033966064453,0.0009007453918457031
algerian_forest_fires_46279,simpleimputer,ordinalencoder,fastica,,MultinomialNB(),1,,"Erro na combinação 2462 - Imputer: simpleimputer, Categorização: ordinalencoder, Seleção de Feature: fastica, Scaler: None, Fold: 1 - Exception: Negative values in data passed to MultinomialNB (input X)",No using Simple Imputer,No using Ordinal Hot,0.0021584033966064453,0.0009007453918457031
algerian_forest_fires_46279,simpleimputer,ordinalencoder,fastica,,MultinomialNB(),2,,"Erro na combinação 2463 - Imputer: simpleimputer, Categorização: ordinalencoder, Seleção de Feature: fastica, Scaler: None, Fold: 2 - Exception: Negative values in data passed to MultinomialNB (input X)",No using Simple Imputer,No using Ordinal Hot,0.0021584033966064453,0.0009007453918457031
algerian_forest_fires_46279,simpleimputer,ordinalencoder,fastica,,MultinomialNB(),3,,"Erro na combinação 2464 - Imputer: simpleimputer, Categorização: ordinalencoder, Seleção de Feature: fastica, Scaler: None, Fold: 3 - Exception: Negative values in data passed to MultinomialNB (input X)",No using Simple Imputer,No using Ordinal Hot,0.0021584033966064453,0.0009007453918457031
algerian_forest_fires_46279,simpleimputer,ordinalencoder,fastica,,MultinomialNB(),4,,"Erro na combinação 2465 - Imputer: simpleimputer, Categorização: ordinalencoder, Seleção de Feature: fastica, Scaler: None, Fold: 4 - Exception: Negative values in data passed to MultinomialNB (input X)",No using Simple Imputer,No using Ordinal Hot,0.0021584033966064453,0.0009007453918457031
algerian_forest_fires_46279,simpleimputer,ordinalencoder,truncated_svd,,MultinomialNB(),0,,"Erro na combinação 2466 - Imputer: simpleimputer, Categorização: ordinalencoder, Seleção de Feature: truncated_svd, Scaler: None, Fold: 0 - Exception: Negative values in data passed to MultinomialNB (input X)",No using Simple Imputer,No using Ordinal Hot,0.0021584033966064453,0.0009007453918457031
algerian_forest_fires_46279,simpleimputer,ordinalencoder,truncated_svd,,MultinomialNB(),1,,"Erro na combinação 2467 - Imputer: simpleimputer, Categorização: ordinalencoder, Seleção de Feature: truncated_svd, Scaler: None, Fold: 1 - Exception: Negative values in data passed to MultinomialNB (input X)",No using Simple Imputer,No using Ordinal Hot,0.0021584033966064453,0.0009007453918457031
algerian_forest_fires_46279,simpleimputer,ordinalencoder,truncated_svd,,MultinomialNB(),2,,"Erro na combinação 2468 - Imputer: simpleimputer, Categorização: ordinalencoder, Seleção de Feature: truncated_svd, Scaler: None, Fold: 2 - Exception: Negative values in data passed to MultinomialNB (input X)",No using Simple Imputer,No using Ordinal Hot,0.0021584033966064453,0.0009007453918457031
algerian_forest_fires_46279,simpleimputer,ordinalencoder,truncated_svd,,MultinomialNB(),3,,"Erro na combinação 2469 - Imputer: simpleimputer, Categorização: ordinalencoder, Seleção de Feature: truncated_svd, Scaler: None, Fold: 3 - Exception: Negative values in data passed to MultinomialNB (input X)",No using Simple Imputer,No using Ordinal Hot,0.0021584033966064453,0.0009007453918457031
algerian_forest_fires_46279,simpleimputer,ordinalencoder,truncated_svd,,MultinomialNB(),4,,"Erro na combinação 2470 - Imputer: simpleimputer, Categorização: ordinalencoder, Seleção de Feature: truncated_svd, Scaler: None, Fold: 4 - Exception: Negative values in data passed to MultinomialNB (input X)",No using Simple Imputer,No using Ordinal Hot,0.0021584033966064453,0.0009007453918457031
algerian_forest_fires_46279,simpleimputer,ordinalencoder,select_percentile,,MultinomialNB(),0,0.9183673469387755,,No using Simple Imputer,No using Ordinal Hot,0.0013179779052734375,9.703636169433594e-05
algerian_forest_fires_46279,simpleimputer,ordinalencoder,select_percentile,,MultinomialNB(),1,0.9795918367346939,,No using Simple Imputer,No using Ordinal Hot,0.0012347698211669922,9.703636169433594e-05
algerian_forest_fires_46279,simpleimputer,ordinalencoder,select_percentile,,MultinomialNB(),2,0.9183673469387755,,No using Simple Imputer,No using Ordinal Hot,0.0013077259063720703,9.655952453613281e-05
algerian_forest_fires_46279,simpleimputer,ordinalencoder,select_percentile,,MultinomialNB(),3,0.9375,,No using Simple Imputer,No using Ordinal Hot,0.001207113265991211,9.512901306152344e-05
algerian_forest_fires_46279,simpleimputer,ordinalencoder,select_percentile,,MultinomialNB(),4,0.9166666666666666,,No using Simple Imputer,No using Ordinal Hot,0.001220703125,9.417533874511719e-05
algerian_forest_fires_46279,simpleimputer,ordinalencoder,generic_univariate,,MultinomialNB(),0,0.5510204081632653,,No using Simple Imputer,No using Ordinal Hot,0.0011894702911376953,9.250640869140625e-05
algerian_forest_fires_46279,simpleimputer,ordinalencoder,generic_univariate,,MultinomialNB(),1,0.5510204081632653,,No using Simple Imputer,No using Ordinal Hot,0.0011622905731201172,0.00011610984802246094
algerian_forest_fires_46279,simpleimputer,ordinalencoder,generic_univariate,,MultinomialNB(),2,0.5714285714285714,,No using Simple Imputer,No using Ordinal Hot,0.0011870861053466797,9.489059448242188e-05
algerian_forest_fires_46279,simpleimputer,ordinalencoder,generic_univariate,,MultinomialNB(),3,0.6041666666666666,,No using Simple Imputer,No using Ordinal Hot,0.0012564659118652344,9.298324584960938e-05
algerian_forest_fires_46279,simpleimputer,ordinalencoder,generic_univariate,,MultinomialNB(),4,0.5416666666666666,,No using Simple Imputer,No using Ordinal Hot,0.0012471675872802734,9.5367431640625e-05
algerian_forest_fires_46279,simpleimputer,ordinalencoder,polynomial_features,,MultinomialNB(),0,0.8367346938775511,,No using Simple Imputer,No using Ordinal Hot,0.001348733901977539,0.00010561943054199219
algerian_forest_fires_46279,simpleimputer,ordinalencoder,polynomial_features,,MultinomialNB(),1,0.8367346938775511,,No using Simple Imputer,No using Ordinal Hot,0.0012431144714355469,0.00011086463928222656
algerian_forest_fires_46279,simpleimputer,ordinalencoder,polynomial_features,,MultinomialNB(),2,0.7959183673469388,,No using Simple Imputer,No using Ordinal Hot,0.00128936767578125,0.00010514259338378906
algerian_forest_fires_46279,simpleimputer,ordinalencoder,polynomial_features,,MultinomialNB(),3,0.875,,No using Simple Imputer,No using Ordinal Hot,0.001280069351196289,0.00010609626770019531
algerian_forest_fires_46279,simpleimputer,ordinalencoder,polynomial_features,,MultinomialNB(),4,0.8958333333333334,,No using Simple Imputer,No using Ordinal Hot,0.0012516975402832031,0.00010561943054199219
algerian_forest_fires_46279,simpleimputer,ordinalencoder,nystroem,,MultinomialNB(),0,,"Erro na combinação 2486 - Imputer: simpleimputer, Categorização: ordinalencoder, Seleção de Feature: nystroem, Scaler: None, Fold: 0 - Exception: Negative values in data passed to MultinomialNB (input X)",No using Simple Imputer,No using Ordinal Hot,0.0012516975402832031,0.00010561943054199219
algerian_forest_fires_46279,simpleimputer,ordinalencoder,nystroem,,MultinomialNB(),1,,"Erro na combinação 2487 - Imputer: simpleimputer, Categorização: ordinalencoder, Seleção de Feature: nystroem, Scaler: None, Fold: 1 - Exception: Negative values in data passed to MultinomialNB (input X)",No using Simple Imputer,No using Ordinal Hot,0.0012516975402832031,0.00010561943054199219
algerian_forest_fires_46279,simpleimputer,ordinalencoder,nystroem,,MultinomialNB(),2,,"Erro na combinação 2488 - Imputer: simpleimputer, Categorização: ordinalencoder, Seleção de Feature: nystroem, Scaler: None, Fold: 2 - Exception: Negative values in data passed to MultinomialNB (input X)",No using Simple Imputer,No using Ordinal Hot,0.0012516975402832031,0.00010561943054199219
algerian_forest_fires_46279,simpleimputer,ordinalencoder,nystroem,,MultinomialNB(),3,,"Erro na combinação 2489 - Imputer: simpleimputer, Categorização: ordinalencoder, Seleção de Feature: nystroem, Scaler: None, Fold: 3 - Exception: Negative values in data passed to MultinomialNB (input X)",No using Simple Imputer,No using Ordinal Hot,0.0012516975402832031,0.00010561943054199219
algerian_forest_fires_46279,simpleimputer,ordinalencoder,nystroem,,MultinomialNB(),4,,"Erro na combinação 2490 - Imputer: simpleimputer, Categorização: ordinalencoder, Seleção de Feature: nystroem, Scaler: None, Fold: 4 - Exception: Negative values in data passed to MultinomialNB (input X)",No using Simple Imputer,No using Ordinal Hot,0.0012516975402832031,0.00010561943054199219
algerian_forest_fires_46279,simpleimputer,ordinalencoder,rbf_sampler,,MultinomialNB(),0,,"Erro na combinação 2491 - Imputer: simpleimputer, Categorização: ordinalencoder, Seleção de Feature: rbf_sampler, Scaler: None, Fold: 0 - Exception: Negative values in data passed to MultinomialNB (input X)",No using Simple Imputer,No using Ordinal Hot,0.0012516975402832031,0.00010561943054199219
algerian_forest_fires_46279,simpleimputer,ordinalencoder,rbf_sampler,,MultinomialNB(),1,,"Erro na combinação 2492 - Imputer: simpleimputer, Categorização: ordinalencoder, Seleção de Feature: rbf_sampler, Scaler: None, Fold: 1 - Exception: Negative values in data passed to MultinomialNB (input X)",No using Simple Imputer,No using Ordinal Hot,0.0012516975402832031,0.00010561943054199219
algerian_forest_fires_46279,simpleimputer,ordinalencoder,rbf_sampler,,MultinomialNB(),2,,"Erro na combinação 2493 - Imputer: simpleimputer, Categorização: ordinalencoder, Seleção de Feature: rbf_sampler, Scaler: None, Fold: 2 - Exception: Negative values in data passed to MultinomialNB (input X)",No using Simple Imputer,No using Ordinal Hot,0.0012516975402832031,0.00010561943054199219
algerian_forest_fires_46279,simpleimputer,ordinalencoder,rbf_sampler,,MultinomialNB(),3,,"Erro na combinação 2494 - Imputer: simpleimputer, Categorização: ordinalencoder, Seleção de Feature: rbf_sampler, Scaler: None, Fold: 3 - Exception: Negative values in data passed to MultinomialNB (input X)",No using Simple Imputer,No using Ordinal Hot,0.0012516975402832031,0.00010561943054199219
algerian_forest_fires_46279,simpleimputer,ordinalencoder,rbf_sampler,,MultinomialNB(),4,,"Erro na combinação 2495 - Imputer: simpleimputer, Categorização: ordinalencoder, Seleção de Feature: rbf_sampler, Scaler: None, Fold: 4 - Exception: Negative values in data passed to MultinomialNB (input X)",No using Simple Imputer,No using Ordinal Hot,0.0012516975402832031,0.00010561943054199219
algerian_forest_fires_46279,simpleimputer,ordinalencoder,random_trees_embedding,,MultinomialNB(),0,0.8979591836734694,,No using Simple Imputer,No using Ordinal Hot,0.0014257431030273438,0.00016021728515625
algerian_forest_fires_46279,simpleimputer,ordinalencoder,random_trees_embedding,,MultinomialNB(),1,0.9387755102040817,,No using Simple Imputer,No using Ordinal Hot,0.0014395713806152344,0.0001347064971923828
algerian_forest_fires_46279,simpleimputer,ordinalencoder,random_trees_embedding,,MultinomialNB(),2,0.9183673469387755,,No using Simple Imputer,No using Ordinal Hot,0.0014638900756835938,0.0001354217529296875
algerian_forest_fires_46279,simpleimputer,ordinalencoder,random_trees_embedding,,MultinomialNB(),3,0.9583333333333334,,No using Simple Imputer,No using Ordinal Hot,0.0014240741729736328,0.00014781951904296875
algerian_forest_fires_46279,simpleimputer,ordinalencoder,random_trees_embedding,,MultinomialNB(),4,0.9791666666666666,,No using Simple Imputer,No using Ordinal Hot,0.00146484375,0.00014543533325195312
algerian_forest_fires_46279,simpleimputer,ordinalencoder,feature_agglomeration,,MultinomialNB(),0,0.8367346938775511,,No using Simple Imputer,No using Ordinal Hot,0.0012392997741699219,0.00010180473327636719
algerian_forest_fires_46279,simpleimputer,ordinalencoder,feature_agglomeration,,MultinomialNB(),1,0.7755102040816326,,No using Simple Imputer,No using Ordinal Hot,0.0013263225555419922,9.489059448242188e-05
algerian_forest_fires_46279,simpleimputer,ordinalencoder,feature_agglomeration,,MultinomialNB(),2,0.7959183673469388,,No using Simple Imputer,No using Ordinal Hot,0.0012395381927490234,9.608268737792969e-05
algerian_forest_fires_46279,simpleimputer,ordinalencoder,feature_agglomeration,,MultinomialNB(),3,0.8125,,No using Simple Imputer,No using Ordinal Hot,0.0012319087982177734,9.34600830078125e-05
algerian_forest_fires_46279,simpleimputer,ordinalencoder,feature_agglomeration,,MultinomialNB(),4,0.8541666666666666,,No using Simple Imputer,No using Ordinal Hot,0.0012164115905761719,0.00011658668518066406
algerian_forest_fires_46279,simpleimputer,ordinalencoder,extra_tree,,MultinomialNB(),0,0.8571428571428571,,No using Simple Imputer,No using Ordinal Hot,0.0013229846954345703,9.799003601074219e-05
algerian_forest_fires_46279,simpleimputer,ordinalencoder,extra_tree,,MultinomialNB(),1,0.9183673469387755,,No using Simple Imputer,No using Ordinal Hot,0.0013124942779541016,9.775161743164062e-05
algerian_forest_fires_46279,simpleimputer,ordinalencoder,extra_tree,,MultinomialNB(),2,0.8367346938775511,,No using Simple Imputer,No using Ordinal Hot,0.0013093948364257812,9.751319885253906e-05
algerian_forest_fires_46279,simpleimputer,ordinalencoder,extra_tree,,MultinomialNB(),3,0.9166666666666666,,No using Simple Imputer,No using Ordinal Hot,0.0012907981872558594,9.846687316894531e-05
algerian_forest_fires_46279,simpleimputer,ordinalencoder,extra_tree,,MultinomialNB(),4,0.9583333333333334,,No using Simple Imputer,No using Ordinal Hot,0.0012650489807128906,9.5367431640625e-05
algerian_forest_fires_46279,simpleimputer,ordinalencoder,linear_svc,,MultinomialNB(),0,0.8775510204081632,,No using Simple Imputer,No using Ordinal Hot,0.0013155937194824219,0.00010991096496582031
algerian_forest_fires_46279,simpleimputer,ordinalencoder,linear_svc,,MultinomialNB(),1,0.9795918367346939,,No using Simple Imputer,No using Ordinal Hot,0.0012695789337158203,9.584426879882812e-05
algerian_forest_fires_46279,simpleimputer,ordinalencoder,linear_svc,,MultinomialNB(),2,0.9591836734693877,,No using Simple Imputer,No using Ordinal Hot,0.0013098716735839844,9.799003601074219e-05
algerian_forest_fires_46279,simpleimputer,ordinalencoder,linear_svc,,MultinomialNB(),3,0.9583333333333334,,No using Simple Imputer,No using Ordinal Hot,0.00127410888671875,9.775161743164062e-05
algerian_forest_fires_46279,simpleimputer,ordinalencoder,linear_svc,,MultinomialNB(),4,0.9583333333333334,,No using Simple Imputer,No using Ordinal Hot,0.001359701156616211,0.00010824203491210938
algerian_forest_fires_46279,simpleimputer,ordinalencoder,kernel_pca,,MultinomialNB(),0,,"Erro na combinação 2516 - Imputer: simpleimputer, Categorização: ordinalencoder, Seleção de Feature: kernel_pca, Scaler: None, Fold: 0 - Exception: Negative values in data passed to MultinomialNB (input X)",No using Simple Imputer,No using Ordinal Hot,0.001359701156616211,0.00010824203491210938
algerian_forest_fires_46279,simpleimputer,ordinalencoder,kernel_pca,,MultinomialNB(),1,,"Erro na combinação 2517 - Imputer: simpleimputer, Categorização: ordinalencoder, Seleção de Feature: kernel_pca, Scaler: None, Fold: 1 - Exception: Negative values in data passed to MultinomialNB (input X)",No using Simple Imputer,No using Ordinal Hot,0.001359701156616211,0.00010824203491210938
algerian_forest_fires_46279,simpleimputer,ordinalencoder,kernel_pca,,MultinomialNB(),2,,"Erro na combinação 2518 - Imputer: simpleimputer, Categorização: ordinalencoder, Seleção de Feature: kernel_pca, Scaler: None, Fold: 2 - Exception: Negative values in data passed to MultinomialNB (input X)",No using Simple Imputer,No using Ordinal Hot,0.001359701156616211,0.00010824203491210938
algerian_forest_fires_46279,simpleimputer,ordinalencoder,kernel_pca,,MultinomialNB(),3,,"Erro na combinação 2519 - Imputer: simpleimputer, Categorização: ordinalencoder, Seleção de Feature: kernel_pca, Scaler: None, Fold: 3 - Exception: Negative values in data passed to MultinomialNB (input X)",No using Simple Imputer,No using Ordinal Hot,0.001359701156616211,0.00010824203491210938
algerian_forest_fires_46279,simpleimputer,ordinalencoder,kernel_pca,,MultinomialNB(),4,,"Erro na combinação 2520 - Imputer: simpleimputer, Categorização: ordinalencoder, Seleção de Feature: kernel_pca, Scaler: None, Fold: 4 - Exception: Negative values in data passed to MultinomialNB (input X)",No using Simple Imputer,No using Ordinal Hot,0.001359701156616211,0.00010824203491210938
algerian_forest_fires_46279,simpleimputer,ordinalencoder,,standard,MultinomialNB(),0,,"Erro na combinação 2521 - Imputer: simpleimputer, Categorização: ordinalencoder, Seleção de Feature: None, Scaler: standard, Fold: 0 - Exception: Negative values in data passed to MultinomialNB (input X)",No using Simple Imputer,No using Ordinal Hot,0.001359701156616211,0.00010824203491210938
algerian_forest_fires_46279,simpleimputer,ordinalencoder,,standard,MultinomialNB(),1,,"Erro na combinação 2522 - Imputer: simpleimputer, Categorização: ordinalencoder, Seleção de Feature: None, Scaler: standard, Fold: 1 - Exception: Negative values in data passed to MultinomialNB (input X)",No using Simple Imputer,No using Ordinal Hot,0.001359701156616211,0.00010824203491210938
algerian_forest_fires_46279,simpleimputer,ordinalencoder,,standard,MultinomialNB(),2,,"Erro na combinação 2523 - Imputer: simpleimputer, Categorização: ordinalencoder, Seleção de Feature: None, Scaler: standard, Fold: 2 - Exception: Negative values in data passed to MultinomialNB (input X)",No using Simple Imputer,No using Ordinal Hot,0.001359701156616211,0.00010824203491210938
algerian_forest_fires_46279,simpleimputer,ordinalencoder,,standard,MultinomialNB(),3,,"Erro na combinação 2524 - Imputer: simpleimputer, Categorização: ordinalencoder, Seleção de Feature: None, Scaler: standard, Fold: 3 - Exception: Negative values in data passed to MultinomialNB (input X)",No using Simple Imputer,No using Ordinal Hot,0.001359701156616211,0.00010824203491210938
algerian_forest_fires_46279,simpleimputer,ordinalencoder,,standard,MultinomialNB(),4,,"Erro na combinação 2525 - Imputer: simpleimputer, Categorização: ordinalencoder, Seleção de Feature: None, Scaler: standard, Fold: 4 - Exception: Negative values in data passed to MultinomialNB (input X)",No using Simple Imputer,No using Ordinal Hot,0.001359701156616211,0.00010824203491210938
algerian_forest_fires_46279,simpleimputer,ordinalencoder,pca,standard,MultinomialNB(),0,,"Erro na combinação 2526 - Imputer: simpleimputer, Categorização: ordinalencoder, Seleção de Feature: pca, Scaler: standard, Fold: 0 - Exception: Negative values in data passed to MultinomialNB (input X)",No using Simple Imputer,No using Ordinal Hot,0.001359701156616211,0.00010824203491210938
algerian_forest_fires_46279,simpleimputer,ordinalencoder,pca,standard,MultinomialNB(),1,,"Erro na combinação 2527 - Imputer: simpleimputer, Categorização: ordinalencoder, Seleção de Feature: pca, Scaler: standard, Fold: 1 - Exception: Negative values in data passed to MultinomialNB (input X)",No using Simple Imputer,No using Ordinal Hot,0.001359701156616211,0.00010824203491210938
algerian_forest_fires_46279,simpleimputer,ordinalencoder,pca,standard,MultinomialNB(),2,,"Erro na combinação 2528 - Imputer: simpleimputer, Categorização: ordinalencoder, Seleção de Feature: pca, Scaler: standard, Fold: 2 - Exception: Negative values in data passed to MultinomialNB (input X)",No using Simple Imputer,No using Ordinal Hot,0.001359701156616211,0.00010824203491210938
algerian_forest_fires_46279,simpleimputer,ordinalencoder,pca,standard,MultinomialNB(),3,,"Erro na combinação 2529 - Imputer: simpleimputer, Categorização: ordinalencoder, Seleção de Feature: pca, Scaler: standard, Fold: 3 - Exception: Negative values in data passed to MultinomialNB (input X)",No using Simple Imputer,No using Ordinal Hot,0.001359701156616211,0.00010824203491210938
algerian_forest_fires_46279,simpleimputer,ordinalencoder,pca,standard,MultinomialNB(),4,,"Erro na combinação 2530 - Imputer: simpleimputer, Categorização: ordinalencoder, Seleção de Feature: pca, Scaler: standard, Fold: 4 - Exception: Negative values in data passed to MultinomialNB (input X)",No using Simple Imputer,No using Ordinal Hot,0.001359701156616211,0.00010824203491210938
algerian_forest_fires_46279,simpleimputer,ordinalencoder,fastica,standard,MultinomialNB(),0,,"Erro na combinação 2531 - Imputer: simpleimputer, Categorização: ordinalencoder, Seleção de Feature: fastica, Scaler: standard, Fold: 0 - Exception: Negative values in data passed to MultinomialNB (input X)",No using Simple Imputer,No using Ordinal Hot,0.001359701156616211,0.00010824203491210938
algerian_forest_fires_46279,simpleimputer,ordinalencoder,fastica,standard,MultinomialNB(),1,,"Erro na combinação 2532 - Imputer: simpleimputer, Categorização: ordinalencoder, Seleção de Feature: fastica, Scaler: standard, Fold: 1 - Exception: Negative values in data passed to MultinomialNB (input X)",No using Simple Imputer,No using Ordinal Hot,0.001359701156616211,0.00010824203491210938
algerian_forest_fires_46279,simpleimputer,ordinalencoder,fastica,standard,MultinomialNB(),2,,"Erro na combinação 2533 - Imputer: simpleimputer, Categorização: ordinalencoder, Seleção de Feature: fastica, Scaler: standard, Fold: 2 - Exception: Negative values in data passed to MultinomialNB (input X)",No using Simple Imputer,No using Ordinal Hot,0.001359701156616211,0.00010824203491210938
algerian_forest_fires_46279,simpleimputer,ordinalencoder,fastica,standard,MultinomialNB(),3,,"Erro na combinação 2534 - Imputer: simpleimputer, Categorização: ordinalencoder, Seleção de Feature: fastica, Scaler: standard, Fold: 3 - Exception: Negative values in data passed to MultinomialNB (input X)",No using Simple Imputer,No using Ordinal Hot,0.001359701156616211,0.00010824203491210938
algerian_forest_fires_46279,simpleimputer,ordinalencoder,fastica,standard,MultinomialNB(),4,,"Erro na combinação 2535 - Imputer: simpleimputer, Categorização: ordinalencoder, Seleção de Feature: fastica, Scaler: standard, Fold: 4 - Exception: Negative values in data passed to MultinomialNB (input X)",No using Simple Imputer,No using Ordinal Hot,0.001359701156616211,0.00010824203491210938
algerian_forest_fires_46279,simpleimputer,ordinalencoder,truncated_svd,standard,MultinomialNB(),0,,"Erro na combinação 2536 - Imputer: simpleimputer, Categorização: ordinalencoder, Seleção de Feature: truncated_svd, Scaler: standard, Fold: 0 - Exception: Negative values in data passed to MultinomialNB (input X)",No using Simple Imputer,No using Ordinal Hot,0.001359701156616211,0.00010824203491210938
algerian_forest_fires_46279,simpleimputer,ordinalencoder,truncated_svd,standard,MultinomialNB(),1,,"Erro na combinação 2537 - Imputer: simpleimputer, Categorização: ordinalencoder, Seleção de Feature: truncated_svd, Scaler: standard, Fold: 1 - Exception: Negative values in data passed to MultinomialNB (input X)",No using Simple Imputer,No using Ordinal Hot,0.001359701156616211,0.00010824203491210938
algerian_forest_fires_46279,simpleimputer,ordinalencoder,truncated_svd,standard,MultinomialNB(),2,,"Erro na combinação 2538 - Imputer: simpleimputer, Categorização: ordinalencoder, Seleção de Feature: truncated_svd, Scaler: standard, Fold: 2 - Exception: Negative values in data passed to MultinomialNB (input X)",No using Simple Imputer,No using Ordinal Hot,0.001359701156616211,0.00010824203491210938
algerian_forest_fires_46279,simpleimputer,ordinalencoder,truncated_svd,standard,MultinomialNB(),3,,"Erro na combinação 2539 - Imputer: simpleimputer, Categorização: ordinalencoder, Seleção de Feature: truncated_svd, Scaler: standard, Fold: 3 - Exception: Negative values in data passed to MultinomialNB (input X)",No using Simple Imputer,No using Ordinal Hot,0.001359701156616211,0.00010824203491210938
algerian_forest_fires_46279,simpleimputer,ordinalencoder,truncated_svd,standard,MultinomialNB(),4,,"Erro na combinação 2540 - Imputer: simpleimputer, Categorização: ordinalencoder, Seleção de Feature: truncated_svd, Scaler: standard, Fold: 4 - Exception: Negative values in data passed to MultinomialNB (input X)",No using Simple Imputer,No using Ordinal Hot,0.001359701156616211,0.00010824203491210938
algerian_forest_fires_46279,simpleimputer,ordinalencoder,select_percentile,standard,MultinomialNB(),0,,"Erro na combinação 2541 - Imputer: simpleimputer, Categorização: ordinalencoder, Seleção de Feature: select_percentile, Scaler: standard, Fold: 0 - Exception: Negative values in data passed to MultinomialNB (input X)",No using Simple Imputer,No using Ordinal Hot,0.001359701156616211,0.00010824203491210938
algerian_forest_fires_46279,simpleimputer,ordinalencoder,select_percentile,standard,MultinomialNB(),1,,"Erro na combinação 2542 - Imputer: simpleimputer, Categorização: ordinalencoder, Seleção de Feature: select_percentile, Scaler: standard, Fold: 1 - Exception: Negative values in data passed to MultinomialNB (input X)",No using Simple Imputer,No using Ordinal Hot,0.001359701156616211,0.00010824203491210938
algerian_forest_fires_46279,simpleimputer,ordinalencoder,select_percentile,standard,MultinomialNB(),2,,"Erro na combinação 2543 - Imputer: simpleimputer, Categorização: ordinalencoder, Seleção de Feature: select_percentile, Scaler: standard, Fold: 2 - Exception: Negative values in data passed to MultinomialNB (input X)",No using Simple Imputer,No using Ordinal Hot,0.001359701156616211,0.00010824203491210938
algerian_forest_fires_46279,simpleimputer,ordinalencoder,select_percentile,standard,MultinomialNB(),3,,"Erro na combinação 2544 - Imputer: simpleimputer, Categorização: ordinalencoder, Seleção de Feature: select_percentile, Scaler: standard, Fold: 3 - Exception: Negative values in data passed to MultinomialNB (input X)",No using Simple Imputer,No using Ordinal Hot,0.001359701156616211,0.00010824203491210938
algerian_forest_fires_46279,simpleimputer,ordinalencoder,select_percentile,standard,MultinomialNB(),4,,"Erro na combinação 2545 - Imputer: simpleimputer, Categorização: ordinalencoder, Seleção de Feature: select_percentile, Scaler: standard, Fold: 4 - Exception: Negative values in data passed to MultinomialNB (input X)",No using Simple Imputer,No using Ordinal Hot,0.001359701156616211,0.00010824203491210938
algerian_forest_fires_46279,simpleimputer,ordinalencoder,generic_univariate,standard,MultinomialNB(),0,,"Erro na combinação 2546 - Imputer: simpleimputer, Categorização: ordinalencoder, Seleção de Feature: generic_univariate, Scaler: standard, Fold: 0 - Exception: Negative values in data passed to MultinomialNB (input X)",No using Simple Imputer,No using Ordinal Hot,0.001359701156616211,0.00010824203491210938
algerian_forest_fires_46279,simpleimputer,ordinalencoder,generic_univariate,standard,MultinomialNB(),1,,"Erro na combinação 2547 - Imputer: simpleimputer, Categorização: ordinalencoder, Seleção de Feature: generic_univariate, Scaler: standard, Fold: 1 - Exception: Negative values in data passed to MultinomialNB (input X)",No using Simple Imputer,No using Ordinal Hot,0.001359701156616211,0.00010824203491210938
algerian_forest_fires_46279,simpleimputer,ordinalencoder,generic_univariate,standard,MultinomialNB(),2,,"Erro na combinação 2548 - Imputer: simpleimputer, Categorização: ordinalencoder, Seleção de Feature: generic_univariate, Scaler: standard, Fold: 2 - Exception: Negative values in data passed to MultinomialNB (input X)",No using Simple Imputer,No using Ordinal Hot,0.001359701156616211,0.00010824203491210938
algerian_forest_fires_46279,simpleimputer,ordinalencoder,generic_univariate,standard,MultinomialNB(),3,,"Erro na combinação 2549 - Imputer: simpleimputer, Categorização: ordinalencoder, Seleção de Feature: generic_univariate, Scaler: standard, Fold: 3 - Exception: Negative values in data passed to MultinomialNB (input X)",No using Simple Imputer,No using Ordinal Hot,0.001359701156616211,0.00010824203491210938
algerian_forest_fires_46279,simpleimputer,ordinalencoder,generic_univariate,standard,MultinomialNB(),4,,"Erro na combinação 2550 - Imputer: simpleimputer, Categorização: ordinalencoder, Seleção de Feature: generic_univariate, Scaler: standard, Fold: 4 - Exception: Negative values in data passed to MultinomialNB (input X)",No using Simple Imputer,No using Ordinal Hot,0.001359701156616211,0.00010824203491210938
algerian_forest_fires_46279,simpleimputer,ordinalencoder,polynomial_features,standard,MultinomialNB(),0,,"Erro na combinação 2551 - Imputer: simpleimputer, Categorização: ordinalencoder, Seleção de Feature: polynomial_features, Scaler: standard, Fold: 0 - Exception: Negative values in data passed to MultinomialNB (input X)",No using Simple Imputer,No using Ordinal Hot,0.001359701156616211,0.00010824203491210938
algerian_forest_fires_46279,simpleimputer,ordinalencoder,polynomial_features,standard,MultinomialNB(),1,,"Erro na combinação 2552 - Imputer: simpleimputer, Categorização: ordinalencoder, Seleção de Feature: polynomial_features, Scaler: standard, Fold: 1 - Exception: Negative values in data passed to MultinomialNB (input X)",No using Simple Imputer,No using Ordinal Hot,0.001359701156616211,0.00010824203491210938
algerian_forest_fires_46279,simpleimputer,ordinalencoder,polynomial_features,standard,MultinomialNB(),2,,"Erro na combinação 2553 - Imputer: simpleimputer, Categorização: ordinalencoder, Seleção de Feature: polynomial_features, Scaler: standard, Fold: 2 - Exception: Negative values in data passed to MultinomialNB (input X)",No using Simple Imputer,No using Ordinal Hot,0.001359701156616211,0.00010824203491210938
algerian_forest_fires_46279,simpleimputer,ordinalencoder,polynomial_features,standard,MultinomialNB(),3,,"Erro na combinação 2554 - Imputer: simpleimputer, Categorização: ordinalencoder, Seleção de Feature: polynomial_features, Scaler: standard, Fold: 3 - Exception: Negative values in data passed to MultinomialNB (input X)",No using Simple Imputer,No using Ordinal Hot,0.001359701156616211,0.00010824203491210938
algerian_forest_fires_46279,simpleimputer,ordinalencoder,polynomial_features,standard,MultinomialNB(),4,,"Erro na combinação 2555 - Imputer: simpleimputer, Categorização: ordinalencoder, Seleção de Feature: polynomial_features, Scaler: standard, Fold: 4 - Exception: Negative values in data passed to MultinomialNB (input X)",No using Simple Imputer,No using Ordinal Hot,0.001359701156616211,0.00010824203491210938
algerian_forest_fires_46279,simpleimputer,ordinalencoder,nystroem,standard,MultinomialNB(),0,,"Erro na combinação 2556 - Imputer: simpleimputer, Categorização: ordinalencoder, Seleção de Feature: nystroem, Scaler: standard, Fold: 0 - Exception: Negative values in data passed to MultinomialNB (input X)",No using Simple Imputer,No using Ordinal Hot,0.001359701156616211,0.00010824203491210938
algerian_forest_fires_46279,simpleimputer,ordinalencoder,nystroem,standard,MultinomialNB(),1,,"Erro na combinação 2557 - Imputer: simpleimputer, Categorização: ordinalencoder, Seleção de Feature: nystroem, Scaler: standard, Fold: 1 - Exception: Negative values in data passed to MultinomialNB (input X)",No using Simple Imputer,No using Ordinal Hot,0.001359701156616211,0.00010824203491210938
algerian_forest_fires_46279,simpleimputer,ordinalencoder,nystroem,standard,MultinomialNB(),2,,"Erro na combinação 2558 - Imputer: simpleimputer, Categorização: ordinalencoder, Seleção de Feature: nystroem, Scaler: standard, Fold: 2 - Exception: Negative values in data passed to MultinomialNB (input X)",No using Simple Imputer,No using Ordinal Hot,0.001359701156616211,0.00010824203491210938
algerian_forest_fires_46279,simpleimputer,ordinalencoder,nystroem,standard,MultinomialNB(),3,,"Erro na combinação 2559 - Imputer: simpleimputer, Categorização: ordinalencoder, Seleção de Feature: nystroem, Scaler: standard, Fold: 3 - Exception: Negative values in data passed to MultinomialNB (input X)",No using Simple Imputer,No using Ordinal Hot,0.001359701156616211,0.00010824203491210938
algerian_forest_fires_46279,simpleimputer,ordinalencoder,nystroem,standard,MultinomialNB(),4,,"Erro na combinação 2560 - Imputer: simpleimputer, Categorização: ordinalencoder, Seleção de Feature: nystroem, Scaler: standard, Fold: 4 - Exception: Negative values in data passed to MultinomialNB (input X)",No using Simple Imputer,No using Ordinal Hot,0.001359701156616211,0.00010824203491210938
algerian_forest_fires_46279,simpleimputer,ordinalencoder,rbf_sampler,standard,MultinomialNB(),0,,"Erro na combinação 2561 - Imputer: simpleimputer, Categorização: ordinalencoder, Seleção de Feature: rbf_sampler, Scaler: standard, Fold: 0 - Exception: Negative values in data passed to MultinomialNB (input X)",No using Simple Imputer,No using Ordinal Hot,0.001359701156616211,0.00010824203491210938
algerian_forest_fires_46279,simpleimputer,ordinalencoder,rbf_sampler,standard,MultinomialNB(),1,,"Erro na combinação 2562 - Imputer: simpleimputer, Categorização: ordinalencoder, Seleção de Feature: rbf_sampler, Scaler: standard, Fold: 1 - Exception: Negative values in data passed to MultinomialNB (input X)",No using Simple Imputer,No using Ordinal Hot,0.001359701156616211,0.00010824203491210938
algerian_forest_fires_46279,simpleimputer,ordinalencoder,rbf_sampler,standard,MultinomialNB(),2,,"Erro na combinação 2563 - Imputer: simpleimputer, Categorização: ordinalencoder, Seleção de Feature: rbf_sampler, Scaler: standard, Fold: 2 - Exception: Negative values in data passed to MultinomialNB (input X)",No using Simple Imputer,No using Ordinal Hot,0.001359701156616211,0.00010824203491210938
algerian_forest_fires_46279,simpleimputer,ordinalencoder,rbf_sampler,standard,MultinomialNB(),3,,"Erro na combinação 2564 - Imputer: simpleimputer, Categorização: ordinalencoder, Seleção de Feature: rbf_sampler, Scaler: standard, Fold: 3 - Exception: Negative values in data passed to MultinomialNB (input X)",No using Simple Imputer,No using Ordinal Hot,0.001359701156616211,0.00010824203491210938
algerian_forest_fires_46279,simpleimputer,ordinalencoder,rbf_sampler,standard,MultinomialNB(),4,,"Erro na combinação 2565 - Imputer: simpleimputer, Categorização: ordinalencoder, Seleção de Feature: rbf_sampler, Scaler: standard, Fold: 4 - Exception: Negative values in data passed to MultinomialNB (input X)",No using Simple Imputer,No using Ordinal Hot,0.001359701156616211,0.00010824203491210938
algerian_forest_fires_46279,simpleimputer,ordinalencoder,random_trees_embedding,standard,MultinomialNB(),0,0.8979591836734694,,No using Simple Imputer,No using Ordinal Hot,0.0014865398406982422,0.00013494491577148438
algerian_forest_fires_46279,simpleimputer,ordinalencoder,random_trees_embedding,standard,MultinomialNB(),1,0.9387755102040817,,No using Simple Imputer,No using Ordinal Hot,0.0014214515686035156,0.0001361370086669922
algerian_forest_fires_46279,simpleimputer,ordinalencoder,random_trees_embedding,standard,MultinomialNB(),2,0.9183673469387755,,No using Simple Imputer,No using Ordinal Hot,0.0014011859893798828,0.0001354217529296875
algerian_forest_fires_46279,simpleimputer,ordinalencoder,random_trees_embedding,standard,MultinomialNB(),3,0.9583333333333334,,No using Simple Imputer,No using Ordinal Hot,0.0014259815216064453,0.00015592575073242188
algerian_forest_fires_46279,simpleimputer,ordinalencoder,random_trees_embedding,standard,MultinomialNB(),4,0.9791666666666666,,No using Simple Imputer,No using Ordinal Hot,0.0014450550079345703,0.00013375282287597656
algerian_forest_fires_46279,simpleimputer,ordinalencoder,feature_agglomeration,standard,MultinomialNB(),0,,"Erro na combinação 2571 - Imputer: simpleimputer, Categorização: ordinalencoder, Seleção de Feature: feature_agglomeration, Scaler: standard, Fold: 0 - Exception: Negative values in data passed to MultinomialNB (input X)",No using Simple Imputer,No using Ordinal Hot,0.0014450550079345703,0.00013375282287597656
algerian_forest_fires_46279,simpleimputer,ordinalencoder,feature_agglomeration,standard,MultinomialNB(),1,,"Erro na combinação 2572 - Imputer: simpleimputer, Categorização: ordinalencoder, Seleção de Feature: feature_agglomeration, Scaler: standard, Fold: 1 - Exception: Negative values in data passed to MultinomialNB (input X)",No using Simple Imputer,No using Ordinal Hot,0.0014450550079345703,0.00013375282287597656
algerian_forest_fires_46279,simpleimputer,ordinalencoder,feature_agglomeration,standard,MultinomialNB(),2,,"Erro na combinação 2573 - Imputer: simpleimputer, Categorização: ordinalencoder, Seleção de Feature: feature_agglomeration, Scaler: standard, Fold: 2 - Exception: Negative values in data passed to MultinomialNB (input X)",No using Simple Imputer,No using Ordinal Hot,0.0014450550079345703,0.00013375282287597656
algerian_forest_fires_46279,simpleimputer,ordinalencoder,feature_agglomeration,standard,MultinomialNB(),3,,"Erro na combinação 2574 - Imputer: simpleimputer, Categorização: ordinalencoder, Seleção de Feature: feature_agglomeration, Scaler: standard, Fold: 3 - Exception: Negative values in data passed to MultinomialNB (input X)",No using Simple Imputer,No using Ordinal Hot,0.0014450550079345703,0.00013375282287597656
algerian_forest_fires_46279,simpleimputer,ordinalencoder,feature_agglomeration,standard,MultinomialNB(),4,,"Erro na combinação 2575 - Imputer: simpleimputer, Categorização: ordinalencoder, Seleção de Feature: feature_agglomeration, Scaler: standard, Fold: 4 - Exception: Negative values in data passed to MultinomialNB (input X)",No using Simple Imputer,No using Ordinal Hot,0.0014450550079345703,0.00013375282287597656
algerian_forest_fires_46279,simpleimputer,ordinalencoder,extra_tree,standard,MultinomialNB(),0,,"Erro na combinação 2576 - Imputer: simpleimputer, Categorização: ordinalencoder, Seleção de Feature: extra_tree, Scaler: standard, Fold: 0 - Exception: Negative values in data passed to MultinomialNB (input X)",No using Simple Imputer,No using Ordinal Hot,0.0014450550079345703,0.00013375282287597656
algerian_forest_fires_46279,simpleimputer,ordinalencoder,extra_tree,standard,MultinomialNB(),1,,"Erro na combinação 2577 - Imputer: simpleimputer, Categorização: ordinalencoder, Seleção de Feature: extra_tree, Scaler: standard, Fold: 1 - Exception: Negative values in data passed to MultinomialNB (input X)",No using Simple Imputer,No using Ordinal Hot,0.0014450550079345703,0.00013375282287597656
algerian_forest_fires_46279,simpleimputer,ordinalencoder,extra_tree,standard,MultinomialNB(),2,,"Erro na combinação 2578 - Imputer: simpleimputer, Categorização: ordinalencoder, Seleção de Feature: extra_tree, Scaler: standard, Fold: 2 - Exception: Negative values in data passed to MultinomialNB (input X)",No using Simple Imputer,No using Ordinal Hot,0.0014450550079345703,0.00013375282287597656
algerian_forest_fires_46279,simpleimputer,ordinalencoder,extra_tree,standard,MultinomialNB(),3,,"Erro na combinação 2579 - Imputer: simpleimputer, Categorização: ordinalencoder, Seleção de Feature: extra_tree, Scaler: standard, Fold: 3 - Exception: Negative values in data passed to MultinomialNB (input X)",No using Simple Imputer,No using Ordinal Hot,0.0014450550079345703,0.00013375282287597656
algerian_forest_fires_46279,simpleimputer,ordinalencoder,extra_tree,standard,MultinomialNB(),4,,"Erro na combinação 2580 - Imputer: simpleimputer, Categorização: ordinalencoder, Seleção de Feature: extra_tree, Scaler: standard, Fold: 4 - Exception: Negative values in data passed to MultinomialNB (input X)",No using Simple Imputer,No using Ordinal Hot,0.0014450550079345703,0.00013375282287597656
algerian_forest_fires_46279,simpleimputer,ordinalencoder,linear_svc,standard,MultinomialNB(),0,,"Erro na combinação 2581 - Imputer: simpleimputer, Categorização: ordinalencoder, Seleção de Feature: linear_svc, Scaler: standard, Fold: 0 - Exception: Negative values in data passed to MultinomialNB (input X)",No using Simple Imputer,No using Ordinal Hot,0.0014450550079345703,0.00013375282287597656
algerian_forest_fires_46279,simpleimputer,ordinalencoder,linear_svc,standard,MultinomialNB(),1,,"Erro na combinação 2582 - Imputer: simpleimputer, Categorização: ordinalencoder, Seleção de Feature: linear_svc, Scaler: standard, Fold: 1 - Exception: Negative values in data passed to MultinomialNB (input X)",No using Simple Imputer,No using Ordinal Hot,0.0014450550079345703,0.00013375282287597656
algerian_forest_fires_46279,simpleimputer,ordinalencoder,linear_svc,standard,MultinomialNB(),2,,"Erro na combinação 2583 - Imputer: simpleimputer, Categorização: ordinalencoder, Seleção de Feature: linear_svc, Scaler: standard, Fold: 2 - Exception: Negative values in data passed to MultinomialNB (input X)",No using Simple Imputer,No using Ordinal Hot,0.0014450550079345703,0.00013375282287597656
algerian_forest_fires_46279,simpleimputer,ordinalencoder,linear_svc,standard,MultinomialNB(),3,,"Erro na combinação 2584 - Imputer: simpleimputer, Categorização: ordinalencoder, Seleção de Feature: linear_svc, Scaler: standard, Fold: 3 - Exception: Negative values in data passed to MultinomialNB (input X)",No using Simple Imputer,No using Ordinal Hot,0.0014450550079345703,0.00013375282287597656
algerian_forest_fires_46279,simpleimputer,ordinalencoder,linear_svc,standard,MultinomialNB(),4,,"Erro na combinação 2585 - Imputer: simpleimputer, Categorização: ordinalencoder, Seleção de Feature: linear_svc, Scaler: standard, Fold: 4 - Exception: Negative values in data passed to MultinomialNB (input X)",No using Simple Imputer,No using Ordinal Hot,0.0014450550079345703,0.00013375282287597656
algerian_forest_fires_46279,simpleimputer,ordinalencoder,kernel_pca,standard,MultinomialNB(),0,,"Erro na combinação 2586 - Imputer: simpleimputer, Categorização: ordinalencoder, Seleção de Feature: kernel_pca, Scaler: standard, Fold: 0 - Exception: Negative values in data passed to MultinomialNB (input X)",No using Simple Imputer,No using Ordinal Hot,0.0014450550079345703,0.00013375282287597656
algerian_forest_fires_46279,simpleimputer,ordinalencoder,kernel_pca,standard,MultinomialNB(),1,,"Erro na combinação 2587 - Imputer: simpleimputer, Categorização: ordinalencoder, Seleção de Feature: kernel_pca, Scaler: standard, Fold: 1 - Exception: Negative values in data passed to MultinomialNB (input X)",No using Simple Imputer,No using Ordinal Hot,0.0014450550079345703,0.00013375282287597656
algerian_forest_fires_46279,simpleimputer,ordinalencoder,kernel_pca,standard,MultinomialNB(),2,,"Erro na combinação 2588 - Imputer: simpleimputer, Categorização: ordinalencoder, Seleção de Feature: kernel_pca, Scaler: standard, Fold: 2 - Exception: Negative values in data passed to MultinomialNB (input X)",No using Simple Imputer,No using Ordinal Hot,0.0014450550079345703,0.00013375282287597656
algerian_forest_fires_46279,simpleimputer,ordinalencoder,kernel_pca,standard,MultinomialNB(),3,,"Erro na combinação 2589 - Imputer: simpleimputer, Categorização: ordinalencoder, Seleção de Feature: kernel_pca, Scaler: standard, Fold: 3 - Exception: Negative values in data passed to MultinomialNB (input X)",No using Simple Imputer,No using Ordinal Hot,0.0014450550079345703,0.00013375282287597656
algerian_forest_fires_46279,simpleimputer,ordinalencoder,kernel_pca,standard,MultinomialNB(),4,,"Erro na combinação 2590 - Imputer: simpleimputer, Categorização: ordinalencoder, Seleção de Feature: kernel_pca, Scaler: standard, Fold: 4 - Exception: Negative values in data passed to MultinomialNB (input X)",No using Simple Imputer,No using Ordinal Hot,0.0014450550079345703,0.00013375282287597656
algerian_forest_fires_46279,simpleimputer,ordinalencoder,,minmax,MultinomialNB(),0,0.8571428571428571,,No using Simple Imputer,No using Ordinal Hot,0.0014917850494384766,0.00014829635620117188
algerian_forest_fires_46279,simpleimputer,ordinalencoder,,minmax,MultinomialNB(),1,0.8571428571428571,,No using Simple Imputer,No using Ordinal Hot,0.001497507095336914,0.00014591217041015625
algerian_forest_fires_46279,simpleimputer,ordinalencoder,,minmax,MultinomialNB(),2,0.9183673469387755,,No using Simple Imputer,No using Ordinal Hot,0.0014917850494384766,0.00012254714965820312
algerian_forest_fires_46279,simpleimputer,ordinalencoder,,minmax,MultinomialNB(),3,0.9166666666666666,,No using Simple Imputer,No using Ordinal Hot,0.0013434886932373047,0.00012874603271484375
algerian_forest_fires_46279,simpleimputer,ordinalencoder,,minmax,MultinomialNB(),4,0.8958333333333334,,No using Simple Imputer,No using Ordinal Hot,0.0013208389282226562,0.00010442733764648438
algerian_forest_fires_46279,simpleimputer,ordinalencoder,pca,minmax,MultinomialNB(),0,,"Erro na combinação 2596 - Imputer: simpleimputer, Categorização: ordinalencoder, Seleção de Feature: pca, Scaler: minmax, Fold: 0 - Exception: Negative values in data passed to MultinomialNB (input X)",No using Simple Imputer,No using Ordinal Hot,0.0013208389282226562,0.00010442733764648438
algerian_forest_fires_46279,simpleimputer,ordinalencoder,pca,minmax,MultinomialNB(),1,,"Erro na combinação 2597 - Imputer: simpleimputer, Categorização: ordinalencoder, Seleção de Feature: pca, Scaler: minmax, Fold: 1 - Exception: Negative values in data passed to MultinomialNB (input X)",No using Simple Imputer,No using Ordinal Hot,0.0013208389282226562,0.00010442733764648438
algerian_forest_fires_46279,simpleimputer,ordinalencoder,pca,minmax,MultinomialNB(),2,,"Erro na combinação 2598 - Imputer: simpleimputer, Categorização: ordinalencoder, Seleção de Feature: pca, Scaler: minmax, Fold: 2 - Exception: Negative values in data passed to MultinomialNB (input X)",No using Simple Imputer,No using Ordinal Hot,0.0013208389282226562,0.00010442733764648438
algerian_forest_fires_46279,simpleimputer,ordinalencoder,pca,minmax,MultinomialNB(),3,,"Erro na combinação 2599 - Imputer: simpleimputer, Categorização: ordinalencoder, Seleção de Feature: pca, Scaler: minmax, Fold: 3 - Exception: Negative values in data passed to MultinomialNB (input X)",No using Simple Imputer,No using Ordinal Hot,0.0013208389282226562,0.00010442733764648438
algerian_forest_fires_46279,simpleimputer,ordinalencoder,pca,minmax,MultinomialNB(),4,,"Erro na combinação 2600 - Imputer: simpleimputer, Categorização: ordinalencoder, Seleção de Feature: pca, Scaler: minmax, Fold: 4 - Exception: Negative values in data passed to MultinomialNB (input X)",No using Simple Imputer,No using Ordinal Hot,0.0013208389282226562,0.00010442733764648438
algerian_forest_fires_46279,simpleimputer,ordinalencoder,fastica,minmax,MultinomialNB(),0,,"Erro na combinação 2601 - Imputer: simpleimputer, Categorização: ordinalencoder, Seleção de Feature: fastica, Scaler: minmax, Fold: 0 - Exception: Negative values in data passed to MultinomialNB (input X)",No using Simple Imputer,No using Ordinal Hot,0.0013208389282226562,0.00010442733764648438
algerian_forest_fires_46279,simpleimputer,ordinalencoder,fastica,minmax,MultinomialNB(),1,,"Erro na combinação 2602 - Imputer: simpleimputer, Categorização: ordinalencoder, Seleção de Feature: fastica, Scaler: minmax, Fold: 1 - Exception: Negative values in data passed to MultinomialNB (input X)",No using Simple Imputer,No using Ordinal Hot,0.0013208389282226562,0.00010442733764648438
algerian_forest_fires_46279,simpleimputer,ordinalencoder,fastica,minmax,MultinomialNB(),2,,"Erro na combinação 2603 - Imputer: simpleimputer, Categorização: ordinalencoder, Seleção de Feature: fastica, Scaler: minmax, Fold: 2 - Exception: Negative values in data passed to MultinomialNB (input X)",No using Simple Imputer,No using Ordinal Hot,0.0013208389282226562,0.00010442733764648438
algerian_forest_fires_46279,simpleimputer,ordinalencoder,fastica,minmax,MultinomialNB(),3,,"Erro na combinação 2604 - Imputer: simpleimputer, Categorização: ordinalencoder, Seleção de Feature: fastica, Scaler: minmax, Fold: 3 - Exception: Negative values in data passed to MultinomialNB (input X)",No using Simple Imputer,No using Ordinal Hot,0.0013208389282226562,0.00010442733764648438
algerian_forest_fires_46279,simpleimputer,ordinalencoder,fastica,minmax,MultinomialNB(),4,,"Erro na combinação 2605 - Imputer: simpleimputer, Categorização: ordinalencoder, Seleção de Feature: fastica, Scaler: minmax, Fold: 4 - Exception: Negative values in data passed to MultinomialNB (input X)",No using Simple Imputer,No using Ordinal Hot,0.0013208389282226562,0.00010442733764648438
algerian_forest_fires_46279,simpleimputer,ordinalencoder,truncated_svd,minmax,MultinomialNB(),0,,"Erro na combinação 2606 - Imputer: simpleimputer, Categorização: ordinalencoder, Seleção de Feature: truncated_svd, Scaler: minmax, Fold: 0 - Exception: Negative values in data passed to MultinomialNB (input X)",No using Simple Imputer,No using Ordinal Hot,0.0013208389282226562,0.00010442733764648438
algerian_forest_fires_46279,simpleimputer,ordinalencoder,truncated_svd,minmax,MultinomialNB(),1,,"Erro na combinação 2607 - Imputer: simpleimputer, Categorização: ordinalencoder, Seleção de Feature: truncated_svd, Scaler: minmax, Fold: 1 - Exception: Negative values in data passed to MultinomialNB (input X)",No using Simple Imputer,No using Ordinal Hot,0.0013208389282226562,0.00010442733764648438
algerian_forest_fires_46279,simpleimputer,ordinalencoder,truncated_svd,minmax,MultinomialNB(),2,,"Erro na combinação 2608 - Imputer: simpleimputer, Categorização: ordinalencoder, Seleção de Feature: truncated_svd, Scaler: minmax, Fold: 2 - Exception: Negative values in data passed to MultinomialNB (input X)",No using Simple Imputer,No using Ordinal Hot,0.0013208389282226562,0.00010442733764648438
algerian_forest_fires_46279,simpleimputer,ordinalencoder,truncated_svd,minmax,MultinomialNB(),3,,"Erro na combinação 2609 - Imputer: simpleimputer, Categorização: ordinalencoder, Seleção de Feature: truncated_svd, Scaler: minmax, Fold: 3 - Exception: Negative values in data passed to MultinomialNB (input X)",No using Simple Imputer,No using Ordinal Hot,0.0013208389282226562,0.00010442733764648438
algerian_forest_fires_46279,simpleimputer,ordinalencoder,truncated_svd,minmax,MultinomialNB(),4,,"Erro na combinação 2610 - Imputer: simpleimputer, Categorização: ordinalencoder, Seleção de Feature: truncated_svd, Scaler: minmax, Fold: 4 - Exception: Negative values in data passed to MultinomialNB (input X)",No using Simple Imputer,No using Ordinal Hot,0.0013208389282226562,0.00010442733764648438
algerian_forest_fires_46279,simpleimputer,ordinalencoder,select_percentile,minmax,MultinomialNB(),0,0.5510204081632653,,No using Simple Imputer,No using Ordinal Hot,0.0012443065643310547,0.00012254714965820312
algerian_forest_fires_46279,simpleimputer,ordinalencoder,select_percentile,minmax,MultinomialNB(),1,0.5510204081632653,,No using Simple Imputer,No using Ordinal Hot,0.0012290477752685547,0.00011539459228515625
algerian_forest_fires_46279,simpleimputer,ordinalencoder,select_percentile,minmax,MultinomialNB(),2,0.5714285714285714,,No using Simple Imputer,No using Ordinal Hot,0.0011882781982421875,9.489059448242188e-05
algerian_forest_fires_46279,simpleimputer,ordinalencoder,select_percentile,minmax,MultinomialNB(),3,0.6041666666666666,,No using Simple Imputer,No using Ordinal Hot,0.001287698745727539,9.655952453613281e-05
algerian_forest_fires_46279,simpleimputer,ordinalencoder,select_percentile,minmax,MultinomialNB(),4,0.5416666666666666,,No using Simple Imputer,No using Ordinal Hot,0.0012786388397216797,9.489059448242188e-05
algerian_forest_fires_46279,simpleimputer,ordinalencoder,generic_univariate,minmax,MultinomialNB(),0,0.5510204081632653,,No using Simple Imputer,No using Ordinal Hot,0.0012421607971191406,9.489059448242188e-05
algerian_forest_fires_46279,simpleimputer,ordinalencoder,generic_univariate,minmax,MultinomialNB(),1,0.5510204081632653,,No using Simple Imputer,No using Ordinal Hot,0.001247406005859375,9.369850158691406e-05
algerian_forest_fires_46279,simpleimputer,ordinalencoder,generic_univariate,minmax,MultinomialNB(),2,0.5714285714285714,,No using Simple Imputer,No using Ordinal Hot,0.001203775405883789,9.202957153320312e-05
algerian_forest_fires_46279,simpleimputer,ordinalencoder,generic_univariate,minmax,MultinomialNB(),3,0.6041666666666666,,No using Simple Imputer,No using Ordinal Hot,0.0013339519500732422,9.512901306152344e-05
algerian_forest_fires_46279,simpleimputer,ordinalencoder,generic_univariate,minmax,MultinomialNB(),4,0.5416666666666666,,No using Simple Imputer,No using Ordinal Hot,0.0011794567108154297,9.393692016601562e-05
algerian_forest_fires_46279,simpleimputer,ordinalencoder,polynomial_features,minmax,MultinomialNB(),0,0.8979591836734694,,No using Simple Imputer,No using Ordinal Hot,0.0012674331665039062,0.00010395050048828125
algerian_forest_fires_46279,simpleimputer,ordinalencoder,polynomial_features,minmax,MultinomialNB(),1,0.9183673469387755,,No using Simple Imputer,No using Ordinal Hot,0.0012292861938476562,0.00010251998901367188
algerian_forest_fires_46279,simpleimputer,ordinalencoder,polynomial_features,minmax,MultinomialNB(),2,0.8775510204081632,,No using Simple Imputer,No using Ordinal Hot,0.0012581348419189453,0.00010514259338378906
algerian_forest_fires_46279,simpleimputer,ordinalencoder,polynomial_features,minmax,MultinomialNB(),3,0.9375,,No using Simple Imputer,No using Ordinal Hot,0.0012366771697998047,0.0002155303955078125
algerian_forest_fires_46279,simpleimputer,ordinalencoder,polynomial_features,minmax,MultinomialNB(),4,0.9583333333333334,,No using Simple Imputer,No using Ordinal Hot,0.0012819766998291016,0.00010514259338378906
algerian_forest_fires_46279,simpleimputer,ordinalencoder,nystroem,minmax,MultinomialNB(),0,0.8163265306122449,,No using Simple Imputer,No using Ordinal Hot,0.0014896392822265625,0.00012063980102539062
algerian_forest_fires_46279,simpleimputer,ordinalencoder,nystroem,minmax,MultinomialNB(),1,0.8163265306122449,,No using Simple Imputer,No using Ordinal Hot,0.0015032291412353516,0.00014925003051757812
algerian_forest_fires_46279,simpleimputer,ordinalencoder,nystroem,minmax,MultinomialNB(),2,0.8571428571428571,,No using Simple Imputer,No using Ordinal Hot,0.0016224384307861328,0.00012493133544921875
algerian_forest_fires_46279,simpleimputer,ordinalencoder,nystroem,minmax,MultinomialNB(),3,0.9375,,No using Simple Imputer,No using Ordinal Hot,0.0017461776733398438,0.0001533031463623047
algerian_forest_fires_46279,simpleimputer,ordinalencoder,nystroem,minmax,MultinomialNB(),4,0.8958333333333334,,No using Simple Imputer,No using Ordinal Hot,0.001554727554321289,0.00012230873107910156
algerian_forest_fires_46279,simpleimputer,ordinalencoder,rbf_sampler,minmax,MultinomialNB(),0,,"Erro na combinação 2631 - Imputer: simpleimputer, Categorização: ordinalencoder, Seleção de Feature: rbf_sampler, Scaler: minmax, Fold: 0 - Exception: Negative values in data passed to MultinomialNB (input X)",No using Simple Imputer,No using Ordinal Hot,0.001554727554321289,0.00012230873107910156
algerian_forest_fires_46279,simpleimputer,ordinalencoder,rbf_sampler,minmax,MultinomialNB(),1,,"Erro na combinação 2632 - Imputer: simpleimputer, Categorização: ordinalencoder, Seleção de Feature: rbf_sampler, Scaler: minmax, Fold: 1 - Exception: Negative values in data passed to MultinomialNB (input X)",No using Simple Imputer,No using Ordinal Hot,0.001554727554321289,0.00012230873107910156
algerian_forest_fires_46279,simpleimputer,ordinalencoder,rbf_sampler,minmax,MultinomialNB(),2,,"Erro na combinação 2633 - Imputer: simpleimputer, Categorização: ordinalencoder, Seleção de Feature: rbf_sampler, Scaler: minmax, Fold: 2 - Exception: Negative values in data passed to MultinomialNB (input X)",No using Simple Imputer,No using Ordinal Hot,0.001554727554321289,0.00012230873107910156
algerian_forest_fires_46279,simpleimputer,ordinalencoder,rbf_sampler,minmax,MultinomialNB(),3,,"Erro na combinação 2634 - Imputer: simpleimputer, Categorização: ordinalencoder, Seleção de Feature: rbf_sampler, Scaler: minmax, Fold: 3 - Exception: Negative values in data passed to MultinomialNB (input X)",No using Simple Imputer,No using Ordinal Hot,0.001554727554321289,0.00012230873107910156
algerian_forest_fires_46279,simpleimputer,ordinalencoder,rbf_sampler,minmax,MultinomialNB(),4,,"Erro na combinação 2635 - Imputer: simpleimputer, Categorização: ordinalencoder, Seleção de Feature: rbf_sampler, Scaler: minmax, Fold: 4 - Exception: Negative values in data passed to MultinomialNB (input X)",No using Simple Imputer,No using Ordinal Hot,0.001554727554321289,0.00012230873107910156
algerian_forest_fires_46279,simpleimputer,ordinalencoder,random_trees_embedding,minmax,MultinomialNB(),0,0.8979591836734694,,No using Simple Imputer,No using Ordinal Hot,0.0014026165008544922,0.0001327991485595703
algerian_forest_fires_46279,simpleimputer,ordinalencoder,random_trees_embedding,minmax,MultinomialNB(),1,0.9387755102040817,,No using Simple Imputer,No using Ordinal Hot,0.001483917236328125,0.0001544952392578125
algerian_forest_fires_46279,simpleimputer,ordinalencoder,random_trees_embedding,minmax,MultinomialNB(),2,0.9183673469387755,,No using Simple Imputer,No using Ordinal Hot,0.0014154911041259766,0.0001595020294189453
algerian_forest_fires_46279,simpleimputer,ordinalencoder,random_trees_embedding,minmax,MultinomialNB(),3,0.9583333333333334,,No using Simple Imputer,No using Ordinal Hot,0.0014140605926513672,0.0001347064971923828
algerian_forest_fires_46279,simpleimputer,ordinalencoder,random_trees_embedding,minmax,MultinomialNB(),4,0.9791666666666666,,No using Simple Imputer,No using Ordinal Hot,0.0014908313751220703,0.00013446807861328125
algerian_forest_fires_46279,simpleimputer,ordinalencoder,feature_agglomeration,minmax,MultinomialNB(),0,0.5510204081632653,,No using Simple Imputer,No using Ordinal Hot,0.0011854171752929688,0.00012063980102539062
algerian_forest_fires_46279,simpleimputer,ordinalencoder,feature_agglomeration,minmax,MultinomialNB(),1,0.5510204081632653,,No using Simple Imputer,No using Ordinal Hot,0.0021505355834960938,0.00018930435180664062
algerian_forest_fires_46279,simpleimputer,ordinalencoder,feature_agglomeration,minmax,MultinomialNB(),2,0.5714285714285714,,No using Simple Imputer,No using Ordinal Hot,0.0012841224670410156,9.751319885253906e-05
algerian_forest_fires_46279,simpleimputer,ordinalencoder,feature_agglomeration,minmax,MultinomialNB(),3,0.6041666666666666,,No using Simple Imputer,No using Ordinal Hot,0.00131988525390625,0.00011754035949707031
algerian_forest_fires_46279,simpleimputer,ordinalencoder,feature_agglomeration,minmax,MultinomialNB(),4,0.5416666666666666,,No using Simple Imputer,No using Ordinal Hot,0.0012536048889160156,9.632110595703125e-05
algerian_forest_fires_46279,simpleimputer,ordinalencoder,extra_tree,minmax,MultinomialNB(),0,0.5510204081632653,,No using Simple Imputer,No using Ordinal Hot,0.0013082027435302734,9.775161743164062e-05
algerian_forest_fires_46279,simpleimputer,ordinalencoder,extra_tree,minmax,MultinomialNB(),1,0.5510204081632653,,No using Simple Imputer,No using Ordinal Hot,0.0013353824615478516,9.751319885253906e-05
algerian_forest_fires_46279,simpleimputer,ordinalencoder,extra_tree,minmax,MultinomialNB(),2,0.5714285714285714,,No using Simple Imputer,No using Ordinal Hot,0.0012972354888916016,9.608268737792969e-05
algerian_forest_fires_46279,simpleimputer,ordinalencoder,extra_tree,minmax,MultinomialNB(),3,0.6041666666666666,,No using Simple Imputer,No using Ordinal Hot,0.0013012886047363281,9.679794311523438e-05
algerian_forest_fires_46279,simpleimputer,ordinalencoder,extra_tree,minmax,MultinomialNB(),4,0.5416666666666666,,No using Simple Imputer,No using Ordinal Hot,0.001363515853881836,9.822845458984375e-05
algerian_forest_fires_46279,simpleimputer,ordinalencoder,linear_svc,minmax,MultinomialNB(),0,0.5510204081632653,,No using Simple Imputer,No using Ordinal Hot,0.0013480186462402344,0.00010037422180175781
algerian_forest_fires_46279,simpleimputer,ordinalencoder,linear_svc,minmax,MultinomialNB(),1,0.5510204081632653,,No using Simple Imputer,No using Ordinal Hot,0.0013244152069091797,9.894371032714844e-05
algerian_forest_fires_46279,simpleimputer,ordinalencoder,linear_svc,minmax,MultinomialNB(),2,0.7755102040816326,,No using Simple Imputer,No using Ordinal Hot,0.0012760162353515625,9.799003601074219e-05
algerian_forest_fires_46279,simpleimputer,ordinalencoder,linear_svc,minmax,MultinomialNB(),3,0.6041666666666666,,No using Simple Imputer,No using Ordinal Hot,0.0013973712921142578,0.00010728836059570312
algerian_forest_fires_46279,simpleimputer,ordinalencoder,linear_svc,minmax,MultinomialNB(),4,0.5416666666666666,,No using Simple Imputer,No using Ordinal Hot,0.0013072490692138672,9.5367431640625e-05
algerian_forest_fires_46279,simpleimputer,ordinalencoder,kernel_pca,minmax,MultinomialNB(),0,,"Erro na combinação 2656 - Imputer: simpleimputer, Categorização: ordinalencoder, Seleção de Feature: kernel_pca, Scaler: minmax, Fold: 0 - Exception: Negative values in data passed to MultinomialNB (input X)",No using Simple Imputer,No using Ordinal Hot,0.0013072490692138672,9.5367431640625e-05
algerian_forest_fires_46279,simpleimputer,ordinalencoder,kernel_pca,minmax,MultinomialNB(),1,,"Erro na combinação 2657 - Imputer: simpleimputer, Categorização: ordinalencoder, Seleção de Feature: kernel_pca, Scaler: minmax, Fold: 1 - Exception: Negative values in data passed to MultinomialNB (input X)",No using Simple Imputer,No using Ordinal Hot,0.0013072490692138672,9.5367431640625e-05
algerian_forest_fires_46279,simpleimputer,ordinalencoder,kernel_pca,minmax,MultinomialNB(),2,,"Erro na combinação 2658 - Imputer: simpleimputer, Categorização: ordinalencoder, Seleção de Feature: kernel_pca, Scaler: minmax, Fold: 2 - Exception: Negative values in data passed to MultinomialNB (input X)",No using Simple Imputer,No using Ordinal Hot,0.0013072490692138672,9.5367431640625e-05
algerian_forest_fires_46279,simpleimputer,ordinalencoder,kernel_pca,minmax,MultinomialNB(),3,,"Erro na combinação 2659 - Imputer: simpleimputer, Categorização: ordinalencoder, Seleção de Feature: kernel_pca, Scaler: minmax, Fold: 3 - Exception: Negative values in data passed to MultinomialNB (input X)",No using Simple Imputer,No using Ordinal Hot,0.0013072490692138672,9.5367431640625e-05
algerian_forest_fires_46279,simpleimputer,ordinalencoder,kernel_pca,minmax,MultinomialNB(),4,,"Erro na combinação 2660 - Imputer: simpleimputer, Categorização: ordinalencoder, Seleção de Feature: kernel_pca, Scaler: minmax, Fold: 4 - Exception: Negative values in data passed to MultinomialNB (input X)",No using Simple Imputer,No using Ordinal Hot,0.0013072490692138672,9.5367431640625e-05
algerian_forest_fires_46279,simpleimputer,ordinalencoder,,robust,MultinomialNB(),0,,"Erro na combinação 2661 - Imputer: simpleimputer, Categorização: ordinalencoder, Seleção de Feature: None, Scaler: robust, Fold: 0 - Exception: Negative values in data passed to MultinomialNB (input X)",No using Simple Imputer,No using Ordinal Hot,0.0013072490692138672,9.5367431640625e-05
algerian_forest_fires_46279,simpleimputer,ordinalencoder,,robust,MultinomialNB(),1,,"Erro na combinação 2662 - Imputer: simpleimputer, Categorização: ordinalencoder, Seleção de Feature: None, Scaler: robust, Fold: 1 - Exception: Negative values in data passed to MultinomialNB (input X)",No using Simple Imputer,No using Ordinal Hot,0.0013072490692138672,9.5367431640625e-05
algerian_forest_fires_46279,simpleimputer,ordinalencoder,,robust,MultinomialNB(),2,,"Erro na combinação 2663 - Imputer: simpleimputer, Categorização: ordinalencoder, Seleção de Feature: None, Scaler: robust, Fold: 2 - Exception: Negative values in data passed to MultinomialNB (input X)",No using Simple Imputer,No using Ordinal Hot,0.0013072490692138672,9.5367431640625e-05
algerian_forest_fires_46279,simpleimputer,ordinalencoder,,robust,MultinomialNB(),3,,"Erro na combinação 2664 - Imputer: simpleimputer, Categorização: ordinalencoder, Seleção de Feature: None, Scaler: robust, Fold: 3 - Exception: Negative values in data passed to MultinomialNB (input X)",No using Simple Imputer,No using Ordinal Hot,0.0013072490692138672,9.5367431640625e-05
algerian_forest_fires_46279,simpleimputer,ordinalencoder,,robust,MultinomialNB(),4,,"Erro na combinação 2665 - Imputer: simpleimputer, Categorização: ordinalencoder, Seleção de Feature: None, Scaler: robust, Fold: 4 - Exception: Negative values in data passed to MultinomialNB (input X)",No using Simple Imputer,No using Ordinal Hot,0.0013072490692138672,9.5367431640625e-05
algerian_forest_fires_46279,simpleimputer,ordinalencoder,pca,robust,MultinomialNB(),0,,"Erro na combinação 2666 - Imputer: simpleimputer, Categorização: ordinalencoder, Seleção de Feature: pca, Scaler: robust, Fold: 0 - Exception: Negative values in data passed to MultinomialNB (input X)",No using Simple Imputer,No using Ordinal Hot,0.0013072490692138672,9.5367431640625e-05
algerian_forest_fires_46279,simpleimputer,ordinalencoder,pca,robust,MultinomialNB(),1,,"Erro na combinação 2667 - Imputer: simpleimputer, Categorização: ordinalencoder, Seleção de Feature: pca, Scaler: robust, Fold: 1 - Exception: Negative values in data passed to MultinomialNB (input X)",No using Simple Imputer,No using Ordinal Hot,0.0013072490692138672,9.5367431640625e-05
algerian_forest_fires_46279,simpleimputer,ordinalencoder,pca,robust,MultinomialNB(),2,,"Erro na combinação 2668 - Imputer: simpleimputer, Categorização: ordinalencoder, Seleção de Feature: pca, Scaler: robust, Fold: 2 - Exception: Negative values in data passed to MultinomialNB (input X)",No using Simple Imputer,No using Ordinal Hot,0.0013072490692138672,9.5367431640625e-05
algerian_forest_fires_46279,simpleimputer,ordinalencoder,pca,robust,MultinomialNB(),3,,"Erro na combinação 2669 - Imputer: simpleimputer, Categorização: ordinalencoder, Seleção de Feature: pca, Scaler: robust, Fold: 3 - Exception: Negative values in data passed to MultinomialNB (input X)",No using Simple Imputer,No using Ordinal Hot,0.0013072490692138672,9.5367431640625e-05
algerian_forest_fires_46279,simpleimputer,ordinalencoder,pca,robust,MultinomialNB(),4,,"Erro na combinação 2670 - Imputer: simpleimputer, Categorização: ordinalencoder, Seleção de Feature: pca, Scaler: robust, Fold: 4 - Exception: Negative values in data passed to MultinomialNB (input X)",No using Simple Imputer,No using Ordinal Hot,0.0013072490692138672,9.5367431640625e-05
algerian_forest_fires_46279,simpleimputer,ordinalencoder,fastica,robust,MultinomialNB(),0,,"Erro na combinação 2671 - Imputer: simpleimputer, Categorização: ordinalencoder, Seleção de Feature: fastica, Scaler: robust, Fold: 0 - Exception: Negative values in data passed to MultinomialNB (input X)",No using Simple Imputer,No using Ordinal Hot,0.0013072490692138672,9.5367431640625e-05
algerian_forest_fires_46279,simpleimputer,ordinalencoder,fastica,robust,MultinomialNB(),1,,"Erro na combinação 2672 - Imputer: simpleimputer, Categorização: ordinalencoder, Seleção de Feature: fastica, Scaler: robust, Fold: 1 - Exception: Negative values in data passed to MultinomialNB (input X)",No using Simple Imputer,No using Ordinal Hot,0.0013072490692138672,9.5367431640625e-05
algerian_forest_fires_46279,simpleimputer,ordinalencoder,fastica,robust,MultinomialNB(),2,,"Erro na combinação 2673 - Imputer: simpleimputer, Categorização: ordinalencoder, Seleção de Feature: fastica, Scaler: robust, Fold: 2 - Exception: Negative values in data passed to MultinomialNB (input X)",No using Simple Imputer,No using Ordinal Hot,0.0013072490692138672,9.5367431640625e-05
algerian_forest_fires_46279,simpleimputer,ordinalencoder,fastica,robust,MultinomialNB(),3,,"Erro na combinação 2674 - Imputer: simpleimputer, Categorização: ordinalencoder, Seleção de Feature: fastica, Scaler: robust, Fold: 3 - Exception: Negative values in data passed to MultinomialNB (input X)",No using Simple Imputer,No using Ordinal Hot,0.0013072490692138672,9.5367431640625e-05
algerian_forest_fires_46279,simpleimputer,ordinalencoder,fastica,robust,MultinomialNB(),4,,"Erro na combinação 2675 - Imputer: simpleimputer, Categorização: ordinalencoder, Seleção de Feature: fastica, Scaler: robust, Fold: 4 - Exception: Negative values in data passed to MultinomialNB (input X)",No using Simple Imputer,No using Ordinal Hot,0.0013072490692138672,9.5367431640625e-05
algerian_forest_fires_46279,simpleimputer,ordinalencoder,truncated_svd,robust,MultinomialNB(),0,,"Erro na combinação 2676 - Imputer: simpleimputer, Categorização: ordinalencoder, Seleção de Feature: truncated_svd, Scaler: robust, Fold: 0 - Exception: Negative values in data passed to MultinomialNB (input X)",No using Simple Imputer,No using Ordinal Hot,0.0013072490692138672,9.5367431640625e-05
algerian_forest_fires_46279,simpleimputer,ordinalencoder,truncated_svd,robust,MultinomialNB(),1,,"Erro na combinação 2677 - Imputer: simpleimputer, Categorização: ordinalencoder, Seleção de Feature: truncated_svd, Scaler: robust, Fold: 1 - Exception: Negative values in data passed to MultinomialNB (input X)",No using Simple Imputer,No using Ordinal Hot,0.0013072490692138672,9.5367431640625e-05
algerian_forest_fires_46279,simpleimputer,ordinalencoder,truncated_svd,robust,MultinomialNB(),2,,"Erro na combinação 2678 - Imputer: simpleimputer, Categorização: ordinalencoder, Seleção de Feature: truncated_svd, Scaler: robust, Fold: 2 - Exception: Negative values in data passed to MultinomialNB (input X)",No using Simple Imputer,No using Ordinal Hot,0.0013072490692138672,9.5367431640625e-05
algerian_forest_fires_46279,simpleimputer,ordinalencoder,truncated_svd,robust,MultinomialNB(),3,,"Erro na combinação 2679 - Imputer: simpleimputer, Categorização: ordinalencoder, Seleção de Feature: truncated_svd, Scaler: robust, Fold: 3 - Exception: Negative values in data passed to MultinomialNB (input X)",No using Simple Imputer,No using Ordinal Hot,0.0013072490692138672,9.5367431640625e-05
algerian_forest_fires_46279,simpleimputer,ordinalencoder,truncated_svd,robust,MultinomialNB(),4,,"Erro na combinação 2680 - Imputer: simpleimputer, Categorização: ordinalencoder, Seleção de Feature: truncated_svd, Scaler: robust, Fold: 4 - Exception: Negative values in data passed to MultinomialNB (input X)",No using Simple Imputer,No using Ordinal Hot,0.0013072490692138672,9.5367431640625e-05
algerian_forest_fires_46279,simpleimputer,ordinalencoder,select_percentile,robust,MultinomialNB(),0,,"Erro na combinação 2681 - Imputer: simpleimputer, Categorização: ordinalencoder, Seleção de Feature: select_percentile, Scaler: robust, Fold: 0 - Exception: Negative values in data passed to MultinomialNB (input X)",No using Simple Imputer,No using Ordinal Hot,0.0013072490692138672,9.5367431640625e-05
algerian_forest_fires_46279,simpleimputer,ordinalencoder,select_percentile,robust,MultinomialNB(),1,,"Erro na combinação 2682 - Imputer: simpleimputer, Categorização: ordinalencoder, Seleção de Feature: select_percentile, Scaler: robust, Fold: 1 - Exception: Negative values in data passed to MultinomialNB (input X)",No using Simple Imputer,No using Ordinal Hot,0.0013072490692138672,9.5367431640625e-05
algerian_forest_fires_46279,simpleimputer,ordinalencoder,select_percentile,robust,MultinomialNB(),2,,"Erro na combinação 2683 - Imputer: simpleimputer, Categorização: ordinalencoder, Seleção de Feature: select_percentile, Scaler: robust, Fold: 2 - Exception: Negative values in data passed to MultinomialNB (input X)",No using Simple Imputer,No using Ordinal Hot,0.0013072490692138672,9.5367431640625e-05
algerian_forest_fires_46279,simpleimputer,ordinalencoder,select_percentile,robust,MultinomialNB(),3,,"Erro na combinação 2684 - Imputer: simpleimputer, Categorização: ordinalencoder, Seleção de Feature: select_percentile, Scaler: robust, Fold: 3 - Exception: Negative values in data passed to MultinomialNB (input X)",No using Simple Imputer,No using Ordinal Hot,0.0013072490692138672,9.5367431640625e-05
algerian_forest_fires_46279,simpleimputer,ordinalencoder,select_percentile,robust,MultinomialNB(),4,,"Erro na combinação 2685 - Imputer: simpleimputer, Categorização: ordinalencoder, Seleção de Feature: select_percentile, Scaler: robust, Fold: 4 - Exception: Negative values in data passed to MultinomialNB (input X)",No using Simple Imputer,No using Ordinal Hot,0.0013072490692138672,9.5367431640625e-05
algerian_forest_fires_46279,simpleimputer,ordinalencoder,generic_univariate,robust,MultinomialNB(),0,,"Erro na combinação 2686 - Imputer: simpleimputer, Categorização: ordinalencoder, Seleção de Feature: generic_univariate, Scaler: robust, Fold: 0 - Exception: Negative values in data passed to MultinomialNB (input X)",No using Simple Imputer,No using Ordinal Hot,0.0013072490692138672,9.5367431640625e-05
algerian_forest_fires_46279,simpleimputer,ordinalencoder,generic_univariate,robust,MultinomialNB(),1,,"Erro na combinação 2687 - Imputer: simpleimputer, Categorização: ordinalencoder, Seleção de Feature: generic_univariate, Scaler: robust, Fold: 1 - Exception: Negative values in data passed to MultinomialNB (input X)",No using Simple Imputer,No using Ordinal Hot,0.0013072490692138672,9.5367431640625e-05
algerian_forest_fires_46279,simpleimputer,ordinalencoder,generic_univariate,robust,MultinomialNB(),2,,"Erro na combinação 2688 - Imputer: simpleimputer, Categorização: ordinalencoder, Seleção de Feature: generic_univariate, Scaler: robust, Fold: 2 - Exception: Negative values in data passed to MultinomialNB (input X)",No using Simple Imputer,No using Ordinal Hot,0.0013072490692138672,9.5367431640625e-05
algerian_forest_fires_46279,simpleimputer,ordinalencoder,generic_univariate,robust,MultinomialNB(),3,,"Erro na combinação 2689 - Imputer: simpleimputer, Categorização: ordinalencoder, Seleção de Feature: generic_univariate, Scaler: robust, Fold: 3 - Exception: Negative values in data passed to MultinomialNB (input X)",No using Simple Imputer,No using Ordinal Hot,0.0013072490692138672,9.5367431640625e-05
algerian_forest_fires_46279,simpleimputer,ordinalencoder,generic_univariate,robust,MultinomialNB(),4,,"Erro na combinação 2690 - Imputer: simpleimputer, Categorização: ordinalencoder, Seleção de Feature: generic_univariate, Scaler: robust, Fold: 4 - Exception: Negative values in data passed to MultinomialNB (input X)",No using Simple Imputer,No using Ordinal Hot,0.0013072490692138672,9.5367431640625e-05
algerian_forest_fires_46279,simpleimputer,ordinalencoder,polynomial_features,robust,MultinomialNB(),0,,"Erro na combinação 2691 - Imputer: simpleimputer, Categorização: ordinalencoder, Seleção de Feature: polynomial_features, Scaler: robust, Fold: 0 - Exception: Negative values in data passed to MultinomialNB (input X)",No using Simple Imputer,No using Ordinal Hot,0.0013072490692138672,9.5367431640625e-05
algerian_forest_fires_46279,simpleimputer,ordinalencoder,polynomial_features,robust,MultinomialNB(),1,,"Erro na combinação 2692 - Imputer: simpleimputer, Categorização: ordinalencoder, Seleção de Feature: polynomial_features, Scaler: robust, Fold: 1 - Exception: Negative values in data passed to MultinomialNB (input X)",No using Simple Imputer,No using Ordinal Hot,0.0013072490692138672,9.5367431640625e-05
algerian_forest_fires_46279,simpleimputer,ordinalencoder,polynomial_features,robust,MultinomialNB(),2,,"Erro na combinação 2693 - Imputer: simpleimputer, Categorização: ordinalencoder, Seleção de Feature: polynomial_features, Scaler: robust, Fold: 2 - Exception: Negative values in data passed to MultinomialNB (input X)",No using Simple Imputer,No using Ordinal Hot,0.0013072490692138672,9.5367431640625e-05
algerian_forest_fires_46279,simpleimputer,ordinalencoder,polynomial_features,robust,MultinomialNB(),3,,"Erro na combinação 2694 - Imputer: simpleimputer, Categorização: ordinalencoder, Seleção de Feature: polynomial_features, Scaler: robust, Fold: 3 - Exception: Negative values in data passed to MultinomialNB (input X)",No using Simple Imputer,No using Ordinal Hot,0.0013072490692138672,9.5367431640625e-05
algerian_forest_fires_46279,simpleimputer,ordinalencoder,polynomial_features,robust,MultinomialNB(),4,,"Erro na combinação 2695 - Imputer: simpleimputer, Categorização: ordinalencoder, Seleção de Feature: polynomial_features, Scaler: robust, Fold: 4 - Exception: Negative values in data passed to MultinomialNB (input X)",No using Simple Imputer,No using Ordinal Hot,0.0013072490692138672,9.5367431640625e-05
algerian_forest_fires_46279,simpleimputer,ordinalencoder,nystroem,robust,MultinomialNB(),0,,"Erro na combinação 2696 - Imputer: simpleimputer, Categorização: ordinalencoder, Seleção de Feature: nystroem, Scaler: robust, Fold: 0 - Exception: Negative values in data passed to MultinomialNB (input X)",No using Simple Imputer,No using Ordinal Hot,0.0013072490692138672,9.5367431640625e-05
algerian_forest_fires_46279,simpleimputer,ordinalencoder,nystroem,robust,MultinomialNB(),1,,"Erro na combinação 2697 - Imputer: simpleimputer, Categorização: ordinalencoder, Seleção de Feature: nystroem, Scaler: robust, Fold: 1 - Exception: Negative values in data passed to MultinomialNB (input X)",No using Simple Imputer,No using Ordinal Hot,0.0013072490692138672,9.5367431640625e-05
algerian_forest_fires_46279,simpleimputer,ordinalencoder,nystroem,robust,MultinomialNB(),2,,"Erro na combinação 2698 - Imputer: simpleimputer, Categorização: ordinalencoder, Seleção de Feature: nystroem, Scaler: robust, Fold: 2 - Exception: Negative values in data passed to MultinomialNB (input X)",No using Simple Imputer,No using Ordinal Hot,0.0013072490692138672,9.5367431640625e-05
algerian_forest_fires_46279,simpleimputer,ordinalencoder,nystroem,robust,MultinomialNB(),3,,"Erro na combinação 2699 - Imputer: simpleimputer, Categorização: ordinalencoder, Seleção de Feature: nystroem, Scaler: robust, Fold: 3 - Exception: Negative values in data passed to MultinomialNB (input X)",No using Simple Imputer,No using Ordinal Hot,0.0013072490692138672,9.5367431640625e-05
algerian_forest_fires_46279,simpleimputer,ordinalencoder,nystroem,robust,MultinomialNB(),4,,"Erro na combinação 2700 - Imputer: simpleimputer, Categorização: ordinalencoder, Seleção de Feature: nystroem, Scaler: robust, Fold: 4 - Exception: Negative values in data passed to MultinomialNB (input X)",No using Simple Imputer,No using Ordinal Hot,0.0013072490692138672,9.5367431640625e-05
algerian_forest_fires_46279,simpleimputer,ordinalencoder,rbf_sampler,robust,MultinomialNB(),0,,"Erro na combinação 2701 - Imputer: simpleimputer, Categorização: ordinalencoder, Seleção de Feature: rbf_sampler, Scaler: robust, Fold: 0 - Exception: Negative values in data passed to MultinomialNB (input X)",No using Simple Imputer,No using Ordinal Hot,0.0013072490692138672,9.5367431640625e-05
algerian_forest_fires_46279,simpleimputer,ordinalencoder,rbf_sampler,robust,MultinomialNB(),1,,"Erro na combinação 2702 - Imputer: simpleimputer, Categorização: ordinalencoder, Seleção de Feature: rbf_sampler, Scaler: robust, Fold: 1 - Exception: Negative values in data passed to MultinomialNB (input X)",No using Simple Imputer,No using Ordinal Hot,0.0013072490692138672,9.5367431640625e-05
algerian_forest_fires_46279,simpleimputer,ordinalencoder,rbf_sampler,robust,MultinomialNB(),2,,"Erro na combinação 2703 - Imputer: simpleimputer, Categorização: ordinalencoder, Seleção de Feature: rbf_sampler, Scaler: robust, Fold: 2 - Exception: Negative values in data passed to MultinomialNB (input X)",No using Simple Imputer,No using Ordinal Hot,0.0013072490692138672,9.5367431640625e-05
algerian_forest_fires_46279,simpleimputer,ordinalencoder,rbf_sampler,robust,MultinomialNB(),3,,"Erro na combinação 2704 - Imputer: simpleimputer, Categorização: ordinalencoder, Seleção de Feature: rbf_sampler, Scaler: robust, Fold: 3 - Exception: Negative values in data passed to MultinomialNB (input X)",No using Simple Imputer,No using Ordinal Hot,0.0013072490692138672,9.5367431640625e-05
algerian_forest_fires_46279,simpleimputer,ordinalencoder,rbf_sampler,robust,MultinomialNB(),4,,"Erro na combinação 2705 - Imputer: simpleimputer, Categorização: ordinalencoder, Seleção de Feature: rbf_sampler, Scaler: robust, Fold: 4 - Exception: Negative values in data passed to MultinomialNB (input X)",No using Simple Imputer,No using Ordinal Hot,0.0013072490692138672,9.5367431640625e-05
algerian_forest_fires_46279,simpleimputer,ordinalencoder,random_trees_embedding,robust,MultinomialNB(),0,0.8979591836734694,,No using Simple Imputer,No using Ordinal Hot,0.0013992786407470703,0.00017786026000976562
algerian_forest_fires_46279,simpleimputer,ordinalencoder,random_trees_embedding,robust,MultinomialNB(),1,0.9387755102040817,,No using Simple Imputer,No using Ordinal Hot,0.0017495155334472656,0.0001354217529296875
algerian_forest_fires_46279,simpleimputer,ordinalencoder,random_trees_embedding,robust,MultinomialNB(),2,0.9183673469387755,,No using Simple Imputer,No using Ordinal Hot,0.0014793872833251953,0.00013685226440429688
algerian_forest_fires_46279,simpleimputer,ordinalencoder,random_trees_embedding,robust,MultinomialNB(),3,0.9583333333333334,,No using Simple Imputer,No using Ordinal Hot,0.001409292221069336,0.0001347064971923828
algerian_forest_fires_46279,simpleimputer,ordinalencoder,random_trees_embedding,robust,MultinomialNB(),4,0.9791666666666666,,No using Simple Imputer,No using Ordinal Hot,0.0014872550964355469,0.00013589859008789062
algerian_forest_fires_46279,simpleimputer,ordinalencoder,feature_agglomeration,robust,MultinomialNB(),0,,"Erro na combinação 2711 - Imputer: simpleimputer, Categorização: ordinalencoder, Seleção de Feature: feature_agglomeration, Scaler: robust, Fold: 0 - Exception: Negative values in data passed to MultinomialNB (input X)",No using Simple Imputer,No using Ordinal Hot,0.0014872550964355469,0.00013589859008789062
algerian_forest_fires_46279,simpleimputer,ordinalencoder,feature_agglomeration,robust,MultinomialNB(),1,,"Erro na combinação 2712 - Imputer: simpleimputer, Categorização: ordinalencoder, Seleção de Feature: feature_agglomeration, Scaler: robust, Fold: 1 - Exception: Negative values in data passed to MultinomialNB (input X)",No using Simple Imputer,No using Ordinal Hot,0.0014872550964355469,0.00013589859008789062
algerian_forest_fires_46279,simpleimputer,ordinalencoder,feature_agglomeration,robust,MultinomialNB(),2,,"Erro na combinação 2713 - Imputer: simpleimputer, Categorização: ordinalencoder, Seleção de Feature: feature_agglomeration, Scaler: robust, Fold: 2 - Exception: Negative values in data passed to MultinomialNB (input X)",No using Simple Imputer,No using Ordinal Hot,0.0014872550964355469,0.00013589859008789062
algerian_forest_fires_46279,simpleimputer,ordinalencoder,feature_agglomeration,robust,MultinomialNB(),3,,"Erro na combinação 2714 - Imputer: simpleimputer, Categorização: ordinalencoder, Seleção de Feature: feature_agglomeration, Scaler: robust, Fold: 3 - Exception: Negative values in data passed to MultinomialNB (input X)",No using Simple Imputer,No using Ordinal Hot,0.0014872550964355469,0.00013589859008789062
algerian_forest_fires_46279,simpleimputer,ordinalencoder,feature_agglomeration,robust,MultinomialNB(),4,,"Erro na combinação 2715 - Imputer: simpleimputer, Categorização: ordinalencoder, Seleção de Feature: feature_agglomeration, Scaler: robust, Fold: 4 - Exception: Negative values in data passed to MultinomialNB (input X)",No using Simple Imputer,No using Ordinal Hot,0.0014872550964355469,0.00013589859008789062
algerian_forest_fires_46279,simpleimputer,ordinalencoder,extra_tree,robust,MultinomialNB(),0,,"Erro na combinação 2716 - Imputer: simpleimputer, Categorização: ordinalencoder, Seleção de Feature: extra_tree, Scaler: robust, Fold: 0 - Exception: Negative values in data passed to MultinomialNB (input X)",No using Simple Imputer,No using Ordinal Hot,0.0014872550964355469,0.00013589859008789062
algerian_forest_fires_46279,simpleimputer,ordinalencoder,extra_tree,robust,MultinomialNB(),1,,"Erro na combinação 2717 - Imputer: simpleimputer, Categorização: ordinalencoder, Seleção de Feature: extra_tree, Scaler: robust, Fold: 1 - Exception: Negative values in data passed to MultinomialNB (input X)",No using Simple Imputer,No using Ordinal Hot,0.0014872550964355469,0.00013589859008789062
algerian_forest_fires_46279,simpleimputer,ordinalencoder,extra_tree,robust,MultinomialNB(),2,,"Erro na combinação 2718 - Imputer: simpleimputer, Categorização: ordinalencoder, Seleção de Feature: extra_tree, Scaler: robust, Fold: 2 - Exception: Negative values in data passed to MultinomialNB (input X)",No using Simple Imputer,No using Ordinal Hot,0.0014872550964355469,0.00013589859008789062
algerian_forest_fires_46279,simpleimputer,ordinalencoder,extra_tree,robust,MultinomialNB(),3,,"Erro na combinação 2719 - Imputer: simpleimputer, Categorização: ordinalencoder, Seleção de Feature: extra_tree, Scaler: robust, Fold: 3 - Exception: Negative values in data passed to MultinomialNB (input X)",No using Simple Imputer,No using Ordinal Hot,0.0014872550964355469,0.00013589859008789062
algerian_forest_fires_46279,simpleimputer,ordinalencoder,extra_tree,robust,MultinomialNB(),4,,"Erro na combinação 2720 - Imputer: simpleimputer, Categorização: ordinalencoder, Seleção de Feature: extra_tree, Scaler: robust, Fold: 4 - Exception: Negative values in data passed to MultinomialNB (input X)",No using Simple Imputer,No using Ordinal Hot,0.0014872550964355469,0.00013589859008789062
algerian_forest_fires_46279,simpleimputer,ordinalencoder,linear_svc,robust,MultinomialNB(),0,,"Erro na combinação 2721 - Imputer: simpleimputer, Categorização: ordinalencoder, Seleção de Feature: linear_svc, Scaler: robust, Fold: 0 - Exception: Negative values in data passed to MultinomialNB (input X)",No using Simple Imputer,No using Ordinal Hot,0.0014872550964355469,0.00013589859008789062
algerian_forest_fires_46279,simpleimputer,ordinalencoder,linear_svc,robust,MultinomialNB(),1,,"Erro na combinação 2722 - Imputer: simpleimputer, Categorização: ordinalencoder, Seleção de Feature: linear_svc, Scaler: robust, Fold: 1 - Exception: Negative values in data passed to MultinomialNB (input X)",No using Simple Imputer,No using Ordinal Hot,0.0014872550964355469,0.00013589859008789062
algerian_forest_fires_46279,simpleimputer,ordinalencoder,linear_svc,robust,MultinomialNB(),2,,"Erro na combinação 2723 - Imputer: simpleimputer, Categorização: ordinalencoder, Seleção de Feature: linear_svc, Scaler: robust, Fold: 2 - Exception: Negative values in data passed to MultinomialNB (input X)",No using Simple Imputer,No using Ordinal Hot,0.0014872550964355469,0.00013589859008789062
algerian_forest_fires_46279,simpleimputer,ordinalencoder,linear_svc,robust,MultinomialNB(),3,,"Erro na combinação 2724 - Imputer: simpleimputer, Categorização: ordinalencoder, Seleção de Feature: linear_svc, Scaler: robust, Fold: 3 - Exception: Negative values in data passed to MultinomialNB (input X)",No using Simple Imputer,No using Ordinal Hot,0.0014872550964355469,0.00013589859008789062
algerian_forest_fires_46279,simpleimputer,ordinalencoder,linear_svc,robust,MultinomialNB(),4,,"Erro na combinação 2725 - Imputer: simpleimputer, Categorização: ordinalencoder, Seleção de Feature: linear_svc, Scaler: robust, Fold: 4 - Exception: Negative values in data passed to MultinomialNB (input X)",No using Simple Imputer,No using Ordinal Hot,0.0014872550964355469,0.00013589859008789062
algerian_forest_fires_46279,simpleimputer,ordinalencoder,kernel_pca,robust,MultinomialNB(),0,,"Erro na combinação 2726 - Imputer: simpleimputer, Categorização: ordinalencoder, Seleção de Feature: kernel_pca, Scaler: robust, Fold: 0 - Exception: Negative values in data passed to MultinomialNB (input X)",No using Simple Imputer,No using Ordinal Hot,0.0014872550964355469,0.00013589859008789062
algerian_forest_fires_46279,simpleimputer,ordinalencoder,kernel_pca,robust,MultinomialNB(),1,,"Erro na combinação 2727 - Imputer: simpleimputer, Categorização: ordinalencoder, Seleção de Feature: kernel_pca, Scaler: robust, Fold: 1 - Exception: Negative values in data passed to MultinomialNB (input X)",No using Simple Imputer,No using Ordinal Hot,0.0014872550964355469,0.00013589859008789062
algerian_forest_fires_46279,simpleimputer,ordinalencoder,kernel_pca,robust,MultinomialNB(),2,,"Erro na combinação 2728 - Imputer: simpleimputer, Categorização: ordinalencoder, Seleção de Feature: kernel_pca, Scaler: robust, Fold: 2 - Exception: Negative values in data passed to MultinomialNB (input X)",No using Simple Imputer,No using Ordinal Hot,0.0014872550964355469,0.00013589859008789062
algerian_forest_fires_46279,simpleimputer,ordinalencoder,kernel_pca,robust,MultinomialNB(),3,,"Erro na combinação 2729 - Imputer: simpleimputer, Categorização: ordinalencoder, Seleção de Feature: kernel_pca, Scaler: robust, Fold: 3 - Exception: Negative values in data passed to MultinomialNB (input X)",No using Simple Imputer,No using Ordinal Hot,0.0014872550964355469,0.00013589859008789062
algerian_forest_fires_46279,simpleimputer,ordinalencoder,kernel_pca,robust,MultinomialNB(),4,,"Erro na combinação 2730 - Imputer: simpleimputer, Categorização: ordinalencoder, Seleção de Feature: kernel_pca, Scaler: robust, Fold: 4 - Exception: Negative values in data passed to MultinomialNB (input X)",No using Simple Imputer,No using Ordinal Hot,0.0014872550964355469,0.00013589859008789062
algerian_forest_fires_46279,simpleimputer,ordinalencoder,,normalizer,MultinomialNB(),0,0.5510204081632653,,No using Simple Imputer,No using Ordinal Hot,0.0015149116516113281,0.00011396408081054688
algerian_forest_fires_46279,simpleimputer,ordinalencoder,,normalizer,MultinomialNB(),1,0.5510204081632653,,No using Simple Imputer,No using Ordinal Hot,0.0014765262603759766,0.00015211105346679688
algerian_forest_fires_46279,simpleimputer,ordinalencoder,,normalizer,MultinomialNB(),2,0.5714285714285714,,No using Simple Imputer,No using Ordinal Hot,0.0015053749084472656,0.00011301040649414062
algerian_forest_fires_46279,simpleimputer,ordinalencoder,,normalizer,MultinomialNB(),3,0.6041666666666666,,No using Simple Imputer,No using Ordinal Hot,0.0013232231140136719,0.00012564659118652344
algerian_forest_fires_46279,simpleimputer,ordinalencoder,,normalizer,MultinomialNB(),4,0.5416666666666666,,No using Simple Imputer,No using Ordinal Hot,0.001255035400390625,0.00010251998901367188
algerian_forest_fires_46279,simpleimputer,ordinalencoder,pca,normalizer,MultinomialNB(),0,,"Erro na combinação 2736 - Imputer: simpleimputer, Categorização: ordinalencoder, Seleção de Feature: pca, Scaler: normalizer, Fold: 0 - Exception: Negative values in data passed to MultinomialNB (input X)",No using Simple Imputer,No using Ordinal Hot,0.001255035400390625,0.00010251998901367188
algerian_forest_fires_46279,simpleimputer,ordinalencoder,pca,normalizer,MultinomialNB(),1,,"Erro na combinação 2737 - Imputer: simpleimputer, Categorização: ordinalencoder, Seleção de Feature: pca, Scaler: normalizer, Fold: 1 - Exception: Negative values in data passed to MultinomialNB (input X)",No using Simple Imputer,No using Ordinal Hot,0.001255035400390625,0.00010251998901367188
algerian_forest_fires_46279,simpleimputer,ordinalencoder,pca,normalizer,MultinomialNB(),2,,"Erro na combinação 2738 - Imputer: simpleimputer, Categorização: ordinalencoder, Seleção de Feature: pca, Scaler: normalizer, Fold: 2 - Exception: Negative values in data passed to MultinomialNB (input X)",No using Simple Imputer,No using Ordinal Hot,0.001255035400390625,0.00010251998901367188
algerian_forest_fires_46279,simpleimputer,ordinalencoder,pca,normalizer,MultinomialNB(),3,,"Erro na combinação 2739 - Imputer: simpleimputer, Categorização: ordinalencoder, Seleção de Feature: pca, Scaler: normalizer, Fold: 3 - Exception: Negative values in data passed to MultinomialNB (input X)",No using Simple Imputer,No using Ordinal Hot,0.001255035400390625,0.00010251998901367188
algerian_forest_fires_46279,simpleimputer,ordinalencoder,pca,normalizer,MultinomialNB(),4,,"Erro na combinação 2740 - Imputer: simpleimputer, Categorização: ordinalencoder, Seleção de Feature: pca, Scaler: normalizer, Fold: 4 - Exception: Negative values in data passed to MultinomialNB (input X)",No using Simple Imputer,No using Ordinal Hot,0.001255035400390625,0.00010251998901367188
algerian_forest_fires_46279,simpleimputer,ordinalencoder,fastica,normalizer,MultinomialNB(),0,,"Erro na combinação 2741 - Imputer: simpleimputer, Categorização: ordinalencoder, Seleção de Feature: fastica, Scaler: normalizer, Fold: 0 - Exception: Negative values in data passed to MultinomialNB (input X)",No using Simple Imputer,No using Ordinal Hot,0.001255035400390625,0.00010251998901367188
algerian_forest_fires_46279,simpleimputer,ordinalencoder,fastica,normalizer,MultinomialNB(),1,,"Erro na combinação 2742 - Imputer: simpleimputer, Categorização: ordinalencoder, Seleção de Feature: fastica, Scaler: normalizer, Fold: 1 - Exception: Negative values in data passed to MultinomialNB (input X)",No using Simple Imputer,No using Ordinal Hot,0.001255035400390625,0.00010251998901367188
algerian_forest_fires_46279,simpleimputer,ordinalencoder,fastica,normalizer,MultinomialNB(),2,,"Erro na combinação 2743 - Imputer: simpleimputer, Categorização: ordinalencoder, Seleção de Feature: fastica, Scaler: normalizer, Fold: 2 - Exception: Negative values in data passed to MultinomialNB (input X)",No using Simple Imputer,No using Ordinal Hot,0.001255035400390625,0.00010251998901367188
algerian_forest_fires_46279,simpleimputer,ordinalencoder,fastica,normalizer,MultinomialNB(),3,,"Erro na combinação 2744 - Imputer: simpleimputer, Categorização: ordinalencoder, Seleção de Feature: fastica, Scaler: normalizer, Fold: 3 - Exception: Negative values in data passed to MultinomialNB (input X)",No using Simple Imputer,No using Ordinal Hot,0.001255035400390625,0.00010251998901367188
algerian_forest_fires_46279,simpleimputer,ordinalencoder,fastica,normalizer,MultinomialNB(),4,,"Erro na combinação 2745 - Imputer: simpleimputer, Categorização: ordinalencoder, Seleção de Feature: fastica, Scaler: normalizer, Fold: 4 - Exception: Negative values in data passed to MultinomialNB (input X)",No using Simple Imputer,No using Ordinal Hot,0.001255035400390625,0.00010251998901367188
algerian_forest_fires_46279,simpleimputer,ordinalencoder,truncated_svd,normalizer,MultinomialNB(),0,,"Erro na combinação 2746 - Imputer: simpleimputer, Categorização: ordinalencoder, Seleção de Feature: truncated_svd, Scaler: normalizer, Fold: 0 - Exception: Negative values in data passed to MultinomialNB (input X)",No using Simple Imputer,No using Ordinal Hot,0.001255035400390625,0.00010251998901367188
algerian_forest_fires_46279,simpleimputer,ordinalencoder,truncated_svd,normalizer,MultinomialNB(),1,,"Erro na combinação 2747 - Imputer: simpleimputer, Categorização: ordinalencoder, Seleção de Feature: truncated_svd, Scaler: normalizer, Fold: 1 - Exception: Negative values in data passed to MultinomialNB (input X)",No using Simple Imputer,No using Ordinal Hot,0.001255035400390625,0.00010251998901367188
algerian_forest_fires_46279,simpleimputer,ordinalencoder,truncated_svd,normalizer,MultinomialNB(),2,,"Erro na combinação 2748 - Imputer: simpleimputer, Categorização: ordinalencoder, Seleção de Feature: truncated_svd, Scaler: normalizer, Fold: 2 - Exception: Negative values in data passed to MultinomialNB (input X)",No using Simple Imputer,No using Ordinal Hot,0.001255035400390625,0.00010251998901367188
algerian_forest_fires_46279,simpleimputer,ordinalencoder,truncated_svd,normalizer,MultinomialNB(),3,,"Erro na combinação 2749 - Imputer: simpleimputer, Categorização: ordinalencoder, Seleção de Feature: truncated_svd, Scaler: normalizer, Fold: 3 - Exception: Negative values in data passed to MultinomialNB (input X)",No using Simple Imputer,No using Ordinal Hot,0.001255035400390625,0.00010251998901367188
algerian_forest_fires_46279,simpleimputer,ordinalencoder,truncated_svd,normalizer,MultinomialNB(),4,,"Erro na combinação 2750 - Imputer: simpleimputer, Categorização: ordinalencoder, Seleção de Feature: truncated_svd, Scaler: normalizer, Fold: 4 - Exception: Negative values in data passed to MultinomialNB (input X)",No using Simple Imputer,No using Ordinal Hot,0.001255035400390625,0.00010251998901367188
algerian_forest_fires_46279,simpleimputer,ordinalencoder,select_percentile,normalizer,MultinomialNB(),0,0.5510204081632653,,No using Simple Imputer,No using Ordinal Hot,0.0013840198516845703,0.00010442733764648438
algerian_forest_fires_46279,simpleimputer,ordinalencoder,select_percentile,normalizer,MultinomialNB(),1,0.5510204081632653,,No using Simple Imputer,No using Ordinal Hot,0.001321554183959961,0.00010275840759277344
algerian_forest_fires_46279,simpleimputer,ordinalencoder,select_percentile,normalizer,MultinomialNB(),2,0.5714285714285714,,No using Simple Imputer,No using Ordinal Hot,0.0012094974517822266,9.393692016601562e-05
algerian_forest_fires_46279,simpleimputer,ordinalencoder,select_percentile,normalizer,MultinomialNB(),3,0.6041666666666666,,No using Simple Imputer,No using Ordinal Hot,0.001245737075805664,9.298324584960938e-05
algerian_forest_fires_46279,simpleimputer,ordinalencoder,select_percentile,normalizer,MultinomialNB(),4,0.5416666666666666,,No using Simple Imputer,No using Ordinal Hot,0.0012791156768798828,9.72747802734375e-05
algerian_forest_fires_46279,simpleimputer,ordinalencoder,generic_univariate,normalizer,MultinomialNB(),0,0.5510204081632653,,No using Simple Imputer,No using Ordinal Hot,0.0012073516845703125,9.369850158691406e-05
algerian_forest_fires_46279,simpleimputer,ordinalencoder,generic_univariate,normalizer,MultinomialNB(),1,0.5510204081632653,,No using Simple Imputer,No using Ordinal Hot,0.0012099742889404297,9.34600830078125e-05
algerian_forest_fires_46279,simpleimputer,ordinalencoder,generic_univariate,normalizer,MultinomialNB(),2,0.5714285714285714,,No using Simple Imputer,No using Ordinal Hot,0.0012276172637939453,9.369850158691406e-05
algerian_forest_fires_46279,simpleimputer,ordinalencoder,generic_univariate,normalizer,MultinomialNB(),3,0.6041666666666666,,No using Simple Imputer,No using Ordinal Hot,0.0012445449829101562,9.393692016601562e-05
algerian_forest_fires_46279,simpleimputer,ordinalencoder,generic_univariate,normalizer,MultinomialNB(),4,0.5416666666666666,,No using Simple Imputer,No using Ordinal Hot,0.0012028217315673828,9.34600830078125e-05
algerian_forest_fires_46279,simpleimputer,ordinalencoder,polynomial_features,normalizer,MultinomialNB(),0,0.5510204081632653,,No using Simple Imputer,No using Ordinal Hot,0.0012478828430175781,0.00010371208190917969
algerian_forest_fires_46279,simpleimputer,ordinalencoder,polynomial_features,normalizer,MultinomialNB(),1,0.5510204081632653,,No using Simple Imputer,No using Ordinal Hot,0.0012629032135009766,0.00010704994201660156
algerian_forest_fires_46279,simpleimputer,ordinalencoder,polynomial_features,normalizer,MultinomialNB(),2,0.5714285714285714,,No using Simple Imputer,No using Ordinal Hot,0.0012633800506591797,0.00010442733764648438
algerian_forest_fires_46279,simpleimputer,ordinalencoder,polynomial_features,normalizer,MultinomialNB(),3,0.6041666666666666,,No using Simple Imputer,No using Ordinal Hot,0.0013401508331298828,0.00012922286987304688
algerian_forest_fires_46279,simpleimputer,ordinalencoder,polynomial_features,normalizer,MultinomialNB(),4,0.5416666666666666,,No using Simple Imputer,No using Ordinal Hot,0.0013146400451660156,0.00010275840759277344
algerian_forest_fires_46279,simpleimputer,ordinalencoder,nystroem,normalizer,MultinomialNB(),0,0.5510204081632653,,No using Simple Imputer,No using Ordinal Hot,0.0015263557434082031,0.0001201629638671875
algerian_forest_fires_46279,simpleimputer,ordinalencoder,nystroem,normalizer,MultinomialNB(),1,0.5510204081632653,,No using Simple Imputer,No using Ordinal Hot,0.0015399456024169922,0.00012040138244628906
algerian_forest_fires_46279,simpleimputer,ordinalencoder,nystroem,normalizer,MultinomialNB(),2,0.5714285714285714,,No using Simple Imputer,No using Ordinal Hot,0.0016562938690185547,0.00012421607971191406
algerian_forest_fires_46279,simpleimputer,ordinalencoder,nystroem,normalizer,MultinomialNB(),3,0.6041666666666666,,No using Simple Imputer,No using Ordinal Hot,0.0015213489532470703,0.00012087821960449219
algerian_forest_fires_46279,simpleimputer,ordinalencoder,nystroem,normalizer,MultinomialNB(),4,0.5416666666666666,,No using Simple Imputer,No using Ordinal Hot,0.0016980171203613281,0.00012969970703125
algerian_forest_fires_46279,simpleimputer,ordinalencoder,rbf_sampler,normalizer,MultinomialNB(),0,,"Erro na combinação 2771 - Imputer: simpleimputer, Categorização: ordinalencoder, Seleção de Feature: rbf_sampler, Scaler: normalizer, Fold: 0 - Exception: Negative values in data passed to MultinomialNB (input X)",No using Simple Imputer,No using Ordinal Hot,0.0016980171203613281,0.00012969970703125
algerian_forest_fires_46279,simpleimputer,ordinalencoder,rbf_sampler,normalizer,MultinomialNB(),1,,"Erro na combinação 2772 - Imputer: simpleimputer, Categorização: ordinalencoder, Seleção de Feature: rbf_sampler, Scaler: normalizer, Fold: 1 - Exception: Negative values in data passed to MultinomialNB (input X)",No using Simple Imputer,No using Ordinal Hot,0.0016980171203613281,0.00012969970703125
algerian_forest_fires_46279,simpleimputer,ordinalencoder,rbf_sampler,normalizer,MultinomialNB(),2,,"Erro na combinação 2773 - Imputer: simpleimputer, Categorização: ordinalencoder, Seleção de Feature: rbf_sampler, Scaler: normalizer, Fold: 2 - Exception: Negative values in data passed to MultinomialNB (input X)",No using Simple Imputer,No using Ordinal Hot,0.0016980171203613281,0.00012969970703125
algerian_forest_fires_46279,simpleimputer,ordinalencoder,rbf_sampler,normalizer,MultinomialNB(),3,,"Erro na combinação 2774 - Imputer: simpleimputer, Categorização: ordinalencoder, Seleção de Feature: rbf_sampler, Scaler: normalizer, Fold: 3 - Exception: Negative values in data passed to MultinomialNB (input X)",No using Simple Imputer,No using Ordinal Hot,0.0016980171203613281,0.00012969970703125
algerian_forest_fires_46279,simpleimputer,ordinalencoder,rbf_sampler,normalizer,MultinomialNB(),4,,"Erro na combinação 2775 - Imputer: simpleimputer, Categorização: ordinalencoder, Seleção de Feature: rbf_sampler, Scaler: normalizer, Fold: 4 - Exception: Negative values in data passed to MultinomialNB (input X)",No using Simple Imputer,No using Ordinal Hot,0.0016980171203613281,0.00012969970703125
algerian_forest_fires_46279,simpleimputer,ordinalencoder,random_trees_embedding,normalizer,MultinomialNB(),0,0.8979591836734694,,No using Simple Imputer,No using Ordinal Hot,0.0014653205871582031,0.00013494491577148438
algerian_forest_fires_46279,simpleimputer,ordinalencoder,random_trees_embedding,normalizer,MultinomialNB(),1,0.9183673469387755,,No using Simple Imputer,No using Ordinal Hot,0.0015630722045898438,0.00013637542724609375
algerian_forest_fires_46279,simpleimputer,ordinalencoder,random_trees_embedding,normalizer,MultinomialNB(),2,0.9387755102040817,,No using Simple Imputer,No using Ordinal Hot,0.0014948844909667969,0.00013971328735351562
algerian_forest_fires_46279,simpleimputer,ordinalencoder,random_trees_embedding,normalizer,MultinomialNB(),3,0.9375,,No using Simple Imputer,No using Ordinal Hot,0.0015273094177246094,0.00013685226440429688
algerian_forest_fires_46279,simpleimputer,ordinalencoder,random_trees_embedding,normalizer,MultinomialNB(),4,0.9583333333333334,,No using Simple Imputer,No using Ordinal Hot,0.0021448135375976562,0.00019860267639160156
algerian_forest_fires_46279,simpleimputer,ordinalencoder,feature_agglomeration,normalizer,MultinomialNB(),0,0.5510204081632653,,No using Simple Imputer,No using Ordinal Hot,0.0012297630310058594,9.584426879882812e-05
algerian_forest_fires_46279,simpleimputer,ordinalencoder,feature_agglomeration,normalizer,MultinomialNB(),1,0.5510204081632653,,No using Simple Imputer,No using Ordinal Hot,0.0013251304626464844,9.5367431640625e-05
algerian_forest_fires_46279,simpleimputer,ordinalencoder,feature_agglomeration,normalizer,MultinomialNB(),2,0.5714285714285714,,No using Simple Imputer,No using Ordinal Hot,0.0012335777282714844,0.00011372566223144531
algerian_forest_fires_46279,simpleimputer,ordinalencoder,feature_agglomeration,normalizer,MultinomialNB(),3,0.6041666666666666,,No using Simple Imputer,No using Ordinal Hot,0.0012938976287841797,9.489059448242188e-05
algerian_forest_fires_46279,simpleimputer,ordinalencoder,feature_agglomeration,normalizer,MultinomialNB(),4,0.5416666666666666,,No using Simple Imputer,No using Ordinal Hot,0.0013434886932373047,9.632110595703125e-05
algerian_forest_fires_46279,simpleimputer,ordinalencoder,extra_tree,normalizer,MultinomialNB(),0,0.5510204081632653,,No using Simple Imputer,No using Ordinal Hot,0.0013191699981689453,9.679794311523438e-05
algerian_forest_fires_46279,simpleimputer,ordinalencoder,extra_tree,normalizer,MultinomialNB(),1,0.5510204081632653,,No using Simple Imputer,No using Ordinal Hot,0.0013051033020019531,9.632110595703125e-05
algerian_forest_fires_46279,simpleimputer,ordinalencoder,extra_tree,normalizer,MultinomialNB(),2,0.5714285714285714,,No using Simple Imputer,No using Ordinal Hot,0.0012717247009277344,9.679794311523438e-05
algerian_forest_fires_46279,simpleimputer,ordinalencoder,extra_tree,normalizer,MultinomialNB(),3,0.6041666666666666,,No using Simple Imputer,No using Ordinal Hot,0.001325368881225586,9.775161743164062e-05
algerian_forest_fires_46279,simpleimputer,ordinalencoder,extra_tree,normalizer,MultinomialNB(),4,0.5416666666666666,,No using Simple Imputer,No using Ordinal Hot,0.0013020038604736328,9.632110595703125e-05
algerian_forest_fires_46279,simpleimputer,ordinalencoder,linear_svc,normalizer,MultinomialNB(),0,0.5510204081632653,,No using Simple Imputer,No using Ordinal Hot,0.0014235973358154297,0.00010538101196289062
algerian_forest_fires_46279,simpleimputer,ordinalencoder,linear_svc,normalizer,MultinomialNB(),1,0.5510204081632653,,No using Simple Imputer,No using Ordinal Hot,0.0013000965118408203,9.799003601074219e-05
algerian_forest_fires_46279,simpleimputer,ordinalencoder,linear_svc,normalizer,MultinomialNB(),2,0.5714285714285714,,No using Simple Imputer,No using Ordinal Hot,0.0013039112091064453,0.00013327598571777344
algerian_forest_fires_46279,simpleimputer,ordinalencoder,linear_svc,normalizer,MultinomialNB(),3,0.6041666666666666,,No using Simple Imputer,No using Ordinal Hot,0.0012595653533935547,9.584426879882812e-05
algerian_forest_fires_46279,simpleimputer,ordinalencoder,linear_svc,normalizer,MultinomialNB(),4,0.5416666666666666,,No using Simple Imputer,No using Ordinal Hot,0.0013141632080078125,9.918212890625e-05
algerian_forest_fires_46279,simpleimputer,ordinalencoder,kernel_pca,normalizer,MultinomialNB(),0,,"Erro na combinação 2796 - Imputer: simpleimputer, Categorização: ordinalencoder, Seleção de Feature: kernel_pca, Scaler: normalizer, Fold: 0 - Exception: Negative values in data passed to MultinomialNB (input X)",No using Simple Imputer,No using Ordinal Hot,0.0013141632080078125,9.918212890625e-05
algerian_forest_fires_46279,simpleimputer,ordinalencoder,kernel_pca,normalizer,MultinomialNB(),1,,"Erro na combinação 2797 - Imputer: simpleimputer, Categorização: ordinalencoder, Seleção de Feature: kernel_pca, Scaler: normalizer, Fold: 1 - Exception: Negative values in data passed to MultinomialNB (input X)",No using Simple Imputer,No using Ordinal Hot,0.0013141632080078125,9.918212890625e-05
algerian_forest_fires_46279,simpleimputer,ordinalencoder,kernel_pca,normalizer,MultinomialNB(),2,,"Erro na combinação 2798 - Imputer: simpleimputer, Categorização: ordinalencoder, Seleção de Feature: kernel_pca, Scaler: normalizer, Fold: 2 - Exception: Negative values in data passed to MultinomialNB (input X)",No using Simple Imputer,No using Ordinal Hot,0.0013141632080078125,9.918212890625e-05
algerian_forest_fires_46279,simpleimputer,ordinalencoder,kernel_pca,normalizer,MultinomialNB(),3,,"Erro na combinação 2799 - Imputer: simpleimputer, Categorização: ordinalencoder, Seleção de Feature: kernel_pca, Scaler: normalizer, Fold: 3 - Exception: Negative values in data passed to MultinomialNB (input X)",No using Simple Imputer,No using Ordinal Hot,0.0013141632080078125,9.918212890625e-05
algerian_forest_fires_46279,simpleimputer,ordinalencoder,kernel_pca,normalizer,MultinomialNB(),4,,"Erro na combinação 2800 - Imputer: simpleimputer, Categorização: ordinalencoder, Seleção de Feature: kernel_pca, Scaler: normalizer, Fold: 4 - Exception: Negative values in data passed to MultinomialNB (input X)",No using Simple Imputer,No using Ordinal Hot,0.0013141632080078125,9.918212890625e-05
algerian_forest_fires_46279,simpleimputer,ordinalencoder,,power,MultinomialNB(),0,,"Erro na combinação 2801 - Imputer: simpleimputer, Categorização: ordinalencoder, Seleção de Feature: None, Scaler: power, Fold: 0 - Exception: Negative values in data passed to MultinomialNB (input X)",No using Simple Imputer,No using Ordinal Hot,0.0013141632080078125,9.918212890625e-05
algerian_forest_fires_46279,simpleimputer,ordinalencoder,,power,MultinomialNB(),1,,"Erro na combinação 2802 - Imputer: simpleimputer, Categorização: ordinalencoder, Seleção de Feature: None, Scaler: power, Fold: 1 - Exception: Negative values in data passed to MultinomialNB (input X)",No using Simple Imputer,No using Ordinal Hot,0.0013141632080078125,9.918212890625e-05
algerian_forest_fires_46279,simpleimputer,ordinalencoder,,power,MultinomialNB(),2,,"Erro na combinação 2803 - Imputer: simpleimputer, Categorização: ordinalencoder, Seleção de Feature: None, Scaler: power, Fold: 2 - Exception: Negative values in data passed to MultinomialNB (input X)",No using Simple Imputer,No using Ordinal Hot,0.0013141632080078125,9.918212890625e-05
algerian_forest_fires_46279,simpleimputer,ordinalencoder,,power,MultinomialNB(),3,,"Erro na combinação 2804 - Imputer: simpleimputer, Categorização: ordinalencoder, Seleção de Feature: None, Scaler: power, Fold: 3 - Exception: Negative values in data passed to MultinomialNB (input X)",No using Simple Imputer,No using Ordinal Hot,0.0013141632080078125,9.918212890625e-05
algerian_forest_fires_46279,simpleimputer,ordinalencoder,,power,MultinomialNB(),4,,"Erro na combinação 2805 - Imputer: simpleimputer, Categorização: ordinalencoder, Seleção de Feature: None, Scaler: power, Fold: 4 - Exception: Negative values in data passed to MultinomialNB (input X)",No using Simple Imputer,No using Ordinal Hot,0.0013141632080078125,9.918212890625e-05
algerian_forest_fires_46279,simpleimputer,ordinalencoder,pca,power,MultinomialNB(),0,,"Erro na combinação 2806 - Imputer: simpleimputer, Categorização: ordinalencoder, Seleção de Feature: pca, Scaler: power, Fold: 0 - Exception: Negative values in data passed to MultinomialNB (input X)",No using Simple Imputer,No using Ordinal Hot,0.0013141632080078125,9.918212890625e-05
algerian_forest_fires_46279,simpleimputer,ordinalencoder,pca,power,MultinomialNB(),1,,"Erro na combinação 2807 - Imputer: simpleimputer, Categorização: ordinalencoder, Seleção de Feature: pca, Scaler: power, Fold: 1 - Exception: Negative values in data passed to MultinomialNB (input X)",No using Simple Imputer,No using Ordinal Hot,0.0013141632080078125,9.918212890625e-05
algerian_forest_fires_46279,simpleimputer,ordinalencoder,pca,power,MultinomialNB(),2,,"Erro na combinação 2808 - Imputer: simpleimputer, Categorização: ordinalencoder, Seleção de Feature: pca, Scaler: power, Fold: 2 - Exception: Negative values in data passed to MultinomialNB (input X)",No using Simple Imputer,No using Ordinal Hot,0.0013141632080078125,9.918212890625e-05
algerian_forest_fires_46279,simpleimputer,ordinalencoder,pca,power,MultinomialNB(),3,,"Erro na combinação 2809 - Imputer: simpleimputer, Categorização: ordinalencoder, Seleção de Feature: pca, Scaler: power, Fold: 3 - Exception: Negative values in data passed to MultinomialNB (input X)",No using Simple Imputer,No using Ordinal Hot,0.0013141632080078125,9.918212890625e-05
algerian_forest_fires_46279,simpleimputer,ordinalencoder,pca,power,MultinomialNB(),4,,"Erro na combinação 2810 - Imputer: simpleimputer, Categorização: ordinalencoder, Seleção de Feature: pca, Scaler: power, Fold: 4 - Exception: Negative values in data passed to MultinomialNB (input X)",No using Simple Imputer,No using Ordinal Hot,0.0013141632080078125,9.918212890625e-05
algerian_forest_fires_46279,simpleimputer,ordinalencoder,fastica,power,MultinomialNB(),0,,"Erro na combinação 2811 - Imputer: simpleimputer, Categorização: ordinalencoder, Seleção de Feature: fastica, Scaler: power, Fold: 0 - Exception: Negative values in data passed to MultinomialNB (input X)",No using Simple Imputer,No using Ordinal Hot,0.0013141632080078125,9.918212890625e-05
algerian_forest_fires_46279,simpleimputer,ordinalencoder,fastica,power,MultinomialNB(),1,,"Erro na combinação 2812 - Imputer: simpleimputer, Categorização: ordinalencoder, Seleção de Feature: fastica, Scaler: power, Fold: 1 - Exception: Negative values in data passed to MultinomialNB (input X)",No using Simple Imputer,No using Ordinal Hot,0.0013141632080078125,9.918212890625e-05
algerian_forest_fires_46279,simpleimputer,ordinalencoder,fastica,power,MultinomialNB(),2,,"Erro na combinação 2813 - Imputer: simpleimputer, Categorização: ordinalencoder, Seleção de Feature: fastica, Scaler: power, Fold: 2 - Exception: Negative values in data passed to MultinomialNB (input X)",No using Simple Imputer,No using Ordinal Hot,0.0013141632080078125,9.918212890625e-05
algerian_forest_fires_46279,simpleimputer,ordinalencoder,fastica,power,MultinomialNB(),3,,"Erro na combinação 2814 - Imputer: simpleimputer, Categorização: ordinalencoder, Seleção de Feature: fastica, Scaler: power, Fold: 3 - Exception: Negative values in data passed to MultinomialNB (input X)",No using Simple Imputer,No using Ordinal Hot,0.0013141632080078125,9.918212890625e-05
algerian_forest_fires_46279,simpleimputer,ordinalencoder,fastica,power,MultinomialNB(),4,,"Erro na combinação 2815 - Imputer: simpleimputer, Categorização: ordinalencoder, Seleção de Feature: fastica, Scaler: power, Fold: 4 - Exception: Negative values in data passed to MultinomialNB (input X)",No using Simple Imputer,No using Ordinal Hot,0.0013141632080078125,9.918212890625e-05
algerian_forest_fires_46279,simpleimputer,ordinalencoder,truncated_svd,power,MultinomialNB(),0,,"Erro na combinação 2816 - Imputer: simpleimputer, Categorização: ordinalencoder, Seleção de Feature: truncated_svd, Scaler: power, Fold: 0 - Exception: Negative values in data passed to MultinomialNB (input X)",No using Simple Imputer,No using Ordinal Hot,0.0013141632080078125,9.918212890625e-05
algerian_forest_fires_46279,simpleimputer,ordinalencoder,truncated_svd,power,MultinomialNB(),1,,"Erro na combinação 2817 - Imputer: simpleimputer, Categorização: ordinalencoder, Seleção de Feature: truncated_svd, Scaler: power, Fold: 1 - Exception: Negative values in data passed to MultinomialNB (input X)",No using Simple Imputer,No using Ordinal Hot,0.0013141632080078125,9.918212890625e-05
algerian_forest_fires_46279,simpleimputer,ordinalencoder,truncated_svd,power,MultinomialNB(),2,,"Erro na combinação 2818 - Imputer: simpleimputer, Categorização: ordinalencoder, Seleção de Feature: truncated_svd, Scaler: power, Fold: 2 - Exception: Negative values in data passed to MultinomialNB (input X)",No using Simple Imputer,No using Ordinal Hot,0.0013141632080078125,9.918212890625e-05
algerian_forest_fires_46279,simpleimputer,ordinalencoder,truncated_svd,power,MultinomialNB(),3,,"Erro na combinação 2819 - Imputer: simpleimputer, Categorização: ordinalencoder, Seleção de Feature: truncated_svd, Scaler: power, Fold: 3 - Exception: Negative values in data passed to MultinomialNB (input X)",No using Simple Imputer,No using Ordinal Hot,0.0013141632080078125,9.918212890625e-05
algerian_forest_fires_46279,simpleimputer,ordinalencoder,truncated_svd,power,MultinomialNB(),4,,"Erro na combinação 2820 - Imputer: simpleimputer, Categorização: ordinalencoder, Seleção de Feature: truncated_svd, Scaler: power, Fold: 4 - Exception: Negative values in data passed to MultinomialNB (input X)",No using Simple Imputer,No using Ordinal Hot,0.0013141632080078125,9.918212890625e-05
algerian_forest_fires_46279,simpleimputer,ordinalencoder,select_percentile,power,MultinomialNB(),0,,"Erro na combinação 2821 - Imputer: simpleimputer, Categorização: ordinalencoder, Seleção de Feature: select_percentile, Scaler: power, Fold: 0 - Exception: Negative values in data passed to MultinomialNB (input X)",No using Simple Imputer,No using Ordinal Hot,0.0013141632080078125,9.918212890625e-05
algerian_forest_fires_46279,simpleimputer,ordinalencoder,select_percentile,power,MultinomialNB(),1,,"Erro na combinação 2822 - Imputer: simpleimputer, Categorização: ordinalencoder, Seleção de Feature: select_percentile, Scaler: power, Fold: 1 - Exception: Negative values in data passed to MultinomialNB (input X)",No using Simple Imputer,No using Ordinal Hot,0.0013141632080078125,9.918212890625e-05
algerian_forest_fires_46279,simpleimputer,ordinalencoder,select_percentile,power,MultinomialNB(),2,,"Erro na combinação 2823 - Imputer: simpleimputer, Categorização: ordinalencoder, Seleção de Feature: select_percentile, Scaler: power, Fold: 2 - Exception: Negative values in data passed to MultinomialNB (input X)",No using Simple Imputer,No using Ordinal Hot,0.0013141632080078125,9.918212890625e-05
algerian_forest_fires_46279,simpleimputer,ordinalencoder,select_percentile,power,MultinomialNB(),3,,"Erro na combinação 2824 - Imputer: simpleimputer, Categorização: ordinalencoder, Seleção de Feature: select_percentile, Scaler: power, Fold: 3 - Exception: Negative values in data passed to MultinomialNB (input X)",No using Simple Imputer,No using Ordinal Hot,0.0013141632080078125,9.918212890625e-05
algerian_forest_fires_46279,simpleimputer,ordinalencoder,select_percentile,power,MultinomialNB(),4,,"Erro na combinação 2825 - Imputer: simpleimputer, Categorização: ordinalencoder, Seleção de Feature: select_percentile, Scaler: power, Fold: 4 - Exception: Negative values in data passed to MultinomialNB (input X)",No using Simple Imputer,No using Ordinal Hot,0.0013141632080078125,9.918212890625e-05
algerian_forest_fires_46279,simpleimputer,ordinalencoder,generic_univariate,power,MultinomialNB(),0,,"Erro na combinação 2826 - Imputer: simpleimputer, Categorização: ordinalencoder, Seleção de Feature: generic_univariate, Scaler: power, Fold: 0 - Exception: Negative values in data passed to MultinomialNB (input X)",No using Simple Imputer,No using Ordinal Hot,0.0013141632080078125,9.918212890625e-05
algerian_forest_fires_46279,simpleimputer,ordinalencoder,generic_univariate,power,MultinomialNB(),1,,"Erro na combinação 2827 - Imputer: simpleimputer, Categorização: ordinalencoder, Seleção de Feature: generic_univariate, Scaler: power, Fold: 1 - Exception: Negative values in data passed to MultinomialNB (input X)",No using Simple Imputer,No using Ordinal Hot,0.0013141632080078125,9.918212890625e-05
algerian_forest_fires_46279,simpleimputer,ordinalencoder,generic_univariate,power,MultinomialNB(),2,,"Erro na combinação 2828 - Imputer: simpleimputer, Categorização: ordinalencoder, Seleção de Feature: generic_univariate, Scaler: power, Fold: 2 - Exception: Negative values in data passed to MultinomialNB (input X)",No using Simple Imputer,No using Ordinal Hot,0.0013141632080078125,9.918212890625e-05
algerian_forest_fires_46279,simpleimputer,ordinalencoder,generic_univariate,power,MultinomialNB(),3,,"Erro na combinação 2829 - Imputer: simpleimputer, Categorização: ordinalencoder, Seleção de Feature: generic_univariate, Scaler: power, Fold: 3 - Exception: Negative values in data passed to MultinomialNB (input X)",No using Simple Imputer,No using Ordinal Hot,0.0013141632080078125,9.918212890625e-05
algerian_forest_fires_46279,simpleimputer,ordinalencoder,generic_univariate,power,MultinomialNB(),4,,"Erro na combinação 2830 - Imputer: simpleimputer, Categorização: ordinalencoder, Seleção de Feature: generic_univariate, Scaler: power, Fold: 4 - Exception: Negative values in data passed to MultinomialNB (input X)",No using Simple Imputer,No using Ordinal Hot,0.0013141632080078125,9.918212890625e-05
algerian_forest_fires_46279,simpleimputer,ordinalencoder,polynomial_features,power,MultinomialNB(),0,,"Erro na combinação 2831 - Imputer: simpleimputer, Categorização: ordinalencoder, Seleção de Feature: polynomial_features, Scaler: power, Fold: 0 - Exception: Negative values in data passed to MultinomialNB (input X)",No using Simple Imputer,No using Ordinal Hot,0.0013141632080078125,9.918212890625e-05
algerian_forest_fires_46279,simpleimputer,ordinalencoder,polynomial_features,power,MultinomialNB(),1,,"Erro na combinação 2832 - Imputer: simpleimputer, Categorização: ordinalencoder, Seleção de Feature: polynomial_features, Scaler: power, Fold: 1 - Exception: Negative values in data passed to MultinomialNB (input X)",No using Simple Imputer,No using Ordinal Hot,0.0013141632080078125,9.918212890625e-05
algerian_forest_fires_46279,simpleimputer,ordinalencoder,polynomial_features,power,MultinomialNB(),2,,"Erro na combinação 2833 - Imputer: simpleimputer, Categorização: ordinalencoder, Seleção de Feature: polynomial_features, Scaler: power, Fold: 2 - Exception: Negative values in data passed to MultinomialNB (input X)",No using Simple Imputer,No using Ordinal Hot,0.0013141632080078125,9.918212890625e-05
algerian_forest_fires_46279,simpleimputer,ordinalencoder,polynomial_features,power,MultinomialNB(),3,,"Erro na combinação 2834 - Imputer: simpleimputer, Categorização: ordinalencoder, Seleção de Feature: polynomial_features, Scaler: power, Fold: 3 - Exception: Negative values in data passed to MultinomialNB (input X)",No using Simple Imputer,No using Ordinal Hot,0.0013141632080078125,9.918212890625e-05
algerian_forest_fires_46279,simpleimputer,ordinalencoder,polynomial_features,power,MultinomialNB(),4,,"Erro na combinação 2835 - Imputer: simpleimputer, Categorização: ordinalencoder, Seleção de Feature: polynomial_features, Scaler: power, Fold: 4 - Exception: Negative values in data passed to MultinomialNB (input X)",No using Simple Imputer,No using Ordinal Hot,0.0013141632080078125,9.918212890625e-05
algerian_forest_fires_46279,simpleimputer,ordinalencoder,nystroem,power,MultinomialNB(),0,,"Erro na combinação 2836 - Imputer: simpleimputer, Categorização: ordinalencoder, Seleção de Feature: nystroem, Scaler: power, Fold: 0 - Exception: Negative values in data passed to MultinomialNB (input X)",No using Simple Imputer,No using Ordinal Hot,0.0013141632080078125,9.918212890625e-05
algerian_forest_fires_46279,simpleimputer,ordinalencoder,nystroem,power,MultinomialNB(),1,,"Erro na combinação 2837 - Imputer: simpleimputer, Categorização: ordinalencoder, Seleção de Feature: nystroem, Scaler: power, Fold: 1 - Exception: Negative values in data passed to MultinomialNB (input X)",No using Simple Imputer,No using Ordinal Hot,0.0013141632080078125,9.918212890625e-05
algerian_forest_fires_46279,simpleimputer,ordinalencoder,nystroem,power,MultinomialNB(),2,,"Erro na combinação 2838 - Imputer: simpleimputer, Categorização: ordinalencoder, Seleção de Feature: nystroem, Scaler: power, Fold: 2 - Exception: Negative values in data passed to MultinomialNB (input X)",No using Simple Imputer,No using Ordinal Hot,0.0013141632080078125,9.918212890625e-05
algerian_forest_fires_46279,simpleimputer,ordinalencoder,nystroem,power,MultinomialNB(),3,,"Erro na combinação 2839 - Imputer: simpleimputer, Categorização: ordinalencoder, Seleção de Feature: nystroem, Scaler: power, Fold: 3 - Exception: Negative values in data passed to MultinomialNB (input X)",No using Simple Imputer,No using Ordinal Hot,0.0013141632080078125,9.918212890625e-05
algerian_forest_fires_46279,simpleimputer,ordinalencoder,nystroem,power,MultinomialNB(),4,,"Erro na combinação 2840 - Imputer: simpleimputer, Categorização: ordinalencoder, Seleção de Feature: nystroem, Scaler: power, Fold: 4 - Exception: Negative values in data passed to MultinomialNB (input X)",No using Simple Imputer,No using Ordinal Hot,0.0013141632080078125,9.918212890625e-05
algerian_forest_fires_46279,simpleimputer,ordinalencoder,rbf_sampler,power,MultinomialNB(),0,,"Erro na combinação 2841 - Imputer: simpleimputer, Categorização: ordinalencoder, Seleção de Feature: rbf_sampler, Scaler: power, Fold: 0 - Exception: Negative values in data passed to MultinomialNB (input X)",No using Simple Imputer,No using Ordinal Hot,0.0013141632080078125,9.918212890625e-05
algerian_forest_fires_46279,simpleimputer,ordinalencoder,rbf_sampler,power,MultinomialNB(),1,,"Erro na combinação 2842 - Imputer: simpleimputer, Categorização: ordinalencoder, Seleção de Feature: rbf_sampler, Scaler: power, Fold: 1 - Exception: Negative values in data passed to MultinomialNB (input X)",No using Simple Imputer,No using Ordinal Hot,0.0013141632080078125,9.918212890625e-05
algerian_forest_fires_46279,simpleimputer,ordinalencoder,rbf_sampler,power,MultinomialNB(),2,,"Erro na combinação 2843 - Imputer: simpleimputer, Categorização: ordinalencoder, Seleção de Feature: rbf_sampler, Scaler: power, Fold: 2 - Exception: Negative values in data passed to MultinomialNB (input X)",No using Simple Imputer,No using Ordinal Hot,0.0013141632080078125,9.918212890625e-05
algerian_forest_fires_46279,simpleimputer,ordinalencoder,rbf_sampler,power,MultinomialNB(),3,,"Erro na combinação 2844 - Imputer: simpleimputer, Categorização: ordinalencoder, Seleção de Feature: rbf_sampler, Scaler: power, Fold: 3 - Exception: Negative values in data passed to MultinomialNB (input X)",No using Simple Imputer,No using Ordinal Hot,0.0013141632080078125,9.918212890625e-05
algerian_forest_fires_46279,simpleimputer,ordinalencoder,rbf_sampler,power,MultinomialNB(),4,,"Erro na combinação 2845 - Imputer: simpleimputer, Categorização: ordinalencoder, Seleção de Feature: rbf_sampler, Scaler: power, Fold: 4 - Exception: Negative values in data passed to MultinomialNB (input X)",No using Simple Imputer,No using Ordinal Hot,0.0013141632080078125,9.918212890625e-05
algerian_forest_fires_46279,simpleimputer,ordinalencoder,random_trees_embedding,power,MultinomialNB(),0,0.9183673469387755,,No using Simple Imputer,No using Ordinal Hot,0.0014882087707519531,0.0001621246337890625
algerian_forest_fires_46279,simpleimputer,ordinalencoder,random_trees_embedding,power,MultinomialNB(),1,0.9591836734693877,,No using Simple Imputer,No using Ordinal Hot,0.0014615058898925781,0.000186920166015625
algerian_forest_fires_46279,simpleimputer,ordinalencoder,random_trees_embedding,power,MultinomialNB(),2,0.9591836734693877,,No using Simple Imputer,No using Ordinal Hot,0.0014834403991699219,0.0001385211944580078
algerian_forest_fires_46279,simpleimputer,ordinalencoder,random_trees_embedding,power,MultinomialNB(),3,0.9583333333333334,,No using Simple Imputer,No using Ordinal Hot,0.001519918441772461,0.00013875961303710938
algerian_forest_fires_46279,simpleimputer,ordinalencoder,random_trees_embedding,power,MultinomialNB(),4,0.9583333333333334,,No using Simple Imputer,No using Ordinal Hot,0.001529693603515625,0.0001404285430908203
algerian_forest_fires_46279,simpleimputer,ordinalencoder,feature_agglomeration,power,MultinomialNB(),0,,"Erro na combinação 2851 - Imputer: simpleimputer, Categorização: ordinalencoder, Seleção de Feature: feature_agglomeration, Scaler: power, Fold: 0 - Exception: Negative values in data passed to MultinomialNB (input X)",No using Simple Imputer,No using Ordinal Hot,0.001529693603515625,0.0001404285430908203
algerian_forest_fires_46279,simpleimputer,ordinalencoder,feature_agglomeration,power,MultinomialNB(),1,,"Erro na combinação 2852 - Imputer: simpleimputer, Categorização: ordinalencoder, Seleção de Feature: feature_agglomeration, Scaler: power, Fold: 1 - Exception: Negative values in data passed to MultinomialNB (input X)",No using Simple Imputer,No using Ordinal Hot,0.001529693603515625,0.0001404285430908203
algerian_forest_fires_46279,simpleimputer,ordinalencoder,feature_agglomeration,power,MultinomialNB(),2,,"Erro na combinação 2853 - Imputer: simpleimputer, Categorização: ordinalencoder, Seleção de Feature: feature_agglomeration, Scaler: power, Fold: 2 - Exception: Negative values in data passed to MultinomialNB (input X)",No using Simple Imputer,No using Ordinal Hot,0.001529693603515625,0.0001404285430908203
algerian_forest_fires_46279,simpleimputer,ordinalencoder,feature_agglomeration,power,MultinomialNB(),3,,"Erro na combinação 2854 - Imputer: simpleimputer, Categorização: ordinalencoder, Seleção de Feature: feature_agglomeration, Scaler: power, Fold: 3 - Exception: Negative values in data passed to MultinomialNB (input X)",No using Simple Imputer,No using Ordinal Hot,0.001529693603515625,0.0001404285430908203
algerian_forest_fires_46279,simpleimputer,ordinalencoder,feature_agglomeration,power,MultinomialNB(),4,,"Erro na combinação 2855 - Imputer: simpleimputer, Categorização: ordinalencoder, Seleção de Feature: feature_agglomeration, Scaler: power, Fold: 4 - Exception: Negative values in data passed to MultinomialNB (input X)",No using Simple Imputer,No using Ordinal Hot,0.001529693603515625,0.0001404285430908203
algerian_forest_fires_46279,simpleimputer,ordinalencoder,extra_tree,power,MultinomialNB(),0,,"Erro na combinação 2856 - Imputer: simpleimputer, Categorização: ordinalencoder, Seleção de Feature: extra_tree, Scaler: power, Fold: 0 - Exception: Negative values in data passed to MultinomialNB (input X)",No using Simple Imputer,No using Ordinal Hot,0.001529693603515625,0.0001404285430908203
algerian_forest_fires_46279,simpleimputer,ordinalencoder,extra_tree,power,MultinomialNB(),1,,"Erro na combinação 2857 - Imputer: simpleimputer, Categorização: ordinalencoder, Seleção de Feature: extra_tree, Scaler: power, Fold: 1 - Exception: Negative values in data passed to MultinomialNB (input X)",No using Simple Imputer,No using Ordinal Hot,0.001529693603515625,0.0001404285430908203
algerian_forest_fires_46279,simpleimputer,ordinalencoder,extra_tree,power,MultinomialNB(),2,,"Erro na combinação 2858 - Imputer: simpleimputer, Categorização: ordinalencoder, Seleção de Feature: extra_tree, Scaler: power, Fold: 2 - Exception: Negative values in data passed to MultinomialNB (input X)",No using Simple Imputer,No using Ordinal Hot,0.001529693603515625,0.0001404285430908203
algerian_forest_fires_46279,simpleimputer,ordinalencoder,extra_tree,power,MultinomialNB(),3,,"Erro na combinação 2859 - Imputer: simpleimputer, Categorização: ordinalencoder, Seleção de Feature: extra_tree, Scaler: power, Fold: 3 - Exception: Negative values in data passed to MultinomialNB (input X)",No using Simple Imputer,No using Ordinal Hot,0.001529693603515625,0.0001404285430908203
algerian_forest_fires_46279,simpleimputer,ordinalencoder,extra_tree,power,MultinomialNB(),4,,"Erro na combinação 2860 - Imputer: simpleimputer, Categorização: ordinalencoder, Seleção de Feature: extra_tree, Scaler: power, Fold: 4 - Exception: Negative values in data passed to MultinomialNB (input X)",No using Simple Imputer,No using Ordinal Hot,0.001529693603515625,0.0001404285430908203
algerian_forest_fires_46279,simpleimputer,ordinalencoder,linear_svc,power,MultinomialNB(),0,,"Erro na combinação 2861 - Imputer: simpleimputer, Categorização: ordinalencoder, Seleção de Feature: linear_svc, Scaler: power, Fold: 0 - Exception: Negative values in data passed to MultinomialNB (input X)",No using Simple Imputer,No using Ordinal Hot,0.001529693603515625,0.0001404285430908203
algerian_forest_fires_46279,simpleimputer,ordinalencoder,linear_svc,power,MultinomialNB(),1,,"Erro na combinação 2862 - Imputer: simpleimputer, Categorização: ordinalencoder, Seleção de Feature: linear_svc, Scaler: power, Fold: 1 - Exception: Negative values in data passed to MultinomialNB (input X)",No using Simple Imputer,No using Ordinal Hot,0.001529693603515625,0.0001404285430908203
algerian_forest_fires_46279,simpleimputer,ordinalencoder,linear_svc,power,MultinomialNB(),2,,"Erro na combinação 2863 - Imputer: simpleimputer, Categorização: ordinalencoder, Seleção de Feature: linear_svc, Scaler: power, Fold: 2 - Exception: Negative values in data passed to MultinomialNB (input X)",No using Simple Imputer,No using Ordinal Hot,0.001529693603515625,0.0001404285430908203
algerian_forest_fires_46279,simpleimputer,ordinalencoder,linear_svc,power,MultinomialNB(),3,,"Erro na combinação 2864 - Imputer: simpleimputer, Categorização: ordinalencoder, Seleção de Feature: linear_svc, Scaler: power, Fold: 3 - Exception: Negative values in data passed to MultinomialNB (input X)",No using Simple Imputer,No using Ordinal Hot,0.001529693603515625,0.0001404285430908203
algerian_forest_fires_46279,simpleimputer,ordinalencoder,linear_svc,power,MultinomialNB(),4,,"Erro na combinação 2865 - Imputer: simpleimputer, Categorização: ordinalencoder, Seleção de Feature: linear_svc, Scaler: power, Fold: 4 - Exception: Negative values in data passed to MultinomialNB (input X)",No using Simple Imputer,No using Ordinal Hot,0.001529693603515625,0.0001404285430908203
algerian_forest_fires_46279,simpleimputer,ordinalencoder,kernel_pca,power,MultinomialNB(),0,,"Erro na combinação 2866 - Imputer: simpleimputer, Categorização: ordinalencoder, Seleção de Feature: kernel_pca, Scaler: power, Fold: 0 - Exception: Negative values in data passed to MultinomialNB (input X)",No using Simple Imputer,No using Ordinal Hot,0.001529693603515625,0.0001404285430908203
algerian_forest_fires_46279,simpleimputer,ordinalencoder,kernel_pca,power,MultinomialNB(),1,,"Erro na combinação 2867 - Imputer: simpleimputer, Categorização: ordinalencoder, Seleção de Feature: kernel_pca, Scaler: power, Fold: 1 - Exception: Negative values in data passed to MultinomialNB (input X)",No using Simple Imputer,No using Ordinal Hot,0.001529693603515625,0.0001404285430908203
algerian_forest_fires_46279,simpleimputer,ordinalencoder,kernel_pca,power,MultinomialNB(),2,,"Erro na combinação 2868 - Imputer: simpleimputer, Categorização: ordinalencoder, Seleção de Feature: kernel_pca, Scaler: power, Fold: 2 - Exception: Negative values in data passed to MultinomialNB (input X)",No using Simple Imputer,No using Ordinal Hot,0.001529693603515625,0.0001404285430908203
algerian_forest_fires_46279,simpleimputer,ordinalencoder,kernel_pca,power,MultinomialNB(),3,,"Erro na combinação 2869 - Imputer: simpleimputer, Categorização: ordinalencoder, Seleção de Feature: kernel_pca, Scaler: power, Fold: 3 - Exception: Negative values in data passed to MultinomialNB (input X)",No using Simple Imputer,No using Ordinal Hot,0.001529693603515625,0.0001404285430908203
algerian_forest_fires_46279,simpleimputer,ordinalencoder,kernel_pca,power,MultinomialNB(),4,,"Erro na combinação 2870 - Imputer: simpleimputer, Categorização: ordinalencoder, Seleção de Feature: kernel_pca, Scaler: power, Fold: 4 - Exception: Negative values in data passed to MultinomialNB (input X)",No using Simple Imputer,No using Ordinal Hot,0.001529693603515625,0.0001404285430908203
algerian_forest_fires_46279,simpleimputer,ordinalencoder,,quantile,MultinomialNB(),0,0.8979591836734694,,No using Simple Imputer,No using Ordinal Hot,0.0017900466918945312,0.00013184547424316406
algerian_forest_fires_46279,simpleimputer,ordinalencoder,,quantile,MultinomialNB(),1,0.9387755102040817,,No using Simple Imputer,No using Ordinal Hot,0.0017979145050048828,0.00011730194091796875
algerian_forest_fires_46279,simpleimputer,ordinalencoder,,quantile,MultinomialNB(),2,0.8367346938775511,,No using Simple Imputer,No using Ordinal Hot,0.0015151500701904297,0.00010609626770019531
algerian_forest_fires_46279,simpleimputer,ordinalencoder,,quantile,MultinomialNB(),3,0.9166666666666666,,No using Simple Imputer,No using Ordinal Hot,0.001377105712890625,0.00010609626770019531
algerian_forest_fires_46279,simpleimputer,ordinalencoder,,quantile,MultinomialNB(),4,0.9583333333333334,,No using Simple Imputer,No using Ordinal Hot,0.0012958049774169922,9.918212890625e-05
algerian_forest_fires_46279,simpleimputer,ordinalencoder,pca,quantile,MultinomialNB(),0,,"Erro na combinação 2876 - Imputer: simpleimputer, Categorização: ordinalencoder, Seleção de Feature: pca, Scaler: quantile, Fold: 0 - Exception: Negative values in data passed to MultinomialNB (input X)",No using Simple Imputer,No using Ordinal Hot,0.0012958049774169922,9.918212890625e-05
algerian_forest_fires_46279,simpleimputer,ordinalencoder,pca,quantile,MultinomialNB(),1,,"Erro na combinação 2877 - Imputer: simpleimputer, Categorização: ordinalencoder, Seleção de Feature: pca, Scaler: quantile, Fold: 1 - Exception: Negative values in data passed to MultinomialNB (input X)",No using Simple Imputer,No using Ordinal Hot,0.0012958049774169922,9.918212890625e-05
algerian_forest_fires_46279,simpleimputer,ordinalencoder,pca,quantile,MultinomialNB(),2,,"Erro na combinação 2878 - Imputer: simpleimputer, Categorização: ordinalencoder, Seleção de Feature: pca, Scaler: quantile, Fold: 2 - Exception: Negative values in data passed to MultinomialNB (input X)",No using Simple Imputer,No using Ordinal Hot,0.0012958049774169922,9.918212890625e-05
algerian_forest_fires_46279,simpleimputer,ordinalencoder,pca,quantile,MultinomialNB(),3,,"Erro na combinação 2879 - Imputer: simpleimputer, Categorização: ordinalencoder, Seleção de Feature: pca, Scaler: quantile, Fold: 3 - Exception: Negative values in data passed to MultinomialNB (input X)",No using Simple Imputer,No using Ordinal Hot,0.0012958049774169922,9.918212890625e-05
algerian_forest_fires_46279,simpleimputer,ordinalencoder,pca,quantile,MultinomialNB(),4,,"Erro na combinação 2880 - Imputer: simpleimputer, Categorização: ordinalencoder, Seleção de Feature: pca, Scaler: quantile, Fold: 4 - Exception: Negative values in data passed to MultinomialNB (input X)",No using Simple Imputer,No using Ordinal Hot,0.0012958049774169922,9.918212890625e-05
algerian_forest_fires_46279,simpleimputer,ordinalencoder,fastica,quantile,MultinomialNB(),0,,"Erro na combinação 2881 - Imputer: simpleimputer, Categorização: ordinalencoder, Seleção de Feature: fastica, Scaler: quantile, Fold: 0 - Exception: Negative values in data passed to MultinomialNB (input X)",No using Simple Imputer,No using Ordinal Hot,0.0012958049774169922,9.918212890625e-05
algerian_forest_fires_46279,simpleimputer,ordinalencoder,fastica,quantile,MultinomialNB(),1,,"Erro na combinação 2882 - Imputer: simpleimputer, Categorização: ordinalencoder, Seleção de Feature: fastica, Scaler: quantile, Fold: 1 - Exception: Negative values in data passed to MultinomialNB (input X)",No using Simple Imputer,No using Ordinal Hot,0.0012958049774169922,9.918212890625e-05
algerian_forest_fires_46279,simpleimputer,ordinalencoder,fastica,quantile,MultinomialNB(),2,,"Erro na combinação 2883 - Imputer: simpleimputer, Categorização: ordinalencoder, Seleção de Feature: fastica, Scaler: quantile, Fold: 2 - Exception: Negative values in data passed to MultinomialNB (input X)",No using Simple Imputer,No using Ordinal Hot,0.0012958049774169922,9.918212890625e-05
algerian_forest_fires_46279,simpleimputer,ordinalencoder,fastica,quantile,MultinomialNB(),3,,"Erro na combinação 2884 - Imputer: simpleimputer, Categorização: ordinalencoder, Seleção de Feature: fastica, Scaler: quantile, Fold: 3 - Exception: Negative values in data passed to MultinomialNB (input X)",No using Simple Imputer,No using Ordinal Hot,0.0012958049774169922,9.918212890625e-05
algerian_forest_fires_46279,simpleimputer,ordinalencoder,fastica,quantile,MultinomialNB(),4,,"Erro na combinação 2885 - Imputer: simpleimputer, Categorização: ordinalencoder, Seleção de Feature: fastica, Scaler: quantile, Fold: 4 - Exception: Negative values in data passed to MultinomialNB (input X)",No using Simple Imputer,No using Ordinal Hot,0.0012958049774169922,9.918212890625e-05
algerian_forest_fires_46279,simpleimputer,ordinalencoder,truncated_svd,quantile,MultinomialNB(),0,,"Erro na combinação 2886 - Imputer: simpleimputer, Categorização: ordinalencoder, Seleção de Feature: truncated_svd, Scaler: quantile, Fold: 0 - Exception: Negative values in data passed to MultinomialNB (input X)",No using Simple Imputer,No using Ordinal Hot,0.0012958049774169922,9.918212890625e-05
algerian_forest_fires_46279,simpleimputer,ordinalencoder,truncated_svd,quantile,MultinomialNB(),1,,"Erro na combinação 2887 - Imputer: simpleimputer, Categorização: ordinalencoder, Seleção de Feature: truncated_svd, Scaler: quantile, Fold: 1 - Exception: Negative values in data passed to MultinomialNB (input X)",No using Simple Imputer,No using Ordinal Hot,0.0012958049774169922,9.918212890625e-05
algerian_forest_fires_46279,simpleimputer,ordinalencoder,truncated_svd,quantile,MultinomialNB(),2,,"Erro na combinação 2888 - Imputer: simpleimputer, Categorização: ordinalencoder, Seleção de Feature: truncated_svd, Scaler: quantile, Fold: 2 - Exception: Negative values in data passed to MultinomialNB (input X)",No using Simple Imputer,No using Ordinal Hot,0.0012958049774169922,9.918212890625e-05
algerian_forest_fires_46279,simpleimputer,ordinalencoder,truncated_svd,quantile,MultinomialNB(),3,,"Erro na combinação 2889 - Imputer: simpleimputer, Categorização: ordinalencoder, Seleção de Feature: truncated_svd, Scaler: quantile, Fold: 3 - Exception: Negative values in data passed to MultinomialNB (input X)",No using Simple Imputer,No using Ordinal Hot,0.0012958049774169922,9.918212890625e-05
algerian_forest_fires_46279,simpleimputer,ordinalencoder,truncated_svd,quantile,MultinomialNB(),4,,"Erro na combinação 2890 - Imputer: simpleimputer, Categorização: ordinalencoder, Seleção de Feature: truncated_svd, Scaler: quantile, Fold: 4 - Exception: Negative values in data passed to MultinomialNB (input X)",No using Simple Imputer,No using Ordinal Hot,0.0012958049774169922,9.918212890625e-05
algerian_forest_fires_46279,simpleimputer,ordinalencoder,select_percentile,quantile,MultinomialNB(),0,0.5510204081632653,,No using Simple Imputer,No using Ordinal Hot,0.0013318061828613281,9.441375732421875e-05
algerian_forest_fires_46279,simpleimputer,ordinalencoder,select_percentile,quantile,MultinomialNB(),1,0.5510204081632653,,No using Simple Imputer,No using Ordinal Hot,0.0012722015380859375,9.799003601074219e-05
algerian_forest_fires_46279,simpleimputer,ordinalencoder,select_percentile,quantile,MultinomialNB(),2,0.5714285714285714,,No using Simple Imputer,No using Ordinal Hot,0.0012233257293701172,9.703636169433594e-05
algerian_forest_fires_46279,simpleimputer,ordinalencoder,select_percentile,quantile,MultinomialNB(),3,0.6041666666666666,,No using Simple Imputer,No using Ordinal Hot,0.0013537406921386719,0.00012159347534179688
algerian_forest_fires_46279,simpleimputer,ordinalencoder,select_percentile,quantile,MultinomialNB(),4,0.5416666666666666,,No using Simple Imputer,No using Ordinal Hot,0.0012972354888916016,9.822845458984375e-05
algerian_forest_fires_46279,simpleimputer,ordinalencoder,generic_univariate,quantile,MultinomialNB(),0,0.5510204081632653,,No using Simple Imputer,No using Ordinal Hot,0.0012667179107666016,0.00010180473327636719
algerian_forest_fires_46279,simpleimputer,ordinalencoder,generic_univariate,quantile,MultinomialNB(),1,0.5510204081632653,,No using Simple Imputer,No using Ordinal Hot,0.0014081001281738281,0.00012993812561035156
algerian_forest_fires_46279,simpleimputer,ordinalencoder,generic_univariate,quantile,MultinomialNB(),2,0.5714285714285714,,No using Simple Imputer,No using Ordinal Hot,0.0013315677642822266,9.989738464355469e-05
algerian_forest_fires_46279,simpleimputer,ordinalencoder,generic_univariate,quantile,MultinomialNB(),3,0.6041666666666666,,No using Simple Imputer,No using Ordinal Hot,0.0013594627380371094,9.989738464355469e-05
algerian_forest_fires_46279,simpleimputer,ordinalencoder,generic_univariate,quantile,MultinomialNB(),4,0.5416666666666666,,No using Simple Imputer,No using Ordinal Hot,0.0012559890747070312,9.441375732421875e-05
algerian_forest_fires_46279,simpleimputer,ordinalencoder,polynomial_features,quantile,MultinomialNB(),0,0.8571428571428571,,No using Simple Imputer,No using Ordinal Hot,0.0012488365173339844,0.00010442733764648438
algerian_forest_fires_46279,simpleimputer,ordinalencoder,polynomial_features,quantile,MultinomialNB(),1,0.9183673469387755,,No using Simple Imputer,No using Ordinal Hot,0.0012598037719726562,0.00010585784912109375
algerian_forest_fires_46279,simpleimputer,ordinalencoder,polynomial_features,quantile,MultinomialNB(),2,0.8775510204081632,,No using Simple Imputer,No using Ordinal Hot,0.0012824535369873047,0.00011324882507324219
algerian_forest_fires_46279,simpleimputer,ordinalencoder,polynomial_features,quantile,MultinomialNB(),3,0.9166666666666666,,No using Simple Imputer,No using Ordinal Hot,0.001260995864868164,0.000102996826171875
algerian_forest_fires_46279,simpleimputer,ordinalencoder,polynomial_features,quantile,MultinomialNB(),4,0.9583333333333334,,No using Simple Imputer,No using Ordinal Hot,0.0012288093566894531,0.00010442733764648438
algerian_forest_fires_46279,simpleimputer,ordinalencoder,nystroem,quantile,MultinomialNB(),0,0.8979591836734694,,No using Simple Imputer,No using Ordinal Hot,0.0016655921936035156,0.00012350082397460938
algerian_forest_fires_46279,simpleimputer,ordinalencoder,nystroem,quantile,MultinomialNB(),1,0.9387755102040817,,No using Simple Imputer,No using Ordinal Hot,0.0015451908111572266,0.00015211105346679688
algerian_forest_fires_46279,simpleimputer,ordinalencoder,nystroem,quantile,MultinomialNB(),2,0.8775510204081632,,No using Simple Imputer,No using Ordinal Hot,0.004401445388793945,0.00012946128845214844
algerian_forest_fires_46279,simpleimputer,ordinalencoder,nystroem,quantile,MultinomialNB(),3,0.9166666666666666,,No using Simple Imputer,No using Ordinal Hot,0.0015840530395507812,0.00011301040649414062
algerian_forest_fires_46279,simpleimputer,ordinalencoder,nystroem,quantile,MultinomialNB(),4,0.9583333333333334,,No using Simple Imputer,No using Ordinal Hot,0.0016090869903564453,0.0001266002655029297
algerian_forest_fires_46279,simpleimputer,ordinalencoder,rbf_sampler,quantile,MultinomialNB(),0,,"Erro na combinação 2911 - Imputer: simpleimputer, Categorização: ordinalencoder, Seleção de Feature: rbf_sampler, Scaler: quantile, Fold: 0 - Exception: Negative values in data passed to MultinomialNB (input X)",No using Simple Imputer,No using Ordinal Hot,0.0016090869903564453,0.0001266002655029297
algerian_forest_fires_46279,simpleimputer,ordinalencoder,rbf_sampler,quantile,MultinomialNB(),1,,"Erro na combinação 2912 - Imputer: simpleimputer, Categorização: ordinalencoder, Seleção de Feature: rbf_sampler, Scaler: quantile, Fold: 1 - Exception: Negative values in data passed to MultinomialNB (input X)",No using Simple Imputer,No using Ordinal Hot,0.0016090869903564453,0.0001266002655029297
algerian_forest_fires_46279,simpleimputer,ordinalencoder,rbf_sampler,quantile,MultinomialNB(),2,,"Erro na combinação 2913 - Imputer: simpleimputer, Categorização: ordinalencoder, Seleção de Feature: rbf_sampler, Scaler: quantile, Fold: 2 - Exception: Negative values in data passed to MultinomialNB (input X)",No using Simple Imputer,No using Ordinal Hot,0.0016090869903564453,0.0001266002655029297
algerian_forest_fires_46279,simpleimputer,ordinalencoder,rbf_sampler,quantile,MultinomialNB(),3,,"Erro na combinação 2914 - Imputer: simpleimputer, Categorização: ordinalencoder, Seleção de Feature: rbf_sampler, Scaler: quantile, Fold: 3 - Exception: Negative values in data passed to MultinomialNB (input X)",No using Simple Imputer,No using Ordinal Hot,0.0016090869903564453,0.0001266002655029297
algerian_forest_fires_46279,simpleimputer,ordinalencoder,rbf_sampler,quantile,MultinomialNB(),4,,"Erro na combinação 2915 - Imputer: simpleimputer, Categorização: ordinalencoder, Seleção de Feature: rbf_sampler, Scaler: quantile, Fold: 4 - Exception: Negative values in data passed to MultinomialNB (input X)",No using Simple Imputer,No using Ordinal Hot,0.0016090869903564453,0.0001266002655029297
algerian_forest_fires_46279,simpleimputer,ordinalencoder,random_trees_embedding,quantile,MultinomialNB(),0,0.9183673469387755,,No using Simple Imputer,No using Ordinal Hot,0.0014290809631347656,0.00013780593872070312
algerian_forest_fires_46279,simpleimputer,ordinalencoder,random_trees_embedding,quantile,MultinomialNB(),1,0.9387755102040817,,No using Simple Imputer,No using Ordinal Hot,0.0014007091522216797,0.0001380443572998047
algerian_forest_fires_46279,simpleimputer,ordinalencoder,random_trees_embedding,quantile,MultinomialNB(),2,0.9591836734693877,,No using Simple Imputer,No using Ordinal Hot,0.0014259815216064453,0.00015735626220703125
algerian_forest_fires_46279,simpleimputer,ordinalencoder,random_trees_embedding,quantile,MultinomialNB(),3,0.9583333333333334,,No using Simple Imputer,No using Ordinal Hot,0.0015311241149902344,0.00013875961303710938
algerian_forest_fires_46279,simpleimputer,ordinalencoder,random_trees_embedding,quantile,MultinomialNB(),4,0.9583333333333334,,No using Simple Imputer,No using Ordinal Hot,0.001857757568359375,0.0001971721649169922
algerian_forest_fires_46279,simpleimputer,ordinalencoder,feature_agglomeration,quantile,MultinomialNB(),0,0.6122448979591837,,No using Simple Imputer,No using Ordinal Hot,0.0015430450439453125,0.00011038780212402344
algerian_forest_fires_46279,simpleimputer,ordinalencoder,feature_agglomeration,quantile,MultinomialNB(),1,0.6530612244897959,,No using Simple Imputer,No using Ordinal Hot,0.0016527175903320312,0.00012373924255371094
algerian_forest_fires_46279,simpleimputer,ordinalencoder,feature_agglomeration,quantile,MultinomialNB(),2,0.6938775510204082,,No using Simple Imputer,No using Ordinal Hot,0.0013785362243652344,9.703636169433594e-05
algerian_forest_fires_46279,simpleimputer,ordinalencoder,feature_agglomeration,quantile,MultinomialNB(),3,0.7708333333333334,,No using Simple Imputer,No using Ordinal Hot,0.0012481212615966797,9.489059448242188e-05
algerian_forest_fires_46279,simpleimputer,ordinalencoder,feature_agglomeration,quantile,MultinomialNB(),4,0.6875,,No using Simple Imputer,No using Ordinal Hot,0.0012292861938476562,9.465217590332031e-05
algerian_forest_fires_46279,simpleimputer,ordinalencoder,extra_tree,quantile,MultinomialNB(),0,0.8163265306122449,,No using Simple Imputer,No using Ordinal Hot,0.0012540817260742188,9.560585021972656e-05
algerian_forest_fires_46279,simpleimputer,ordinalencoder,extra_tree,quantile,MultinomialNB(),1,0.5510204081632653,,No using Simple Imputer,No using Ordinal Hot,0.0013623237609863281,9.584426879882812e-05
algerian_forest_fires_46279,simpleimputer,ordinalencoder,extra_tree,quantile,MultinomialNB(),2,0.7959183673469388,,No using Simple Imputer,No using Ordinal Hot,0.0013170242309570312,9.775161743164062e-05
algerian_forest_fires_46279,simpleimputer,ordinalencoder,extra_tree,quantile,MultinomialNB(),3,0.6041666666666666,,No using Simple Imputer,No using Ordinal Hot,0.0014958381652832031,0.00011157989501953125
algerian_forest_fires_46279,simpleimputer,ordinalencoder,extra_tree,quantile,MultinomialNB(),4,0.8541666666666666,,No using Simple Imputer,No using Ordinal Hot,0.001337289810180664,9.679794311523438e-05
algerian_forest_fires_46279,simpleimputer,ordinalencoder,linear_svc,quantile,MultinomialNB(),0,0.5510204081632653,,No using Simple Imputer,No using Ordinal Hot,0.0015480518341064453,0.00010633468627929688
algerian_forest_fires_46279,simpleimputer,ordinalencoder,linear_svc,quantile,MultinomialNB(),1,0.5510204081632653,,No using Simple Imputer,No using Ordinal Hot,0.001230001449584961,9.465217590332031e-05
algerian_forest_fires_46279,simpleimputer,ordinalencoder,linear_svc,quantile,MultinomialNB(),2,0.6122448979591837,,No using Simple Imputer,No using Ordinal Hot,0.0012693405151367188,0.00012087821960449219
algerian_forest_fires_46279,simpleimputer,ordinalencoder,linear_svc,quantile,MultinomialNB(),3,0.6041666666666666,,No using Simple Imputer,No using Ordinal Hot,0.0012488365173339844,9.751319885253906e-05
algerian_forest_fires_46279,simpleimputer,ordinalencoder,linear_svc,quantile,MultinomialNB(),4,0.6666666666666666,,No using Simple Imputer,No using Ordinal Hot,0.0013275146484375,9.679794311523438e-05
algerian_forest_fires_46279,simpleimputer,ordinalencoder,kernel_pca,quantile,MultinomialNB(),0,,"Erro na combinação 2936 - Imputer: simpleimputer, Categorização: ordinalencoder, Seleção de Feature: kernel_pca, Scaler: quantile, Fold: 0 - Exception: Negative values in data passed to MultinomialNB (input X)",No using Simple Imputer,No using Ordinal Hot,0.0013275146484375,9.679794311523438e-05
algerian_forest_fires_46279,simpleimputer,ordinalencoder,kernel_pca,quantile,MultinomialNB(),1,,"Erro na combinação 2937 - Imputer: simpleimputer, Categorização: ordinalencoder, Seleção de Feature: kernel_pca, Scaler: quantile, Fold: 1 - Exception: Negative values in data passed to MultinomialNB (input X)",No using Simple Imputer,No using Ordinal Hot,0.0013275146484375,9.679794311523438e-05
algerian_forest_fires_46279,simpleimputer,ordinalencoder,kernel_pca,quantile,MultinomialNB(),2,,"Erro na combinação 2938 - Imputer: simpleimputer, Categorização: ordinalencoder, Seleção de Feature: kernel_pca, Scaler: quantile, Fold: 2 - Exception: Negative values in data passed to MultinomialNB (input X)",No using Simple Imputer,No using Ordinal Hot,0.0013275146484375,9.679794311523438e-05
algerian_forest_fires_46279,simpleimputer,ordinalencoder,kernel_pca,quantile,MultinomialNB(),3,,"Erro na combinação 2939 - Imputer: simpleimputer, Categorização: ordinalencoder, Seleção de Feature: kernel_pca, Scaler: quantile, Fold: 3 - Exception: Negative values in data passed to MultinomialNB (input X)",No using Simple Imputer,No using Ordinal Hot,0.0013275146484375,9.679794311523438e-05
algerian_forest_fires_46279,simpleimputer,ordinalencoder,kernel_pca,quantile,MultinomialNB(),4,,"Erro na combinação 2940 - Imputer: simpleimputer, Categorização: ordinalencoder, Seleção de Feature: kernel_pca, Scaler: quantile, Fold: 4 - Exception: Negative values in data passed to MultinomialNB (input X)",No using Simple Imputer,No using Ordinal Hot,0.0013275146484375,9.679794311523438e-05
