Dataset,Imputer Strategy,Categorical Strategy,Feature Selection,Scaler,Classifier,Fold,Fold Accuracy,Error,Using_imputer,Using_cat,Training Time,Testing Time
algerian_forest_fires_46279,,,,,HistGradientBoostingClassifier(random_state=0),0,0.9795918367346939,,,,0.12570476531982422,0.005000591278076172
algerian_forest_fires_46279,,,,,HistGradientBoostingClassifier(random_state=0),1,0.9795918367346939,,,,0.08973908424377441,0.002889871597290039
algerian_forest_fires_46279,,,,,HistGradientBoostingClassifier(random_state=0),2,0.9795918367346939,,,,0.08305096626281738,0.0034334659576416016
algerian_forest_fires_46279,,,,,HistGradientBoostingClassifier(random_state=0),3,1.0,,,,0.09602522850036621,0.0026886463165283203
algerian_forest_fires_46279,,,,,HistGradientBoostingClassifier(random_state=0),4,0.9583333333333334,,,,0.08360600471496582,0.0025658607482910156
algerian_forest_fires_46279,,,pca,,HistGradientBoostingClassifier(random_state=0),0,0.8979591836734694,,,,0.07036375999450684,0.002199888229370117
algerian_forest_fires_46279,,,pca,,HistGradientBoostingClassifier(random_state=0),1,0.9591836734693877,,,,0.07008910179138184,0.001650094985961914
algerian_forest_fires_46279,,,pca,,HistGradientBoostingClassifier(random_state=0),2,0.9183673469387755,,,,0.07330465316772461,0.0016269683837890625
algerian_forest_fires_46279,,,pca,,HistGradientBoostingClassifier(random_state=0),3,0.9583333333333334,,,,0.08845067024230957,0.0016565322875976562
algerian_forest_fires_46279,,,pca,,HistGradientBoostingClassifier(random_state=0),4,0.9583333333333334,,,,0.08554887771606445,0.0020139217376708984
algerian_forest_fires_46279,,,fastica,,HistGradientBoostingClassifier(random_state=0),0,0.673469387755102,,,,0.08439874649047852,0.00179290771484375
algerian_forest_fires_46279,,,fastica,,HistGradientBoostingClassifier(random_state=0),1,0.7551020408163265,,,,0.08960223197937012,0.002446413040161133
algerian_forest_fires_46279,,,fastica,,HistGradientBoostingClassifier(random_state=0),2,0.8979591836734694,,,,0.07507920265197754,0.002099752426147461
algerian_forest_fires_46279,,,fastica,,HistGradientBoostingClassifier(random_state=0),3,0.9166666666666666,,,,0.08617377281188965,0.0020453929901123047
algerian_forest_fires_46279,,,fastica,,HistGradientBoostingClassifier(random_state=0),4,0.6041666666666666,,,,0.08621692657470703,0.0021162033081054688
algerian_forest_fires_46279,,,truncated_svd,,HistGradientBoostingClassifier(random_state=0),0,0.8571428571428571,,,,0.08377528190612793,0.002469301223754883
algerian_forest_fires_46279,,,truncated_svd,,HistGradientBoostingClassifier(random_state=0),1,0.7755102040816326,,,,0.0801243782043457,0.0021097660064697266
algerian_forest_fires_46279,,,truncated_svd,,HistGradientBoostingClassifier(random_state=0),2,0.7959183673469388,,,,0.08850741386413574,0.0021224021911621094
algerian_forest_fires_46279,,,truncated_svd,,HistGradientBoostingClassifier(random_state=0),3,0.875,,,,0.07606339454650879,0.0018737316131591797
algerian_forest_fires_46279,,,truncated_svd,,HistGradientBoostingClassifier(random_state=0),4,0.8958333333333334,,,,0.08381056785583496,0.0018749237060546875
algerian_forest_fires_46279,,,select_percentile,,HistGradientBoostingClassifier(random_state=0),0,1.0,,,,0.07501387596130371,0.0017948150634765625
algerian_forest_fires_46279,,,select_percentile,,HistGradientBoostingClassifier(random_state=0),1,0.9795918367346939,,,,0.08453607559204102,0.002153635025024414
algerian_forest_fires_46279,,,select_percentile,,HistGradientBoostingClassifier(random_state=0),2,1.0,,,,0.07917213439941406,0.0016248226165771484
algerian_forest_fires_46279,,,select_percentile,,HistGradientBoostingClassifier(random_state=0),3,0.9791666666666666,,,,0.07903575897216797,0.0016684532165527344
algerian_forest_fires_46279,,,select_percentile,,HistGradientBoostingClassifier(random_state=0),4,0.9375,,,,0.07125282287597656,0.001760721206665039
algerian_forest_fires_46279,,,generic_univariate,,HistGradientBoostingClassifier(random_state=0),0,0.9795918367346939,,,,0.07550334930419922,0.0020334720611572266
algerian_forest_fires_46279,,,generic_univariate,,HistGradientBoostingClassifier(random_state=0),1,0.9795918367346939,,,,0.06518316268920898,0.001678466796875
algerian_forest_fires_46279,,,generic_univariate,,HistGradientBoostingClassifier(random_state=0),2,0.9795918367346939,,,,0.07848572731018066,0.0016520023345947266
algerian_forest_fires_46279,,,generic_univariate,,HistGradientBoostingClassifier(random_state=0),3,0.9583333333333334,,,,0.07299423217773438,0.002234220504760742
algerian_forest_fires_46279,,,generic_univariate,,HistGradientBoostingClassifier(random_state=0),4,0.9791666666666666,,,,0.07827138900756836,0.0020241737365722656
algerian_forest_fires_46279,,,polynomial_features,,HistGradientBoostingClassifier(random_state=0),0,0.9591836734693877,,,,0.12126541137695312,0.0018486976623535156
algerian_forest_fires_46279,,,polynomial_features,,HistGradientBoostingClassifier(random_state=0),1,0.9795918367346939,,,,0.11811065673828125,0.002224445343017578
algerian_forest_fires_46279,,,polynomial_features,,HistGradientBoostingClassifier(random_state=0),2,0.9795918367346939,,,,0.10747122764587402,0.0017015933990478516
algerian_forest_fires_46279,,,polynomial_features,,HistGradientBoostingClassifier(random_state=0),3,0.9791666666666666,,,,0.12127161026000977,0.0019724369049072266
algerian_forest_fires_46279,,,polynomial_features,,HistGradientBoostingClassifier(random_state=0),4,0.9583333333333334,,,,0.11612272262573242,0.0016021728515625
algerian_forest_fires_46279,,,nystroem,,HistGradientBoostingClassifier(random_state=0),0,0.8571428571428571,,,,0.16436147689819336,0.0022034645080566406
algerian_forest_fires_46279,,,nystroem,,HistGradientBoostingClassifier(random_state=0),1,0.8775510204081632,,,,0.16234731674194336,0.0018792152404785156
algerian_forest_fires_46279,,,nystroem,,HistGradientBoostingClassifier(random_state=0),2,0.7346938775510204,,,,0.16350817680358887,0.0018260478973388672
algerian_forest_fires_46279,,,nystroem,,HistGradientBoostingClassifier(random_state=0),3,0.8958333333333334,,,,0.11735796928405762,0.0020804405212402344
algerian_forest_fires_46279,,,nystroem,,HistGradientBoostingClassifier(random_state=0),4,0.9583333333333334,,,,0.13114047050476074,0.001917123794555664
algerian_forest_fires_46279,,,rbf_sampler,,HistGradientBoostingClassifier(random_state=0),0,0.6326530612244898,,,,0.1089472770690918,0.0021920204162597656
algerian_forest_fires_46279,,,rbf_sampler,,HistGradientBoostingClassifier(random_state=0),1,0.5306122448979592,,,,0.11317133903503418,0.0021424293518066406
algerian_forest_fires_46279,,,rbf_sampler,,HistGradientBoostingClassifier(random_state=0),2,0.6122448979591837,,,,0.11080360412597656,0.0017800331115722656
algerian_forest_fires_46279,,,rbf_sampler,,HistGradientBoostingClassifier(random_state=0),3,0.6458333333333334,,,,0.1021573543548584,0.0018570423126220703
algerian_forest_fires_46279,,,rbf_sampler,,HistGradientBoostingClassifier(random_state=0),4,0.4583333333333333,,,,0.10723686218261719,0.0019881725311279297
algerian_forest_fires_46279,,,random_trees_embedding,,HistGradientBoostingClassifier(random_state=0),0,,"Erro na combinação 46 - Imputer: None, Categorização: None, Seleção de Feature: random_trees_embedding, Scaler: None, Fold: 0 - Exception: Sparse data was passed for X, but dense data is required. Use '.toarray()' to convert to a dense numpy array.",,,0.10723686218261719,0.0019881725311279297
algerian_forest_fires_46279,,,random_trees_embedding,,HistGradientBoostingClassifier(random_state=0),1,,"Erro na combinação 47 - Imputer: None, Categorização: None, Seleção de Feature: random_trees_embedding, Scaler: None, Fold: 1 - Exception: Sparse data was passed for X, but dense data is required. Use '.toarray()' to convert to a dense numpy array.",,,0.10723686218261719,0.0019881725311279297
algerian_forest_fires_46279,,,random_trees_embedding,,HistGradientBoostingClassifier(random_state=0),2,,"Erro na combinação 48 - Imputer: None, Categorização: None, Seleção de Feature: random_trees_embedding, Scaler: None, Fold: 2 - Exception: Sparse data was passed for X, but dense data is required. Use '.toarray()' to convert to a dense numpy array.",,,0.10723686218261719,0.0019881725311279297
algerian_forest_fires_46279,,,random_trees_embedding,,HistGradientBoostingClassifier(random_state=0),3,,"Erro na combinação 49 - Imputer: None, Categorização: None, Seleção de Feature: random_trees_embedding, Scaler: None, Fold: 3 - Exception: Sparse data was passed for X, but dense data is required. Use '.toarray()' to convert to a dense numpy array.",,,0.10723686218261719,0.0019881725311279297
algerian_forest_fires_46279,,,random_trees_embedding,,HistGradientBoostingClassifier(random_state=0),4,,"Erro na combinação 50 - Imputer: None, Categorização: None, Seleção de Feature: random_trees_embedding, Scaler: None, Fold: 4 - Exception: Sparse data was passed for X, but dense data is required. Use '.toarray()' to convert to a dense numpy array.",,,0.10723686218261719,0.0019881725311279297
algerian_forest_fires_46279,,,feature_agglomeration,,HistGradientBoostingClassifier(random_state=0),0,0.7755102040816326,,,,0.0786747932434082,0.001684427261352539
algerian_forest_fires_46279,,,feature_agglomeration,,HistGradientBoostingClassifier(random_state=0),1,0.8367346938775511,,,,0.0873575210571289,0.0017430782318115234
algerian_forest_fires_46279,,,feature_agglomeration,,HistGradientBoostingClassifier(random_state=0),2,0.8367346938775511,,,,0.08719778060913086,0.001939535140991211
algerian_forest_fires_46279,,,feature_agglomeration,,HistGradientBoostingClassifier(random_state=0),3,0.8958333333333334,,,,0.08504080772399902,0.0022041797637939453
algerian_forest_fires_46279,,,feature_agglomeration,,HistGradientBoostingClassifier(random_state=0),4,0.8333333333333334,,,,0.08281445503234863,0.0021550655364990234
algerian_forest_fires_46279,,,extra_tree,,HistGradientBoostingClassifier(random_state=0),0,0.9795918367346939,,,,0.0948173999786377,0.00213623046875
algerian_forest_fires_46279,,,extra_tree,,HistGradientBoostingClassifier(random_state=0),1,0.9795918367346939,,,,0.08517956733703613,0.0023381710052490234
algerian_forest_fires_46279,,,extra_tree,,HistGradientBoostingClassifier(random_state=0),2,0.9795918367346939,,,,0.09384679794311523,0.0018606185913085938
algerian_forest_fires_46279,,,extra_tree,,HistGradientBoostingClassifier(random_state=0),3,0.9583333333333334,,,,0.08478569984436035,0.0019183158874511719
algerian_forest_fires_46279,,,extra_tree,,HistGradientBoostingClassifier(random_state=0),4,0.9375,,,,0.07934761047363281,0.002299785614013672
algerian_forest_fires_46279,,,linear_svc,,HistGradientBoostingClassifier(random_state=0),0,1.0,,,,0.08202385902404785,0.002106904983520508
algerian_forest_fires_46279,,,linear_svc,,HistGradientBoostingClassifier(random_state=0),1,0.9795918367346939,,,,0.09319853782653809,0.0020873546600341797
algerian_forest_fires_46279,,,linear_svc,,HistGradientBoostingClassifier(random_state=0),2,0.9795918367346939,,,,0.07854056358337402,0.0032875537872314453
algerian_forest_fires_46279,,,linear_svc,,HistGradientBoostingClassifier(random_state=0),3,0.9791666666666666,,,,0.07596015930175781,0.0016355514526367188
algerian_forest_fires_46279,,,linear_svc,,HistGradientBoostingClassifier(random_state=0),4,0.9791666666666666,,,,0.07801294326782227,0.0019347667694091797
algerian_forest_fires_46279,,,kernel_pca,,HistGradientBoostingClassifier(random_state=0),0,0.8979591836734694,,,,0.14219331741333008,0.0021681785583496094
algerian_forest_fires_46279,,,kernel_pca,,HistGradientBoostingClassifier(random_state=0),1,0.9591836734693877,,,,0.145308256149292,0.0018665790557861328
algerian_forest_fires_46279,,,kernel_pca,,HistGradientBoostingClassifier(random_state=0),2,0.9183673469387755,,,,1.0704736709594727,0.0017881393432617188
algerian_forest_fires_46279,,,kernel_pca,,HistGradientBoostingClassifier(random_state=0),3,0.9791666666666666,,,,0.1493217945098877,0.0017936229705810547
algerian_forest_fires_46279,,,kernel_pca,,HistGradientBoostingClassifier(random_state=0),4,0.9583333333333334,,,,0.14431405067443848,0.0021216869354248047
algerian_forest_fires_46279,,,,standard,HistGradientBoostingClassifier(random_state=0),0,0.9795918367346939,,,,0.09176468849182129,0.002283811569213867
algerian_forest_fires_46279,,,,standard,HistGradientBoostingClassifier(random_state=0),1,0.9795918367346939,,,,0.08593463897705078,0.0022013187408447266
algerian_forest_fires_46279,,,,standard,HistGradientBoostingClassifier(random_state=0),2,0.9795918367346939,,,,0.11012434959411621,0.002502918243408203
algerian_forest_fires_46279,,,,standard,HistGradientBoostingClassifier(random_state=0),3,1.0,,,,0.08870291709899902,0.001725912094116211
algerian_forest_fires_46279,,,,standard,HistGradientBoostingClassifier(random_state=0),4,0.9583333333333334,,,,0.0793619155883789,0.0025186538696289062
algerian_forest_fires_46279,,,pca,standard,HistGradientBoostingClassifier(random_state=0),0,0.8571428571428571,,,,0.1044461727142334,0.002171039581298828
algerian_forest_fires_46279,,,pca,standard,HistGradientBoostingClassifier(random_state=0),1,0.9387755102040817,,,,0.08588266372680664,0.0017015933990478516
algerian_forest_fires_46279,,,pca,standard,HistGradientBoostingClassifier(random_state=0),2,0.9591836734693877,,,,0.08701848983764648,0.0021829605102539062
algerian_forest_fires_46279,,,pca,standard,HistGradientBoostingClassifier(random_state=0),3,0.9791666666666666,,,,0.08552241325378418,0.0021522045135498047
algerian_forest_fires_46279,,,pca,standard,HistGradientBoostingClassifier(random_state=0),4,0.9375,,,,0.09677410125732422,0.0021779537200927734
algerian_forest_fires_46279,,,fastica,standard,HistGradientBoostingClassifier(random_state=0),0,0.7142857142857143,,,,0.09575414657592773,0.002162456512451172
algerian_forest_fires_46279,,,fastica,standard,HistGradientBoostingClassifier(random_state=0),1,0.6326530612244898,,,,0.08410859107971191,0.001659393310546875
algerian_forest_fires_46279,,,fastica,standard,HistGradientBoostingClassifier(random_state=0),2,0.7755102040816326,,,,0.08246064186096191,0.0017931461334228516
algerian_forest_fires_46279,,,fastica,standard,HistGradientBoostingClassifier(random_state=0),3,0.9583333333333334,,,,0.10325241088867188,0.002059459686279297
algerian_forest_fires_46279,,,fastica,standard,HistGradientBoostingClassifier(random_state=0),4,0.7916666666666666,,,,0.08542466163635254,0.0022466182708740234
algerian_forest_fires_46279,,,truncated_svd,standard,HistGradientBoostingClassifier(random_state=0),0,0.8571428571428571,,,,0.0790703296661377,0.0016562938690185547
algerian_forest_fires_46279,,,truncated_svd,standard,HistGradientBoostingClassifier(random_state=0),1,0.8163265306122449,,,,0.07901883125305176,0.0016825199127197266
algerian_forest_fires_46279,,,truncated_svd,standard,HistGradientBoostingClassifier(random_state=0),2,0.8571428571428571,,,,0.0744016170501709,0.001795053482055664
algerian_forest_fires_46279,,,truncated_svd,standard,HistGradientBoostingClassifier(random_state=0),3,0.875,,,,0.08337903022766113,0.002298593521118164
algerian_forest_fires_46279,,,truncated_svd,standard,HistGradientBoostingClassifier(random_state=0),4,0.875,,,,0.09429264068603516,0.0020787715911865234
algerian_forest_fires_46279,,,select_percentile,standard,HistGradientBoostingClassifier(random_state=0),0,1.0,,,,0.08942413330078125,0.002024412155151367
algerian_forest_fires_46279,,,select_percentile,standard,HistGradientBoostingClassifier(random_state=0),1,0.9795918367346939,,,,0.08240580558776855,0.0018582344055175781
algerian_forest_fires_46279,,,select_percentile,standard,HistGradientBoostingClassifier(random_state=0),2,1.0,,,,0.08574485778808594,0.00197601318359375
algerian_forest_fires_46279,,,select_percentile,standard,HistGradientBoostingClassifier(random_state=0),3,0.9791666666666666,,,,0.08509087562561035,0.0020294189453125
algerian_forest_fires_46279,,,select_percentile,standard,HistGradientBoostingClassifier(random_state=0),4,0.9375,,,,0.08146142959594727,0.002230405807495117
algerian_forest_fires_46279,,,generic_univariate,standard,HistGradientBoostingClassifier(random_state=0),0,0.9795918367346939,,,,0.07030463218688965,0.0023305416107177734
algerian_forest_fires_46279,,,generic_univariate,standard,HistGradientBoostingClassifier(random_state=0),1,0.9795918367346939,,,,0.06347537040710449,0.002239227294921875
algerian_forest_fires_46279,,,generic_univariate,standard,HistGradientBoostingClassifier(random_state=0),2,0.9795918367346939,,,,0.09207463264465332,0.0021343231201171875
algerian_forest_fires_46279,,,generic_univariate,standard,HistGradientBoostingClassifier(random_state=0),3,0.9583333333333334,,,,0.06045365333557129,0.0021440982818603516
algerian_forest_fires_46279,,,generic_univariate,standard,HistGradientBoostingClassifier(random_state=0),4,0.9791666666666666,,,,0.07558441162109375,0.0016508102416992188
algerian_forest_fires_46279,,,polynomial_features,standard,HistGradientBoostingClassifier(random_state=0),0,0.9591836734693877,,,,0.10463261604309082,0.0015647411346435547
algerian_forest_fires_46279,,,polynomial_features,standard,HistGradientBoostingClassifier(random_state=0),1,0.9795918367346939,,,,0.12548303604125977,0.0022094249725341797
algerian_forest_fires_46279,,,polynomial_features,standard,HistGradientBoostingClassifier(random_state=0),2,0.9795918367346939,,,,0.12058663368225098,0.001861572265625
algerian_forest_fires_46279,,,polynomial_features,standard,HistGradientBoostingClassifier(random_state=0),3,0.9583333333333334,,,,0.1217644214630127,0.0023038387298583984
algerian_forest_fires_46279,,,polynomial_features,standard,HistGradientBoostingClassifier(random_state=0),4,0.9375,,,,0.12188172340393066,0.0020627975463867188
algerian_forest_fires_46279,,,nystroem,standard,HistGradientBoostingClassifier(random_state=0),0,0.8979591836734694,,,,0.16304445266723633,0.0019085407257080078
algerian_forest_fires_46279,,,nystroem,standard,HistGradientBoostingClassifier(random_state=0),1,0.9387755102040817,,,,0.13239288330078125,0.0017256736755371094
algerian_forest_fires_46279,,,nystroem,standard,HistGradientBoostingClassifier(random_state=0),2,0.8979591836734694,,,,0.13887381553649902,0.002168416976928711
algerian_forest_fires_46279,,,nystroem,standard,HistGradientBoostingClassifier(random_state=0),3,0.9583333333333334,,,,0.1328749656677246,0.0019881725311279297
algerian_forest_fires_46279,,,nystroem,standard,HistGradientBoostingClassifier(random_state=0),4,0.9375,,,,0.1347801685333252,0.0016884803771972656
algerian_forest_fires_46279,,,rbf_sampler,standard,HistGradientBoostingClassifier(random_state=0),0,0.7142857142857143,,,,0.09990096092224121,0.001743316650390625
algerian_forest_fires_46279,,,rbf_sampler,standard,HistGradientBoostingClassifier(random_state=0),1,0.7755102040816326,,,,0.11316299438476562,0.0020394325256347656
algerian_forest_fires_46279,,,rbf_sampler,standard,HistGradientBoostingClassifier(random_state=0),2,0.7142857142857143,,,,0.10882878303527832,0.0015959739685058594
algerian_forest_fires_46279,,,rbf_sampler,standard,HistGradientBoostingClassifier(random_state=0),3,0.7708333333333334,,,,0.10325002670288086,0.001744985580444336
algerian_forest_fires_46279,,,rbf_sampler,standard,HistGradientBoostingClassifier(random_state=0),4,0.7083333333333334,,,,0.1020660400390625,0.0018727779388427734
algerian_forest_fires_46279,,,random_trees_embedding,standard,HistGradientBoostingClassifier(random_state=0),0,,"Erro na combinação 116 - Imputer: None, Categorização: None, Seleção de Feature: random_trees_embedding, Scaler: standard, Fold: 0 - Exception: Sparse data was passed for X, but dense data is required. Use '.toarray()' to convert to a dense numpy array.",,,0.1020660400390625,0.0018727779388427734
algerian_forest_fires_46279,,,random_trees_embedding,standard,HistGradientBoostingClassifier(random_state=0),1,,"Erro na combinação 117 - Imputer: None, Categorização: None, Seleção de Feature: random_trees_embedding, Scaler: standard, Fold: 1 - Exception: Sparse data was passed for X, but dense data is required. Use '.toarray()' to convert to a dense numpy array.",,,0.1020660400390625,0.0018727779388427734
algerian_forest_fires_46279,,,random_trees_embedding,standard,HistGradientBoostingClassifier(random_state=0),2,,"Erro na combinação 118 - Imputer: None, Categorização: None, Seleção de Feature: random_trees_embedding, Scaler: standard, Fold: 2 - Exception: Sparse data was passed for X, but dense data is required. Use '.toarray()' to convert to a dense numpy array.",,,0.1020660400390625,0.0018727779388427734
algerian_forest_fires_46279,,,random_trees_embedding,standard,HistGradientBoostingClassifier(random_state=0),3,,"Erro na combinação 119 - Imputer: None, Categorização: None, Seleção de Feature: random_trees_embedding, Scaler: standard, Fold: 3 - Exception: Sparse data was passed for X, but dense data is required. Use '.toarray()' to convert to a dense numpy array.",,,0.1020660400390625,0.0018727779388427734
algerian_forest_fires_46279,,,random_trees_embedding,standard,HistGradientBoostingClassifier(random_state=0),4,,"Erro na combinação 120 - Imputer: None, Categorização: None, Seleção de Feature: random_trees_embedding, Scaler: standard, Fold: 4 - Exception: Sparse data was passed for X, but dense data is required. Use '.toarray()' to convert to a dense numpy array.",,,0.1020660400390625,0.0018727779388427734
algerian_forest_fires_46279,,,feature_agglomeration,standard,HistGradientBoostingClassifier(random_state=0),0,0.8163265306122449,,,,0.08784699440002441,0.00212860107421875
algerian_forest_fires_46279,,,feature_agglomeration,standard,HistGradientBoostingClassifier(random_state=0),1,0.8163265306122449,,,,0.07906484603881836,0.002115488052368164
algerian_forest_fires_46279,,,feature_agglomeration,standard,HistGradientBoostingClassifier(random_state=0),2,0.8979591836734694,,,,0.0714254379272461,0.0017535686492919922
algerian_forest_fires_46279,,,feature_agglomeration,standard,HistGradientBoostingClassifier(random_state=0),3,0.8958333333333334,,,,0.07285523414611816,0.001859903335571289
algerian_forest_fires_46279,,,feature_agglomeration,standard,HistGradientBoostingClassifier(random_state=0),4,0.8333333333333334,,,,0.08684349060058594,0.002088308334350586
algerian_forest_fires_46279,,,extra_tree,standard,HistGradientBoostingClassifier(random_state=0),0,0.9795918367346939,,,,0.08778715133666992,0.0016551017761230469
algerian_forest_fires_46279,,,extra_tree,standard,HistGradientBoostingClassifier(random_state=0),1,0.9795918367346939,,,,0.07924008369445801,0.0015151500701904297
algerian_forest_fires_46279,,,extra_tree,standard,HistGradientBoostingClassifier(random_state=0),2,0.9795918367346939,,,,0.08229827880859375,0.002104520797729492
algerian_forest_fires_46279,,,extra_tree,standard,HistGradientBoostingClassifier(random_state=0),3,0.9583333333333334,,,,0.09103560447692871,0.0021240711212158203
algerian_forest_fires_46279,,,extra_tree,standard,HistGradientBoostingClassifier(random_state=0),4,0.9375,,,,0.08321404457092285,0.0018274784088134766
algerian_forest_fires_46279,,,linear_svc,standard,HistGradientBoostingClassifier(random_state=0),0,1.0,,,,0.09029078483581543,0.0016450881958007812
algerian_forest_fires_46279,,,linear_svc,standard,HistGradientBoostingClassifier(random_state=0),1,0.9795918367346939,,,,0.08207869529724121,0.0016961097717285156
algerian_forest_fires_46279,,,linear_svc,standard,HistGradientBoostingClassifier(random_state=0),2,0.9591836734693877,,,,0.08106684684753418,0.0019028186798095703
algerian_forest_fires_46279,,,linear_svc,standard,HistGradientBoostingClassifier(random_state=0),3,1.0,,,,0.08873701095581055,0.002210855484008789
algerian_forest_fires_46279,,,linear_svc,standard,HistGradientBoostingClassifier(random_state=0),4,0.9375,,,,0.09120345115661621,0.0023124217987060547
algerian_forest_fires_46279,,,kernel_pca,standard,HistGradientBoostingClassifier(random_state=0),0,0.8775510204081632,,,,0.13181233406066895,0.002099752426147461
algerian_forest_fires_46279,,,kernel_pca,standard,HistGradientBoostingClassifier(random_state=0),1,0.9387755102040817,,,,0.12443113327026367,0.0016024112701416016
algerian_forest_fires_46279,,,kernel_pca,standard,HistGradientBoostingClassifier(random_state=0),2,0.9387755102040817,,,,0.1470329761505127,0.0017919540405273438
algerian_forest_fires_46279,,,kernel_pca,standard,HistGradientBoostingClassifier(random_state=0),3,1.0,,,,0.13580012321472168,0.002070903778076172
algerian_forest_fires_46279,,,kernel_pca,standard,HistGradientBoostingClassifier(random_state=0),4,0.9375,,,,0.1522068977355957,0.001691579818725586
algerian_forest_fires_46279,,,,minmax,HistGradientBoostingClassifier(random_state=0),0,0.9795918367346939,,,,0.0845479965209961,0.0021178722381591797
algerian_forest_fires_46279,,,,minmax,HistGradientBoostingClassifier(random_state=0),1,0.9795918367346939,,,,0.08517217636108398,0.0015921592712402344
algerian_forest_fires_46279,,,,minmax,HistGradientBoostingClassifier(random_state=0),2,0.9795918367346939,,,,0.08269715309143066,0.002115011215209961
algerian_forest_fires_46279,,,,minmax,HistGradientBoostingClassifier(random_state=0),3,1.0,,,,0.09399819374084473,0.0021140575408935547
algerian_forest_fires_46279,,,,minmax,HistGradientBoostingClassifier(random_state=0),4,0.9583333333333334,,,,0.09046173095703125,0.0021893978118896484
algerian_forest_fires_46279,,,pca,minmax,HistGradientBoostingClassifier(random_state=0),0,0.9183673469387755,,,,0.08301568031311035,0.0023801326751708984
algerian_forest_fires_46279,,,pca,minmax,HistGradientBoostingClassifier(random_state=0),1,0.9387755102040817,,,,0.07709813117980957,0.0018928050994873047
algerian_forest_fires_46279,,,pca,minmax,HistGradientBoostingClassifier(random_state=0),2,0.9183673469387755,,,,0.08308172225952148,0.0016367435455322266
algerian_forest_fires_46279,,,pca,minmax,HistGradientBoostingClassifier(random_state=0),3,0.9583333333333334,,,,0.08875322341918945,0.0021071434020996094
algerian_forest_fires_46279,,,pca,minmax,HistGradientBoostingClassifier(random_state=0),4,0.9583333333333334,,,,0.0873723030090332,0.0019898414611816406
algerian_forest_fires_46279,,,fastica,minmax,HistGradientBoostingClassifier(random_state=0),0,0.8163265306122449,,,,0.08103013038635254,0.002115964889526367
algerian_forest_fires_46279,,,fastica,minmax,HistGradientBoostingClassifier(random_state=0),1,0.8571428571428571,,,,0.07439780235290527,0.001940011978149414
algerian_forest_fires_46279,,,fastica,minmax,HistGradientBoostingClassifier(random_state=0),2,0.7551020408163265,,,,0.07705855369567871,0.0021381378173828125
algerian_forest_fires_46279,,,fastica,minmax,HistGradientBoostingClassifier(random_state=0),3,0.8958333333333334,,,,0.08807611465454102,0.002233266830444336
algerian_forest_fires_46279,,,fastica,minmax,HistGradientBoostingClassifier(random_state=0),4,0.8958333333333334,,,,0.07884359359741211,0.0017399787902832031
algerian_forest_fires_46279,,,truncated_svd,minmax,HistGradientBoostingClassifier(random_state=0),0,0.8163265306122449,,,,0.0809180736541748,0.0026590824127197266
algerian_forest_fires_46279,,,truncated_svd,minmax,HistGradientBoostingClassifier(random_state=0),1,0.8571428571428571,,,,0.08131814002990723,0.002026081085205078
algerian_forest_fires_46279,,,truncated_svd,minmax,HistGradientBoostingClassifier(random_state=0),2,0.8367346938775511,,,,0.07675957679748535,0.0017669200897216797
algerian_forest_fires_46279,,,truncated_svd,minmax,HistGradientBoostingClassifier(random_state=0),3,0.8541666666666666,,,,0.07419681549072266,0.0021657943725585938
algerian_forest_fires_46279,,,truncated_svd,minmax,HistGradientBoostingClassifier(random_state=0),4,0.8541666666666666,,,,0.08833670616149902,0.0022165775299072266
algerian_forest_fires_46279,,,select_percentile,minmax,HistGradientBoostingClassifier(random_state=0),0,1.0,,,,0.08866167068481445,0.0016841888427734375
algerian_forest_fires_46279,,,select_percentile,minmax,HistGradientBoostingClassifier(random_state=0),1,0.9795918367346939,,,,0.07727336883544922,0.0015707015991210938
algerian_forest_fires_46279,,,select_percentile,minmax,HistGradientBoostingClassifier(random_state=0),2,1.0,,,,0.07050561904907227,0.0016162395477294922
algerian_forest_fires_46279,,,select_percentile,minmax,HistGradientBoostingClassifier(random_state=0),3,0.9791666666666666,,,,0.07401823997497559,0.0019190311431884766
algerian_forest_fires_46279,,,select_percentile,minmax,HistGradientBoostingClassifier(random_state=0),4,0.9375,,,,0.07199668884277344,0.0016019344329833984
algerian_forest_fires_46279,,,generic_univariate,minmax,HistGradientBoostingClassifier(random_state=0),0,0.9795918367346939,,,,0.06657123565673828,0.00189971923828125
algerian_forest_fires_46279,,,generic_univariate,minmax,HistGradientBoostingClassifier(random_state=0),1,0.9795918367346939,,,,0.06474661827087402,0.0016791820526123047
algerian_forest_fires_46279,,,generic_univariate,minmax,HistGradientBoostingClassifier(random_state=0),2,0.9795918367346939,,,,0.06452178955078125,0.0016591548919677734
algerian_forest_fires_46279,,,generic_univariate,minmax,HistGradientBoostingClassifier(random_state=0),3,0.9583333333333334,,,,0.06235384941101074,0.0018069744110107422
algerian_forest_fires_46279,,,generic_univariate,minmax,HistGradientBoostingClassifier(random_state=0),4,0.9791666666666666,,,,0.07331085205078125,0.0016875267028808594
algerian_forest_fires_46279,,,polynomial_features,minmax,HistGradientBoostingClassifier(random_state=0),0,0.9591836734693877,,,,0.11519360542297363,0.0018808841705322266
algerian_forest_fires_46279,,,polynomial_features,minmax,HistGradientBoostingClassifier(random_state=0),1,0.9795918367346939,,,,0.10695672035217285,0.0017139911651611328
algerian_forest_fires_46279,,,polynomial_features,minmax,HistGradientBoostingClassifier(random_state=0),2,0.9795918367346939,,,,0.11893820762634277,0.0017495155334472656
algerian_forest_fires_46279,,,polynomial_features,minmax,HistGradientBoostingClassifier(random_state=0),3,1.0,,,,0.11252403259277344,0.0017023086547851562
algerian_forest_fires_46279,,,polynomial_features,minmax,HistGradientBoostingClassifier(random_state=0),4,0.9583333333333334,,,,0.11911654472351074,0.001964092254638672
algerian_forest_fires_46279,,,nystroem,minmax,HistGradientBoostingClassifier(random_state=0),0,0.8979591836734694,,,,0.1499803066253662,0.002077341079711914
algerian_forest_fires_46279,,,nystroem,minmax,HistGradientBoostingClassifier(random_state=0),1,0.9387755102040817,,,,0.16756486892700195,0.002170562744140625
algerian_forest_fires_46279,,,nystroem,minmax,HistGradientBoostingClassifier(random_state=0),2,0.9387755102040817,,,,0.11605143547058105,0.0021805763244628906
algerian_forest_fires_46279,,,nystroem,minmax,HistGradientBoostingClassifier(random_state=0),3,0.9583333333333334,,,,0.13490915298461914,0.0017066001892089844
algerian_forest_fires_46279,,,nystroem,minmax,HistGradientBoostingClassifier(random_state=0),4,0.9375,,,,0.13428092002868652,0.0018177032470703125
algerian_forest_fires_46279,,,rbf_sampler,minmax,HistGradientBoostingClassifier(random_state=0),0,0.9795918367346939,,,,0.10813617706298828,0.0017049312591552734
algerian_forest_fires_46279,,,rbf_sampler,minmax,HistGradientBoostingClassifier(random_state=0),1,1.0,,,,0.10831069946289062,0.0017414093017578125
algerian_forest_fires_46279,,,rbf_sampler,minmax,HistGradientBoostingClassifier(random_state=0),2,0.9387755102040817,,,,0.10535693168640137,0.0019049644470214844
algerian_forest_fires_46279,,,rbf_sampler,minmax,HistGradientBoostingClassifier(random_state=0),3,0.9583333333333334,,,,0.10556459426879883,0.0020020008087158203
algerian_forest_fires_46279,,,rbf_sampler,minmax,HistGradientBoostingClassifier(random_state=0),4,0.9375,,,,0.11366581916809082,0.0021593570709228516
algerian_forest_fires_46279,,,random_trees_embedding,minmax,HistGradientBoostingClassifier(random_state=0),0,,"Erro na combinação 186 - Imputer: None, Categorização: None, Seleção de Feature: random_trees_embedding, Scaler: minmax, Fold: 0 - Exception: Sparse data was passed for X, but dense data is required. Use '.toarray()' to convert to a dense numpy array.",,,0.11366581916809082,0.0021593570709228516
algerian_forest_fires_46279,,,random_trees_embedding,minmax,HistGradientBoostingClassifier(random_state=0),1,,"Erro na combinação 187 - Imputer: None, Categorização: None, Seleção de Feature: random_trees_embedding, Scaler: minmax, Fold: 1 - Exception: Sparse data was passed for X, but dense data is required. Use '.toarray()' to convert to a dense numpy array.",,,0.11366581916809082,0.0021593570709228516
algerian_forest_fires_46279,,,random_trees_embedding,minmax,HistGradientBoostingClassifier(random_state=0),2,,"Erro na combinação 188 - Imputer: None, Categorização: None, Seleção de Feature: random_trees_embedding, Scaler: minmax, Fold: 2 - Exception: Sparse data was passed for X, but dense data is required. Use '.toarray()' to convert to a dense numpy array.",,,0.11366581916809082,0.0021593570709228516
algerian_forest_fires_46279,,,random_trees_embedding,minmax,HistGradientBoostingClassifier(random_state=0),3,,"Erro na combinação 189 - Imputer: None, Categorização: None, Seleção de Feature: random_trees_embedding, Scaler: minmax, Fold: 3 - Exception: Sparse data was passed for X, but dense data is required. Use '.toarray()' to convert to a dense numpy array.",,,0.11366581916809082,0.0021593570709228516
algerian_forest_fires_46279,,,random_trees_embedding,minmax,HistGradientBoostingClassifier(random_state=0),4,,"Erro na combinação 190 - Imputer: None, Categorização: None, Seleção de Feature: random_trees_embedding, Scaler: minmax, Fold: 4 - Exception: Sparse data was passed for X, but dense data is required. Use '.toarray()' to convert to a dense numpy array.",,,0.11366581916809082,0.0021593570709228516
algerian_forest_fires_46279,,,feature_agglomeration,minmax,HistGradientBoostingClassifier(random_state=0),0,0.8367346938775511,,,,0.08704972267150879,0.002223491668701172
algerian_forest_fires_46279,,,feature_agglomeration,minmax,HistGradientBoostingClassifier(random_state=0),1,0.8979591836734694,,,,0.09000277519226074,0.002058744430541992
algerian_forest_fires_46279,,,feature_agglomeration,minmax,HistGradientBoostingClassifier(random_state=0),2,0.8571428571428571,,,,0.07783102989196777,0.0017180442810058594
algerian_forest_fires_46279,,,feature_agglomeration,minmax,HistGradientBoostingClassifier(random_state=0),3,0.8333333333333334,,,,0.07126474380493164,0.0018355846405029297
algerian_forest_fires_46279,,,feature_agglomeration,minmax,HistGradientBoostingClassifier(random_state=0),4,0.9166666666666666,,,,0.08388328552246094,0.0019145011901855469
algerian_forest_fires_46279,,,extra_tree,minmax,HistGradientBoostingClassifier(random_state=0),0,0.9795918367346939,,,,0.08060097694396973,0.0015354156494140625
algerian_forest_fires_46279,,,extra_tree,minmax,HistGradientBoostingClassifier(random_state=0),1,0.9795918367346939,,,,0.0840754508972168,0.0016934871673583984
algerian_forest_fires_46279,,,extra_tree,minmax,HistGradientBoostingClassifier(random_state=0),2,0.9795918367346939,,,,0.0854024887084961,0.0020949840545654297
algerian_forest_fires_46279,,,extra_tree,minmax,HistGradientBoostingClassifier(random_state=0),3,0.9583333333333334,,,,0.08192086219787598,0.001966238021850586
algerian_forest_fires_46279,,,extra_tree,minmax,HistGradientBoostingClassifier(random_state=0),4,0.9375,,,,0.0910184383392334,0.001932382583618164
algerian_forest_fires_46279,,,linear_svc,minmax,HistGradientBoostingClassifier(random_state=0),0,1.0,,,,0.09244036674499512,0.002153635025024414
algerian_forest_fires_46279,,,linear_svc,minmax,HistGradientBoostingClassifier(random_state=0),1,0.9795918367346939,,,,0.0986173152923584,0.0021364688873291016
algerian_forest_fires_46279,,,linear_svc,minmax,HistGradientBoostingClassifier(random_state=0),2,0.9795918367346939,,,,0.08203005790710449,0.001739501953125
algerian_forest_fires_46279,,,linear_svc,minmax,HistGradientBoostingClassifier(random_state=0),3,0.9791666666666666,,,,0.09198522567749023,0.0020723342895507812
algerian_forest_fires_46279,,,linear_svc,minmax,HistGradientBoostingClassifier(random_state=0),4,0.9375,,,,0.09435701370239258,0.002084016799926758
algerian_forest_fires_46279,,,kernel_pca,minmax,HistGradientBoostingClassifier(random_state=0),0,0.9183673469387755,,,,0.11552667617797852,0.001874685287475586
algerian_forest_fires_46279,,,kernel_pca,minmax,HistGradientBoostingClassifier(random_state=0),1,0.9591836734693877,,,,0.1232905387878418,0.0020880699157714844
algerian_forest_fires_46279,,,kernel_pca,minmax,HistGradientBoostingClassifier(random_state=0),2,0.8979591836734694,,,,0.1398792266845703,0.0020182132720947266
algerian_forest_fires_46279,,,kernel_pca,minmax,HistGradientBoostingClassifier(random_state=0),3,0.9583333333333334,,,,0.1309981346130371,0.0021619796752929688
algerian_forest_fires_46279,,,kernel_pca,minmax,HistGradientBoostingClassifier(random_state=0),4,0.9375,,,,0.12346363067626953,0.0015268325805664062
algerian_forest_fires_46279,,,,robust,HistGradientBoostingClassifier(random_state=0),0,0.9795918367346939,,,,0.09180307388305664,0.0020656585693359375
algerian_forest_fires_46279,,,,robust,HistGradientBoostingClassifier(random_state=0),1,0.9795918367346939,,,,0.08565473556518555,0.001653909683227539
algerian_forest_fires_46279,,,,robust,HistGradientBoostingClassifier(random_state=0),2,0.9795918367346939,,,,0.08033561706542969,0.0018191337585449219
algerian_forest_fires_46279,,,,robust,HistGradientBoostingClassifier(random_state=0),3,1.0,,,,0.08075141906738281,0.0017402172088623047
algerian_forest_fires_46279,,,,robust,HistGradientBoostingClassifier(random_state=0),4,0.9583333333333334,,,,0.08278608322143555,0.0020973682403564453
algerian_forest_fires_46279,,,pca,robust,HistGradientBoostingClassifier(random_state=0),0,0.8571428571428571,,,,0.08471536636352539,0.0018928050994873047
algerian_forest_fires_46279,,,pca,robust,HistGradientBoostingClassifier(random_state=0),1,0.9795918367346939,,,,0.08634638786315918,0.001889944076538086
algerian_forest_fires_46279,,,pca,robust,HistGradientBoostingClassifier(random_state=0),2,0.8775510204081632,,,,0.0867624282836914,0.0020270347595214844
algerian_forest_fires_46279,,,pca,robust,HistGradientBoostingClassifier(random_state=0),3,0.9166666666666666,,,,0.08119058609008789,0.0019762516021728516
algerian_forest_fires_46279,,,pca,robust,HistGradientBoostingClassifier(random_state=0),4,0.9166666666666666,,,,0.07826757431030273,0.0018377304077148438
algerian_forest_fires_46279,,,fastica,robust,HistGradientBoostingClassifier(random_state=0),0,0.8163265306122449,,,,0.07669854164123535,0.0017116069793701172
algerian_forest_fires_46279,,,fastica,robust,HistGradientBoostingClassifier(random_state=0),1,0.6326530612244898,,,,0.08458089828491211,0.002049684524536133
algerian_forest_fires_46279,,,fastica,robust,HistGradientBoostingClassifier(random_state=0),2,0.5510204081632653,,,,0.0835411548614502,0.0018799304962158203
algerian_forest_fires_46279,,,fastica,robust,HistGradientBoostingClassifier(random_state=0),3,0.875,,,,0.0795440673828125,0.0018398761749267578
algerian_forest_fires_46279,,,fastica,robust,HistGradientBoostingClassifier(random_state=0),4,0.9166666666666666,,,,0.08993744850158691,0.0021986961364746094
algerian_forest_fires_46279,,,truncated_svd,robust,HistGradientBoostingClassifier(random_state=0),0,0.8367346938775511,,,,0.08838152885437012,0.0022001266479492188
algerian_forest_fires_46279,,,truncated_svd,robust,HistGradientBoostingClassifier(random_state=0),1,0.8979591836734694,,,,0.0791480541229248,0.0021178722381591797
algerian_forest_fires_46279,,,truncated_svd,robust,HistGradientBoostingClassifier(random_state=0),2,0.8571428571428571,,,,0.08911395072937012,0.0016200542449951172
algerian_forest_fires_46279,,,truncated_svd,robust,HistGradientBoostingClassifier(random_state=0),3,0.8958333333333334,,,,0.08686137199401855,0.0016765594482421875
algerian_forest_fires_46279,,,truncated_svd,robust,HistGradientBoostingClassifier(random_state=0),4,0.9375,,,,0.08168244361877441,0.0017058849334716797
algerian_forest_fires_46279,,,select_percentile,robust,HistGradientBoostingClassifier(random_state=0),0,1.0,,,,0.08614397048950195,0.002047300338745117
algerian_forest_fires_46279,,,select_percentile,robust,HistGradientBoostingClassifier(random_state=0),1,0.9795918367346939,,,,0.0846400260925293,0.0020515918731689453
algerian_forest_fires_46279,,,select_percentile,robust,HistGradientBoostingClassifier(random_state=0),2,1.0,,,,0.08042573928833008,0.002166271209716797
algerian_forest_fires_46279,,,select_percentile,robust,HistGradientBoostingClassifier(random_state=0),3,0.9791666666666666,,,,0.07182645797729492,0.002304553985595703
algerian_forest_fires_46279,,,select_percentile,robust,HistGradientBoostingClassifier(random_state=0),4,0.9375,,,,0.07177257537841797,0.0019335746765136719
algerian_forest_fires_46279,,,generic_univariate,robust,HistGradientBoostingClassifier(random_state=0),0,0.9795918367346939,,,,0.06449341773986816,0.0017309188842773438
algerian_forest_fires_46279,,,generic_univariate,robust,HistGradientBoostingClassifier(random_state=0),1,0.9795918367346939,,,,0.07910919189453125,0.002490520477294922
algerian_forest_fires_46279,,,generic_univariate,robust,HistGradientBoostingClassifier(random_state=0),2,0.9795918367346939,,,,0.07954192161560059,0.0017428398132324219
algerian_forest_fires_46279,,,generic_univariate,robust,HistGradientBoostingClassifier(random_state=0),3,0.9583333333333334,,,,0.06769442558288574,0.0017998218536376953
algerian_forest_fires_46279,,,generic_univariate,robust,HistGradientBoostingClassifier(random_state=0),4,0.9791666666666666,,,,0.07097029685974121,0.0018718242645263672
algerian_forest_fires_46279,,,polynomial_features,robust,HistGradientBoostingClassifier(random_state=0),0,0.9591836734693877,,,,0.1027073860168457,0.0020606517791748047
algerian_forest_fires_46279,,,polynomial_features,robust,HistGradientBoostingClassifier(random_state=0),1,0.9795918367346939,,,,0.11685633659362793,0.001741647720336914
algerian_forest_fires_46279,,,polynomial_features,robust,HistGradientBoostingClassifier(random_state=0),2,0.9795918367346939,,,,0.12919259071350098,0.0017375946044921875
algerian_forest_fires_46279,,,polynomial_features,robust,HistGradientBoostingClassifier(random_state=0),3,0.9583333333333334,,,,0.1094508171081543,0.002144336700439453
algerian_forest_fires_46279,,,polynomial_features,robust,HistGradientBoostingClassifier(random_state=0),4,0.9375,,,,0.11465692520141602,0.002035856246948242
algerian_forest_fires_46279,,,nystroem,robust,HistGradientBoostingClassifier(random_state=0),0,0.8979591836734694,,,,0.1252000331878662,0.0017385482788085938
algerian_forest_fires_46279,,,nystroem,robust,HistGradientBoostingClassifier(random_state=0),1,0.9387755102040817,,,,0.1423788070678711,0.0017838478088378906
algerian_forest_fires_46279,,,nystroem,robust,HistGradientBoostingClassifier(random_state=0),2,0.8571428571428571,,,,0.15258049964904785,0.0021681785583496094
algerian_forest_fires_46279,,,nystroem,robust,HistGradientBoostingClassifier(random_state=0),3,0.9583333333333334,,,,0.14960074424743652,0.0016744136810302734
algerian_forest_fires_46279,,,nystroem,robust,HistGradientBoostingClassifier(random_state=0),4,0.8958333333333334,,,,0.14066147804260254,0.0017342567443847656
algerian_forest_fires_46279,,,rbf_sampler,robust,HistGradientBoostingClassifier(random_state=0),0,0.7551020408163265,,,,0.10108113288879395,0.0020592212677001953
algerian_forest_fires_46279,,,rbf_sampler,robust,HistGradientBoostingClassifier(random_state=0),1,0.8163265306122449,,,,0.11287069320678711,0.002159595489501953
algerian_forest_fires_46279,,,rbf_sampler,robust,HistGradientBoostingClassifier(random_state=0),2,0.7346938775510204,,,,0.0942983627319336,0.0017762184143066406
algerian_forest_fires_46279,,,rbf_sampler,robust,HistGradientBoostingClassifier(random_state=0),3,0.8125,,,,0.11244034767150879,0.0020759105682373047
algerian_forest_fires_46279,,,rbf_sampler,robust,HistGradientBoostingClassifier(random_state=0),4,0.75,,,,0.10329127311706543,0.0016086101531982422
algerian_forest_fires_46279,,,random_trees_embedding,robust,HistGradientBoostingClassifier(random_state=0),0,,"Erro na combinação 256 - Imputer: None, Categorização: None, Seleção de Feature: random_trees_embedding, Scaler: robust, Fold: 0 - Exception: Sparse data was passed for X, but dense data is required. Use '.toarray()' to convert to a dense numpy array.",,,0.10329127311706543,0.0016086101531982422
algerian_forest_fires_46279,,,random_trees_embedding,robust,HistGradientBoostingClassifier(random_state=0),1,,"Erro na combinação 257 - Imputer: None, Categorização: None, Seleção de Feature: random_trees_embedding, Scaler: robust, Fold: 1 - Exception: Sparse data was passed for X, but dense data is required. Use '.toarray()' to convert to a dense numpy array.",,,0.10329127311706543,0.0016086101531982422
algerian_forest_fires_46279,,,random_trees_embedding,robust,HistGradientBoostingClassifier(random_state=0),2,,"Erro na combinação 258 - Imputer: None, Categorização: None, Seleção de Feature: random_trees_embedding, Scaler: robust, Fold: 2 - Exception: Sparse data was passed for X, but dense data is required. Use '.toarray()' to convert to a dense numpy array.",,,0.10329127311706543,0.0016086101531982422
algerian_forest_fires_46279,,,random_trees_embedding,robust,HistGradientBoostingClassifier(random_state=0),3,,"Erro na combinação 259 - Imputer: None, Categorização: None, Seleção de Feature: random_trees_embedding, Scaler: robust, Fold: 3 - Exception: Sparse data was passed for X, but dense data is required. Use '.toarray()' to convert to a dense numpy array.",,,0.10329127311706543,0.0016086101531982422
algerian_forest_fires_46279,,,random_trees_embedding,robust,HistGradientBoostingClassifier(random_state=0),4,,"Erro na combinação 260 - Imputer: None, Categorização: None, Seleção de Feature: random_trees_embedding, Scaler: robust, Fold: 4 - Exception: Sparse data was passed for X, but dense data is required. Use '.toarray()' to convert to a dense numpy array.",,,0.10329127311706543,0.0016086101531982422
algerian_forest_fires_46279,,,feature_agglomeration,robust,HistGradientBoostingClassifier(random_state=0),0,0.7346938775510204,,,,0.06966829299926758,0.0018036365509033203
algerian_forest_fires_46279,,,feature_agglomeration,robust,HistGradientBoostingClassifier(random_state=0),1,0.8571428571428571,,,,0.06858587265014648,0.0021331310272216797
algerian_forest_fires_46279,,,feature_agglomeration,robust,HistGradientBoostingClassifier(random_state=0),2,0.8979591836734694,,,,0.07690238952636719,0.0020873546600341797
algerian_forest_fires_46279,,,feature_agglomeration,robust,HistGradientBoostingClassifier(random_state=0),3,0.8958333333333334,,,,0.07561516761779785,0.0019059181213378906
algerian_forest_fires_46279,,,feature_agglomeration,robust,HistGradientBoostingClassifier(random_state=0),4,0.9375,,,,0.08224034309387207,0.0020596981048583984
algerian_forest_fires_46279,,,extra_tree,robust,HistGradientBoostingClassifier(random_state=0),0,0.9795918367346939,,,,0.09330558776855469,0.0016684532165527344
algerian_forest_fires_46279,,,extra_tree,robust,HistGradientBoostingClassifier(random_state=0),1,0.9795918367346939,,,,0.08645153045654297,0.0020644664764404297
algerian_forest_fires_46279,,,extra_tree,robust,HistGradientBoostingClassifier(random_state=0),2,0.9795918367346939,,,,0.09091377258300781,0.001848459243774414
algerian_forest_fires_46279,,,extra_tree,robust,HistGradientBoostingClassifier(random_state=0),3,0.9583333333333334,,,,0.09104084968566895,0.002158641815185547
algerian_forest_fires_46279,,,extra_tree,robust,HistGradientBoostingClassifier(random_state=0),4,0.9375,,,,0.08787393569946289,0.002221822738647461
algerian_forest_fires_46279,,,linear_svc,robust,HistGradientBoostingClassifier(random_state=0),0,1.0,,,,0.08353948593139648,0.001583099365234375
algerian_forest_fires_46279,,,linear_svc,robust,HistGradientBoostingClassifier(random_state=0),1,0.9795918367346939,,,,0.0936586856842041,0.002221345901489258
algerian_forest_fires_46279,,,linear_svc,robust,HistGradientBoostingClassifier(random_state=0),2,0.9591836734693877,,,,0.08777141571044922,0.00170135498046875
algerian_forest_fires_46279,,,linear_svc,robust,HistGradientBoostingClassifier(random_state=0),3,0.9583333333333334,,,,0.0864114761352539,0.001744985580444336
algerian_forest_fires_46279,,,linear_svc,robust,HistGradientBoostingClassifier(random_state=0),4,0.9375,,,,0.07294583320617676,0.00182342529296875
algerian_forest_fires_46279,,,kernel_pca,robust,HistGradientBoostingClassifier(random_state=0),0,0.8571428571428571,,,,0.1311933994293213,0.0017001628875732422
algerian_forest_fires_46279,,,kernel_pca,robust,HistGradientBoostingClassifier(random_state=0),1,0.9795918367346939,,,,0.1389908790588379,0.0020995140075683594
algerian_forest_fires_46279,,,kernel_pca,robust,HistGradientBoostingClassifier(random_state=0),2,0.8979591836734694,,,,0.13971161842346191,0.0022084712982177734
algerian_forest_fires_46279,,,kernel_pca,robust,HistGradientBoostingClassifier(random_state=0),3,0.9166666666666666,,,,0.154832124710083,0.0017914772033691406
algerian_forest_fires_46279,,,kernel_pca,robust,HistGradientBoostingClassifier(random_state=0),4,0.9375,,,,0.1357128620147705,0.002091646194458008
algerian_forest_fires_46279,,,,normalizer,HistGradientBoostingClassifier(random_state=0),0,0.9591836734693877,,,,0.09017276763916016,0.0016751289367675781
algerian_forest_fires_46279,,,,normalizer,HistGradientBoostingClassifier(random_state=0),1,0.9795918367346939,,,,0.08830761909484863,0.0022406578063964844
algerian_forest_fires_46279,,,,normalizer,HistGradientBoostingClassifier(random_state=0),2,0.9795918367346939,,,,0.10034799575805664,0.0020465850830078125
algerian_forest_fires_46279,,,,normalizer,HistGradientBoostingClassifier(random_state=0),3,1.0,,,,0.08565258979797363,0.002158641815185547
algerian_forest_fires_46279,,,,normalizer,HistGradientBoostingClassifier(random_state=0),4,0.9583333333333334,,,,0.07686066627502441,0.0015065670013427734
algerian_forest_fires_46279,,,pca,normalizer,HistGradientBoostingClassifier(random_state=0),0,0.8775510204081632,,,,0.08782315254211426,0.002082347869873047
algerian_forest_fires_46279,,,pca,normalizer,HistGradientBoostingClassifier(random_state=0),1,0.9591836734693877,,,,0.08019208908081055,0.0019958019256591797
algerian_forest_fires_46279,,,pca,normalizer,HistGradientBoostingClassifier(random_state=0),2,0.9183673469387755,,,,0.07751917839050293,0.0016450881958007812
algerian_forest_fires_46279,,,pca,normalizer,HistGradientBoostingClassifier(random_state=0),3,0.9791666666666666,,,,0.08771133422851562,0.0021038055419921875
algerian_forest_fires_46279,,,pca,normalizer,HistGradientBoostingClassifier(random_state=0),4,0.9583333333333334,,,,0.07721114158630371,0.0019028186798095703
algerian_forest_fires_46279,,,fastica,normalizer,HistGradientBoostingClassifier(random_state=0),0,0.9387755102040817,,,,0.09191513061523438,0.0020143985748291016
algerian_forest_fires_46279,,,fastica,normalizer,HistGradientBoostingClassifier(random_state=0),1,0.9387755102040817,,,,0.0899038314819336,0.0017516613006591797
algerian_forest_fires_46279,,,fastica,normalizer,HistGradientBoostingClassifier(random_state=0),2,0.8367346938775511,,,,0.07744312286376953,0.0020885467529296875
algerian_forest_fires_46279,,,fastica,normalizer,HistGradientBoostingClassifier(random_state=0),3,0.8958333333333334,,,,0.08384513854980469,0.0016858577728271484
algerian_forest_fires_46279,,,fastica,normalizer,HistGradientBoostingClassifier(random_state=0),4,0.875,,,,0.07120394706726074,0.0015709400177001953
algerian_forest_fires_46279,,,truncated_svd,normalizer,HistGradientBoostingClassifier(random_state=0),0,0.8367346938775511,,,,0.07519936561584473,0.0015842914581298828
algerian_forest_fires_46279,,,truncated_svd,normalizer,HistGradientBoostingClassifier(random_state=0),1,0.7755102040816326,,,,0.0852046012878418,0.002260923385620117
algerian_forest_fires_46279,,,truncated_svd,normalizer,HistGradientBoostingClassifier(random_state=0),2,0.8367346938775511,,,,0.0826866626739502,0.0021462440490722656
algerian_forest_fires_46279,,,truncated_svd,normalizer,HistGradientBoostingClassifier(random_state=0),3,0.8125,,,,0.07414746284484863,0.0016124248504638672
algerian_forest_fires_46279,,,truncated_svd,normalizer,HistGradientBoostingClassifier(random_state=0),4,0.875,,,,0.07545900344848633,0.0020363330841064453
algerian_forest_fires_46279,,,select_percentile,normalizer,HistGradientBoostingClassifier(random_state=0),0,0.9795918367346939,,,,0.08746886253356934,0.001920461654663086
algerian_forest_fires_46279,,,select_percentile,normalizer,HistGradientBoostingClassifier(random_state=0),1,0.9795918367346939,,,,0.0902259349822998,0.0020263195037841797
algerian_forest_fires_46279,,,select_percentile,normalizer,HistGradientBoostingClassifier(random_state=0),2,0.9591836734693877,,,,0.09132838249206543,0.002129077911376953
algerian_forest_fires_46279,,,select_percentile,normalizer,HistGradientBoostingClassifier(random_state=0),3,0.9791666666666666,,,,0.0950782299041748,0.0024356842041015625
algerian_forest_fires_46279,,,select_percentile,normalizer,HistGradientBoostingClassifier(random_state=0),4,0.9375,,,,0.0795748233795166,0.0016520023345947266
algerian_forest_fires_46279,,,generic_univariate,normalizer,HistGradientBoostingClassifier(random_state=0),0,0.9591836734693877,,,,0.0792989730834961,0.002202272415161133
algerian_forest_fires_46279,,,generic_univariate,normalizer,HistGradientBoostingClassifier(random_state=0),1,0.9795918367346939,,,,0.08168339729309082,0.0021767616271972656
algerian_forest_fires_46279,,,generic_univariate,normalizer,HistGradientBoostingClassifier(random_state=0),2,0.9591836734693877,,,,0.06599950790405273,0.0016093254089355469
algerian_forest_fires_46279,,,generic_univariate,normalizer,HistGradientBoostingClassifier(random_state=0),3,0.9583333333333334,,,,0.06911301612854004,0.0016353130340576172
algerian_forest_fires_46279,,,generic_univariate,normalizer,HistGradientBoostingClassifier(random_state=0),4,0.9583333333333334,,,,0.07503724098205566,0.0014846324920654297
algerian_forest_fires_46279,,,polynomial_features,normalizer,HistGradientBoostingClassifier(random_state=0),0,0.9591836734693877,,,,0.1089789867401123,0.0016682147979736328
algerian_forest_fires_46279,,,polynomial_features,normalizer,HistGradientBoostingClassifier(random_state=0),1,0.9795918367346939,,,,0.11562991142272949,0.002193927764892578
algerian_forest_fires_46279,,,polynomial_features,normalizer,HistGradientBoostingClassifier(random_state=0),2,0.9795918367346939,,,,0.10926318168640137,0.002184152603149414
algerian_forest_fires_46279,,,polynomial_features,normalizer,HistGradientBoostingClassifier(random_state=0),3,0.9791666666666666,,,,0.118743896484375,0.0016262531280517578
algerian_forest_fires_46279,,,polynomial_features,normalizer,HistGradientBoostingClassifier(random_state=0),4,0.9583333333333334,,,,0.10513591766357422,0.0016758441925048828
algerian_forest_fires_46279,,,nystroem,normalizer,HistGradientBoostingClassifier(random_state=0),0,0.8979591836734694,,,,0.12404990196228027,0.0021123886108398438
algerian_forest_fires_46279,,,nystroem,normalizer,HistGradientBoostingClassifier(random_state=0),1,0.9387755102040817,,,,0.17391061782836914,0.0016965866088867188
algerian_forest_fires_46279,,,nystroem,normalizer,HistGradientBoostingClassifier(random_state=0),2,0.9387755102040817,,,,0.11824202537536621,0.00188446044921875
algerian_forest_fires_46279,,,nystroem,normalizer,HistGradientBoostingClassifier(random_state=0),3,0.9375,,,,0.142073392868042,0.002212047576904297
algerian_forest_fires_46279,,,nystroem,normalizer,HistGradientBoostingClassifier(random_state=0),4,0.9583333333333334,,,,0.13707852363586426,0.0015521049499511719
algerian_forest_fires_46279,,,rbf_sampler,normalizer,HistGradientBoostingClassifier(random_state=0),0,1.0,,,,0.11344289779663086,0.0022001266479492188
algerian_forest_fires_46279,,,rbf_sampler,normalizer,HistGradientBoostingClassifier(random_state=0),1,0.9591836734693877,,,,0.11790108680725098,0.0021317005157470703
algerian_forest_fires_46279,,,rbf_sampler,normalizer,HistGradientBoostingClassifier(random_state=0),2,0.9387755102040817,,,,0.11283349990844727,0.0019545555114746094
algerian_forest_fires_46279,,,rbf_sampler,normalizer,HistGradientBoostingClassifier(random_state=0),3,0.9791666666666666,,,,0.11880159378051758,0.002179384231567383
algerian_forest_fires_46279,,,rbf_sampler,normalizer,HistGradientBoostingClassifier(random_state=0),4,0.9583333333333334,,,,0.10377645492553711,0.0016939640045166016
algerian_forest_fires_46279,,,random_trees_embedding,normalizer,HistGradientBoostingClassifier(random_state=0),0,,"Erro na combinação 326 - Imputer: None, Categorização: None, Seleção de Feature: random_trees_embedding, Scaler: normalizer, Fold: 0 - Exception: Sparse data was passed for X, but dense data is required. Use '.toarray()' to convert to a dense numpy array.",,,0.10377645492553711,0.0016939640045166016
algerian_forest_fires_46279,,,random_trees_embedding,normalizer,HistGradientBoostingClassifier(random_state=0),1,,"Erro na combinação 327 - Imputer: None, Categorização: None, Seleção de Feature: random_trees_embedding, Scaler: normalizer, Fold: 1 - Exception: Sparse data was passed for X, but dense data is required. Use '.toarray()' to convert to a dense numpy array.",,,0.10377645492553711,0.0016939640045166016
algerian_forest_fires_46279,,,random_trees_embedding,normalizer,HistGradientBoostingClassifier(random_state=0),2,,"Erro na combinação 328 - Imputer: None, Categorização: None, Seleção de Feature: random_trees_embedding, Scaler: normalizer, Fold: 2 - Exception: Sparse data was passed for X, but dense data is required. Use '.toarray()' to convert to a dense numpy array.",,,0.10377645492553711,0.0016939640045166016
algerian_forest_fires_46279,,,random_trees_embedding,normalizer,HistGradientBoostingClassifier(random_state=0),3,,"Erro na combinação 329 - Imputer: None, Categorização: None, Seleção de Feature: random_trees_embedding, Scaler: normalizer, Fold: 3 - Exception: Sparse data was passed for X, but dense data is required. Use '.toarray()' to convert to a dense numpy array.",,,0.10377645492553711,0.0016939640045166016
algerian_forest_fires_46279,,,random_trees_embedding,normalizer,HistGradientBoostingClassifier(random_state=0),4,,"Erro na combinação 330 - Imputer: None, Categorização: None, Seleção de Feature: random_trees_embedding, Scaler: normalizer, Fold: 4 - Exception: Sparse data was passed for X, but dense data is required. Use '.toarray()' to convert to a dense numpy array.",,,0.10377645492553711,0.0016939640045166016
algerian_forest_fires_46279,,,feature_agglomeration,normalizer,HistGradientBoostingClassifier(random_state=0),0,0.7755102040816326,,,,0.07806396484375,0.0021219253540039062
algerian_forest_fires_46279,,,feature_agglomeration,normalizer,HistGradientBoostingClassifier(random_state=0),1,0.7755102040816326,,,,0.07683515548706055,0.0020868778228759766
algerian_forest_fires_46279,,,feature_agglomeration,normalizer,HistGradientBoostingClassifier(random_state=0),2,0.8367346938775511,,,,0.08047842979431152,0.0021431446075439453
algerian_forest_fires_46279,,,feature_agglomeration,normalizer,HistGradientBoostingClassifier(random_state=0),3,0.75,,,,0.07211160659790039,0.0017261505126953125
algerian_forest_fires_46279,,,feature_agglomeration,normalizer,HistGradientBoostingClassifier(random_state=0),4,0.8958333333333334,,,,0.08249425888061523,0.0018699169158935547
algerian_forest_fires_46279,,,extra_tree,normalizer,HistGradientBoostingClassifier(random_state=0),0,0.9795918367346939,,,,0.08138775825500488,0.002115011215209961
algerian_forest_fires_46279,,,extra_tree,normalizer,HistGradientBoostingClassifier(random_state=0),1,0.9795918367346939,,,,0.09379220008850098,0.002153635025024414
algerian_forest_fires_46279,,,extra_tree,normalizer,HistGradientBoostingClassifier(random_state=0),2,0.9795918367346939,,,,0.09744596481323242,0.002254962921142578
algerian_forest_fires_46279,,,extra_tree,normalizer,HistGradientBoostingClassifier(random_state=0),3,0.9791666666666666,,,,0.09100222587585449,0.0021729469299316406
algerian_forest_fires_46279,,,extra_tree,normalizer,HistGradientBoostingClassifier(random_state=0),4,0.9375,,,,0.07971358299255371,0.002073526382446289
algerian_forest_fires_46279,,,linear_svc,normalizer,HistGradientBoostingClassifier(random_state=0),0,0.9591836734693877,,,,0.08702707290649414,0.0018703937530517578
algerian_forest_fires_46279,,,linear_svc,normalizer,HistGradientBoostingClassifier(random_state=0),1,0.9795918367346939,,,,0.08527660369873047,0.0020754337310791016
algerian_forest_fires_46279,,,linear_svc,normalizer,HistGradientBoostingClassifier(random_state=0),2,0.9591836734693877,,,,0.08172225952148438,0.002037525177001953
algerian_forest_fires_46279,,,linear_svc,normalizer,HistGradientBoostingClassifier(random_state=0),3,0.9583333333333334,,,,0.08595514297485352,0.001903533935546875
algerian_forest_fires_46279,,,linear_svc,normalizer,HistGradientBoostingClassifier(random_state=0),4,0.9583333333333334,,,,0.0732419490814209,0.001676797866821289
algerian_forest_fires_46279,,,kernel_pca,normalizer,HistGradientBoostingClassifier(random_state=0),0,0.8979591836734694,,,,0.12038230895996094,0.0016796588897705078
algerian_forest_fires_46279,,,kernel_pca,normalizer,HistGradientBoostingClassifier(random_state=0),1,0.9591836734693877,,,,0.14644956588745117,0.0021140575408935547
algerian_forest_fires_46279,,,kernel_pca,normalizer,HistGradientBoostingClassifier(random_state=0),2,0.9183673469387755,,,,0.1466383934020996,0.0016522407531738281
algerian_forest_fires_46279,,,kernel_pca,normalizer,HistGradientBoostingClassifier(random_state=0),3,0.9375,,,,0.1396176815032959,0.0020704269409179688
algerian_forest_fires_46279,,,kernel_pca,normalizer,HistGradientBoostingClassifier(random_state=0),4,0.9375,,,,0.14958405494689941,0.0024564266204833984
algerian_forest_fires_46279,,,,power,HistGradientBoostingClassifier(random_state=0),0,0.9795918367346939,,,,0.09207320213317871,0.0022318363189697266
algerian_forest_fires_46279,,,,power,HistGradientBoostingClassifier(random_state=0),1,0.9795918367346939,,,,0.0872344970703125,0.0021622180938720703
algerian_forest_fires_46279,,,,power,HistGradientBoostingClassifier(random_state=0),2,0.9795918367346939,,,,0.08278560638427734,0.0016491413116455078
algerian_forest_fires_46279,,,,power,HistGradientBoostingClassifier(random_state=0),3,1.0,,,,0.09328532218933105,0.002180337905883789
algerian_forest_fires_46279,,,,power,HistGradientBoostingClassifier(random_state=0),4,0.9583333333333334,,,,0.08563780784606934,0.0023872852325439453
algerian_forest_fires_46279,,,pca,power,HistGradientBoostingClassifier(random_state=0),0,0.9183673469387755,,,,0.0821685791015625,0.0021169185638427734
algerian_forest_fires_46279,,,pca,power,HistGradientBoostingClassifier(random_state=0),1,0.9591836734693877,,,,0.07960224151611328,0.00213623046875
algerian_forest_fires_46279,,,pca,power,HistGradientBoostingClassifier(random_state=0),2,0.9387755102040817,,,,0.08601856231689453,0.0017027854919433594
algerian_forest_fires_46279,,,pca,power,HistGradientBoostingClassifier(random_state=0),3,0.9791666666666666,,,,0.08708357810974121,0.0020694732666015625
algerian_forest_fires_46279,,,pca,power,HistGradientBoostingClassifier(random_state=0),4,0.9583333333333334,,,,0.08329463005065918,0.0022547245025634766
algerian_forest_fires_46279,,,fastica,power,HistGradientBoostingClassifier(random_state=0),0,0.7959183673469388,,,,0.08738350868225098,0.002114534378051758
algerian_forest_fires_46279,,,fastica,power,HistGradientBoostingClassifier(random_state=0),1,0.8775510204081632,,,,0.0844414234161377,0.0016977787017822266
algerian_forest_fires_46279,,,fastica,power,HistGradientBoostingClassifier(random_state=0),2,0.8367346938775511,,,,0.08163619041442871,0.002270936965942383
algerian_forest_fires_46279,,,fastica,power,HistGradientBoostingClassifier(random_state=0),3,0.9583333333333334,,,,0.08675146102905273,0.0017120838165283203
algerian_forest_fires_46279,,,fastica,power,HistGradientBoostingClassifier(random_state=0),4,0.8541666666666666,,,,0.08309054374694824,0.0021588802337646484
algerian_forest_fires_46279,,,truncated_svd,power,HistGradientBoostingClassifier(random_state=0),0,0.8571428571428571,,,,0.08510708808898926,0.002153158187866211
algerian_forest_fires_46279,,,truncated_svd,power,HistGradientBoostingClassifier(random_state=0),1,0.8775510204081632,,,,0.0776517391204834,0.0018069744110107422
algerian_forest_fires_46279,,,truncated_svd,power,HistGradientBoostingClassifier(random_state=0),2,0.8979591836734694,,,,0.08388733863830566,0.0020835399627685547
algerian_forest_fires_46279,,,truncated_svd,power,HistGradientBoostingClassifier(random_state=0),3,0.9166666666666666,,,,0.08508944511413574,0.002051115036010742
algerian_forest_fires_46279,,,truncated_svd,power,HistGradientBoostingClassifier(random_state=0),4,0.875,,,,0.08445930480957031,0.001974344253540039
algerian_forest_fires_46279,,,select_percentile,power,HistGradientBoostingClassifier(random_state=0),0,1.0,,,,0.08068227767944336,0.0016736984252929688
algerian_forest_fires_46279,,,select_percentile,power,HistGradientBoostingClassifier(random_state=0),1,0.9795918367346939,,,,0.08119821548461914,0.0016758441925048828
algerian_forest_fires_46279,,,select_percentile,power,HistGradientBoostingClassifier(random_state=0),2,0.9795918367346939,,,,0.09663128852844238,0.0018146038055419922
algerian_forest_fires_46279,,,select_percentile,power,HistGradientBoostingClassifier(random_state=0),3,0.9583333333333334,,,,0.08259940147399902,0.0018017292022705078
algerian_forest_fires_46279,,,select_percentile,power,HistGradientBoostingClassifier(random_state=0),4,0.9791666666666666,,,,0.0927879810333252,0.002162933349609375
algerian_forest_fires_46279,,,generic_univariate,power,HistGradientBoostingClassifier(random_state=0),0,0.8979591836734694,,,,0.07393980026245117,0.0016963481903076172
algerian_forest_fires_46279,,,generic_univariate,power,HistGradientBoostingClassifier(random_state=0),1,0.9183673469387755,,,,0.07883715629577637,0.001958608627319336
algerian_forest_fires_46279,,,generic_univariate,power,HistGradientBoostingClassifier(random_state=0),2,0.8775510204081632,,,,0.06914472579956055,0.0016827583312988281
algerian_forest_fires_46279,,,generic_univariate,power,HistGradientBoostingClassifier(random_state=0),3,0.9375,,,,0.0791778564453125,0.0021996498107910156
algerian_forest_fires_46279,,,generic_univariate,power,HistGradientBoostingClassifier(random_state=0),4,0.9375,,,,0.07270002365112305,0.002105712890625
algerian_forest_fires_46279,,,polynomial_features,power,HistGradientBoostingClassifier(random_state=0),0,0.9795918367346939,,,,0.11755967140197754,0.0018129348754882812
algerian_forest_fires_46279,,,polynomial_features,power,HistGradientBoostingClassifier(random_state=0),1,0.9795918367346939,,,,0.10989141464233398,0.0018877983093261719
algerian_forest_fires_46279,,,polynomial_features,power,HistGradientBoostingClassifier(random_state=0),2,0.9795918367346939,,,,0.12024831771850586,0.002257108688354492
algerian_forest_fires_46279,,,polynomial_features,power,HistGradientBoostingClassifier(random_state=0),3,0.9791666666666666,,,,0.11375570297241211,0.0017120838165283203
algerian_forest_fires_46279,,,polynomial_features,power,HistGradientBoostingClassifier(random_state=0),4,0.9375,,,,0.10839176177978516,0.0017666816711425781
algerian_forest_fires_46279,,,nystroem,power,HistGradientBoostingClassifier(random_state=0),0,0.9387755102040817,,,,0.11937212944030762,0.0020308494567871094
algerian_forest_fires_46279,,,nystroem,power,HistGradientBoostingClassifier(random_state=0),1,0.9795918367346939,,,,0.14588522911071777,0.0016384124755859375
algerian_forest_fires_46279,,,nystroem,power,HistGradientBoostingClassifier(random_state=0),2,0.8979591836734694,,,,0.1586596965789795,0.0014934539794921875
algerian_forest_fires_46279,,,nystroem,power,HistGradientBoostingClassifier(random_state=0),3,0.9375,,,,0.16746735572814941,0.0016512870788574219
algerian_forest_fires_46279,,,nystroem,power,HistGradientBoostingClassifier(random_state=0),4,0.9375,,,,0.15732192993164062,0.0020143985748291016
algerian_forest_fires_46279,,,rbf_sampler,power,HistGradientBoostingClassifier(random_state=0),0,0.6122448979591837,,,,0.11299657821655273,0.0018415451049804688
algerian_forest_fires_46279,,,rbf_sampler,power,HistGradientBoostingClassifier(random_state=0),1,0.7755102040816326,,,,0.10429716110229492,0.0018548965454101562
algerian_forest_fires_46279,,,rbf_sampler,power,HistGradientBoostingClassifier(random_state=0),2,0.673469387755102,,,,0.10241436958312988,0.0015871524810791016
algerian_forest_fires_46279,,,rbf_sampler,power,HistGradientBoostingClassifier(random_state=0),3,0.6458333333333334,,,,0.10450625419616699,0.0017538070678710938
algerian_forest_fires_46279,,,rbf_sampler,power,HistGradientBoostingClassifier(random_state=0),4,0.6041666666666666,,,,0.09942483901977539,0.0019168853759765625
algerian_forest_fires_46279,,,random_trees_embedding,power,HistGradientBoostingClassifier(random_state=0),0,,"Erro na combinação 396 - Imputer: None, Categorização: None, Seleção de Feature: random_trees_embedding, Scaler: power, Fold: 0 - Exception: Sparse data was passed for X, but dense data is required. Use '.toarray()' to convert to a dense numpy array.",,,0.09942483901977539,0.0019168853759765625
algerian_forest_fires_46279,,,random_trees_embedding,power,HistGradientBoostingClassifier(random_state=0),1,,"Erro na combinação 397 - Imputer: None, Categorização: None, Seleção de Feature: random_trees_embedding, Scaler: power, Fold: 1 - Exception: Sparse data was passed for X, but dense data is required. Use '.toarray()' to convert to a dense numpy array.",,,0.09942483901977539,0.0019168853759765625
algerian_forest_fires_46279,,,random_trees_embedding,power,HistGradientBoostingClassifier(random_state=0),2,,"Erro na combinação 398 - Imputer: None, Categorização: None, Seleção de Feature: random_trees_embedding, Scaler: power, Fold: 2 - Exception: Sparse data was passed for X, but dense data is required. Use '.toarray()' to convert to a dense numpy array.",,,0.09942483901977539,0.0019168853759765625
algerian_forest_fires_46279,,,random_trees_embedding,power,HistGradientBoostingClassifier(random_state=0),3,,"Erro na combinação 399 - Imputer: None, Categorização: None, Seleção de Feature: random_trees_embedding, Scaler: power, Fold: 3 - Exception: Sparse data was passed for X, but dense data is required. Use '.toarray()' to convert to a dense numpy array.",,,0.09942483901977539,0.0019168853759765625
algerian_forest_fires_46279,,,random_trees_embedding,power,HistGradientBoostingClassifier(random_state=0),4,,"Erro na combinação 400 - Imputer: None, Categorização: None, Seleção de Feature: random_trees_embedding, Scaler: power, Fold: 4 - Exception: Sparse data was passed for X, but dense data is required. Use '.toarray()' to convert to a dense numpy array.",,,0.09942483901977539,0.0019168853759765625
algerian_forest_fires_46279,,,feature_agglomeration,power,HistGradientBoostingClassifier(random_state=0),0,0.8571428571428571,,,,0.08330869674682617,0.0019028186798095703
algerian_forest_fires_46279,,,feature_agglomeration,power,HistGradientBoostingClassifier(random_state=0),1,0.8979591836734694,,,,0.08376502990722656,0.0018429756164550781
algerian_forest_fires_46279,,,feature_agglomeration,power,HistGradientBoostingClassifier(random_state=0),2,0.8979591836734694,,,,0.08034753799438477,0.0017409324645996094
algerian_forest_fires_46279,,,feature_agglomeration,power,HistGradientBoostingClassifier(random_state=0),3,0.9375,,,,0.07307124137878418,0.0019800662994384766
algerian_forest_fires_46279,,,feature_agglomeration,power,HistGradientBoostingClassifier(random_state=0),4,0.9583333333333334,,,,0.07754373550415039,0.0016360282897949219
algerian_forest_fires_46279,,,extra_tree,power,HistGradientBoostingClassifier(random_state=0),0,0.9795918367346939,,,,0.09374403953552246,0.0021219253540039062
algerian_forest_fires_46279,,,extra_tree,power,HistGradientBoostingClassifier(random_state=0),1,0.9795918367346939,,,,0.08638119697570801,0.001810312271118164
algerian_forest_fires_46279,,,extra_tree,power,HistGradientBoostingClassifier(random_state=0),2,0.9795918367346939,,,,0.07967495918273926,0.0018243789672851562
algerian_forest_fires_46279,,,extra_tree,power,HistGradientBoostingClassifier(random_state=0),3,0.9583333333333334,,,,0.08995723724365234,0.0016210079193115234
algerian_forest_fires_46279,,,extra_tree,power,HistGradientBoostingClassifier(random_state=0),4,0.9375,,,,0.0852212905883789,0.0020999908447265625
algerian_forest_fires_46279,,,linear_svc,power,HistGradientBoostingClassifier(random_state=0),0,0.9795918367346939,,,,0.09908914566040039,0.0021181106567382812
algerian_forest_fires_46279,,,linear_svc,power,HistGradientBoostingClassifier(random_state=0),1,0.9795918367346939,,,,0.09320068359375,0.0020825862884521484
algerian_forest_fires_46279,,,linear_svc,power,HistGradientBoostingClassifier(random_state=0),2,0.9591836734693877,,,,0.08768606185913086,0.0017063617706298828
algerian_forest_fires_46279,,,linear_svc,power,HistGradientBoostingClassifier(random_state=0),3,0.9791666666666666,,,,0.08521127700805664,0.0016548633575439453
algerian_forest_fires_46279,,,linear_svc,power,HistGradientBoostingClassifier(random_state=0),4,0.9375,,,,0.08317112922668457,0.0017886161804199219
algerian_forest_fires_46279,,,kernel_pca,power,HistGradientBoostingClassifier(random_state=0),0,0.9183673469387755,,,,0.14252877235412598,0.0017604827880859375
algerian_forest_fires_46279,,,kernel_pca,power,HistGradientBoostingClassifier(random_state=0),1,0.9387755102040817,,,,0.13722658157348633,0.0020477771759033203
algerian_forest_fires_46279,,,kernel_pca,power,HistGradientBoostingClassifier(random_state=0),2,0.9183673469387755,,,,0.13312935829162598,0.002409696578979492
algerian_forest_fires_46279,,,kernel_pca,power,HistGradientBoostingClassifier(random_state=0),3,0.9791666666666666,,,,0.14309024810791016,0.0018024444580078125
algerian_forest_fires_46279,,,kernel_pca,power,HistGradientBoostingClassifier(random_state=0),4,0.9583333333333334,,,,0.13865399360656738,0.0023047924041748047
algerian_forest_fires_46279,,,,quantile,HistGradientBoostingClassifier(random_state=0),0,0.9795918367346939,,,,0.08657431602478027,0.0018684864044189453
algerian_forest_fires_46279,,,,quantile,HistGradientBoostingClassifier(random_state=0),1,0.9795918367346939,,,,0.10052299499511719,0.002117156982421875
algerian_forest_fires_46279,,,,quantile,HistGradientBoostingClassifier(random_state=0),2,0.9795918367346939,,,,0.0862736701965332,0.0016679763793945312
algerian_forest_fires_46279,,,,quantile,HistGradientBoostingClassifier(random_state=0),3,1.0,,,,0.09163928031921387,0.0018117427825927734
algerian_forest_fires_46279,,,,quantile,HistGradientBoostingClassifier(random_state=0),4,0.9583333333333334,,,,0.08831214904785156,0.0018374919891357422
algerian_forest_fires_46279,,,pca,quantile,HistGradientBoostingClassifier(random_state=0),0,0.9183673469387755,,,,0.09056258201599121,0.0019774436950683594
algerian_forest_fires_46279,,,pca,quantile,HistGradientBoostingClassifier(random_state=0),1,0.9387755102040817,,,,0.09319734573364258,0.002156496047973633
algerian_forest_fires_46279,,,pca,quantile,HistGradientBoostingClassifier(random_state=0),2,0.9387755102040817,,,,0.0900576114654541,0.001617431640625
algerian_forest_fires_46279,,,pca,quantile,HistGradientBoostingClassifier(random_state=0),3,0.9583333333333334,,,,0.08084440231323242,0.0016629695892333984
algerian_forest_fires_46279,,,pca,quantile,HistGradientBoostingClassifier(random_state=0),4,0.9375,,,,0.09541821479797363,0.002281665802001953
algerian_forest_fires_46279,,,fastica,quantile,HistGradientBoostingClassifier(random_state=0),0,0.6938775510204082,,,,0.08315539360046387,0.0016074180603027344
algerian_forest_fires_46279,,,fastica,quantile,HistGradientBoostingClassifier(random_state=0),1,0.8367346938775511,,,,0.09544157981872559,0.0022182464599609375
algerian_forest_fires_46279,,,fastica,quantile,HistGradientBoostingClassifier(random_state=0),2,0.8367346938775511,,,,0.08204436302185059,0.0017132759094238281
algerian_forest_fires_46279,,,fastica,quantile,HistGradientBoostingClassifier(random_state=0),3,0.8541666666666666,,,,0.07307815551757812,0.0015916824340820312
algerian_forest_fires_46279,,,fastica,quantile,HistGradientBoostingClassifier(random_state=0),4,0.875,,,,0.08217740058898926,0.001718282699584961
algerian_forest_fires_46279,,,truncated_svd,quantile,HistGradientBoostingClassifier(random_state=0),0,0.8775510204081632,,,,0.0819246768951416,0.002139568328857422
algerian_forest_fires_46279,,,truncated_svd,quantile,HistGradientBoostingClassifier(random_state=0),1,0.9183673469387755,,,,0.07613968849182129,0.0020928382873535156
algerian_forest_fires_46279,,,truncated_svd,quantile,HistGradientBoostingClassifier(random_state=0),2,0.8775510204081632,,,,0.07971000671386719,0.0016968250274658203
algerian_forest_fires_46279,,,truncated_svd,quantile,HistGradientBoostingClassifier(random_state=0),3,0.9166666666666666,,,,0.07308411598205566,0.0017733573913574219
algerian_forest_fires_46279,,,truncated_svd,quantile,HistGradientBoostingClassifier(random_state=0),4,0.9375,,,,0.0795440673828125,0.002042531967163086
algerian_forest_fires_46279,,,select_percentile,quantile,HistGradientBoostingClassifier(random_state=0),0,1.0,,,,0.08683443069458008,0.0021648406982421875
algerian_forest_fires_46279,,,select_percentile,quantile,HistGradientBoostingClassifier(random_state=0),1,0.9795918367346939,,,,0.08704948425292969,0.002367734909057617
algerian_forest_fires_46279,,,select_percentile,quantile,HistGradientBoostingClassifier(random_state=0),2,1.0,,,,0.08139729499816895,0.001836538314819336
algerian_forest_fires_46279,,,select_percentile,quantile,HistGradientBoostingClassifier(random_state=0),3,0.9791666666666666,,,,0.07965493202209473,0.0017402172088623047
algerian_forest_fires_46279,,,select_percentile,quantile,HistGradientBoostingClassifier(random_state=0),4,0.9375,,,,0.07989954948425293,0.0016791820526123047
algerian_forest_fires_46279,,,generic_univariate,quantile,HistGradientBoostingClassifier(random_state=0),0,0.9795918367346939,,,,0.07326483726501465,0.0024633407592773438
algerian_forest_fires_46279,,,generic_univariate,quantile,HistGradientBoostingClassifier(random_state=0),1,0.9795918367346939,,,,0.06733322143554688,0.0021865367889404297
algerian_forest_fires_46279,,,generic_univariate,quantile,HistGradientBoostingClassifier(random_state=0),2,0.9795918367346939,,,,0.07093644142150879,0.0016131401062011719
algerian_forest_fires_46279,,,generic_univariate,quantile,HistGradientBoostingClassifier(random_state=0),3,0.9375,,,,0.07152938842773438,0.0021240711212158203
algerian_forest_fires_46279,,,generic_univariate,quantile,HistGradientBoostingClassifier(random_state=0),4,0.9375,,,,0.10777139663696289,0.0021538734436035156
algerian_forest_fires_46279,,,polynomial_features,quantile,HistGradientBoostingClassifier(random_state=0),0,0.9795918367346939,,,,0.12241482734680176,0.0018417835235595703
algerian_forest_fires_46279,,,polynomial_features,quantile,HistGradientBoostingClassifier(random_state=0),1,0.9795918367346939,,,,0.12163925170898438,0.0020890235900878906
algerian_forest_fires_46279,,,polynomial_features,quantile,HistGradientBoostingClassifier(random_state=0),2,0.9795918367346939,,,,0.1219792366027832,0.002056598663330078
algerian_forest_fires_46279,,,polynomial_features,quantile,HistGradientBoostingClassifier(random_state=0),3,1.0,,,,0.11983919143676758,0.0015647411346435547
algerian_forest_fires_46279,,,polynomial_features,quantile,HistGradientBoostingClassifier(random_state=0),4,0.9583333333333334,,,,0.12203693389892578,0.0018191337585449219
algerian_forest_fires_46279,,,nystroem,quantile,HistGradientBoostingClassifier(random_state=0),0,0.8571428571428571,,,,0.12587571144104004,0.002221345901489258
algerian_forest_fires_46279,,,nystroem,quantile,HistGradientBoostingClassifier(random_state=0),1,0.9591836734693877,,,,0.15960288047790527,0.001781463623046875
algerian_forest_fires_46279,,,nystroem,quantile,HistGradientBoostingClassifier(random_state=0),2,0.8775510204081632,,,,0.14819979667663574,0.002174854278564453
algerian_forest_fires_46279,,,nystroem,quantile,HistGradientBoostingClassifier(random_state=0),3,0.9583333333333334,,,,0.14876675605773926,0.002218961715698242
algerian_forest_fires_46279,,,nystroem,quantile,HistGradientBoostingClassifier(random_state=0),4,0.9583333333333334,,,,0.12117290496826172,0.0018515586853027344
algerian_forest_fires_46279,,,rbf_sampler,quantile,HistGradientBoostingClassifier(random_state=0),0,0.9591836734693877,,,,0.10704159736633301,0.002092123031616211
algerian_forest_fires_46279,,,rbf_sampler,quantile,HistGradientBoostingClassifier(random_state=0),1,0.9795918367346939,,,,0.10172653198242188,0.0016715526580810547
algerian_forest_fires_46279,,,rbf_sampler,quantile,HistGradientBoostingClassifier(random_state=0),2,0.9795918367346939,,,,0.10886168479919434,0.0022618770599365234
algerian_forest_fires_46279,,,rbf_sampler,quantile,HistGradientBoostingClassifier(random_state=0),3,0.9583333333333334,,,,0.12217950820922852,0.0021791458129882812
algerian_forest_fires_46279,,,rbf_sampler,quantile,HistGradientBoostingClassifier(random_state=0),4,0.9166666666666666,,,,0.10915851593017578,0.0017426013946533203
algerian_forest_fires_46279,,,random_trees_embedding,quantile,HistGradientBoostingClassifier(random_state=0),0,,"Erro na combinação 466 - Imputer: None, Categorização: None, Seleção de Feature: random_trees_embedding, Scaler: quantile, Fold: 0 - Exception: Sparse data was passed for X, but dense data is required. Use '.toarray()' to convert to a dense numpy array.",,,0.10915851593017578,0.0017426013946533203
algerian_forest_fires_46279,,,random_trees_embedding,quantile,HistGradientBoostingClassifier(random_state=0),1,,"Erro na combinação 467 - Imputer: None, Categorização: None, Seleção de Feature: random_trees_embedding, Scaler: quantile, Fold: 1 - Exception: Sparse data was passed for X, but dense data is required. Use '.toarray()' to convert to a dense numpy array.",,,0.10915851593017578,0.0017426013946533203
algerian_forest_fires_46279,,,random_trees_embedding,quantile,HistGradientBoostingClassifier(random_state=0),2,,"Erro na combinação 468 - Imputer: None, Categorização: None, Seleção de Feature: random_trees_embedding, Scaler: quantile, Fold: 2 - Exception: Sparse data was passed for X, but dense data is required. Use '.toarray()' to convert to a dense numpy array.",,,0.10915851593017578,0.0017426013946533203
algerian_forest_fires_46279,,,random_trees_embedding,quantile,HistGradientBoostingClassifier(random_state=0),3,,"Erro na combinação 469 - Imputer: None, Categorização: None, Seleção de Feature: random_trees_embedding, Scaler: quantile, Fold: 3 - Exception: Sparse data was passed for X, but dense data is required. Use '.toarray()' to convert to a dense numpy array.",,,0.10915851593017578,0.0017426013946533203
algerian_forest_fires_46279,,,random_trees_embedding,quantile,HistGradientBoostingClassifier(random_state=0),4,,"Erro na combinação 470 - Imputer: None, Categorização: None, Seleção de Feature: random_trees_embedding, Scaler: quantile, Fold: 4 - Exception: Sparse data was passed for X, but dense data is required. Use '.toarray()' to convert to a dense numpy array.",,,0.10915851593017578,0.0017426013946533203
algerian_forest_fires_46279,,,feature_agglomeration,quantile,HistGradientBoostingClassifier(random_state=0),0,0.8367346938775511,,,,0.08264923095703125,0.0023164749145507812
algerian_forest_fires_46279,,,feature_agglomeration,quantile,HistGradientBoostingClassifier(random_state=0),1,0.8163265306122449,,,,0.09461402893066406,0.002122640609741211
algerian_forest_fires_46279,,,feature_agglomeration,quantile,HistGradientBoostingClassifier(random_state=0),2,0.8775510204081632,,,,0.08995747566223145,0.002225637435913086
algerian_forest_fires_46279,,,feature_agglomeration,quantile,HistGradientBoostingClassifier(random_state=0),3,0.9375,,,,1.0178718566894531,0.0021164417266845703
algerian_forest_fires_46279,,,feature_agglomeration,quantile,HistGradientBoostingClassifier(random_state=0),4,0.9375,,,,0.09888410568237305,0.0023326873779296875
algerian_forest_fires_46279,,,extra_tree,quantile,HistGradientBoostingClassifier(random_state=0),0,0.9795918367346939,,,,0.08945417404174805,0.0019659996032714844
algerian_forest_fires_46279,,,extra_tree,quantile,HistGradientBoostingClassifier(random_state=0),1,0.9795918367346939,,,,0.09216952323913574,0.0022308826446533203
algerian_forest_fires_46279,,,extra_tree,quantile,HistGradientBoostingClassifier(random_state=0),2,0.9795918367346939,,,,0.08767127990722656,0.0021514892578125
algerian_forest_fires_46279,,,extra_tree,quantile,HistGradientBoostingClassifier(random_state=0),3,0.9583333333333334,,,,0.09238243103027344,0.0016760826110839844
algerian_forest_fires_46279,,,extra_tree,quantile,HistGradientBoostingClassifier(random_state=0),4,0.9375,,,,0.09011244773864746,0.0024080276489257812
algerian_forest_fires_46279,,,linear_svc,quantile,HistGradientBoostingClassifier(random_state=0),0,1.0,,,,0.10670828819274902,0.002162933349609375
algerian_forest_fires_46279,,,linear_svc,quantile,HistGradientBoostingClassifier(random_state=0),1,0.9795918367346939,,,,0.08301520347595215,0.0017821788787841797
algerian_forest_fires_46279,,,linear_svc,quantile,HistGradientBoostingClassifier(random_state=0),2,1.0,,,,0.08093023300170898,0.0016353130340576172
algerian_forest_fires_46279,,,linear_svc,quantile,HistGradientBoostingClassifier(random_state=0),3,0.9791666666666666,,,,0.08811783790588379,0.0015363693237304688
algerian_forest_fires_46279,,,linear_svc,quantile,HistGradientBoostingClassifier(random_state=0),4,0.9583333333333334,,,,0.0769510269165039,0.0015795230865478516
algerian_forest_fires_46279,,,kernel_pca,quantile,HistGradientBoostingClassifier(random_state=0),0,0.9387755102040817,,,,0.17062163352966309,0.002283334732055664
algerian_forest_fires_46279,,,kernel_pca,quantile,HistGradientBoostingClassifier(random_state=0),1,0.9387755102040817,,,,0.14086508750915527,0.0021507740020751953
algerian_forest_fires_46279,,,kernel_pca,quantile,HistGradientBoostingClassifier(random_state=0),2,0.9183673469387755,,,,0.14518308639526367,0.0018298625946044922
algerian_forest_fires_46279,,,kernel_pca,quantile,HistGradientBoostingClassifier(random_state=0),3,0.9583333333333334,,,,0.08352470397949219,0.0016696453094482422
algerian_forest_fires_46279,,,kernel_pca,quantile,HistGradientBoostingClassifier(random_state=0),4,0.9375,,,,0.1354978084564209,0.0017478466033935547
algerian_forest_fires_46279,,onehot,,,HistGradientBoostingClassifier(random_state=0),0,0.9795918367346939,,,No using One Hot,0.0795292854309082,0.0028951168060302734
algerian_forest_fires_46279,,onehot,,,HistGradientBoostingClassifier(random_state=0),1,0.9795918367346939,,,No using One Hot,0.08347344398498535,0.0032122135162353516
algerian_forest_fires_46279,,onehot,,,HistGradientBoostingClassifier(random_state=0),2,0.9795918367346939,,,No using One Hot,0.09951400756835938,0.00324249267578125
algerian_forest_fires_46279,,onehot,,,HistGradientBoostingClassifier(random_state=0),3,1.0,,,No using One Hot,0.10223650932312012,0.003325939178466797
algerian_forest_fires_46279,,onehot,,,HistGradientBoostingClassifier(random_state=0),4,0.9583333333333334,,,No using One Hot,0.08343744277954102,0.0033578872680664062
algerian_forest_fires_46279,,onehot,pca,,HistGradientBoostingClassifier(random_state=0),0,0.8979591836734694,,,No using One Hot,0.0799868106842041,0.002200603485107422
algerian_forest_fires_46279,,onehot,pca,,HistGradientBoostingClassifier(random_state=0),1,0.9591836734693877,,,No using One Hot,0.08388376235961914,0.0016624927520751953
algerian_forest_fires_46279,,onehot,pca,,HistGradientBoostingClassifier(random_state=0),2,0.9183673469387755,,,No using One Hot,0.09378743171691895,0.002111673355102539
algerian_forest_fires_46279,,onehot,pca,,HistGradientBoostingClassifier(random_state=0),3,0.9583333333333334,,,No using One Hot,0.0913236141204834,0.0018646717071533203
algerian_forest_fires_46279,,onehot,pca,,HistGradientBoostingClassifier(random_state=0),4,0.9583333333333334,,,No using One Hot,0.07812023162841797,0.0019345283508300781
algerian_forest_fires_46279,,onehot,fastica,,HistGradientBoostingClassifier(random_state=0),0,0.673469387755102,,,No using One Hot,0.07526564598083496,0.0017080307006835938
algerian_forest_fires_46279,,onehot,fastica,,HistGradientBoostingClassifier(random_state=0),1,0.7551020408163265,,,No using One Hot,0.08249568939208984,0.002347707748413086
algerian_forest_fires_46279,,onehot,fastica,,HistGradientBoostingClassifier(random_state=0),2,0.8979591836734694,,,No using One Hot,0.07221865653991699,0.001898050308227539
algerian_forest_fires_46279,,onehot,fastica,,HistGradientBoostingClassifier(random_state=0),3,0.9166666666666666,,,No using One Hot,0.07267165184020996,0.0017998218536376953
algerian_forest_fires_46279,,onehot,fastica,,HistGradientBoostingClassifier(random_state=0),4,0.6041666666666666,,,No using One Hot,0.09662437438964844,0.002071380615234375
algerian_forest_fires_46279,,onehot,truncated_svd,,HistGradientBoostingClassifier(random_state=0),0,0.8571428571428571,,,No using One Hot,0.08360838890075684,0.0017080307006835938
algerian_forest_fires_46279,,onehot,truncated_svd,,HistGradientBoostingClassifier(random_state=0),1,0.7755102040816326,,,No using One Hot,0.07424569129943848,0.0016796588897705078
algerian_forest_fires_46279,,onehot,truncated_svd,,HistGradientBoostingClassifier(random_state=0),2,0.7959183673469388,,,No using One Hot,0.07163691520690918,0.002055644989013672
algerian_forest_fires_46279,,onehot,truncated_svd,,HistGradientBoostingClassifier(random_state=0),3,0.875,,,No using One Hot,0.07997417449951172,0.0018117427825927734
algerian_forest_fires_46279,,onehot,truncated_svd,,HistGradientBoostingClassifier(random_state=0),4,0.8958333333333334,,,No using One Hot,0.08648204803466797,0.002374410629272461
algerian_forest_fires_46279,,onehot,select_percentile,,HistGradientBoostingClassifier(random_state=0),0,1.0,,,No using One Hot,0.08077812194824219,0.002114534378051758
algerian_forest_fires_46279,,onehot,select_percentile,,HistGradientBoostingClassifier(random_state=0),1,0.9795918367346939,,,No using One Hot,0.08439207077026367,0.0021979808807373047
algerian_forest_fires_46279,,onehot,select_percentile,,HistGradientBoostingClassifier(random_state=0),2,1.0,,,No using One Hot,0.07979583740234375,0.0024950504302978516
algerian_forest_fires_46279,,onehot,select_percentile,,HistGradientBoostingClassifier(random_state=0),3,0.9791666666666666,,,No using One Hot,0.08087849617004395,0.0019164085388183594
algerian_forest_fires_46279,,onehot,select_percentile,,HistGradientBoostingClassifier(random_state=0),4,0.9375,,,No using One Hot,0.0748586654663086,0.0016252994537353516
algerian_forest_fires_46279,,onehot,generic_univariate,,HistGradientBoostingClassifier(random_state=0),0,0.9795918367346939,,,No using One Hot,0.06671500205993652,0.002027273178100586
algerian_forest_fires_46279,,onehot,generic_univariate,,HistGradientBoostingClassifier(random_state=0),1,0.9795918367346939,,,No using One Hot,0.06705498695373535,0.0021584033966064453
algerian_forest_fires_46279,,onehot,generic_univariate,,HistGradientBoostingClassifier(random_state=0),2,0.9795918367346939,,,No using One Hot,0.07831549644470215,0.002159595489501953
algerian_forest_fires_46279,,onehot,generic_univariate,,HistGradientBoostingClassifier(random_state=0),3,0.9583333333333334,,,No using One Hot,0.07128429412841797,0.0018303394317626953
algerian_forest_fires_46279,,onehot,generic_univariate,,HistGradientBoostingClassifier(random_state=0),4,0.9791666666666666,,,No using One Hot,0.07490754127502441,0.0017342567443847656
algerian_forest_fires_46279,,onehot,polynomial_features,,HistGradientBoostingClassifier(random_state=0),0,0.9591836734693877,,,No using One Hot,0.12178730964660645,0.001767873764038086
algerian_forest_fires_46279,,onehot,polynomial_features,,HistGradientBoostingClassifier(random_state=0),1,0.9795918367346939,,,No using One Hot,0.1072075366973877,0.001718759536743164
algerian_forest_fires_46279,,onehot,polynomial_features,,HistGradientBoostingClassifier(random_state=0),2,0.9795918367346939,,,No using One Hot,0.10455560684204102,0.00167083740234375
algerian_forest_fires_46279,,onehot,polynomial_features,,HistGradientBoostingClassifier(random_state=0),3,0.9791666666666666,,,No using One Hot,0.12181949615478516,0.0020456314086914062
algerian_forest_fires_46279,,onehot,polynomial_features,,HistGradientBoostingClassifier(random_state=0),4,0.9583333333333334,,,No using One Hot,0.11610913276672363,0.002193450927734375
algerian_forest_fires_46279,,onehot,nystroem,,HistGradientBoostingClassifier(random_state=0),0,0.8571428571428571,,,No using One Hot,0.11960911750793457,0.001833200454711914
algerian_forest_fires_46279,,onehot,nystroem,,HistGradientBoostingClassifier(random_state=0),1,0.8775510204081632,,,No using One Hot,0.14577245712280273,0.0022192001342773438
algerian_forest_fires_46279,,onehot,nystroem,,HistGradientBoostingClassifier(random_state=0),2,0.7346938775510204,,,No using One Hot,0.12703466415405273,0.0023310184478759766
algerian_forest_fires_46279,,onehot,nystroem,,HistGradientBoostingClassifier(random_state=0),3,0.8958333333333334,,,No using One Hot,0.12248015403747559,0.0020940303802490234
algerian_forest_fires_46279,,onehot,nystroem,,HistGradientBoostingClassifier(random_state=0),4,0.9583333333333334,,,No using One Hot,0.15442276000976562,0.0021114349365234375
algerian_forest_fires_46279,,onehot,rbf_sampler,,HistGradientBoostingClassifier(random_state=0),0,0.6326530612244898,,,No using One Hot,0.1092984676361084,0.001986265182495117
algerian_forest_fires_46279,,onehot,rbf_sampler,,HistGradientBoostingClassifier(random_state=0),1,0.5306122448979592,,,No using One Hot,0.11000680923461914,0.0022573471069335938
algerian_forest_fires_46279,,onehot,rbf_sampler,,HistGradientBoostingClassifier(random_state=0),2,0.6122448979591837,,,No using One Hot,0.11522603034973145,0.0021905899047851562
algerian_forest_fires_46279,,onehot,rbf_sampler,,HistGradientBoostingClassifier(random_state=0),3,0.6458333333333334,,,No using One Hot,0.11083459854125977,0.0019423961639404297
algerian_forest_fires_46279,,onehot,rbf_sampler,,HistGradientBoostingClassifier(random_state=0),4,0.4583333333333333,,,No using One Hot,0.11147284507751465,0.0021092891693115234
algerian_forest_fires_46279,,onehot,random_trees_embedding,,HistGradientBoostingClassifier(random_state=0),0,,"Erro na combinação 536 - Imputer: None, Categorização: onehot, Seleção de Feature: random_trees_embedding, Scaler: None, Fold: 0 - Exception: Sparse data was passed for X, but dense data is required. Use '.toarray()' to convert to a dense numpy array.",,No using One Hot,0.11147284507751465,0.0021092891693115234
algerian_forest_fires_46279,,onehot,random_trees_embedding,,HistGradientBoostingClassifier(random_state=0),1,,"Erro na combinação 537 - Imputer: None, Categorização: onehot, Seleção de Feature: random_trees_embedding, Scaler: None, Fold: 1 - Exception: Sparse data was passed for X, but dense data is required. Use '.toarray()' to convert to a dense numpy array.",,No using One Hot,0.11147284507751465,0.0021092891693115234
algerian_forest_fires_46279,,onehot,random_trees_embedding,,HistGradientBoostingClassifier(random_state=0),2,,"Erro na combinação 538 - Imputer: None, Categorização: onehot, Seleção de Feature: random_trees_embedding, Scaler: None, Fold: 2 - Exception: Sparse data was passed for X, but dense data is required. Use '.toarray()' to convert to a dense numpy array.",,No using One Hot,0.11147284507751465,0.0021092891693115234
algerian_forest_fires_46279,,onehot,random_trees_embedding,,HistGradientBoostingClassifier(random_state=0),3,,"Erro na combinação 539 - Imputer: None, Categorização: onehot, Seleção de Feature: random_trees_embedding, Scaler: None, Fold: 3 - Exception: Sparse data was passed for X, but dense data is required. Use '.toarray()' to convert to a dense numpy array.",,No using One Hot,0.11147284507751465,0.0021092891693115234
algerian_forest_fires_46279,,onehot,random_trees_embedding,,HistGradientBoostingClassifier(random_state=0),4,,"Erro na combinação 540 - Imputer: None, Categorização: onehot, Seleção de Feature: random_trees_embedding, Scaler: None, Fold: 4 - Exception: Sparse data was passed for X, but dense data is required. Use '.toarray()' to convert to a dense numpy array.",,No using One Hot,0.11147284507751465,0.0021092891693115234
algerian_forest_fires_46279,,onehot,feature_agglomeration,,HistGradientBoostingClassifier(random_state=0),0,0.7755102040816326,,,No using One Hot,0.08360505104064941,0.002176523208618164
algerian_forest_fires_46279,,onehot,feature_agglomeration,,HistGradientBoostingClassifier(random_state=0),1,0.8367346938775511,,,No using One Hot,0.09276819229125977,0.002301931381225586
algerian_forest_fires_46279,,onehot,feature_agglomeration,,HistGradientBoostingClassifier(random_state=0),2,0.8367346938775511,,,No using One Hot,0.08399415016174316,0.002225160598754883
algerian_forest_fires_46279,,onehot,feature_agglomeration,,HistGradientBoostingClassifier(random_state=0),3,0.8958333333333334,,,No using One Hot,0.08553791046142578,0.0020766258239746094
algerian_forest_fires_46279,,onehot,feature_agglomeration,,HistGradientBoostingClassifier(random_state=0),4,0.8333333333333334,,,No using One Hot,0.08316707611083984,0.0023424625396728516
algerian_forest_fires_46279,,onehot,extra_tree,,HistGradientBoostingClassifier(random_state=0),0,0.9795918367346939,,,No using One Hot,0.0780940055847168,0.0017511844635009766
algerian_forest_fires_46279,,onehot,extra_tree,,HistGradientBoostingClassifier(random_state=0),1,0.9795918367346939,,,No using One Hot,0.0910501480102539,0.0020530223846435547
algerian_forest_fires_46279,,onehot,extra_tree,,HistGradientBoostingClassifier(random_state=0),2,0.9795918367346939,,,No using One Hot,0.09477853775024414,0.002058267593383789
algerian_forest_fires_46279,,onehot,extra_tree,,HistGradientBoostingClassifier(random_state=0),3,0.9583333333333334,,,No using One Hot,0.08830904960632324,0.002389192581176758
algerian_forest_fires_46279,,onehot,extra_tree,,HistGradientBoostingClassifier(random_state=0),4,0.9375,,,No using One Hot,0.08970475196838379,0.0017962455749511719
algerian_forest_fires_46279,,onehot,linear_svc,,HistGradientBoostingClassifier(random_state=0),0,1.0,,,No using One Hot,0.07651662826538086,0.0017256736755371094
algerian_forest_fires_46279,,onehot,linear_svc,,HistGradientBoostingClassifier(random_state=0),1,0.9795918367346939,,,No using One Hot,0.10187387466430664,0.0021986961364746094
algerian_forest_fires_46279,,onehot,linear_svc,,HistGradientBoostingClassifier(random_state=0),2,0.9795918367346939,,,No using One Hot,0.07778310775756836,0.002267122268676758
algerian_forest_fires_46279,,onehot,linear_svc,,HistGradientBoostingClassifier(random_state=0),3,0.9791666666666666,,,No using One Hot,0.08538317680358887,0.002061128616333008
algerian_forest_fires_46279,,onehot,linear_svc,,HistGradientBoostingClassifier(random_state=0),4,0.9791666666666666,,,No using One Hot,0.07759547233581543,0.0017392635345458984
algerian_forest_fires_46279,,onehot,kernel_pca,,HistGradientBoostingClassifier(random_state=0),0,0.8979591836734694,,,No using One Hot,0.12187671661376953,0.0023488998413085938
algerian_forest_fires_46279,,onehot,kernel_pca,,HistGradientBoostingClassifier(random_state=0),1,0.9591836734693877,,,No using One Hot,0.14846587181091309,0.002180337905883789
algerian_forest_fires_46279,,onehot,kernel_pca,,HistGradientBoostingClassifier(random_state=0),2,0.9183673469387755,,,No using One Hot,0.1488475799560547,0.0022041797637939453
algerian_forest_fires_46279,,onehot,kernel_pca,,HistGradientBoostingClassifier(random_state=0),3,0.9791666666666666,,,No using One Hot,0.08400750160217285,0.001796722412109375
algerian_forest_fires_46279,,onehot,kernel_pca,,HistGradientBoostingClassifier(random_state=0),4,0.9583333333333334,,,No using One Hot,0.16023969650268555,0.001615285873413086
algerian_forest_fires_46279,,onehot,,standard,HistGradientBoostingClassifier(random_state=0),0,0.9795918367346939,,,No using One Hot,0.07337784767150879,0.0020143985748291016
algerian_forest_fires_46279,,onehot,,standard,HistGradientBoostingClassifier(random_state=0),1,0.9795918367346939,,,No using One Hot,0.09819316864013672,0.002103567123413086
algerian_forest_fires_46279,,onehot,,standard,HistGradientBoostingClassifier(random_state=0),2,0.9795918367346939,,,No using One Hot,0.09801530838012695,0.0021791458129882812
algerian_forest_fires_46279,,onehot,,standard,HistGradientBoostingClassifier(random_state=0),3,1.0,,,No using One Hot,0.09578180313110352,0.0016484260559082031
algerian_forest_fires_46279,,onehot,,standard,HistGradientBoostingClassifier(random_state=0),4,0.9583333333333334,,,No using One Hot,0.0849759578704834,0.0018262863159179688
algerian_forest_fires_46279,,onehot,pca,standard,HistGradientBoostingClassifier(random_state=0),0,0.8571428571428571,,,No using One Hot,0.09393692016601562,0.0021278858184814453
algerian_forest_fires_46279,,onehot,pca,standard,HistGradientBoostingClassifier(random_state=0),1,0.9387755102040817,,,No using One Hot,0.09128999710083008,0.0017442703247070312
algerian_forest_fires_46279,,onehot,pca,standard,HistGradientBoostingClassifier(random_state=0),2,0.9591836734693877,,,No using One Hot,0.08684992790222168,0.0017316341400146484
algerian_forest_fires_46279,,onehot,pca,standard,HistGradientBoostingClassifier(random_state=0),3,0.9791666666666666,,,No using One Hot,0.0825510025024414,0.0017402172088623047
algerian_forest_fires_46279,,onehot,pca,standard,HistGradientBoostingClassifier(random_state=0),4,0.9375,,,No using One Hot,0.08383846282958984,0.0018305778503417969
algerian_forest_fires_46279,,onehot,fastica,standard,HistGradientBoostingClassifier(random_state=0),0,0.7142857142857143,,,No using One Hot,0.08008623123168945,0.0017638206481933594
algerian_forest_fires_46279,,onehot,fastica,standard,HistGradientBoostingClassifier(random_state=0),1,0.6326530612244898,,,No using One Hot,0.08577823638916016,0.0018329620361328125
algerian_forest_fires_46279,,onehot,fastica,standard,HistGradientBoostingClassifier(random_state=0),2,0.7755102040816326,,,No using One Hot,0.07705569267272949,0.0016772747039794922
algerian_forest_fires_46279,,onehot,fastica,standard,HistGradientBoostingClassifier(random_state=0),3,0.9583333333333334,,,No using One Hot,0.07994723320007324,0.0015900135040283203
algerian_forest_fires_46279,,onehot,fastica,standard,HistGradientBoostingClassifier(random_state=0),4,0.7916666666666666,,,No using One Hot,0.08701944351196289,0.0019106864929199219
algerian_forest_fires_46279,,onehot,truncated_svd,standard,HistGradientBoostingClassifier(random_state=0),0,0.8571428571428571,,,No using One Hot,0.08105158805847168,0.002331972122192383
algerian_forest_fires_46279,,onehot,truncated_svd,standard,HistGradientBoostingClassifier(random_state=0),1,0.8163265306122449,,,No using One Hot,0.07797908782958984,0.0020728111267089844
algerian_forest_fires_46279,,onehot,truncated_svd,standard,HistGradientBoostingClassifier(random_state=0),2,0.8571428571428571,,,No using One Hot,0.07158017158508301,0.0017948150634765625
algerian_forest_fires_46279,,onehot,truncated_svd,standard,HistGradientBoostingClassifier(random_state=0),3,0.875,,,No using One Hot,0.08089399337768555,0.0018389225006103516
algerian_forest_fires_46279,,onehot,truncated_svd,standard,HistGradientBoostingClassifier(random_state=0),4,0.875,,,No using One Hot,0.08264374732971191,0.002155780792236328
algerian_forest_fires_46279,,onehot,select_percentile,standard,HistGradientBoostingClassifier(random_state=0),0,1.0,,,No using One Hot,0.0909726619720459,0.0021572113037109375
algerian_forest_fires_46279,,onehot,select_percentile,standard,HistGradientBoostingClassifier(random_state=0),1,0.9795918367346939,,,No using One Hot,0.09541201591491699,0.0016138553619384766
algerian_forest_fires_46279,,onehot,select_percentile,standard,HistGradientBoostingClassifier(random_state=0),2,1.0,,,No using One Hot,0.08756399154663086,0.0020914077758789062
algerian_forest_fires_46279,,onehot,select_percentile,standard,HistGradientBoostingClassifier(random_state=0),3,0.9791666666666666,,,No using One Hot,0.08350586891174316,0.0019152164459228516
algerian_forest_fires_46279,,onehot,select_percentile,standard,HistGradientBoostingClassifier(random_state=0),4,0.9375,,,No using One Hot,0.0843038558959961,0.0020935535430908203
algerian_forest_fires_46279,,onehot,generic_univariate,standard,HistGradientBoostingClassifier(random_state=0),0,0.9795918367346939,,,No using One Hot,0.07226395606994629,0.002210378646850586
algerian_forest_fires_46279,,onehot,generic_univariate,standard,HistGradientBoostingClassifier(random_state=0),1,0.9795918367346939,,,No using One Hot,0.07433700561523438,0.001882791519165039
algerian_forest_fires_46279,,onehot,generic_univariate,standard,HistGradientBoostingClassifier(random_state=0),2,0.9795918367346939,,,No using One Hot,0.06389808654785156,0.001653909683227539
algerian_forest_fires_46279,,onehot,generic_univariate,standard,HistGradientBoostingClassifier(random_state=0),3,0.9583333333333334,,,No using One Hot,0.061987876892089844,0.0021920204162597656
algerian_forest_fires_46279,,onehot,generic_univariate,standard,HistGradientBoostingClassifier(random_state=0),4,0.9791666666666666,,,No using One Hot,0.07041144371032715,0.0019881725311279297
algerian_forest_fires_46279,,onehot,polynomial_features,standard,HistGradientBoostingClassifier(random_state=0),0,0.9591836734693877,,,No using One Hot,0.11771631240844727,0.001798868179321289
algerian_forest_fires_46279,,onehot,polynomial_features,standard,HistGradientBoostingClassifier(random_state=0),1,0.9795918367346939,,,No using One Hot,0.11617827415466309,0.0017228126525878906
algerian_forest_fires_46279,,onehot,polynomial_features,standard,HistGradientBoostingClassifier(random_state=0),2,0.9795918367346939,,,No using One Hot,0.12331676483154297,0.0017485618591308594
algerian_forest_fires_46279,,onehot,polynomial_features,standard,HistGradientBoostingClassifier(random_state=0),3,0.9583333333333334,,,No using One Hot,0.11537313461303711,0.001657247543334961
algerian_forest_fires_46279,,onehot,polynomial_features,standard,HistGradientBoostingClassifier(random_state=0),4,0.9375,,,No using One Hot,0.11198949813842773,0.001668691635131836
algerian_forest_fires_46279,,onehot,nystroem,standard,HistGradientBoostingClassifier(random_state=0),0,0.8979591836734694,,,No using One Hot,0.1321418285369873,0.0019898414611816406
algerian_forest_fires_46279,,onehot,nystroem,standard,HistGradientBoostingClassifier(random_state=0),1,0.9387755102040817,,,No using One Hot,0.15186333656311035,0.0017638206481933594
algerian_forest_fires_46279,,onehot,nystroem,standard,HistGradientBoostingClassifier(random_state=0),2,0.8979591836734694,,,No using One Hot,0.16371893882751465,0.002079010009765625
algerian_forest_fires_46279,,onehot,nystroem,standard,HistGradientBoostingClassifier(random_state=0),3,0.9583333333333334,,,No using One Hot,0.1737689971923828,0.0017342567443847656
algerian_forest_fires_46279,,onehot,nystroem,standard,HistGradientBoostingClassifier(random_state=0),4,0.9375,,,No using One Hot,0.16940855979919434,0.0021436214447021484
algerian_forest_fires_46279,,onehot,rbf_sampler,standard,HistGradientBoostingClassifier(random_state=0),0,0.7142857142857143,,,No using One Hot,0.10467243194580078,0.001661062240600586
algerian_forest_fires_46279,,onehot,rbf_sampler,standard,HistGradientBoostingClassifier(random_state=0),1,0.7755102040816326,,,No using One Hot,0.10818147659301758,0.002089262008666992
algerian_forest_fires_46279,,onehot,rbf_sampler,standard,HistGradientBoostingClassifier(random_state=0),2,0.7142857142857143,,,No using One Hot,0.09725046157836914,0.001604318618774414
algerian_forest_fires_46279,,onehot,rbf_sampler,standard,HistGradientBoostingClassifier(random_state=0),3,0.7708333333333334,,,No using One Hot,0.10437917709350586,0.0022389888763427734
algerian_forest_fires_46279,,onehot,rbf_sampler,standard,HistGradientBoostingClassifier(random_state=0),4,0.7083333333333334,,,No using One Hot,0.10439252853393555,0.0016257762908935547
algerian_forest_fires_46279,,onehot,random_trees_embedding,standard,HistGradientBoostingClassifier(random_state=0),0,,"Erro na combinação 606 - Imputer: None, Categorização: onehot, Seleção de Feature: random_trees_embedding, Scaler: standard, Fold: 0 - Exception: Sparse data was passed for X, but dense data is required. Use '.toarray()' to convert to a dense numpy array.",,No using One Hot,0.10439252853393555,0.0016257762908935547
algerian_forest_fires_46279,,onehot,random_trees_embedding,standard,HistGradientBoostingClassifier(random_state=0),1,,"Erro na combinação 607 - Imputer: None, Categorização: onehot, Seleção de Feature: random_trees_embedding, Scaler: standard, Fold: 1 - Exception: Sparse data was passed for X, but dense data is required. Use '.toarray()' to convert to a dense numpy array.",,No using One Hot,0.10439252853393555,0.0016257762908935547
algerian_forest_fires_46279,,onehot,random_trees_embedding,standard,HistGradientBoostingClassifier(random_state=0),2,,"Erro na combinação 608 - Imputer: None, Categorização: onehot, Seleção de Feature: random_trees_embedding, Scaler: standard, Fold: 2 - Exception: Sparse data was passed for X, but dense data is required. Use '.toarray()' to convert to a dense numpy array.",,No using One Hot,0.10439252853393555,0.0016257762908935547
algerian_forest_fires_46279,,onehot,random_trees_embedding,standard,HistGradientBoostingClassifier(random_state=0),3,,"Erro na combinação 609 - Imputer: None, Categorização: onehot, Seleção de Feature: random_trees_embedding, Scaler: standard, Fold: 3 - Exception: Sparse data was passed for X, but dense data is required. Use '.toarray()' to convert to a dense numpy array.",,No using One Hot,0.10439252853393555,0.0016257762908935547
algerian_forest_fires_46279,,onehot,random_trees_embedding,standard,HistGradientBoostingClassifier(random_state=0),4,,"Erro na combinação 610 - Imputer: None, Categorização: onehot, Seleção de Feature: random_trees_embedding, Scaler: standard, Fold: 4 - Exception: Sparse data was passed for X, but dense data is required. Use '.toarray()' to convert to a dense numpy array.",,No using One Hot,0.10439252853393555,0.0016257762908935547
algerian_forest_fires_46279,,onehot,feature_agglomeration,standard,HistGradientBoostingClassifier(random_state=0),0,0.8163265306122449,,,No using One Hot,0.08305788040161133,0.002118349075317383
algerian_forest_fires_46279,,onehot,feature_agglomeration,standard,HistGradientBoostingClassifier(random_state=0),1,0.8163265306122449,,,No using One Hot,0.07900547981262207,0.0017352104187011719
algerian_forest_fires_46279,,onehot,feature_agglomeration,standard,HistGradientBoostingClassifier(random_state=0),2,0.8979591836734694,,,No using One Hot,0.08513450622558594,0.0020682811737060547
algerian_forest_fires_46279,,onehot,feature_agglomeration,standard,HistGradientBoostingClassifier(random_state=0),3,0.8958333333333334,,,No using One Hot,0.08062601089477539,0.0018453598022460938
algerian_forest_fires_46279,,onehot,feature_agglomeration,standard,HistGradientBoostingClassifier(random_state=0),4,0.8333333333333334,,,No using One Hot,0.07427597045898438,0.0018336772918701172
algerian_forest_fires_46279,,onehot,extra_tree,standard,HistGradientBoostingClassifier(random_state=0),0,0.9795918367346939,,,No using One Hot,0.0920875072479248,0.0017447471618652344
algerian_forest_fires_46279,,onehot,extra_tree,standard,HistGradientBoostingClassifier(random_state=0),1,0.9795918367346939,,,No using One Hot,0.08384466171264648,0.0017142295837402344
algerian_forest_fires_46279,,onehot,extra_tree,standard,HistGradientBoostingClassifier(random_state=0),2,0.9795918367346939,,,No using One Hot,0.08629822731018066,0.0016932487487792969
algerian_forest_fires_46279,,onehot,extra_tree,standard,HistGradientBoostingClassifier(random_state=0),3,0.9583333333333334,,,No using One Hot,0.08968591690063477,0.002051830291748047
algerian_forest_fires_46279,,onehot,extra_tree,standard,HistGradientBoostingClassifier(random_state=0),4,0.9375,,,No using One Hot,0.08052349090576172,0.00179290771484375
algerian_forest_fires_46279,,onehot,linear_svc,standard,HistGradientBoostingClassifier(random_state=0),0,1.0,,,No using One Hot,0.08432650566101074,0.002192974090576172
algerian_forest_fires_46279,,onehot,linear_svc,standard,HistGradientBoostingClassifier(random_state=0),1,0.9795918367346939,,,No using One Hot,0.08686232566833496,0.0025026798248291016
algerian_forest_fires_46279,,onehot,linear_svc,standard,HistGradientBoostingClassifier(random_state=0),2,0.9591836734693877,,,No using One Hot,0.08632707595825195,0.002176523208618164
algerian_forest_fires_46279,,onehot,linear_svc,standard,HistGradientBoostingClassifier(random_state=0),3,1.0,,,No using One Hot,0.0843973159790039,0.002130746841430664
algerian_forest_fires_46279,,onehot,linear_svc,standard,HistGradientBoostingClassifier(random_state=0),4,0.9375,,,No using One Hot,0.08197379112243652,0.0021097660064697266
algerian_forest_fires_46279,,onehot,kernel_pca,standard,HistGradientBoostingClassifier(random_state=0),0,0.8775510204081632,,,No using One Hot,0.1328725814819336,0.0016624927520751953
algerian_forest_fires_46279,,onehot,kernel_pca,standard,HistGradientBoostingClassifier(random_state=0),1,0.9387755102040817,,,No using One Hot,0.137833833694458,0.0021712779998779297
algerian_forest_fires_46279,,onehot,kernel_pca,standard,HistGradientBoostingClassifier(random_state=0),2,0.9387755102040817,,,No using One Hot,0.14004158973693848,0.001847982406616211
algerian_forest_fires_46279,,onehot,kernel_pca,standard,HistGradientBoostingClassifier(random_state=0),3,1.0,,,No using One Hot,0.08730840682983398,0.0021986961364746094
algerian_forest_fires_46279,,onehot,kernel_pca,standard,HistGradientBoostingClassifier(random_state=0),4,0.9375,,,No using One Hot,0.11332416534423828,0.0021140575408935547
algerian_forest_fires_46279,,onehot,,minmax,HistGradientBoostingClassifier(random_state=0),0,0.9795918367346939,,,No using One Hot,0.09192657470703125,0.0020723342895507812
algerian_forest_fires_46279,,onehot,,minmax,HistGradientBoostingClassifier(random_state=0),1,0.9795918367346939,,,No using One Hot,0.09508991241455078,0.0016748905181884766
algerian_forest_fires_46279,,onehot,,minmax,HistGradientBoostingClassifier(random_state=0),2,0.9795918367346939,,,No using One Hot,0.0876626968383789,0.0016872882843017578
algerian_forest_fires_46279,,onehot,,minmax,HistGradientBoostingClassifier(random_state=0),3,1.0,,,No using One Hot,0.09089231491088867,0.0018208026885986328
algerian_forest_fires_46279,,onehot,,minmax,HistGradientBoostingClassifier(random_state=0),4,0.9583333333333334,,,No using One Hot,0.08148407936096191,0.002122640609741211
algerian_forest_fires_46279,,onehot,pca,minmax,HistGradientBoostingClassifier(random_state=0),0,0.9183673469387755,,,No using One Hot,0.08642220497131348,0.0016565322875976562
algerian_forest_fires_46279,,onehot,pca,minmax,HistGradientBoostingClassifier(random_state=0),1,0.9387755102040817,,,No using One Hot,0.08472561836242676,0.002209186553955078
algerian_forest_fires_46279,,onehot,pca,minmax,HistGradientBoostingClassifier(random_state=0),2,0.9183673469387755,,,No using One Hot,0.09110331535339355,0.0021080970764160156
algerian_forest_fires_46279,,onehot,pca,minmax,HistGradientBoostingClassifier(random_state=0),3,0.9583333333333334,,,No using One Hot,0.08043718338012695,0.0019614696502685547
algerian_forest_fires_46279,,onehot,pca,minmax,HistGradientBoostingClassifier(random_state=0),4,0.9583333333333334,,,No using One Hot,0.07864713668823242,0.0018448829650878906
algerian_forest_fires_46279,,onehot,fastica,minmax,HistGradientBoostingClassifier(random_state=0),0,0.8163265306122449,,,No using One Hot,0.08162307739257812,0.0016748905181884766
algerian_forest_fires_46279,,onehot,fastica,minmax,HistGradientBoostingClassifier(random_state=0),1,0.8571428571428571,,,No using One Hot,0.07876968383789062,0.0021576881408691406
algerian_forest_fires_46279,,onehot,fastica,minmax,HistGradientBoostingClassifier(random_state=0),2,0.7551020408163265,,,No using One Hot,0.07326865196228027,0.001611948013305664
algerian_forest_fires_46279,,onehot,fastica,minmax,HistGradientBoostingClassifier(random_state=0),3,0.8958333333333334,,,No using One Hot,0.08873486518859863,0.0020754337310791016
algerian_forest_fires_46279,,onehot,fastica,minmax,HistGradientBoostingClassifier(random_state=0),4,0.8958333333333334,,,No using One Hot,0.07576155662536621,0.0016603469848632812
algerian_forest_fires_46279,,onehot,truncated_svd,minmax,HistGradientBoostingClassifier(random_state=0),0,0.8163265306122449,,,No using One Hot,0.0859231948852539,0.0023479461669921875
algerian_forest_fires_46279,,onehot,truncated_svd,minmax,HistGradientBoostingClassifier(random_state=0),1,0.8571428571428571,,,No using One Hot,0.08690142631530762,0.0021767616271972656
algerian_forest_fires_46279,,onehot,truncated_svd,minmax,HistGradientBoostingClassifier(random_state=0),2,0.8367346938775511,,,No using One Hot,0.08008003234863281,0.002229928970336914
algerian_forest_fires_46279,,onehot,truncated_svd,minmax,HistGradientBoostingClassifier(random_state=0),3,0.8541666666666666,,,No using One Hot,0.08673501014709473,0.0021064281463623047
algerian_forest_fires_46279,,onehot,truncated_svd,minmax,HistGradientBoostingClassifier(random_state=0),4,0.8541666666666666,,,No using One Hot,0.08057188987731934,0.0023810863494873047
algerian_forest_fires_46279,,onehot,select_percentile,minmax,HistGradientBoostingClassifier(random_state=0),0,1.0,,,No using One Hot,0.08186817169189453,0.001875162124633789
algerian_forest_fires_46279,,onehot,select_percentile,minmax,HistGradientBoostingClassifier(random_state=0),1,0.9795918367346939,,,No using One Hot,0.07338380813598633,0.0017311573028564453
algerian_forest_fires_46279,,onehot,select_percentile,minmax,HistGradientBoostingClassifier(random_state=0),2,1.0,,,No using One Hot,0.09025335311889648,0.0021867752075195312
algerian_forest_fires_46279,,onehot,select_percentile,minmax,HistGradientBoostingClassifier(random_state=0),3,0.9791666666666666,,,No using One Hot,0.07370352745056152,0.0016202926635742188
algerian_forest_fires_46279,,onehot,select_percentile,minmax,HistGradientBoostingClassifier(random_state=0),4,0.9375,,,No using One Hot,0.08185458183288574,0.001848459243774414
algerian_forest_fires_46279,,onehot,generic_univariate,minmax,HistGradientBoostingClassifier(random_state=0),0,0.9795918367346939,,,No using One Hot,0.0709390640258789,0.0018532276153564453
algerian_forest_fires_46279,,onehot,generic_univariate,minmax,HistGradientBoostingClassifier(random_state=0),1,0.9795918367346939,,,No using One Hot,0.07025575637817383,0.001988649368286133
algerian_forest_fires_46279,,onehot,generic_univariate,minmax,HistGradientBoostingClassifier(random_state=0),2,0.9795918367346939,,,No using One Hot,0.07529258728027344,0.0017414093017578125
algerian_forest_fires_46279,,onehot,generic_univariate,minmax,HistGradientBoostingClassifier(random_state=0),3,0.9583333333333334,,,No using One Hot,0.0664529800415039,0.001668691635131836
algerian_forest_fires_46279,,onehot,generic_univariate,minmax,HistGradientBoostingClassifier(random_state=0),4,0.9791666666666666,,,No using One Hot,0.06982135772705078,0.0017137527465820312
algerian_forest_fires_46279,,onehot,polynomial_features,minmax,HistGradientBoostingClassifier(random_state=0),0,0.9591836734693877,,,No using One Hot,0.11209535598754883,0.0019350051879882812
algerian_forest_fires_46279,,onehot,polynomial_features,minmax,HistGradientBoostingClassifier(random_state=0),1,0.9795918367346939,,,No using One Hot,0.12149286270141602,0.002081632614135742
algerian_forest_fires_46279,,onehot,polynomial_features,minmax,HistGradientBoostingClassifier(random_state=0),2,0.9795918367346939,,,No using One Hot,0.11959242820739746,0.002257823944091797
algerian_forest_fires_46279,,onehot,polynomial_features,minmax,HistGradientBoostingClassifier(random_state=0),3,1.0,,,No using One Hot,0.12002348899841309,0.002028226852416992
algerian_forest_fires_46279,,onehot,polynomial_features,minmax,HistGradientBoostingClassifier(random_state=0),4,0.9583333333333334,,,No using One Hot,0.1070261001586914,0.002065896987915039
algerian_forest_fires_46279,,onehot,nystroem,minmax,HistGradientBoostingClassifier(random_state=0),0,0.8979591836734694,,,No using One Hot,0.1520073413848877,0.0020835399627685547
algerian_forest_fires_46279,,onehot,nystroem,minmax,HistGradientBoostingClassifier(random_state=0),1,0.9387755102040817,,,No using One Hot,0.1481943130493164,0.0019168853759765625
algerian_forest_fires_46279,,onehot,nystroem,minmax,HistGradientBoostingClassifier(random_state=0),2,0.9387755102040817,,,No using One Hot,0.14488935470581055,0.0021331310272216797
algerian_forest_fires_46279,,onehot,nystroem,minmax,HistGradientBoostingClassifier(random_state=0),3,0.9583333333333334,,,No using One Hot,0.1645965576171875,0.0017979145050048828
algerian_forest_fires_46279,,onehot,nystroem,minmax,HistGradientBoostingClassifier(random_state=0),4,0.9375,,,No using One Hot,0.14990234375,0.002086162567138672
algerian_forest_fires_46279,,onehot,rbf_sampler,minmax,HistGradientBoostingClassifier(random_state=0),0,0.9795918367346939,,,No using One Hot,0.11508893966674805,0.0017902851104736328
algerian_forest_fires_46279,,onehot,rbf_sampler,minmax,HistGradientBoostingClassifier(random_state=0),1,1.0,,,No using One Hot,0.1105964183807373,0.0018339157104492188
algerian_forest_fires_46279,,onehot,rbf_sampler,minmax,HistGradientBoostingClassifier(random_state=0),2,0.9387755102040817,,,No using One Hot,0.10779714584350586,0.002368927001953125
algerian_forest_fires_46279,,onehot,rbf_sampler,minmax,HistGradientBoostingClassifier(random_state=0),3,0.9583333333333334,,,No using One Hot,0.1009361743927002,0.0021708011627197266
algerian_forest_fires_46279,,onehot,rbf_sampler,minmax,HistGradientBoostingClassifier(random_state=0),4,0.9375,,,No using One Hot,0.10966801643371582,0.0021414756774902344
algerian_forest_fires_46279,,onehot,random_trees_embedding,minmax,HistGradientBoostingClassifier(random_state=0),0,,"Erro na combinação 676 - Imputer: None, Categorização: onehot, Seleção de Feature: random_trees_embedding, Scaler: minmax, Fold: 0 - Exception: Sparse data was passed for X, but dense data is required. Use '.toarray()' to convert to a dense numpy array.",,No using One Hot,0.10966801643371582,0.0021414756774902344
algerian_forest_fires_46279,,onehot,random_trees_embedding,minmax,HistGradientBoostingClassifier(random_state=0),1,,"Erro na combinação 677 - Imputer: None, Categorização: onehot, Seleção de Feature: random_trees_embedding, Scaler: minmax, Fold: 1 - Exception: Sparse data was passed for X, but dense data is required. Use '.toarray()' to convert to a dense numpy array.",,No using One Hot,0.10966801643371582,0.0021414756774902344
algerian_forest_fires_46279,,onehot,random_trees_embedding,minmax,HistGradientBoostingClassifier(random_state=0),2,,"Erro na combinação 678 - Imputer: None, Categorização: onehot, Seleção de Feature: random_trees_embedding, Scaler: minmax, Fold: 2 - Exception: Sparse data was passed for X, but dense data is required. Use '.toarray()' to convert to a dense numpy array.",,No using One Hot,0.10966801643371582,0.0021414756774902344
algerian_forest_fires_46279,,onehot,random_trees_embedding,minmax,HistGradientBoostingClassifier(random_state=0),3,,"Erro na combinação 679 - Imputer: None, Categorização: onehot, Seleção de Feature: random_trees_embedding, Scaler: minmax, Fold: 3 - Exception: Sparse data was passed for X, but dense data is required. Use '.toarray()' to convert to a dense numpy array.",,No using One Hot,0.10966801643371582,0.0021414756774902344
algerian_forest_fires_46279,,onehot,random_trees_embedding,minmax,HistGradientBoostingClassifier(random_state=0),4,,"Erro na combinação 680 - Imputer: None, Categorização: onehot, Seleção de Feature: random_trees_embedding, Scaler: minmax, Fold: 4 - Exception: Sparse data was passed for X, but dense data is required. Use '.toarray()' to convert to a dense numpy array.",,No using One Hot,0.10966801643371582,0.0021414756774902344
algerian_forest_fires_46279,,onehot,feature_agglomeration,minmax,HistGradientBoostingClassifier(random_state=0),0,0.8367346938775511,,,No using One Hot,0.08260083198547363,0.002125263214111328
algerian_forest_fires_46279,,onehot,feature_agglomeration,minmax,HistGradientBoostingClassifier(random_state=0),1,0.8979591836734694,,,No using One Hot,0.08686017990112305,0.0022187232971191406
algerian_forest_fires_46279,,onehot,feature_agglomeration,minmax,HistGradientBoostingClassifier(random_state=0),2,0.8571428571428571,,,No using One Hot,0.0745384693145752,0.0015769004821777344
algerian_forest_fires_46279,,onehot,feature_agglomeration,minmax,HistGradientBoostingClassifier(random_state=0),3,0.8333333333333334,,,No using One Hot,0.08075261116027832,0.0018091201782226562
algerian_forest_fires_46279,,onehot,feature_agglomeration,minmax,HistGradientBoostingClassifier(random_state=0),4,0.9166666666666666,,,No using One Hot,0.08197951316833496,0.002112865447998047
algerian_forest_fires_46279,,onehot,extra_tree,minmax,HistGradientBoostingClassifier(random_state=0),0,0.9795918367346939,,,No using One Hot,0.09840083122253418,0.002279520034790039
algerian_forest_fires_46279,,onehot,extra_tree,minmax,HistGradientBoostingClassifier(random_state=0),1,0.9795918367346939,,,No using One Hot,0.08124089241027832,0.0018928050994873047
algerian_forest_fires_46279,,onehot,extra_tree,minmax,HistGradientBoostingClassifier(random_state=0),2,0.9795918367346939,,,No using One Hot,0.08974003791809082,0.0021104812622070312
algerian_forest_fires_46279,,onehot,extra_tree,minmax,HistGradientBoostingClassifier(random_state=0),3,0.9583333333333334,,,No using One Hot,0.09604454040527344,0.0021805763244628906
algerian_forest_fires_46279,,onehot,extra_tree,minmax,HistGradientBoostingClassifier(random_state=0),4,0.9375,,,No using One Hot,0.07834553718566895,0.0021173954010009766
algerian_forest_fires_46279,,onehot,linear_svc,minmax,HistGradientBoostingClassifier(random_state=0),0,1.0,,,No using One Hot,0.09281802177429199,0.0020897388458251953
algerian_forest_fires_46279,,onehot,linear_svc,minmax,HistGradientBoostingClassifier(random_state=0),1,0.9795918367346939,,,No using One Hot,0.091522216796875,0.001955270767211914
algerian_forest_fires_46279,,onehot,linear_svc,minmax,HistGradientBoostingClassifier(random_state=0),2,0.9795918367346939,,,No using One Hot,0.09220623970031738,0.002226114273071289
algerian_forest_fires_46279,,onehot,linear_svc,minmax,HistGradientBoostingClassifier(random_state=0),3,0.9791666666666666,,,No using One Hot,0.09726953506469727,0.0017170906066894531
algerian_forest_fires_46279,,onehot,linear_svc,minmax,HistGradientBoostingClassifier(random_state=0),4,0.9375,,,No using One Hot,0.08626770973205566,0.0021104812622070312
algerian_forest_fires_46279,,onehot,kernel_pca,minmax,HistGradientBoostingClassifier(random_state=0),0,0.9183673469387755,,,No using One Hot,0.13132214546203613,0.0017855167388916016
algerian_forest_fires_46279,,onehot,kernel_pca,minmax,HistGradientBoostingClassifier(random_state=0),1,0.9591836734693877,,,No using One Hot,1.074894905090332,0.002106904983520508
algerian_forest_fires_46279,,onehot,kernel_pca,minmax,HistGradientBoostingClassifier(random_state=0),2,0.8979591836734694,,,No using One Hot,0.13666319847106934,0.002381563186645508
algerian_forest_fires_46279,,onehot,kernel_pca,minmax,HistGradientBoostingClassifier(random_state=0),3,0.9583333333333334,,,No using One Hot,0.13482975959777832,0.0022170543670654297
algerian_forest_fires_46279,,onehot,kernel_pca,minmax,HistGradientBoostingClassifier(random_state=0),4,0.9375,,,No using One Hot,0.12706708908081055,0.0019474029541015625
algerian_forest_fires_46279,,onehot,,robust,HistGradientBoostingClassifier(random_state=0),0,0.9795918367346939,,,No using One Hot,0.07988142967224121,0.0016167163848876953
algerian_forest_fires_46279,,onehot,,robust,HistGradientBoostingClassifier(random_state=0),1,0.9795918367346939,,,No using One Hot,0.10022521018981934,0.0016620159149169922
algerian_forest_fires_46279,,onehot,,robust,HistGradientBoostingClassifier(random_state=0),2,0.9795918367346939,,,No using One Hot,0.08747124671936035,0.002149820327758789
algerian_forest_fires_46279,,onehot,,robust,HistGradientBoostingClassifier(random_state=0),3,1.0,,,No using One Hot,0.10172247886657715,0.0023560523986816406
algerian_forest_fires_46279,,onehot,,robust,HistGradientBoostingClassifier(random_state=0),4,0.9583333333333334,,,No using One Hot,0.08885550498962402,0.0015897750854492188
algerian_forest_fires_46279,,onehot,pca,robust,HistGradientBoostingClassifier(random_state=0),0,0.8571428571428571,,,No using One Hot,0.08224010467529297,0.0016713142395019531
algerian_forest_fires_46279,,onehot,pca,robust,HistGradientBoostingClassifier(random_state=0),1,0.9795918367346939,,,No using One Hot,0.09145116806030273,0.0020411014556884766
algerian_forest_fires_46279,,onehot,pca,robust,HistGradientBoostingClassifier(random_state=0),2,0.8775510204081632,,,No using One Hot,0.08033299446105957,0.0018525123596191406
algerian_forest_fires_46279,,onehot,pca,robust,HistGradientBoostingClassifier(random_state=0),3,0.9166666666666666,,,No using One Hot,0.08951449394226074,0.0020551681518554688
algerian_forest_fires_46279,,onehot,pca,robust,HistGradientBoostingClassifier(random_state=0),4,0.9166666666666666,,,No using One Hot,0.07753992080688477,0.0016412734985351562
algerian_forest_fires_46279,,onehot,fastica,robust,HistGradientBoostingClassifier(random_state=0),0,0.8163265306122449,,,No using One Hot,0.082122802734375,0.0023734569549560547
algerian_forest_fires_46279,,onehot,fastica,robust,HistGradientBoostingClassifier(random_state=0),1,0.6326530612244898,,,No using One Hot,0.08399295806884766,0.002123594284057617
algerian_forest_fires_46279,,onehot,fastica,robust,HistGradientBoostingClassifier(random_state=0),2,0.5510204081632653,,,No using One Hot,0.08029627799987793,0.002008199691772461
algerian_forest_fires_46279,,onehot,fastica,robust,HistGradientBoostingClassifier(random_state=0),3,0.875,,,No using One Hot,0.07596874237060547,0.002277851104736328
algerian_forest_fires_46279,,onehot,fastica,robust,HistGradientBoostingClassifier(random_state=0),4,0.9166666666666666,,,No using One Hot,0.08180642127990723,0.0017194747924804688
algerian_forest_fires_46279,,onehot,truncated_svd,robust,HistGradientBoostingClassifier(random_state=0),0,0.8367346938775511,,,No using One Hot,0.08741974830627441,0.0021409988403320312
algerian_forest_fires_46279,,onehot,truncated_svd,robust,HistGradientBoostingClassifier(random_state=0),1,0.8979591836734694,,,No using One Hot,0.0810251235961914,0.001745462417602539
algerian_forest_fires_46279,,onehot,truncated_svd,robust,HistGradientBoostingClassifier(random_state=0),2,0.8571428571428571,,,No using One Hot,0.07978320121765137,0.0020117759704589844
algerian_forest_fires_46279,,onehot,truncated_svd,robust,HistGradientBoostingClassifier(random_state=0),3,0.8958333333333334,,,No using One Hot,0.0881497859954834,0.0019958019256591797
algerian_forest_fires_46279,,onehot,truncated_svd,robust,HistGradientBoostingClassifier(random_state=0),4,0.9375,,,No using One Hot,0.07295680046081543,0.0021572113037109375
algerian_forest_fires_46279,,onehot,select_percentile,robust,HistGradientBoostingClassifier(random_state=0),0,1.0,,,No using One Hot,0.09161210060119629,0.0018188953399658203
algerian_forest_fires_46279,,onehot,select_percentile,robust,HistGradientBoostingClassifier(random_state=0),1,0.9795918367346939,,,No using One Hot,0.07653403282165527,0.00209808349609375
algerian_forest_fires_46279,,onehot,select_percentile,robust,HistGradientBoostingClassifier(random_state=0),2,1.0,,,No using One Hot,0.08532047271728516,0.0020918846130371094
algerian_forest_fires_46279,,onehot,select_percentile,robust,HistGradientBoostingClassifier(random_state=0),3,0.9791666666666666,,,No using One Hot,0.08101081848144531,0.0016925334930419922
algerian_forest_fires_46279,,onehot,select_percentile,robust,HistGradientBoostingClassifier(random_state=0),4,0.9375,,,No using One Hot,0.0816497802734375,0.0020570755004882812
algerian_forest_fires_46279,,onehot,generic_univariate,robust,HistGradientBoostingClassifier(random_state=0),0,0.9795918367346939,,,No using One Hot,0.06551623344421387,0.001920461654663086
algerian_forest_fires_46279,,onehot,generic_univariate,robust,HistGradientBoostingClassifier(random_state=0),1,0.9795918367346939,,,No using One Hot,0.06667208671569824,0.0018062591552734375
algerian_forest_fires_46279,,onehot,generic_univariate,robust,HistGradientBoostingClassifier(random_state=0),2,0.9795918367346939,,,No using One Hot,0.08204531669616699,0.002240419387817383
algerian_forest_fires_46279,,onehot,generic_univariate,robust,HistGradientBoostingClassifier(random_state=0),3,0.9583333333333334,,,No using One Hot,0.07108044624328613,0.0016255378723144531
algerian_forest_fires_46279,,onehot,generic_univariate,robust,HistGradientBoostingClassifier(random_state=0),4,0.9791666666666666,,,No using One Hot,0.07193779945373535,0.002226114273071289
algerian_forest_fires_46279,,onehot,polynomial_features,robust,HistGradientBoostingClassifier(random_state=0),0,0.9591836734693877,,,No using One Hot,0.10509800910949707,0.001878976821899414
algerian_forest_fires_46279,,onehot,polynomial_features,robust,HistGradientBoostingClassifier(random_state=0),1,0.9795918367346939,,,No using One Hot,0.12527036666870117,0.0031447410583496094
algerian_forest_fires_46279,,onehot,polynomial_features,robust,HistGradientBoostingClassifier(random_state=0),2,0.9795918367346939,,,No using One Hot,0.11513638496398926,0.0021529197692871094
algerian_forest_fires_46279,,onehot,polynomial_features,robust,HistGradientBoostingClassifier(random_state=0),3,0.9583333333333334,,,No using One Hot,0.10142636299133301,0.0015833377838134766
algerian_forest_fires_46279,,onehot,polynomial_features,robust,HistGradientBoostingClassifier(random_state=0),4,0.9375,,,No using One Hot,0.10924053192138672,0.0016238689422607422
algerian_forest_fires_46279,,onehot,nystroem,robust,HistGradientBoostingClassifier(random_state=0),0,0.8979591836734694,,,No using One Hot,0.1467280387878418,0.002145051956176758
algerian_forest_fires_46279,,onehot,nystroem,robust,HistGradientBoostingClassifier(random_state=0),1,0.9387755102040817,,,No using One Hot,0.16440677642822266,0.0017621517181396484
algerian_forest_fires_46279,,onehot,nystroem,robust,HistGradientBoostingClassifier(random_state=0),2,0.8571428571428571,,,No using One Hot,0.15912652015686035,0.002179861068725586
algerian_forest_fires_46279,,onehot,nystroem,robust,HistGradientBoostingClassifier(random_state=0),3,0.9583333333333334,,,No using One Hot,0.11712074279785156,0.0021982192993164062
algerian_forest_fires_46279,,onehot,nystroem,robust,HistGradientBoostingClassifier(random_state=0),4,0.8958333333333334,,,No using One Hot,0.18047332763671875,0.0019321441650390625
algerian_forest_fires_46279,,onehot,rbf_sampler,robust,HistGradientBoostingClassifier(random_state=0),0,0.7551020408163265,,,No using One Hot,0.10707831382751465,0.0017964839935302734
algerian_forest_fires_46279,,onehot,rbf_sampler,robust,HistGradientBoostingClassifier(random_state=0),1,0.8163265306122449,,,No using One Hot,0.10945868492126465,0.0018875598907470703
algerian_forest_fires_46279,,onehot,rbf_sampler,robust,HistGradientBoostingClassifier(random_state=0),2,0.7346938775510204,,,No using One Hot,0.10667753219604492,0.0019075870513916016
algerian_forest_fires_46279,,onehot,rbf_sampler,robust,HistGradientBoostingClassifier(random_state=0),3,0.8125,,,No using One Hot,0.10424208641052246,0.0017306804656982422
algerian_forest_fires_46279,,onehot,rbf_sampler,robust,HistGradientBoostingClassifier(random_state=0),4,0.75,,,No using One Hot,0.1013176441192627,0.0016245841979980469
algerian_forest_fires_46279,,onehot,random_trees_embedding,robust,HistGradientBoostingClassifier(random_state=0),0,,"Erro na combinação 746 - Imputer: None, Categorização: onehot, Seleção de Feature: random_trees_embedding, Scaler: robust, Fold: 0 - Exception: Sparse data was passed for X, but dense data is required. Use '.toarray()' to convert to a dense numpy array.",,No using One Hot,0.1013176441192627,0.0016245841979980469
algerian_forest_fires_46279,,onehot,random_trees_embedding,robust,HistGradientBoostingClassifier(random_state=0),1,,"Erro na combinação 747 - Imputer: None, Categorização: onehot, Seleção de Feature: random_trees_embedding, Scaler: robust, Fold: 1 - Exception: Sparse data was passed for X, but dense data is required. Use '.toarray()' to convert to a dense numpy array.",,No using One Hot,0.1013176441192627,0.0016245841979980469
algerian_forest_fires_46279,,onehot,random_trees_embedding,robust,HistGradientBoostingClassifier(random_state=0),2,,"Erro na combinação 748 - Imputer: None, Categorização: onehot, Seleção de Feature: random_trees_embedding, Scaler: robust, Fold: 2 - Exception: Sparse data was passed for X, but dense data is required. Use '.toarray()' to convert to a dense numpy array.",,No using One Hot,0.1013176441192627,0.0016245841979980469
algerian_forest_fires_46279,,onehot,random_trees_embedding,robust,HistGradientBoostingClassifier(random_state=0),3,,"Erro na combinação 749 - Imputer: None, Categorização: onehot, Seleção de Feature: random_trees_embedding, Scaler: robust, Fold: 3 - Exception: Sparse data was passed for X, but dense data is required. Use '.toarray()' to convert to a dense numpy array.",,No using One Hot,0.1013176441192627,0.0016245841979980469
algerian_forest_fires_46279,,onehot,random_trees_embedding,robust,HistGradientBoostingClassifier(random_state=0),4,,"Erro na combinação 750 - Imputer: None, Categorização: onehot, Seleção de Feature: random_trees_embedding, Scaler: robust, Fold: 4 - Exception: Sparse data was passed for X, but dense data is required. Use '.toarray()' to convert to a dense numpy array.",,No using One Hot,0.1013176441192627,0.0016245841979980469
algerian_forest_fires_46279,,onehot,feature_agglomeration,robust,HistGradientBoostingClassifier(random_state=0),0,0.7346938775510204,,,No using One Hot,0.07735943794250488,0.002076387405395508
algerian_forest_fires_46279,,onehot,feature_agglomeration,robust,HistGradientBoostingClassifier(random_state=0),1,0.8571428571428571,,,No using One Hot,0.08168768882751465,0.0024902820587158203
algerian_forest_fires_46279,,onehot,feature_agglomeration,robust,HistGradientBoostingClassifier(random_state=0),2,0.8979591836734694,,,No using One Hot,0.07464885711669922,0.002023935317993164
algerian_forest_fires_46279,,onehot,feature_agglomeration,robust,HistGradientBoostingClassifier(random_state=0),3,0.8958333333333334,,,No using One Hot,0.08955836296081543,0.0017504692077636719
algerian_forest_fires_46279,,onehot,feature_agglomeration,robust,HistGradientBoostingClassifier(random_state=0),4,0.9375,,,No using One Hot,0.07251954078674316,0.0016601085662841797
algerian_forest_fires_46279,,onehot,extra_tree,robust,HistGradientBoostingClassifier(random_state=0),0,0.9795918367346939,,,No using One Hot,0.09553980827331543,0.0020895004272460938
algerian_forest_fires_46279,,onehot,extra_tree,robust,HistGradientBoostingClassifier(random_state=0),1,0.9795918367346939,,,No using One Hot,0.08452558517456055,0.0020766258239746094
algerian_forest_fires_46279,,onehot,extra_tree,robust,HistGradientBoostingClassifier(random_state=0),2,0.9795918367346939,,,No using One Hot,0.09523916244506836,0.0020732879638671875
algerian_forest_fires_46279,,onehot,extra_tree,robust,HistGradientBoostingClassifier(random_state=0),3,0.9583333333333334,,,No using One Hot,0.09601497650146484,0.002150297164916992
algerian_forest_fires_46279,,onehot,extra_tree,robust,HistGradientBoostingClassifier(random_state=0),4,0.9375,,,No using One Hot,0.08038926124572754,0.0017254352569580078
algerian_forest_fires_46279,,onehot,linear_svc,robust,HistGradientBoostingClassifier(random_state=0),0,1.0,,,No using One Hot,0.0928182601928711,0.0015976428985595703
algerian_forest_fires_46279,,onehot,linear_svc,robust,HistGradientBoostingClassifier(random_state=0),1,0.9795918367346939,,,No using One Hot,0.09864425659179688,0.0023889541625976562
algerian_forest_fires_46279,,onehot,linear_svc,robust,HistGradientBoostingClassifier(random_state=0),2,0.9591836734693877,,,No using One Hot,0.09524655342102051,0.0021753311157226562
algerian_forest_fires_46279,,onehot,linear_svc,robust,HistGradientBoostingClassifier(random_state=0),3,0.9583333333333334,,,No using One Hot,0.09260272979736328,0.002092123031616211
algerian_forest_fires_46279,,onehot,linear_svc,robust,HistGradientBoostingClassifier(random_state=0),4,0.9375,,,No using One Hot,0.09064722061157227,0.002115011215209961
algerian_forest_fires_46279,,onehot,kernel_pca,robust,HistGradientBoostingClassifier(random_state=0),0,0.8571428571428571,,,No using One Hot,0.13736844062805176,0.0016465187072753906
algerian_forest_fires_46279,,onehot,kernel_pca,robust,HistGradientBoostingClassifier(random_state=0),1,0.9795918367346939,,,No using One Hot,0.1369798183441162,0.0016088485717773438
algerian_forest_fires_46279,,onehot,kernel_pca,robust,HistGradientBoostingClassifier(random_state=0),2,0.8979591836734694,,,No using One Hot,0.1350104808807373,0.0018885135650634766
algerian_forest_fires_46279,,onehot,kernel_pca,robust,HistGradientBoostingClassifier(random_state=0),3,0.9166666666666666,,,No using One Hot,0.16388750076293945,0.0017347335815429688
algerian_forest_fires_46279,,onehot,kernel_pca,robust,HistGradientBoostingClassifier(random_state=0),4,0.9375,,,No using One Hot,0.12969636917114258,0.0019898414611816406
algerian_forest_fires_46279,,onehot,,normalizer,HistGradientBoostingClassifier(random_state=0),0,0.9591836734693877,,,No using One Hot,0.0850684642791748,0.0020990371704101562
algerian_forest_fires_46279,,onehot,,normalizer,HistGradientBoostingClassifier(random_state=0),1,0.9795918367346939,,,No using One Hot,0.08789944648742676,0.002087116241455078
algerian_forest_fires_46279,,onehot,,normalizer,HistGradientBoostingClassifier(random_state=0),2,0.9795918367346939,,,No using One Hot,0.09903573989868164,0.002526998519897461
algerian_forest_fires_46279,,onehot,,normalizer,HistGradientBoostingClassifier(random_state=0),3,1.0,,,No using One Hot,0.10229659080505371,0.0022089481353759766
algerian_forest_fires_46279,,onehot,,normalizer,HistGradientBoostingClassifier(random_state=0),4,0.9583333333333334,,,No using One Hot,0.09066343307495117,0.001789093017578125
algerian_forest_fires_46279,,onehot,pca,normalizer,HistGradientBoostingClassifier(random_state=0),0,0.8775510204081632,,,No using One Hot,0.08850717544555664,0.002207040786743164
algerian_forest_fires_46279,,onehot,pca,normalizer,HistGradientBoostingClassifier(random_state=0),1,0.9591836734693877,,,No using One Hot,0.08073210716247559,0.001699686050415039
algerian_forest_fires_46279,,onehot,pca,normalizer,HistGradientBoostingClassifier(random_state=0),2,0.9183673469387755,,,No using One Hot,0.08631277084350586,0.0016553401947021484
algerian_forest_fires_46279,,onehot,pca,normalizer,HistGradientBoostingClassifier(random_state=0),3,0.9791666666666666,,,No using One Hot,0.07316136360168457,0.001664876937866211
algerian_forest_fires_46279,,onehot,pca,normalizer,HistGradientBoostingClassifier(random_state=0),4,0.9583333333333334,,,No using One Hot,0.07735061645507812,0.002382040023803711
algerian_forest_fires_46279,,onehot,fastica,normalizer,HistGradientBoostingClassifier(random_state=0),0,0.9387755102040817,,,No using One Hot,0.08469915390014648,0.001813650131225586
algerian_forest_fires_46279,,onehot,fastica,normalizer,HistGradientBoostingClassifier(random_state=0),1,0.9387755102040817,,,No using One Hot,0.0831153392791748,0.002085447311401367
algerian_forest_fires_46279,,onehot,fastica,normalizer,HistGradientBoostingClassifier(random_state=0),2,0.8367346938775511,,,No using One Hot,0.07525801658630371,0.0020170211791992188
algerian_forest_fires_46279,,onehot,fastica,normalizer,HistGradientBoostingClassifier(random_state=0),3,0.8958333333333334,,,No using One Hot,0.07231712341308594,0.0016641616821289062
algerian_forest_fires_46279,,onehot,fastica,normalizer,HistGradientBoostingClassifier(random_state=0),4,0.875,,,No using One Hot,0.08168482780456543,0.0016832351684570312
algerian_forest_fires_46279,,onehot,truncated_svd,normalizer,HistGradientBoostingClassifier(random_state=0),0,0.8367346938775511,,,No using One Hot,0.07294774055480957,0.002028942108154297
algerian_forest_fires_46279,,onehot,truncated_svd,normalizer,HistGradientBoostingClassifier(random_state=0),1,0.7755102040816326,,,No using One Hot,0.08201456069946289,0.0018985271453857422
algerian_forest_fires_46279,,onehot,truncated_svd,normalizer,HistGradientBoostingClassifier(random_state=0),2,0.8367346938775511,,,No using One Hot,0.0788877010345459,0.0017004013061523438
algerian_forest_fires_46279,,onehot,truncated_svd,normalizer,HistGradientBoostingClassifier(random_state=0),3,0.8125,,,No using One Hot,0.07257390022277832,0.0015926361083984375
algerian_forest_fires_46279,,onehot,truncated_svd,normalizer,HistGradientBoostingClassifier(random_state=0),4,0.875,,,No using One Hot,0.08057403564453125,0.0018832683563232422
algerian_forest_fires_46279,,onehot,select_percentile,normalizer,HistGradientBoostingClassifier(random_state=0),0,0.9795918367346939,,,No using One Hot,0.0899040699005127,0.0022809505462646484
algerian_forest_fires_46279,,onehot,select_percentile,normalizer,HistGradientBoostingClassifier(random_state=0),1,0.9795918367346939,,,No using One Hot,0.08601188659667969,0.0018265247344970703
algerian_forest_fires_46279,,onehot,select_percentile,normalizer,HistGradientBoostingClassifier(random_state=0),2,0.9591836734693877,,,No using One Hot,0.08486151695251465,0.002185821533203125
algerian_forest_fires_46279,,onehot,select_percentile,normalizer,HistGradientBoostingClassifier(random_state=0),3,0.9791666666666666,,,No using One Hot,0.08807849884033203,0.002087116241455078
algerian_forest_fires_46279,,onehot,select_percentile,normalizer,HistGradientBoostingClassifier(random_state=0),4,0.9375,,,No using One Hot,0.09051704406738281,0.002262592315673828
algerian_forest_fires_46279,,onehot,generic_univariate,normalizer,HistGradientBoostingClassifier(random_state=0),0,0.9591836734693877,,,No using One Hot,0.0844123363494873,0.002154827117919922
algerian_forest_fires_46279,,onehot,generic_univariate,normalizer,HistGradientBoostingClassifier(random_state=0),1,0.9795918367346939,,,No using One Hot,0.06926298141479492,0.0016360282897949219
algerian_forest_fires_46279,,onehot,generic_univariate,normalizer,HistGradientBoostingClassifier(random_state=0),2,0.9591836734693877,,,No using One Hot,0.0741732120513916,0.0017082691192626953
algerian_forest_fires_46279,,onehot,generic_univariate,normalizer,HistGradientBoostingClassifier(random_state=0),3,0.9583333333333334,,,No using One Hot,0.06801772117614746,0.0016028881072998047
algerian_forest_fires_46279,,onehot,generic_univariate,normalizer,HistGradientBoostingClassifier(random_state=0),4,0.9583333333333334,,,No using One Hot,0.06891107559204102,0.001966714859008789
algerian_forest_fires_46279,,onehot,polynomial_features,normalizer,HistGradientBoostingClassifier(random_state=0),0,0.9591836734693877,,,No using One Hot,0.11918497085571289,0.0016274452209472656
algerian_forest_fires_46279,,onehot,polynomial_features,normalizer,HistGradientBoostingClassifier(random_state=0),1,0.9795918367346939,,,No using One Hot,0.1135702133178711,0.0021963119506835938
algerian_forest_fires_46279,,onehot,polynomial_features,normalizer,HistGradientBoostingClassifier(random_state=0),2,0.9795918367346939,,,No using One Hot,0.12031912803649902,0.002186298370361328
algerian_forest_fires_46279,,onehot,polynomial_features,normalizer,HistGradientBoostingClassifier(random_state=0),3,0.9791666666666666,,,No using One Hot,0.11763787269592285,0.0015711784362792969
algerian_forest_fires_46279,,onehot,polynomial_features,normalizer,HistGradientBoostingClassifier(random_state=0),4,0.9583333333333334,,,No using One Hot,0.11059904098510742,0.001669168472290039
algerian_forest_fires_46279,,onehot,nystroem,normalizer,HistGradientBoostingClassifier(random_state=0),0,0.8979591836734694,,,No using One Hot,0.14082860946655273,0.0018467903137207031
algerian_forest_fires_46279,,onehot,nystroem,normalizer,HistGradientBoostingClassifier(random_state=0),1,0.9387755102040817,,,No using One Hot,0.1607818603515625,0.0016853809356689453
algerian_forest_fires_46279,,onehot,nystroem,normalizer,HistGradientBoostingClassifier(random_state=0),2,0.9387755102040817,,,No using One Hot,0.16933274269104004,0.002084016799926758
algerian_forest_fires_46279,,onehot,nystroem,normalizer,HistGradientBoostingClassifier(random_state=0),3,0.9375,,,No using One Hot,0.11340522766113281,0.0018966197967529297
algerian_forest_fires_46279,,onehot,nystroem,normalizer,HistGradientBoostingClassifier(random_state=0),4,0.9583333333333334,,,No using One Hot,0.12874841690063477,0.002208232879638672
algerian_forest_fires_46279,,onehot,rbf_sampler,normalizer,HistGradientBoostingClassifier(random_state=0),0,1.0,,,No using One Hot,0.11444449424743652,0.002196788787841797
algerian_forest_fires_46279,,onehot,rbf_sampler,normalizer,HistGradientBoostingClassifier(random_state=0),1,0.9591836734693877,,,No using One Hot,0.11716675758361816,0.0017499923706054688
algerian_forest_fires_46279,,onehot,rbf_sampler,normalizer,HistGradientBoostingClassifier(random_state=0),2,0.9387755102040817,,,No using One Hot,0.11136126518249512,0.0017154216766357422
algerian_forest_fires_46279,,onehot,rbf_sampler,normalizer,HistGradientBoostingClassifier(random_state=0),3,0.9791666666666666,,,No using One Hot,0.11163210868835449,0.002178668975830078
algerian_forest_fires_46279,,onehot,rbf_sampler,normalizer,HistGradientBoostingClassifier(random_state=0),4,0.9583333333333334,,,No using One Hot,0.14127898216247559,0.0016596317291259766
algerian_forest_fires_46279,,onehot,random_trees_embedding,normalizer,HistGradientBoostingClassifier(random_state=0),0,,"Erro na combinação 816 - Imputer: None, Categorização: onehot, Seleção de Feature: random_trees_embedding, Scaler: normalizer, Fold: 0 - Exception: Sparse data was passed for X, but dense data is required. Use '.toarray()' to convert to a dense numpy array.",,No using One Hot,0.14127898216247559,0.0016596317291259766
algerian_forest_fires_46279,,onehot,random_trees_embedding,normalizer,HistGradientBoostingClassifier(random_state=0),1,,"Erro na combinação 817 - Imputer: None, Categorização: onehot, Seleção de Feature: random_trees_embedding, Scaler: normalizer, Fold: 1 - Exception: Sparse data was passed for X, but dense data is required. Use '.toarray()' to convert to a dense numpy array.",,No using One Hot,0.14127898216247559,0.0016596317291259766
algerian_forest_fires_46279,,onehot,random_trees_embedding,normalizer,HistGradientBoostingClassifier(random_state=0),2,,"Erro na combinação 818 - Imputer: None, Categorização: onehot, Seleção de Feature: random_trees_embedding, Scaler: normalizer, Fold: 2 - Exception: Sparse data was passed for X, but dense data is required. Use '.toarray()' to convert to a dense numpy array.",,No using One Hot,0.14127898216247559,0.0016596317291259766
algerian_forest_fires_46279,,onehot,random_trees_embedding,normalizer,HistGradientBoostingClassifier(random_state=0),3,,"Erro na combinação 819 - Imputer: None, Categorização: onehot, Seleção de Feature: random_trees_embedding, Scaler: normalizer, Fold: 3 - Exception: Sparse data was passed for X, but dense data is required. Use '.toarray()' to convert to a dense numpy array.",,No using One Hot,0.14127898216247559,0.0016596317291259766
algerian_forest_fires_46279,,onehot,random_trees_embedding,normalizer,HistGradientBoostingClassifier(random_state=0),4,,"Erro na combinação 820 - Imputer: None, Categorização: onehot, Seleção de Feature: random_trees_embedding, Scaler: normalizer, Fold: 4 - Exception: Sparse data was passed for X, but dense data is required. Use '.toarray()' to convert to a dense numpy array.",,No using One Hot,0.14127898216247559,0.0016596317291259766
algerian_forest_fires_46279,,onehot,feature_agglomeration,normalizer,HistGradientBoostingClassifier(random_state=0),0,0.7755102040816326,,,No using One Hot,0.0826265811920166,0.0017681121826171875
algerian_forest_fires_46279,,onehot,feature_agglomeration,normalizer,HistGradientBoostingClassifier(random_state=0),1,0.7755102040816326,,,No using One Hot,0.07652139663696289,0.0022056102752685547
algerian_forest_fires_46279,,onehot,feature_agglomeration,normalizer,HistGradientBoostingClassifier(random_state=0),2,0.8367346938775511,,,No using One Hot,0.0781559944152832,0.0018711090087890625
algerian_forest_fires_46279,,onehot,feature_agglomeration,normalizer,HistGradientBoostingClassifier(random_state=0),3,0.75,,,No using One Hot,0.07236933708190918,0.0017817020416259766
algerian_forest_fires_46279,,onehot,feature_agglomeration,normalizer,HistGradientBoostingClassifier(random_state=0),4,0.8958333333333334,,,No using One Hot,0.07652425765991211,0.0016169548034667969
algerian_forest_fires_46279,,onehot,extra_tree,normalizer,HistGradientBoostingClassifier(random_state=0),0,0.9795918367346939,,,No using One Hot,0.08481192588806152,0.0022125244140625
algerian_forest_fires_46279,,onehot,extra_tree,normalizer,HistGradientBoostingClassifier(random_state=0),1,0.9795918367346939,,,No using One Hot,0.0947117805480957,0.0017452239990234375
algerian_forest_fires_46279,,onehot,extra_tree,normalizer,HistGradientBoostingClassifier(random_state=0),2,0.9795918367346939,,,No using One Hot,0.08814120292663574,0.002032756805419922
algerian_forest_fires_46279,,onehot,extra_tree,normalizer,HistGradientBoostingClassifier(random_state=0),3,0.9791666666666666,,,No using One Hot,0.08616137504577637,0.0017561912536621094
algerian_forest_fires_46279,,onehot,extra_tree,normalizer,HistGradientBoostingClassifier(random_state=0),4,0.9375,,,No using One Hot,0.093780517578125,0.0022242069244384766
algerian_forest_fires_46279,,onehot,linear_svc,normalizer,HistGradientBoostingClassifier(random_state=0),0,0.9591836734693877,,,No using One Hot,0.08511614799499512,0.002077817916870117
algerian_forest_fires_46279,,onehot,linear_svc,normalizer,HistGradientBoostingClassifier(random_state=0),1,0.9795918367346939,,,No using One Hot,0.08111214637756348,0.002068042755126953
algerian_forest_fires_46279,,onehot,linear_svc,normalizer,HistGradientBoostingClassifier(random_state=0),2,0.9591836734693877,,,No using One Hot,0.09573960304260254,0.002202272415161133
algerian_forest_fires_46279,,onehot,linear_svc,normalizer,HistGradientBoostingClassifier(random_state=0),3,0.9583333333333334,,,No using One Hot,0.08966350555419922,0.0017371177673339844
algerian_forest_fires_46279,,onehot,linear_svc,normalizer,HistGradientBoostingClassifier(random_state=0),4,0.9583333333333334,,,No using One Hot,0.07313895225524902,0.0019009113311767578
algerian_forest_fires_46279,,onehot,kernel_pca,normalizer,HistGradientBoostingClassifier(random_state=0),0,0.8979591836734694,,,No using One Hot,0.11976408958435059,0.0022957324981689453
algerian_forest_fires_46279,,onehot,kernel_pca,normalizer,HistGradientBoostingClassifier(random_state=0),1,0.9591836734693877,,,No using One Hot,0.12419533729553223,0.0018498897552490234
algerian_forest_fires_46279,,onehot,kernel_pca,normalizer,HistGradientBoostingClassifier(random_state=0),2,0.9183673469387755,,,No using One Hot,0.13256430625915527,0.002082347869873047
algerian_forest_fires_46279,,onehot,kernel_pca,normalizer,HistGradientBoostingClassifier(random_state=0),3,0.9375,,,No using One Hot,0.13608598709106445,0.0021209716796875
algerian_forest_fires_46279,,onehot,kernel_pca,normalizer,HistGradientBoostingClassifier(random_state=0),4,0.9375,,,No using One Hot,0.12741923332214355,0.0020313262939453125
algerian_forest_fires_46279,,onehot,,power,HistGradientBoostingClassifier(random_state=0),0,0.9795918367346939,,,No using One Hot,0.07940149307250977,0.0023221969604492188
algerian_forest_fires_46279,,onehot,,power,HistGradientBoostingClassifier(random_state=0),1,0.9795918367346939,,,No using One Hot,0.09021925926208496,0.002151966094970703
algerian_forest_fires_46279,,onehot,,power,HistGradientBoostingClassifier(random_state=0),2,0.9795918367346939,,,No using One Hot,0.08602786064147949,0.002169370651245117
algerian_forest_fires_46279,,onehot,,power,HistGradientBoostingClassifier(random_state=0),3,1.0,,,No using One Hot,0.09279847145080566,0.0021102428436279297
algerian_forest_fires_46279,,onehot,,power,HistGradientBoostingClassifier(random_state=0),4,0.9583333333333334,,,No using One Hot,0.08003616333007812,0.0017466545104980469
algerian_forest_fires_46279,,onehot,pca,power,HistGradientBoostingClassifier(random_state=0),0,0.9183673469387755,,,No using One Hot,0.07822799682617188,0.0017733573913574219
algerian_forest_fires_46279,,onehot,pca,power,HistGradientBoostingClassifier(random_state=0),1,0.9591836734693877,,,No using One Hot,0.07918119430541992,0.0016732215881347656
algerian_forest_fires_46279,,onehot,pca,power,HistGradientBoostingClassifier(random_state=0),2,0.9387755102040817,,,No using One Hot,0.08899950981140137,0.0022134780883789062
algerian_forest_fires_46279,,onehot,pca,power,HistGradientBoostingClassifier(random_state=0),3,0.9791666666666666,,,No using One Hot,0.08803653717041016,0.0021800994873046875
algerian_forest_fires_46279,,onehot,pca,power,HistGradientBoostingClassifier(random_state=0),4,0.9583333333333334,,,No using One Hot,0.08372712135314941,0.0018627643585205078
algerian_forest_fires_46279,,onehot,fastica,power,HistGradientBoostingClassifier(random_state=0),0,0.7959183673469388,,,No using One Hot,0.0780787467956543,0.0016741752624511719
algerian_forest_fires_46279,,onehot,fastica,power,HistGradientBoostingClassifier(random_state=0),1,0.8775510204081632,,,No using One Hot,0.08288908004760742,0.0016093254089355469
algerian_forest_fires_46279,,onehot,fastica,power,HistGradientBoostingClassifier(random_state=0),2,0.8367346938775511,,,No using One Hot,0.09849381446838379,0.0019409656524658203
algerian_forest_fires_46279,,onehot,fastica,power,HistGradientBoostingClassifier(random_state=0),3,0.9583333333333334,,,No using One Hot,0.07630634307861328,0.0017769336700439453
algerian_forest_fires_46279,,onehot,fastica,power,HistGradientBoostingClassifier(random_state=0),4,0.8541666666666666,,,No using One Hot,0.08872318267822266,0.001882314682006836
algerian_forest_fires_46279,,onehot,truncated_svd,power,HistGradientBoostingClassifier(random_state=0),0,0.8571428571428571,,,No using One Hot,0.08219408988952637,0.0021305084228515625
algerian_forest_fires_46279,,onehot,truncated_svd,power,HistGradientBoostingClassifier(random_state=0),1,0.8775510204081632,,,No using One Hot,0.0699315071105957,0.001722097396850586
algerian_forest_fires_46279,,onehot,truncated_svd,power,HistGradientBoostingClassifier(random_state=0),2,0.8979591836734694,,,No using One Hot,0.07679271697998047,0.0021276473999023438
algerian_forest_fires_46279,,onehot,truncated_svd,power,HistGradientBoostingClassifier(random_state=0),3,0.9166666666666666,,,No using One Hot,0.08159327507019043,0.002008676528930664
algerian_forest_fires_46279,,onehot,truncated_svd,power,HistGradientBoostingClassifier(random_state=0),4,0.875,,,No using One Hot,0.07169270515441895,0.0016050338745117188
algerian_forest_fires_46279,,onehot,select_percentile,power,HistGradientBoostingClassifier(random_state=0),0,1.0,,,No using One Hot,0.0764613151550293,0.0017547607421875
algerian_forest_fires_46279,,onehot,select_percentile,power,HistGradientBoostingClassifier(random_state=0),1,0.9795918367346939,,,No using One Hot,0.07724857330322266,0.0016162395477294922
algerian_forest_fires_46279,,onehot,select_percentile,power,HistGradientBoostingClassifier(random_state=0),2,0.9795918367346939,,,No using One Hot,0.09587883949279785,0.002086639404296875
algerian_forest_fires_46279,,onehot,select_percentile,power,HistGradientBoostingClassifier(random_state=0),3,0.9583333333333334,,,No using One Hot,0.09156990051269531,0.0021295547485351562
algerian_forest_fires_46279,,onehot,select_percentile,power,HistGradientBoostingClassifier(random_state=0),4,0.9791666666666666,,,No using One Hot,0.08097505569458008,0.001739501953125
algerian_forest_fires_46279,,onehot,generic_univariate,power,HistGradientBoostingClassifier(random_state=0),0,0.8979591836734694,,,No using One Hot,0.07964539527893066,0.0020513534545898438
algerian_forest_fires_46279,,onehot,generic_univariate,power,HistGradientBoostingClassifier(random_state=0),1,0.9183673469387755,,,No using One Hot,0.08344197273254395,0.0018486976623535156
algerian_forest_fires_46279,,onehot,generic_univariate,power,HistGradientBoostingClassifier(random_state=0),2,0.8775510204081632,,,No using One Hot,0.07804369926452637,0.0017609596252441406
algerian_forest_fires_46279,,onehot,generic_univariate,power,HistGradientBoostingClassifier(random_state=0),3,0.9375,,,No using One Hot,0.0787513256072998,0.001970052719116211
algerian_forest_fires_46279,,onehot,generic_univariate,power,HistGradientBoostingClassifier(random_state=0),4,0.9375,,,No using One Hot,0.07507038116455078,0.00213623046875
algerian_forest_fires_46279,,onehot,polynomial_features,power,HistGradientBoostingClassifier(random_state=0),0,0.9795918367346939,,,No using One Hot,0.11397314071655273,0.002123117446899414
algerian_forest_fires_46279,,onehot,polynomial_features,power,HistGradientBoostingClassifier(random_state=0),1,0.9795918367346939,,,No using One Hot,0.11671066284179688,0.001972198486328125
algerian_forest_fires_46279,,onehot,polynomial_features,power,HistGradientBoostingClassifier(random_state=0),2,0.9795918367346939,,,No using One Hot,0.12254953384399414,0.0017254352569580078
algerian_forest_fires_46279,,onehot,polynomial_features,power,HistGradientBoostingClassifier(random_state=0),3,0.9791666666666666,,,No using One Hot,0.11994028091430664,0.001775979995727539
algerian_forest_fires_46279,,onehot,polynomial_features,power,HistGradientBoostingClassifier(random_state=0),4,0.9375,,,No using One Hot,0.11939620971679688,0.002280712127685547
algerian_forest_fires_46279,,onehot,nystroem,power,HistGradientBoostingClassifier(random_state=0),0,0.9387755102040817,,,No using One Hot,0.11341047286987305,0.002252817153930664
algerian_forest_fires_46279,,onehot,nystroem,power,HistGradientBoostingClassifier(random_state=0),1,0.9795918367346939,,,No using One Hot,0.12053442001342773,0.002075672149658203
algerian_forest_fires_46279,,onehot,nystroem,power,HistGradientBoostingClassifier(random_state=0),2,0.8979591836734694,,,No using One Hot,0.14355230331420898,0.0024535655975341797
algerian_forest_fires_46279,,onehot,nystroem,power,HistGradientBoostingClassifier(random_state=0),3,0.9375,,,No using One Hot,0.14757847785949707,0.0021741390228271484
algerian_forest_fires_46279,,onehot,nystroem,power,HistGradientBoostingClassifier(random_state=0),4,0.9375,,,No using One Hot,0.1335458755493164,0.0018193721771240234
algerian_forest_fires_46279,,onehot,rbf_sampler,power,HistGradientBoostingClassifier(random_state=0),0,0.6122448979591837,,,No using One Hot,0.10501313209533691,0.0022008419036865234
algerian_forest_fires_46279,,onehot,rbf_sampler,power,HistGradientBoostingClassifier(random_state=0),1,0.7755102040816326,,,No using One Hot,0.1055912971496582,0.0020945072174072266
algerian_forest_fires_46279,,onehot,rbf_sampler,power,HistGradientBoostingClassifier(random_state=0),2,0.673469387755102,,,No using One Hot,0.09855222702026367,0.0017390251159667969
algerian_forest_fires_46279,,onehot,rbf_sampler,power,HistGradientBoostingClassifier(random_state=0),3,0.6458333333333334,,,No using One Hot,0.11203742027282715,0.0018532276153564453
algerian_forest_fires_46279,,onehot,rbf_sampler,power,HistGradientBoostingClassifier(random_state=0),4,0.6041666666666666,,,No using One Hot,0.10387587547302246,0.0021331310272216797
algerian_forest_fires_46279,,onehot,random_trees_embedding,power,HistGradientBoostingClassifier(random_state=0),0,,"Erro na combinação 886 - Imputer: None, Categorização: onehot, Seleção de Feature: random_trees_embedding, Scaler: power, Fold: 0 - Exception: Sparse data was passed for X, but dense data is required. Use '.toarray()' to convert to a dense numpy array.",,No using One Hot,0.10387587547302246,0.0021331310272216797
algerian_forest_fires_46279,,onehot,random_trees_embedding,power,HistGradientBoostingClassifier(random_state=0),1,,"Erro na combinação 887 - Imputer: None, Categorização: onehot, Seleção de Feature: random_trees_embedding, Scaler: power, Fold: 1 - Exception: Sparse data was passed for X, but dense data is required. Use '.toarray()' to convert to a dense numpy array.",,No using One Hot,0.10387587547302246,0.0021331310272216797
algerian_forest_fires_46279,,onehot,random_trees_embedding,power,HistGradientBoostingClassifier(random_state=0),2,,"Erro na combinação 888 - Imputer: None, Categorização: onehot, Seleção de Feature: random_trees_embedding, Scaler: power, Fold: 2 - Exception: Sparse data was passed for X, but dense data is required. Use '.toarray()' to convert to a dense numpy array.",,No using One Hot,0.10387587547302246,0.0021331310272216797
algerian_forest_fires_46279,,onehot,random_trees_embedding,power,HistGradientBoostingClassifier(random_state=0),3,,"Erro na combinação 889 - Imputer: None, Categorização: onehot, Seleção de Feature: random_trees_embedding, Scaler: power, Fold: 3 - Exception: Sparse data was passed for X, but dense data is required. Use '.toarray()' to convert to a dense numpy array.",,No using One Hot,0.10387587547302246,0.0021331310272216797
algerian_forest_fires_46279,,onehot,random_trees_embedding,power,HistGradientBoostingClassifier(random_state=0),4,,"Erro na combinação 890 - Imputer: None, Categorização: onehot, Seleção de Feature: random_trees_embedding, Scaler: power, Fold: 4 - Exception: Sparse data was passed for X, but dense data is required. Use '.toarray()' to convert to a dense numpy array.",,No using One Hot,0.10387587547302246,0.0021331310272216797
algerian_forest_fires_46279,,onehot,feature_agglomeration,power,HistGradientBoostingClassifier(random_state=0),0,0.8571428571428571,,,No using One Hot,0.07296252250671387,0.0015840530395507812
algerian_forest_fires_46279,,onehot,feature_agglomeration,power,HistGradientBoostingClassifier(random_state=0),1,0.8979591836734694,,,No using One Hot,0.07383608818054199,0.002135038375854492
algerian_forest_fires_46279,,onehot,feature_agglomeration,power,HistGradientBoostingClassifier(random_state=0),2,0.8979591836734694,,,No using One Hot,0.07973861694335938,0.0021703243255615234
algerian_forest_fires_46279,,onehot,feature_agglomeration,power,HistGradientBoostingClassifier(random_state=0),3,0.9375,,,No using One Hot,0.08197259902954102,0.002496957778930664
algerian_forest_fires_46279,,onehot,feature_agglomeration,power,HistGradientBoostingClassifier(random_state=0),4,0.9583333333333334,,,No using One Hot,0.07446646690368652,0.0020117759704589844
algerian_forest_fires_46279,,onehot,extra_tree,power,HistGradientBoostingClassifier(random_state=0),0,0.9795918367346939,,,No using One Hot,0.09103989601135254,0.002203702926635742
algerian_forest_fires_46279,,onehot,extra_tree,power,HistGradientBoostingClassifier(random_state=0),1,0.9795918367346939,,,No using One Hot,0.10280537605285645,0.0016624927520751953
algerian_forest_fires_46279,,onehot,extra_tree,power,HistGradientBoostingClassifier(random_state=0),2,0.9795918367346939,,,No using One Hot,0.09592151641845703,0.0020208358764648438
algerian_forest_fires_46279,,onehot,extra_tree,power,HistGradientBoostingClassifier(random_state=0),3,0.9583333333333334,,,No using One Hot,0.08760786056518555,0.002096891403198242
algerian_forest_fires_46279,,onehot,extra_tree,power,HistGradientBoostingClassifier(random_state=0),4,0.9375,,,No using One Hot,0.08559131622314453,0.0019826889038085938
algerian_forest_fires_46279,,onehot,linear_svc,power,HistGradientBoostingClassifier(random_state=0),0,0.9795918367346939,,,No using One Hot,0.08504319190979004,0.0016751289367675781
algerian_forest_fires_46279,,onehot,linear_svc,power,HistGradientBoostingClassifier(random_state=0),1,0.9795918367346939,,,No using One Hot,0.08480501174926758,0.0018017292022705078
algerian_forest_fires_46279,,onehot,linear_svc,power,HistGradientBoostingClassifier(random_state=0),2,0.9591836734693877,,,No using One Hot,0.09626555442810059,0.001981019973754883
algerian_forest_fires_46279,,onehot,linear_svc,power,HistGradientBoostingClassifier(random_state=0),3,0.9791666666666666,,,No using One Hot,0.09164762496948242,0.0017445087432861328
algerian_forest_fires_46279,,onehot,linear_svc,power,HistGradientBoostingClassifier(random_state=0),4,0.9375,,,No using One Hot,0.07468795776367188,0.0021638870239257812
algerian_forest_fires_46279,,onehot,kernel_pca,power,HistGradientBoostingClassifier(random_state=0),0,0.9183673469387755,,,No using One Hot,0.1301591396331787,0.0018846988677978516
algerian_forest_fires_46279,,onehot,kernel_pca,power,HistGradientBoostingClassifier(random_state=0),1,0.9387755102040817,,,No using One Hot,0.16388678550720215,0.0029931068420410156
algerian_forest_fires_46279,,onehot,kernel_pca,power,HistGradientBoostingClassifier(random_state=0),2,0.9183673469387755,,,No using One Hot,0.1320953369140625,0.0016753673553466797
algerian_forest_fires_46279,,onehot,kernel_pca,power,HistGradientBoostingClassifier(random_state=0),3,0.9791666666666666,,,No using One Hot,0.13866138458251953,0.0018496513366699219
algerian_forest_fires_46279,,onehot,kernel_pca,power,HistGradientBoostingClassifier(random_state=0),4,0.9583333333333334,,,No using One Hot,0.14127302169799805,0.003445863723754883
algerian_forest_fires_46279,,onehot,,quantile,HistGradientBoostingClassifier(random_state=0),0,0.9795918367346939,,,No using One Hot,0.10194230079650879,0.002131938934326172
algerian_forest_fires_46279,,onehot,,quantile,HistGradientBoostingClassifier(random_state=0),1,0.9795918367346939,,,No using One Hot,0.09494447708129883,0.0018661022186279297
algerian_forest_fires_46279,,onehot,,quantile,HistGradientBoostingClassifier(random_state=0),2,0.9795918367346939,,,No using One Hot,0.08760809898376465,0.0021686553955078125
algerian_forest_fires_46279,,onehot,,quantile,HistGradientBoostingClassifier(random_state=0),3,1.0,,,No using One Hot,0.09459900856018066,0.0022115707397460938
algerian_forest_fires_46279,,onehot,,quantile,HistGradientBoostingClassifier(random_state=0),4,0.9583333333333334,,,No using One Hot,0.08048796653747559,0.0017328262329101562
algerian_forest_fires_46279,,onehot,pca,quantile,HistGradientBoostingClassifier(random_state=0),0,0.9183673469387755,,,No using One Hot,0.09264826774597168,0.0021409988403320312
algerian_forest_fires_46279,,onehot,pca,quantile,HistGradientBoostingClassifier(random_state=0),1,0.9387755102040817,,,No using One Hot,0.10176324844360352,0.0021593570709228516
algerian_forest_fires_46279,,onehot,pca,quantile,HistGradientBoostingClassifier(random_state=0),2,0.9387755102040817,,,No using One Hot,0.10027360916137695,0.002123117446899414
algerian_forest_fires_46279,,onehot,pca,quantile,HistGradientBoostingClassifier(random_state=0),3,0.9583333333333334,,,No using One Hot,0.08038067817687988,0.001863718032836914
algerian_forest_fires_46279,,onehot,pca,quantile,HistGradientBoostingClassifier(random_state=0),4,0.9375,,,No using One Hot,0.10920548439025879,0.0023660659790039062
algerian_forest_fires_46279,,onehot,fastica,quantile,HistGradientBoostingClassifier(random_state=0),0,0.6938775510204082,,,No using One Hot,0.09189534187316895,0.0022401809692382812
algerian_forest_fires_46279,,onehot,fastica,quantile,HistGradientBoostingClassifier(random_state=0),1,0.8367346938775511,,,No using One Hot,0.1117854118347168,0.002264738082885742
algerian_forest_fires_46279,,onehot,fastica,quantile,HistGradientBoostingClassifier(random_state=0),2,0.8367346938775511,,,No using One Hot,0.0847463607788086,0.002165555953979492
algerian_forest_fires_46279,,onehot,fastica,quantile,HistGradientBoostingClassifier(random_state=0),3,0.8541666666666666,,,No using One Hot,0.08148336410522461,0.0022988319396972656
algerian_forest_fires_46279,,onehot,fastica,quantile,HistGradientBoostingClassifier(random_state=0),4,0.875,,,No using One Hot,0.11016702651977539,0.001863718032836914
algerian_forest_fires_46279,,onehot,truncated_svd,quantile,HistGradientBoostingClassifier(random_state=0),0,0.8775510204081632,,,No using One Hot,0.08258366584777832,0.0020720958709716797
algerian_forest_fires_46279,,onehot,truncated_svd,quantile,HistGradientBoostingClassifier(random_state=0),1,0.9183673469387755,,,No using One Hot,0.09214091300964355,0.002092599868774414
algerian_forest_fires_46279,,onehot,truncated_svd,quantile,HistGradientBoostingClassifier(random_state=0),2,0.8775510204081632,,,No using One Hot,0.0877065658569336,0.0017545223236083984
algerian_forest_fires_46279,,onehot,truncated_svd,quantile,HistGradientBoostingClassifier(random_state=0),3,0.9166666666666666,,,No using One Hot,0.08803510665893555,0.0022690296173095703
algerian_forest_fires_46279,,onehot,truncated_svd,quantile,HistGradientBoostingClassifier(random_state=0),4,0.9375,,,No using One Hot,0.09997272491455078,0.002039194107055664
algerian_forest_fires_46279,,onehot,select_percentile,quantile,HistGradientBoostingClassifier(random_state=0),0,1.0,,,No using One Hot,0.0782325267791748,0.0016756057739257812
algerian_forest_fires_46279,,onehot,select_percentile,quantile,HistGradientBoostingClassifier(random_state=0),1,0.9795918367346939,,,No using One Hot,0.08980512619018555,0.0021893978118896484
algerian_forest_fires_46279,,onehot,select_percentile,quantile,HistGradientBoostingClassifier(random_state=0),2,1.0,,,No using One Hot,0.08918023109436035,0.0021529197692871094
algerian_forest_fires_46279,,onehot,select_percentile,quantile,HistGradientBoostingClassifier(random_state=0),3,0.9791666666666666,,,No using One Hot,0.07912111282348633,0.001926422119140625
algerian_forest_fires_46279,,onehot,select_percentile,quantile,HistGradientBoostingClassifier(random_state=0),4,0.9375,,,No using One Hot,0.0754241943359375,0.0017237663269042969
algerian_forest_fires_46279,,onehot,generic_univariate,quantile,HistGradientBoostingClassifier(random_state=0),0,0.9795918367346939,,,No using One Hot,0.07581210136413574,0.0021359920501708984
algerian_forest_fires_46279,,onehot,generic_univariate,quantile,HistGradientBoostingClassifier(random_state=0),1,0.9795918367346939,,,No using One Hot,0.06978797912597656,0.0018651485443115234
algerian_forest_fires_46279,,onehot,generic_univariate,quantile,HistGradientBoostingClassifier(random_state=0),2,0.9795918367346939,,,No using One Hot,0.06816577911376953,0.001573324203491211
algerian_forest_fires_46279,,onehot,generic_univariate,quantile,HistGradientBoostingClassifier(random_state=0),3,0.9375,,,No using One Hot,0.06925725936889648,0.0016605854034423828
algerian_forest_fires_46279,,onehot,generic_univariate,quantile,HistGradientBoostingClassifier(random_state=0),4,0.9375,,,No using One Hot,0.0612030029296875,0.0018608570098876953
algerian_forest_fires_46279,,onehot,polynomial_features,quantile,HistGradientBoostingClassifier(random_state=0),0,0.9795918367346939,,,No using One Hot,0.1149301528930664,0.0018818378448486328
algerian_forest_fires_46279,,onehot,polynomial_features,quantile,HistGradientBoostingClassifier(random_state=0),1,0.9795918367346939,,,No using One Hot,0.10610342025756836,0.001642465591430664
algerian_forest_fires_46279,,onehot,polynomial_features,quantile,HistGradientBoostingClassifier(random_state=0),2,0.9795918367346939,,,No using One Hot,0.11808061599731445,0.0020902156829833984
algerian_forest_fires_46279,,onehot,polynomial_features,quantile,HistGradientBoostingClassifier(random_state=0),3,1.0,,,No using One Hot,0.12472844123840332,0.002203226089477539
algerian_forest_fires_46279,,onehot,polynomial_features,quantile,HistGradientBoostingClassifier(random_state=0),4,0.9583333333333334,,,No using One Hot,0.10989928245544434,0.0017957687377929688
algerian_forest_fires_46279,,onehot,nystroem,quantile,HistGradientBoostingClassifier(random_state=0),0,0.8571428571428571,,,No using One Hot,0.1173865795135498,0.0021038055419921875
algerian_forest_fires_46279,,onehot,nystroem,quantile,HistGradientBoostingClassifier(random_state=0),1,0.9591836734693877,,,No using One Hot,0.1371595859527588,0.001840829849243164
algerian_forest_fires_46279,,onehot,nystroem,quantile,HistGradientBoostingClassifier(random_state=0),2,0.8775510204081632,,,No using One Hot,0.1339709758758545,0.0019075870513916016
algerian_forest_fires_46279,,onehot,nystroem,quantile,HistGradientBoostingClassifier(random_state=0),3,0.9583333333333334,,,No using One Hot,0.14547228813171387,0.002267122268676758
algerian_forest_fires_46279,,onehot,nystroem,quantile,HistGradientBoostingClassifier(random_state=0),4,0.9583333333333334,,,No using One Hot,0.13791513442993164,0.0024073123931884766
algerian_forest_fires_46279,,onehot,rbf_sampler,quantile,HistGradientBoostingClassifier(random_state=0),0,0.9591836734693877,,,No using One Hot,0.10832571983337402,0.002374887466430664
algerian_forest_fires_46279,,onehot,rbf_sampler,quantile,HistGradientBoostingClassifier(random_state=0),1,0.9795918367346939,,,No using One Hot,0.11573076248168945,0.0020923614501953125
algerian_forest_fires_46279,,onehot,rbf_sampler,quantile,HistGradientBoostingClassifier(random_state=0),2,0.9795918367346939,,,No using One Hot,0.1106712818145752,0.002210855484008789
algerian_forest_fires_46279,,onehot,rbf_sampler,quantile,HistGradientBoostingClassifier(random_state=0),3,0.9583333333333334,,,No using One Hot,0.11116242408752441,0.002184152603149414
algerian_forest_fires_46279,,onehot,rbf_sampler,quantile,HistGradientBoostingClassifier(random_state=0),4,0.9166666666666666,,,No using One Hot,0.10428404808044434,0.0016477108001708984
algerian_forest_fires_46279,,onehot,random_trees_embedding,quantile,HistGradientBoostingClassifier(random_state=0),0,,"Erro na combinação 956 - Imputer: None, Categorização: onehot, Seleção de Feature: random_trees_embedding, Scaler: quantile, Fold: 0 - Exception: Sparse data was passed for X, but dense data is required. Use '.toarray()' to convert to a dense numpy array.",,No using One Hot,0.10428404808044434,0.0016477108001708984
algerian_forest_fires_46279,,onehot,random_trees_embedding,quantile,HistGradientBoostingClassifier(random_state=0),1,,"Erro na combinação 957 - Imputer: None, Categorização: onehot, Seleção de Feature: random_trees_embedding, Scaler: quantile, Fold: 1 - Exception: Sparse data was passed for X, but dense data is required. Use '.toarray()' to convert to a dense numpy array.",,No using One Hot,0.10428404808044434,0.0016477108001708984
algerian_forest_fires_46279,,onehot,random_trees_embedding,quantile,HistGradientBoostingClassifier(random_state=0),2,,"Erro na combinação 958 - Imputer: None, Categorização: onehot, Seleção de Feature: random_trees_embedding, Scaler: quantile, Fold: 2 - Exception: Sparse data was passed for X, but dense data is required. Use '.toarray()' to convert to a dense numpy array.",,No using One Hot,0.10428404808044434,0.0016477108001708984
algerian_forest_fires_46279,,onehot,random_trees_embedding,quantile,HistGradientBoostingClassifier(random_state=0),3,,"Erro na combinação 959 - Imputer: None, Categorização: onehot, Seleção de Feature: random_trees_embedding, Scaler: quantile, Fold: 3 - Exception: Sparse data was passed for X, but dense data is required. Use '.toarray()' to convert to a dense numpy array.",,No using One Hot,0.10428404808044434,0.0016477108001708984
algerian_forest_fires_46279,,onehot,random_trees_embedding,quantile,HistGradientBoostingClassifier(random_state=0),4,,"Erro na combinação 960 - Imputer: None, Categorização: onehot, Seleção de Feature: random_trees_embedding, Scaler: quantile, Fold: 4 - Exception: Sparse data was passed for X, but dense data is required. Use '.toarray()' to convert to a dense numpy array.",,No using One Hot,0.10428404808044434,0.0016477108001708984
algerian_forest_fires_46279,,onehot,feature_agglomeration,quantile,HistGradientBoostingClassifier(random_state=0),0,0.8367346938775511,,,No using One Hot,0.07793831825256348,0.0019011497497558594
algerian_forest_fires_46279,,onehot,feature_agglomeration,quantile,HistGradientBoostingClassifier(random_state=0),1,0.8163265306122449,,,No using One Hot,0.07750964164733887,0.0016131401062011719
algerian_forest_fires_46279,,onehot,feature_agglomeration,quantile,HistGradientBoostingClassifier(random_state=0),2,0.8775510204081632,,,No using One Hot,0.08252406120300293,0.0021092891693115234
algerian_forest_fires_46279,,onehot,feature_agglomeration,quantile,HistGradientBoostingClassifier(random_state=0),3,0.9375,,,No using One Hot,0.08383989334106445,0.0021402835845947266
algerian_forest_fires_46279,,onehot,feature_agglomeration,quantile,HistGradientBoostingClassifier(random_state=0),4,0.9375,,,No using One Hot,0.08580780029296875,0.002071857452392578
algerian_forest_fires_46279,,onehot,extra_tree,quantile,HistGradientBoostingClassifier(random_state=0),0,0.9795918367346939,,,No using One Hot,0.09674072265625,0.0017542839050292969
algerian_forest_fires_46279,,onehot,extra_tree,quantile,HistGradientBoostingClassifier(random_state=0),1,0.9795918367346939,,,No using One Hot,0.0840768814086914,0.0021572113037109375
algerian_forest_fires_46279,,onehot,extra_tree,quantile,HistGradientBoostingClassifier(random_state=0),2,0.9795918367346939,,,No using One Hot,0.08190512657165527,0.0017004013061523438
algerian_forest_fires_46279,,onehot,extra_tree,quantile,HistGradientBoostingClassifier(random_state=0),3,0.9583333333333334,,,No using One Hot,0.08150410652160645,0.0016107559204101562
algerian_forest_fires_46279,,onehot,extra_tree,quantile,HistGradientBoostingClassifier(random_state=0),4,0.9375,,,No using One Hot,0.08779644966125488,0.0019617080688476562
algerian_forest_fires_46279,,onehot,linear_svc,quantile,HistGradientBoostingClassifier(random_state=0),0,1.0,,,No using One Hot,0.08841323852539062,0.0020253658294677734
algerian_forest_fires_46279,,onehot,linear_svc,quantile,HistGradientBoostingClassifier(random_state=0),1,0.9795918367346939,,,No using One Hot,0.09195375442504883,0.0022344589233398438
algerian_forest_fires_46279,,onehot,linear_svc,quantile,HistGradientBoostingClassifier(random_state=0),2,1.0,,,No using One Hot,0.07942509651184082,0.0016570091247558594
algerian_forest_fires_46279,,onehot,linear_svc,quantile,HistGradientBoostingClassifier(random_state=0),3,0.9791666666666666,,,No using One Hot,0.09130311012268066,0.0021228790283203125
algerian_forest_fires_46279,,onehot,linear_svc,quantile,HistGradientBoostingClassifier(random_state=0),4,0.9583333333333334,,,No using One Hot,0.08675646781921387,0.001966238021850586
algerian_forest_fires_46279,,onehot,kernel_pca,quantile,HistGradientBoostingClassifier(random_state=0),0,0.9387755102040817,,,No using One Hot,0.137892484664917,0.0021631717681884766
algerian_forest_fires_46279,,onehot,kernel_pca,quantile,HistGradientBoostingClassifier(random_state=0),1,0.9387755102040817,,,No using One Hot,0.1532282829284668,0.0018279552459716797
algerian_forest_fires_46279,,onehot,kernel_pca,quantile,HistGradientBoostingClassifier(random_state=0),2,0.9183673469387755,,,No using One Hot,0.15198993682861328,0.0019288063049316406
algerian_forest_fires_46279,,onehot,kernel_pca,quantile,HistGradientBoostingClassifier(random_state=0),3,0.9583333333333334,,,No using One Hot,0.14216947555541992,0.0016827583312988281
algerian_forest_fires_46279,,onehot,kernel_pca,quantile,HistGradientBoostingClassifier(random_state=0),4,0.9375,,,No using One Hot,0.136307954788208,0.0017104148864746094
algerian_forest_fires_46279,,ordinalencoder,,,HistGradientBoostingClassifier(random_state=0),0,0.9795918367346939,,,No using Ordinal Hot,0.0846712589263916,0.0029277801513671875
algerian_forest_fires_46279,,ordinalencoder,,,HistGradientBoostingClassifier(random_state=0),1,0.9795918367346939,,,No using Ordinal Hot,0.08045721054077148,0.0026407241821289062
algerian_forest_fires_46279,,ordinalencoder,,,HistGradientBoostingClassifier(random_state=0),2,0.9795918367346939,,,No using Ordinal Hot,0.09448385238647461,0.0029036998748779297
algerian_forest_fires_46279,,ordinalencoder,,,HistGradientBoostingClassifier(random_state=0),3,1.0,,,No using Ordinal Hot,0.09806680679321289,0.0033283233642578125
algerian_forest_fires_46279,,ordinalencoder,,,HistGradientBoostingClassifier(random_state=0),4,0.9583333333333334,,,No using Ordinal Hot,0.08900761604309082,0.0032777786254882812
algerian_forest_fires_46279,,ordinalencoder,pca,,HistGradientBoostingClassifier(random_state=0),0,0.8979591836734694,,,No using Ordinal Hot,0.07961368560791016,0.001735687255859375
algerian_forest_fires_46279,,ordinalencoder,pca,,HistGradientBoostingClassifier(random_state=0),1,0.9591836734693877,,,No using Ordinal Hot,0.08996272087097168,0.0018768310546875
algerian_forest_fires_46279,,ordinalencoder,pca,,HistGradientBoostingClassifier(random_state=0),2,0.9183673469387755,,,No using Ordinal Hot,0.08339166641235352,0.0019073486328125
algerian_forest_fires_46279,,ordinalencoder,pca,,HistGradientBoostingClassifier(random_state=0),3,0.9583333333333334,,,No using Ordinal Hot,0.0742788314819336,0.0021555423736572266
algerian_forest_fires_46279,,ordinalencoder,pca,,HistGradientBoostingClassifier(random_state=0),4,0.9583333333333334,,,No using Ordinal Hot,0.0775139331817627,0.001775979995727539
algerian_forest_fires_46279,,ordinalencoder,fastica,,HistGradientBoostingClassifier(random_state=0),0,0.673469387755102,,,No using Ordinal Hot,0.0818166732788086,0.0016376972198486328
algerian_forest_fires_46279,,ordinalencoder,fastica,,HistGradientBoostingClassifier(random_state=0),1,0.7551020408163265,,,No using Ordinal Hot,0.08661842346191406,0.002217531204223633
algerian_forest_fires_46279,,ordinalencoder,fastica,,HistGradientBoostingClassifier(random_state=0),2,0.8979591836734694,,,No using Ordinal Hot,0.07782196998596191,0.0020294189453125
algerian_forest_fires_46279,,ordinalencoder,fastica,,HistGradientBoostingClassifier(random_state=0),3,0.9166666666666666,,,No using Ordinal Hot,0.09150552749633789,0.0022110939025878906
algerian_forest_fires_46279,,ordinalencoder,fastica,,HistGradientBoostingClassifier(random_state=0),4,0.6041666666666666,,,No using Ordinal Hot,0.07666945457458496,0.0015642642974853516
algerian_forest_fires_46279,,ordinalencoder,truncated_svd,,HistGradientBoostingClassifier(random_state=0),0,0.8571428571428571,,,No using Ordinal Hot,0.06778144836425781,0.0016369819641113281
algerian_forest_fires_46279,,ordinalencoder,truncated_svd,,HistGradientBoostingClassifier(random_state=0),1,0.7755102040816326,,,No using Ordinal Hot,0.11349940299987793,0.0019757747650146484
algerian_forest_fires_46279,,ordinalencoder,truncated_svd,,HistGradientBoostingClassifier(random_state=0),2,0.7959183673469388,,,No using Ordinal Hot,0.08090090751647949,0.0018877983093261719
algerian_forest_fires_46279,,ordinalencoder,truncated_svd,,HistGradientBoostingClassifier(random_state=0),3,0.875,,,No using Ordinal Hot,0.08270263671875,0.0020928382873535156
algerian_forest_fires_46279,,ordinalencoder,truncated_svd,,HistGradientBoostingClassifier(random_state=0),4,0.8958333333333334,,,No using Ordinal Hot,0.08153581619262695,0.0022335052490234375
algerian_forest_fires_46279,,ordinalencoder,select_percentile,,HistGradientBoostingClassifier(random_state=0),0,1.0,,,No using Ordinal Hot,0.0883646011352539,0.001768350601196289
algerian_forest_fires_46279,,ordinalencoder,select_percentile,,HistGradientBoostingClassifier(random_state=0),1,0.9795918367346939,,,No using Ordinal Hot,0.08206534385681152,0.002209186553955078
algerian_forest_fires_46279,,ordinalencoder,select_percentile,,HistGradientBoostingClassifier(random_state=0),2,1.0,,,No using Ordinal Hot,0.0853571891784668,0.0020890235900878906
algerian_forest_fires_46279,,ordinalencoder,select_percentile,,HistGradientBoostingClassifier(random_state=0),3,0.9791666666666666,,,No using Ordinal Hot,0.06829452514648438,0.0017855167388916016
algerian_forest_fires_46279,,ordinalencoder,select_percentile,,HistGradientBoostingClassifier(random_state=0),4,0.9375,,,No using Ordinal Hot,0.08330726623535156,0.0021839141845703125
algerian_forest_fires_46279,,ordinalencoder,generic_univariate,,HistGradientBoostingClassifier(random_state=0),0,0.9795918367346939,,,No using Ordinal Hot,0.06927752494812012,0.002146482467651367
algerian_forest_fires_46279,,ordinalencoder,generic_univariate,,HistGradientBoostingClassifier(random_state=0),1,0.9795918367346939,,,No using Ordinal Hot,0.07500910758972168,0.0019447803497314453
algerian_forest_fires_46279,,ordinalencoder,generic_univariate,,HistGradientBoostingClassifier(random_state=0),2,0.9795918367346939,,,No using Ordinal Hot,0.07900834083557129,0.002141714096069336
algerian_forest_fires_46279,,ordinalencoder,generic_univariate,,HistGradientBoostingClassifier(random_state=0),3,0.9583333333333334,,,No using Ordinal Hot,0.07467293739318848,0.002110719680786133
algerian_forest_fires_46279,,ordinalencoder,generic_univariate,,HistGradientBoostingClassifier(random_state=0),4,0.9791666666666666,,,No using Ordinal Hot,0.07265210151672363,0.0020296573638916016
algerian_forest_fires_46279,,ordinalencoder,polynomial_features,,HistGradientBoostingClassifier(random_state=0),0,0.9591836734693877,,,No using Ordinal Hot,0.11566853523254395,0.0021424293518066406
algerian_forest_fires_46279,,ordinalencoder,polynomial_features,,HistGradientBoostingClassifier(random_state=0),1,0.9795918367346939,,,No using Ordinal Hot,0.11314177513122559,0.002073526382446289
algerian_forest_fires_46279,,ordinalencoder,polynomial_features,,HistGradientBoostingClassifier(random_state=0),2,0.9795918367346939,,,No using Ordinal Hot,0.11318397521972656,0.0018024444580078125
algerian_forest_fires_46279,,ordinalencoder,polynomial_features,,HistGradientBoostingClassifier(random_state=0),3,0.9791666666666666,,,No using Ordinal Hot,0.11592745780944824,0.0022072792053222656
algerian_forest_fires_46279,,ordinalencoder,polynomial_features,,HistGradientBoostingClassifier(random_state=0),4,0.9583333333333334,,,No using Ordinal Hot,0.11909747123718262,0.002073526382446289
algerian_forest_fires_46279,,ordinalencoder,nystroem,,HistGradientBoostingClassifier(random_state=0),0,0.8571428571428571,,,No using Ordinal Hot,0.13322138786315918,0.002141714096069336
algerian_forest_fires_46279,,ordinalencoder,nystroem,,HistGradientBoostingClassifier(random_state=0),1,0.8775510204081632,,,No using Ordinal Hot,0.14287590980529785,0.0018532276153564453
algerian_forest_fires_46279,,ordinalencoder,nystroem,,HistGradientBoostingClassifier(random_state=0),2,0.7346938775510204,,,No using Ordinal Hot,0.12189865112304688,0.0016744136810302734
algerian_forest_fires_46279,,ordinalencoder,nystroem,,HistGradientBoostingClassifier(random_state=0),3,0.8958333333333334,,,No using Ordinal Hot,0.12087225914001465,0.001912832260131836
algerian_forest_fires_46279,,ordinalencoder,nystroem,,HistGradientBoostingClassifier(random_state=0),4,0.9583333333333334,,,No using Ordinal Hot,0.17048096656799316,0.0016717910766601562
algerian_forest_fires_46279,,ordinalencoder,rbf_sampler,,HistGradientBoostingClassifier(random_state=0),0,0.6326530612244898,,,No using Ordinal Hot,0.1042184829711914,0.002125263214111328
algerian_forest_fires_46279,,ordinalencoder,rbf_sampler,,HistGradientBoostingClassifier(random_state=0),1,0.5306122448979592,,,No using Ordinal Hot,0.10791516304016113,0.0018401145935058594
algerian_forest_fires_46279,,ordinalencoder,rbf_sampler,,HistGradientBoostingClassifier(random_state=0),2,0.6122448979591837,,,No using Ordinal Hot,0.09832549095153809,0.0018398761749267578
algerian_forest_fires_46279,,ordinalencoder,rbf_sampler,,HistGradientBoostingClassifier(random_state=0),3,0.6458333333333334,,,No using Ordinal Hot,0.10050392150878906,0.0017039775848388672
algerian_forest_fires_46279,,ordinalencoder,rbf_sampler,,HistGradientBoostingClassifier(random_state=0),4,0.4583333333333333,,,No using Ordinal Hot,0.10288286209106445,0.0018656253814697266
algerian_forest_fires_46279,,ordinalencoder,random_trees_embedding,,HistGradientBoostingClassifier(random_state=0),0,,"Erro na combinação 1026 - Imputer: None, Categorização: ordinalencoder, Seleção de Feature: random_trees_embedding, Scaler: None, Fold: 0 - Exception: Sparse data was passed for X, but dense data is required. Use '.toarray()' to convert to a dense numpy array.",,No using Ordinal Hot,0.10288286209106445,0.0018656253814697266
algerian_forest_fires_46279,,ordinalencoder,random_trees_embedding,,HistGradientBoostingClassifier(random_state=0),1,,"Erro na combinação 1027 - Imputer: None, Categorização: ordinalencoder, Seleção de Feature: random_trees_embedding, Scaler: None, Fold: 1 - Exception: Sparse data was passed for X, but dense data is required. Use '.toarray()' to convert to a dense numpy array.",,No using Ordinal Hot,0.10288286209106445,0.0018656253814697266
algerian_forest_fires_46279,,ordinalencoder,random_trees_embedding,,HistGradientBoostingClassifier(random_state=0),2,,"Erro na combinação 1028 - Imputer: None, Categorização: ordinalencoder, Seleção de Feature: random_trees_embedding, Scaler: None, Fold: 2 - Exception: Sparse data was passed for X, but dense data is required. Use '.toarray()' to convert to a dense numpy array.",,No using Ordinal Hot,0.10288286209106445,0.0018656253814697266
algerian_forest_fires_46279,,ordinalencoder,random_trees_embedding,,HistGradientBoostingClassifier(random_state=0),3,,"Erro na combinação 1029 - Imputer: None, Categorização: ordinalencoder, Seleção de Feature: random_trees_embedding, Scaler: None, Fold: 3 - Exception: Sparse data was passed for X, but dense data is required. Use '.toarray()' to convert to a dense numpy array.",,No using Ordinal Hot,0.10288286209106445,0.0018656253814697266
algerian_forest_fires_46279,,ordinalencoder,random_trees_embedding,,HistGradientBoostingClassifier(random_state=0),4,,"Erro na combinação 1030 - Imputer: None, Categorização: ordinalencoder, Seleção de Feature: random_trees_embedding, Scaler: None, Fold: 4 - Exception: Sparse data was passed for X, but dense data is required. Use '.toarray()' to convert to a dense numpy array.",,No using Ordinal Hot,0.10288286209106445,0.0018656253814697266
algerian_forest_fires_46279,,ordinalencoder,feature_agglomeration,,HistGradientBoostingClassifier(random_state=0),0,0.7755102040816326,,,No using Ordinal Hot,0.07345342636108398,0.0016632080078125
algerian_forest_fires_46279,,ordinalencoder,feature_agglomeration,,HistGradientBoostingClassifier(random_state=0),1,0.8367346938775511,,,No using Ordinal Hot,0.07941842079162598,0.0023298263549804688
algerian_forest_fires_46279,,ordinalencoder,feature_agglomeration,,HistGradientBoostingClassifier(random_state=0),2,0.8367346938775511,,,No using Ordinal Hot,0.08150792121887207,0.0019190311431884766
algerian_forest_fires_46279,,ordinalencoder,feature_agglomeration,,HistGradientBoostingClassifier(random_state=0),3,0.8958333333333334,,,No using Ordinal Hot,0.08227419853210449,0.0020630359649658203
algerian_forest_fires_46279,,ordinalencoder,feature_agglomeration,,HistGradientBoostingClassifier(random_state=0),4,0.8333333333333334,,,No using Ordinal Hot,0.07910847663879395,0.0018448829650878906
algerian_forest_fires_46279,,ordinalencoder,extra_tree,,HistGradientBoostingClassifier(random_state=0),0,0.9795918367346939,,,No using Ordinal Hot,0.08812594413757324,0.0019061565399169922
algerian_forest_fires_46279,,ordinalencoder,extra_tree,,HistGradientBoostingClassifier(random_state=0),1,0.9795918367346939,,,No using Ordinal Hot,0.09390974044799805,0.0021092891693115234
algerian_forest_fires_46279,,ordinalencoder,extra_tree,,HistGradientBoostingClassifier(random_state=0),2,0.9795918367346939,,,No using Ordinal Hot,0.09218478202819824,0.0020995140075683594
algerian_forest_fires_46279,,ordinalencoder,extra_tree,,HistGradientBoostingClassifier(random_state=0),3,0.9583333333333334,,,No using Ordinal Hot,0.07924628257751465,0.0020089149475097656
algerian_forest_fires_46279,,ordinalencoder,extra_tree,,HistGradientBoostingClassifier(random_state=0),4,0.9375,,,No using Ordinal Hot,0.07939386367797852,0.0018265247344970703
algerian_forest_fires_46279,,ordinalencoder,linear_svc,,HistGradientBoostingClassifier(random_state=0),0,1.0,,,No using Ordinal Hot,0.08605337142944336,0.00165557861328125
algerian_forest_fires_46279,,ordinalencoder,linear_svc,,HistGradientBoostingClassifier(random_state=0),1,0.9795918367346939,,,No using Ordinal Hot,0.08808398246765137,0.0021715164184570312
algerian_forest_fires_46279,,ordinalencoder,linear_svc,,HistGradientBoostingClassifier(random_state=0),2,0.9795918367346939,,,No using Ordinal Hot,0.08329582214355469,0.0020165443420410156
algerian_forest_fires_46279,,ordinalencoder,linear_svc,,HistGradientBoostingClassifier(random_state=0),3,0.9791666666666666,,,No using Ordinal Hot,0.08875393867492676,0.002028226852416992
algerian_forest_fires_46279,,ordinalencoder,linear_svc,,HistGradientBoostingClassifier(random_state=0),4,0.9791666666666666,,,No using Ordinal Hot,0.08643174171447754,0.002051115036010742
algerian_forest_fires_46279,,ordinalencoder,kernel_pca,,HistGradientBoostingClassifier(random_state=0),0,0.8979591836734694,,,No using Ordinal Hot,0.13136768341064453,0.0021631717681884766
algerian_forest_fires_46279,,ordinalencoder,kernel_pca,,HistGradientBoostingClassifier(random_state=0),1,0.9591836734693877,,,No using Ordinal Hot,0.137864351272583,0.001819610595703125
algerian_forest_fires_46279,,ordinalencoder,kernel_pca,,HistGradientBoostingClassifier(random_state=0),2,0.9183673469387755,,,No using Ordinal Hot,0.14287805557250977,0.0017609596252441406
algerian_forest_fires_46279,,ordinalencoder,kernel_pca,,HistGradientBoostingClassifier(random_state=0),3,0.9791666666666666,,,No using Ordinal Hot,0.13366198539733887,0.002224445343017578
algerian_forest_fires_46279,,ordinalencoder,kernel_pca,,HistGradientBoostingClassifier(random_state=0),4,0.9583333333333334,,,No using Ordinal Hot,0.1375260353088379,0.0020003318786621094
algerian_forest_fires_46279,,ordinalencoder,,standard,HistGradientBoostingClassifier(random_state=0),0,0.9795918367346939,,,No using Ordinal Hot,0.08370804786682129,0.0020482540130615234
algerian_forest_fires_46279,,ordinalencoder,,standard,HistGradientBoostingClassifier(random_state=0),1,0.9795918367346939,,,No using Ordinal Hot,0.0959768295288086,0.0018334388732910156
algerian_forest_fires_46279,,ordinalencoder,,standard,HistGradientBoostingClassifier(random_state=0),2,0.9795918367346939,,,No using Ordinal Hot,0.08971714973449707,0.0017535686492919922
algerian_forest_fires_46279,,ordinalencoder,,standard,HistGradientBoostingClassifier(random_state=0),3,1.0,,,No using Ordinal Hot,0.09891057014465332,0.002159595489501953
algerian_forest_fires_46279,,ordinalencoder,,standard,HistGradientBoostingClassifier(random_state=0),4,0.9583333333333334,,,No using Ordinal Hot,0.08630990982055664,0.002427816390991211
algerian_forest_fires_46279,,ordinalencoder,pca,standard,HistGradientBoostingClassifier(random_state=0),0,0.8571428571428571,,,No using Ordinal Hot,0.08856844902038574,0.0018696784973144531
algerian_forest_fires_46279,,ordinalencoder,pca,standard,HistGradientBoostingClassifier(random_state=0),1,0.9387755102040817,,,No using Ordinal Hot,0.09326624870300293,0.0018634796142578125
algerian_forest_fires_46279,,ordinalencoder,pca,standard,HistGradientBoostingClassifier(random_state=0),2,0.9591836734693877,,,No using Ordinal Hot,0.09336590766906738,0.0016293525695800781
algerian_forest_fires_46279,,ordinalencoder,pca,standard,HistGradientBoostingClassifier(random_state=0),3,0.9791666666666666,,,No using Ordinal Hot,0.09099340438842773,0.001851797103881836
algerian_forest_fires_46279,,ordinalencoder,pca,standard,HistGradientBoostingClassifier(random_state=0),4,0.9375,,,No using Ordinal Hot,0.08131909370422363,0.00173187255859375
algerian_forest_fires_46279,,ordinalencoder,fastica,standard,HistGradientBoostingClassifier(random_state=0),0,0.7142857142857143,,,No using Ordinal Hot,0.09591388702392578,0.0017364025115966797
algerian_forest_fires_46279,,ordinalencoder,fastica,standard,HistGradientBoostingClassifier(random_state=0),1,0.6326530612244898,,,No using Ordinal Hot,0.08022665977478027,0.001905679702758789
algerian_forest_fires_46279,,ordinalencoder,fastica,standard,HistGradientBoostingClassifier(random_state=0),2,0.7755102040816326,,,No using Ordinal Hot,0.07975435256958008,0.0022351741790771484
algerian_forest_fires_46279,,ordinalencoder,fastica,standard,HistGradientBoostingClassifier(random_state=0),3,0.9583333333333334,,,No using Ordinal Hot,0.07556319236755371,0.0016217231750488281
algerian_forest_fires_46279,,ordinalencoder,fastica,standard,HistGradientBoostingClassifier(random_state=0),4,0.7916666666666666,,,No using Ordinal Hot,0.07740664482116699,0.0019009113311767578
algerian_forest_fires_46279,,ordinalencoder,truncated_svd,standard,HistGradientBoostingClassifier(random_state=0),0,0.8571428571428571,,,No using Ordinal Hot,0.07793426513671875,0.001977682113647461
algerian_forest_fires_46279,,ordinalencoder,truncated_svd,standard,HistGradientBoostingClassifier(random_state=0),1,0.8163265306122449,,,No using Ordinal Hot,0.08016800880432129,0.0020890235900878906
algerian_forest_fires_46279,,ordinalencoder,truncated_svd,standard,HistGradientBoostingClassifier(random_state=0),2,0.8571428571428571,,,No using Ordinal Hot,0.0798025131225586,0.002197265625
algerian_forest_fires_46279,,ordinalencoder,truncated_svd,standard,HistGradientBoostingClassifier(random_state=0),3,0.875,,,No using Ordinal Hot,0.08366227149963379,0.0018391609191894531
algerian_forest_fires_46279,,ordinalencoder,truncated_svd,standard,HistGradientBoostingClassifier(random_state=0),4,0.875,,,No using Ordinal Hot,0.08600282669067383,0.002086162567138672
algerian_forest_fires_46279,,ordinalencoder,select_percentile,standard,HistGradientBoostingClassifier(random_state=0),0,1.0,,,No using Ordinal Hot,0.0849459171295166,0.002093791961669922
algerian_forest_fires_46279,,ordinalencoder,select_percentile,standard,HistGradientBoostingClassifier(random_state=0),1,0.9795918367346939,,,No using Ordinal Hot,0.08333158493041992,0.0017979145050048828
algerian_forest_fires_46279,,ordinalencoder,select_percentile,standard,HistGradientBoostingClassifier(random_state=0),2,1.0,,,No using Ordinal Hot,0.08014822006225586,0.0021414756774902344
algerian_forest_fires_46279,,ordinalencoder,select_percentile,standard,HistGradientBoostingClassifier(random_state=0),3,0.9791666666666666,,,No using Ordinal Hot,0.07966089248657227,0.0022161006927490234
algerian_forest_fires_46279,,ordinalencoder,select_percentile,standard,HistGradientBoostingClassifier(random_state=0),4,0.9375,,,No using Ordinal Hot,0.07581448554992676,0.0020339488983154297
algerian_forest_fires_46279,,ordinalencoder,generic_univariate,standard,HistGradientBoostingClassifier(random_state=0),0,0.9795918367346939,,,No using Ordinal Hot,0.06598258018493652,0.002289295196533203
algerian_forest_fires_46279,,ordinalencoder,generic_univariate,standard,HistGradientBoostingClassifier(random_state=0),1,0.9795918367346939,,,No using Ordinal Hot,0.06858968734741211,0.0018830299377441406
algerian_forest_fires_46279,,ordinalencoder,generic_univariate,standard,HistGradientBoostingClassifier(random_state=0),2,0.9795918367346939,,,No using Ordinal Hot,0.0693819522857666,0.0016942024230957031
algerian_forest_fires_46279,,ordinalencoder,generic_univariate,standard,HistGradientBoostingClassifier(random_state=0),3,0.9583333333333334,,,No using Ordinal Hot,0.06372356414794922,0.0017769336700439453
algerian_forest_fires_46279,,ordinalencoder,generic_univariate,standard,HistGradientBoostingClassifier(random_state=0),4,0.9791666666666666,,,No using Ordinal Hot,0.07608747482299805,0.0019829273223876953
algerian_forest_fires_46279,,ordinalencoder,polynomial_features,standard,HistGradientBoostingClassifier(random_state=0),0,0.9591836734693877,,,No using Ordinal Hot,0.10631728172302246,0.0016865730285644531
algerian_forest_fires_46279,,ordinalencoder,polynomial_features,standard,HistGradientBoostingClassifier(random_state=0),1,0.9795918367346939,,,No using Ordinal Hot,0.11711430549621582,0.001567840576171875
algerian_forest_fires_46279,,ordinalencoder,polynomial_features,standard,HistGradientBoostingClassifier(random_state=0),2,0.9795918367346939,,,No using Ordinal Hot,0.12136244773864746,0.0024504661560058594
algerian_forest_fires_46279,,ordinalencoder,polynomial_features,standard,HistGradientBoostingClassifier(random_state=0),3,0.9583333333333334,,,No using Ordinal Hot,0.11891365051269531,0.0016510486602783203
algerian_forest_fires_46279,,ordinalencoder,polynomial_features,standard,HistGradientBoostingClassifier(random_state=0),4,0.9375,,,No using Ordinal Hot,0.11806941032409668,0.0021047592163085938
algerian_forest_fires_46279,,ordinalencoder,nystroem,standard,HistGradientBoostingClassifier(random_state=0),0,0.8979591836734694,,,No using Ordinal Hot,0.18417930603027344,0.0017783641815185547
algerian_forest_fires_46279,,ordinalencoder,nystroem,standard,HistGradientBoostingClassifier(random_state=0),1,0.9387755102040817,,,No using Ordinal Hot,0.16651511192321777,0.001878499984741211
algerian_forest_fires_46279,,ordinalencoder,nystroem,standard,HistGradientBoostingClassifier(random_state=0),2,0.8979591836734694,,,No using Ordinal Hot,0.13066983222961426,0.0021066665649414062
algerian_forest_fires_46279,,ordinalencoder,nystroem,standard,HistGradientBoostingClassifier(random_state=0),3,0.9583333333333334,,,No using Ordinal Hot,0.13402128219604492,0.002103567123413086
algerian_forest_fires_46279,,ordinalencoder,nystroem,standard,HistGradientBoostingClassifier(random_state=0),4,0.9375,,,No using Ordinal Hot,0.16047072410583496,0.00180816650390625
algerian_forest_fires_46279,,ordinalencoder,rbf_sampler,standard,HistGradientBoostingClassifier(random_state=0),0,0.7142857142857143,,,No using Ordinal Hot,0.10936689376831055,0.00164031982421875
algerian_forest_fires_46279,,ordinalencoder,rbf_sampler,standard,HistGradientBoostingClassifier(random_state=0),1,0.7755102040816326,,,No using Ordinal Hot,0.10911917686462402,0.001645803451538086
algerian_forest_fires_46279,,ordinalencoder,rbf_sampler,standard,HistGradientBoostingClassifier(random_state=0),2,0.7142857142857143,,,No using Ordinal Hot,0.11121177673339844,0.002217531204223633
algerian_forest_fires_46279,,ordinalencoder,rbf_sampler,standard,HistGradientBoostingClassifier(random_state=0),3,0.7708333333333334,,,No using Ordinal Hot,0.1017463207244873,0.0019526481628417969
algerian_forest_fires_46279,,ordinalencoder,rbf_sampler,standard,HistGradientBoostingClassifier(random_state=0),4,0.7083333333333334,,,No using Ordinal Hot,0.11206984519958496,0.002151012420654297
algerian_forest_fires_46279,,ordinalencoder,random_trees_embedding,standard,HistGradientBoostingClassifier(random_state=0),0,,"Erro na combinação 1096 - Imputer: None, Categorização: ordinalencoder, Seleção de Feature: random_trees_embedding, Scaler: standard, Fold: 0 - Exception: Sparse data was passed for X, but dense data is required. Use '.toarray()' to convert to a dense numpy array.",,No using Ordinal Hot,0.11206984519958496,0.002151012420654297
algerian_forest_fires_46279,,ordinalencoder,random_trees_embedding,standard,HistGradientBoostingClassifier(random_state=0),1,,"Erro na combinação 1097 - Imputer: None, Categorização: ordinalencoder, Seleção de Feature: random_trees_embedding, Scaler: standard, Fold: 1 - Exception: Sparse data was passed for X, but dense data is required. Use '.toarray()' to convert to a dense numpy array.",,No using Ordinal Hot,0.11206984519958496,0.002151012420654297
algerian_forest_fires_46279,,ordinalencoder,random_trees_embedding,standard,HistGradientBoostingClassifier(random_state=0),2,,"Erro na combinação 1098 - Imputer: None, Categorização: ordinalencoder, Seleção de Feature: random_trees_embedding, Scaler: standard, Fold: 2 - Exception: Sparse data was passed for X, but dense data is required. Use '.toarray()' to convert to a dense numpy array.",,No using Ordinal Hot,0.11206984519958496,0.002151012420654297
algerian_forest_fires_46279,,ordinalencoder,random_trees_embedding,standard,HistGradientBoostingClassifier(random_state=0),3,,"Erro na combinação 1099 - Imputer: None, Categorização: ordinalencoder, Seleção de Feature: random_trees_embedding, Scaler: standard, Fold: 3 - Exception: Sparse data was passed for X, but dense data is required. Use '.toarray()' to convert to a dense numpy array.",,No using Ordinal Hot,0.11206984519958496,0.002151012420654297
algerian_forest_fires_46279,,ordinalencoder,random_trees_embedding,standard,HistGradientBoostingClassifier(random_state=0),4,,"Erro na combinação 1100 - Imputer: None, Categorização: ordinalencoder, Seleção de Feature: random_trees_embedding, Scaler: standard, Fold: 4 - Exception: Sparse data was passed for X, but dense data is required. Use '.toarray()' to convert to a dense numpy array.",,No using Ordinal Hot,0.11206984519958496,0.002151012420654297
algerian_forest_fires_46279,,ordinalencoder,feature_agglomeration,standard,HistGradientBoostingClassifier(random_state=0),0,0.8163265306122449,,,No using Ordinal Hot,0.08179831504821777,0.0017096996307373047
algerian_forest_fires_46279,,ordinalencoder,feature_agglomeration,standard,HistGradientBoostingClassifier(random_state=0),1,0.8163265306122449,,,No using Ordinal Hot,0.0792694091796875,0.0016713142395019531
algerian_forest_fires_46279,,ordinalencoder,feature_agglomeration,standard,HistGradientBoostingClassifier(random_state=0),2,0.8979591836734694,,,No using Ordinal Hot,0.0818488597869873,0.0023429393768310547
algerian_forest_fires_46279,,ordinalencoder,feature_agglomeration,standard,HistGradientBoostingClassifier(random_state=0),3,0.8958333333333334,,,No using Ordinal Hot,0.07015609741210938,0.001445770263671875
algerian_forest_fires_46279,,ordinalencoder,feature_agglomeration,standard,HistGradientBoostingClassifier(random_state=0),4,0.8333333333333334,,,No using Ordinal Hot,0.0711212158203125,0.002043485641479492
algerian_forest_fires_46279,,ordinalencoder,extra_tree,standard,HistGradientBoostingClassifier(random_state=0),0,0.9795918367346939,,,No using Ordinal Hot,0.09089517593383789,0.002038240432739258
algerian_forest_fires_46279,,ordinalencoder,extra_tree,standard,HistGradientBoostingClassifier(random_state=0),1,0.9795918367346939,,,No using Ordinal Hot,0.07898211479187012,0.001734018325805664
algerian_forest_fires_46279,,ordinalencoder,extra_tree,standard,HistGradientBoostingClassifier(random_state=0),2,0.9795918367346939,,,No using Ordinal Hot,0.08431458473205566,0.0020630359649658203
algerian_forest_fires_46279,,ordinalencoder,extra_tree,standard,HistGradientBoostingClassifier(random_state=0),3,0.9583333333333334,,,No using Ordinal Hot,0.0808253288269043,0.002344846725463867
algerian_forest_fires_46279,,ordinalencoder,extra_tree,standard,HistGradientBoostingClassifier(random_state=0),4,0.9375,,,No using Ordinal Hot,0.07370424270629883,0.0020596981048583984
algerian_forest_fires_46279,,ordinalencoder,linear_svc,standard,HistGradientBoostingClassifier(random_state=0),0,1.0,,,No using Ordinal Hot,0.0926506519317627,0.0021953582763671875
algerian_forest_fires_46279,,ordinalencoder,linear_svc,standard,HistGradientBoostingClassifier(random_state=0),1,0.9795918367346939,,,No using Ordinal Hot,0.09869813919067383,0.002237558364868164
algerian_forest_fires_46279,,ordinalencoder,linear_svc,standard,HistGradientBoostingClassifier(random_state=0),2,0.9591836734693877,,,No using Ordinal Hot,0.08228945732116699,0.001825571060180664
algerian_forest_fires_46279,,ordinalencoder,linear_svc,standard,HistGradientBoostingClassifier(random_state=0),3,1.0,,,No using Ordinal Hot,0.08461904525756836,0.001928567886352539
algerian_forest_fires_46279,,ordinalencoder,linear_svc,standard,HistGradientBoostingClassifier(random_state=0),4,0.9375,,,No using Ordinal Hot,0.08425068855285645,0.0016281604766845703
algerian_forest_fires_46279,,ordinalencoder,kernel_pca,standard,HistGradientBoostingClassifier(random_state=0),0,0.8775510204081632,,,No using Ordinal Hot,0.14202880859375,0.002160787582397461
algerian_forest_fires_46279,,ordinalencoder,kernel_pca,standard,HistGradientBoostingClassifier(random_state=0),1,0.9387755102040817,,,No using Ordinal Hot,0.13094162940979004,0.001758575439453125
algerian_forest_fires_46279,,ordinalencoder,kernel_pca,standard,HistGradientBoostingClassifier(random_state=0),2,0.9387755102040817,,,No using Ordinal Hot,0.15238070487976074,0.0019059181213378906
algerian_forest_fires_46279,,ordinalencoder,kernel_pca,standard,HistGradientBoostingClassifier(random_state=0),3,1.0,,,No using Ordinal Hot,0.14762377738952637,0.0021321773529052734
algerian_forest_fires_46279,,ordinalencoder,kernel_pca,standard,HistGradientBoostingClassifier(random_state=0),4,0.9375,,,No using Ordinal Hot,0.14284491539001465,0.0020623207092285156
algerian_forest_fires_46279,,ordinalencoder,,minmax,HistGradientBoostingClassifier(random_state=0),0,0.9795918367346939,,,No using Ordinal Hot,0.08596682548522949,0.002093076705932617
algerian_forest_fires_46279,,ordinalencoder,,minmax,HistGradientBoostingClassifier(random_state=0),1,0.9795918367346939,,,No using Ordinal Hot,0.08915114402770996,0.0016989707946777344
algerian_forest_fires_46279,,ordinalencoder,,minmax,HistGradientBoostingClassifier(random_state=0),2,0.9795918367346939,,,No using Ordinal Hot,0.08080673217773438,0.0017001628875732422
algerian_forest_fires_46279,,ordinalencoder,,minmax,HistGradientBoostingClassifier(random_state=0),3,1.0,,,No using Ordinal Hot,0.0875852108001709,0.001730203628540039
algerian_forest_fires_46279,,ordinalencoder,,minmax,HistGradientBoostingClassifier(random_state=0),4,0.9583333333333334,,,No using Ordinal Hot,0.08520317077636719,0.0021800994873046875
algerian_forest_fires_46279,,ordinalencoder,pca,minmax,HistGradientBoostingClassifier(random_state=0),0,0.9183673469387755,,,No using Ordinal Hot,0.07989335060119629,0.0019528865814208984
algerian_forest_fires_46279,,ordinalencoder,pca,minmax,HistGradientBoostingClassifier(random_state=0),1,0.9387755102040817,,,No using Ordinal Hot,0.09542632102966309,0.0022318363189697266
algerian_forest_fires_46279,,ordinalencoder,pca,minmax,HistGradientBoostingClassifier(random_state=0),2,0.9183673469387755,,,No using Ordinal Hot,0.08521795272827148,0.0022068023681640625
algerian_forest_fires_46279,,ordinalencoder,pca,minmax,HistGradientBoostingClassifier(random_state=0),3,0.9583333333333334,,,No using Ordinal Hot,0.08129310607910156,0.002161264419555664
algerian_forest_fires_46279,,ordinalencoder,pca,minmax,HistGradientBoostingClassifier(random_state=0),4,0.9583333333333334,,,No using Ordinal Hot,0.08319544792175293,0.0016121864318847656
algerian_forest_fires_46279,,ordinalencoder,fastica,minmax,HistGradientBoostingClassifier(random_state=0),0,0.8163265306122449,,,No using Ordinal Hot,0.07379674911499023,0.0016613006591796875
algerian_forest_fires_46279,,ordinalencoder,fastica,minmax,HistGradientBoostingClassifier(random_state=0),1,0.8571428571428571,,,No using Ordinal Hot,0.07508659362792969,0.0022356510162353516
algerian_forest_fires_46279,,ordinalencoder,fastica,minmax,HistGradientBoostingClassifier(random_state=0),2,0.7551020408163265,,,No using Ordinal Hot,0.07947468757629395,0.0018112659454345703
algerian_forest_fires_46279,,ordinalencoder,fastica,minmax,HistGradientBoostingClassifier(random_state=0),3,0.8958333333333334,,,No using Ordinal Hot,0.0835123062133789,0.002128124237060547
algerian_forest_fires_46279,,ordinalencoder,fastica,minmax,HistGradientBoostingClassifier(random_state=0),4,0.8958333333333334,,,No using Ordinal Hot,0.07533502578735352,0.0020599365234375
algerian_forest_fires_46279,,ordinalencoder,truncated_svd,minmax,HistGradientBoostingClassifier(random_state=0),0,0.8163265306122449,,,No using Ordinal Hot,0.0704648494720459,0.0016400814056396484
algerian_forest_fires_46279,,ordinalencoder,truncated_svd,minmax,HistGradientBoostingClassifier(random_state=0),1,0.8571428571428571,,,No using Ordinal Hot,0.07981085777282715,0.0020821094512939453
algerian_forest_fires_46279,,ordinalencoder,truncated_svd,minmax,HistGradientBoostingClassifier(random_state=0),2,0.8367346938775511,,,No using Ordinal Hot,0.07932543754577637,0.001600503921508789
algerian_forest_fires_46279,,ordinalencoder,truncated_svd,minmax,HistGradientBoostingClassifier(random_state=0),3,0.8541666666666666,,,No using Ordinal Hot,0.08851122856140137,0.0020477771759033203
algerian_forest_fires_46279,,ordinalencoder,truncated_svd,minmax,HistGradientBoostingClassifier(random_state=0),4,0.8541666666666666,,,No using Ordinal Hot,0.07374000549316406,0.0017414093017578125
algerian_forest_fires_46279,,ordinalencoder,select_percentile,minmax,HistGradientBoostingClassifier(random_state=0),0,1.0,,,No using Ordinal Hot,0.0891885757446289,0.0022220611572265625
algerian_forest_fires_46279,,ordinalencoder,select_percentile,minmax,HistGradientBoostingClassifier(random_state=0),1,0.9795918367346939,,,No using Ordinal Hot,0.08520889282226562,0.002189159393310547
algerian_forest_fires_46279,,ordinalencoder,select_percentile,minmax,HistGradientBoostingClassifier(random_state=0),2,1.0,,,No using Ordinal Hot,0.08508729934692383,0.0016846656799316406
algerian_forest_fires_46279,,ordinalencoder,select_percentile,minmax,HistGradientBoostingClassifier(random_state=0),3,0.9791666666666666,,,No using Ordinal Hot,0.07903051376342773,0.001567840576171875
algerian_forest_fires_46279,,ordinalencoder,select_percentile,minmax,HistGradientBoostingClassifier(random_state=0),4,0.9375,,,No using Ordinal Hot,0.07706093788146973,0.001695394515991211
algerian_forest_fires_46279,,ordinalencoder,generic_univariate,minmax,HistGradientBoostingClassifier(random_state=0),0,0.9795918367346939,,,No using Ordinal Hot,0.07332944869995117,0.0018002986907958984
algerian_forest_fires_46279,,ordinalencoder,generic_univariate,minmax,HistGradientBoostingClassifier(random_state=0),1,0.9795918367346939,,,No using Ordinal Hot,0.06598067283630371,0.0015118122100830078
algerian_forest_fires_46279,,ordinalencoder,generic_univariate,minmax,HistGradientBoostingClassifier(random_state=0),2,0.9795918367346939,,,No using Ordinal Hot,0.07038283348083496,0.0020380020141601562
algerian_forest_fires_46279,,ordinalencoder,generic_univariate,minmax,HistGradientBoostingClassifier(random_state=0),3,0.9583333333333334,,,No using Ordinal Hot,0.05977153778076172,0.0017468929290771484
algerian_forest_fires_46279,,ordinalencoder,generic_univariate,minmax,HistGradientBoostingClassifier(random_state=0),4,0.9791666666666666,,,No using Ordinal Hot,0.07104039192199707,0.002093791961669922
algerian_forest_fires_46279,,ordinalencoder,polynomial_features,minmax,HistGradientBoostingClassifier(random_state=0),0,0.9591836734693877,,,No using Ordinal Hot,0.11060619354248047,0.001638650894165039
algerian_forest_fires_46279,,ordinalencoder,polynomial_features,minmax,HistGradientBoostingClassifier(random_state=0),1,0.9795918367346939,,,No using Ordinal Hot,0.10768747329711914,0.002023935317993164
algerian_forest_fires_46279,,ordinalencoder,polynomial_features,minmax,HistGradientBoostingClassifier(random_state=0),2,0.9795918367346939,,,No using Ordinal Hot,0.12533068656921387,0.002267599105834961
algerian_forest_fires_46279,,ordinalencoder,polynomial_features,minmax,HistGradientBoostingClassifier(random_state=0),3,1.0,,,No using Ordinal Hot,0.12468647956848145,0.00201416015625
algerian_forest_fires_46279,,ordinalencoder,polynomial_features,minmax,HistGradientBoostingClassifier(random_state=0),4,0.9583333333333334,,,No using Ordinal Hot,0.11938691139221191,0.0021142959594726562
algerian_forest_fires_46279,,ordinalencoder,nystroem,minmax,HistGradientBoostingClassifier(random_state=0),0,0.8979591836734694,,,No using Ordinal Hot,0.1304950714111328,0.0022232532501220703
algerian_forest_fires_46279,,ordinalencoder,nystroem,minmax,HistGradientBoostingClassifier(random_state=0),1,0.9387755102040817,,,No using Ordinal Hot,0.11496186256408691,0.0021109580993652344
algerian_forest_fires_46279,,ordinalencoder,nystroem,minmax,HistGradientBoostingClassifier(random_state=0),2,0.9387755102040817,,,No using Ordinal Hot,0.11377286911010742,0.0018146038055419922
algerian_forest_fires_46279,,ordinalencoder,nystroem,minmax,HistGradientBoostingClassifier(random_state=0),3,0.9583333333333334,,,No using Ordinal Hot,0.1477663516998291,0.002162456512451172
algerian_forest_fires_46279,,ordinalencoder,nystroem,minmax,HistGradientBoostingClassifier(random_state=0),4,0.9375,,,No using Ordinal Hot,0.15057754516601562,0.002148151397705078
algerian_forest_fires_46279,,ordinalencoder,rbf_sampler,minmax,HistGradientBoostingClassifier(random_state=0),0,0.9795918367346939,,,No using Ordinal Hot,0.11723446846008301,0.0017056465148925781
algerian_forest_fires_46279,,ordinalencoder,rbf_sampler,minmax,HistGradientBoostingClassifier(random_state=0),1,1.0,,,No using Ordinal Hot,0.11313271522521973,0.0016863346099853516
algerian_forest_fires_46279,,ordinalencoder,rbf_sampler,minmax,HistGradientBoostingClassifier(random_state=0),2,0.9387755102040817,,,No using Ordinal Hot,0.11516284942626953,0.0022704601287841797
algerian_forest_fires_46279,,ordinalencoder,rbf_sampler,minmax,HistGradientBoostingClassifier(random_state=0),3,0.9583333333333334,,,No using Ordinal Hot,0.1073920726776123,0.0015978813171386719
algerian_forest_fires_46279,,ordinalencoder,rbf_sampler,minmax,HistGradientBoostingClassifier(random_state=0),4,0.9375,,,No using Ordinal Hot,0.1078042984008789,0.001619100570678711
algerian_forest_fires_46279,,ordinalencoder,random_trees_embedding,minmax,HistGradientBoostingClassifier(random_state=0),0,,"Erro na combinação 1166 - Imputer: None, Categorização: ordinalencoder, Seleção de Feature: random_trees_embedding, Scaler: minmax, Fold: 0 - Exception: Sparse data was passed for X, but dense data is required. Use '.toarray()' to convert to a dense numpy array.",,No using Ordinal Hot,0.1078042984008789,0.001619100570678711
algerian_forest_fires_46279,,ordinalencoder,random_trees_embedding,minmax,HistGradientBoostingClassifier(random_state=0),1,,"Erro na combinação 1167 - Imputer: None, Categorização: ordinalencoder, Seleção de Feature: random_trees_embedding, Scaler: minmax, Fold: 1 - Exception: Sparse data was passed for X, but dense data is required. Use '.toarray()' to convert to a dense numpy array.",,No using Ordinal Hot,0.1078042984008789,0.001619100570678711
algerian_forest_fires_46279,,ordinalencoder,random_trees_embedding,minmax,HistGradientBoostingClassifier(random_state=0),2,,"Erro na combinação 1168 - Imputer: None, Categorização: ordinalencoder, Seleção de Feature: random_trees_embedding, Scaler: minmax, Fold: 2 - Exception: Sparse data was passed for X, but dense data is required. Use '.toarray()' to convert to a dense numpy array.",,No using Ordinal Hot,0.1078042984008789,0.001619100570678711
algerian_forest_fires_46279,,ordinalencoder,random_trees_embedding,minmax,HistGradientBoostingClassifier(random_state=0),3,,"Erro na combinação 1169 - Imputer: None, Categorização: ordinalencoder, Seleção de Feature: random_trees_embedding, Scaler: minmax, Fold: 3 - Exception: Sparse data was passed for X, but dense data is required. Use '.toarray()' to convert to a dense numpy array.",,No using Ordinal Hot,0.1078042984008789,0.001619100570678711
algerian_forest_fires_46279,,ordinalencoder,random_trees_embedding,minmax,HistGradientBoostingClassifier(random_state=0),4,,"Erro na combinação 1170 - Imputer: None, Categorização: ordinalencoder, Seleção de Feature: random_trees_embedding, Scaler: minmax, Fold: 4 - Exception: Sparse data was passed for X, but dense data is required. Use '.toarray()' to convert to a dense numpy array.",,No using Ordinal Hot,0.1078042984008789,0.001619100570678711
algerian_forest_fires_46279,,ordinalencoder,feature_agglomeration,minmax,HistGradientBoostingClassifier(random_state=0),0,0.8367346938775511,,,No using Ordinal Hot,0.0798192024230957,0.0017821788787841797
algerian_forest_fires_46279,,ordinalencoder,feature_agglomeration,minmax,HistGradientBoostingClassifier(random_state=0),1,0.8979591836734694,,,No using Ordinal Hot,0.0718393325805664,0.001634359359741211
algerian_forest_fires_46279,,ordinalencoder,feature_agglomeration,minmax,HistGradientBoostingClassifier(random_state=0),2,0.8571428571428571,,,No using Ordinal Hot,0.07962846755981445,0.0016150474548339844
algerian_forest_fires_46279,,ordinalencoder,feature_agglomeration,minmax,HistGradientBoostingClassifier(random_state=0),3,0.8333333333333334,,,No using Ordinal Hot,0.0848994255065918,0.0021338462829589844
algerian_forest_fires_46279,,ordinalencoder,feature_agglomeration,minmax,HistGradientBoostingClassifier(random_state=0),4,0.9166666666666666,,,No using Ordinal Hot,0.07517838478088379,0.0015943050384521484
algerian_forest_fires_46279,,ordinalencoder,extra_tree,minmax,HistGradientBoostingClassifier(random_state=0),0,0.9795918367346939,,,No using Ordinal Hot,0.09061050415039062,0.002092599868774414
algerian_forest_fires_46279,,ordinalencoder,extra_tree,minmax,HistGradientBoostingClassifier(random_state=0),1,0.9795918367346939,,,No using Ordinal Hot,0.09117603302001953,0.0025472640991210938
algerian_forest_fires_46279,,ordinalencoder,extra_tree,minmax,HistGradientBoostingClassifier(random_state=0),2,0.9795918367346939,,,No using Ordinal Hot,0.08190417289733887,0.0017459392547607422
algerian_forest_fires_46279,,ordinalencoder,extra_tree,minmax,HistGradientBoostingClassifier(random_state=0),3,0.9583333333333334,,,No using Ordinal Hot,0.09108448028564453,0.002016305923461914
algerian_forest_fires_46279,,ordinalencoder,extra_tree,minmax,HistGradientBoostingClassifier(random_state=0),4,0.9375,,,No using Ordinal Hot,0.09521317481994629,0.00225067138671875
algerian_forest_fires_46279,,ordinalencoder,linear_svc,minmax,HistGradientBoostingClassifier(random_state=0),0,1.0,,,No using Ordinal Hot,0.08685970306396484,0.001729726791381836
algerian_forest_fires_46279,,ordinalencoder,linear_svc,minmax,HistGradientBoostingClassifier(random_state=0),1,0.9795918367346939,,,No using Ordinal Hot,0.07849287986755371,0.0017359256744384766
algerian_forest_fires_46279,,ordinalencoder,linear_svc,minmax,HistGradientBoostingClassifier(random_state=0),2,0.9795918367346939,,,No using Ordinal Hot,0.07827591896057129,0.0016298294067382812
algerian_forest_fires_46279,,ordinalencoder,linear_svc,minmax,HistGradientBoostingClassifier(random_state=0),3,0.9791666666666666,,,No using Ordinal Hot,0.09191250801086426,0.002176523208618164
algerian_forest_fires_46279,,ordinalencoder,linear_svc,minmax,HistGradientBoostingClassifier(random_state=0),4,0.9375,,,No using Ordinal Hot,0.07525873184204102,0.0016579627990722656
algerian_forest_fires_46279,,ordinalencoder,kernel_pca,minmax,HistGradientBoostingClassifier(random_state=0),0,0.9183673469387755,,,No using Ordinal Hot,0.13020539283752441,0.0018177032470703125
algerian_forest_fires_46279,,ordinalencoder,kernel_pca,minmax,HistGradientBoostingClassifier(random_state=0),1,0.9591836734693877,,,No using Ordinal Hot,0.15218019485473633,0.0021703243255615234
algerian_forest_fires_46279,,ordinalencoder,kernel_pca,minmax,HistGradientBoostingClassifier(random_state=0),2,0.8979591836734694,,,No using Ordinal Hot,0.15382075309753418,0.002113819122314453
algerian_forest_fires_46279,,ordinalencoder,kernel_pca,minmax,HistGradientBoostingClassifier(random_state=0),3,0.9583333333333334,,,No using Ordinal Hot,0.1645035743713379,0.0018663406372070312
algerian_forest_fires_46279,,ordinalencoder,kernel_pca,minmax,HistGradientBoostingClassifier(random_state=0),4,0.9375,,,No using Ordinal Hot,0.13704228401184082,0.002238035202026367
algerian_forest_fires_46279,,ordinalencoder,,robust,HistGradientBoostingClassifier(random_state=0),0,0.9795918367346939,,,No using Ordinal Hot,0.0866231918334961,0.0018398761749267578
algerian_forest_fires_46279,,ordinalencoder,,robust,HistGradientBoostingClassifier(random_state=0),1,0.9795918367346939,,,No using Ordinal Hot,0.08278465270996094,0.0015909671783447266
algerian_forest_fires_46279,,ordinalencoder,,robust,HistGradientBoostingClassifier(random_state=0),2,0.9795918367346939,,,No using Ordinal Hot,0.08728647232055664,0.0022063255310058594
algerian_forest_fires_46279,,ordinalencoder,,robust,HistGradientBoostingClassifier(random_state=0),3,1.0,,,No using Ordinal Hot,0.09225964546203613,0.0021212100982666016
algerian_forest_fires_46279,,ordinalencoder,,robust,HistGradientBoostingClassifier(random_state=0),4,0.9583333333333334,,,No using Ordinal Hot,0.09391522407531738,0.0022444725036621094
algerian_forest_fires_46279,,ordinalencoder,pca,robust,HistGradientBoostingClassifier(random_state=0),0,0.8571428571428571,,,No using Ordinal Hot,0.08022570610046387,0.0020966529846191406
algerian_forest_fires_46279,,ordinalencoder,pca,robust,HistGradientBoostingClassifier(random_state=0),1,0.9795918367346939,,,No using Ordinal Hot,0.07880830764770508,0.0016722679138183594
algerian_forest_fires_46279,,ordinalencoder,pca,robust,HistGradientBoostingClassifier(random_state=0),2,0.8775510204081632,,,No using Ordinal Hot,0.0754702091217041,0.001714944839477539
algerian_forest_fires_46279,,ordinalencoder,pca,robust,HistGradientBoostingClassifier(random_state=0),3,0.9166666666666666,,,No using Ordinal Hot,0.09252524375915527,0.002142667770385742
algerian_forest_fires_46279,,ordinalencoder,pca,robust,HistGradientBoostingClassifier(random_state=0),4,0.9166666666666666,,,No using Ordinal Hot,0.08614397048950195,0.0021560192108154297
algerian_forest_fires_46279,,ordinalencoder,fastica,robust,HistGradientBoostingClassifier(random_state=0),0,0.8163265306122449,,,No using Ordinal Hot,0.08985519409179688,0.0017740726470947266
algerian_forest_fires_46279,,ordinalencoder,fastica,robust,HistGradientBoostingClassifier(random_state=0),1,0.6326530612244898,,,No using Ordinal Hot,0.07502079010009766,0.0017807483673095703
algerian_forest_fires_46279,,ordinalencoder,fastica,robust,HistGradientBoostingClassifier(random_state=0),2,0.5510204081632653,,,No using Ordinal Hot,0.08442425727844238,0.002245664596557617
algerian_forest_fires_46279,,ordinalencoder,fastica,robust,HistGradientBoostingClassifier(random_state=0),3,0.875,,,No using Ordinal Hot,0.0708611011505127,0.0015914440155029297
algerian_forest_fires_46279,,ordinalencoder,fastica,robust,HistGradientBoostingClassifier(random_state=0),4,0.9166666666666666,,,No using Ordinal Hot,0.0770561695098877,0.0019140243530273438
algerian_forest_fires_46279,,ordinalencoder,truncated_svd,robust,HistGradientBoostingClassifier(random_state=0),0,0.8367346938775511,,,No using Ordinal Hot,0.07630014419555664,0.0016160011291503906
algerian_forest_fires_46279,,ordinalencoder,truncated_svd,robust,HistGradientBoostingClassifier(random_state=0),1,0.8979591836734694,,,No using Ordinal Hot,0.07010602951049805,0.0016591548919677734
algerian_forest_fires_46279,,ordinalencoder,truncated_svd,robust,HistGradientBoostingClassifier(random_state=0),2,0.8571428571428571,,,No using Ordinal Hot,0.08459115028381348,0.002264738082885742
algerian_forest_fires_46279,,ordinalencoder,truncated_svd,robust,HistGradientBoostingClassifier(random_state=0),3,0.8958333333333334,,,No using Ordinal Hot,0.07836174964904785,0.0019292831420898438
algerian_forest_fires_46279,,ordinalencoder,truncated_svd,robust,HistGradientBoostingClassifier(random_state=0),4,0.9375,,,No using Ordinal Hot,0.07713890075683594,0.001664876937866211
algerian_forest_fires_46279,,ordinalencoder,select_percentile,robust,HistGradientBoostingClassifier(random_state=0),0,1.0,,,No using Ordinal Hot,0.07734346389770508,0.002149820327758789
algerian_forest_fires_46279,,ordinalencoder,select_percentile,robust,HistGradientBoostingClassifier(random_state=0),1,0.9795918367346939,,,No using Ordinal Hot,0.08316183090209961,0.0016057491302490234
algerian_forest_fires_46279,,ordinalencoder,select_percentile,robust,HistGradientBoostingClassifier(random_state=0),2,1.0,,,No using Ordinal Hot,0.0751039981842041,0.0021355152130126953
algerian_forest_fires_46279,,ordinalencoder,select_percentile,robust,HistGradientBoostingClassifier(random_state=0),3,0.9791666666666666,,,No using Ordinal Hot,0.07484126091003418,0.0015332698822021484
algerian_forest_fires_46279,,ordinalencoder,select_percentile,robust,HistGradientBoostingClassifier(random_state=0),4,0.9375,,,No using Ordinal Hot,0.07467150688171387,0.0020864009857177734
algerian_forest_fires_46279,,ordinalencoder,generic_univariate,robust,HistGradientBoostingClassifier(random_state=0),0,0.9795918367346939,,,No using Ordinal Hot,0.0683598518371582,0.002197742462158203
algerian_forest_fires_46279,,ordinalencoder,generic_univariate,robust,HistGradientBoostingClassifier(random_state=0),1,0.9795918367346939,,,No using Ordinal Hot,0.07771944999694824,0.0016872882843017578
algerian_forest_fires_46279,,ordinalencoder,generic_univariate,robust,HistGradientBoostingClassifier(random_state=0),2,0.9795918367346939,,,No using Ordinal Hot,0.07826042175292969,0.002095937728881836
algerian_forest_fires_46279,,ordinalencoder,generic_univariate,robust,HistGradientBoostingClassifier(random_state=0),3,0.9583333333333334,,,No using Ordinal Hot,0.06423044204711914,0.0018002986907958984
algerian_forest_fires_46279,,ordinalencoder,generic_univariate,robust,HistGradientBoostingClassifier(random_state=0),4,0.9791666666666666,,,No using Ordinal Hot,0.06736254692077637,0.0016520023345947266
algerian_forest_fires_46279,,ordinalencoder,polynomial_features,robust,HistGradientBoostingClassifier(random_state=0),0,0.9591836734693877,,,No using Ordinal Hot,0.10698199272155762,0.0016360282897949219
algerian_forest_fires_46279,,ordinalencoder,polynomial_features,robust,HistGradientBoostingClassifier(random_state=0),1,0.9795918367346939,,,No using Ordinal Hot,0.11684703826904297,0.001890420913696289
algerian_forest_fires_46279,,ordinalencoder,polynomial_features,robust,HistGradientBoostingClassifier(random_state=0),2,0.9795918367346939,,,No using Ordinal Hot,0.11157441139221191,0.0021390914916992188
algerian_forest_fires_46279,,ordinalencoder,polynomial_features,robust,HistGradientBoostingClassifier(random_state=0),3,0.9583333333333334,,,No using Ordinal Hot,0.10630106925964355,0.002256155014038086
algerian_forest_fires_46279,,ordinalencoder,polynomial_features,robust,HistGradientBoostingClassifier(random_state=0),4,0.9375,,,No using Ordinal Hot,0.11747336387634277,0.0020494461059570312
algerian_forest_fires_46279,,ordinalencoder,nystroem,robust,HistGradientBoostingClassifier(random_state=0),0,0.8979591836734694,,,No using Ordinal Hot,0.11807560920715332,0.0019130706787109375
algerian_forest_fires_46279,,ordinalencoder,nystroem,robust,HistGradientBoostingClassifier(random_state=0),1,0.9387755102040817,,,No using Ordinal Hot,0.137953519821167,0.002119779586791992
algerian_forest_fires_46279,,ordinalencoder,nystroem,robust,HistGradientBoostingClassifier(random_state=0),2,0.8571428571428571,,,No using Ordinal Hot,0.14722323417663574,0.0018112659454345703
algerian_forest_fires_46279,,ordinalencoder,nystroem,robust,HistGradientBoostingClassifier(random_state=0),3,0.9583333333333334,,,No using Ordinal Hot,0.15709400177001953,0.0018351078033447266
algerian_forest_fires_46279,,ordinalencoder,nystroem,robust,HistGradientBoostingClassifier(random_state=0),4,0.8958333333333334,,,No using Ordinal Hot,0.16609621047973633,0.0019154548645019531
algerian_forest_fires_46279,,ordinalencoder,rbf_sampler,robust,HistGradientBoostingClassifier(random_state=0),0,0.7551020408163265,,,No using Ordinal Hot,0.10943770408630371,0.0021741390228271484
algerian_forest_fires_46279,,ordinalencoder,rbf_sampler,robust,HistGradientBoostingClassifier(random_state=0),1,0.8163265306122449,,,No using Ordinal Hot,0.1101388931274414,0.0020711421966552734
algerian_forest_fires_46279,,ordinalencoder,rbf_sampler,robust,HistGradientBoostingClassifier(random_state=0),2,0.7346938775510204,,,No using Ordinal Hot,0.09800124168395996,0.00203704833984375
algerian_forest_fires_46279,,ordinalencoder,rbf_sampler,robust,HistGradientBoostingClassifier(random_state=0),3,0.8125,,,No using Ordinal Hot,0.10883283615112305,0.002175569534301758
algerian_forest_fires_46279,,ordinalencoder,rbf_sampler,robust,HistGradientBoostingClassifier(random_state=0),4,0.75,,,No using Ordinal Hot,0.11370635032653809,0.0019152164459228516
algerian_forest_fires_46279,,ordinalencoder,random_trees_embedding,robust,HistGradientBoostingClassifier(random_state=0),0,,"Erro na combinação 1236 - Imputer: None, Categorização: ordinalencoder, Seleção de Feature: random_trees_embedding, Scaler: robust, Fold: 0 - Exception: Sparse data was passed for X, but dense data is required. Use '.toarray()' to convert to a dense numpy array.",,No using Ordinal Hot,0.11370635032653809,0.0019152164459228516
algerian_forest_fires_46279,,ordinalencoder,random_trees_embedding,robust,HistGradientBoostingClassifier(random_state=0),1,,"Erro na combinação 1237 - Imputer: None, Categorização: ordinalencoder, Seleção de Feature: random_trees_embedding, Scaler: robust, Fold: 1 - Exception: Sparse data was passed for X, but dense data is required. Use '.toarray()' to convert to a dense numpy array.",,No using Ordinal Hot,0.11370635032653809,0.0019152164459228516
algerian_forest_fires_46279,,ordinalencoder,random_trees_embedding,robust,HistGradientBoostingClassifier(random_state=0),2,,"Erro na combinação 1238 - Imputer: None, Categorização: ordinalencoder, Seleção de Feature: random_trees_embedding, Scaler: robust, Fold: 2 - Exception: Sparse data was passed for X, but dense data is required. Use '.toarray()' to convert to a dense numpy array.",,No using Ordinal Hot,0.11370635032653809,0.0019152164459228516
algerian_forest_fires_46279,,ordinalencoder,random_trees_embedding,robust,HistGradientBoostingClassifier(random_state=0),3,,"Erro na combinação 1239 - Imputer: None, Categorização: ordinalencoder, Seleção de Feature: random_trees_embedding, Scaler: robust, Fold: 3 - Exception: Sparse data was passed for X, but dense data is required. Use '.toarray()' to convert to a dense numpy array.",,No using Ordinal Hot,0.11370635032653809,0.0019152164459228516
algerian_forest_fires_46279,,ordinalencoder,random_trees_embedding,robust,HistGradientBoostingClassifier(random_state=0),4,,"Erro na combinação 1240 - Imputer: None, Categorização: ordinalencoder, Seleção de Feature: random_trees_embedding, Scaler: robust, Fold: 4 - Exception: Sparse data was passed for X, but dense data is required. Use '.toarray()' to convert to a dense numpy array.",,No using Ordinal Hot,0.11370635032653809,0.0019152164459228516
algerian_forest_fires_46279,,ordinalencoder,feature_agglomeration,robust,HistGradientBoostingClassifier(random_state=0),0,0.7346938775510204,,,No using Ordinal Hot,0.07091331481933594,0.0018663406372070312
algerian_forest_fires_46279,,ordinalencoder,feature_agglomeration,robust,HistGradientBoostingClassifier(random_state=0),1,0.8571428571428571,,,No using Ordinal Hot,0.07571196556091309,0.001888275146484375
algerian_forest_fires_46279,,ordinalencoder,feature_agglomeration,robust,HistGradientBoostingClassifier(random_state=0),2,0.8979591836734694,,,No using Ordinal Hot,0.08789634704589844,0.002202272415161133
algerian_forest_fires_46279,,ordinalencoder,feature_agglomeration,robust,HistGradientBoostingClassifier(random_state=0),3,0.8958333333333334,,,No using Ordinal Hot,0.07651662826538086,0.0017123222351074219
algerian_forest_fires_46279,,ordinalencoder,feature_agglomeration,robust,HistGradientBoostingClassifier(random_state=0),4,0.9375,,,No using Ordinal Hot,0.0837090015411377,0.002160310745239258
algerian_forest_fires_46279,,ordinalencoder,extra_tree,robust,HistGradientBoostingClassifier(random_state=0),0,0.9795918367346939,,,No using Ordinal Hot,0.08659672737121582,0.001722097396850586
algerian_forest_fires_46279,,ordinalencoder,extra_tree,robust,HistGradientBoostingClassifier(random_state=0),1,0.9795918367346939,,,No using Ordinal Hot,0.08296537399291992,0.0023000240325927734
algerian_forest_fires_46279,,ordinalencoder,extra_tree,robust,HistGradientBoostingClassifier(random_state=0),2,0.9795918367346939,,,No using Ordinal Hot,0.08915472030639648,0.0021600723266601562
algerian_forest_fires_46279,,ordinalencoder,extra_tree,robust,HistGradientBoostingClassifier(random_state=0),3,0.9583333333333334,,,No using Ordinal Hot,0.09323954582214355,0.0017333030700683594
algerian_forest_fires_46279,,ordinalencoder,extra_tree,robust,HistGradientBoostingClassifier(random_state=0),4,0.9375,,,No using Ordinal Hot,0.08842825889587402,0.0021753311157226562
algerian_forest_fires_46279,,ordinalencoder,linear_svc,robust,HistGradientBoostingClassifier(random_state=0),0,1.0,,,No using Ordinal Hot,0.08097434043884277,0.0017638206481933594
algerian_forest_fires_46279,,ordinalencoder,linear_svc,robust,HistGradientBoostingClassifier(random_state=0),1,0.9795918367346939,,,No using Ordinal Hot,0.08501362800598145,0.0021123886108398438
algerian_forest_fires_46279,,ordinalencoder,linear_svc,robust,HistGradientBoostingClassifier(random_state=0),2,0.9591836734693877,,,No using Ordinal Hot,0.08107924461364746,0.0020771026611328125
algerian_forest_fires_46279,,ordinalencoder,linear_svc,robust,HistGradientBoostingClassifier(random_state=0),3,0.9583333333333334,,,No using Ordinal Hot,0.09564590454101562,0.0018718242645263672
algerian_forest_fires_46279,,ordinalencoder,linear_svc,robust,HistGradientBoostingClassifier(random_state=0),4,0.9375,,,No using Ordinal Hot,0.08897757530212402,0.0018587112426757812
algerian_forest_fires_46279,,ordinalencoder,kernel_pca,robust,HistGradientBoostingClassifier(random_state=0),0,0.8571428571428571,,,No using Ordinal Hot,0.13749384880065918,0.002234935760498047
algerian_forest_fires_46279,,ordinalencoder,kernel_pca,robust,HistGradientBoostingClassifier(random_state=0),1,0.9795918367346939,,,No using Ordinal Hot,0.1545116901397705,0.0023047924041748047
algerian_forest_fires_46279,,ordinalencoder,kernel_pca,robust,HistGradientBoostingClassifier(random_state=0),2,0.8979591836734694,,,No using Ordinal Hot,0.13354158401489258,0.0017242431640625
algerian_forest_fires_46279,,ordinalencoder,kernel_pca,robust,HistGradientBoostingClassifier(random_state=0),3,0.9166666666666666,,,No using Ordinal Hot,0.1385810375213623,0.002071857452392578
algerian_forest_fires_46279,,ordinalencoder,kernel_pca,robust,HistGradientBoostingClassifier(random_state=0),4,0.9375,,,No using Ordinal Hot,0.13412976264953613,0.00173187255859375
algerian_forest_fires_46279,,ordinalencoder,,normalizer,HistGradientBoostingClassifier(random_state=0),0,0.9591836734693877,,,No using Ordinal Hot,0.09407758712768555,0.0022783279418945312
algerian_forest_fires_46279,,ordinalencoder,,normalizer,HistGradientBoostingClassifier(random_state=0),1,0.9795918367346939,,,No using Ordinal Hot,0.08603549003601074,0.0015628337860107422
algerian_forest_fires_46279,,ordinalencoder,,normalizer,HistGradientBoostingClassifier(random_state=0),2,0.9795918367346939,,,No using Ordinal Hot,0.09920573234558105,0.002168416976928711
algerian_forest_fires_46279,,ordinalencoder,,normalizer,HistGradientBoostingClassifier(random_state=0),3,1.0,,,No using Ordinal Hot,0.09751176834106445,0.0020856857299804688
algerian_forest_fires_46279,,ordinalencoder,,normalizer,HistGradientBoostingClassifier(random_state=0),4,0.9583333333333334,,,No using Ordinal Hot,0.08508563041687012,0.002161264419555664
algerian_forest_fires_46279,,ordinalencoder,pca,normalizer,HistGradientBoostingClassifier(random_state=0),0,0.8775510204081632,,,No using Ordinal Hot,0.07737016677856445,0.0018322467803955078
algerian_forest_fires_46279,,ordinalencoder,pca,normalizer,HistGradientBoostingClassifier(random_state=0),1,0.9591836734693877,,,No using Ordinal Hot,0.07990717887878418,0.0027844905853271484
algerian_forest_fires_46279,,ordinalencoder,pca,normalizer,HistGradientBoostingClassifier(random_state=0),2,0.9183673469387755,,,No using Ordinal Hot,0.09607052803039551,0.002044677734375
algerian_forest_fires_46279,,ordinalencoder,pca,normalizer,HistGradientBoostingClassifier(random_state=0),3,0.9791666666666666,,,No using Ordinal Hot,0.07922005653381348,0.0016694068908691406
algerian_forest_fires_46279,,ordinalencoder,pca,normalizer,HistGradientBoostingClassifier(random_state=0),4,0.9583333333333334,,,No using Ordinal Hot,0.08743882179260254,0.002082347869873047
algerian_forest_fires_46279,,ordinalencoder,fastica,normalizer,HistGradientBoostingClassifier(random_state=0),0,0.9387755102040817,,,No using Ordinal Hot,0.09189534187316895,0.0022399425506591797
algerian_forest_fires_46279,,ordinalencoder,fastica,normalizer,HistGradientBoostingClassifier(random_state=0),1,0.9387755102040817,,,No using Ordinal Hot,0.08400511741638184,0.0018277168273925781
algerian_forest_fires_46279,,ordinalencoder,fastica,normalizer,HistGradientBoostingClassifier(random_state=0),2,0.8367346938775511,,,No using Ordinal Hot,0.08660888671875,0.0019214153289794922
algerian_forest_fires_46279,,ordinalencoder,fastica,normalizer,HistGradientBoostingClassifier(random_state=0),3,0.8958333333333334,,,No using Ordinal Hot,0.07194638252258301,0.001661539077758789
algerian_forest_fires_46279,,ordinalencoder,fastica,normalizer,HistGradientBoostingClassifier(random_state=0),4,0.875,,,No using Ordinal Hot,0.08221268653869629,0.0020949840545654297
algerian_forest_fires_46279,,ordinalencoder,truncated_svd,normalizer,HistGradientBoostingClassifier(random_state=0),0,0.8367346938775511,,,No using Ordinal Hot,0.08150601387023926,0.001768350601196289
algerian_forest_fires_46279,,ordinalencoder,truncated_svd,normalizer,HistGradientBoostingClassifier(random_state=0),1,0.7755102040816326,,,No using Ordinal Hot,0.0697786808013916,0.0016694068908691406
algerian_forest_fires_46279,,ordinalencoder,truncated_svd,normalizer,HistGradientBoostingClassifier(random_state=0),2,0.8367346938775511,,,No using Ordinal Hot,0.07407784461975098,0.0016107559204101562
algerian_forest_fires_46279,,ordinalencoder,truncated_svd,normalizer,HistGradientBoostingClassifier(random_state=0),3,0.8125,,,No using Ordinal Hot,0.08176112174987793,0.001979351043701172
algerian_forest_fires_46279,,ordinalencoder,truncated_svd,normalizer,HistGradientBoostingClassifier(random_state=0),4,0.875,,,No using Ordinal Hot,0.07988119125366211,0.0018591880798339844
algerian_forest_fires_46279,,ordinalencoder,select_percentile,normalizer,HistGradientBoostingClassifier(random_state=0),0,0.9795918367346939,,,No using Ordinal Hot,0.07831382751464844,0.002165555953979492
algerian_forest_fires_46279,,ordinalencoder,select_percentile,normalizer,HistGradientBoostingClassifier(random_state=0),1,0.9795918367346939,,,No using Ordinal Hot,0.08736324310302734,0.0021462440490722656
algerian_forest_fires_46279,,ordinalencoder,select_percentile,normalizer,HistGradientBoostingClassifier(random_state=0),2,0.9591836734693877,,,No using Ordinal Hot,0.08214735984802246,0.0017116069793701172
algerian_forest_fires_46279,,ordinalencoder,select_percentile,normalizer,HistGradientBoostingClassifier(random_state=0),3,0.9791666666666666,,,No using Ordinal Hot,0.08153986930847168,0.001882314682006836
algerian_forest_fires_46279,,ordinalencoder,select_percentile,normalizer,HistGradientBoostingClassifier(random_state=0),4,0.9375,,,No using Ordinal Hot,0.08547711372375488,0.001628875732421875
algerian_forest_fires_46279,,ordinalencoder,generic_univariate,normalizer,HistGradientBoostingClassifier(random_state=0),0,0.9591836734693877,,,No using Ordinal Hot,0.08450579643249512,0.0019965171813964844
algerian_forest_fires_46279,,ordinalencoder,generic_univariate,normalizer,HistGradientBoostingClassifier(random_state=0),1,0.9795918367346939,,,No using Ordinal Hot,0.07053089141845703,0.002081632614135742
algerian_forest_fires_46279,,ordinalencoder,generic_univariate,normalizer,HistGradientBoostingClassifier(random_state=0),2,0.9591836734693877,,,No using Ordinal Hot,0.07113838195800781,0.0016717910766601562
algerian_forest_fires_46279,,ordinalencoder,generic_univariate,normalizer,HistGradientBoostingClassifier(random_state=0),3,0.9583333333333334,,,No using Ordinal Hot,0.0753011703491211,0.002160310745239258
algerian_forest_fires_46279,,ordinalencoder,generic_univariate,normalizer,HistGradientBoostingClassifier(random_state=0),4,0.9583333333333334,,,No using Ordinal Hot,0.07045340538024902,0.0016524791717529297
algerian_forest_fires_46279,,ordinalencoder,polynomial_features,normalizer,HistGradientBoostingClassifier(random_state=0),0,0.9591836734693877,,,No using Ordinal Hot,0.12574982643127441,0.0021626949310302734
algerian_forest_fires_46279,,ordinalencoder,polynomial_features,normalizer,HistGradientBoostingClassifier(random_state=0),1,0.9795918367346939,,,No using Ordinal Hot,0.11666274070739746,0.0022118091583251953
algerian_forest_fires_46279,,ordinalencoder,polynomial_features,normalizer,HistGradientBoostingClassifier(random_state=0),2,0.9795918367346939,,,No using Ordinal Hot,0.1141209602355957,0.0017695426940917969
algerian_forest_fires_46279,,ordinalencoder,polynomial_features,normalizer,HistGradientBoostingClassifier(random_state=0),3,0.9791666666666666,,,No using Ordinal Hot,0.1193239688873291,0.002191305160522461
algerian_forest_fires_46279,,ordinalencoder,polynomial_features,normalizer,HistGradientBoostingClassifier(random_state=0),4,0.9583333333333334,,,No using Ordinal Hot,0.1151127815246582,0.0017464160919189453
algerian_forest_fires_46279,,ordinalencoder,nystroem,normalizer,HistGradientBoostingClassifier(random_state=0),0,0.8979591836734694,,,No using Ordinal Hot,0.1008148193359375,0.0016646385192871094
algerian_forest_fires_46279,,ordinalencoder,nystroem,normalizer,HistGradientBoostingClassifier(random_state=0),1,0.9387755102040817,,,No using Ordinal Hot,0.17225098609924316,0.002405405044555664
algerian_forest_fires_46279,,ordinalencoder,nystroem,normalizer,HistGradientBoostingClassifier(random_state=0),2,0.9387755102040817,,,No using Ordinal Hot,0.15206027030944824,0.0018696784973144531
algerian_forest_fires_46279,,ordinalencoder,nystroem,normalizer,HistGradientBoostingClassifier(random_state=0),3,0.9375,,,No using Ordinal Hot,0.1351790428161621,0.0020906925201416016
algerian_forest_fires_46279,,ordinalencoder,nystroem,normalizer,HistGradientBoostingClassifier(random_state=0),4,0.9583333333333334,,,No using Ordinal Hot,0.13539624214172363,0.0016570091247558594
algerian_forest_fires_46279,,ordinalencoder,rbf_sampler,normalizer,HistGradientBoostingClassifier(random_state=0),0,1.0,,,No using Ordinal Hot,0.10245728492736816,0.0020754337310791016
algerian_forest_fires_46279,,ordinalencoder,rbf_sampler,normalizer,HistGradientBoostingClassifier(random_state=0),1,0.9591836734693877,,,No using Ordinal Hot,0.10897660255432129,0.0019948482513427734
algerian_forest_fires_46279,,ordinalencoder,rbf_sampler,normalizer,HistGradientBoostingClassifier(random_state=0),2,0.9387755102040817,,,No using Ordinal Hot,0.10712671279907227,0.0018339157104492188
algerian_forest_fires_46279,,ordinalencoder,rbf_sampler,normalizer,HistGradientBoostingClassifier(random_state=0),3,0.9791666666666666,,,No using Ordinal Hot,0.1151723861694336,0.0020017623901367188
algerian_forest_fires_46279,,ordinalencoder,rbf_sampler,normalizer,HistGradientBoostingClassifier(random_state=0),4,0.9583333333333334,,,No using Ordinal Hot,0.10773181915283203,0.0020902156829833984
algerian_forest_fires_46279,,ordinalencoder,random_trees_embedding,normalizer,HistGradientBoostingClassifier(random_state=0),0,,"Erro na combinação 1306 - Imputer: None, Categorização: ordinalencoder, Seleção de Feature: random_trees_embedding, Scaler: normalizer, Fold: 0 - Exception: Sparse data was passed for X, but dense data is required. Use '.toarray()' to convert to a dense numpy array.",,No using Ordinal Hot,0.10773181915283203,0.0020902156829833984
algerian_forest_fires_46279,,ordinalencoder,random_trees_embedding,normalizer,HistGradientBoostingClassifier(random_state=0),1,,"Erro na combinação 1307 - Imputer: None, Categorização: ordinalencoder, Seleção de Feature: random_trees_embedding, Scaler: normalizer, Fold: 1 - Exception: Sparse data was passed for X, but dense data is required. Use '.toarray()' to convert to a dense numpy array.",,No using Ordinal Hot,0.10773181915283203,0.0020902156829833984
algerian_forest_fires_46279,,ordinalencoder,random_trees_embedding,normalizer,HistGradientBoostingClassifier(random_state=0),2,,"Erro na combinação 1308 - Imputer: None, Categorização: ordinalencoder, Seleção de Feature: random_trees_embedding, Scaler: normalizer, Fold: 2 - Exception: Sparse data was passed for X, but dense data is required. Use '.toarray()' to convert to a dense numpy array.",,No using Ordinal Hot,0.10773181915283203,0.0020902156829833984
algerian_forest_fires_46279,,ordinalencoder,random_trees_embedding,normalizer,HistGradientBoostingClassifier(random_state=0),3,,"Erro na combinação 1309 - Imputer: None, Categorização: ordinalencoder, Seleção de Feature: random_trees_embedding, Scaler: normalizer, Fold: 3 - Exception: Sparse data was passed for X, but dense data is required. Use '.toarray()' to convert to a dense numpy array.",,No using Ordinal Hot,0.10773181915283203,0.0020902156829833984
algerian_forest_fires_46279,,ordinalencoder,random_trees_embedding,normalizer,HistGradientBoostingClassifier(random_state=0),4,,"Erro na combinação 1310 - Imputer: None, Categorização: ordinalencoder, Seleção de Feature: random_trees_embedding, Scaler: normalizer, Fold: 4 - Exception: Sparse data was passed for X, but dense data is required. Use '.toarray()' to convert to a dense numpy array.",,No using Ordinal Hot,0.10773181915283203,0.0020902156829833984
algerian_forest_fires_46279,,ordinalencoder,feature_agglomeration,normalizer,HistGradientBoostingClassifier(random_state=0),0,0.7755102040816326,,,No using Ordinal Hot,0.07976412773132324,0.002145528793334961
algerian_forest_fires_46279,,ordinalencoder,feature_agglomeration,normalizer,HistGradientBoostingClassifier(random_state=0),1,0.7755102040816326,,,No using Ordinal Hot,0.08091139793395996,0.0018928050994873047
algerian_forest_fires_46279,,ordinalencoder,feature_agglomeration,normalizer,HistGradientBoostingClassifier(random_state=0),2,0.8367346938775511,,,No using Ordinal Hot,0.09175658226013184,0.002327442169189453
algerian_forest_fires_46279,,ordinalencoder,feature_agglomeration,normalizer,HistGradientBoostingClassifier(random_state=0),3,0.75,,,No using Ordinal Hot,0.08644938468933105,0.002080678939819336
algerian_forest_fires_46279,,ordinalencoder,feature_agglomeration,normalizer,HistGradientBoostingClassifier(random_state=0),4,0.8958333333333334,,,No using Ordinal Hot,0.07732033729553223,0.0020933151245117188
algerian_forest_fires_46279,,ordinalencoder,extra_tree,normalizer,HistGradientBoostingClassifier(random_state=0),0,0.9795918367346939,,,No using Ordinal Hot,0.08220505714416504,0.0018286705017089844
algerian_forest_fires_46279,,ordinalencoder,extra_tree,normalizer,HistGradientBoostingClassifier(random_state=0),1,0.9795918367346939,,,No using Ordinal Hot,0.08367443084716797,0.0019085407257080078
algerian_forest_fires_46279,,ordinalencoder,extra_tree,normalizer,HistGradientBoostingClassifier(random_state=0),2,0.9795918367346939,,,No using Ordinal Hot,0.08243322372436523,0.0016903877258300781
algerian_forest_fires_46279,,ordinalencoder,extra_tree,normalizer,HistGradientBoostingClassifier(random_state=0),3,0.9791666666666666,,,No using Ordinal Hot,0.08519959449768066,0.0016350746154785156
algerian_forest_fires_46279,,ordinalencoder,extra_tree,normalizer,HistGradientBoostingClassifier(random_state=0),4,0.9375,,,No using Ordinal Hot,0.09584522247314453,0.0018069744110107422
algerian_forest_fires_46279,,ordinalencoder,linear_svc,normalizer,HistGradientBoostingClassifier(random_state=0),0,0.9591836734693877,,,No using Ordinal Hot,0.08883166313171387,0.0022635459899902344
algerian_forest_fires_46279,,ordinalencoder,linear_svc,normalizer,HistGradientBoostingClassifier(random_state=0),1,0.9795918367346939,,,No using Ordinal Hot,0.08119821548461914,0.002231121063232422
algerian_forest_fires_46279,,ordinalencoder,linear_svc,normalizer,HistGradientBoostingClassifier(random_state=0),2,0.9591836734693877,,,No using Ordinal Hot,0.08963465690612793,0.0017833709716796875
algerian_forest_fires_46279,,ordinalencoder,linear_svc,normalizer,HistGradientBoostingClassifier(random_state=0),3,0.9583333333333334,,,No using Ordinal Hot,0.09997439384460449,0.0020759105682373047
algerian_forest_fires_46279,,ordinalencoder,linear_svc,normalizer,HistGradientBoostingClassifier(random_state=0),4,0.9583333333333334,,,No using Ordinal Hot,0.08711457252502441,0.0018315315246582031
algerian_forest_fires_46279,,ordinalencoder,kernel_pca,normalizer,HistGradientBoostingClassifier(random_state=0),0,0.8979591836734694,,,No using Ordinal Hot,0.13077187538146973,0.0022575855255126953
algerian_forest_fires_46279,,ordinalencoder,kernel_pca,normalizer,HistGradientBoostingClassifier(random_state=0),1,0.9591836734693877,,,No using Ordinal Hot,0.13880372047424316,0.0018992424011230469
algerian_forest_fires_46279,,ordinalencoder,kernel_pca,normalizer,HistGradientBoostingClassifier(random_state=0),2,0.9183673469387755,,,No using Ordinal Hot,0.07797908782958984,0.002062082290649414
algerian_forest_fires_46279,,ordinalencoder,kernel_pca,normalizer,HistGradientBoostingClassifier(random_state=0),3,0.9375,,,No using Ordinal Hot,0.12309479713439941,0.002158641815185547
algerian_forest_fires_46279,,ordinalencoder,kernel_pca,normalizer,HistGradientBoostingClassifier(random_state=0),4,0.9375,,,No using Ordinal Hot,0.13769102096557617,0.001562356948852539
algerian_forest_fires_46279,,ordinalencoder,,power,HistGradientBoostingClassifier(random_state=0),0,0.9795918367346939,,,No using Ordinal Hot,0.08015847206115723,0.0021364688873291016
algerian_forest_fires_46279,,ordinalencoder,,power,HistGradientBoostingClassifier(random_state=0),1,0.9795918367346939,,,No using Ordinal Hot,0.08869600296020508,0.0016794204711914062
algerian_forest_fires_46279,,ordinalencoder,,power,HistGradientBoostingClassifier(random_state=0),2,0.9795918367346939,,,No using Ordinal Hot,0.08782124519348145,0.0016345977783203125
algerian_forest_fires_46279,,ordinalencoder,,power,HistGradientBoostingClassifier(random_state=0),3,1.0,,,No using Ordinal Hot,0.09606361389160156,0.0021207332611083984
algerian_forest_fires_46279,,ordinalencoder,,power,HistGradientBoostingClassifier(random_state=0),4,0.9583333333333334,,,No using Ordinal Hot,0.09411883354187012,0.0020904541015625
algerian_forest_fires_46279,,ordinalencoder,pca,power,HistGradientBoostingClassifier(random_state=0),0,0.9183673469387755,,,No using Ordinal Hot,0.09577012062072754,0.002065896987915039
algerian_forest_fires_46279,,ordinalencoder,pca,power,HistGradientBoostingClassifier(random_state=0),1,0.9591836734693877,,,No using Ordinal Hot,0.07689070701599121,0.0016052722930908203
algerian_forest_fires_46279,,ordinalencoder,pca,power,HistGradientBoostingClassifier(random_state=0),2,0.9387755102040817,,,No using Ordinal Hot,0.09323406219482422,0.001850128173828125
algerian_forest_fires_46279,,ordinalencoder,pca,power,HistGradientBoostingClassifier(random_state=0),3,0.9791666666666666,,,No using Ordinal Hot,0.08889651298522949,0.0020723342895507812
algerian_forest_fires_46279,,ordinalencoder,pca,power,HistGradientBoostingClassifier(random_state=0),4,0.9583333333333334,,,No using Ordinal Hot,0.0791630744934082,0.0021829605102539062
algerian_forest_fires_46279,,ordinalencoder,fastica,power,HistGradientBoostingClassifier(random_state=0),0,0.7959183673469388,,,No using Ordinal Hot,0.08492422103881836,0.0017809867858886719
algerian_forest_fires_46279,,ordinalencoder,fastica,power,HistGradientBoostingClassifier(random_state=0),1,0.8775510204081632,,,No using Ordinal Hot,0.0844581127166748,0.0017933845520019531
algerian_forest_fires_46279,,ordinalencoder,fastica,power,HistGradientBoostingClassifier(random_state=0),2,0.8367346938775511,,,No using Ordinal Hot,0.0856926441192627,0.0017704963684082031
algerian_forest_fires_46279,,ordinalencoder,fastica,power,HistGradientBoostingClassifier(random_state=0),3,0.9583333333333334,,,No using Ordinal Hot,0.08141207695007324,0.0021390914916992188
algerian_forest_fires_46279,,ordinalencoder,fastica,power,HistGradientBoostingClassifier(random_state=0),4,0.8541666666666666,,,No using Ordinal Hot,0.08782839775085449,0.002460002899169922
algerian_forest_fires_46279,,ordinalencoder,truncated_svd,power,HistGradientBoostingClassifier(random_state=0),0,0.8571428571428571,,,No using Ordinal Hot,0.0829629898071289,0.0022149085998535156
algerian_forest_fires_46279,,ordinalencoder,truncated_svd,power,HistGradientBoostingClassifier(random_state=0),1,0.8775510204081632,,,No using Ordinal Hot,0.07337760925292969,0.0016524791717529297
algerian_forest_fires_46279,,ordinalencoder,truncated_svd,power,HistGradientBoostingClassifier(random_state=0),2,0.8979591836734694,,,No using Ordinal Hot,0.07513833045959473,0.00170135498046875
algerian_forest_fires_46279,,ordinalencoder,truncated_svd,power,HistGradientBoostingClassifier(random_state=0),3,0.9166666666666666,,,No using Ordinal Hot,0.07730340957641602,0.0016145706176757812
algerian_forest_fires_46279,,ordinalencoder,truncated_svd,power,HistGradientBoostingClassifier(random_state=0),4,0.875,,,No using Ordinal Hot,0.0837564468383789,0.002052783966064453
algerian_forest_fires_46279,,ordinalencoder,select_percentile,power,HistGradientBoostingClassifier(random_state=0),0,1.0,,,No using Ordinal Hot,0.07565426826477051,0.0018527507781982422
algerian_forest_fires_46279,,ordinalencoder,select_percentile,power,HistGradientBoostingClassifier(random_state=0),1,0.9795918367346939,,,No using Ordinal Hot,0.08882260322570801,0.002161741256713867
algerian_forest_fires_46279,,ordinalencoder,select_percentile,power,HistGradientBoostingClassifier(random_state=0),2,0.9795918367346939,,,No using Ordinal Hot,0.0815892219543457,0.0020618438720703125
algerian_forest_fires_46279,,ordinalencoder,select_percentile,power,HistGradientBoostingClassifier(random_state=0),3,0.9583333333333334,,,No using Ordinal Hot,0.08636689186096191,0.0020914077758789062
algerian_forest_fires_46279,,ordinalencoder,select_percentile,power,HistGradientBoostingClassifier(random_state=0),4,0.9791666666666666,,,No using Ordinal Hot,0.1001582145690918,0.0024466514587402344
algerian_forest_fires_46279,,ordinalencoder,generic_univariate,power,HistGradientBoostingClassifier(random_state=0),0,0.8979591836734694,,,No using Ordinal Hot,0.08139634132385254,0.0017778873443603516
algerian_forest_fires_46279,,ordinalencoder,generic_univariate,power,HistGradientBoostingClassifier(random_state=0),1,0.9183673469387755,,,No using Ordinal Hot,0.08278059959411621,0.0021572113037109375
algerian_forest_fires_46279,,ordinalencoder,generic_univariate,power,HistGradientBoostingClassifier(random_state=0),2,0.8775510204081632,,,No using Ordinal Hot,0.09268951416015625,0.001851797103881836
algerian_forest_fires_46279,,ordinalencoder,generic_univariate,power,HistGradientBoostingClassifier(random_state=0),3,0.9375,,,No using Ordinal Hot,0.08924436569213867,0.002283334732055664
algerian_forest_fires_46279,,ordinalencoder,generic_univariate,power,HistGradientBoostingClassifier(random_state=0),4,0.9375,,,No using Ordinal Hot,0.08727121353149414,0.002131938934326172
algerian_forest_fires_46279,,ordinalencoder,polynomial_features,power,HistGradientBoostingClassifier(random_state=0),0,0.9795918367346939,,,No using Ordinal Hot,0.10257387161254883,0.001657724380493164
algerian_forest_fires_46279,,ordinalencoder,polynomial_features,power,HistGradientBoostingClassifier(random_state=0),1,0.9795918367346939,,,No using Ordinal Hot,0.10855269432067871,0.0021293163299560547
algerian_forest_fires_46279,,ordinalencoder,polynomial_features,power,HistGradientBoostingClassifier(random_state=0),2,0.9795918367346939,,,No using Ordinal Hot,0.1237635612487793,0.001667022705078125
algerian_forest_fires_46279,,ordinalencoder,polynomial_features,power,HistGradientBoostingClassifier(random_state=0),3,0.9791666666666666,,,No using Ordinal Hot,0.11857271194458008,0.002643108367919922
algerian_forest_fires_46279,,ordinalencoder,polynomial_features,power,HistGradientBoostingClassifier(random_state=0),4,0.9375,,,No using Ordinal Hot,0.1324770450592041,0.0017979145050048828
algerian_forest_fires_46279,,ordinalencoder,nystroem,power,HistGradientBoostingClassifier(random_state=0),0,0.9387755102040817,,,No using Ordinal Hot,0.16541194915771484,0.002286195755004883
algerian_forest_fires_46279,,ordinalencoder,nystroem,power,HistGradientBoostingClassifier(random_state=0),1,0.9795918367346939,,,No using Ordinal Hot,0.1630260944366455,0.002048969268798828
algerian_forest_fires_46279,,ordinalencoder,nystroem,power,HistGradientBoostingClassifier(random_state=0),2,0.8979591836734694,,,No using Ordinal Hot,0.15511727333068848,0.002550363540649414
algerian_forest_fires_46279,,ordinalencoder,nystroem,power,HistGradientBoostingClassifier(random_state=0),3,0.9375,,,No using Ordinal Hot,0.17199420928955078,0.0017747879028320312
algerian_forest_fires_46279,,ordinalencoder,nystroem,power,HistGradientBoostingClassifier(random_state=0),4,0.9375,,,No using Ordinal Hot,0.12208795547485352,0.0024995803833007812
algerian_forest_fires_46279,,ordinalencoder,rbf_sampler,power,HistGradientBoostingClassifier(random_state=0),0,0.6122448979591837,,,No using Ordinal Hot,0.10179519653320312,0.0016586780548095703
algerian_forest_fires_46279,,ordinalencoder,rbf_sampler,power,HistGradientBoostingClassifier(random_state=0),1,0.7755102040816326,,,No using Ordinal Hot,0.11197805404663086,0.0022253990173339844
algerian_forest_fires_46279,,ordinalencoder,rbf_sampler,power,HistGradientBoostingClassifier(random_state=0),2,0.673469387755102,,,No using Ordinal Hot,0.11558341979980469,0.002334117889404297
algerian_forest_fires_46279,,ordinalencoder,rbf_sampler,power,HistGradientBoostingClassifier(random_state=0),3,0.6458333333333334,,,No using Ordinal Hot,0.125227689743042,0.0022628307342529297
algerian_forest_fires_46279,,ordinalencoder,rbf_sampler,power,HistGradientBoostingClassifier(random_state=0),4,0.6041666666666666,,,No using Ordinal Hot,0.10524463653564453,0.002339601516723633
algerian_forest_fires_46279,,ordinalencoder,random_trees_embedding,power,HistGradientBoostingClassifier(random_state=0),0,,"Erro na combinação 1376 - Imputer: None, Categorização: ordinalencoder, Seleção de Feature: random_trees_embedding, Scaler: power, Fold: 0 - Exception: Sparse data was passed for X, but dense data is required. Use '.toarray()' to convert to a dense numpy array.",,No using Ordinal Hot,0.10524463653564453,0.002339601516723633
algerian_forest_fires_46279,,ordinalencoder,random_trees_embedding,power,HistGradientBoostingClassifier(random_state=0),1,,"Erro na combinação 1377 - Imputer: None, Categorização: ordinalencoder, Seleção de Feature: random_trees_embedding, Scaler: power, Fold: 1 - Exception: Sparse data was passed for X, but dense data is required. Use '.toarray()' to convert to a dense numpy array.",,No using Ordinal Hot,0.10524463653564453,0.002339601516723633
algerian_forest_fires_46279,,ordinalencoder,random_trees_embedding,power,HistGradientBoostingClassifier(random_state=0),2,,"Erro na combinação 1378 - Imputer: None, Categorização: ordinalencoder, Seleção de Feature: random_trees_embedding, Scaler: power, Fold: 2 - Exception: Sparse data was passed for X, but dense data is required. Use '.toarray()' to convert to a dense numpy array.",,No using Ordinal Hot,0.10524463653564453,0.002339601516723633
algerian_forest_fires_46279,,ordinalencoder,random_trees_embedding,power,HistGradientBoostingClassifier(random_state=0),3,,"Erro na combinação 1379 - Imputer: None, Categorização: ordinalencoder, Seleção de Feature: random_trees_embedding, Scaler: power, Fold: 3 - Exception: Sparse data was passed for X, but dense data is required. Use '.toarray()' to convert to a dense numpy array.",,No using Ordinal Hot,0.10524463653564453,0.002339601516723633
algerian_forest_fires_46279,,ordinalencoder,random_trees_embedding,power,HistGradientBoostingClassifier(random_state=0),4,,"Erro na combinação 1380 - Imputer: None, Categorização: ordinalencoder, Seleção de Feature: random_trees_embedding, Scaler: power, Fold: 4 - Exception: Sparse data was passed for X, but dense data is required. Use '.toarray()' to convert to a dense numpy array.",,No using Ordinal Hot,0.10524463653564453,0.002339601516723633
algerian_forest_fires_46279,,ordinalencoder,feature_agglomeration,power,HistGradientBoostingClassifier(random_state=0),0,0.8571428571428571,,,No using Ordinal Hot,0.07595539093017578,0.001674652099609375
algerian_forest_fires_46279,,ordinalencoder,feature_agglomeration,power,HistGradientBoostingClassifier(random_state=0),1,0.8979591836734694,,,No using Ordinal Hot,0.07901501655578613,0.0021359920501708984
algerian_forest_fires_46279,,ordinalencoder,feature_agglomeration,power,HistGradientBoostingClassifier(random_state=0),2,0.8979591836734694,,,No using Ordinal Hot,0.08588409423828125,0.0020711421966552734
algerian_forest_fires_46279,,ordinalencoder,feature_agglomeration,power,HistGradientBoostingClassifier(random_state=0),3,0.9375,,,No using Ordinal Hot,0.07261395454406738,0.0018486976623535156
algerian_forest_fires_46279,,ordinalencoder,feature_agglomeration,power,HistGradientBoostingClassifier(random_state=0),4,0.9583333333333334,,,No using Ordinal Hot,0.0839698314666748,0.0016434192657470703
algerian_forest_fires_46279,,ordinalencoder,extra_tree,power,HistGradientBoostingClassifier(random_state=0),0,0.9795918367346939,,,No using Ordinal Hot,0.09494924545288086,0.0019087791442871094
algerian_forest_fires_46279,,ordinalencoder,extra_tree,power,HistGradientBoostingClassifier(random_state=0),1,0.9795918367346939,,,No using Ordinal Hot,0.09292244911193848,0.0022830963134765625
algerian_forest_fires_46279,,ordinalencoder,extra_tree,power,HistGradientBoostingClassifier(random_state=0),2,0.9795918367346939,,,No using Ordinal Hot,0.0907447338104248,0.0016448497772216797
algerian_forest_fires_46279,,ordinalencoder,extra_tree,power,HistGradientBoostingClassifier(random_state=0),3,0.9583333333333334,,,No using Ordinal Hot,0.09312295913696289,0.0020568370819091797
algerian_forest_fires_46279,,ordinalencoder,extra_tree,power,HistGradientBoostingClassifier(random_state=0),4,0.9375,,,No using Ordinal Hot,0.08428430557250977,0.0016901493072509766
algerian_forest_fires_46279,,ordinalencoder,linear_svc,power,HistGradientBoostingClassifier(random_state=0),0,0.9795918367346939,,,No using Ordinal Hot,0.08996963500976562,0.0018732547760009766
algerian_forest_fires_46279,,ordinalencoder,linear_svc,power,HistGradientBoostingClassifier(random_state=0),1,0.9795918367346939,,,No using Ordinal Hot,0.08397626876831055,0.0020668506622314453
algerian_forest_fires_46279,,ordinalencoder,linear_svc,power,HistGradientBoostingClassifier(random_state=0),2,0.9591836734693877,,,No using Ordinal Hot,0.09233975410461426,0.0016908645629882812
algerian_forest_fires_46279,,ordinalencoder,linear_svc,power,HistGradientBoostingClassifier(random_state=0),3,0.9791666666666666,,,No using Ordinal Hot,0.0880439281463623,0.002125263214111328
algerian_forest_fires_46279,,ordinalencoder,linear_svc,power,HistGradientBoostingClassifier(random_state=0),4,0.9375,,,No using Ordinal Hot,0.07393598556518555,0.0019609928131103516
algerian_forest_fires_46279,,ordinalencoder,kernel_pca,power,HistGradientBoostingClassifier(random_state=0),0,0.9183673469387755,,,No using Ordinal Hot,0.14887356758117676,0.0017943382263183594
algerian_forest_fires_46279,,ordinalencoder,kernel_pca,power,HistGradientBoostingClassifier(random_state=0),1,0.9387755102040817,,,No using Ordinal Hot,0.15188288688659668,0.0017123222351074219
algerian_forest_fires_46279,,ordinalencoder,kernel_pca,power,HistGradientBoostingClassifier(random_state=0),2,0.9183673469387755,,,No using Ordinal Hot,0.13328766822814941,0.002131223678588867
algerian_forest_fires_46279,,ordinalencoder,kernel_pca,power,HistGradientBoostingClassifier(random_state=0),3,0.9791666666666666,,,No using Ordinal Hot,0.14114832878112793,0.0022084712982177734
algerian_forest_fires_46279,,ordinalencoder,kernel_pca,power,HistGradientBoostingClassifier(random_state=0),4,0.9583333333333334,,,No using Ordinal Hot,0.13602137565612793,0.0021102428436279297
algerian_forest_fires_46279,,ordinalencoder,,quantile,HistGradientBoostingClassifier(random_state=0),0,0.9795918367346939,,,No using Ordinal Hot,0.08268308639526367,0.0017287731170654297
algerian_forest_fires_46279,,ordinalencoder,,quantile,HistGradientBoostingClassifier(random_state=0),1,0.9795918367346939,,,No using Ordinal Hot,0.08444881439208984,0.0020427703857421875
algerian_forest_fires_46279,,ordinalencoder,,quantile,HistGradientBoostingClassifier(random_state=0),2,0.9795918367346939,,,No using Ordinal Hot,0.09783339500427246,0.0022072792053222656
algerian_forest_fires_46279,,ordinalencoder,,quantile,HistGradientBoostingClassifier(random_state=0),3,1.0,,,No using Ordinal Hot,0.0936431884765625,0.002265453338623047
algerian_forest_fires_46279,,ordinalencoder,,quantile,HistGradientBoostingClassifier(random_state=0),4,0.9583333333333334,,,No using Ordinal Hot,0.0803225040435791,0.0019538402557373047
algerian_forest_fires_46279,,ordinalencoder,pca,quantile,HistGradientBoostingClassifier(random_state=0),0,0.9183673469387755,,,No using Ordinal Hot,0.09422636032104492,0.0017583370208740234
algerian_forest_fires_46279,,ordinalencoder,pca,quantile,HistGradientBoostingClassifier(random_state=0),1,0.9387755102040817,,,No using Ordinal Hot,0.088897705078125,0.002114534378051758
algerian_forest_fires_46279,,ordinalencoder,pca,quantile,HistGradientBoostingClassifier(random_state=0),2,0.9387755102040817,,,No using Ordinal Hot,0.09665727615356445,0.0017707347869873047
algerian_forest_fires_46279,,ordinalencoder,pca,quantile,HistGradientBoostingClassifier(random_state=0),3,0.9583333333333334,,,No using Ordinal Hot,0.09634757041931152,0.00173187255859375
algerian_forest_fires_46279,,ordinalencoder,pca,quantile,HistGradientBoostingClassifier(random_state=0),4,0.9375,,,No using Ordinal Hot,0.08562636375427246,0.0021538734436035156
algerian_forest_fires_46279,,ordinalencoder,fastica,quantile,HistGradientBoostingClassifier(random_state=0),0,0.6938775510204082,,,No using Ordinal Hot,0.08836483955383301,0.0017044544219970703
algerian_forest_fires_46279,,ordinalencoder,fastica,quantile,HistGradientBoostingClassifier(random_state=0),1,0.8367346938775511,,,No using Ordinal Hot,0.08792829513549805,0.001773834228515625
algerian_forest_fires_46279,,ordinalencoder,fastica,quantile,HistGradientBoostingClassifier(random_state=0),2,0.8367346938775511,,,No using Ordinal Hot,0.08916354179382324,0.0020575523376464844
algerian_forest_fires_46279,,ordinalencoder,fastica,quantile,HistGradientBoostingClassifier(random_state=0),3,0.8541666666666666,,,No using Ordinal Hot,0.08034205436706543,0.0021593570709228516
algerian_forest_fires_46279,,ordinalencoder,fastica,quantile,HistGradientBoostingClassifier(random_state=0),4,0.875,,,No using Ordinal Hot,0.08257365226745605,0.0016798973083496094
algerian_forest_fires_46279,,ordinalencoder,truncated_svd,quantile,HistGradientBoostingClassifier(random_state=0),0,0.8775510204081632,,,No using Ordinal Hot,0.08046460151672363,0.0017931461334228516
algerian_forest_fires_46279,,ordinalencoder,truncated_svd,quantile,HistGradientBoostingClassifier(random_state=0),1,0.9183673469387755,,,No using Ordinal Hot,0.08712339401245117,0.0016148090362548828
algerian_forest_fires_46279,,ordinalencoder,truncated_svd,quantile,HistGradientBoostingClassifier(random_state=0),2,0.8775510204081632,,,No using Ordinal Hot,0.07577824592590332,0.0018398761749267578
algerian_forest_fires_46279,,ordinalencoder,truncated_svd,quantile,HistGradientBoostingClassifier(random_state=0),3,0.9166666666666666,,,No using Ordinal Hot,0.0768437385559082,0.0016977787017822266
algerian_forest_fires_46279,,ordinalencoder,truncated_svd,quantile,HistGradientBoostingClassifier(random_state=0),4,0.9375,,,No using Ordinal Hot,0.07747435569763184,0.0018088817596435547
algerian_forest_fires_46279,,ordinalencoder,select_percentile,quantile,HistGradientBoostingClassifier(random_state=0),0,1.0,,,No using Ordinal Hot,0.0898139476776123,0.002259969711303711
algerian_forest_fires_46279,,ordinalencoder,select_percentile,quantile,HistGradientBoostingClassifier(random_state=0),1,0.9795918367346939,,,No using Ordinal Hot,0.08888530731201172,0.0021736621856689453
algerian_forest_fires_46279,,ordinalencoder,select_percentile,quantile,HistGradientBoostingClassifier(random_state=0),2,1.0,,,No using Ordinal Hot,0.08855795860290527,0.0021593570709228516
algerian_forest_fires_46279,,ordinalencoder,select_percentile,quantile,HistGradientBoostingClassifier(random_state=0),3,0.9791666666666666,,,No using Ordinal Hot,0.0800328254699707,0.001981496810913086
algerian_forest_fires_46279,,ordinalencoder,select_percentile,quantile,HistGradientBoostingClassifier(random_state=0),4,0.9375,,,No using Ordinal Hot,0.08097696304321289,0.0021567344665527344
algerian_forest_fires_46279,,ordinalencoder,generic_univariate,quantile,HistGradientBoostingClassifier(random_state=0),0,0.9795918367346939,,,No using Ordinal Hot,0.07224655151367188,0.002053499221801758
algerian_forest_fires_46279,,ordinalencoder,generic_univariate,quantile,HistGradientBoostingClassifier(random_state=0),1,0.9795918367346939,,,No using Ordinal Hot,0.07492208480834961,0.001865386962890625
algerian_forest_fires_46279,,ordinalencoder,generic_univariate,quantile,HistGradientBoostingClassifier(random_state=0),2,0.9795918367346939,,,No using Ordinal Hot,0.07629537582397461,0.0020356178283691406
algerian_forest_fires_46279,,ordinalencoder,generic_univariate,quantile,HistGradientBoostingClassifier(random_state=0),3,0.9375,,,No using Ordinal Hot,0.07076811790466309,0.0016455650329589844
algerian_forest_fires_46279,,ordinalencoder,generic_univariate,quantile,HistGradientBoostingClassifier(random_state=0),4,0.9375,,,No using Ordinal Hot,0.06671786308288574,0.0019173622131347656
algerian_forest_fires_46279,,ordinalencoder,polynomial_features,quantile,HistGradientBoostingClassifier(random_state=0),0,0.9795918367346939,,,No using Ordinal Hot,0.12150096893310547,0.0021524429321289062
algerian_forest_fires_46279,,ordinalencoder,polynomial_features,quantile,HistGradientBoostingClassifier(random_state=0),1,0.9795918367346939,,,No using Ordinal Hot,0.11810302734375,0.0018384456634521484
algerian_forest_fires_46279,,ordinalencoder,polynomial_features,quantile,HistGradientBoostingClassifier(random_state=0),2,0.9795918367346939,,,No using Ordinal Hot,0.11563277244567871,0.0023610591888427734
algerian_forest_fires_46279,,ordinalencoder,polynomial_features,quantile,HistGradientBoostingClassifier(random_state=0),3,1.0,,,No using Ordinal Hot,0.12128973007202148,0.0022728443145751953
algerian_forest_fires_46279,,ordinalencoder,polynomial_features,quantile,HistGradientBoostingClassifier(random_state=0),4,0.9583333333333334,,,No using Ordinal Hot,0.11681199073791504,0.0022001266479492188
algerian_forest_fires_46279,,ordinalencoder,nystroem,quantile,HistGradientBoostingClassifier(random_state=0),0,0.8571428571428571,,,No using Ordinal Hot,0.18247365951538086,0.002124309539794922
algerian_forest_fires_46279,,ordinalencoder,nystroem,quantile,HistGradientBoostingClassifier(random_state=0),1,0.9591836734693877,,,No using Ordinal Hot,0.17082977294921875,0.002205371856689453
algerian_forest_fires_46279,,ordinalencoder,nystroem,quantile,HistGradientBoostingClassifier(random_state=0),2,0.8775510204081632,,,No using Ordinal Hot,0.17438292503356934,0.0018069744110107422
algerian_forest_fires_46279,,ordinalencoder,nystroem,quantile,HistGradientBoostingClassifier(random_state=0),3,0.9583333333333334,,,No using Ordinal Hot,0.15245461463928223,0.0020465850830078125
algerian_forest_fires_46279,,ordinalencoder,nystroem,quantile,HistGradientBoostingClassifier(random_state=0),4,0.9583333333333334,,,No using Ordinal Hot,0.1404249668121338,0.001961231231689453
algerian_forest_fires_46279,,ordinalencoder,rbf_sampler,quantile,HistGradientBoostingClassifier(random_state=0),0,0.9591836734693877,,,No using Ordinal Hot,0.11151599884033203,0.0017566680908203125
algerian_forest_fires_46279,,ordinalencoder,rbf_sampler,quantile,HistGradientBoostingClassifier(random_state=0),1,0.9795918367346939,,,No using Ordinal Hot,0.10167908668518066,0.002125978469848633
algerian_forest_fires_46279,,ordinalencoder,rbf_sampler,quantile,HistGradientBoostingClassifier(random_state=0),2,0.9795918367346939,,,No using Ordinal Hot,0.10966110229492188,0.0022487640380859375
algerian_forest_fires_46279,,ordinalencoder,rbf_sampler,quantile,HistGradientBoostingClassifier(random_state=0),3,0.9583333333333334,,,No using Ordinal Hot,0.10527539253234863,0.0015239715576171875
algerian_forest_fires_46279,,ordinalencoder,rbf_sampler,quantile,HistGradientBoostingClassifier(random_state=0),4,0.9166666666666666,,,No using Ordinal Hot,0.10631179809570312,0.0017764568328857422
algerian_forest_fires_46279,,ordinalencoder,random_trees_embedding,quantile,HistGradientBoostingClassifier(random_state=0),0,,"Erro na combinação 1446 - Imputer: None, Categorização: ordinalencoder, Seleção de Feature: random_trees_embedding, Scaler: quantile, Fold: 0 - Exception: Sparse data was passed for X, but dense data is required. Use '.toarray()' to convert to a dense numpy array.",,No using Ordinal Hot,0.10631179809570312,0.0017764568328857422
algerian_forest_fires_46279,,ordinalencoder,random_trees_embedding,quantile,HistGradientBoostingClassifier(random_state=0),1,,"Erro na combinação 1447 - Imputer: None, Categorização: ordinalencoder, Seleção de Feature: random_trees_embedding, Scaler: quantile, Fold: 1 - Exception: Sparse data was passed for X, but dense data is required. Use '.toarray()' to convert to a dense numpy array.",,No using Ordinal Hot,0.10631179809570312,0.0017764568328857422
algerian_forest_fires_46279,,ordinalencoder,random_trees_embedding,quantile,HistGradientBoostingClassifier(random_state=0),2,,"Erro na combinação 1448 - Imputer: None, Categorização: ordinalencoder, Seleção de Feature: random_trees_embedding, Scaler: quantile, Fold: 2 - Exception: Sparse data was passed for X, but dense data is required. Use '.toarray()' to convert to a dense numpy array.",,No using Ordinal Hot,0.10631179809570312,0.0017764568328857422
algerian_forest_fires_46279,,ordinalencoder,random_trees_embedding,quantile,HistGradientBoostingClassifier(random_state=0),3,,"Erro na combinação 1449 - Imputer: None, Categorização: ordinalencoder, Seleção de Feature: random_trees_embedding, Scaler: quantile, Fold: 3 - Exception: Sparse data was passed for X, but dense data is required. Use '.toarray()' to convert to a dense numpy array.",,No using Ordinal Hot,0.10631179809570312,0.0017764568328857422
algerian_forest_fires_46279,,ordinalencoder,random_trees_embedding,quantile,HistGradientBoostingClassifier(random_state=0),4,,"Erro na combinação 1450 - Imputer: None, Categorização: ordinalencoder, Seleção de Feature: random_trees_embedding, Scaler: quantile, Fold: 4 - Exception: Sparse data was passed for X, but dense data is required. Use '.toarray()' to convert to a dense numpy array.",,No using Ordinal Hot,0.10631179809570312,0.0017764568328857422
algerian_forest_fires_46279,,ordinalencoder,feature_agglomeration,quantile,HistGradientBoostingClassifier(random_state=0),0,0.8367346938775511,,,No using Ordinal Hot,0.07980990409851074,0.0017082691192626953
algerian_forest_fires_46279,,ordinalencoder,feature_agglomeration,quantile,HistGradientBoostingClassifier(random_state=0),1,0.8163265306122449,,,No using Ordinal Hot,0.07999372482299805,0.0020682811737060547
algerian_forest_fires_46279,,ordinalencoder,feature_agglomeration,quantile,HistGradientBoostingClassifier(random_state=0),2,0.8775510204081632,,,No using Ordinal Hot,0.08359599113464355,0.0022423267364501953
algerian_forest_fires_46279,,ordinalencoder,feature_agglomeration,quantile,HistGradientBoostingClassifier(random_state=0),3,0.9375,,,No using Ordinal Hot,0.0724949836730957,0.0017218589782714844
algerian_forest_fires_46279,,ordinalencoder,feature_agglomeration,quantile,HistGradientBoostingClassifier(random_state=0),4,0.9375,,,No using Ordinal Hot,0.07785749435424805,0.0017695426940917969
algerian_forest_fires_46279,,ordinalencoder,extra_tree,quantile,HistGradientBoostingClassifier(random_state=0),0,0.9795918367346939,,,No using Ordinal Hot,0.0853736400604248,0.0016894340515136719
algerian_forest_fires_46279,,ordinalencoder,extra_tree,quantile,HistGradientBoostingClassifier(random_state=0),1,0.9795918367346939,,,No using Ordinal Hot,0.07660627365112305,0.002163410186767578
algerian_forest_fires_46279,,ordinalencoder,extra_tree,quantile,HistGradientBoostingClassifier(random_state=0),2,0.9795918367346939,,,No using Ordinal Hot,0.08216381072998047,0.0018084049224853516
algerian_forest_fires_46279,,ordinalencoder,extra_tree,quantile,HistGradientBoostingClassifier(random_state=0),3,0.9583333333333334,,,No using Ordinal Hot,0.08703947067260742,0.0021820068359375
algerian_forest_fires_46279,,ordinalencoder,extra_tree,quantile,HistGradientBoostingClassifier(random_state=0),4,0.9375,,,No using Ordinal Hot,0.08784365653991699,0.001844644546508789
algerian_forest_fires_46279,,ordinalencoder,linear_svc,quantile,HistGradientBoostingClassifier(random_state=0),0,1.0,,,No using Ordinal Hot,0.08233451843261719,0.0017399787902832031
algerian_forest_fires_46279,,ordinalencoder,linear_svc,quantile,HistGradientBoostingClassifier(random_state=0),1,0.9795918367346939,,,No using Ordinal Hot,0.08838009834289551,0.0019159317016601562
algerian_forest_fires_46279,,ordinalencoder,linear_svc,quantile,HistGradientBoostingClassifier(random_state=0),2,1.0,,,No using Ordinal Hot,0.08853363990783691,0.002370119094848633
algerian_forest_fires_46279,,ordinalencoder,linear_svc,quantile,HistGradientBoostingClassifier(random_state=0),3,0.9791666666666666,,,No using Ordinal Hot,0.08714413642883301,0.0018553733825683594
algerian_forest_fires_46279,,ordinalencoder,linear_svc,quantile,HistGradientBoostingClassifier(random_state=0),4,0.9583333333333334,,,No using Ordinal Hot,0.09027242660522461,0.002100229263305664
algerian_forest_fires_46279,,ordinalencoder,kernel_pca,quantile,HistGradientBoostingClassifier(random_state=0),0,0.9387755102040817,,,No using Ordinal Hot,0.14405441284179688,0.001603841781616211
algerian_forest_fires_46279,,ordinalencoder,kernel_pca,quantile,HistGradientBoostingClassifier(random_state=0),1,0.9387755102040817,,,No using Ordinal Hot,0.14679765701293945,0.0018427371978759766
algerian_forest_fires_46279,,ordinalencoder,kernel_pca,quantile,HistGradientBoostingClassifier(random_state=0),2,0.9183673469387755,,,No using Ordinal Hot,0.15844035148620605,0.0020112991333007812
algerian_forest_fires_46279,,ordinalencoder,kernel_pca,quantile,HistGradientBoostingClassifier(random_state=0),3,0.9583333333333334,,,No using Ordinal Hot,0.13486194610595703,0.0016045570373535156
algerian_forest_fires_46279,,ordinalencoder,kernel_pca,quantile,HistGradientBoostingClassifier(random_state=0),4,0.9375,,,No using Ordinal Hot,0.13644146919250488,0.0017211437225341797
algerian_forest_fires_46279,simpleimputer,,,,HistGradientBoostingClassifier(random_state=0),0,0.9795918367346939,,No using Simple Imputer,,0.08121299743652344,0.0025429725646972656
algerian_forest_fires_46279,simpleimputer,,,,HistGradientBoostingClassifier(random_state=0),1,0.9795918367346939,,No using Simple Imputer,,0.09163689613342285,0.003125429153442383
algerian_forest_fires_46279,simpleimputer,,,,HistGradientBoostingClassifier(random_state=0),2,0.9795918367346939,,No using Simple Imputer,,0.0809469223022461,0.002948284149169922
algerian_forest_fires_46279,simpleimputer,,,,HistGradientBoostingClassifier(random_state=0),3,1.0,,No using Simple Imputer,,0.0864708423614502,0.002552509307861328
algerian_forest_fires_46279,simpleimputer,,,,HistGradientBoostingClassifier(random_state=0),4,0.9583333333333334,,No using Simple Imputer,,0.08095192909240723,0.0028314590454101562
algerian_forest_fires_46279,simpleimputer,,pca,,HistGradientBoostingClassifier(random_state=0),0,0.8979591836734694,,No using Simple Imputer,,0.08044219017028809,0.0018019676208496094
algerian_forest_fires_46279,simpleimputer,,pca,,HistGradientBoostingClassifier(random_state=0),1,0.9591836734693877,,No using Simple Imputer,,0.0755610466003418,0.001613616943359375
algerian_forest_fires_46279,simpleimputer,,pca,,HistGradientBoostingClassifier(random_state=0),2,0.9183673469387755,,No using Simple Imputer,,0.0822896957397461,0.0020732879638671875
algerian_forest_fires_46279,simpleimputer,,pca,,HistGradientBoostingClassifier(random_state=0),3,0.9583333333333334,,No using Simple Imputer,,0.07579350471496582,0.0016863346099853516
algerian_forest_fires_46279,simpleimputer,,pca,,HistGradientBoostingClassifier(random_state=0),4,0.9583333333333334,,No using Simple Imputer,,0.0856926441192627,0.002048015594482422
algerian_forest_fires_46279,simpleimputer,,fastica,,HistGradientBoostingClassifier(random_state=0),0,0.673469387755102,,No using Simple Imputer,,0.08171701431274414,0.0018792152404785156
algerian_forest_fires_46279,simpleimputer,,fastica,,HistGradientBoostingClassifier(random_state=0),1,0.7551020408163265,,No using Simple Imputer,,0.08710837364196777,0.001651763916015625
algerian_forest_fires_46279,simpleimputer,,fastica,,HistGradientBoostingClassifier(random_state=0),2,0.8979591836734694,,No using Simple Imputer,,0.08697342872619629,0.0020999908447265625
algerian_forest_fires_46279,simpleimputer,,fastica,,HistGradientBoostingClassifier(random_state=0),3,0.9166666666666666,,No using Simple Imputer,,0.08667230606079102,0.0017650127410888672
algerian_forest_fires_46279,simpleimputer,,fastica,,HistGradientBoostingClassifier(random_state=0),4,0.6041666666666666,,No using Simple Imputer,,0.08436346054077148,0.0017848014831542969
algerian_forest_fires_46279,simpleimputer,,truncated_svd,,HistGradientBoostingClassifier(random_state=0),0,0.8571428571428571,,No using Simple Imputer,,0.0803370475769043,0.0022373199462890625
algerian_forest_fires_46279,simpleimputer,,truncated_svd,,HistGradientBoostingClassifier(random_state=0),1,0.7755102040816326,,No using Simple Imputer,,0.0859684944152832,0.0021288394927978516
algerian_forest_fires_46279,simpleimputer,,truncated_svd,,HistGradientBoostingClassifier(random_state=0),2,0.7959183673469388,,No using Simple Imputer,,0.08614540100097656,0.0020601749420166016
algerian_forest_fires_46279,simpleimputer,,truncated_svd,,HistGradientBoostingClassifier(random_state=0),3,0.875,,No using Simple Imputer,,0.0819404125213623,0.0016748905181884766
algerian_forest_fires_46279,simpleimputer,,truncated_svd,,HistGradientBoostingClassifier(random_state=0),4,0.8958333333333334,,No using Simple Imputer,,0.08227920532226562,0.002457141876220703
algerian_forest_fires_46279,simpleimputer,,select_percentile,,HistGradientBoostingClassifier(random_state=0),0,1.0,,No using Simple Imputer,,0.08668875694274902,0.0018634796142578125
algerian_forest_fires_46279,simpleimputer,,select_percentile,,HistGradientBoostingClassifier(random_state=0),1,0.9795918367346939,,No using Simple Imputer,,0.07872200012207031,0.0018558502197265625
algerian_forest_fires_46279,simpleimputer,,select_percentile,,HistGradientBoostingClassifier(random_state=0),2,1.0,,No using Simple Imputer,,0.07390499114990234,0.0016605854034423828
algerian_forest_fires_46279,simpleimputer,,select_percentile,,HistGradientBoostingClassifier(random_state=0),3,0.9791666666666666,,No using Simple Imputer,,0.08175897598266602,0.0021843910217285156
algerian_forest_fires_46279,simpleimputer,,select_percentile,,HistGradientBoostingClassifier(random_state=0),4,0.9375,,No using Simple Imputer,,0.07280111312866211,0.0017418861389160156
algerian_forest_fires_46279,simpleimputer,,generic_univariate,,HistGradientBoostingClassifier(random_state=0),0,0.9795918367346939,,No using Simple Imputer,,0.06650376319885254,0.0016596317291259766
algerian_forest_fires_46279,simpleimputer,,generic_univariate,,HistGradientBoostingClassifier(random_state=0),1,0.9795918367346939,,No using Simple Imputer,,0.07644009590148926,0.0016858577728271484
algerian_forest_fires_46279,simpleimputer,,generic_univariate,,HistGradientBoostingClassifier(random_state=0),2,0.9795918367346939,,No using Simple Imputer,,0.07597970962524414,0.0021560192108154297
algerian_forest_fires_46279,simpleimputer,,generic_univariate,,HistGradientBoostingClassifier(random_state=0),3,0.9583333333333334,,No using Simple Imputer,,0.06531476974487305,0.00225830078125
algerian_forest_fires_46279,simpleimputer,,generic_univariate,,HistGradientBoostingClassifier(random_state=0),4,0.9791666666666666,,No using Simple Imputer,,0.0724329948425293,0.001911163330078125
algerian_forest_fires_46279,simpleimputer,,polynomial_features,,HistGradientBoostingClassifier(random_state=0),0,0.9591836734693877,,No using Simple Imputer,,0.12026667594909668,0.0018732547760009766
algerian_forest_fires_46279,simpleimputer,,polynomial_features,,HistGradientBoostingClassifier(random_state=0),1,0.9795918367346939,,No using Simple Imputer,,0.11521148681640625,0.0018703937530517578
algerian_forest_fires_46279,simpleimputer,,polynomial_features,,HistGradientBoostingClassifier(random_state=0),2,0.9795918367346939,,No using Simple Imputer,,0.1094808578491211,0.0022230148315429688
algerian_forest_fires_46279,simpleimputer,,polynomial_features,,HistGradientBoostingClassifier(random_state=0),3,0.9791666666666666,,No using Simple Imputer,,0.12312006950378418,0.002126455307006836
algerian_forest_fires_46279,simpleimputer,,polynomial_features,,HistGradientBoostingClassifier(random_state=0),4,0.9583333333333334,,No using Simple Imputer,,0.11082291603088379,0.002109050750732422
algerian_forest_fires_46279,simpleimputer,,nystroem,,HistGradientBoostingClassifier(random_state=0),0,0.8571428571428571,,No using Simple Imputer,,0.13914704322814941,0.0020799636840820312
algerian_forest_fires_46279,simpleimputer,,nystroem,,HistGradientBoostingClassifier(random_state=0),1,0.8775510204081632,,No using Simple Imputer,,0.15886449813842773,0.0023496150970458984
algerian_forest_fires_46279,simpleimputer,,nystroem,,HistGradientBoostingClassifier(random_state=0),2,0.7346938775510204,,No using Simple Imputer,,0.16229987144470215,0.0021581649780273438
algerian_forest_fires_46279,simpleimputer,,nystroem,,HistGradientBoostingClassifier(random_state=0),3,0.8958333333333334,,No using Simple Imputer,,0.1257779598236084,0.0025682449340820312
algerian_forest_fires_46279,simpleimputer,,nystroem,,HistGradientBoostingClassifier(random_state=0),4,0.9583333333333334,,No using Simple Imputer,,0.14457035064697266,0.0022203922271728516
algerian_forest_fires_46279,simpleimputer,,rbf_sampler,,HistGradientBoostingClassifier(random_state=0),0,0.6326530612244898,,No using Simple Imputer,,0.11424612998962402,0.0017154216766357422
algerian_forest_fires_46279,simpleimputer,,rbf_sampler,,HistGradientBoostingClassifier(random_state=0),1,0.5306122448979592,,No using Simple Imputer,,0.10979199409484863,0.002221822738647461
algerian_forest_fires_46279,simpleimputer,,rbf_sampler,,HistGradientBoostingClassifier(random_state=0),2,0.6122448979591837,,No using Simple Imputer,,0.11304712295532227,0.0020842552185058594
algerian_forest_fires_46279,simpleimputer,,rbf_sampler,,HistGradientBoostingClassifier(random_state=0),3,0.6458333333333334,,No using Simple Imputer,,0.10940074920654297,0.001897573471069336
algerian_forest_fires_46279,simpleimputer,,rbf_sampler,,HistGradientBoostingClassifier(random_state=0),4,0.4583333333333333,,No using Simple Imputer,,0.10273885726928711,0.0021245479583740234
algerian_forest_fires_46279,simpleimputer,,random_trees_embedding,,HistGradientBoostingClassifier(random_state=0),0,,"Erro na combinação 1516 - Imputer: simpleimputer, Categorização: None, Seleção de Feature: random_trees_embedding, Scaler: None, Fold: 0 - Exception: Sparse data was passed for X, but dense data is required. Use '.toarray()' to convert to a dense numpy array.",No using Simple Imputer,,0.10273885726928711,0.0021245479583740234
algerian_forest_fires_46279,simpleimputer,,random_trees_embedding,,HistGradientBoostingClassifier(random_state=0),1,,"Erro na combinação 1517 - Imputer: simpleimputer, Categorização: None, Seleção de Feature: random_trees_embedding, Scaler: None, Fold: 1 - Exception: Sparse data was passed for X, but dense data is required. Use '.toarray()' to convert to a dense numpy array.",No using Simple Imputer,,0.10273885726928711,0.0021245479583740234
algerian_forest_fires_46279,simpleimputer,,random_trees_embedding,,HistGradientBoostingClassifier(random_state=0),2,,"Erro na combinação 1518 - Imputer: simpleimputer, Categorização: None, Seleção de Feature: random_trees_embedding, Scaler: None, Fold: 2 - Exception: Sparse data was passed for X, but dense data is required. Use '.toarray()' to convert to a dense numpy array.",No using Simple Imputer,,0.10273885726928711,0.0021245479583740234
algerian_forest_fires_46279,simpleimputer,,random_trees_embedding,,HistGradientBoostingClassifier(random_state=0),3,,"Erro na combinação 1519 - Imputer: simpleimputer, Categorização: None, Seleção de Feature: random_trees_embedding, Scaler: None, Fold: 3 - Exception: Sparse data was passed for X, but dense data is required. Use '.toarray()' to convert to a dense numpy array.",No using Simple Imputer,,0.10273885726928711,0.0021245479583740234
algerian_forest_fires_46279,simpleimputer,,random_trees_embedding,,HistGradientBoostingClassifier(random_state=0),4,,"Erro na combinação 1520 - Imputer: simpleimputer, Categorização: None, Seleção de Feature: random_trees_embedding, Scaler: None, Fold: 4 - Exception: Sparse data was passed for X, but dense data is required. Use '.toarray()' to convert to a dense numpy array.",No using Simple Imputer,,0.10273885726928711,0.0021245479583740234
algerian_forest_fires_46279,simpleimputer,,feature_agglomeration,,HistGradientBoostingClassifier(random_state=0),0,0.7755102040816326,,No using Simple Imputer,,0.08257102966308594,0.0016639232635498047
algerian_forest_fires_46279,simpleimputer,,feature_agglomeration,,HistGradientBoostingClassifier(random_state=0),1,0.8367346938775511,,No using Simple Imputer,,0.07637810707092285,0.0016601085662841797
algerian_forest_fires_46279,simpleimputer,,feature_agglomeration,,HistGradientBoostingClassifier(random_state=0),2,0.8367346938775511,,No using Simple Imputer,,0.08519411087036133,0.002254962921142578
algerian_forest_fires_46279,simpleimputer,,feature_agglomeration,,HistGradientBoostingClassifier(random_state=0),3,0.8958333333333334,,No using Simple Imputer,,0.0845491886138916,0.002190113067626953
algerian_forest_fires_46279,simpleimputer,,feature_agglomeration,,HistGradientBoostingClassifier(random_state=0),4,0.8333333333333334,,No using Simple Imputer,,0.07287454605102539,0.0018935203552246094
algerian_forest_fires_46279,simpleimputer,,extra_tree,,HistGradientBoostingClassifier(random_state=0),0,0.9795918367346939,,No using Simple Imputer,,0.08120512962341309,0.0016367435455322266
algerian_forest_fires_46279,simpleimputer,,extra_tree,,HistGradientBoostingClassifier(random_state=0),1,0.9795918367346939,,No using Simple Imputer,,0.0816798210144043,0.002321004867553711
algerian_forest_fires_46279,simpleimputer,,extra_tree,,HistGradientBoostingClassifier(random_state=0),2,0.9795918367346939,,No using Simple Imputer,,0.08183431625366211,0.0018775463104248047
algerian_forest_fires_46279,simpleimputer,,extra_tree,,HistGradientBoostingClassifier(random_state=0),3,0.9583333333333334,,No using Simple Imputer,,0.08661174774169922,0.0021932125091552734
algerian_forest_fires_46279,simpleimputer,,extra_tree,,HistGradientBoostingClassifier(random_state=0),4,0.9375,,No using Simple Imputer,,0.08690309524536133,0.0021088123321533203
algerian_forest_fires_46279,simpleimputer,,linear_svc,,HistGradientBoostingClassifier(random_state=0),0,1.0,,No using Simple Imputer,,0.08704257011413574,0.0020563602447509766
algerian_forest_fires_46279,simpleimputer,,linear_svc,,HistGradientBoostingClassifier(random_state=0),1,0.9795918367346939,,No using Simple Imputer,,0.09818053245544434,0.0023109912872314453
algerian_forest_fires_46279,simpleimputer,,linear_svc,,HistGradientBoostingClassifier(random_state=0),2,0.9795918367346939,,No using Simple Imputer,,0.08234429359436035,0.002090930938720703
algerian_forest_fires_46279,simpleimputer,,linear_svc,,HistGradientBoostingClassifier(random_state=0),3,0.9791666666666666,,No using Simple Imputer,,0.08841562271118164,0.0016548633575439453
algerian_forest_fires_46279,simpleimputer,,linear_svc,,HistGradientBoostingClassifier(random_state=0),4,0.9791666666666666,,No using Simple Imputer,,0.07357382774353027,0.0017418861389160156
algerian_forest_fires_46279,simpleimputer,,kernel_pca,,HistGradientBoostingClassifier(random_state=0),0,0.8979591836734694,,No using Simple Imputer,,0.14372849464416504,0.0017271041870117188
algerian_forest_fires_46279,simpleimputer,,kernel_pca,,HistGradientBoostingClassifier(random_state=0),1,0.9591836734693877,,No using Simple Imputer,,0.12806057929992676,0.0022580623626708984
algerian_forest_fires_46279,simpleimputer,,kernel_pca,,HistGradientBoostingClassifier(random_state=0),2,0.9183673469387755,,No using Simple Imputer,,0.11806559562683105,0.002193927764892578
algerian_forest_fires_46279,simpleimputer,,kernel_pca,,HistGradientBoostingClassifier(random_state=0),3,0.9791666666666666,,No using Simple Imputer,,0.1515049934387207,0.0021288394927978516
algerian_forest_fires_46279,simpleimputer,,kernel_pca,,HistGradientBoostingClassifier(random_state=0),4,0.9583333333333334,,No using Simple Imputer,,0.14963126182556152,0.0022039413452148438
algerian_forest_fires_46279,simpleimputer,,,standard,HistGradientBoostingClassifier(random_state=0),0,0.9795918367346939,,No using Simple Imputer,,0.07928633689880371,0.001852273941040039
algerian_forest_fires_46279,simpleimputer,,,standard,HistGradientBoostingClassifier(random_state=0),1,0.9795918367346939,,No using Simple Imputer,,0.08234405517578125,0.0017087459564208984
algerian_forest_fires_46279,simpleimputer,,,standard,HistGradientBoostingClassifier(random_state=0),2,0.9795918367346939,,No using Simple Imputer,,0.08837485313415527,0.0018641948699951172
algerian_forest_fires_46279,simpleimputer,,,standard,HistGradientBoostingClassifier(random_state=0),3,1.0,,No using Simple Imputer,,0.08557605743408203,0.0017714500427246094
algerian_forest_fires_46279,simpleimputer,,,standard,HistGradientBoostingClassifier(random_state=0),4,0.9583333333333334,,No using Simple Imputer,,0.08726787567138672,0.0020775794982910156
algerian_forest_fires_46279,simpleimputer,,pca,standard,HistGradientBoostingClassifier(random_state=0),0,0.8571428571428571,,No using Simple Imputer,,0.08122897148132324,0.0017163753509521484
algerian_forest_fires_46279,simpleimputer,,pca,standard,HistGradientBoostingClassifier(random_state=0),1,0.9387755102040817,,No using Simple Imputer,,0.08030343055725098,0.002129077911376953
algerian_forest_fires_46279,simpleimputer,,pca,standard,HistGradientBoostingClassifier(random_state=0),2,0.9591836734693877,,No using Simple Imputer,,0.08530807495117188,0.0019631385803222656
algerian_forest_fires_46279,simpleimputer,,pca,standard,HistGradientBoostingClassifier(random_state=0),3,0.9791666666666666,,No using Simple Imputer,,0.0781247615814209,0.0017316341400146484
algerian_forest_fires_46279,simpleimputer,,pca,standard,HistGradientBoostingClassifier(random_state=0),4,0.9375,,No using Simple Imputer,,0.0771784782409668,0.0017468929290771484
algerian_forest_fires_46279,simpleimputer,,fastica,standard,HistGradientBoostingClassifier(random_state=0),0,0.7142857142857143,,No using Simple Imputer,,0.0820465087890625,0.002135038375854492
algerian_forest_fires_46279,simpleimputer,,fastica,standard,HistGradientBoostingClassifier(random_state=0),1,0.6326530612244898,,No using Simple Imputer,,0.07313418388366699,0.0017497539520263672
algerian_forest_fires_46279,simpleimputer,,fastica,standard,HistGradientBoostingClassifier(random_state=0),2,0.7755102040816326,,No using Simple Imputer,,0.08642816543579102,0.002214670181274414
algerian_forest_fires_46279,simpleimputer,,fastica,standard,HistGradientBoostingClassifier(random_state=0),3,0.9583333333333334,,No using Simple Imputer,,0.08278012275695801,0.0017681121826171875
algerian_forest_fires_46279,simpleimputer,,fastica,standard,HistGradientBoostingClassifier(random_state=0),4,0.7916666666666666,,No using Simple Imputer,,0.08136582374572754,0.002176523208618164
algerian_forest_fires_46279,simpleimputer,,truncated_svd,standard,HistGradientBoostingClassifier(random_state=0),0,0.8571428571428571,,No using Simple Imputer,,0.07575869560241699,0.001886129379272461
algerian_forest_fires_46279,simpleimputer,,truncated_svd,standard,HistGradientBoostingClassifier(random_state=0),1,0.8163265306122449,,No using Simple Imputer,,0.06997013092041016,0.0020303726196289062
algerian_forest_fires_46279,simpleimputer,,truncated_svd,standard,HistGradientBoostingClassifier(random_state=0),2,0.8571428571428571,,No using Simple Imputer,,0.07358622550964355,0.0016965866088867188
algerian_forest_fires_46279,simpleimputer,,truncated_svd,standard,HistGradientBoostingClassifier(random_state=0),3,0.875,,No using Simple Imputer,,0.07188749313354492,0.0015959739685058594
algerian_forest_fires_46279,simpleimputer,,truncated_svd,standard,HistGradientBoostingClassifier(random_state=0),4,0.875,,No using Simple Imputer,,0.07703471183776855,0.0020301342010498047
algerian_forest_fires_46279,simpleimputer,,select_percentile,standard,HistGradientBoostingClassifier(random_state=0),0,1.0,,No using Simple Imputer,,0.08827376365661621,0.0021643638610839844
algerian_forest_fires_46279,simpleimputer,,select_percentile,standard,HistGradientBoostingClassifier(random_state=0),1,0.9795918367346939,,No using Simple Imputer,,0.09129858016967773,0.0023179054260253906
algerian_forest_fires_46279,simpleimputer,,select_percentile,standard,HistGradientBoostingClassifier(random_state=0),2,1.0,,No using Simple Imputer,,0.08059000968933105,0.0018525123596191406
algerian_forest_fires_46279,simpleimputer,,select_percentile,standard,HistGradientBoostingClassifier(random_state=0),3,0.9791666666666666,,No using Simple Imputer,,0.08013701438903809,0.001870870590209961
algerian_forest_fires_46279,simpleimputer,,select_percentile,standard,HistGradientBoostingClassifier(random_state=0),4,0.9375,,No using Simple Imputer,,0.08237457275390625,0.002099275588989258
algerian_forest_fires_46279,simpleimputer,,generic_univariate,standard,HistGradientBoostingClassifier(random_state=0),0,0.9795918367346939,,No using Simple Imputer,,0.07690000534057617,0.002385854721069336
algerian_forest_fires_46279,simpleimputer,,generic_univariate,standard,HistGradientBoostingClassifier(random_state=0),1,0.9795918367346939,,No using Simple Imputer,,0.0734255313873291,0.0020236968994140625
algerian_forest_fires_46279,simpleimputer,,generic_univariate,standard,HistGradientBoostingClassifier(random_state=0),2,0.9795918367346939,,No using Simple Imputer,,1.0018961429595947,0.0021123886108398438
algerian_forest_fires_46279,simpleimputer,,generic_univariate,standard,HistGradientBoostingClassifier(random_state=0),3,0.9583333333333334,,No using Simple Imputer,,0.07443022727966309,0.002073526382446289
algerian_forest_fires_46279,simpleimputer,,generic_univariate,standard,HistGradientBoostingClassifier(random_state=0),4,0.9791666666666666,,No using Simple Imputer,,0.07899141311645508,0.0020411014556884766
algerian_forest_fires_46279,simpleimputer,,polynomial_features,standard,HistGradientBoostingClassifier(random_state=0),0,0.9591836734693877,,No using Simple Imputer,,0.11510157585144043,0.0018107891082763672
algerian_forest_fires_46279,simpleimputer,,polynomial_features,standard,HistGradientBoostingClassifier(random_state=0),1,0.9795918367346939,,No using Simple Imputer,,0.11709308624267578,0.001821756362915039
algerian_forest_fires_46279,simpleimputer,,polynomial_features,standard,HistGradientBoostingClassifier(random_state=0),2,0.9795918367346939,,No using Simple Imputer,,0.11029672622680664,0.0018420219421386719
algerian_forest_fires_46279,simpleimputer,,polynomial_features,standard,HistGradientBoostingClassifier(random_state=0),3,0.9583333333333334,,No using Simple Imputer,,0.11693286895751953,0.0022788047790527344
algerian_forest_fires_46279,simpleimputer,,polynomial_features,standard,HistGradientBoostingClassifier(random_state=0),4,0.9375,,No using Simple Imputer,,0.10574817657470703,0.0022852420806884766
algerian_forest_fires_46279,simpleimputer,,nystroem,standard,HistGradientBoostingClassifier(random_state=0),0,0.8979591836734694,,No using Simple Imputer,,0.15575337409973145,0.0019068717956542969
algerian_forest_fires_46279,simpleimputer,,nystroem,standard,HistGradientBoostingClassifier(random_state=0),1,0.9387755102040817,,No using Simple Imputer,,0.1750490665435791,0.0019283294677734375
algerian_forest_fires_46279,simpleimputer,,nystroem,standard,HistGradientBoostingClassifier(random_state=0),2,0.8979591836734694,,No using Simple Imputer,,0.17401552200317383,0.0019087791442871094
algerian_forest_fires_46279,simpleimputer,,nystroem,standard,HistGradientBoostingClassifier(random_state=0),3,0.9583333333333334,,No using Simple Imputer,,0.1694798469543457,0.0018782615661621094
algerian_forest_fires_46279,simpleimputer,,nystroem,standard,HistGradientBoostingClassifier(random_state=0),4,0.9375,,No using Simple Imputer,,0.1645212173461914,0.0019073486328125
algerian_forest_fires_46279,simpleimputer,,rbf_sampler,standard,HistGradientBoostingClassifier(random_state=0),0,0.7142857142857143,,No using Simple Imputer,,0.10282111167907715,0.0021419525146484375
algerian_forest_fires_46279,simpleimputer,,rbf_sampler,standard,HistGradientBoostingClassifier(random_state=0),1,0.7755102040816326,,No using Simple Imputer,,0.10413503646850586,0.001714944839477539
algerian_forest_fires_46279,simpleimputer,,rbf_sampler,standard,HistGradientBoostingClassifier(random_state=0),2,0.7142857142857143,,No using Simple Imputer,,0.1070258617401123,0.0016980171203613281
algerian_forest_fires_46279,simpleimputer,,rbf_sampler,standard,HistGradientBoostingClassifier(random_state=0),3,0.7708333333333334,,No using Simple Imputer,,0.11185741424560547,0.0016293525695800781
algerian_forest_fires_46279,simpleimputer,,rbf_sampler,standard,HistGradientBoostingClassifier(random_state=0),4,0.7083333333333334,,No using Simple Imputer,,0.10508513450622559,0.0017452239990234375
algerian_forest_fires_46279,simpleimputer,,random_trees_embedding,standard,HistGradientBoostingClassifier(random_state=0),0,,"Erro na combinação 1586 - Imputer: simpleimputer, Categorização: None, Seleção de Feature: random_trees_embedding, Scaler: standard, Fold: 0 - Exception: Sparse data was passed for X, but dense data is required. Use '.toarray()' to convert to a dense numpy array.",No using Simple Imputer,,0.10508513450622559,0.0017452239990234375
algerian_forest_fires_46279,simpleimputer,,random_trees_embedding,standard,HistGradientBoostingClassifier(random_state=0),1,,"Erro na combinação 1587 - Imputer: simpleimputer, Categorização: None, Seleção de Feature: random_trees_embedding, Scaler: standard, Fold: 1 - Exception: Sparse data was passed for X, but dense data is required. Use '.toarray()' to convert to a dense numpy array.",No using Simple Imputer,,0.10508513450622559,0.0017452239990234375
algerian_forest_fires_46279,simpleimputer,,random_trees_embedding,standard,HistGradientBoostingClassifier(random_state=0),2,,"Erro na combinação 1588 - Imputer: simpleimputer, Categorização: None, Seleção de Feature: random_trees_embedding, Scaler: standard, Fold: 2 - Exception: Sparse data was passed for X, but dense data is required. Use '.toarray()' to convert to a dense numpy array.",No using Simple Imputer,,0.10508513450622559,0.0017452239990234375
algerian_forest_fires_46279,simpleimputer,,random_trees_embedding,standard,HistGradientBoostingClassifier(random_state=0),3,,"Erro na combinação 1589 - Imputer: simpleimputer, Categorização: None, Seleção de Feature: random_trees_embedding, Scaler: standard, Fold: 3 - Exception: Sparse data was passed for X, but dense data is required. Use '.toarray()' to convert to a dense numpy array.",No using Simple Imputer,,0.10508513450622559,0.0017452239990234375
algerian_forest_fires_46279,simpleimputer,,random_trees_embedding,standard,HistGradientBoostingClassifier(random_state=0),4,,"Erro na combinação 1590 - Imputer: simpleimputer, Categorização: None, Seleção de Feature: random_trees_embedding, Scaler: standard, Fold: 4 - Exception: Sparse data was passed for X, but dense data is required. Use '.toarray()' to convert to a dense numpy array.",No using Simple Imputer,,0.10508513450622559,0.0017452239990234375
algerian_forest_fires_46279,simpleimputer,,feature_agglomeration,standard,HistGradientBoostingClassifier(random_state=0),0,0.8163265306122449,,No using Simple Imputer,,0.08050894737243652,0.0021800994873046875
algerian_forest_fires_46279,simpleimputer,,feature_agglomeration,standard,HistGradientBoostingClassifier(random_state=0),1,0.8163265306122449,,No using Simple Imputer,,0.08883976936340332,0.0021429061889648438
algerian_forest_fires_46279,simpleimputer,,feature_agglomeration,standard,HistGradientBoostingClassifier(random_state=0),2,0.8979591836734694,,No using Simple Imputer,,0.07817244529724121,0.002010345458984375
algerian_forest_fires_46279,simpleimputer,,feature_agglomeration,standard,HistGradientBoostingClassifier(random_state=0),3,0.8958333333333334,,No using Simple Imputer,,0.07407689094543457,0.0018115043640136719
algerian_forest_fires_46279,simpleimputer,,feature_agglomeration,standard,HistGradientBoostingClassifier(random_state=0),4,0.8333333333333334,,No using Simple Imputer,,0.07649040222167969,0.0016560554504394531
algerian_forest_fires_46279,simpleimputer,,extra_tree,standard,HistGradientBoostingClassifier(random_state=0),0,0.9795918367346939,,No using Simple Imputer,,0.09144711494445801,0.0019161701202392578
algerian_forest_fires_46279,simpleimputer,,extra_tree,standard,HistGradientBoostingClassifier(random_state=0),1,0.9795918367346939,,No using Simple Imputer,,0.08488988876342773,0.0021843910217285156
algerian_forest_fires_46279,simpleimputer,,extra_tree,standard,HistGradientBoostingClassifier(random_state=0),2,0.9795918367346939,,No using Simple Imputer,,0.09081459045410156,0.0021839141845703125
algerian_forest_fires_46279,simpleimputer,,extra_tree,standard,HistGradientBoostingClassifier(random_state=0),3,0.9583333333333334,,No using Simple Imputer,,0.09206962585449219,0.0021216869354248047
algerian_forest_fires_46279,simpleimputer,,extra_tree,standard,HistGradientBoostingClassifier(random_state=0),4,0.9375,,No using Simple Imputer,,0.08100295066833496,0.0017690658569335938
algerian_forest_fires_46279,simpleimputer,,linear_svc,standard,HistGradientBoostingClassifier(random_state=0),0,1.0,,No using Simple Imputer,,0.09776020050048828,0.0021626949310302734
algerian_forest_fires_46279,simpleimputer,,linear_svc,standard,HistGradientBoostingClassifier(random_state=0),1,0.9795918367346939,,No using Simple Imputer,,0.09142756462097168,0.0018868446350097656
algerian_forest_fires_46279,simpleimputer,,linear_svc,standard,HistGradientBoostingClassifier(random_state=0),2,0.9591836734693877,,No using Simple Imputer,,0.09551405906677246,0.0019927024841308594
algerian_forest_fires_46279,simpleimputer,,linear_svc,standard,HistGradientBoostingClassifier(random_state=0),3,1.0,,No using Simple Imputer,,0.08867049217224121,0.002213001251220703
algerian_forest_fires_46279,simpleimputer,,linear_svc,standard,HistGradientBoostingClassifier(random_state=0),4,0.9375,,No using Simple Imputer,,0.07980084419250488,0.0017979145050048828
algerian_forest_fires_46279,simpleimputer,,kernel_pca,standard,HistGradientBoostingClassifier(random_state=0),0,0.8775510204081632,,No using Simple Imputer,,0.1398317813873291,0.0022003650665283203
algerian_forest_fires_46279,simpleimputer,,kernel_pca,standard,HistGradientBoostingClassifier(random_state=0),1,0.9387755102040817,,No using Simple Imputer,,0.1463019847869873,0.0017535686492919922
algerian_forest_fires_46279,simpleimputer,,kernel_pca,standard,HistGradientBoostingClassifier(random_state=0),2,0.9387755102040817,,No using Simple Imputer,,0.13405728340148926,0.0025162696838378906
algerian_forest_fires_46279,simpleimputer,,kernel_pca,standard,HistGradientBoostingClassifier(random_state=0),3,1.0,,No using Simple Imputer,,0.14588594436645508,0.002124309539794922
algerian_forest_fires_46279,simpleimputer,,kernel_pca,standard,HistGradientBoostingClassifier(random_state=0),4,0.9375,,No using Simple Imputer,,0.15357756614685059,0.0021822452545166016
algerian_forest_fires_46279,simpleimputer,,,minmax,HistGradientBoostingClassifier(random_state=0),0,0.9795918367346939,,No using Simple Imputer,,0.08852338790893555,0.0015485286712646484
algerian_forest_fires_46279,simpleimputer,,,minmax,HistGradientBoostingClassifier(random_state=0),1,0.9795918367346939,,No using Simple Imputer,,0.07973575592041016,0.0015397071838378906
algerian_forest_fires_46279,simpleimputer,,,minmax,HistGradientBoostingClassifier(random_state=0),2,0.9795918367346939,,No using Simple Imputer,,0.08185911178588867,0.001749277114868164
algerian_forest_fires_46279,simpleimputer,,,minmax,HistGradientBoostingClassifier(random_state=0),3,1.0,,No using Simple Imputer,,0.0822153091430664,0.0019309520721435547
algerian_forest_fires_46279,simpleimputer,,,minmax,HistGradientBoostingClassifier(random_state=0),4,0.9583333333333334,,No using Simple Imputer,,0.09078145027160645,0.0016252994537353516
algerian_forest_fires_46279,simpleimputer,,pca,minmax,HistGradientBoostingClassifier(random_state=0),0,0.9183673469387755,,No using Simple Imputer,,0.08904075622558594,0.0018291473388671875
algerian_forest_fires_46279,simpleimputer,,pca,minmax,HistGradientBoostingClassifier(random_state=0),1,0.9387755102040817,,No using Simple Imputer,,0.08505487442016602,0.0022873878479003906
algerian_forest_fires_46279,simpleimputer,,pca,minmax,HistGradientBoostingClassifier(random_state=0),2,0.9183673469387755,,No using Simple Imputer,,0.09199261665344238,0.0026733875274658203
algerian_forest_fires_46279,simpleimputer,,pca,minmax,HistGradientBoostingClassifier(random_state=0),3,0.9583333333333334,,No using Simple Imputer,,0.07894349098205566,0.0017497539520263672
algerian_forest_fires_46279,simpleimputer,,pca,minmax,HistGradientBoostingClassifier(random_state=0),4,0.9583333333333334,,No using Simple Imputer,,0.09027981758117676,0.0019040107727050781
algerian_forest_fires_46279,simpleimputer,,fastica,minmax,HistGradientBoostingClassifier(random_state=0),0,0.8163265306122449,,No using Simple Imputer,,0.09073781967163086,0.0019478797912597656
algerian_forest_fires_46279,simpleimputer,,fastica,minmax,HistGradientBoostingClassifier(random_state=0),1,0.8571428571428571,,No using Simple Imputer,,0.08199429512023926,0.0021605491638183594
algerian_forest_fires_46279,simpleimputer,,fastica,minmax,HistGradientBoostingClassifier(random_state=0),2,0.7551020408163265,,No using Simple Imputer,,0.08735346794128418,0.0017566680908203125
algerian_forest_fires_46279,simpleimputer,,fastica,minmax,HistGradientBoostingClassifier(random_state=0),3,0.8958333333333334,,No using Simple Imputer,,0.09691977500915527,0.002435445785522461
algerian_forest_fires_46279,simpleimputer,,fastica,minmax,HistGradientBoostingClassifier(random_state=0),4,0.8958333333333334,,No using Simple Imputer,,0.09288501739501953,0.0017576217651367188
algerian_forest_fires_46279,simpleimputer,,truncated_svd,minmax,HistGradientBoostingClassifier(random_state=0),0,0.8163265306122449,,No using Simple Imputer,,0.07934331893920898,0.0023238658905029297
algerian_forest_fires_46279,simpleimputer,,truncated_svd,minmax,HistGradientBoostingClassifier(random_state=0),1,0.8571428571428571,,No using Simple Imputer,,0.0852823257446289,0.002196788787841797
algerian_forest_fires_46279,simpleimputer,,truncated_svd,minmax,HistGradientBoostingClassifier(random_state=0),2,0.8367346938775511,,No using Simple Imputer,,0.07862734794616699,0.001840829849243164
algerian_forest_fires_46279,simpleimputer,,truncated_svd,minmax,HistGradientBoostingClassifier(random_state=0),3,0.8541666666666666,,No using Simple Imputer,,0.0758812427520752,0.0018358230590820312
algerian_forest_fires_46279,simpleimputer,,truncated_svd,minmax,HistGradientBoostingClassifier(random_state=0),4,0.8541666666666666,,No using Simple Imputer,,0.07442259788513184,0.0027740001678466797
algerian_forest_fires_46279,simpleimputer,,select_percentile,minmax,HistGradientBoostingClassifier(random_state=0),0,1.0,,No using Simple Imputer,,0.0890645980834961,0.002323150634765625
algerian_forest_fires_46279,simpleimputer,,select_percentile,minmax,HistGradientBoostingClassifier(random_state=0),1,0.9795918367346939,,No using Simple Imputer,,0.09276247024536133,0.0021173954010009766
algerian_forest_fires_46279,simpleimputer,,select_percentile,minmax,HistGradientBoostingClassifier(random_state=0),2,1.0,,No using Simple Imputer,,0.08504462242126465,0.0023522377014160156
algerian_forest_fires_46279,simpleimputer,,select_percentile,minmax,HistGradientBoostingClassifier(random_state=0),3,0.9791666666666666,,No using Simple Imputer,,0.08908820152282715,0.0021097660064697266
algerian_forest_fires_46279,simpleimputer,,select_percentile,minmax,HistGradientBoostingClassifier(random_state=0),4,0.9375,,No using Simple Imputer,,0.07829546928405762,0.0024471282958984375
algerian_forest_fires_46279,simpleimputer,,generic_univariate,minmax,HistGradientBoostingClassifier(random_state=0),0,0.9795918367346939,,No using Simple Imputer,,0.06894946098327637,0.0018763542175292969
algerian_forest_fires_46279,simpleimputer,,generic_univariate,minmax,HistGradientBoostingClassifier(random_state=0),1,0.9795918367346939,,No using Simple Imputer,,0.07150650024414062,0.0016646385192871094
algerian_forest_fires_46279,simpleimputer,,generic_univariate,minmax,HistGradientBoostingClassifier(random_state=0),2,0.9795918367346939,,No using Simple Imputer,,0.07615256309509277,0.002147674560546875
algerian_forest_fires_46279,simpleimputer,,generic_univariate,minmax,HistGradientBoostingClassifier(random_state=0),3,0.9583333333333334,,No using Simple Imputer,,0.0731806755065918,0.0021026134490966797
algerian_forest_fires_46279,simpleimputer,,generic_univariate,minmax,HistGradientBoostingClassifier(random_state=0),4,0.9791666666666666,,No using Simple Imputer,,0.08047747611999512,0.001901388168334961
algerian_forest_fires_46279,simpleimputer,,polynomial_features,minmax,HistGradientBoostingClassifier(random_state=0),0,0.9591836734693877,,No using Simple Imputer,,0.12644600868225098,0.0021948814392089844
algerian_forest_fires_46279,simpleimputer,,polynomial_features,minmax,HistGradientBoostingClassifier(random_state=0),1,0.9795918367346939,,No using Simple Imputer,,0.13802361488342285,0.0025627613067626953
algerian_forest_fires_46279,simpleimputer,,polynomial_features,minmax,HistGradientBoostingClassifier(random_state=0),2,0.9795918367346939,,No using Simple Imputer,,0.11921358108520508,0.0017185211181640625
algerian_forest_fires_46279,simpleimputer,,polynomial_features,minmax,HistGradientBoostingClassifier(random_state=0),3,1.0,,No using Simple Imputer,,0.1172633171081543,0.00197601318359375
algerian_forest_fires_46279,simpleimputer,,polynomial_features,minmax,HistGradientBoostingClassifier(random_state=0),4,0.9583333333333334,,No using Simple Imputer,,0.1199045181274414,0.0022363662719726562
algerian_forest_fires_46279,simpleimputer,,nystroem,minmax,HistGradientBoostingClassifier(random_state=0),0,0.8979591836734694,,No using Simple Imputer,,0.17440032958984375,0.0018758773803710938
algerian_forest_fires_46279,simpleimputer,,nystroem,minmax,HistGradientBoostingClassifier(random_state=0),1,0.9387755102040817,,No using Simple Imputer,,0.1939527988433838,0.0023152828216552734
algerian_forest_fires_46279,simpleimputer,,nystroem,minmax,HistGradientBoostingClassifier(random_state=0),2,0.9387755102040817,,No using Simple Imputer,,0.1838374137878418,0.0022885799407958984
algerian_forest_fires_46279,simpleimputer,,nystroem,minmax,HistGradientBoostingClassifier(random_state=0),3,0.9583333333333334,,No using Simple Imputer,,0.12613582611083984,0.0022847652435302734
algerian_forest_fires_46279,simpleimputer,,nystroem,minmax,HistGradientBoostingClassifier(random_state=0),4,0.9375,,No using Simple Imputer,,0.1209559440612793,0.0022492408752441406
algerian_forest_fires_46279,simpleimputer,,rbf_sampler,minmax,HistGradientBoostingClassifier(random_state=0),0,0.9795918367346939,,No using Simple Imputer,,0.1038672924041748,0.0015666484832763672
algerian_forest_fires_46279,simpleimputer,,rbf_sampler,minmax,HistGradientBoostingClassifier(random_state=0),1,1.0,,No using Simple Imputer,,0.1072380542755127,0.0019087791442871094
algerian_forest_fires_46279,simpleimputer,,rbf_sampler,minmax,HistGradientBoostingClassifier(random_state=0),2,0.9387755102040817,,No using Simple Imputer,,0.11281418800354004,0.002215147018432617
algerian_forest_fires_46279,simpleimputer,,rbf_sampler,minmax,HistGradientBoostingClassifier(random_state=0),3,0.9583333333333334,,No using Simple Imputer,,0.11402273178100586,0.0015645027160644531
algerian_forest_fires_46279,simpleimputer,,rbf_sampler,minmax,HistGradientBoostingClassifier(random_state=0),4,0.9375,,No using Simple Imputer,,0.10676050186157227,0.0019571781158447266
algerian_forest_fires_46279,simpleimputer,,random_trees_embedding,minmax,HistGradientBoostingClassifier(random_state=0),0,,"Erro na combinação 1656 - Imputer: simpleimputer, Categorização: None, Seleção de Feature: random_trees_embedding, Scaler: minmax, Fold: 0 - Exception: Sparse data was passed for X, but dense data is required. Use '.toarray()' to convert to a dense numpy array.",No using Simple Imputer,,0.10676050186157227,0.0019571781158447266
algerian_forest_fires_46279,simpleimputer,,random_trees_embedding,minmax,HistGradientBoostingClassifier(random_state=0),1,,"Erro na combinação 1657 - Imputer: simpleimputer, Categorização: None, Seleção de Feature: random_trees_embedding, Scaler: minmax, Fold: 1 - Exception: Sparse data was passed for X, but dense data is required. Use '.toarray()' to convert to a dense numpy array.",No using Simple Imputer,,0.10676050186157227,0.0019571781158447266
algerian_forest_fires_46279,simpleimputer,,random_trees_embedding,minmax,HistGradientBoostingClassifier(random_state=0),2,,"Erro na combinação 1658 - Imputer: simpleimputer, Categorização: None, Seleção de Feature: random_trees_embedding, Scaler: minmax, Fold: 2 - Exception: Sparse data was passed for X, but dense data is required. Use '.toarray()' to convert to a dense numpy array.",No using Simple Imputer,,0.10676050186157227,0.0019571781158447266
algerian_forest_fires_46279,simpleimputer,,random_trees_embedding,minmax,HistGradientBoostingClassifier(random_state=0),3,,"Erro na combinação 1659 - Imputer: simpleimputer, Categorização: None, Seleção de Feature: random_trees_embedding, Scaler: minmax, Fold: 3 - Exception: Sparse data was passed for X, but dense data is required. Use '.toarray()' to convert to a dense numpy array.",No using Simple Imputer,,0.10676050186157227,0.0019571781158447266
algerian_forest_fires_46279,simpleimputer,,random_trees_embedding,minmax,HistGradientBoostingClassifier(random_state=0),4,,"Erro na combinação 1660 - Imputer: simpleimputer, Categorização: None, Seleção de Feature: random_trees_embedding, Scaler: minmax, Fold: 4 - Exception: Sparse data was passed for X, but dense data is required. Use '.toarray()' to convert to a dense numpy array.",No using Simple Imputer,,0.10676050186157227,0.0019571781158447266
algerian_forest_fires_46279,simpleimputer,,feature_agglomeration,minmax,HistGradientBoostingClassifier(random_state=0),0,0.8367346938775511,,No using Simple Imputer,,0.07794332504272461,0.001560211181640625
algerian_forest_fires_46279,simpleimputer,,feature_agglomeration,minmax,HistGradientBoostingClassifier(random_state=0),1,0.8979591836734694,,No using Simple Imputer,,0.0779423713684082,0.0017137527465820312
algerian_forest_fires_46279,simpleimputer,,feature_agglomeration,minmax,HistGradientBoostingClassifier(random_state=0),2,0.8571428571428571,,No using Simple Imputer,,0.07326412200927734,0.002006053924560547
algerian_forest_fires_46279,simpleimputer,,feature_agglomeration,minmax,HistGradientBoostingClassifier(random_state=0),3,0.8333333333333334,,No using Simple Imputer,,0.08513092994689941,0.0021016597747802734
algerian_forest_fires_46279,simpleimputer,,feature_agglomeration,minmax,HistGradientBoostingClassifier(random_state=0),4,0.9166666666666666,,No using Simple Imputer,,0.08186221122741699,0.001867532730102539
algerian_forest_fires_46279,simpleimputer,,extra_tree,minmax,HistGradientBoostingClassifier(random_state=0),0,0.9795918367346939,,No using Simple Imputer,,0.09297370910644531,0.0021419525146484375
algerian_forest_fires_46279,simpleimputer,,extra_tree,minmax,HistGradientBoostingClassifier(random_state=0),1,0.9795918367346939,,No using Simple Imputer,,0.09270811080932617,0.0023190975189208984
algerian_forest_fires_46279,simpleimputer,,extra_tree,minmax,HistGradientBoostingClassifier(random_state=0),2,0.9795918367346939,,No using Simple Imputer,,0.07810640335083008,0.0016667842864990234
algerian_forest_fires_46279,simpleimputer,,extra_tree,minmax,HistGradientBoostingClassifier(random_state=0),3,0.9583333333333334,,No using Simple Imputer,,0.09176826477050781,0.0017232894897460938
algerian_forest_fires_46279,simpleimputer,,extra_tree,minmax,HistGradientBoostingClassifier(random_state=0),4,0.9375,,No using Simple Imputer,,0.09885764122009277,0.002166271209716797
algerian_forest_fires_46279,simpleimputer,,linear_svc,minmax,HistGradientBoostingClassifier(random_state=0),0,1.0,,No using Simple Imputer,,0.10161161422729492,0.002107858657836914
algerian_forest_fires_46279,simpleimputer,,linear_svc,minmax,HistGradientBoostingClassifier(random_state=0),1,0.9795918367346939,,No using Simple Imputer,,0.09902381896972656,0.00213623046875
algerian_forest_fires_46279,simpleimputer,,linear_svc,minmax,HistGradientBoostingClassifier(random_state=0),2,0.9795918367346939,,No using Simple Imputer,,0.0850517749786377,0.0018787384033203125
algerian_forest_fires_46279,simpleimputer,,linear_svc,minmax,HistGradientBoostingClassifier(random_state=0),3,0.9791666666666666,,No using Simple Imputer,,0.0988621711730957,0.0022203922271728516
algerian_forest_fires_46279,simpleimputer,,linear_svc,minmax,HistGradientBoostingClassifier(random_state=0),4,0.9375,,No using Simple Imputer,,0.09491801261901855,0.0022897720336914062
algerian_forest_fires_46279,simpleimputer,,kernel_pca,minmax,HistGradientBoostingClassifier(random_state=0),0,0.9183673469387755,,No using Simple Imputer,,0.12716174125671387,0.0018894672393798828
algerian_forest_fires_46279,simpleimputer,,kernel_pca,minmax,HistGradientBoostingClassifier(random_state=0),1,0.9591836734693877,,No using Simple Imputer,,0.12391972541809082,0.002210378646850586
algerian_forest_fires_46279,simpleimputer,,kernel_pca,minmax,HistGradientBoostingClassifier(random_state=0),2,0.8979591836734694,,No using Simple Imputer,,0.08791303634643555,0.0022211074829101562
algerian_forest_fires_46279,simpleimputer,,kernel_pca,minmax,HistGradientBoostingClassifier(random_state=0),3,0.9583333333333334,,No using Simple Imputer,,0.1336956024169922,0.001804351806640625
algerian_forest_fires_46279,simpleimputer,,kernel_pca,minmax,HistGradientBoostingClassifier(random_state=0),4,0.9375,,No using Simple Imputer,,0.14221620559692383,0.0021402835845947266
algerian_forest_fires_46279,simpleimputer,,,robust,HistGradientBoostingClassifier(random_state=0),0,0.9795918367346939,,No using Simple Imputer,,0.09217238426208496,0.0021469593048095703
algerian_forest_fires_46279,simpleimputer,,,robust,HistGradientBoostingClassifier(random_state=0),1,0.9795918367346939,,No using Simple Imputer,,0.09158539772033691,0.0017802715301513672
algerian_forest_fires_46279,simpleimputer,,,robust,HistGradientBoostingClassifier(random_state=0),2,0.9795918367346939,,No using Simple Imputer,,0.08574819564819336,0.0021216869354248047
algerian_forest_fires_46279,simpleimputer,,,robust,HistGradientBoostingClassifier(random_state=0),3,1.0,,No using Simple Imputer,,0.09427428245544434,0.002084970474243164
algerian_forest_fires_46279,simpleimputer,,,robust,HistGradientBoostingClassifier(random_state=0),4,0.9583333333333334,,No using Simple Imputer,,0.08486127853393555,0.0017139911651611328
algerian_forest_fires_46279,simpleimputer,,pca,robust,HistGradientBoostingClassifier(random_state=0),0,0.8571428571428571,,No using Simple Imputer,,0.07704019546508789,0.001634359359741211
algerian_forest_fires_46279,simpleimputer,,pca,robust,HistGradientBoostingClassifier(random_state=0),1,0.9795918367346939,,No using Simple Imputer,,0.08318662643432617,0.0017948150634765625
algerian_forest_fires_46279,simpleimputer,,pca,robust,HistGradientBoostingClassifier(random_state=0),2,0.8775510204081632,,No using Simple Imputer,,0.07779192924499512,0.0017061233520507812
algerian_forest_fires_46279,simpleimputer,,pca,robust,HistGradientBoostingClassifier(random_state=0),3,0.9166666666666666,,No using Simple Imputer,,0.09063839912414551,0.0022726058959960938
algerian_forest_fires_46279,simpleimputer,,pca,robust,HistGradientBoostingClassifier(random_state=0),4,0.9166666666666666,,No using Simple Imputer,,0.08992862701416016,0.0021011829376220703
algerian_forest_fires_46279,simpleimputer,,fastica,robust,HistGradientBoostingClassifier(random_state=0),0,0.8163265306122449,,No using Simple Imputer,,0.07213354110717773,0.0020439624786376953
algerian_forest_fires_46279,simpleimputer,,fastica,robust,HistGradientBoostingClassifier(random_state=0),1,0.6326530612244898,,No using Simple Imputer,,0.08337092399597168,0.001651763916015625
algerian_forest_fires_46279,simpleimputer,,fastica,robust,HistGradientBoostingClassifier(random_state=0),2,0.5510204081632653,,No using Simple Imputer,,0.08283543586730957,0.0016665458679199219
algerian_forest_fires_46279,simpleimputer,,fastica,robust,HistGradientBoostingClassifier(random_state=0),3,0.875,,No using Simple Imputer,,0.08992767333984375,0.002213001251220703
algerian_forest_fires_46279,simpleimputer,,fastica,robust,HistGradientBoostingClassifier(random_state=0),4,0.9166666666666666,,No using Simple Imputer,,0.09093713760375977,0.00185394287109375
algerian_forest_fires_46279,simpleimputer,,truncated_svd,robust,HistGradientBoostingClassifier(random_state=0),0,0.8367346938775511,,No using Simple Imputer,,0.07742571830749512,0.00168609619140625
algerian_forest_fires_46279,simpleimputer,,truncated_svd,robust,HistGradientBoostingClassifier(random_state=0),1,0.8979591836734694,,No using Simple Imputer,,0.07459211349487305,0.0017895698547363281
algerian_forest_fires_46279,simpleimputer,,truncated_svd,robust,HistGradientBoostingClassifier(random_state=0),2,0.8571428571428571,,No using Simple Imputer,,0.08492016792297363,0.0017075538635253906
algerian_forest_fires_46279,simpleimputer,,truncated_svd,robust,HistGradientBoostingClassifier(random_state=0),3,0.8958333333333334,,No using Simple Imputer,,0.08181381225585938,0.0016722679138183594
algerian_forest_fires_46279,simpleimputer,,truncated_svd,robust,HistGradientBoostingClassifier(random_state=0),4,0.9375,,No using Simple Imputer,,0.08417582511901855,0.002125263214111328
algerian_forest_fires_46279,simpleimputer,,select_percentile,robust,HistGradientBoostingClassifier(random_state=0),0,1.0,,No using Simple Imputer,,0.08242368698120117,0.0016336441040039062
algerian_forest_fires_46279,simpleimputer,,select_percentile,robust,HistGradientBoostingClassifier(random_state=0),1,0.9795918367346939,,No using Simple Imputer,,0.07103705406188965,0.0018320083618164062
algerian_forest_fires_46279,simpleimputer,,select_percentile,robust,HistGradientBoostingClassifier(random_state=0),2,1.0,,No using Simple Imputer,,0.08532118797302246,0.0020809173583984375
algerian_forest_fires_46279,simpleimputer,,select_percentile,robust,HistGradientBoostingClassifier(random_state=0),3,0.9791666666666666,,No using Simple Imputer,,0.08422565460205078,0.0018873214721679688
algerian_forest_fires_46279,simpleimputer,,select_percentile,robust,HistGradientBoostingClassifier(random_state=0),4,0.9375,,No using Simple Imputer,,0.07203030586242676,0.0016908645629882812
algerian_forest_fires_46279,simpleimputer,,generic_univariate,robust,HistGradientBoostingClassifier(random_state=0),0,0.9795918367346939,,No using Simple Imputer,,0.07555437088012695,0.0019600391387939453
algerian_forest_fires_46279,simpleimputer,,generic_univariate,robust,HistGradientBoostingClassifier(random_state=0),1,0.9795918367346939,,No using Simple Imputer,,0.06618237495422363,0.0021572113037109375
algerian_forest_fires_46279,simpleimputer,,generic_univariate,robust,HistGradientBoostingClassifier(random_state=0),2,0.9795918367346939,,No using Simple Imputer,,0.11099052429199219,0.0023293495178222656
algerian_forest_fires_46279,simpleimputer,,generic_univariate,robust,HistGradientBoostingClassifier(random_state=0),3,0.9583333333333334,,No using Simple Imputer,,0.07422232627868652,0.0020499229431152344
algerian_forest_fires_46279,simpleimputer,,generic_univariate,robust,HistGradientBoostingClassifier(random_state=0),4,0.9791666666666666,,No using Simple Imputer,,0.06354451179504395,0.0016665458679199219
algerian_forest_fires_46279,simpleimputer,,polynomial_features,robust,HistGradientBoostingClassifier(random_state=0),0,0.9591836734693877,,No using Simple Imputer,,0.10652518272399902,0.0020303726196289062
algerian_forest_fires_46279,simpleimputer,,polynomial_features,robust,HistGradientBoostingClassifier(random_state=0),1,0.9795918367346939,,No using Simple Imputer,,0.12198686599731445,0.00211334228515625
algerian_forest_fires_46279,simpleimputer,,polynomial_features,robust,HistGradientBoostingClassifier(random_state=0),2,0.9795918367346939,,No using Simple Imputer,,0.11080718040466309,0.0017185211181640625
algerian_forest_fires_46279,simpleimputer,,polynomial_features,robust,HistGradientBoostingClassifier(random_state=0),3,0.9583333333333334,,No using Simple Imputer,,0.11342191696166992,0.0018279552459716797
algerian_forest_fires_46279,simpleimputer,,polynomial_features,robust,HistGradientBoostingClassifier(random_state=0),4,0.9375,,No using Simple Imputer,,0.1116337776184082,0.0021278858184814453
algerian_forest_fires_46279,simpleimputer,,nystroem,robust,HistGradientBoostingClassifier(random_state=0),0,0.8979591836734694,,No using Simple Imputer,,0.14615488052368164,0.0018832683563232422
algerian_forest_fires_46279,simpleimputer,,nystroem,robust,HistGradientBoostingClassifier(random_state=0),1,0.9387755102040817,,No using Simple Imputer,,0.16259360313415527,0.0022864341735839844
algerian_forest_fires_46279,simpleimputer,,nystroem,robust,HistGradientBoostingClassifier(random_state=0),2,0.8571428571428571,,No using Simple Imputer,,0.17048239707946777,0.0017495155334472656
algerian_forest_fires_46279,simpleimputer,,nystroem,robust,HistGradientBoostingClassifier(random_state=0),3,0.9583333333333334,,No using Simple Imputer,,0.15869450569152832,0.0017659664154052734
algerian_forest_fires_46279,simpleimputer,,nystroem,robust,HistGradientBoostingClassifier(random_state=0),4,0.8958333333333334,,No using Simple Imputer,,0.1521153450012207,0.0023043155670166016
algerian_forest_fires_46279,simpleimputer,,rbf_sampler,robust,HistGradientBoostingClassifier(random_state=0),0,0.7551020408163265,,No using Simple Imputer,,0.10759806632995605,0.002042055130004883
algerian_forest_fires_46279,simpleimputer,,rbf_sampler,robust,HistGradientBoostingClassifier(random_state=0),1,0.8163265306122449,,No using Simple Imputer,,0.11041450500488281,0.0021317005157470703
algerian_forest_fires_46279,simpleimputer,,rbf_sampler,robust,HistGradientBoostingClassifier(random_state=0),2,0.7346938775510204,,No using Simple Imputer,,0.11114048957824707,0.002233743667602539
algerian_forest_fires_46279,simpleimputer,,rbf_sampler,robust,HistGradientBoostingClassifier(random_state=0),3,0.8125,,No using Simple Imputer,,0.10776066780090332,0.0020432472229003906
algerian_forest_fires_46279,simpleimputer,,rbf_sampler,robust,HistGradientBoostingClassifier(random_state=0),4,0.75,,No using Simple Imputer,,0.10320854187011719,0.00171661376953125
algerian_forest_fires_46279,simpleimputer,,random_trees_embedding,robust,HistGradientBoostingClassifier(random_state=0),0,,"Erro na combinação 1726 - Imputer: simpleimputer, Categorização: None, Seleção de Feature: random_trees_embedding, Scaler: robust, Fold: 0 - Exception: Sparse data was passed for X, but dense data is required. Use '.toarray()' to convert to a dense numpy array.",No using Simple Imputer,,0.10320854187011719,0.00171661376953125
algerian_forest_fires_46279,simpleimputer,,random_trees_embedding,robust,HistGradientBoostingClassifier(random_state=0),1,,"Erro na combinação 1727 - Imputer: simpleimputer, Categorização: None, Seleção de Feature: random_trees_embedding, Scaler: robust, Fold: 1 - Exception: Sparse data was passed for X, but dense data is required. Use '.toarray()' to convert to a dense numpy array.",No using Simple Imputer,,0.10320854187011719,0.00171661376953125
algerian_forest_fires_46279,simpleimputer,,random_trees_embedding,robust,HistGradientBoostingClassifier(random_state=0),2,,"Erro na combinação 1728 - Imputer: simpleimputer, Categorização: None, Seleção de Feature: random_trees_embedding, Scaler: robust, Fold: 2 - Exception: Sparse data was passed for X, but dense data is required. Use '.toarray()' to convert to a dense numpy array.",No using Simple Imputer,,0.10320854187011719,0.00171661376953125
algerian_forest_fires_46279,simpleimputer,,random_trees_embedding,robust,HistGradientBoostingClassifier(random_state=0),3,,"Erro na combinação 1729 - Imputer: simpleimputer, Categorização: None, Seleção de Feature: random_trees_embedding, Scaler: robust, Fold: 3 - Exception: Sparse data was passed for X, but dense data is required. Use '.toarray()' to convert to a dense numpy array.",No using Simple Imputer,,0.10320854187011719,0.00171661376953125
algerian_forest_fires_46279,simpleimputer,,random_trees_embedding,robust,HistGradientBoostingClassifier(random_state=0),4,,"Erro na combinação 1730 - Imputer: simpleimputer, Categorização: None, Seleção de Feature: random_trees_embedding, Scaler: robust, Fold: 4 - Exception: Sparse data was passed for X, but dense data is required. Use '.toarray()' to convert to a dense numpy array.",No using Simple Imputer,,0.10320854187011719,0.00171661376953125
algerian_forest_fires_46279,simpleimputer,,feature_agglomeration,robust,HistGradientBoostingClassifier(random_state=0),0,0.7346938775510204,,No using Simple Imputer,,0.07388043403625488,0.0016467571258544922
algerian_forest_fires_46279,simpleimputer,,feature_agglomeration,robust,HistGradientBoostingClassifier(random_state=0),1,0.8571428571428571,,No using Simple Imputer,,0.07814693450927734,0.0021953582763671875
algerian_forest_fires_46279,simpleimputer,,feature_agglomeration,robust,HistGradientBoostingClassifier(random_state=0),2,0.8979591836734694,,No using Simple Imputer,,0.08035850524902344,0.0020508766174316406
algerian_forest_fires_46279,simpleimputer,,feature_agglomeration,robust,HistGradientBoostingClassifier(random_state=0),3,0.8958333333333334,,No using Simple Imputer,,0.08583498001098633,0.0018496513366699219
algerian_forest_fires_46279,simpleimputer,,feature_agglomeration,robust,HistGradientBoostingClassifier(random_state=0),4,0.9375,,No using Simple Imputer,,0.07488107681274414,0.0018763542175292969
algerian_forest_fires_46279,simpleimputer,,extra_tree,robust,HistGradientBoostingClassifier(random_state=0),0,0.9795918367346939,,No using Simple Imputer,,0.07858586311340332,0.0017604827880859375
algerian_forest_fires_46279,simpleimputer,,extra_tree,robust,HistGradientBoostingClassifier(random_state=0),1,0.9795918367346939,,No using Simple Imputer,,0.0774083137512207,0.00186920166015625
algerian_forest_fires_46279,simpleimputer,,extra_tree,robust,HistGradientBoostingClassifier(random_state=0),2,0.9795918367346939,,No using Simple Imputer,,0.0815575122833252,0.0016741752624511719
algerian_forest_fires_46279,simpleimputer,,extra_tree,robust,HistGradientBoostingClassifier(random_state=0),3,0.9583333333333334,,No using Simple Imputer,,0.08397555351257324,0.001888275146484375
algerian_forest_fires_46279,simpleimputer,,extra_tree,robust,HistGradientBoostingClassifier(random_state=0),4,0.9375,,No using Simple Imputer,,0.0870821475982666,0.001706838607788086
algerian_forest_fires_46279,simpleimputer,,linear_svc,robust,HistGradientBoostingClassifier(random_state=0),0,1.0,,No using Simple Imputer,,0.08977079391479492,0.0024199485778808594
algerian_forest_fires_46279,simpleimputer,,linear_svc,robust,HistGradientBoostingClassifier(random_state=0),1,0.9795918367346939,,No using Simple Imputer,,0.08832216262817383,0.0018429756164550781
algerian_forest_fires_46279,simpleimputer,,linear_svc,robust,HistGradientBoostingClassifier(random_state=0),2,0.9591836734693877,,No using Simple Imputer,,0.0830678939819336,0.001750946044921875
algerian_forest_fires_46279,simpleimputer,,linear_svc,robust,HistGradientBoostingClassifier(random_state=0),3,0.9583333333333334,,No using Simple Imputer,,0.09284305572509766,0.002182483673095703
algerian_forest_fires_46279,simpleimputer,,linear_svc,robust,HistGradientBoostingClassifier(random_state=0),4,0.9375,,No using Simple Imputer,,0.09001493453979492,0.0021369457244873047
algerian_forest_fires_46279,simpleimputer,,kernel_pca,robust,HistGradientBoostingClassifier(random_state=0),0,0.8571428571428571,,No using Simple Imputer,,0.1390829086303711,0.0018720626831054688
algerian_forest_fires_46279,simpleimputer,,kernel_pca,robust,HistGradientBoostingClassifier(random_state=0),1,0.9795918367346939,,No using Simple Imputer,,0.13042426109313965,0.001990079879760742
algerian_forest_fires_46279,simpleimputer,,kernel_pca,robust,HistGradientBoostingClassifier(random_state=0),2,0.8979591836734694,,No using Simple Imputer,,0.15380620956420898,0.002176046371459961
algerian_forest_fires_46279,simpleimputer,,kernel_pca,robust,HistGradientBoostingClassifier(random_state=0),3,0.9166666666666666,,No using Simple Imputer,,0.13618230819702148,0.0018343925476074219
algerian_forest_fires_46279,simpleimputer,,kernel_pca,robust,HistGradientBoostingClassifier(random_state=0),4,0.9375,,No using Simple Imputer,,0.1493227481842041,0.0020978450775146484
algerian_forest_fires_46279,simpleimputer,,,normalizer,HistGradientBoostingClassifier(random_state=0),0,0.9591836734693877,,No using Simple Imputer,,0.08662223815917969,0.0022318363189697266
algerian_forest_fires_46279,simpleimputer,,,normalizer,HistGradientBoostingClassifier(random_state=0),1,0.9795918367346939,,No using Simple Imputer,,0.08779287338256836,0.0023040771484375
algerian_forest_fires_46279,simpleimputer,,,normalizer,HistGradientBoostingClassifier(random_state=0),2,0.9795918367346939,,No using Simple Imputer,,0.10130739212036133,0.0018267631530761719
algerian_forest_fires_46279,simpleimputer,,,normalizer,HistGradientBoostingClassifier(random_state=0),3,1.0,,No using Simple Imputer,,0.09391188621520996,0.002032756805419922
algerian_forest_fires_46279,simpleimputer,,,normalizer,HistGradientBoostingClassifier(random_state=0),4,0.9583333333333334,,No using Simple Imputer,,0.09081339836120605,0.0016360282897949219
algerian_forest_fires_46279,simpleimputer,,pca,normalizer,HistGradientBoostingClassifier(random_state=0),0,0.8775510204081632,,No using Simple Imputer,,0.07876777648925781,0.0016522407531738281
algerian_forest_fires_46279,simpleimputer,,pca,normalizer,HistGradientBoostingClassifier(random_state=0),1,0.9591836734693877,,No using Simple Imputer,,0.07404375076293945,0.0016398429870605469
algerian_forest_fires_46279,simpleimputer,,pca,normalizer,HistGradientBoostingClassifier(random_state=0),2,0.9183673469387755,,No using Simple Imputer,,0.08016848564147949,0.001783609390258789
algerian_forest_fires_46279,simpleimputer,,pca,normalizer,HistGradientBoostingClassifier(random_state=0),3,0.9791666666666666,,No using Simple Imputer,,0.0748746395111084,0.0020389556884765625
algerian_forest_fires_46279,simpleimputer,,pca,normalizer,HistGradientBoostingClassifier(random_state=0),4,0.9583333333333334,,No using Simple Imputer,,0.07543325424194336,0.002210855484008789
algerian_forest_fires_46279,simpleimputer,,fastica,normalizer,HistGradientBoostingClassifier(random_state=0),0,0.9387755102040817,,No using Simple Imputer,,0.0856790542602539,0.0018563270568847656
algerian_forest_fires_46279,simpleimputer,,fastica,normalizer,HistGradientBoostingClassifier(random_state=0),1,0.9387755102040817,,No using Simple Imputer,,0.08681893348693848,0.0021593570709228516
algerian_forest_fires_46279,simpleimputer,,fastica,normalizer,HistGradientBoostingClassifier(random_state=0),2,0.8367346938775511,,No using Simple Imputer,,0.09383130073547363,0.002292156219482422
algerian_forest_fires_46279,simpleimputer,,fastica,normalizer,HistGradientBoostingClassifier(random_state=0),3,0.8958333333333334,,No using Simple Imputer,,0.08174467086791992,0.0017054080963134766
algerian_forest_fires_46279,simpleimputer,,fastica,normalizer,HistGradientBoostingClassifier(random_state=0),4,0.875,,No using Simple Imputer,,0.10427355766296387,0.002324342727661133
algerian_forest_fires_46279,simpleimputer,,truncated_svd,normalizer,HistGradientBoostingClassifier(random_state=0),0,0.8367346938775511,,No using Simple Imputer,,0.08788800239562988,0.001789093017578125
algerian_forest_fires_46279,simpleimputer,,truncated_svd,normalizer,HistGradientBoostingClassifier(random_state=0),1,0.7755102040816326,,No using Simple Imputer,,0.07590484619140625,0.0022573471069335938
algerian_forest_fires_46279,simpleimputer,,truncated_svd,normalizer,HistGradientBoostingClassifier(random_state=0),2,0.8367346938775511,,No using Simple Imputer,,0.0851433277130127,0.0022203922271728516
algerian_forest_fires_46279,simpleimputer,,truncated_svd,normalizer,HistGradientBoostingClassifier(random_state=0),3,0.8125,,No using Simple Imputer,,0.10244131088256836,0.0022614002227783203
algerian_forest_fires_46279,simpleimputer,,truncated_svd,normalizer,HistGradientBoostingClassifier(random_state=0),4,0.875,,No using Simple Imputer,,0.08198237419128418,0.0017669200897216797
algerian_forest_fires_46279,simpleimputer,,select_percentile,normalizer,HistGradientBoostingClassifier(random_state=0),0,0.9795918367346939,,No using Simple Imputer,,0.08669328689575195,0.002245187759399414
algerian_forest_fires_46279,simpleimputer,,select_percentile,normalizer,HistGradientBoostingClassifier(random_state=0),1,0.9795918367346939,,No using Simple Imputer,,0.07909393310546875,0.0016031265258789062
algerian_forest_fires_46279,simpleimputer,,select_percentile,normalizer,HistGradientBoostingClassifier(random_state=0),2,0.9591836734693877,,No using Simple Imputer,,0.09424328804016113,0.002122640609741211
algerian_forest_fires_46279,simpleimputer,,select_percentile,normalizer,HistGradientBoostingClassifier(random_state=0),3,0.9791666666666666,,No using Simple Imputer,,0.09866452217102051,0.0017917156219482422
algerian_forest_fires_46279,simpleimputer,,select_percentile,normalizer,HistGradientBoostingClassifier(random_state=0),4,0.9375,,No using Simple Imputer,,0.08289742469787598,0.00209808349609375
algerian_forest_fires_46279,simpleimputer,,generic_univariate,normalizer,HistGradientBoostingClassifier(random_state=0),0,0.9591836734693877,,No using Simple Imputer,,0.07044363021850586,0.002179384231567383
algerian_forest_fires_46279,simpleimputer,,generic_univariate,normalizer,HistGradientBoostingClassifier(random_state=0),1,0.9795918367346939,,No using Simple Imputer,,0.06916332244873047,0.0018813610076904297
algerian_forest_fires_46279,simpleimputer,,generic_univariate,normalizer,HistGradientBoostingClassifier(random_state=0),2,0.9591836734693877,,No using Simple Imputer,,0.9226577281951904,0.0018982887268066406
algerian_forest_fires_46279,simpleimputer,,generic_univariate,normalizer,HistGradientBoostingClassifier(random_state=0),3,0.9583333333333334,,No using Simple Imputer,,0.09073948860168457,0.0022699832916259766
algerian_forest_fires_46279,simpleimputer,,generic_univariate,normalizer,HistGradientBoostingClassifier(random_state=0),4,0.9583333333333334,,No using Simple Imputer,,0.08534598350524902,0.0019009113311767578
algerian_forest_fires_46279,simpleimputer,,polynomial_features,normalizer,HistGradientBoostingClassifier(random_state=0),0,0.9591836734693877,,No using Simple Imputer,,0.12410593032836914,0.002065420150756836
algerian_forest_fires_46279,simpleimputer,,polynomial_features,normalizer,HistGradientBoostingClassifier(random_state=0),1,0.9795918367346939,,No using Simple Imputer,,0.11560893058776855,0.0021600723266601562
algerian_forest_fires_46279,simpleimputer,,polynomial_features,normalizer,HistGradientBoostingClassifier(random_state=0),2,0.9795918367346939,,No using Simple Imputer,,0.11285829544067383,0.0017123222351074219
algerian_forest_fires_46279,simpleimputer,,polynomial_features,normalizer,HistGradientBoostingClassifier(random_state=0),3,0.9791666666666666,,No using Simple Imputer,,0.11064982414245605,0.0019795894622802734
algerian_forest_fires_46279,simpleimputer,,polynomial_features,normalizer,HistGradientBoostingClassifier(random_state=0),4,0.9583333333333334,,No using Simple Imputer,,0.13686800003051758,0.002203226089477539
algerian_forest_fires_46279,simpleimputer,,nystroem,normalizer,HistGradientBoostingClassifier(random_state=0),0,0.8979591836734694,,No using Simple Imputer,,0.17649078369140625,0.0020630359649658203
algerian_forest_fires_46279,simpleimputer,,nystroem,normalizer,HistGradientBoostingClassifier(random_state=0),1,0.9387755102040817,,No using Simple Imputer,,0.10609793663024902,0.002336740493774414
algerian_forest_fires_46279,simpleimputer,,nystroem,normalizer,HistGradientBoostingClassifier(random_state=0),2,0.9387755102040817,,No using Simple Imputer,,0.18622732162475586,0.0022199153900146484
algerian_forest_fires_46279,simpleimputer,,nystroem,normalizer,HistGradientBoostingClassifier(random_state=0),3,0.9375,,No using Simple Imputer,,0.15152335166931152,0.0016684532165527344
algerian_forest_fires_46279,simpleimputer,,nystroem,normalizer,HistGradientBoostingClassifier(random_state=0),4,0.9583333333333334,,No using Simple Imputer,,0.1351912021636963,0.0017085075378417969
algerian_forest_fires_46279,simpleimputer,,rbf_sampler,normalizer,HistGradientBoostingClassifier(random_state=0),0,1.0,,No using Simple Imputer,,0.11318445205688477,0.0018477439880371094
algerian_forest_fires_46279,simpleimputer,,rbf_sampler,normalizer,HistGradientBoostingClassifier(random_state=0),1,0.9591836734693877,,No using Simple Imputer,,0.10687923431396484,0.0020842552185058594
algerian_forest_fires_46279,simpleimputer,,rbf_sampler,normalizer,HistGradientBoostingClassifier(random_state=0),2,0.9387755102040817,,No using Simple Imputer,,0.1395859718322754,0.002921581268310547
algerian_forest_fires_46279,simpleimputer,,rbf_sampler,normalizer,HistGradientBoostingClassifier(random_state=0),3,0.9791666666666666,,No using Simple Imputer,,0.11929464340209961,0.002155303955078125
algerian_forest_fires_46279,simpleimputer,,rbf_sampler,normalizer,HistGradientBoostingClassifier(random_state=0),4,0.9583333333333334,,No using Simple Imputer,,0.10771727561950684,0.0019752979278564453
algerian_forest_fires_46279,simpleimputer,,random_trees_embedding,normalizer,HistGradientBoostingClassifier(random_state=0),0,,"Erro na combinação 1796 - Imputer: simpleimputer, Categorização: None, Seleção de Feature: random_trees_embedding, Scaler: normalizer, Fold: 0 - Exception: Sparse data was passed for X, but dense data is required. Use '.toarray()' to convert to a dense numpy array.",No using Simple Imputer,,0.10771727561950684,0.0019752979278564453
algerian_forest_fires_46279,simpleimputer,,random_trees_embedding,normalizer,HistGradientBoostingClassifier(random_state=0),1,,"Erro na combinação 1797 - Imputer: simpleimputer, Categorização: None, Seleção de Feature: random_trees_embedding, Scaler: normalizer, Fold: 1 - Exception: Sparse data was passed for X, but dense data is required. Use '.toarray()' to convert to a dense numpy array.",No using Simple Imputer,,0.10771727561950684,0.0019752979278564453
algerian_forest_fires_46279,simpleimputer,,random_trees_embedding,normalizer,HistGradientBoostingClassifier(random_state=0),2,,"Erro na combinação 1798 - Imputer: simpleimputer, Categorização: None, Seleção de Feature: random_trees_embedding, Scaler: normalizer, Fold: 2 - Exception: Sparse data was passed for X, but dense data is required. Use '.toarray()' to convert to a dense numpy array.",No using Simple Imputer,,0.10771727561950684,0.0019752979278564453
algerian_forest_fires_46279,simpleimputer,,random_trees_embedding,normalizer,HistGradientBoostingClassifier(random_state=0),3,,"Erro na combinação 1799 - Imputer: simpleimputer, Categorização: None, Seleção de Feature: random_trees_embedding, Scaler: normalizer, Fold: 3 - Exception: Sparse data was passed for X, but dense data is required. Use '.toarray()' to convert to a dense numpy array.",No using Simple Imputer,,0.10771727561950684,0.0019752979278564453
algerian_forest_fires_46279,simpleimputer,,random_trees_embedding,normalizer,HistGradientBoostingClassifier(random_state=0),4,,"Erro na combinação 1800 - Imputer: simpleimputer, Categorização: None, Seleção de Feature: random_trees_embedding, Scaler: normalizer, Fold: 4 - Exception: Sparse data was passed for X, but dense data is required. Use '.toarray()' to convert to a dense numpy array.",No using Simple Imputer,,0.10771727561950684,0.0019752979278564453
algerian_forest_fires_46279,simpleimputer,,feature_agglomeration,normalizer,HistGradientBoostingClassifier(random_state=0),0,0.7755102040816326,,No using Simple Imputer,,0.07634186744689941,0.001617431640625
algerian_forest_fires_46279,simpleimputer,,feature_agglomeration,normalizer,HistGradientBoostingClassifier(random_state=0),1,0.7755102040816326,,No using Simple Imputer,,0.09136080741882324,0.002059459686279297
algerian_forest_fires_46279,simpleimputer,,feature_agglomeration,normalizer,HistGradientBoostingClassifier(random_state=0),2,0.8367346938775511,,No using Simple Imputer,,0.08697891235351562,0.0016131401062011719
algerian_forest_fires_46279,simpleimputer,,feature_agglomeration,normalizer,HistGradientBoostingClassifier(random_state=0),3,0.75,,No using Simple Imputer,,0.0785973072052002,0.001691579818725586
algerian_forest_fires_46279,simpleimputer,,feature_agglomeration,normalizer,HistGradientBoostingClassifier(random_state=0),4,0.8958333333333334,,No using Simple Imputer,,0.07107424736022949,0.0018477439880371094
algerian_forest_fires_46279,simpleimputer,,extra_tree,normalizer,HistGradientBoostingClassifier(random_state=0),0,0.9795918367346939,,No using Simple Imputer,,0.08498406410217285,0.0021905899047851562
algerian_forest_fires_46279,simpleimputer,,extra_tree,normalizer,HistGradientBoostingClassifier(random_state=0),1,0.9795918367346939,,No using Simple Imputer,,0.09412384033203125,0.0018558502197265625
algerian_forest_fires_46279,simpleimputer,,extra_tree,normalizer,HistGradientBoostingClassifier(random_state=0),2,0.9795918367346939,,No using Simple Imputer,,0.09571027755737305,0.0018177032470703125
algerian_forest_fires_46279,simpleimputer,,extra_tree,normalizer,HistGradientBoostingClassifier(random_state=0),3,0.9791666666666666,,No using Simple Imputer,,0.08414340019226074,0.0021021366119384766
algerian_forest_fires_46279,simpleimputer,,extra_tree,normalizer,HistGradientBoostingClassifier(random_state=0),4,0.9375,,No using Simple Imputer,,0.08382821083068848,0.0016694068908691406
algerian_forest_fires_46279,simpleimputer,,linear_svc,normalizer,HistGradientBoostingClassifier(random_state=0),0,0.9591836734693877,,No using Simple Imputer,,0.08242106437683105,0.002130270004272461
algerian_forest_fires_46279,simpleimputer,,linear_svc,normalizer,HistGradientBoostingClassifier(random_state=0),1,0.9795918367346939,,No using Simple Imputer,,0.08702445030212402,0.0021119117736816406
algerian_forest_fires_46279,simpleimputer,,linear_svc,normalizer,HistGradientBoostingClassifier(random_state=0),2,0.9591836734693877,,No using Simple Imputer,,0.07995104789733887,0.0018966197967529297
algerian_forest_fires_46279,simpleimputer,,linear_svc,normalizer,HistGradientBoostingClassifier(random_state=0),3,0.9583333333333334,,No using Simple Imputer,,0.08755326271057129,0.0015459060668945312
algerian_forest_fires_46279,simpleimputer,,linear_svc,normalizer,HistGradientBoostingClassifier(random_state=0),4,0.9583333333333334,,No using Simple Imputer,,0.08057785034179688,0.0020990371704101562
algerian_forest_fires_46279,simpleimputer,,kernel_pca,normalizer,HistGradientBoostingClassifier(random_state=0),0,0.8979591836734694,,No using Simple Imputer,,0.13607573509216309,0.0017023086547851562
algerian_forest_fires_46279,simpleimputer,,kernel_pca,normalizer,HistGradientBoostingClassifier(random_state=0),1,0.9591836734693877,,No using Simple Imputer,,0.148024320602417,0.0021381378173828125
algerian_forest_fires_46279,simpleimputer,,kernel_pca,normalizer,HistGradientBoostingClassifier(random_state=0),2,0.9183673469387755,,No using Simple Imputer,,0.14094233512878418,0.001689910888671875
algerian_forest_fires_46279,simpleimputer,,kernel_pca,normalizer,HistGradientBoostingClassifier(random_state=0),3,0.9375,,No using Simple Imputer,,0.08725786209106445,0.002148866653442383
algerian_forest_fires_46279,simpleimputer,,kernel_pca,normalizer,HistGradientBoostingClassifier(random_state=0),4,0.9375,,No using Simple Imputer,,0.13788962364196777,0.0019752979278564453
algerian_forest_fires_46279,simpleimputer,,,power,HistGradientBoostingClassifier(random_state=0),0,0.9795918367346939,,No using Simple Imputer,,0.08973217010498047,0.0016946792602539062
algerian_forest_fires_46279,simpleimputer,,,power,HistGradientBoostingClassifier(random_state=0),1,0.9795918367346939,,No using Simple Imputer,,0.09443402290344238,0.0018737316131591797
algerian_forest_fires_46279,simpleimputer,,,power,HistGradientBoostingClassifier(random_state=0),2,0.9795918367346939,,No using Simple Imputer,,0.0965721607208252,0.0018157958984375
algerian_forest_fires_46279,simpleimputer,,,power,HistGradientBoostingClassifier(random_state=0),3,1.0,,No using Simple Imputer,,0.08669614791870117,0.0017418861389160156
algerian_forest_fires_46279,simpleimputer,,,power,HistGradientBoostingClassifier(random_state=0),4,0.9583333333333334,,No using Simple Imputer,,0.0904543399810791,0.0020821094512939453
algerian_forest_fires_46279,simpleimputer,,pca,power,HistGradientBoostingClassifier(random_state=0),0,0.9183673469387755,,No using Simple Imputer,,0.09343814849853516,0.0021996498107910156
algerian_forest_fires_46279,simpleimputer,,pca,power,HistGradientBoostingClassifier(random_state=0),1,0.9591836734693877,,No using Simple Imputer,,0.09195160865783691,0.0020852088928222656
algerian_forest_fires_46279,simpleimputer,,pca,power,HistGradientBoostingClassifier(random_state=0),2,0.9387755102040817,,No using Simple Imputer,,0.09248638153076172,0.0017974376678466797
algerian_forest_fires_46279,simpleimputer,,pca,power,HistGradientBoostingClassifier(random_state=0),3,0.9791666666666666,,No using Simple Imputer,,0.08545041084289551,0.002079010009765625
algerian_forest_fires_46279,simpleimputer,,pca,power,HistGradientBoostingClassifier(random_state=0),4,0.9583333333333334,,No using Simple Imputer,,0.09257173538208008,0.0018193721771240234
algerian_forest_fires_46279,simpleimputer,,fastica,power,HistGradientBoostingClassifier(random_state=0),0,0.7959183673469388,,No using Simple Imputer,,0.0912470817565918,0.0021975040435791016
algerian_forest_fires_46279,simpleimputer,,fastica,power,HistGradientBoostingClassifier(random_state=0),1,0.8775510204081632,,No using Simple Imputer,,0.07999515533447266,0.0018992424011230469
algerian_forest_fires_46279,simpleimputer,,fastica,power,HistGradientBoostingClassifier(random_state=0),2,0.8367346938775511,,No using Simple Imputer,,0.08258223533630371,0.0020875930786132812
algerian_forest_fires_46279,simpleimputer,,fastica,power,HistGradientBoostingClassifier(random_state=0),3,0.9583333333333334,,No using Simple Imputer,,0.08680558204650879,0.0021691322326660156
algerian_forest_fires_46279,simpleimputer,,fastica,power,HistGradientBoostingClassifier(random_state=0),4,0.8541666666666666,,No using Simple Imputer,,0.08371472358703613,0.0016100406646728516
algerian_forest_fires_46279,simpleimputer,,truncated_svd,power,HistGradientBoostingClassifier(random_state=0),0,0.8571428571428571,,No using Simple Imputer,,0.0873410701751709,0.0016431808471679688
algerian_forest_fires_46279,simpleimputer,,truncated_svd,power,HistGradientBoostingClassifier(random_state=0),1,0.8775510204081632,,No using Simple Imputer,,0.07122182846069336,0.0016717910766601562
algerian_forest_fires_46279,simpleimputer,,truncated_svd,power,HistGradientBoostingClassifier(random_state=0),2,0.8979591836734694,,No using Simple Imputer,,0.08115911483764648,0.002132415771484375
algerian_forest_fires_46279,simpleimputer,,truncated_svd,power,HistGradientBoostingClassifier(random_state=0),3,0.9166666666666666,,No using Simple Imputer,,0.08225464820861816,0.0018107891082763672
algerian_forest_fires_46279,simpleimputer,,truncated_svd,power,HistGradientBoostingClassifier(random_state=0),4,0.875,,No using Simple Imputer,,0.07552361488342285,0.0018076896667480469
algerian_forest_fires_46279,simpleimputer,,select_percentile,power,HistGradientBoostingClassifier(random_state=0),0,1.0,,No using Simple Imputer,,0.08283758163452148,0.0020966529846191406
algerian_forest_fires_46279,simpleimputer,,select_percentile,power,HistGradientBoostingClassifier(random_state=0),1,0.9795918367346939,,No using Simple Imputer,,0.09401774406433105,0.0020551681518554688
algerian_forest_fires_46279,simpleimputer,,select_percentile,power,HistGradientBoostingClassifier(random_state=0),2,0.9795918367346939,,No using Simple Imputer,,0.08591818809509277,0.0015988349914550781
algerian_forest_fires_46279,simpleimputer,,select_percentile,power,HistGradientBoostingClassifier(random_state=0),3,0.9583333333333334,,No using Simple Imputer,,0.08807992935180664,0.0018901824951171875
algerian_forest_fires_46279,simpleimputer,,select_percentile,power,HistGradientBoostingClassifier(random_state=0),4,0.9791666666666666,,No using Simple Imputer,,0.08380603790283203,0.0016849040985107422
algerian_forest_fires_46279,simpleimputer,,generic_univariate,power,HistGradientBoostingClassifier(random_state=0),0,0.8979591836734694,,No using Simple Imputer,,0.06312751770019531,0.0016338825225830078
algerian_forest_fires_46279,simpleimputer,,generic_univariate,power,HistGradientBoostingClassifier(random_state=0),1,0.9183673469387755,,No using Simple Imputer,,0.06665778160095215,0.0016646385192871094
algerian_forest_fires_46279,simpleimputer,,generic_univariate,power,HistGradientBoostingClassifier(random_state=0),2,0.8775510204081632,,No using Simple Imputer,,0.07838606834411621,0.0016283988952636719
algerian_forest_fires_46279,simpleimputer,,generic_univariate,power,HistGradientBoostingClassifier(random_state=0),3,0.9375,,No using Simple Imputer,,0.06974673271179199,0.001986265182495117
algerian_forest_fires_46279,simpleimputer,,generic_univariate,power,HistGradientBoostingClassifier(random_state=0),4,0.9375,,No using Simple Imputer,,0.06977224349975586,0.0020704269409179688
algerian_forest_fires_46279,simpleimputer,,polynomial_features,power,HistGradientBoostingClassifier(random_state=0),0,0.9795918367346939,,No using Simple Imputer,,0.10722136497497559,0.0017104148864746094
algerian_forest_fires_46279,simpleimputer,,polynomial_features,power,HistGradientBoostingClassifier(random_state=0),1,0.9795918367346939,,No using Simple Imputer,,0.11587190628051758,0.0017371177673339844
algerian_forest_fires_46279,simpleimputer,,polynomial_features,power,HistGradientBoostingClassifier(random_state=0),2,0.9795918367346939,,No using Simple Imputer,,0.12082028388977051,0.0018014907836914062
algerian_forest_fires_46279,simpleimputer,,polynomial_features,power,HistGradientBoostingClassifier(random_state=0),3,0.9791666666666666,,No using Simple Imputer,,0.11833500862121582,0.0016636848449707031
algerian_forest_fires_46279,simpleimputer,,polynomial_features,power,HistGradientBoostingClassifier(random_state=0),4,0.9375,,No using Simple Imputer,,0.10968971252441406,0.0020508766174316406
algerian_forest_fires_46279,simpleimputer,,nystroem,power,HistGradientBoostingClassifier(random_state=0),0,0.9387755102040817,,No using Simple Imputer,,0.1324920654296875,0.002257823944091797
algerian_forest_fires_46279,simpleimputer,,nystroem,power,HistGradientBoostingClassifier(random_state=0),1,0.9795918367346939,,No using Simple Imputer,,0.11992430686950684,0.0021164417266845703
algerian_forest_fires_46279,simpleimputer,,nystroem,power,HistGradientBoostingClassifier(random_state=0),2,0.8979591836734694,,No using Simple Imputer,,0.15296602249145508,0.001912832260131836
algerian_forest_fires_46279,simpleimputer,,nystroem,power,HistGradientBoostingClassifier(random_state=0),3,0.9375,,No using Simple Imputer,,0.15530109405517578,0.002148151397705078
algerian_forest_fires_46279,simpleimputer,,nystroem,power,HistGradientBoostingClassifier(random_state=0),4,0.9375,,No using Simple Imputer,,0.1699235439300537,0.001741170883178711
algerian_forest_fires_46279,simpleimputer,,rbf_sampler,power,HistGradientBoostingClassifier(random_state=0),0,0.6122448979591837,,No using Simple Imputer,,0.112457275390625,0.0021126270294189453
algerian_forest_fires_46279,simpleimputer,,rbf_sampler,power,HistGradientBoostingClassifier(random_state=0),1,0.7755102040816326,,No using Simple Imputer,,0.10831117630004883,0.0018353462219238281
algerian_forest_fires_46279,simpleimputer,,rbf_sampler,power,HistGradientBoostingClassifier(random_state=0),2,0.673469387755102,,No using Simple Imputer,,0.10556817054748535,0.0021228790283203125
algerian_forest_fires_46279,simpleimputer,,rbf_sampler,power,HistGradientBoostingClassifier(random_state=0),3,0.6458333333333334,,No using Simple Imputer,,0.1143655776977539,0.002061128616333008
algerian_forest_fires_46279,simpleimputer,,rbf_sampler,power,HistGradientBoostingClassifier(random_state=0),4,0.6041666666666666,,No using Simple Imputer,,0.10891413688659668,0.0020089149475097656
algerian_forest_fires_46279,simpleimputer,,random_trees_embedding,power,HistGradientBoostingClassifier(random_state=0),0,,"Erro na combinação 1866 - Imputer: simpleimputer, Categorização: None, Seleção de Feature: random_trees_embedding, Scaler: power, Fold: 0 - Exception: Sparse data was passed for X, but dense data is required. Use '.toarray()' to convert to a dense numpy array.",No using Simple Imputer,,0.10891413688659668,0.0020089149475097656
algerian_forest_fires_46279,simpleimputer,,random_trees_embedding,power,HistGradientBoostingClassifier(random_state=0),1,,"Erro na combinação 1867 - Imputer: simpleimputer, Categorização: None, Seleção de Feature: random_trees_embedding, Scaler: power, Fold: 1 - Exception: Sparse data was passed for X, but dense data is required. Use '.toarray()' to convert to a dense numpy array.",No using Simple Imputer,,0.10891413688659668,0.0020089149475097656
algerian_forest_fires_46279,simpleimputer,,random_trees_embedding,power,HistGradientBoostingClassifier(random_state=0),2,,"Erro na combinação 1868 - Imputer: simpleimputer, Categorização: None, Seleção de Feature: random_trees_embedding, Scaler: power, Fold: 2 - Exception: Sparse data was passed for X, but dense data is required. Use '.toarray()' to convert to a dense numpy array.",No using Simple Imputer,,0.10891413688659668,0.0020089149475097656
algerian_forest_fires_46279,simpleimputer,,random_trees_embedding,power,HistGradientBoostingClassifier(random_state=0),3,,"Erro na combinação 1869 - Imputer: simpleimputer, Categorização: None, Seleção de Feature: random_trees_embedding, Scaler: power, Fold: 3 - Exception: Sparse data was passed for X, but dense data is required. Use '.toarray()' to convert to a dense numpy array.",No using Simple Imputer,,0.10891413688659668,0.0020089149475097656
algerian_forest_fires_46279,simpleimputer,,random_trees_embedding,power,HistGradientBoostingClassifier(random_state=0),4,,"Erro na combinação 1870 - Imputer: simpleimputer, Categorização: None, Seleção de Feature: random_trees_embedding, Scaler: power, Fold: 4 - Exception: Sparse data was passed for X, but dense data is required. Use '.toarray()' to convert to a dense numpy array.",No using Simple Imputer,,0.10891413688659668,0.0020089149475097656
algerian_forest_fires_46279,simpleimputer,,feature_agglomeration,power,HistGradientBoostingClassifier(random_state=0),0,0.8571428571428571,,No using Simple Imputer,,0.07314085960388184,0.002184152603149414
algerian_forest_fires_46279,simpleimputer,,feature_agglomeration,power,HistGradientBoostingClassifier(random_state=0),1,0.8979591836734694,,No using Simple Imputer,,0.0708005428314209,0.0017447471618652344
algerian_forest_fires_46279,simpleimputer,,feature_agglomeration,power,HistGradientBoostingClassifier(random_state=0),2,0.8979591836734694,,No using Simple Imputer,,0.08321285247802734,0.0021190643310546875
algerian_forest_fires_46279,simpleimputer,,feature_agglomeration,power,HistGradientBoostingClassifier(random_state=0),3,0.9375,,No using Simple Imputer,,0.07145261764526367,0.0016498565673828125
algerian_forest_fires_46279,simpleimputer,,feature_agglomeration,power,HistGradientBoostingClassifier(random_state=0),4,0.9583333333333334,,No using Simple Imputer,,0.07283258438110352,0.0016536712646484375
algerian_forest_fires_46279,simpleimputer,,extra_tree,power,HistGradientBoostingClassifier(random_state=0),0,0.9795918367346939,,No using Simple Imputer,,0.09117984771728516,0.0021371841430664062
algerian_forest_fires_46279,simpleimputer,,extra_tree,power,HistGradientBoostingClassifier(random_state=0),1,0.9795918367346939,,No using Simple Imputer,,0.0958700180053711,0.0020668506622314453
algerian_forest_fires_46279,simpleimputer,,extra_tree,power,HistGradientBoostingClassifier(random_state=0),2,0.9795918367346939,,No using Simple Imputer,,0.08600640296936035,0.002228260040283203
algerian_forest_fires_46279,simpleimputer,,extra_tree,power,HistGradientBoostingClassifier(random_state=0),3,0.9583333333333334,,No using Simple Imputer,,0.07672476768493652,0.0015621185302734375
algerian_forest_fires_46279,simpleimputer,,extra_tree,power,HistGradientBoostingClassifier(random_state=0),4,0.9375,,No using Simple Imputer,,0.08226203918457031,0.0016207695007324219
algerian_forest_fires_46279,simpleimputer,,linear_svc,power,HistGradientBoostingClassifier(random_state=0),0,0.9795918367346939,,No using Simple Imputer,,0.08867096900939941,0.002083301544189453
algerian_forest_fires_46279,simpleimputer,,linear_svc,power,HistGradientBoostingClassifier(random_state=0),1,0.9795918367346939,,No using Simple Imputer,,0.08127427101135254,0.0016546249389648438
algerian_forest_fires_46279,simpleimputer,,linear_svc,power,HistGradientBoostingClassifier(random_state=0),2,0.9591836734693877,,No using Simple Imputer,,0.07595300674438477,0.0017178058624267578
algerian_forest_fires_46279,simpleimputer,,linear_svc,power,HistGradientBoostingClassifier(random_state=0),3,0.9791666666666666,,No using Simple Imputer,,0.08854126930236816,0.0018563270568847656
algerian_forest_fires_46279,simpleimputer,,linear_svc,power,HistGradientBoostingClassifier(random_state=0),4,0.9375,,No using Simple Imputer,,0.07122111320495605,0.0015630722045898438
algerian_forest_fires_46279,simpleimputer,,kernel_pca,power,HistGradientBoostingClassifier(random_state=0),0,0.9183673469387755,,No using Simple Imputer,,0.14410901069641113,0.0016255378723144531
algerian_forest_fires_46279,simpleimputer,,kernel_pca,power,HistGradientBoostingClassifier(random_state=0),1,0.9387755102040817,,No using Simple Imputer,,0.14341115951538086,0.0019648075103759766
algerian_forest_fires_46279,simpleimputer,,kernel_pca,power,HistGradientBoostingClassifier(random_state=0),2,0.9183673469387755,,No using Simple Imputer,,0.11365962028503418,0.0016186237335205078
algerian_forest_fires_46279,simpleimputer,,kernel_pca,power,HistGradientBoostingClassifier(random_state=0),3,0.9791666666666666,,No using Simple Imputer,,0.14940261840820312,0.0017206668853759766
algerian_forest_fires_46279,simpleimputer,,kernel_pca,power,HistGradientBoostingClassifier(random_state=0),4,0.9583333333333334,,No using Simple Imputer,,0.14393186569213867,0.0020248889923095703
algerian_forest_fires_46279,simpleimputer,,,quantile,HistGradientBoostingClassifier(random_state=0),0,0.9795918367346939,,No using Simple Imputer,,0.0823512077331543,0.0018527507781982422
algerian_forest_fires_46279,simpleimputer,,,quantile,HistGradientBoostingClassifier(random_state=0),1,0.9795918367346939,,No using Simple Imputer,,0.09324502944946289,0.001913309097290039
algerian_forest_fires_46279,simpleimputer,,,quantile,HistGradientBoostingClassifier(random_state=0),2,0.9795918367346939,,No using Simple Imputer,,0.0800778865814209,0.0018506050109863281
algerian_forest_fires_46279,simpleimputer,,,quantile,HistGradientBoostingClassifier(random_state=0),3,1.0,,No using Simple Imputer,,0.12960290908813477,0.0021293163299560547
algerian_forest_fires_46279,simpleimputer,,,quantile,HistGradientBoostingClassifier(random_state=0),4,0.9583333333333334,,No using Simple Imputer,,0.08208346366882324,0.0017554759979248047
algerian_forest_fires_46279,simpleimputer,,pca,quantile,HistGradientBoostingClassifier(random_state=0),0,0.9183673469387755,,No using Simple Imputer,,0.09687042236328125,0.001996755599975586
algerian_forest_fires_46279,simpleimputer,,pca,quantile,HistGradientBoostingClassifier(random_state=0),1,0.9387755102040817,,No using Simple Imputer,,0.09399747848510742,0.0019328594207763672
algerian_forest_fires_46279,simpleimputer,,pca,quantile,HistGradientBoostingClassifier(random_state=0),2,0.9387755102040817,,No using Simple Imputer,,0.08772945404052734,0.0022830963134765625
algerian_forest_fires_46279,simpleimputer,,pca,quantile,HistGradientBoostingClassifier(random_state=0),3,0.9583333333333334,,No using Simple Imputer,,0.08602619171142578,0.0019066333770751953
algerian_forest_fires_46279,simpleimputer,,pca,quantile,HistGradientBoostingClassifier(random_state=0),4,0.9375,,No using Simple Imputer,,0.08620333671569824,0.002353668212890625
algerian_forest_fires_46279,simpleimputer,,fastica,quantile,HistGradientBoostingClassifier(random_state=0),0,0.6938775510204082,,No using Simple Imputer,,0.07575201988220215,0.0016510486602783203
algerian_forest_fires_46279,simpleimputer,,fastica,quantile,HistGradientBoostingClassifier(random_state=0),1,0.8367346938775511,,No using Simple Imputer,,0.08612322807312012,0.00218963623046875
algerian_forest_fires_46279,simpleimputer,,fastica,quantile,HistGradientBoostingClassifier(random_state=0),2,0.8367346938775511,,No using Simple Imputer,,0.07626962661743164,0.0019021034240722656
algerian_forest_fires_46279,simpleimputer,,fastica,quantile,HistGradientBoostingClassifier(random_state=0),3,0.8541666666666666,,No using Simple Imputer,,0.08457398414611816,0.0017402172088623047
algerian_forest_fires_46279,simpleimputer,,fastica,quantile,HistGradientBoostingClassifier(random_state=0),4,0.875,,No using Simple Imputer,,0.0740962028503418,0.0018665790557861328
algerian_forest_fires_46279,simpleimputer,,truncated_svd,quantile,HistGradientBoostingClassifier(random_state=0),0,0.8775510204081632,,No using Simple Imputer,,0.0878443717956543,0.0017478466033935547
algerian_forest_fires_46279,simpleimputer,,truncated_svd,quantile,HistGradientBoostingClassifier(random_state=0),1,0.9183673469387755,,No using Simple Imputer,,0.08193039894104004,0.0023851394653320312
algerian_forest_fires_46279,simpleimputer,,truncated_svd,quantile,HistGradientBoostingClassifier(random_state=0),2,0.8775510204081632,,No using Simple Imputer,,0.07785153388977051,0.001657247543334961
algerian_forest_fires_46279,simpleimputer,,truncated_svd,quantile,HistGradientBoostingClassifier(random_state=0),3,0.9166666666666666,,No using Simple Imputer,,0.07790946960449219,0.0017316341400146484
algerian_forest_fires_46279,simpleimputer,,truncated_svd,quantile,HistGradientBoostingClassifier(random_state=0),4,0.9375,,No using Simple Imputer,,0.08750128746032715,0.0016789436340332031
algerian_forest_fires_46279,simpleimputer,,select_percentile,quantile,HistGradientBoostingClassifier(random_state=0),0,1.0,,No using Simple Imputer,,0.08158683776855469,0.002095937728881836
algerian_forest_fires_46279,simpleimputer,,select_percentile,quantile,HistGradientBoostingClassifier(random_state=0),1,0.9795918367346939,,No using Simple Imputer,,0.08634614944458008,0.0017237663269042969
algerian_forest_fires_46279,simpleimputer,,select_percentile,quantile,HistGradientBoostingClassifier(random_state=0),2,1.0,,No using Simple Imputer,,0.07456398010253906,0.0016083717346191406
algerian_forest_fires_46279,simpleimputer,,select_percentile,quantile,HistGradientBoostingClassifier(random_state=0),3,0.9791666666666666,,No using Simple Imputer,,0.08685445785522461,0.0021381378173828125
algerian_forest_fires_46279,simpleimputer,,select_percentile,quantile,HistGradientBoostingClassifier(random_state=0),4,0.9375,,No using Simple Imputer,,0.08225774765014648,0.0021796226501464844
algerian_forest_fires_46279,simpleimputer,,generic_univariate,quantile,HistGradientBoostingClassifier(random_state=0),0,0.9795918367346939,,No using Simple Imputer,,0.07905197143554688,0.002203226089477539
algerian_forest_fires_46279,simpleimputer,,generic_univariate,quantile,HistGradientBoostingClassifier(random_state=0),1,0.9795918367346939,,No using Simple Imputer,,0.07957768440246582,0.002337217330932617
algerian_forest_fires_46279,simpleimputer,,generic_univariate,quantile,HistGradientBoostingClassifier(random_state=0),2,0.9795918367346939,,No using Simple Imputer,,0.07387518882751465,0.001968860626220703
algerian_forest_fires_46279,simpleimputer,,generic_univariate,quantile,HistGradientBoostingClassifier(random_state=0),3,0.9375,,No using Simple Imputer,,0.07285547256469727,0.0016727447509765625
algerian_forest_fires_46279,simpleimputer,,generic_univariate,quantile,HistGradientBoostingClassifier(random_state=0),4,0.9375,,No using Simple Imputer,,0.07330536842346191,0.0018436908721923828
algerian_forest_fires_46279,simpleimputer,,polynomial_features,quantile,HistGradientBoostingClassifier(random_state=0),0,0.9795918367346939,,No using Simple Imputer,,0.1259615421295166,0.0022776126861572266
algerian_forest_fires_46279,simpleimputer,,polynomial_features,quantile,HistGradientBoostingClassifier(random_state=0),1,0.9795918367346939,,No using Simple Imputer,,0.10743069648742676,0.002185821533203125
algerian_forest_fires_46279,simpleimputer,,polynomial_features,quantile,HistGradientBoostingClassifier(random_state=0),2,0.9795918367346939,,No using Simple Imputer,,0.12175703048706055,0.002125263214111328
algerian_forest_fires_46279,simpleimputer,,polynomial_features,quantile,HistGradientBoostingClassifier(random_state=0),3,1.0,,No using Simple Imputer,,0.12173700332641602,0.0022606849670410156
algerian_forest_fires_46279,simpleimputer,,polynomial_features,quantile,HistGradientBoostingClassifier(random_state=0),4,0.9583333333333334,,No using Simple Imputer,,0.1253986358642578,0.0023953914642333984
algerian_forest_fires_46279,simpleimputer,,nystroem,quantile,HistGradientBoostingClassifier(random_state=0),0,0.8571428571428571,,No using Simple Imputer,,0.12244749069213867,0.002257108688354492
algerian_forest_fires_46279,simpleimputer,,nystroem,quantile,HistGradientBoostingClassifier(random_state=0),1,0.9591836734693877,,No using Simple Imputer,,0.15508747100830078,0.0019528865814208984
algerian_forest_fires_46279,simpleimputer,,nystroem,quantile,HistGradientBoostingClassifier(random_state=0),2,0.8775510204081632,,No using Simple Imputer,,0.15494489669799805,0.002035856246948242
algerian_forest_fires_46279,simpleimputer,,nystroem,quantile,HistGradientBoostingClassifier(random_state=0),3,0.9583333333333334,,No using Simple Imputer,,0.14429950714111328,0.0020952224731445312
algerian_forest_fires_46279,simpleimputer,,nystroem,quantile,HistGradientBoostingClassifier(random_state=0),4,0.9583333333333334,,No using Simple Imputer,,0.1582179069519043,0.0022020339965820312
algerian_forest_fires_46279,simpleimputer,,rbf_sampler,quantile,HistGradientBoostingClassifier(random_state=0),0,0.9591836734693877,,No using Simple Imputer,,0.11139678955078125,0.001859903335571289
algerian_forest_fires_46279,simpleimputer,,rbf_sampler,quantile,HistGradientBoostingClassifier(random_state=0),1,0.9795918367346939,,No using Simple Imputer,,0.10711073875427246,0.002488374710083008
algerian_forest_fires_46279,simpleimputer,,rbf_sampler,quantile,HistGradientBoostingClassifier(random_state=0),2,0.9795918367346939,,No using Simple Imputer,,0.10315108299255371,0.0016565322875976562
algerian_forest_fires_46279,simpleimputer,,rbf_sampler,quantile,HistGradientBoostingClassifier(random_state=0),3,0.9583333333333334,,No using Simple Imputer,,0.11837482452392578,0.0018818378448486328
algerian_forest_fires_46279,simpleimputer,,rbf_sampler,quantile,HistGradientBoostingClassifier(random_state=0),4,0.9166666666666666,,No using Simple Imputer,,0.10597920417785645,0.0016934871673583984
algerian_forest_fires_46279,simpleimputer,,random_trees_embedding,quantile,HistGradientBoostingClassifier(random_state=0),0,,"Erro na combinação 1936 - Imputer: simpleimputer, Categorização: None, Seleção de Feature: random_trees_embedding, Scaler: quantile, Fold: 0 - Exception: Sparse data was passed for X, but dense data is required. Use '.toarray()' to convert to a dense numpy array.",No using Simple Imputer,,0.10597920417785645,0.0016934871673583984
algerian_forest_fires_46279,simpleimputer,,random_trees_embedding,quantile,HistGradientBoostingClassifier(random_state=0),1,,"Erro na combinação 1937 - Imputer: simpleimputer, Categorização: None, Seleção de Feature: random_trees_embedding, Scaler: quantile, Fold: 1 - Exception: Sparse data was passed for X, but dense data is required. Use '.toarray()' to convert to a dense numpy array.",No using Simple Imputer,,0.10597920417785645,0.0016934871673583984
algerian_forest_fires_46279,simpleimputer,,random_trees_embedding,quantile,HistGradientBoostingClassifier(random_state=0),2,,"Erro na combinação 1938 - Imputer: simpleimputer, Categorização: None, Seleção de Feature: random_trees_embedding, Scaler: quantile, Fold: 2 - Exception: Sparse data was passed for X, but dense data is required. Use '.toarray()' to convert to a dense numpy array.",No using Simple Imputer,,0.10597920417785645,0.0016934871673583984
algerian_forest_fires_46279,simpleimputer,,random_trees_embedding,quantile,HistGradientBoostingClassifier(random_state=0),3,,"Erro na combinação 1939 - Imputer: simpleimputer, Categorização: None, Seleção de Feature: random_trees_embedding, Scaler: quantile, Fold: 3 - Exception: Sparse data was passed for X, but dense data is required. Use '.toarray()' to convert to a dense numpy array.",No using Simple Imputer,,0.10597920417785645,0.0016934871673583984
algerian_forest_fires_46279,simpleimputer,,random_trees_embedding,quantile,HistGradientBoostingClassifier(random_state=0),4,,"Erro na combinação 1940 - Imputer: simpleimputer, Categorização: None, Seleção de Feature: random_trees_embedding, Scaler: quantile, Fold: 4 - Exception: Sparse data was passed for X, but dense data is required. Use '.toarray()' to convert to a dense numpy array.",No using Simple Imputer,,0.10597920417785645,0.0016934871673583984
algerian_forest_fires_46279,simpleimputer,,feature_agglomeration,quantile,HistGradientBoostingClassifier(random_state=0),0,0.8367346938775511,,No using Simple Imputer,,0.08171987533569336,0.0019283294677734375
algerian_forest_fires_46279,simpleimputer,,feature_agglomeration,quantile,HistGradientBoostingClassifier(random_state=0),1,0.8163265306122449,,No using Simple Imputer,,0.07743167877197266,0.0016362667083740234
algerian_forest_fires_46279,simpleimputer,,feature_agglomeration,quantile,HistGradientBoostingClassifier(random_state=0),2,0.8775510204081632,,No using Simple Imputer,,0.08990025520324707,0.0023305416107177734
algerian_forest_fires_46279,simpleimputer,,feature_agglomeration,quantile,HistGradientBoostingClassifier(random_state=0),3,0.9375,,No using Simple Imputer,,0.08478617668151855,0.0018825531005859375
algerian_forest_fires_46279,simpleimputer,,feature_agglomeration,quantile,HistGradientBoostingClassifier(random_state=0),4,0.9375,,No using Simple Imputer,,0.08783745765686035,0.002205371856689453
algerian_forest_fires_46279,simpleimputer,,extra_tree,quantile,HistGradientBoostingClassifier(random_state=0),0,0.9795918367346939,,No using Simple Imputer,,0.0907583236694336,0.0019834041595458984
algerian_forest_fires_46279,simpleimputer,,extra_tree,quantile,HistGradientBoostingClassifier(random_state=0),1,0.9795918367346939,,No using Simple Imputer,,0.08317875862121582,0.0016961097717285156
algerian_forest_fires_46279,simpleimputer,,extra_tree,quantile,HistGradientBoostingClassifier(random_state=0),2,0.9795918367346939,,No using Simple Imputer,,0.08371591567993164,0.0016770362854003906
algerian_forest_fires_46279,simpleimputer,,extra_tree,quantile,HistGradientBoostingClassifier(random_state=0),3,0.9583333333333334,,No using Simple Imputer,,0.08491015434265137,0.001605987548828125
algerian_forest_fires_46279,simpleimputer,,extra_tree,quantile,HistGradientBoostingClassifier(random_state=0),4,0.9375,,No using Simple Imputer,,0.07576847076416016,0.002001523971557617
algerian_forest_fires_46279,simpleimputer,,linear_svc,quantile,HistGradientBoostingClassifier(random_state=0),0,1.0,,No using Simple Imputer,,0.0830373764038086,0.001695871353149414
algerian_forest_fires_46279,simpleimputer,,linear_svc,quantile,HistGradientBoostingClassifier(random_state=0),1,0.9795918367346939,,No using Simple Imputer,,0.09512495994567871,0.0019373893737792969
algerian_forest_fires_46279,simpleimputer,,linear_svc,quantile,HistGradientBoostingClassifier(random_state=0),2,1.0,,No using Simple Imputer,,0.0870656967163086,0.0021195411682128906
algerian_forest_fires_46279,simpleimputer,,linear_svc,quantile,HistGradientBoostingClassifier(random_state=0),3,0.9791666666666666,,No using Simple Imputer,,0.09640812873840332,0.002165079116821289
algerian_forest_fires_46279,simpleimputer,,linear_svc,quantile,HistGradientBoostingClassifier(random_state=0),4,0.9583333333333334,,No using Simple Imputer,,0.08392953872680664,0.0022275447845458984
algerian_forest_fires_46279,simpleimputer,,kernel_pca,quantile,HistGradientBoostingClassifier(random_state=0),0,0.9387755102040817,,No using Simple Imputer,,0.14096879959106445,0.002148151397705078
algerian_forest_fires_46279,simpleimputer,,kernel_pca,quantile,HistGradientBoostingClassifier(random_state=0),1,0.9387755102040817,,No using Simple Imputer,,0.1344003677368164,0.0017592906951904297
algerian_forest_fires_46279,simpleimputer,,kernel_pca,quantile,HistGradientBoostingClassifier(random_state=0),2,0.9183673469387755,,No using Simple Imputer,,0.1292130947113037,0.0021474361419677734
algerian_forest_fires_46279,simpleimputer,,kernel_pca,quantile,HistGradientBoostingClassifier(random_state=0),3,0.9583333333333334,,No using Simple Imputer,,0.1384284496307373,0.0019199848175048828
algerian_forest_fires_46279,simpleimputer,,kernel_pca,quantile,HistGradientBoostingClassifier(random_state=0),4,0.9375,,No using Simple Imputer,,0.13060426712036133,0.0016710758209228516
algerian_forest_fires_46279,simpleimputer,onehot,,,HistGradientBoostingClassifier(random_state=0),0,0.9795918367346939,,No using Simple Imputer,No using One Hot,0.0720529556274414,0.002436399459838867
algerian_forest_fires_46279,simpleimputer,onehot,,,HistGradientBoostingClassifier(random_state=0),1,0.9795918367346939,,No using Simple Imputer,No using One Hot,0.09400033950805664,0.0030248165130615234
algerian_forest_fires_46279,simpleimputer,onehot,,,HistGradientBoostingClassifier(random_state=0),2,0.9795918367346939,,No using Simple Imputer,No using One Hot,0.07461285591125488,0.002894163131713867
algerian_forest_fires_46279,simpleimputer,onehot,,,HistGradientBoostingClassifier(random_state=0),3,1.0,,No using Simple Imputer,No using One Hot,0.09165692329406738,0.003048419952392578
algerian_forest_fires_46279,simpleimputer,onehot,,,HistGradientBoostingClassifier(random_state=0),4,0.9583333333333334,,No using Simple Imputer,No using One Hot,0.07876443862915039,0.0030906200408935547
algerian_forest_fires_46279,simpleimputer,onehot,pca,,HistGradientBoostingClassifier(random_state=0),0,0.8979591836734694,,No using Simple Imputer,No using One Hot,0.0817418098449707,0.00201416015625
algerian_forest_fires_46279,simpleimputer,onehot,pca,,HistGradientBoostingClassifier(random_state=0),1,0.9591836734693877,,No using Simple Imputer,No using One Hot,0.07642388343811035,0.0017383098602294922
algerian_forest_fires_46279,simpleimputer,onehot,pca,,HistGradientBoostingClassifier(random_state=0),2,0.9183673469387755,,No using Simple Imputer,No using One Hot,0.07551455497741699,0.0015976428985595703
algerian_forest_fires_46279,simpleimputer,onehot,pca,,HistGradientBoostingClassifier(random_state=0),3,0.9583333333333334,,No using Simple Imputer,No using One Hot,0.0838775634765625,0.001961946487426758
algerian_forest_fires_46279,simpleimputer,onehot,pca,,HistGradientBoostingClassifier(random_state=0),4,0.9583333333333334,,No using Simple Imputer,No using One Hot,0.07854890823364258,0.0019989013671875
algerian_forest_fires_46279,simpleimputer,onehot,fastica,,HistGradientBoostingClassifier(random_state=0),0,0.673469387755102,,No using Simple Imputer,No using One Hot,0.08780574798583984,0.0019800662994384766
algerian_forest_fires_46279,simpleimputer,onehot,fastica,,HistGradientBoostingClassifier(random_state=0),1,0.7551020408163265,,No using Simple Imputer,No using One Hot,0.08401656150817871,0.0021300315856933594
algerian_forest_fires_46279,simpleimputer,onehot,fastica,,HistGradientBoostingClassifier(random_state=0),2,0.8979591836734694,,No using Simple Imputer,No using One Hot,0.0688009262084961,0.0014224052429199219
algerian_forest_fires_46279,simpleimputer,onehot,fastica,,HistGradientBoostingClassifier(random_state=0),3,0.9166666666666666,,No using Simple Imputer,No using One Hot,0.07007074356079102,0.0019402503967285156
algerian_forest_fires_46279,simpleimputer,onehot,fastica,,HistGradientBoostingClassifier(random_state=0),4,0.6041666666666666,,No using Simple Imputer,No using One Hot,0.08093810081481934,0.0018846988677978516
algerian_forest_fires_46279,simpleimputer,onehot,truncated_svd,,HistGradientBoostingClassifier(random_state=0),0,0.8571428571428571,,No using Simple Imputer,No using One Hot,0.07174921035766602,0.0018334388732910156
algerian_forest_fires_46279,simpleimputer,onehot,truncated_svd,,HistGradientBoostingClassifier(random_state=0),1,0.7755102040816326,,No using Simple Imputer,No using One Hot,0.07695460319519043,0.0020995140075683594
algerian_forest_fires_46279,simpleimputer,onehot,truncated_svd,,HistGradientBoostingClassifier(random_state=0),2,0.7959183673469388,,No using Simple Imputer,No using One Hot,0.0803074836730957,0.0020461082458496094
algerian_forest_fires_46279,simpleimputer,onehot,truncated_svd,,HistGradientBoostingClassifier(random_state=0),3,0.875,,No using Simple Imputer,No using One Hot,0.07964015007019043,0.0016009807586669922
algerian_forest_fires_46279,simpleimputer,onehot,truncated_svd,,HistGradientBoostingClassifier(random_state=0),4,0.8958333333333334,,No using Simple Imputer,No using One Hot,0.0849466323852539,0.0018591880798339844
algerian_forest_fires_46279,simpleimputer,onehot,select_percentile,,HistGradientBoostingClassifier(random_state=0),0,1.0,,No using Simple Imputer,No using One Hot,0.0796363353729248,0.0022330284118652344
algerian_forest_fires_46279,simpleimputer,onehot,select_percentile,,HistGradientBoostingClassifier(random_state=0),1,0.9795918367346939,,No using Simple Imputer,No using One Hot,0.07321786880493164,0.0017299652099609375
algerian_forest_fires_46279,simpleimputer,onehot,select_percentile,,HistGradientBoostingClassifier(random_state=0),2,1.0,,No using Simple Imputer,No using One Hot,0.08218169212341309,0.0017466545104980469
algerian_forest_fires_46279,simpleimputer,onehot,select_percentile,,HistGradientBoostingClassifier(random_state=0),3,0.9791666666666666,,No using Simple Imputer,No using One Hot,0.07383298873901367,0.0020897388458251953
algerian_forest_fires_46279,simpleimputer,onehot,select_percentile,,HistGradientBoostingClassifier(random_state=0),4,0.9375,,No using Simple Imputer,No using One Hot,0.07453799247741699,0.0016827583312988281
algerian_forest_fires_46279,simpleimputer,onehot,generic_univariate,,HistGradientBoostingClassifier(random_state=0),0,0.9795918367346939,,No using Simple Imputer,No using One Hot,0.06247901916503906,0.001990795135498047
algerian_forest_fires_46279,simpleimputer,onehot,generic_univariate,,HistGradientBoostingClassifier(random_state=0),1,0.9795918367346939,,No using Simple Imputer,No using One Hot,0.06439018249511719,0.0017313957214355469
algerian_forest_fires_46279,simpleimputer,onehot,generic_univariate,,HistGradientBoostingClassifier(random_state=0),2,0.9795918367346939,,No using Simple Imputer,No using One Hot,0.06574130058288574,0.0016741752624511719
algerian_forest_fires_46279,simpleimputer,onehot,generic_univariate,,HistGradientBoostingClassifier(random_state=0),3,0.9583333333333334,,No using Simple Imputer,No using One Hot,0.06623005867004395,0.0021047592163085938
algerian_forest_fires_46279,simpleimputer,onehot,generic_univariate,,HistGradientBoostingClassifier(random_state=0),4,0.9791666666666666,,No using Simple Imputer,No using One Hot,0.07070374488830566,0.001650094985961914
algerian_forest_fires_46279,simpleimputer,onehot,polynomial_features,,HistGradientBoostingClassifier(random_state=0),0,0.9591836734693877,,No using Simple Imputer,No using One Hot,0.11992478370666504,0.0019059181213378906
algerian_forest_fires_46279,simpleimputer,onehot,polynomial_features,,HistGradientBoostingClassifier(random_state=0),1,0.9795918367346939,,No using Simple Imputer,No using One Hot,0.11589288711547852,0.00174713134765625
algerian_forest_fires_46279,simpleimputer,onehot,polynomial_features,,HistGradientBoostingClassifier(random_state=0),2,0.9795918367346939,,No using Simple Imputer,No using One Hot,0.11260604858398438,0.0020904541015625
algerian_forest_fires_46279,simpleimputer,onehot,polynomial_features,,HistGradientBoostingClassifier(random_state=0),3,0.9791666666666666,,No using Simple Imputer,No using One Hot,0.1113882064819336,0.0021102428436279297
algerian_forest_fires_46279,simpleimputer,onehot,polynomial_features,,HistGradientBoostingClassifier(random_state=0),4,0.9583333333333334,,No using Simple Imputer,No using One Hot,1.287156581878662,0.001644134521484375
algerian_forest_fires_46279,simpleimputer,onehot,nystroem,,HistGradientBoostingClassifier(random_state=0),0,0.8571428571428571,,No using Simple Imputer,No using One Hot,0.12235116958618164,0.0016932487487792969
algerian_forest_fires_46279,simpleimputer,onehot,nystroem,,HistGradientBoostingClassifier(random_state=0),1,0.8775510204081632,,No using Simple Imputer,No using One Hot,0.142747163772583,0.0022220611572265625
algerian_forest_fires_46279,simpleimputer,onehot,nystroem,,HistGradientBoostingClassifier(random_state=0),2,0.7346938775510204,,No using Simple Imputer,No using One Hot,0.15730619430541992,0.0016453266143798828
algerian_forest_fires_46279,simpleimputer,onehot,nystroem,,HistGradientBoostingClassifier(random_state=0),3,0.8958333333333334,,No using Simple Imputer,No using One Hot,0.1456456184387207,0.0016317367553710938
algerian_forest_fires_46279,simpleimputer,onehot,nystroem,,HistGradientBoostingClassifier(random_state=0),4,0.9583333333333334,,No using Simple Imputer,No using One Hot,0.15243911743164062,0.0021915435791015625
algerian_forest_fires_46279,simpleimputer,onehot,rbf_sampler,,HistGradientBoostingClassifier(random_state=0),0,0.6326530612244898,,No using Simple Imputer,No using One Hot,0.11293435096740723,0.0021467208862304688
algerian_forest_fires_46279,simpleimputer,onehot,rbf_sampler,,HistGradientBoostingClassifier(random_state=0),1,0.5306122448979592,,No using Simple Imputer,No using One Hot,0.10403680801391602,0.0017600059509277344
algerian_forest_fires_46279,simpleimputer,onehot,rbf_sampler,,HistGradientBoostingClassifier(random_state=0),2,0.6122448979591837,,No using Simple Imputer,No using One Hot,0.11140060424804688,0.002195596694946289
algerian_forest_fires_46279,simpleimputer,onehot,rbf_sampler,,HistGradientBoostingClassifier(random_state=0),3,0.6458333333333334,,No using Simple Imputer,No using One Hot,0.10912775993347168,0.0020034313201904297
algerian_forest_fires_46279,simpleimputer,onehot,rbf_sampler,,HistGradientBoostingClassifier(random_state=0),4,0.4583333333333333,,No using Simple Imputer,No using One Hot,0.1114349365234375,0.0020515918731689453
algerian_forest_fires_46279,simpleimputer,onehot,random_trees_embedding,,HistGradientBoostingClassifier(random_state=0),0,,"Erro na combinação 2006 - Imputer: simpleimputer, Categorização: onehot, Seleção de Feature: random_trees_embedding, Scaler: None, Fold: 0 - Exception: Sparse data was passed for X, but dense data is required. Use '.toarray()' to convert to a dense numpy array.",No using Simple Imputer,No using One Hot,0.1114349365234375,0.0020515918731689453
algerian_forest_fires_46279,simpleimputer,onehot,random_trees_embedding,,HistGradientBoostingClassifier(random_state=0),1,,"Erro na combinação 2007 - Imputer: simpleimputer, Categorização: onehot, Seleção de Feature: random_trees_embedding, Scaler: None, Fold: 1 - Exception: Sparse data was passed for X, but dense data is required. Use '.toarray()' to convert to a dense numpy array.",No using Simple Imputer,No using One Hot,0.1114349365234375,0.0020515918731689453
algerian_forest_fires_46279,simpleimputer,onehot,random_trees_embedding,,HistGradientBoostingClassifier(random_state=0),2,,"Erro na combinação 2008 - Imputer: simpleimputer, Categorização: onehot, Seleção de Feature: random_trees_embedding, Scaler: None, Fold: 2 - Exception: Sparse data was passed for X, but dense data is required. Use '.toarray()' to convert to a dense numpy array.",No using Simple Imputer,No using One Hot,0.1114349365234375,0.0020515918731689453
algerian_forest_fires_46279,simpleimputer,onehot,random_trees_embedding,,HistGradientBoostingClassifier(random_state=0),3,,"Erro na combinação 2009 - Imputer: simpleimputer, Categorização: onehot, Seleção de Feature: random_trees_embedding, Scaler: None, Fold: 3 - Exception: Sparse data was passed for X, but dense data is required. Use '.toarray()' to convert to a dense numpy array.",No using Simple Imputer,No using One Hot,0.1114349365234375,0.0020515918731689453
algerian_forest_fires_46279,simpleimputer,onehot,random_trees_embedding,,HistGradientBoostingClassifier(random_state=0),4,,"Erro na combinação 2010 - Imputer: simpleimputer, Categorização: onehot, Seleção de Feature: random_trees_embedding, Scaler: None, Fold: 4 - Exception: Sparse data was passed for X, but dense data is required. Use '.toarray()' to convert to a dense numpy array.",No using Simple Imputer,No using One Hot,0.1114349365234375,0.0020515918731689453
algerian_forest_fires_46279,simpleimputer,onehot,feature_agglomeration,,HistGradientBoostingClassifier(random_state=0),0,0.7755102040816326,,No using Simple Imputer,No using One Hot,0.06994771957397461,0.001678466796875
algerian_forest_fires_46279,simpleimputer,onehot,feature_agglomeration,,HistGradientBoostingClassifier(random_state=0),1,0.8367346938775511,,No using Simple Imputer,No using One Hot,0.08665156364440918,0.002194643020629883
algerian_forest_fires_46279,simpleimputer,onehot,feature_agglomeration,,HistGradientBoostingClassifier(random_state=0),2,0.8367346938775511,,No using Simple Imputer,No using One Hot,0.08505845069885254,0.0016758441925048828
algerian_forest_fires_46279,simpleimputer,onehot,feature_agglomeration,,HistGradientBoostingClassifier(random_state=0),3,0.8958333333333334,,No using Simple Imputer,No using One Hot,0.07863378524780273,0.002209901809692383
algerian_forest_fires_46279,simpleimputer,onehot,feature_agglomeration,,HistGradientBoostingClassifier(random_state=0),4,0.8333333333333334,,No using Simple Imputer,No using One Hot,0.07918214797973633,0.0017459392547607422
algerian_forest_fires_46279,simpleimputer,onehot,extra_tree,,HistGradientBoostingClassifier(random_state=0),0,0.9795918367346939,,No using Simple Imputer,No using One Hot,0.08679533004760742,0.0019402503967285156
algerian_forest_fires_46279,simpleimputer,onehot,extra_tree,,HistGradientBoostingClassifier(random_state=0),1,0.9795918367346939,,No using Simple Imputer,No using One Hot,0.08675527572631836,0.0017528533935546875
algerian_forest_fires_46279,simpleimputer,onehot,extra_tree,,HistGradientBoostingClassifier(random_state=0),2,0.9795918367346939,,No using Simple Imputer,No using One Hot,0.0914759635925293,0.0018839836120605469
algerian_forest_fires_46279,simpleimputer,onehot,extra_tree,,HistGradientBoostingClassifier(random_state=0),3,0.9583333333333334,,No using Simple Imputer,No using One Hot,0.07693862915039062,0.0016446113586425781
algerian_forest_fires_46279,simpleimputer,onehot,extra_tree,,HistGradientBoostingClassifier(random_state=0),4,0.9375,,No using Simple Imputer,No using One Hot,0.0894927978515625,0.0019867420196533203
algerian_forest_fires_46279,simpleimputer,onehot,linear_svc,,HistGradientBoostingClassifier(random_state=0),0,1.0,,No using Simple Imputer,No using One Hot,0.09197092056274414,0.0022580623626708984
algerian_forest_fires_46279,simpleimputer,onehot,linear_svc,,HistGradientBoostingClassifier(random_state=0),1,0.9795918367346939,,No using Simple Imputer,No using One Hot,0.08888959884643555,0.0018074512481689453
algerian_forest_fires_46279,simpleimputer,onehot,linear_svc,,HistGradientBoostingClassifier(random_state=0),2,0.9795918367346939,,No using Simple Imputer,No using One Hot,0.07875967025756836,0.0021767616271972656
algerian_forest_fires_46279,simpleimputer,onehot,linear_svc,,HistGradientBoostingClassifier(random_state=0),3,0.9791666666666666,,No using Simple Imputer,No using One Hot,0.08861041069030762,0.0020666122436523438
algerian_forest_fires_46279,simpleimputer,onehot,linear_svc,,HistGradientBoostingClassifier(random_state=0),4,0.9791666666666666,,No using Simple Imputer,No using One Hot,0.08099007606506348,0.0018413066864013672
algerian_forest_fires_46279,simpleimputer,onehot,kernel_pca,,HistGradientBoostingClassifier(random_state=0),0,0.8979591836734694,,No using Simple Imputer,No using One Hot,0.12517452239990234,0.002117156982421875
algerian_forest_fires_46279,simpleimputer,onehot,kernel_pca,,HistGradientBoostingClassifier(random_state=0),1,0.9591836734693877,,No using Simple Imputer,No using One Hot,0.13695406913757324,0.002076387405395508
algerian_forest_fires_46279,simpleimputer,onehot,kernel_pca,,HistGradientBoostingClassifier(random_state=0),2,0.9183673469387755,,No using Simple Imputer,No using One Hot,0.13893628120422363,0.002026796340942383
algerian_forest_fires_46279,simpleimputer,onehot,kernel_pca,,HistGradientBoostingClassifier(random_state=0),3,0.9791666666666666,,No using Simple Imputer,No using One Hot,0.1329212188720703,0.0017371177673339844
algerian_forest_fires_46279,simpleimputer,onehot,kernel_pca,,HistGradientBoostingClassifier(random_state=0),4,0.9583333333333334,,No using Simple Imputer,No using One Hot,0.1482846736907959,0.001707315444946289
algerian_forest_fires_46279,simpleimputer,onehot,,standard,HistGradientBoostingClassifier(random_state=0),0,0.9795918367346939,,No using Simple Imputer,No using One Hot,0.09191608428955078,0.0022563934326171875
algerian_forest_fires_46279,simpleimputer,onehot,,standard,HistGradientBoostingClassifier(random_state=0),1,0.9795918367346939,,No using Simple Imputer,No using One Hot,0.09786772727966309,0.0016858577728271484
algerian_forest_fires_46279,simpleimputer,onehot,,standard,HistGradientBoostingClassifier(random_state=0),2,0.9795918367346939,,No using Simple Imputer,No using One Hot,0.09131836891174316,0.0019288063049316406
algerian_forest_fires_46279,simpleimputer,onehot,,standard,HistGradientBoostingClassifier(random_state=0),3,1.0,,No using Simple Imputer,No using One Hot,0.08607006072998047,0.0016896724700927734
algerian_forest_fires_46279,simpleimputer,onehot,,standard,HistGradientBoostingClassifier(random_state=0),4,0.9583333333333334,,No using Simple Imputer,No using One Hot,0.0894618034362793,0.0021245479583740234
algerian_forest_fires_46279,simpleimputer,onehot,pca,standard,HistGradientBoostingClassifier(random_state=0),0,0.8571428571428571,,No using Simple Imputer,No using One Hot,0.0837090015411377,0.001886129379272461
algerian_forest_fires_46279,simpleimputer,onehot,pca,standard,HistGradientBoostingClassifier(random_state=0),1,0.9387755102040817,,No using Simple Imputer,No using One Hot,0.08053016662597656,0.0017018318176269531
algerian_forest_fires_46279,simpleimputer,onehot,pca,standard,HistGradientBoostingClassifier(random_state=0),2,0.9591836734693877,,No using Simple Imputer,No using One Hot,0.09109306335449219,0.0021173954010009766
algerian_forest_fires_46279,simpleimputer,onehot,pca,standard,HistGradientBoostingClassifier(random_state=0),3,0.9791666666666666,,No using Simple Imputer,No using One Hot,0.0917210578918457,0.001867055892944336
algerian_forest_fires_46279,simpleimputer,onehot,pca,standard,HistGradientBoostingClassifier(random_state=0),4,0.9375,,No using Simple Imputer,No using One Hot,0.09509038925170898,0.002097606658935547
algerian_forest_fires_46279,simpleimputer,onehot,fastica,standard,HistGradientBoostingClassifier(random_state=0),0,0.7142857142857143,,No using Simple Imputer,No using One Hot,0.07689523696899414,0.0016922950744628906
algerian_forest_fires_46279,simpleimputer,onehot,fastica,standard,HistGradientBoostingClassifier(random_state=0),1,0.6326530612244898,,No using Simple Imputer,No using One Hot,0.08695578575134277,0.0021331310272216797
algerian_forest_fires_46279,simpleimputer,onehot,fastica,standard,HistGradientBoostingClassifier(random_state=0),2,0.7755102040816326,,No using Simple Imputer,No using One Hot,0.0814981460571289,0.0017132759094238281
algerian_forest_fires_46279,simpleimputer,onehot,fastica,standard,HistGradientBoostingClassifier(random_state=0),3,0.9583333333333334,,No using Simple Imputer,No using One Hot,0.07807588577270508,0.0021462440490722656
algerian_forest_fires_46279,simpleimputer,onehot,fastica,standard,HistGradientBoostingClassifier(random_state=0),4,0.7916666666666666,,No using Simple Imputer,No using One Hot,0.08377599716186523,0.001787424087524414
algerian_forest_fires_46279,simpleimputer,onehot,truncated_svd,standard,HistGradientBoostingClassifier(random_state=0),0,0.8571428571428571,,No using Simple Imputer,No using One Hot,0.07277035713195801,0.002145051956176758
algerian_forest_fires_46279,simpleimputer,onehot,truncated_svd,standard,HistGradientBoostingClassifier(random_state=0),1,0.8163265306122449,,No using Simple Imputer,No using One Hot,0.0827341079711914,0.0021054744720458984
algerian_forest_fires_46279,simpleimputer,onehot,truncated_svd,standard,HistGradientBoostingClassifier(random_state=0),2,0.8571428571428571,,No using Simple Imputer,No using One Hot,0.07670903205871582,0.0021295547485351562
algerian_forest_fires_46279,simpleimputer,onehot,truncated_svd,standard,HistGradientBoostingClassifier(random_state=0),3,0.875,,No using Simple Imputer,No using One Hot,0.08258914947509766,0.002166748046875
algerian_forest_fires_46279,simpleimputer,onehot,truncated_svd,standard,HistGradientBoostingClassifier(random_state=0),4,0.875,,No using Simple Imputer,No using One Hot,0.08434867858886719,0.001783132553100586
algerian_forest_fires_46279,simpleimputer,onehot,select_percentile,standard,HistGradientBoostingClassifier(random_state=0),0,1.0,,No using Simple Imputer,No using One Hot,0.08684706687927246,0.0021708011627197266
algerian_forest_fires_46279,simpleimputer,onehot,select_percentile,standard,HistGradientBoostingClassifier(random_state=0),1,0.9795918367346939,,No using Simple Imputer,No using One Hot,0.09329462051391602,0.0022726058959960938
algerian_forest_fires_46279,simpleimputer,onehot,select_percentile,standard,HistGradientBoostingClassifier(random_state=0),2,1.0,,No using Simple Imputer,No using One Hot,0.07580995559692383,0.0015561580657958984
algerian_forest_fires_46279,simpleimputer,onehot,select_percentile,standard,HistGradientBoostingClassifier(random_state=0),3,0.9791666666666666,,No using Simple Imputer,No using One Hot,0.07903885841369629,0.001631021499633789
algerian_forest_fires_46279,simpleimputer,onehot,select_percentile,standard,HistGradientBoostingClassifier(random_state=0),4,0.9375,,No using Simple Imputer,No using One Hot,0.08637619018554688,0.0018308162689208984
algerian_forest_fires_46279,simpleimputer,onehot,generic_univariate,standard,HistGradientBoostingClassifier(random_state=0),0,0.9795918367346939,,No using Simple Imputer,No using One Hot,0.06666374206542969,0.0016629695892333984
algerian_forest_fires_46279,simpleimputer,onehot,generic_univariate,standard,HistGradientBoostingClassifier(random_state=0),1,0.9795918367346939,,No using Simple Imputer,No using One Hot,0.07029032707214355,0.0023202896118164062
algerian_forest_fires_46279,simpleimputer,onehot,generic_univariate,standard,HistGradientBoostingClassifier(random_state=0),2,0.9795918367346939,,No using Simple Imputer,No using One Hot,0.07950496673583984,0.0019414424896240234
algerian_forest_fires_46279,simpleimputer,onehot,generic_univariate,standard,HistGradientBoostingClassifier(random_state=0),3,0.9583333333333334,,No using Simple Imputer,No using One Hot,0.06744956970214844,0.0020265579223632812
algerian_forest_fires_46279,simpleimputer,onehot,generic_univariate,standard,HistGradientBoostingClassifier(random_state=0),4,0.9791666666666666,,No using Simple Imputer,No using One Hot,0.07419085502624512,0.002235889434814453
algerian_forest_fires_46279,simpleimputer,onehot,polynomial_features,standard,HistGradientBoostingClassifier(random_state=0),0,0.9591836734693877,,No using Simple Imputer,No using One Hot,0.11973738670349121,0.0018486976623535156
algerian_forest_fires_46279,simpleimputer,onehot,polynomial_features,standard,HistGradientBoostingClassifier(random_state=0),1,0.9795918367346939,,No using Simple Imputer,No using One Hot,0.11474943161010742,0.0018994808197021484
algerian_forest_fires_46279,simpleimputer,onehot,polynomial_features,standard,HistGradientBoostingClassifier(random_state=0),2,0.9795918367346939,,No using Simple Imputer,No using One Hot,0.11937975883483887,0.0017533302307128906
algerian_forest_fires_46279,simpleimputer,onehot,polynomial_features,standard,HistGradientBoostingClassifier(random_state=0),3,0.9583333333333334,,No using Simple Imputer,No using One Hot,0.11865949630737305,0.002131938934326172
algerian_forest_fires_46279,simpleimputer,onehot,polynomial_features,standard,HistGradientBoostingClassifier(random_state=0),4,0.9375,,No using Simple Imputer,No using One Hot,0.10582637786865234,0.0016295909881591797
algerian_forest_fires_46279,simpleimputer,onehot,nystroem,standard,HistGradientBoostingClassifier(random_state=0),0,0.8979591836734694,,No using Simple Imputer,No using One Hot,0.1151578426361084,0.0016579627990722656
algerian_forest_fires_46279,simpleimputer,onehot,nystroem,standard,HistGradientBoostingClassifier(random_state=0),1,0.9387755102040817,,No using Simple Imputer,No using One Hot,0.13132858276367188,0.0021619796752929688
algerian_forest_fires_46279,simpleimputer,onehot,nystroem,standard,HistGradientBoostingClassifier(random_state=0),2,0.8979591836734694,,No using Simple Imputer,No using One Hot,0.12296152114868164,0.002199411392211914
algerian_forest_fires_46279,simpleimputer,onehot,nystroem,standard,HistGradientBoostingClassifier(random_state=0),3,0.9583333333333334,,No using Simple Imputer,No using One Hot,0.13779759407043457,0.00189971923828125
algerian_forest_fires_46279,simpleimputer,onehot,nystroem,standard,HistGradientBoostingClassifier(random_state=0),4,0.9375,,No using Simple Imputer,No using One Hot,0.13878464698791504,0.002214670181274414
algerian_forest_fires_46279,simpleimputer,onehot,rbf_sampler,standard,HistGradientBoostingClassifier(random_state=0),0,0.7142857142857143,,No using Simple Imputer,No using One Hot,0.10348010063171387,0.002081632614135742
algerian_forest_fires_46279,simpleimputer,onehot,rbf_sampler,standard,HistGradientBoostingClassifier(random_state=0),1,0.7755102040816326,,No using Simple Imputer,No using One Hot,0.11363554000854492,0.0019426345825195312
algerian_forest_fires_46279,simpleimputer,onehot,rbf_sampler,standard,HistGradientBoostingClassifier(random_state=0),2,0.7142857142857143,,No using Simple Imputer,No using One Hot,0.10359692573547363,0.001771688461303711
algerian_forest_fires_46279,simpleimputer,onehot,rbf_sampler,standard,HistGradientBoostingClassifier(random_state=0),3,0.7708333333333334,,No using Simple Imputer,No using One Hot,0.11229205131530762,0.0019254684448242188
algerian_forest_fires_46279,simpleimputer,onehot,rbf_sampler,standard,HistGradientBoostingClassifier(random_state=0),4,0.7083333333333334,,No using Simple Imputer,No using One Hot,0.11030054092407227,0.002168416976928711
algerian_forest_fires_46279,simpleimputer,onehot,random_trees_embedding,standard,HistGradientBoostingClassifier(random_state=0),0,,"Erro na combinação 2076 - Imputer: simpleimputer, Categorização: onehot, Seleção de Feature: random_trees_embedding, Scaler: standard, Fold: 0 - Exception: Sparse data was passed for X, but dense data is required. Use '.toarray()' to convert to a dense numpy array.",No using Simple Imputer,No using One Hot,0.11030054092407227,0.002168416976928711
algerian_forest_fires_46279,simpleimputer,onehot,random_trees_embedding,standard,HistGradientBoostingClassifier(random_state=0),1,,"Erro na combinação 2077 - Imputer: simpleimputer, Categorização: onehot, Seleção de Feature: random_trees_embedding, Scaler: standard, Fold: 1 - Exception: Sparse data was passed for X, but dense data is required. Use '.toarray()' to convert to a dense numpy array.",No using Simple Imputer,No using One Hot,0.11030054092407227,0.002168416976928711
algerian_forest_fires_46279,simpleimputer,onehot,random_trees_embedding,standard,HistGradientBoostingClassifier(random_state=0),2,,"Erro na combinação 2078 - Imputer: simpleimputer, Categorização: onehot, Seleção de Feature: random_trees_embedding, Scaler: standard, Fold: 2 - Exception: Sparse data was passed for X, but dense data is required. Use '.toarray()' to convert to a dense numpy array.",No using Simple Imputer,No using One Hot,0.11030054092407227,0.002168416976928711
algerian_forest_fires_46279,simpleimputer,onehot,random_trees_embedding,standard,HistGradientBoostingClassifier(random_state=0),3,,"Erro na combinação 2079 - Imputer: simpleimputer, Categorização: onehot, Seleção de Feature: random_trees_embedding, Scaler: standard, Fold: 3 - Exception: Sparse data was passed for X, but dense data is required. Use '.toarray()' to convert to a dense numpy array.",No using Simple Imputer,No using One Hot,0.11030054092407227,0.002168416976928711
algerian_forest_fires_46279,simpleimputer,onehot,random_trees_embedding,standard,HistGradientBoostingClassifier(random_state=0),4,,"Erro na combinação 2080 - Imputer: simpleimputer, Categorização: onehot, Seleção de Feature: random_trees_embedding, Scaler: standard, Fold: 4 - Exception: Sparse data was passed for X, but dense data is required. Use '.toarray()' to convert to a dense numpy array.",No using Simple Imputer,No using One Hot,0.11030054092407227,0.002168416976928711
algerian_forest_fires_46279,simpleimputer,onehot,feature_agglomeration,standard,HistGradientBoostingClassifier(random_state=0),0,0.8163265306122449,,No using Simple Imputer,No using One Hot,0.08902931213378906,0.0018923282623291016
algerian_forest_fires_46279,simpleimputer,onehot,feature_agglomeration,standard,HistGradientBoostingClassifier(random_state=0),1,0.8163265306122449,,No using Simple Imputer,No using One Hot,0.08385562896728516,0.0023288726806640625
algerian_forest_fires_46279,simpleimputer,onehot,feature_agglomeration,standard,HistGradientBoostingClassifier(random_state=0),2,0.8979591836734694,,No using Simple Imputer,No using One Hot,0.08254361152648926,0.0018091201782226562
algerian_forest_fires_46279,simpleimputer,onehot,feature_agglomeration,standard,HistGradientBoostingClassifier(random_state=0),3,0.8958333333333334,,No using Simple Imputer,No using One Hot,0.07435989379882812,0.0018813610076904297
algerian_forest_fires_46279,simpleimputer,onehot,feature_agglomeration,standard,HistGradientBoostingClassifier(random_state=0),4,0.8333333333333334,,No using Simple Imputer,No using One Hot,0.107940673828125,0.0018742084503173828
algerian_forest_fires_46279,simpleimputer,onehot,extra_tree,standard,HistGradientBoostingClassifier(random_state=0),0,0.9795918367346939,,No using Simple Imputer,No using One Hot,0.08351755142211914,0.0017359256744384766
algerian_forest_fires_46279,simpleimputer,onehot,extra_tree,standard,HistGradientBoostingClassifier(random_state=0),1,0.9795918367346939,,No using Simple Imputer,No using One Hot,0.08031415939331055,0.0017549991607666016
algerian_forest_fires_46279,simpleimputer,onehot,extra_tree,standard,HistGradientBoostingClassifier(random_state=0),2,0.9795918367346939,,No using Simple Imputer,No using One Hot,0.0816349983215332,0.0017004013061523438
algerian_forest_fires_46279,simpleimputer,onehot,extra_tree,standard,HistGradientBoostingClassifier(random_state=0),3,0.9583333333333334,,No using Simple Imputer,No using One Hot,0.09154677391052246,0.0017299652099609375
algerian_forest_fires_46279,simpleimputer,onehot,extra_tree,standard,HistGradientBoostingClassifier(random_state=0),4,0.9375,,No using Simple Imputer,No using One Hot,0.08049774169921875,0.001875162124633789
algerian_forest_fires_46279,simpleimputer,onehot,linear_svc,standard,HistGradientBoostingClassifier(random_state=0),0,1.0,,No using Simple Imputer,No using One Hot,0.0909423828125,0.0018343925476074219
algerian_forest_fires_46279,simpleimputer,onehot,linear_svc,standard,HistGradientBoostingClassifier(random_state=0),1,0.9795918367346939,,No using Simple Imputer,No using One Hot,0.07976818084716797,0.0016787052154541016
algerian_forest_fires_46279,simpleimputer,onehot,linear_svc,standard,HistGradientBoostingClassifier(random_state=0),2,0.9591836734693877,,No using Simple Imputer,No using One Hot,0.08581352233886719,0.0019505023956298828
algerian_forest_fires_46279,simpleimputer,onehot,linear_svc,standard,HistGradientBoostingClassifier(random_state=0),3,1.0,,No using Simple Imputer,No using One Hot,0.08242416381835938,0.0018093585968017578
algerian_forest_fires_46279,simpleimputer,onehot,linear_svc,standard,HistGradientBoostingClassifier(random_state=0),4,0.9375,,No using Simple Imputer,No using One Hot,0.07817220687866211,0.002012491226196289
algerian_forest_fires_46279,simpleimputer,onehot,kernel_pca,standard,HistGradientBoostingClassifier(random_state=0),0,0.8775510204081632,,No using Simple Imputer,No using One Hot,0.11441516876220703,0.0019481182098388672
algerian_forest_fires_46279,simpleimputer,onehot,kernel_pca,standard,HistGradientBoostingClassifier(random_state=0),1,0.9387755102040817,,No using Simple Imputer,No using One Hot,0.12397289276123047,0.0017712116241455078
algerian_forest_fires_46279,simpleimputer,onehot,kernel_pca,standard,HistGradientBoostingClassifier(random_state=0),2,0.9387755102040817,,No using Simple Imputer,No using One Hot,0.14427614212036133,0.0019276142120361328
algerian_forest_fires_46279,simpleimputer,onehot,kernel_pca,standard,HistGradientBoostingClassifier(random_state=0),3,1.0,,No using Simple Imputer,No using One Hot,0.11403942108154297,0.0021567344665527344
algerian_forest_fires_46279,simpleimputer,onehot,kernel_pca,standard,HistGradientBoostingClassifier(random_state=0),4,0.9375,,No using Simple Imputer,No using One Hot,0.1508638858795166,0.0022478103637695312
algerian_forest_fires_46279,simpleimputer,onehot,,minmax,HistGradientBoostingClassifier(random_state=0),0,0.9795918367346939,,No using Simple Imputer,No using One Hot,0.09470558166503906,0.0021560192108154297
algerian_forest_fires_46279,simpleimputer,onehot,,minmax,HistGradientBoostingClassifier(random_state=0),1,0.9795918367346939,,No using Simple Imputer,No using One Hot,0.09679341316223145,0.002108335494995117
algerian_forest_fires_46279,simpleimputer,onehot,,minmax,HistGradientBoostingClassifier(random_state=0),2,0.9795918367346939,,No using Simple Imputer,No using One Hot,0.09569025039672852,0.0021631717681884766
algerian_forest_fires_46279,simpleimputer,onehot,,minmax,HistGradientBoostingClassifier(random_state=0),3,1.0,,No using Simple Imputer,No using One Hot,0.08813953399658203,0.0018239021301269531
algerian_forest_fires_46279,simpleimputer,onehot,,minmax,HistGradientBoostingClassifier(random_state=0),4,0.9583333333333334,,No using Simple Imputer,No using One Hot,0.07302260398864746,0.0016751289367675781
algerian_forest_fires_46279,simpleimputer,onehot,pca,minmax,HistGradientBoostingClassifier(random_state=0),0,0.9183673469387755,,No using Simple Imputer,No using One Hot,0.08491826057434082,0.0017676353454589844
algerian_forest_fires_46279,simpleimputer,onehot,pca,minmax,HistGradientBoostingClassifier(random_state=0),1,0.9387755102040817,,No using Simple Imputer,No using One Hot,0.07459235191345215,0.001855611801147461
algerian_forest_fires_46279,simpleimputer,onehot,pca,minmax,HistGradientBoostingClassifier(random_state=0),2,0.9183673469387755,,No using Simple Imputer,No using One Hot,0.07749438285827637,0.0017676353454589844
algerian_forest_fires_46279,simpleimputer,onehot,pca,minmax,HistGradientBoostingClassifier(random_state=0),3,0.9583333333333334,,No using Simple Imputer,No using One Hot,0.08641982078552246,0.0020411014556884766
algerian_forest_fires_46279,simpleimputer,onehot,pca,minmax,HistGradientBoostingClassifier(random_state=0),4,0.9583333333333334,,No using Simple Imputer,No using One Hot,0.07530808448791504,0.0016703605651855469
algerian_forest_fires_46279,simpleimputer,onehot,fastica,minmax,HistGradientBoostingClassifier(random_state=0),0,0.8163265306122449,,No using Simple Imputer,No using One Hot,0.07285118103027344,0.0015444755554199219
algerian_forest_fires_46279,simpleimputer,onehot,fastica,minmax,HistGradientBoostingClassifier(random_state=0),1,0.8571428571428571,,No using Simple Imputer,No using One Hot,0.07720732688903809,0.0021941661834716797
algerian_forest_fires_46279,simpleimputer,onehot,fastica,minmax,HistGradientBoostingClassifier(random_state=0),2,0.7551020408163265,,No using Simple Imputer,No using One Hot,0.07880210876464844,0.0021903514862060547
algerian_forest_fires_46279,simpleimputer,onehot,fastica,minmax,HistGradientBoostingClassifier(random_state=0),3,0.8958333333333334,,No using Simple Imputer,No using One Hot,0.0816490650177002,0.0015804767608642578
algerian_forest_fires_46279,simpleimputer,onehot,fastica,minmax,HistGradientBoostingClassifier(random_state=0),4,0.8958333333333334,,No using Simple Imputer,No using One Hot,0.08683538436889648,0.0021102428436279297
algerian_forest_fires_46279,simpleimputer,onehot,truncated_svd,minmax,HistGradientBoostingClassifier(random_state=0),0,0.8163265306122449,,No using Simple Imputer,No using One Hot,0.08078169822692871,0.002259492874145508
algerian_forest_fires_46279,simpleimputer,onehot,truncated_svd,minmax,HistGradientBoostingClassifier(random_state=0),1,0.8571428571428571,,No using Simple Imputer,No using One Hot,0.07829594612121582,0.0017118453979492188
algerian_forest_fires_46279,simpleimputer,onehot,truncated_svd,minmax,HistGradientBoostingClassifier(random_state=0),2,0.8367346938775511,,No using Simple Imputer,No using One Hot,0.07741785049438477,0.0016334056854248047
algerian_forest_fires_46279,simpleimputer,onehot,truncated_svd,minmax,HistGradientBoostingClassifier(random_state=0),3,0.8541666666666666,,No using Simple Imputer,No using One Hot,0.07765698432922363,0.001684427261352539
algerian_forest_fires_46279,simpleimputer,onehot,truncated_svd,minmax,HistGradientBoostingClassifier(random_state=0),4,0.8541666666666666,,No using Simple Imputer,No using One Hot,0.07452154159545898,0.0020973682403564453
algerian_forest_fires_46279,simpleimputer,onehot,select_percentile,minmax,HistGradientBoostingClassifier(random_state=0),0,1.0,,No using Simple Imputer,No using One Hot,0.08412837982177734,0.0018146038055419922
algerian_forest_fires_46279,simpleimputer,onehot,select_percentile,minmax,HistGradientBoostingClassifier(random_state=0),1,0.9795918367346939,,No using Simple Imputer,No using One Hot,0.07488012313842773,0.001661539077758789
algerian_forest_fires_46279,simpleimputer,onehot,select_percentile,minmax,HistGradientBoostingClassifier(random_state=0),2,1.0,,No using Simple Imputer,No using One Hot,0.08756065368652344,0.0018391609191894531
algerian_forest_fires_46279,simpleimputer,onehot,select_percentile,minmax,HistGradientBoostingClassifier(random_state=0),3,0.9791666666666666,,No using Simple Imputer,No using One Hot,0.07444334030151367,0.0021381378173828125
algerian_forest_fires_46279,simpleimputer,onehot,select_percentile,minmax,HistGradientBoostingClassifier(random_state=0),4,0.9375,,No using Simple Imputer,No using One Hot,0.0695490837097168,0.0016379356384277344
algerian_forest_fires_46279,simpleimputer,onehot,generic_univariate,minmax,HistGradientBoostingClassifier(random_state=0),0,0.9795918367346939,,No using Simple Imputer,No using One Hot,0.06507158279418945,0.0017058849334716797
algerian_forest_fires_46279,simpleimputer,onehot,generic_univariate,minmax,HistGradientBoostingClassifier(random_state=0),1,0.9795918367346939,,No using Simple Imputer,No using One Hot,0.07733726501464844,0.0021219253540039062
algerian_forest_fires_46279,simpleimputer,onehot,generic_univariate,minmax,HistGradientBoostingClassifier(random_state=0),2,0.9795918367346939,,No using Simple Imputer,No using One Hot,0.0773017406463623,0.0022470951080322266
algerian_forest_fires_46279,simpleimputer,onehot,generic_univariate,minmax,HistGradientBoostingClassifier(random_state=0),3,0.9583333333333334,,No using Simple Imputer,No using One Hot,0.05854964256286621,0.0015168190002441406
algerian_forest_fires_46279,simpleimputer,onehot,generic_univariate,minmax,HistGradientBoostingClassifier(random_state=0),4,0.9791666666666666,,No using Simple Imputer,No using One Hot,0.0713052749633789,0.002080678939819336
algerian_forest_fires_46279,simpleimputer,onehot,polynomial_features,minmax,HistGradientBoostingClassifier(random_state=0),0,0.9591836734693877,,No using Simple Imputer,No using One Hot,0.11871623992919922,0.001745462417602539
algerian_forest_fires_46279,simpleimputer,onehot,polynomial_features,minmax,HistGradientBoostingClassifier(random_state=0),1,0.9795918367346939,,No using Simple Imputer,No using One Hot,0.11269879341125488,0.002145051956176758
algerian_forest_fires_46279,simpleimputer,onehot,polynomial_features,minmax,HistGradientBoostingClassifier(random_state=0),2,0.9795918367346939,,No using Simple Imputer,No using One Hot,0.11769247055053711,0.0019652843475341797
algerian_forest_fires_46279,simpleimputer,onehot,polynomial_features,minmax,HistGradientBoostingClassifier(random_state=0),3,1.0,,No using Simple Imputer,No using One Hot,0.12630271911621094,0.0021996498107910156
algerian_forest_fires_46279,simpleimputer,onehot,polynomial_features,minmax,HistGradientBoostingClassifier(random_state=0),4,0.9583333333333334,,No using Simple Imputer,No using One Hot,0.11069369316101074,0.0016813278198242188
algerian_forest_fires_46279,simpleimputer,onehot,nystroem,minmax,HistGradientBoostingClassifier(random_state=0),0,0.8979591836734694,,No using Simple Imputer,No using One Hot,0.11183643341064453,0.0021615028381347656
algerian_forest_fires_46279,simpleimputer,onehot,nystroem,minmax,HistGradientBoostingClassifier(random_state=0),1,0.9387755102040817,,No using Simple Imputer,No using One Hot,0.1320788860321045,0.0019845962524414062
algerian_forest_fires_46279,simpleimputer,onehot,nystroem,minmax,HistGradientBoostingClassifier(random_state=0),2,0.9387755102040817,,No using Simple Imputer,No using One Hot,0.15030527114868164,0.0016405582427978516
algerian_forest_fires_46279,simpleimputer,onehot,nystroem,minmax,HistGradientBoostingClassifier(random_state=0),3,0.9583333333333334,,No using Simple Imputer,No using One Hot,0.15216326713562012,0.002165555953979492
algerian_forest_fires_46279,simpleimputer,onehot,nystroem,minmax,HistGradientBoostingClassifier(random_state=0),4,0.9375,,No using Simple Imputer,No using One Hot,0.13004541397094727,0.0018591880798339844
algerian_forest_fires_46279,simpleimputer,onehot,rbf_sampler,minmax,HistGradientBoostingClassifier(random_state=0),0,0.9795918367346939,,No using Simple Imputer,No using One Hot,0.10754656791687012,0.0017025470733642578
algerian_forest_fires_46279,simpleimputer,onehot,rbf_sampler,minmax,HistGradientBoostingClassifier(random_state=0),1,1.0,,No using Simple Imputer,No using One Hot,0.11808443069458008,0.001895904541015625
algerian_forest_fires_46279,simpleimputer,onehot,rbf_sampler,minmax,HistGradientBoostingClassifier(random_state=0),2,0.9387755102040817,,No using Simple Imputer,No using One Hot,0.10926580429077148,0.0015587806701660156
algerian_forest_fires_46279,simpleimputer,onehot,rbf_sampler,minmax,HistGradientBoostingClassifier(random_state=0),3,0.9583333333333334,,No using Simple Imputer,No using One Hot,0.11235952377319336,0.0021715164184570312
algerian_forest_fires_46279,simpleimputer,onehot,rbf_sampler,minmax,HistGradientBoostingClassifier(random_state=0),4,0.9375,,No using Simple Imputer,No using One Hot,0.12507867813110352,0.002048492431640625
algerian_forest_fires_46279,simpleimputer,onehot,random_trees_embedding,minmax,HistGradientBoostingClassifier(random_state=0),0,,"Erro na combinação 2146 - Imputer: simpleimputer, Categorização: onehot, Seleção de Feature: random_trees_embedding, Scaler: minmax, Fold: 0 - Exception: Sparse data was passed for X, but dense data is required. Use '.toarray()' to convert to a dense numpy array.",No using Simple Imputer,No using One Hot,0.12507867813110352,0.002048492431640625
algerian_forest_fires_46279,simpleimputer,onehot,random_trees_embedding,minmax,HistGradientBoostingClassifier(random_state=0),1,,"Erro na combinação 2147 - Imputer: simpleimputer, Categorização: onehot, Seleção de Feature: random_trees_embedding, Scaler: minmax, Fold: 1 - Exception: Sparse data was passed for X, but dense data is required. Use '.toarray()' to convert to a dense numpy array.",No using Simple Imputer,No using One Hot,0.12507867813110352,0.002048492431640625
algerian_forest_fires_46279,simpleimputer,onehot,random_trees_embedding,minmax,HistGradientBoostingClassifier(random_state=0),2,,"Erro na combinação 2148 - Imputer: simpleimputer, Categorização: onehot, Seleção de Feature: random_trees_embedding, Scaler: minmax, Fold: 2 - Exception: Sparse data was passed for X, but dense data is required. Use '.toarray()' to convert to a dense numpy array.",No using Simple Imputer,No using One Hot,0.12507867813110352,0.002048492431640625
algerian_forest_fires_46279,simpleimputer,onehot,random_trees_embedding,minmax,HistGradientBoostingClassifier(random_state=0),3,,"Erro na combinação 2149 - Imputer: simpleimputer, Categorização: onehot, Seleção de Feature: random_trees_embedding, Scaler: minmax, Fold: 3 - Exception: Sparse data was passed for X, but dense data is required. Use '.toarray()' to convert to a dense numpy array.",No using Simple Imputer,No using One Hot,0.12507867813110352,0.002048492431640625
algerian_forest_fires_46279,simpleimputer,onehot,random_trees_embedding,minmax,HistGradientBoostingClassifier(random_state=0),4,,"Erro na combinação 2150 - Imputer: simpleimputer, Categorização: onehot, Seleção de Feature: random_trees_embedding, Scaler: minmax, Fold: 4 - Exception: Sparse data was passed for X, but dense data is required. Use '.toarray()' to convert to a dense numpy array.",No using Simple Imputer,No using One Hot,0.12507867813110352,0.002048492431640625
algerian_forest_fires_46279,simpleimputer,onehot,feature_agglomeration,minmax,HistGradientBoostingClassifier(random_state=0),0,0.8367346938775511,,No using Simple Imputer,No using One Hot,0.0833902359008789,0.0021774768829345703
algerian_forest_fires_46279,simpleimputer,onehot,feature_agglomeration,minmax,HistGradientBoostingClassifier(random_state=0),1,0.8979591836734694,,No using Simple Imputer,No using One Hot,0.08133172988891602,0.0017216205596923828
algerian_forest_fires_46279,simpleimputer,onehot,feature_agglomeration,minmax,HistGradientBoostingClassifier(random_state=0),2,0.8571428571428571,,No using Simple Imputer,No using One Hot,0.08315849304199219,0.0019099712371826172
algerian_forest_fires_46279,simpleimputer,onehot,feature_agglomeration,minmax,HistGradientBoostingClassifier(random_state=0),3,0.8333333333333334,,No using Simple Imputer,No using One Hot,0.07288575172424316,0.0017442703247070312
algerian_forest_fires_46279,simpleimputer,onehot,feature_agglomeration,minmax,HistGradientBoostingClassifier(random_state=0),4,0.9166666666666666,,No using Simple Imputer,No using One Hot,0.06890416145324707,0.0017733573913574219
algerian_forest_fires_46279,simpleimputer,onehot,extra_tree,minmax,HistGradientBoostingClassifier(random_state=0),0,0.9795918367346939,,No using Simple Imputer,No using One Hot,0.09375214576721191,0.0015902519226074219
algerian_forest_fires_46279,simpleimputer,onehot,extra_tree,minmax,HistGradientBoostingClassifier(random_state=0),1,0.9795918367346939,,No using Simple Imputer,No using One Hot,0.0874640941619873,0.0021305084228515625
algerian_forest_fires_46279,simpleimputer,onehot,extra_tree,minmax,HistGradientBoostingClassifier(random_state=0),2,0.9795918367346939,,No using Simple Imputer,No using One Hot,0.08344078063964844,0.001806020736694336
algerian_forest_fires_46279,simpleimputer,onehot,extra_tree,minmax,HistGradientBoostingClassifier(random_state=0),3,0.9583333333333334,,No using Simple Imputer,No using One Hot,0.08011889457702637,0.0020017623901367188
algerian_forest_fires_46279,simpleimputer,onehot,extra_tree,minmax,HistGradientBoostingClassifier(random_state=0),4,0.9375,,No using Simple Imputer,No using One Hot,0.08740401268005371,0.002161741256713867
algerian_forest_fires_46279,simpleimputer,onehot,linear_svc,minmax,HistGradientBoostingClassifier(random_state=0),0,1.0,,No using Simple Imputer,No using One Hot,0.09684967994689941,0.001837015151977539
algerian_forest_fires_46279,simpleimputer,onehot,linear_svc,minmax,HistGradientBoostingClassifier(random_state=0),1,0.9795918367346939,,No using Simple Imputer,No using One Hot,0.09996986389160156,0.002042055130004883
algerian_forest_fires_46279,simpleimputer,onehot,linear_svc,minmax,HistGradientBoostingClassifier(random_state=0),2,0.9795918367346939,,No using Simple Imputer,No using One Hot,0.07943344116210938,0.0016813278198242188
algerian_forest_fires_46279,simpleimputer,onehot,linear_svc,minmax,HistGradientBoostingClassifier(random_state=0),3,0.9791666666666666,,No using Simple Imputer,No using One Hot,0.09335899353027344,0.0016639232635498047
algerian_forest_fires_46279,simpleimputer,onehot,linear_svc,minmax,HistGradientBoostingClassifier(random_state=0),4,0.9375,,No using Simple Imputer,No using One Hot,0.08178830146789551,0.0016968250274658203
algerian_forest_fires_46279,simpleimputer,onehot,kernel_pca,minmax,HistGradientBoostingClassifier(random_state=0),0,0.9183673469387755,,No using Simple Imputer,No using One Hot,0.13369321823120117,0.0017299652099609375
algerian_forest_fires_46279,simpleimputer,onehot,kernel_pca,minmax,HistGradientBoostingClassifier(random_state=0),1,0.9591836734693877,,No using Simple Imputer,No using One Hot,0.13288474082946777,0.0017232894897460938
algerian_forest_fires_46279,simpleimputer,onehot,kernel_pca,minmax,HistGradientBoostingClassifier(random_state=0),2,0.8979591836734694,,No using Simple Imputer,No using One Hot,0.14719700813293457,0.0019683837890625
algerian_forest_fires_46279,simpleimputer,onehot,kernel_pca,minmax,HistGradientBoostingClassifier(random_state=0),3,0.9583333333333334,,No using Simple Imputer,No using One Hot,0.14494872093200684,0.0023314952850341797
algerian_forest_fires_46279,simpleimputer,onehot,kernel_pca,minmax,HistGradientBoostingClassifier(random_state=0),4,0.9375,,No using Simple Imputer,No using One Hot,0.07863306999206543,0.002218484878540039
algerian_forest_fires_46279,simpleimputer,onehot,,robust,HistGradientBoostingClassifier(random_state=0),0,0.9795918367346939,,No using Simple Imputer,No using One Hot,0.08000802993774414,0.0022416114807128906
algerian_forest_fires_46279,simpleimputer,onehot,,robust,HistGradientBoostingClassifier(random_state=0),1,0.9795918367346939,,No using Simple Imputer,No using One Hot,0.09441471099853516,0.00173187255859375
algerian_forest_fires_46279,simpleimputer,onehot,,robust,HistGradientBoostingClassifier(random_state=0),2,0.9795918367346939,,No using Simple Imputer,No using One Hot,0.08222222328186035,0.0016334056854248047
algerian_forest_fires_46279,simpleimputer,onehot,,robust,HistGradientBoostingClassifier(random_state=0),3,1.0,,No using Simple Imputer,No using One Hot,0.09346127510070801,0.0018315315246582031
algerian_forest_fires_46279,simpleimputer,onehot,,robust,HistGradientBoostingClassifier(random_state=0),4,0.9583333333333334,,No using Simple Imputer,No using One Hot,0.0868840217590332,0.002187490463256836
algerian_forest_fires_46279,simpleimputer,onehot,pca,robust,HistGradientBoostingClassifier(random_state=0),0,0.8571428571428571,,No using Simple Imputer,No using One Hot,0.09412765502929688,0.0023415088653564453
algerian_forest_fires_46279,simpleimputer,onehot,pca,robust,HistGradientBoostingClassifier(random_state=0),1,0.9795918367346939,,No using Simple Imputer,No using One Hot,0.08540654182434082,0.0017917156219482422
algerian_forest_fires_46279,simpleimputer,onehot,pca,robust,HistGradientBoostingClassifier(random_state=0),2,0.8775510204081632,,No using Simple Imputer,No using One Hot,0.09528017044067383,0.0021827220916748047
algerian_forest_fires_46279,simpleimputer,onehot,pca,robust,HistGradientBoostingClassifier(random_state=0),3,0.9166666666666666,,No using Simple Imputer,No using One Hot,0.08925533294677734,0.0018277168273925781
algerian_forest_fires_46279,simpleimputer,onehot,pca,robust,HistGradientBoostingClassifier(random_state=0),4,0.9166666666666666,,No using Simple Imputer,No using One Hot,0.08999204635620117,0.0019283294677734375
algerian_forest_fires_46279,simpleimputer,onehot,fastica,robust,HistGradientBoostingClassifier(random_state=0),0,0.8163265306122449,,No using Simple Imputer,No using One Hot,0.08608889579772949,0.0019326210021972656
algerian_forest_fires_46279,simpleimputer,onehot,fastica,robust,HistGradientBoostingClassifier(random_state=0),1,0.6326530612244898,,No using Simple Imputer,No using One Hot,0.0806436538696289,0.0016443729400634766
algerian_forest_fires_46279,simpleimputer,onehot,fastica,robust,HistGradientBoostingClassifier(random_state=0),2,0.5510204081632653,,No using Simple Imputer,No using One Hot,0.09311532974243164,0.002189159393310547
algerian_forest_fires_46279,simpleimputer,onehot,fastica,robust,HistGradientBoostingClassifier(random_state=0),3,0.875,,No using Simple Imputer,No using One Hot,0.08289074897766113,0.0017936229705810547
algerian_forest_fires_46279,simpleimputer,onehot,fastica,robust,HistGradientBoostingClassifier(random_state=0),4,0.9166666666666666,,No using Simple Imputer,No using One Hot,0.07594609260559082,0.0019288063049316406
algerian_forest_fires_46279,simpleimputer,onehot,truncated_svd,robust,HistGradientBoostingClassifier(random_state=0),0,0.8367346938775511,,No using Simple Imputer,No using One Hot,0.08193302154541016,0.0021338462829589844
algerian_forest_fires_46279,simpleimputer,onehot,truncated_svd,robust,HistGradientBoostingClassifier(random_state=0),1,0.8979591836734694,,No using Simple Imputer,No using One Hot,0.09005212783813477,0.0021119117736816406
algerian_forest_fires_46279,simpleimputer,onehot,truncated_svd,robust,HistGradientBoostingClassifier(random_state=0),2,0.8571428571428571,,No using Simple Imputer,No using One Hot,0.08228206634521484,0.0018460750579833984
algerian_forest_fires_46279,simpleimputer,onehot,truncated_svd,robust,HistGradientBoostingClassifier(random_state=0),3,0.8958333333333334,,No using Simple Imputer,No using One Hot,0.09200024604797363,0.002054452896118164
algerian_forest_fires_46279,simpleimputer,onehot,truncated_svd,robust,HistGradientBoostingClassifier(random_state=0),4,0.9375,,No using Simple Imputer,No using One Hot,0.08446431159973145,0.002255678176879883
algerian_forest_fires_46279,simpleimputer,onehot,select_percentile,robust,HistGradientBoostingClassifier(random_state=0),0,1.0,,No using Simple Imputer,No using One Hot,0.08891868591308594,0.0020720958709716797
algerian_forest_fires_46279,simpleimputer,onehot,select_percentile,robust,HistGradientBoostingClassifier(random_state=0),1,0.9795918367346939,,No using Simple Imputer,No using One Hot,0.08754181861877441,0.0018134117126464844
algerian_forest_fires_46279,simpleimputer,onehot,select_percentile,robust,HistGradientBoostingClassifier(random_state=0),2,1.0,,No using Simple Imputer,No using One Hot,0.08728599548339844,0.0018165111541748047
algerian_forest_fires_46279,simpleimputer,onehot,select_percentile,robust,HistGradientBoostingClassifier(random_state=0),3,0.9791666666666666,,No using Simple Imputer,No using One Hot,0.08776998519897461,0.002072572708129883
algerian_forest_fires_46279,simpleimputer,onehot,select_percentile,robust,HistGradientBoostingClassifier(random_state=0),4,0.9375,,No using Simple Imputer,No using One Hot,0.08149218559265137,0.0017957687377929688
algerian_forest_fires_46279,simpleimputer,onehot,generic_univariate,robust,HistGradientBoostingClassifier(random_state=0),0,0.9795918367346939,,No using Simple Imputer,No using One Hot,0.06569266319274902,0.001657247543334961
algerian_forest_fires_46279,simpleimputer,onehot,generic_univariate,robust,HistGradientBoostingClassifier(random_state=0),1,0.9795918367346939,,No using Simple Imputer,No using One Hot,0.059708356857299805,0.0014460086822509766
algerian_forest_fires_46279,simpleimputer,onehot,generic_univariate,robust,HistGradientBoostingClassifier(random_state=0),2,0.9795918367346939,,No using Simple Imputer,No using One Hot,0.06539583206176758,0.0018274784088134766
algerian_forest_fires_46279,simpleimputer,onehot,generic_univariate,robust,HistGradientBoostingClassifier(random_state=0),3,0.9583333333333334,,No using Simple Imputer,No using One Hot,0.06090950965881348,0.0016326904296875
algerian_forest_fires_46279,simpleimputer,onehot,generic_univariate,robust,HistGradientBoostingClassifier(random_state=0),4,0.9791666666666666,,No using Simple Imputer,No using One Hot,0.0648655891418457,0.001936197280883789
algerian_forest_fires_46279,simpleimputer,onehot,polynomial_features,robust,HistGradientBoostingClassifier(random_state=0),0,0.9591836734693877,,No using Simple Imputer,No using One Hot,0.10865187644958496,0.0019109249114990234
algerian_forest_fires_46279,simpleimputer,onehot,polynomial_features,robust,HistGradientBoostingClassifier(random_state=0),1,0.9795918367346939,,No using Simple Imputer,No using One Hot,0.11193156242370605,0.002266407012939453
algerian_forest_fires_46279,simpleimputer,onehot,polynomial_features,robust,HistGradientBoostingClassifier(random_state=0),2,0.9795918367346939,,No using Simple Imputer,No using One Hot,0.11965346336364746,0.0015859603881835938
algerian_forest_fires_46279,simpleimputer,onehot,polynomial_features,robust,HistGradientBoostingClassifier(random_state=0),3,0.9583333333333334,,No using Simple Imputer,No using One Hot,0.11072230339050293,0.002103567123413086
algerian_forest_fires_46279,simpleimputer,onehot,polynomial_features,robust,HistGradientBoostingClassifier(random_state=0),4,0.9375,,No using Simple Imputer,No using One Hot,0.11077547073364258,0.002095937728881836
algerian_forest_fires_46279,simpleimputer,onehot,nystroem,robust,HistGradientBoostingClassifier(random_state=0),0,0.8979591836734694,,No using Simple Imputer,No using One Hot,0.1431577205657959,0.001987457275390625
algerian_forest_fires_46279,simpleimputer,onehot,nystroem,robust,HistGradientBoostingClassifier(random_state=0),1,0.9387755102040817,,No using Simple Imputer,No using One Hot,0.11705923080444336,0.00186920166015625
algerian_forest_fires_46279,simpleimputer,onehot,nystroem,robust,HistGradientBoostingClassifier(random_state=0),2,0.8571428571428571,,No using Simple Imputer,No using One Hot,0.10639739036560059,0.0020780563354492188
algerian_forest_fires_46279,simpleimputer,onehot,nystroem,robust,HistGradientBoostingClassifier(random_state=0),3,0.9583333333333334,,No using Simple Imputer,No using One Hot,0.17577266693115234,0.00208282470703125
algerian_forest_fires_46279,simpleimputer,onehot,nystroem,robust,HistGradientBoostingClassifier(random_state=0),4,0.8958333333333334,,No using Simple Imputer,No using One Hot,0.12976503372192383,0.0026578903198242188
algerian_forest_fires_46279,simpleimputer,onehot,rbf_sampler,robust,HistGradientBoostingClassifier(random_state=0),0,0.7551020408163265,,No using Simple Imputer,No using One Hot,0.11797666549682617,0.002379894256591797
algerian_forest_fires_46279,simpleimputer,onehot,rbf_sampler,robust,HistGradientBoostingClassifier(random_state=0),1,0.8163265306122449,,No using Simple Imputer,No using One Hot,0.11153817176818848,0.002040386199951172
algerian_forest_fires_46279,simpleimputer,onehot,rbf_sampler,robust,HistGradientBoostingClassifier(random_state=0),2,0.7346938775510204,,No using Simple Imputer,No using One Hot,0.11237168312072754,0.0022945404052734375
algerian_forest_fires_46279,simpleimputer,onehot,rbf_sampler,robust,HistGradientBoostingClassifier(random_state=0),3,0.8125,,No using Simple Imputer,No using One Hot,0.1262526512145996,0.0024535655975341797
algerian_forest_fires_46279,simpleimputer,onehot,rbf_sampler,robust,HistGradientBoostingClassifier(random_state=0),4,0.75,,No using Simple Imputer,No using One Hot,0.11065435409545898,0.0017542839050292969
algerian_forest_fires_46279,simpleimputer,onehot,random_trees_embedding,robust,HistGradientBoostingClassifier(random_state=0),0,,"Erro na combinação 2216 - Imputer: simpleimputer, Categorização: onehot, Seleção de Feature: random_trees_embedding, Scaler: robust, Fold: 0 - Exception: Sparse data was passed for X, but dense data is required. Use '.toarray()' to convert to a dense numpy array.",No using Simple Imputer,No using One Hot,0.11065435409545898,0.0017542839050292969
algerian_forest_fires_46279,simpleimputer,onehot,random_trees_embedding,robust,HistGradientBoostingClassifier(random_state=0),1,,"Erro na combinação 2217 - Imputer: simpleimputer, Categorização: onehot, Seleção de Feature: random_trees_embedding, Scaler: robust, Fold: 1 - Exception: Sparse data was passed for X, but dense data is required. Use '.toarray()' to convert to a dense numpy array.",No using Simple Imputer,No using One Hot,0.11065435409545898,0.0017542839050292969
algerian_forest_fires_46279,simpleimputer,onehot,random_trees_embedding,robust,HistGradientBoostingClassifier(random_state=0),2,,"Erro na combinação 2218 - Imputer: simpleimputer, Categorização: onehot, Seleção de Feature: random_trees_embedding, Scaler: robust, Fold: 2 - Exception: Sparse data was passed for X, but dense data is required. Use '.toarray()' to convert to a dense numpy array.",No using Simple Imputer,No using One Hot,0.11065435409545898,0.0017542839050292969
algerian_forest_fires_46279,simpleimputer,onehot,random_trees_embedding,robust,HistGradientBoostingClassifier(random_state=0),3,,"Erro na combinação 2219 - Imputer: simpleimputer, Categorização: onehot, Seleção de Feature: random_trees_embedding, Scaler: robust, Fold: 3 - Exception: Sparse data was passed for X, but dense data is required. Use '.toarray()' to convert to a dense numpy array.",No using Simple Imputer,No using One Hot,0.11065435409545898,0.0017542839050292969
algerian_forest_fires_46279,simpleimputer,onehot,random_trees_embedding,robust,HistGradientBoostingClassifier(random_state=0),4,,"Erro na combinação 2220 - Imputer: simpleimputer, Categorização: onehot, Seleção de Feature: random_trees_embedding, Scaler: robust, Fold: 4 - Exception: Sparse data was passed for X, but dense data is required. Use '.toarray()' to convert to a dense numpy array.",No using Simple Imputer,No using One Hot,0.11065435409545898,0.0017542839050292969
algerian_forest_fires_46279,simpleimputer,onehot,feature_agglomeration,robust,HistGradientBoostingClassifier(random_state=0),0,0.7346938775510204,,No using Simple Imputer,No using One Hot,0.07301187515258789,0.0018887519836425781
algerian_forest_fires_46279,simpleimputer,onehot,feature_agglomeration,robust,HistGradientBoostingClassifier(random_state=0),1,0.8571428571428571,,No using Simple Imputer,No using One Hot,0.06726956367492676,0.001608133316040039
algerian_forest_fires_46279,simpleimputer,onehot,feature_agglomeration,robust,HistGradientBoostingClassifier(random_state=0),2,0.8979591836734694,,No using Simple Imputer,No using One Hot,0.07583093643188477,0.001735687255859375
algerian_forest_fires_46279,simpleimputer,onehot,feature_agglomeration,robust,HistGradientBoostingClassifier(random_state=0),3,0.8958333333333334,,No using Simple Imputer,No using One Hot,0.1013953685760498,0.0022885799407958984
algerian_forest_fires_46279,simpleimputer,onehot,feature_agglomeration,robust,HistGradientBoostingClassifier(random_state=0),4,0.9375,,No using Simple Imputer,No using One Hot,0.09090018272399902,0.0020449161529541016
algerian_forest_fires_46279,simpleimputer,onehot,extra_tree,robust,HistGradientBoostingClassifier(random_state=0),0,0.9795918367346939,,No using Simple Imputer,No using One Hot,0.09069132804870605,0.001779794692993164
algerian_forest_fires_46279,simpleimputer,onehot,extra_tree,robust,HistGradientBoostingClassifier(random_state=0),1,0.9795918367346939,,No using Simple Imputer,No using One Hot,1.059419870376587,0.002104520797729492
algerian_forest_fires_46279,simpleimputer,onehot,extra_tree,robust,HistGradientBoostingClassifier(random_state=0),2,0.9795918367346939,,No using Simple Imputer,No using One Hot,0.10970020294189453,0.00231170654296875
algerian_forest_fires_46279,simpleimputer,onehot,extra_tree,robust,HistGradientBoostingClassifier(random_state=0),3,0.9583333333333334,,No using Simple Imputer,No using One Hot,0.09791302680969238,0.0022237300872802734
algerian_forest_fires_46279,simpleimputer,onehot,extra_tree,robust,HistGradientBoostingClassifier(random_state=0),4,0.9375,,No using Simple Imputer,No using One Hot,0.0788717269897461,0.002167224884033203
algerian_forest_fires_46279,simpleimputer,onehot,linear_svc,robust,HistGradientBoostingClassifier(random_state=0),0,1.0,,No using Simple Imputer,No using One Hot,0.09738016128540039,0.0018801689147949219
algerian_forest_fires_46279,simpleimputer,onehot,linear_svc,robust,HistGradientBoostingClassifier(random_state=0),1,0.9795918367346939,,No using Simple Imputer,No using One Hot,0.08533835411071777,0.0021703243255615234
algerian_forest_fires_46279,simpleimputer,onehot,linear_svc,robust,HistGradientBoostingClassifier(random_state=0),2,0.9591836734693877,,No using Simple Imputer,No using One Hot,0.10154533386230469,0.0022602081298828125
algerian_forest_fires_46279,simpleimputer,onehot,linear_svc,robust,HistGradientBoostingClassifier(random_state=0),3,0.9583333333333334,,No using Simple Imputer,No using One Hot,0.0979151725769043,0.002180337905883789
algerian_forest_fires_46279,simpleimputer,onehot,linear_svc,robust,HistGradientBoostingClassifier(random_state=0),4,0.9375,,No using Simple Imputer,No using One Hot,0.09963417053222656,0.0023376941680908203
algerian_forest_fires_46279,simpleimputer,onehot,kernel_pca,robust,HistGradientBoostingClassifier(random_state=0),0,0.8571428571428571,,No using Simple Imputer,No using One Hot,0.1404728889465332,0.0025985240936279297
algerian_forest_fires_46279,simpleimputer,onehot,kernel_pca,robust,HistGradientBoostingClassifier(random_state=0),1,0.9795918367346939,,No using Simple Imputer,No using One Hot,0.14594030380249023,0.0023148059844970703
algerian_forest_fires_46279,simpleimputer,onehot,kernel_pca,robust,HistGradientBoostingClassifier(random_state=0),2,0.8979591836734694,,No using Simple Imputer,No using One Hot,0.13828396797180176,0.0024352073669433594
algerian_forest_fires_46279,simpleimputer,onehot,kernel_pca,robust,HistGradientBoostingClassifier(random_state=0),3,0.9166666666666666,,No using Simple Imputer,No using One Hot,0.0975797176361084,0.0020051002502441406
algerian_forest_fires_46279,simpleimputer,onehot,kernel_pca,robust,HistGradientBoostingClassifier(random_state=0),4,0.9375,,No using Simple Imputer,No using One Hot,0.14350390434265137,0.002112150192260742
algerian_forest_fires_46279,simpleimputer,onehot,,normalizer,HistGradientBoostingClassifier(random_state=0),0,0.9591836734693877,,No using Simple Imputer,No using One Hot,0.09263825416564941,0.0018961429595947266
algerian_forest_fires_46279,simpleimputer,onehot,,normalizer,HistGradientBoostingClassifier(random_state=0),1,0.9795918367346939,,No using Simple Imputer,No using One Hot,0.09176468849182129,0.0017879009246826172
algerian_forest_fires_46279,simpleimputer,onehot,,normalizer,HistGradientBoostingClassifier(random_state=0),2,0.9795918367346939,,No using Simple Imputer,No using One Hot,0.09706759452819824,0.0021436214447021484
algerian_forest_fires_46279,simpleimputer,onehot,,normalizer,HistGradientBoostingClassifier(random_state=0),3,1.0,,No using Simple Imputer,No using One Hot,0.08470416069030762,0.0017943382263183594
algerian_forest_fires_46279,simpleimputer,onehot,,normalizer,HistGradientBoostingClassifier(random_state=0),4,0.9583333333333334,,No using Simple Imputer,No using One Hot,0.08632874488830566,0.0016720294952392578
algerian_forest_fires_46279,simpleimputer,onehot,pca,normalizer,HistGradientBoostingClassifier(random_state=0),0,0.8775510204081632,,No using Simple Imputer,No using One Hot,0.08749914169311523,0.0019059181213378906
algerian_forest_fires_46279,simpleimputer,onehot,pca,normalizer,HistGradientBoostingClassifier(random_state=0),1,0.9591836734693877,,No using Simple Imputer,No using One Hot,0.0763554573059082,0.0016751289367675781
algerian_forest_fires_46279,simpleimputer,onehot,pca,normalizer,HistGradientBoostingClassifier(random_state=0),2,0.9183673469387755,,No using Simple Imputer,No using One Hot,0.07937002182006836,0.0016565322875976562
algerian_forest_fires_46279,simpleimputer,onehot,pca,normalizer,HistGradientBoostingClassifier(random_state=0),3,0.9791666666666666,,No using Simple Imputer,No using One Hot,0.0840604305267334,0.001840353012084961
algerian_forest_fires_46279,simpleimputer,onehot,pca,normalizer,HistGradientBoostingClassifier(random_state=0),4,0.9583333333333334,,No using Simple Imputer,No using One Hot,0.08016157150268555,0.0017647743225097656
algerian_forest_fires_46279,simpleimputer,onehot,fastica,normalizer,HistGradientBoostingClassifier(random_state=0),0,0.9387755102040817,,No using Simple Imputer,No using One Hot,0.09335708618164062,0.002228260040283203
algerian_forest_fires_46279,simpleimputer,onehot,fastica,normalizer,HistGradientBoostingClassifier(random_state=0),1,0.9387755102040817,,No using Simple Imputer,No using One Hot,0.08278918266296387,0.0021407604217529297
algerian_forest_fires_46279,simpleimputer,onehot,fastica,normalizer,HistGradientBoostingClassifier(random_state=0),2,0.8367346938775511,,No using Simple Imputer,No using One Hot,0.07710647583007812,0.0021088123321533203
algerian_forest_fires_46279,simpleimputer,onehot,fastica,normalizer,HistGradientBoostingClassifier(random_state=0),3,0.8958333333333334,,No using Simple Imputer,No using One Hot,0.08346700668334961,0.001882314682006836
algerian_forest_fires_46279,simpleimputer,onehot,fastica,normalizer,HistGradientBoostingClassifier(random_state=0),4,0.875,,No using Simple Imputer,No using One Hot,0.0725412368774414,0.002090930938720703
algerian_forest_fires_46279,simpleimputer,onehot,truncated_svd,normalizer,HistGradientBoostingClassifier(random_state=0),0,0.8367346938775511,,No using Simple Imputer,No using One Hot,0.0848996639251709,0.0019464492797851562
algerian_forest_fires_46279,simpleimputer,onehot,truncated_svd,normalizer,HistGradientBoostingClassifier(random_state=0),1,0.7755102040816326,,No using Simple Imputer,No using One Hot,0.08830499649047852,0.002069234848022461
algerian_forest_fires_46279,simpleimputer,onehot,truncated_svd,normalizer,HistGradientBoostingClassifier(random_state=0),2,0.8367346938775511,,No using Simple Imputer,No using One Hot,0.0796668529510498,0.002913951873779297
algerian_forest_fires_46279,simpleimputer,onehot,truncated_svd,normalizer,HistGradientBoostingClassifier(random_state=0),3,0.8125,,No using Simple Imputer,No using One Hot,0.0853421688079834,0.002045154571533203
algerian_forest_fires_46279,simpleimputer,onehot,truncated_svd,normalizer,HistGradientBoostingClassifier(random_state=0),4,0.875,,No using Simple Imputer,No using One Hot,0.08098602294921875,0.002054929733276367
algerian_forest_fires_46279,simpleimputer,onehot,select_percentile,normalizer,HistGradientBoostingClassifier(random_state=0),0,0.9795918367346939,,No using Simple Imputer,No using One Hot,0.0915822982788086,0.0021066665649414062
algerian_forest_fires_46279,simpleimputer,onehot,select_percentile,normalizer,HistGradientBoostingClassifier(random_state=0),1,0.9795918367346939,,No using Simple Imputer,No using One Hot,0.08852410316467285,0.0016193389892578125
algerian_forest_fires_46279,simpleimputer,onehot,select_percentile,normalizer,HistGradientBoostingClassifier(random_state=0),2,0.9591836734693877,,No using Simple Imputer,No using One Hot,0.07964658737182617,0.0020999908447265625
algerian_forest_fires_46279,simpleimputer,onehot,select_percentile,normalizer,HistGradientBoostingClassifier(random_state=0),3,0.9791666666666666,,No using Simple Imputer,No using One Hot,0.0822896957397461,0.001638650894165039
algerian_forest_fires_46279,simpleimputer,onehot,select_percentile,normalizer,HistGradientBoostingClassifier(random_state=0),4,0.9375,,No using Simple Imputer,No using One Hot,0.0775761604309082,0.0023183822631835938
algerian_forest_fires_46279,simpleimputer,onehot,generic_univariate,normalizer,HistGradientBoostingClassifier(random_state=0),0,0.9591836734693877,,No using Simple Imputer,No using One Hot,0.08307385444641113,0.002183198928833008
algerian_forest_fires_46279,simpleimputer,onehot,generic_univariate,normalizer,HistGradientBoostingClassifier(random_state=0),1,0.9795918367346939,,No using Simple Imputer,No using One Hot,0.0819845199584961,0.001958608627319336
algerian_forest_fires_46279,simpleimputer,onehot,generic_univariate,normalizer,HistGradientBoostingClassifier(random_state=0),2,0.9591836734693877,,No using Simple Imputer,No using One Hot,0.07867550849914551,0.002129793167114258
algerian_forest_fires_46279,simpleimputer,onehot,generic_univariate,normalizer,HistGradientBoostingClassifier(random_state=0),3,0.9583333333333334,,No using Simple Imputer,No using One Hot,0.0679173469543457,0.0021257400512695312
algerian_forest_fires_46279,simpleimputer,onehot,generic_univariate,normalizer,HistGradientBoostingClassifier(random_state=0),4,0.9583333333333334,,No using Simple Imputer,No using One Hot,0.07133007049560547,0.0016300678253173828
algerian_forest_fires_46279,simpleimputer,onehot,polynomial_features,normalizer,HistGradientBoostingClassifier(random_state=0),0,0.9591836734693877,,No using Simple Imputer,No using One Hot,0.1211538314819336,0.0024101734161376953
algerian_forest_fires_46279,simpleimputer,onehot,polynomial_features,normalizer,HistGradientBoostingClassifier(random_state=0),1,0.9795918367346939,,No using Simple Imputer,No using One Hot,0.1517653465270996,0.0018682479858398438
algerian_forest_fires_46279,simpleimputer,onehot,polynomial_features,normalizer,HistGradientBoostingClassifier(random_state=0),2,0.9795918367346939,,No using Simple Imputer,No using One Hot,0.10845446586608887,0.0018074512481689453
algerian_forest_fires_46279,simpleimputer,onehot,polynomial_features,normalizer,HistGradientBoostingClassifier(random_state=0),3,0.9791666666666666,,No using Simple Imputer,No using One Hot,0.12230205535888672,0.0016629695892333984
algerian_forest_fires_46279,simpleimputer,onehot,polynomial_features,normalizer,HistGradientBoostingClassifier(random_state=0),4,0.9583333333333334,,No using Simple Imputer,No using One Hot,0.10495281219482422,0.0016167163848876953
algerian_forest_fires_46279,simpleimputer,onehot,nystroem,normalizer,HistGradientBoostingClassifier(random_state=0),0,0.8979591836734694,,No using Simple Imputer,No using One Hot,0.10885071754455566,0.0018241405487060547
algerian_forest_fires_46279,simpleimputer,onehot,nystroem,normalizer,HistGradientBoostingClassifier(random_state=0),1,0.9387755102040817,,No using Simple Imputer,No using One Hot,0.127974271774292,0.0016703605651855469
algerian_forest_fires_46279,simpleimputer,onehot,nystroem,normalizer,HistGradientBoostingClassifier(random_state=0),2,0.9387755102040817,,No using Simple Imputer,No using One Hot,0.13996481895446777,0.0018761157989501953
algerian_forest_fires_46279,simpleimputer,onehot,nystroem,normalizer,HistGradientBoostingClassifier(random_state=0),3,0.9375,,No using Simple Imputer,No using One Hot,0.14779353141784668,0.002151966094970703
algerian_forest_fires_46279,simpleimputer,onehot,nystroem,normalizer,HistGradientBoostingClassifier(random_state=0),4,0.9583333333333334,,No using Simple Imputer,No using One Hot,0.10847783088684082,0.002035379409790039
algerian_forest_fires_46279,simpleimputer,onehot,rbf_sampler,normalizer,HistGradientBoostingClassifier(random_state=0),0,1.0,,No using Simple Imputer,No using One Hot,0.11510038375854492,0.0024645328521728516
algerian_forest_fires_46279,simpleimputer,onehot,rbf_sampler,normalizer,HistGradientBoostingClassifier(random_state=0),1,0.9591836734693877,,No using Simple Imputer,No using One Hot,0.10346508026123047,0.0016493797302246094
algerian_forest_fires_46279,simpleimputer,onehot,rbf_sampler,normalizer,HistGradientBoostingClassifier(random_state=0),2,0.9387755102040817,,No using Simple Imputer,No using One Hot,0.10661768913269043,0.001733541488647461
algerian_forest_fires_46279,simpleimputer,onehot,rbf_sampler,normalizer,HistGradientBoostingClassifier(random_state=0),3,0.9791666666666666,,No using Simple Imputer,No using One Hot,0.11430168151855469,0.0018568038940429688
algerian_forest_fires_46279,simpleimputer,onehot,rbf_sampler,normalizer,HistGradientBoostingClassifier(random_state=0),4,0.9583333333333334,,No using Simple Imputer,No using One Hot,0.11736845970153809,0.002003908157348633
algerian_forest_fires_46279,simpleimputer,onehot,random_trees_embedding,normalizer,HistGradientBoostingClassifier(random_state=0),0,,"Erro na combinação 2286 - Imputer: simpleimputer, Categorização: onehot, Seleção de Feature: random_trees_embedding, Scaler: normalizer, Fold: 0 - Exception: Sparse data was passed for X, but dense data is required. Use '.toarray()' to convert to a dense numpy array.",No using Simple Imputer,No using One Hot,0.11736845970153809,0.002003908157348633
algerian_forest_fires_46279,simpleimputer,onehot,random_trees_embedding,normalizer,HistGradientBoostingClassifier(random_state=0),1,,"Erro na combinação 2287 - Imputer: simpleimputer, Categorização: onehot, Seleção de Feature: random_trees_embedding, Scaler: normalizer, Fold: 1 - Exception: Sparse data was passed for X, but dense data is required. Use '.toarray()' to convert to a dense numpy array.",No using Simple Imputer,No using One Hot,0.11736845970153809,0.002003908157348633
algerian_forest_fires_46279,simpleimputer,onehot,random_trees_embedding,normalizer,HistGradientBoostingClassifier(random_state=0),2,,"Erro na combinação 2288 - Imputer: simpleimputer, Categorização: onehot, Seleção de Feature: random_trees_embedding, Scaler: normalizer, Fold: 2 - Exception: Sparse data was passed for X, but dense data is required. Use '.toarray()' to convert to a dense numpy array.",No using Simple Imputer,No using One Hot,0.11736845970153809,0.002003908157348633
algerian_forest_fires_46279,simpleimputer,onehot,random_trees_embedding,normalizer,HistGradientBoostingClassifier(random_state=0),3,,"Erro na combinação 2289 - Imputer: simpleimputer, Categorização: onehot, Seleção de Feature: random_trees_embedding, Scaler: normalizer, Fold: 3 - Exception: Sparse data was passed for X, but dense data is required. Use '.toarray()' to convert to a dense numpy array.",No using Simple Imputer,No using One Hot,0.11736845970153809,0.002003908157348633
algerian_forest_fires_46279,simpleimputer,onehot,random_trees_embedding,normalizer,HistGradientBoostingClassifier(random_state=0),4,,"Erro na combinação 2290 - Imputer: simpleimputer, Categorização: onehot, Seleção de Feature: random_trees_embedding, Scaler: normalizer, Fold: 4 - Exception: Sparse data was passed for X, but dense data is required. Use '.toarray()' to convert to a dense numpy array.",No using Simple Imputer,No using One Hot,0.11736845970153809,0.002003908157348633
algerian_forest_fires_46279,simpleimputer,onehot,feature_agglomeration,normalizer,HistGradientBoostingClassifier(random_state=0),0,0.7755102040816326,,No using Simple Imputer,No using One Hot,0.07920026779174805,0.002110719680786133
algerian_forest_fires_46279,simpleimputer,onehot,feature_agglomeration,normalizer,HistGradientBoostingClassifier(random_state=0),1,0.7755102040816326,,No using Simple Imputer,No using One Hot,0.0743100643157959,0.001672506332397461
algerian_forest_fires_46279,simpleimputer,onehot,feature_agglomeration,normalizer,HistGradientBoostingClassifier(random_state=0),2,0.8367346938775511,,No using Simple Imputer,No using One Hot,0.0779719352722168,0.0017807483673095703
algerian_forest_fires_46279,simpleimputer,onehot,feature_agglomeration,normalizer,HistGradientBoostingClassifier(random_state=0),3,0.75,,No using Simple Imputer,No using One Hot,0.0765073299407959,0.0017023086547851562
algerian_forest_fires_46279,simpleimputer,onehot,feature_agglomeration,normalizer,HistGradientBoostingClassifier(random_state=0),4,0.8958333333333334,,No using Simple Imputer,No using One Hot,0.08190679550170898,0.0019137859344482422
algerian_forest_fires_46279,simpleimputer,onehot,extra_tree,normalizer,HistGradientBoostingClassifier(random_state=0),0,0.9795918367346939,,No using Simple Imputer,No using One Hot,0.09185576438903809,0.0019004344940185547
algerian_forest_fires_46279,simpleimputer,onehot,extra_tree,normalizer,HistGradientBoostingClassifier(random_state=0),1,0.9795918367346939,,No using Simple Imputer,No using One Hot,0.08309435844421387,0.0019989013671875
algerian_forest_fires_46279,simpleimputer,onehot,extra_tree,normalizer,HistGradientBoostingClassifier(random_state=0),2,0.9795918367346939,,No using Simple Imputer,No using One Hot,0.09485960006713867,0.002093791961669922
algerian_forest_fires_46279,simpleimputer,onehot,extra_tree,normalizer,HistGradientBoostingClassifier(random_state=0),3,0.9791666666666666,,No using Simple Imputer,No using One Hot,0.08263516426086426,0.0017762184143066406
algerian_forest_fires_46279,simpleimputer,onehot,extra_tree,normalizer,HistGradientBoostingClassifier(random_state=0),4,0.9375,,No using Simple Imputer,No using One Hot,0.08852863311767578,0.0020923614501953125
algerian_forest_fires_46279,simpleimputer,onehot,linear_svc,normalizer,HistGradientBoostingClassifier(random_state=0),0,0.9591836734693877,,No using Simple Imputer,No using One Hot,0.0839385986328125,0.0017333030700683594
algerian_forest_fires_46279,simpleimputer,onehot,linear_svc,normalizer,HistGradientBoostingClassifier(random_state=0),1,0.9795918367346939,,No using Simple Imputer,No using One Hot,0.0856935977935791,0.0019061565399169922
algerian_forest_fires_46279,simpleimputer,onehot,linear_svc,normalizer,HistGradientBoostingClassifier(random_state=0),2,0.9591836734693877,,No using Simple Imputer,No using One Hot,0.07588601112365723,0.001650094985961914
algerian_forest_fires_46279,simpleimputer,onehot,linear_svc,normalizer,HistGradientBoostingClassifier(random_state=0),3,0.9583333333333334,,No using Simple Imputer,No using One Hot,0.09593892097473145,0.0020134449005126953
algerian_forest_fires_46279,simpleimputer,onehot,linear_svc,normalizer,HistGradientBoostingClassifier(random_state=0),4,0.9583333333333334,,No using Simple Imputer,No using One Hot,0.07955193519592285,0.0019490718841552734
algerian_forest_fires_46279,simpleimputer,onehot,kernel_pca,normalizer,HistGradientBoostingClassifier(random_state=0),0,0.8979591836734694,,No using Simple Imputer,No using One Hot,0.14044857025146484,0.00228118896484375
algerian_forest_fires_46279,simpleimputer,onehot,kernel_pca,normalizer,HistGradientBoostingClassifier(random_state=0),1,0.9591836734693877,,No using Simple Imputer,No using One Hot,0.13831400871276855,0.0017387866973876953
algerian_forest_fires_46279,simpleimputer,onehot,kernel_pca,normalizer,HistGradientBoostingClassifier(random_state=0),2,0.9183673469387755,,No using Simple Imputer,No using One Hot,0.14043378829956055,0.0021643638610839844
algerian_forest_fires_46279,simpleimputer,onehot,kernel_pca,normalizer,HistGradientBoostingClassifier(random_state=0),3,0.9375,,No using Simple Imputer,No using One Hot,0.15537476539611816,0.0022363662719726562
algerian_forest_fires_46279,simpleimputer,onehot,kernel_pca,normalizer,HistGradientBoostingClassifier(random_state=0),4,0.9375,,No using Simple Imputer,No using One Hot,0.08664441108703613,0.0022058486938476562
algerian_forest_fires_46279,simpleimputer,onehot,,power,HistGradientBoostingClassifier(random_state=0),0,0.9795918367346939,,No using Simple Imputer,No using One Hot,0.07281947135925293,0.0017807483673095703
algerian_forest_fires_46279,simpleimputer,onehot,,power,HistGradientBoostingClassifier(random_state=0),1,0.9795918367346939,,No using Simple Imputer,No using One Hot,0.08071780204772949,0.00186920166015625
algerian_forest_fires_46279,simpleimputer,onehot,,power,HistGradientBoostingClassifier(random_state=0),2,0.9795918367346939,,No using Simple Imputer,No using One Hot,0.09487247467041016,0.0017712116241455078
algerian_forest_fires_46279,simpleimputer,onehot,,power,HistGradientBoostingClassifier(random_state=0),3,1.0,,No using Simple Imputer,No using One Hot,0.08568048477172852,0.0016632080078125
algerian_forest_fires_46279,simpleimputer,onehot,,power,HistGradientBoostingClassifier(random_state=0),4,0.9583333333333334,,No using Simple Imputer,No using One Hot,0.0940392017364502,0.0020742416381835938
algerian_forest_fires_46279,simpleimputer,onehot,pca,power,HistGradientBoostingClassifier(random_state=0),0,0.9183673469387755,,No using Simple Imputer,No using One Hot,0.08661961555480957,0.0021185874938964844
algerian_forest_fires_46279,simpleimputer,onehot,pca,power,HistGradientBoostingClassifier(random_state=0),1,0.9591836734693877,,No using Simple Imputer,No using One Hot,0.07825350761413574,0.0016813278198242188
algerian_forest_fires_46279,simpleimputer,onehot,pca,power,HistGradientBoostingClassifier(random_state=0),2,0.9387755102040817,,No using Simple Imputer,No using One Hot,0.08319973945617676,0.0016241073608398438
algerian_forest_fires_46279,simpleimputer,onehot,pca,power,HistGradientBoostingClassifier(random_state=0),3,0.9791666666666666,,No using Simple Imputer,No using One Hot,0.08677458763122559,0.0018544197082519531
algerian_forest_fires_46279,simpleimputer,onehot,pca,power,HistGradientBoostingClassifier(random_state=0),4,0.9583333333333334,,No using Simple Imputer,No using One Hot,0.09360861778259277,0.002087116241455078
algerian_forest_fires_46279,simpleimputer,onehot,fastica,power,HistGradientBoostingClassifier(random_state=0),0,0.7959183673469388,,No using Simple Imputer,No using One Hot,0.0869596004486084,0.0021452903747558594
algerian_forest_fires_46279,simpleimputer,onehot,fastica,power,HistGradientBoostingClassifier(random_state=0),1,0.8775510204081632,,No using Simple Imputer,No using One Hot,0.07712173461914062,0.0016717910766601562
algerian_forest_fires_46279,simpleimputer,onehot,fastica,power,HistGradientBoostingClassifier(random_state=0),2,0.8367346938775511,,No using Simple Imputer,No using One Hot,0.08638286590576172,0.0021729469299316406
algerian_forest_fires_46279,simpleimputer,onehot,fastica,power,HistGradientBoostingClassifier(random_state=0),3,0.9583333333333334,,No using Simple Imputer,No using One Hot,0.08501625061035156,0.0017173290252685547
algerian_forest_fires_46279,simpleimputer,onehot,fastica,power,HistGradientBoostingClassifier(random_state=0),4,0.8541666666666666,,No using Simple Imputer,No using One Hot,0.08366799354553223,0.0019986629486083984
algerian_forest_fires_46279,simpleimputer,onehot,truncated_svd,power,HistGradientBoostingClassifier(random_state=0),0,0.8571428571428571,,No using Simple Imputer,No using One Hot,0.08616781234741211,0.002093791961669922
algerian_forest_fires_46279,simpleimputer,onehot,truncated_svd,power,HistGradientBoostingClassifier(random_state=0),1,0.8775510204081632,,No using Simple Imputer,No using One Hot,0.07581877708435059,0.0020999908447265625
algerian_forest_fires_46279,simpleimputer,onehot,truncated_svd,power,HistGradientBoostingClassifier(random_state=0),2,0.8979591836734694,,No using Simple Imputer,No using One Hot,0.08185172080993652,0.0022110939025878906
algerian_forest_fires_46279,simpleimputer,onehot,truncated_svd,power,HistGradientBoostingClassifier(random_state=0),3,0.9166666666666666,,No using Simple Imputer,No using One Hot,0.07508397102355957,0.0017237663269042969
algerian_forest_fires_46279,simpleimputer,onehot,truncated_svd,power,HistGradientBoostingClassifier(random_state=0),4,0.875,,No using Simple Imputer,No using One Hot,0.07205367088317871,0.0016334056854248047
algerian_forest_fires_46279,simpleimputer,onehot,select_percentile,power,HistGradientBoostingClassifier(random_state=0),0,1.0,,No using Simple Imputer,No using One Hot,0.08205556869506836,0.0016644001007080078
algerian_forest_fires_46279,simpleimputer,onehot,select_percentile,power,HistGradientBoostingClassifier(random_state=0),1,0.9795918367346939,,No using Simple Imputer,No using One Hot,0.07984542846679688,0.0021805763244628906
algerian_forest_fires_46279,simpleimputer,onehot,select_percentile,power,HistGradientBoostingClassifier(random_state=0),2,0.9795918367346939,,No using Simple Imputer,No using One Hot,0.10100126266479492,0.0024139881134033203
algerian_forest_fires_46279,simpleimputer,onehot,select_percentile,power,HistGradientBoostingClassifier(random_state=0),3,0.9583333333333334,,No using Simple Imputer,No using One Hot,0.0861349105834961,0.0016045570373535156
algerian_forest_fires_46279,simpleimputer,onehot,select_percentile,power,HistGradientBoostingClassifier(random_state=0),4,0.9791666666666666,,No using Simple Imputer,No using One Hot,0.09191155433654785,0.0020647048950195312
algerian_forest_fires_46279,simpleimputer,onehot,generic_univariate,power,HistGradientBoostingClassifier(random_state=0),0,0.8979591836734694,,No using Simple Imputer,No using One Hot,0.06612443923950195,0.0020956993103027344
algerian_forest_fires_46279,simpleimputer,onehot,generic_univariate,power,HistGradientBoostingClassifier(random_state=0),1,0.9183673469387755,,No using Simple Imputer,No using One Hot,0.07104921340942383,0.001901865005493164
algerian_forest_fires_46279,simpleimputer,onehot,generic_univariate,power,HistGradientBoostingClassifier(random_state=0),2,0.8775510204081632,,No using Simple Imputer,No using One Hot,0.08427572250366211,0.00222015380859375
algerian_forest_fires_46279,simpleimputer,onehot,generic_univariate,power,HistGradientBoostingClassifier(random_state=0),3,0.9375,,No using Simple Imputer,No using One Hot,0.08247160911560059,0.0017135143280029297
algerian_forest_fires_46279,simpleimputer,onehot,generic_univariate,power,HistGradientBoostingClassifier(random_state=0),4,0.9375,,No using Simple Imputer,No using One Hot,0.07600641250610352,0.0020837783813476562
algerian_forest_fires_46279,simpleimputer,onehot,polynomial_features,power,HistGradientBoostingClassifier(random_state=0),0,0.9795918367346939,,No using Simple Imputer,No using One Hot,0.11205029487609863,0.002160787582397461
algerian_forest_fires_46279,simpleimputer,onehot,polynomial_features,power,HistGradientBoostingClassifier(random_state=0),1,0.9795918367346939,,No using Simple Imputer,No using One Hot,0.12388372421264648,0.0022516250610351562
algerian_forest_fires_46279,simpleimputer,onehot,polynomial_features,power,HistGradientBoostingClassifier(random_state=0),2,0.9795918367346939,,No using Simple Imputer,No using One Hot,0.1139833927154541,0.0020852088928222656
algerian_forest_fires_46279,simpleimputer,onehot,polynomial_features,power,HistGradientBoostingClassifier(random_state=0),3,0.9791666666666666,,No using Simple Imputer,No using One Hot,0.10860490798950195,0.0016574859619140625
algerian_forest_fires_46279,simpleimputer,onehot,polynomial_features,power,HistGradientBoostingClassifier(random_state=0),4,0.9375,,No using Simple Imputer,No using One Hot,0.11364603042602539,0.00201416015625
algerian_forest_fires_46279,simpleimputer,onehot,nystroem,power,HistGradientBoostingClassifier(random_state=0),0,0.9387755102040817,,No using Simple Imputer,No using One Hot,0.1235044002532959,0.0015294551849365234
algerian_forest_fires_46279,simpleimputer,onehot,nystroem,power,HistGradientBoostingClassifier(random_state=0),1,0.9795918367346939,,No using Simple Imputer,No using One Hot,0.1401219367980957,0.0019192695617675781
algerian_forest_fires_46279,simpleimputer,onehot,nystroem,power,HistGradientBoostingClassifier(random_state=0),2,0.8979591836734694,,No using Simple Imputer,No using One Hot,0.14996647834777832,0.001783132553100586
algerian_forest_fires_46279,simpleimputer,onehot,nystroem,power,HistGradientBoostingClassifier(random_state=0),3,0.9375,,No using Simple Imputer,No using One Hot,0.14020013809204102,0.0019180774688720703
algerian_forest_fires_46279,simpleimputer,onehot,nystroem,power,HistGradientBoostingClassifier(random_state=0),4,0.9375,,No using Simple Imputer,No using One Hot,0.11849689483642578,0.0022258758544921875
algerian_forest_fires_46279,simpleimputer,onehot,rbf_sampler,power,HistGradientBoostingClassifier(random_state=0),0,0.6122448979591837,,No using Simple Imputer,No using One Hot,0.09771251678466797,0.002210378646850586
algerian_forest_fires_46279,simpleimputer,onehot,rbf_sampler,power,HistGradientBoostingClassifier(random_state=0),1,0.7755102040816326,,No using Simple Imputer,No using One Hot,0.10189628601074219,0.0018808841705322266
algerian_forest_fires_46279,simpleimputer,onehot,rbf_sampler,power,HistGradientBoostingClassifier(random_state=0),2,0.673469387755102,,No using Simple Imputer,No using One Hot,0.10925459861755371,0.002181529998779297
algerian_forest_fires_46279,simpleimputer,onehot,rbf_sampler,power,HistGradientBoostingClassifier(random_state=0),3,0.6458333333333334,,No using Simple Imputer,No using One Hot,0.10032796859741211,0.0016810894012451172
algerian_forest_fires_46279,simpleimputer,onehot,rbf_sampler,power,HistGradientBoostingClassifier(random_state=0),4,0.6041666666666666,,No using Simple Imputer,No using One Hot,0.09824872016906738,0.0020012855529785156
algerian_forest_fires_46279,simpleimputer,onehot,random_trees_embedding,power,HistGradientBoostingClassifier(random_state=0),0,,"Erro na combinação 2356 - Imputer: simpleimputer, Categorização: onehot, Seleção de Feature: random_trees_embedding, Scaler: power, Fold: 0 - Exception: Sparse data was passed for X, but dense data is required. Use '.toarray()' to convert to a dense numpy array.",No using Simple Imputer,No using One Hot,0.09824872016906738,0.0020012855529785156
algerian_forest_fires_46279,simpleimputer,onehot,random_trees_embedding,power,HistGradientBoostingClassifier(random_state=0),1,,"Erro na combinação 2357 - Imputer: simpleimputer, Categorização: onehot, Seleção de Feature: random_trees_embedding, Scaler: power, Fold: 1 - Exception: Sparse data was passed for X, but dense data is required. Use '.toarray()' to convert to a dense numpy array.",No using Simple Imputer,No using One Hot,0.09824872016906738,0.0020012855529785156
algerian_forest_fires_46279,simpleimputer,onehot,random_trees_embedding,power,HistGradientBoostingClassifier(random_state=0),2,,"Erro na combinação 2358 - Imputer: simpleimputer, Categorização: onehot, Seleção de Feature: random_trees_embedding, Scaler: power, Fold: 2 - Exception: Sparse data was passed for X, but dense data is required. Use '.toarray()' to convert to a dense numpy array.",No using Simple Imputer,No using One Hot,0.09824872016906738,0.0020012855529785156
algerian_forest_fires_46279,simpleimputer,onehot,random_trees_embedding,power,HistGradientBoostingClassifier(random_state=0),3,,"Erro na combinação 2359 - Imputer: simpleimputer, Categorização: onehot, Seleção de Feature: random_trees_embedding, Scaler: power, Fold: 3 - Exception: Sparse data was passed for X, but dense data is required. Use '.toarray()' to convert to a dense numpy array.",No using Simple Imputer,No using One Hot,0.09824872016906738,0.0020012855529785156
algerian_forest_fires_46279,simpleimputer,onehot,random_trees_embedding,power,HistGradientBoostingClassifier(random_state=0),4,,"Erro na combinação 2360 - Imputer: simpleimputer, Categorização: onehot, Seleção de Feature: random_trees_embedding, Scaler: power, Fold: 4 - Exception: Sparse data was passed for X, but dense data is required. Use '.toarray()' to convert to a dense numpy array.",No using Simple Imputer,No using One Hot,0.09824872016906738,0.0020012855529785156
algerian_forest_fires_46279,simpleimputer,onehot,feature_agglomeration,power,HistGradientBoostingClassifier(random_state=0),0,0.8571428571428571,,No using Simple Imputer,No using One Hot,0.07637381553649902,0.0021140575408935547
algerian_forest_fires_46279,simpleimputer,onehot,feature_agglomeration,power,HistGradientBoostingClassifier(random_state=0),1,0.8979591836734694,,No using Simple Imputer,No using One Hot,0.08117341995239258,0.0020792484283447266
algerian_forest_fires_46279,simpleimputer,onehot,feature_agglomeration,power,HistGradientBoostingClassifier(random_state=0),2,0.8979591836734694,,No using Simple Imputer,No using One Hot,0.07805061340332031,0.0022292137145996094
algerian_forest_fires_46279,simpleimputer,onehot,feature_agglomeration,power,HistGradientBoostingClassifier(random_state=0),3,0.9375,,No using Simple Imputer,No using One Hot,0.08429121971130371,0.0021910667419433594
algerian_forest_fires_46279,simpleimputer,onehot,feature_agglomeration,power,HistGradientBoostingClassifier(random_state=0),4,0.9583333333333334,,No using Simple Imputer,No using One Hot,0.07805871963500977,0.001631021499633789
algerian_forest_fires_46279,simpleimputer,onehot,extra_tree,power,HistGradientBoostingClassifier(random_state=0),0,0.9795918367346939,,No using Simple Imputer,No using One Hot,0.09465193748474121,0.002344846725463867
algerian_forest_fires_46279,simpleimputer,onehot,extra_tree,power,HistGradientBoostingClassifier(random_state=0),1,0.9795918367346939,,No using Simple Imputer,No using One Hot,0.08612489700317383,0.0022466182708740234
algerian_forest_fires_46279,simpleimputer,onehot,extra_tree,power,HistGradientBoostingClassifier(random_state=0),2,0.9795918367346939,,No using Simple Imputer,No using One Hot,0.08193588256835938,0.0019292831420898438
algerian_forest_fires_46279,simpleimputer,onehot,extra_tree,power,HistGradientBoostingClassifier(random_state=0),3,0.9583333333333334,,No using Simple Imputer,No using One Hot,0.09248995780944824,0.002106189727783203
algerian_forest_fires_46279,simpleimputer,onehot,extra_tree,power,HistGradientBoostingClassifier(random_state=0),4,0.9375,,No using Simple Imputer,No using One Hot,0.08170914649963379,0.001626729965209961
algerian_forest_fires_46279,simpleimputer,onehot,linear_svc,power,HistGradientBoostingClassifier(random_state=0),0,0.9795918367346939,,No using Simple Imputer,No using One Hot,0.09033942222595215,0.0017583370208740234
algerian_forest_fires_46279,simpleimputer,onehot,linear_svc,power,HistGradientBoostingClassifier(random_state=0),1,0.9795918367346939,,No using Simple Imputer,No using One Hot,0.09507060050964355,0.0018727779388427734
algerian_forest_fires_46279,simpleimputer,onehot,linear_svc,power,HistGradientBoostingClassifier(random_state=0),2,0.9591836734693877,,No using Simple Imputer,No using One Hot,0.0882101058959961,0.0017995834350585938
algerian_forest_fires_46279,simpleimputer,onehot,linear_svc,power,HistGradientBoostingClassifier(random_state=0),3,0.9791666666666666,,No using Simple Imputer,No using One Hot,0.0964207649230957,0.002092599868774414
algerian_forest_fires_46279,simpleimputer,onehot,linear_svc,power,HistGradientBoostingClassifier(random_state=0),4,0.9375,,No using Simple Imputer,No using One Hot,0.0728914737701416,0.0016503334045410156
algerian_forest_fires_46279,simpleimputer,onehot,kernel_pca,power,HistGradientBoostingClassifier(random_state=0),0,0.9183673469387755,,No using Simple Imputer,No using One Hot,0.14261293411254883,0.0021181106567382812
algerian_forest_fires_46279,simpleimputer,onehot,kernel_pca,power,HistGradientBoostingClassifier(random_state=0),1,0.9387755102040817,,No using Simple Imputer,No using One Hot,0.08736968040466309,0.0016865730285644531
algerian_forest_fires_46279,simpleimputer,onehot,kernel_pca,power,HistGradientBoostingClassifier(random_state=0),2,0.9183673469387755,,No using Simple Imputer,No using One Hot,0.1439650058746338,0.0016243457794189453
algerian_forest_fires_46279,simpleimputer,onehot,kernel_pca,power,HistGradientBoostingClassifier(random_state=0),3,0.9791666666666666,,No using Simple Imputer,No using One Hot,0.13981294631958008,0.0023047924041748047
algerian_forest_fires_46279,simpleimputer,onehot,kernel_pca,power,HistGradientBoostingClassifier(random_state=0),4,0.9583333333333334,,No using Simple Imputer,No using One Hot,0.1541881561279297,0.002124786376953125
algerian_forest_fires_46279,simpleimputer,onehot,,quantile,HistGradientBoostingClassifier(random_state=0),0,0.9795918367346939,,No using Simple Imputer,No using One Hot,0.08525824546813965,0.001873016357421875
algerian_forest_fires_46279,simpleimputer,onehot,,quantile,HistGradientBoostingClassifier(random_state=0),1,0.9795918367346939,,No using Simple Imputer,No using One Hot,0.08251690864562988,0.0016884803771972656
algerian_forest_fires_46279,simpleimputer,onehot,,quantile,HistGradientBoostingClassifier(random_state=0),2,0.9795918367346939,,No using Simple Imputer,No using One Hot,0.08781123161315918,0.001669168472290039
algerian_forest_fires_46279,simpleimputer,onehot,,quantile,HistGradientBoostingClassifier(random_state=0),3,1.0,,No using Simple Imputer,No using One Hot,0.09877228736877441,0.002190113067626953
algerian_forest_fires_46279,simpleimputer,onehot,,quantile,HistGradientBoostingClassifier(random_state=0),4,0.9583333333333334,,No using Simple Imputer,No using One Hot,0.07725882530212402,0.001764535903930664
algerian_forest_fires_46279,simpleimputer,onehot,pca,quantile,HistGradientBoostingClassifier(random_state=0),0,0.9183673469387755,,No using Simple Imputer,No using One Hot,0.07892298698425293,0.001703023910522461
algerian_forest_fires_46279,simpleimputer,onehot,pca,quantile,HistGradientBoostingClassifier(random_state=0),1,0.9387755102040817,,No using Simple Imputer,No using One Hot,0.08098363876342773,0.0016984939575195312
algerian_forest_fires_46279,simpleimputer,onehot,pca,quantile,HistGradientBoostingClassifier(random_state=0),2,0.9387755102040817,,No using Simple Imputer,No using One Hot,0.09387469291687012,0.0016815662384033203
algerian_forest_fires_46279,simpleimputer,onehot,pca,quantile,HistGradientBoostingClassifier(random_state=0),3,0.9583333333333334,,No using Simple Imputer,No using One Hot,0.0840601921081543,0.0020613670349121094
algerian_forest_fires_46279,simpleimputer,onehot,pca,quantile,HistGradientBoostingClassifier(random_state=0),4,0.9375,,No using Simple Imputer,No using One Hot,0.09363698959350586,0.002148151397705078
algerian_forest_fires_46279,simpleimputer,onehot,fastica,quantile,HistGradientBoostingClassifier(random_state=0),0,0.6938775510204082,,No using Simple Imputer,No using One Hot,0.09576535224914551,0.002154111862182617
algerian_forest_fires_46279,simpleimputer,onehot,fastica,quantile,HistGradientBoostingClassifier(random_state=0),1,0.8367346938775511,,No using Simple Imputer,No using One Hot,0.08827829360961914,0.00157928466796875
algerian_forest_fires_46279,simpleimputer,onehot,fastica,quantile,HistGradientBoostingClassifier(random_state=0),2,0.8367346938775511,,No using Simple Imputer,No using One Hot,0.08956503868103027,0.0019152164459228516
algerian_forest_fires_46279,simpleimputer,onehot,fastica,quantile,HistGradientBoostingClassifier(random_state=0),3,0.8541666666666666,,No using Simple Imputer,No using One Hot,0.08201336860656738,0.001798391342163086
algerian_forest_fires_46279,simpleimputer,onehot,fastica,quantile,HistGradientBoostingClassifier(random_state=0),4,0.875,,No using Simple Imputer,No using One Hot,0.08374667167663574,0.0017316341400146484
algerian_forest_fires_46279,simpleimputer,onehot,truncated_svd,quantile,HistGradientBoostingClassifier(random_state=0),0,0.8775510204081632,,No using Simple Imputer,No using One Hot,0.09284472465515137,0.002001047134399414
algerian_forest_fires_46279,simpleimputer,onehot,truncated_svd,quantile,HistGradientBoostingClassifier(random_state=0),1,0.9183673469387755,,No using Simple Imputer,No using One Hot,0.08958959579467773,0.0021190643310546875
algerian_forest_fires_46279,simpleimputer,onehot,truncated_svd,quantile,HistGradientBoostingClassifier(random_state=0),2,0.8775510204081632,,No using Simple Imputer,No using One Hot,0.08586764335632324,0.002151966094970703
algerian_forest_fires_46279,simpleimputer,onehot,truncated_svd,quantile,HistGradientBoostingClassifier(random_state=0),3,0.9166666666666666,,No using Simple Imputer,No using One Hot,0.08920049667358398,0.0017039775848388672
algerian_forest_fires_46279,simpleimputer,onehot,truncated_svd,quantile,HistGradientBoostingClassifier(random_state=0),4,0.9375,,No using Simple Imputer,No using One Hot,0.07810378074645996,0.0017032623291015625
algerian_forest_fires_46279,simpleimputer,onehot,select_percentile,quantile,HistGradientBoostingClassifier(random_state=0),0,1.0,,No using Simple Imputer,No using One Hot,0.08892083168029785,0.002242565155029297
algerian_forest_fires_46279,simpleimputer,onehot,select_percentile,quantile,HistGradientBoostingClassifier(random_state=0),1,0.9795918367346939,,No using Simple Imputer,No using One Hot,0.08900046348571777,0.0016117095947265625
algerian_forest_fires_46279,simpleimputer,onehot,select_percentile,quantile,HistGradientBoostingClassifier(random_state=0),2,1.0,,No using Simple Imputer,No using One Hot,0.07258439064025879,0.0020940303802490234
algerian_forest_fires_46279,simpleimputer,onehot,select_percentile,quantile,HistGradientBoostingClassifier(random_state=0),3,0.9791666666666666,,No using Simple Imputer,No using One Hot,0.08551287651062012,0.001990079879760742
algerian_forest_fires_46279,simpleimputer,onehot,select_percentile,quantile,HistGradientBoostingClassifier(random_state=0),4,0.9375,,No using Simple Imputer,No using One Hot,0.0873117446899414,0.002044677734375
algerian_forest_fires_46279,simpleimputer,onehot,generic_univariate,quantile,HistGradientBoostingClassifier(random_state=0),0,0.9795918367346939,,No using Simple Imputer,No using One Hot,0.06301116943359375,0.001653432846069336
algerian_forest_fires_46279,simpleimputer,onehot,generic_univariate,quantile,HistGradientBoostingClassifier(random_state=0),1,0.9795918367346939,,No using Simple Imputer,No using One Hot,0.07133817672729492,0.0017044544219970703
algerian_forest_fires_46279,simpleimputer,onehot,generic_univariate,quantile,HistGradientBoostingClassifier(random_state=0),2,0.9795918367346939,,No using Simple Imputer,No using One Hot,0.07221817970275879,0.0016603469848632812
algerian_forest_fires_46279,simpleimputer,onehot,generic_univariate,quantile,HistGradientBoostingClassifier(random_state=0),3,0.9375,,No using Simple Imputer,No using One Hot,0.06816816329956055,0.001972675323486328
algerian_forest_fires_46279,simpleimputer,onehot,generic_univariate,quantile,HistGradientBoostingClassifier(random_state=0),4,0.9375,,No using Simple Imputer,No using One Hot,0.07274341583251953,0.002228975296020508
algerian_forest_fires_46279,simpleimputer,onehot,polynomial_features,quantile,HistGradientBoostingClassifier(random_state=0),0,0.9795918367346939,,No using Simple Imputer,No using One Hot,0.11918044090270996,0.0021011829376220703
algerian_forest_fires_46279,simpleimputer,onehot,polynomial_features,quantile,HistGradientBoostingClassifier(random_state=0),1,0.9795918367346939,,No using Simple Imputer,No using One Hot,0.11683177947998047,0.0022699832916259766
algerian_forest_fires_46279,simpleimputer,onehot,polynomial_features,quantile,HistGradientBoostingClassifier(random_state=0),2,0.9795918367346939,,No using Simple Imputer,No using One Hot,0.12056469917297363,0.002182483673095703
algerian_forest_fires_46279,simpleimputer,onehot,polynomial_features,quantile,HistGradientBoostingClassifier(random_state=0),3,1.0,,No using Simple Imputer,No using One Hot,0.11153674125671387,0.0016112327575683594
algerian_forest_fires_46279,simpleimputer,onehot,polynomial_features,quantile,HistGradientBoostingClassifier(random_state=0),4,0.9583333333333334,,No using Simple Imputer,No using One Hot,0.11069059371948242,0.0022225379943847656
algerian_forest_fires_46279,simpleimputer,onehot,nystroem,quantile,HistGradientBoostingClassifier(random_state=0),0,0.8571428571428571,,No using Simple Imputer,No using One Hot,0.13904213905334473,0.002182483673095703
algerian_forest_fires_46279,simpleimputer,onehot,nystroem,quantile,HistGradientBoostingClassifier(random_state=0),1,0.9591836734693877,,No using Simple Imputer,No using One Hot,0.1592884063720703,0.0017027854919433594
algerian_forest_fires_46279,simpleimputer,onehot,nystroem,quantile,HistGradientBoostingClassifier(random_state=0),2,0.8775510204081632,,No using Simple Imputer,No using One Hot,0.12595534324645996,0.0018568038940429688
algerian_forest_fires_46279,simpleimputer,onehot,nystroem,quantile,HistGradientBoostingClassifier(random_state=0),3,0.9583333333333334,,No using Simple Imputer,No using One Hot,0.1647336483001709,0.002035856246948242
algerian_forest_fires_46279,simpleimputer,onehot,nystroem,quantile,HistGradientBoostingClassifier(random_state=0),4,0.9583333333333334,,No using Simple Imputer,No using One Hot,0.130324125289917,0.0018126964569091797
algerian_forest_fires_46279,simpleimputer,onehot,rbf_sampler,quantile,HistGradientBoostingClassifier(random_state=0),0,0.9591836734693877,,No using Simple Imputer,No using One Hot,0.10835742950439453,0.0018951892852783203
algerian_forest_fires_46279,simpleimputer,onehot,rbf_sampler,quantile,HistGradientBoostingClassifier(random_state=0),1,0.9795918367346939,,No using Simple Imputer,No using One Hot,0.11769318580627441,0.0021369457244873047
algerian_forest_fires_46279,simpleimputer,onehot,rbf_sampler,quantile,HistGradientBoostingClassifier(random_state=0),2,0.9795918367346939,,No using Simple Imputer,No using One Hot,0.10935640335083008,0.0017015933990478516
algerian_forest_fires_46279,simpleimputer,onehot,rbf_sampler,quantile,HistGradientBoostingClassifier(random_state=0),3,0.9583333333333334,,No using Simple Imputer,No using One Hot,0.10351800918579102,0.0018498897552490234
algerian_forest_fires_46279,simpleimputer,onehot,rbf_sampler,quantile,HistGradientBoostingClassifier(random_state=0),4,0.9166666666666666,,No using Simple Imputer,No using One Hot,0.10876774787902832,0.0021486282348632812
algerian_forest_fires_46279,simpleimputer,onehot,random_trees_embedding,quantile,HistGradientBoostingClassifier(random_state=0),0,,"Erro na combinação 2426 - Imputer: simpleimputer, Categorização: onehot, Seleção de Feature: random_trees_embedding, Scaler: quantile, Fold: 0 - Exception: Sparse data was passed for X, but dense data is required. Use '.toarray()' to convert to a dense numpy array.",No using Simple Imputer,No using One Hot,0.10876774787902832,0.0021486282348632812
algerian_forest_fires_46279,simpleimputer,onehot,random_trees_embedding,quantile,HistGradientBoostingClassifier(random_state=0),1,,"Erro na combinação 2427 - Imputer: simpleimputer, Categorização: onehot, Seleção de Feature: random_trees_embedding, Scaler: quantile, Fold: 1 - Exception: Sparse data was passed for X, but dense data is required. Use '.toarray()' to convert to a dense numpy array.",No using Simple Imputer,No using One Hot,0.10876774787902832,0.0021486282348632812
algerian_forest_fires_46279,simpleimputer,onehot,random_trees_embedding,quantile,HistGradientBoostingClassifier(random_state=0),2,,"Erro na combinação 2428 - Imputer: simpleimputer, Categorização: onehot, Seleção de Feature: random_trees_embedding, Scaler: quantile, Fold: 2 - Exception: Sparse data was passed for X, but dense data is required. Use '.toarray()' to convert to a dense numpy array.",No using Simple Imputer,No using One Hot,0.10876774787902832,0.0021486282348632812
algerian_forest_fires_46279,simpleimputer,onehot,random_trees_embedding,quantile,HistGradientBoostingClassifier(random_state=0),3,,"Erro na combinação 2429 - Imputer: simpleimputer, Categorização: onehot, Seleção de Feature: random_trees_embedding, Scaler: quantile, Fold: 3 - Exception: Sparse data was passed for X, but dense data is required. Use '.toarray()' to convert to a dense numpy array.",No using Simple Imputer,No using One Hot,0.10876774787902832,0.0021486282348632812
algerian_forest_fires_46279,simpleimputer,onehot,random_trees_embedding,quantile,HistGradientBoostingClassifier(random_state=0),4,,"Erro na combinação 2430 - Imputer: simpleimputer, Categorização: onehot, Seleção de Feature: random_trees_embedding, Scaler: quantile, Fold: 4 - Exception: Sparse data was passed for X, but dense data is required. Use '.toarray()' to convert to a dense numpy array.",No using Simple Imputer,No using One Hot,0.10876774787902832,0.0021486282348632812
algerian_forest_fires_46279,simpleimputer,onehot,feature_agglomeration,quantile,HistGradientBoostingClassifier(random_state=0),0,0.8367346938775511,,No using Simple Imputer,No using One Hot,0.07326245307922363,0.0019307136535644531
algerian_forest_fires_46279,simpleimputer,onehot,feature_agglomeration,quantile,HistGradientBoostingClassifier(random_state=0),1,0.8163265306122449,,No using Simple Imputer,No using One Hot,0.07635855674743652,0.0017902851104736328
algerian_forest_fires_46279,simpleimputer,onehot,feature_agglomeration,quantile,HistGradientBoostingClassifier(random_state=0),2,0.8775510204081632,,No using Simple Imputer,No using One Hot,0.07110857963562012,0.0019023418426513672
algerian_forest_fires_46279,simpleimputer,onehot,feature_agglomeration,quantile,HistGradientBoostingClassifier(random_state=0),3,0.9375,,No using Simple Imputer,No using One Hot,0.08474278450012207,0.0019092559814453125
algerian_forest_fires_46279,simpleimputer,onehot,feature_agglomeration,quantile,HistGradientBoostingClassifier(random_state=0),4,0.9375,,No using Simple Imputer,No using One Hot,0.08081293106079102,0.0017998218536376953
algerian_forest_fires_46279,simpleimputer,onehot,extra_tree,quantile,HistGradientBoostingClassifier(random_state=0),0,0.9795918367346939,,No using Simple Imputer,No using One Hot,0.08421707153320312,0.001875162124633789
algerian_forest_fires_46279,simpleimputer,onehot,extra_tree,quantile,HistGradientBoostingClassifier(random_state=0),1,0.9795918367346939,,No using Simple Imputer,No using One Hot,0.09354019165039062,0.0020999908447265625
algerian_forest_fires_46279,simpleimputer,onehot,extra_tree,quantile,HistGradientBoostingClassifier(random_state=0),2,0.9795918367346939,,No using Simple Imputer,No using One Hot,0.08967733383178711,0.0020406246185302734
algerian_forest_fires_46279,simpleimputer,onehot,extra_tree,quantile,HistGradientBoostingClassifier(random_state=0),3,0.9583333333333334,,No using Simple Imputer,No using One Hot,0.08298110961914062,0.0022242069244384766
algerian_forest_fires_46279,simpleimputer,onehot,extra_tree,quantile,HistGradientBoostingClassifier(random_state=0),4,0.9375,,No using Simple Imputer,No using One Hot,0.08924436569213867,0.002178192138671875
algerian_forest_fires_46279,simpleimputer,onehot,linear_svc,quantile,HistGradientBoostingClassifier(random_state=0),0,1.0,,No using Simple Imputer,No using One Hot,0.09683847427368164,0.0022478103637695312
algerian_forest_fires_46279,simpleimputer,onehot,linear_svc,quantile,HistGradientBoostingClassifier(random_state=0),1,0.9795918367346939,,No using Simple Imputer,No using One Hot,0.08923053741455078,0.0018808841705322266
algerian_forest_fires_46279,simpleimputer,onehot,linear_svc,quantile,HistGradientBoostingClassifier(random_state=0),2,1.0,,No using Simple Imputer,No using One Hot,0.07807207107543945,0.0016684532165527344
algerian_forest_fires_46279,simpleimputer,onehot,linear_svc,quantile,HistGradientBoostingClassifier(random_state=0),3,0.9791666666666666,,No using Simple Imputer,No using One Hot,0.08316707611083984,0.002147674560546875
algerian_forest_fires_46279,simpleimputer,onehot,linear_svc,quantile,HistGradientBoostingClassifier(random_state=0),4,0.9583333333333334,,No using Simple Imputer,No using One Hot,0.08967351913452148,0.0016787052154541016
algerian_forest_fires_46279,simpleimputer,onehot,kernel_pca,quantile,HistGradientBoostingClassifier(random_state=0),0,0.9387755102040817,,No using Simple Imputer,No using One Hot,0.08073759078979492,0.001642465591430664
algerian_forest_fires_46279,simpleimputer,onehot,kernel_pca,quantile,HistGradientBoostingClassifier(random_state=0),1,0.9387755102040817,,No using Simple Imputer,No using One Hot,0.1344752311706543,0.0017459392547607422
algerian_forest_fires_46279,simpleimputer,onehot,kernel_pca,quantile,HistGradientBoostingClassifier(random_state=0),2,0.9183673469387755,,No using Simple Imputer,No using One Hot,0.14624285697937012,0.0016820430755615234
algerian_forest_fires_46279,simpleimputer,onehot,kernel_pca,quantile,HistGradientBoostingClassifier(random_state=0),3,0.9583333333333334,,No using Simple Imputer,No using One Hot,0.13178277015686035,0.0018832683563232422
algerian_forest_fires_46279,simpleimputer,onehot,kernel_pca,quantile,HistGradientBoostingClassifier(random_state=0),4,0.9375,,No using Simple Imputer,No using One Hot,0.1568431854248047,0.0021753311157226562
algerian_forest_fires_46279,simpleimputer,ordinalencoder,,,HistGradientBoostingClassifier(random_state=0),0,0.9795918367346939,,No using Simple Imputer,No using Ordinal Hot,0.08936262130737305,0.0026733875274658203
algerian_forest_fires_46279,simpleimputer,ordinalencoder,,,HistGradientBoostingClassifier(random_state=0),1,0.9795918367346939,,No using Simple Imputer,No using Ordinal Hot,0.08571434020996094,0.0027925968170166016
algerian_forest_fires_46279,simpleimputer,ordinalencoder,,,HistGradientBoostingClassifier(random_state=0),2,0.9795918367346939,,No using Simple Imputer,No using Ordinal Hot,0.08957242965698242,0.0031723976135253906
algerian_forest_fires_46279,simpleimputer,ordinalencoder,,,HistGradientBoostingClassifier(random_state=0),3,1.0,,No using Simple Imputer,No using Ordinal Hot,0.10211777687072754,0.0032503604888916016
algerian_forest_fires_46279,simpleimputer,ordinalencoder,,,HistGradientBoostingClassifier(random_state=0),4,0.9583333333333334,,No using Simple Imputer,No using Ordinal Hot,0.08495569229125977,0.0033872127532958984
algerian_forest_fires_46279,simpleimputer,ordinalencoder,pca,,HistGradientBoostingClassifier(random_state=0),0,0.8979591836734694,,No using Simple Imputer,No using Ordinal Hot,0.10983085632324219,0.001867055892944336
algerian_forest_fires_46279,simpleimputer,ordinalencoder,pca,,HistGradientBoostingClassifier(random_state=0),1,0.9591836734693877,,No using Simple Imputer,No using Ordinal Hot,0.08347868919372559,0.0021064281463623047
algerian_forest_fires_46279,simpleimputer,ordinalencoder,pca,,HistGradientBoostingClassifier(random_state=0),2,0.9183673469387755,,No using Simple Imputer,No using Ordinal Hot,0.0882418155670166,0.002100229263305664
algerian_forest_fires_46279,simpleimputer,ordinalencoder,pca,,HistGradientBoostingClassifier(random_state=0),3,0.9583333333333334,,No using Simple Imputer,No using Ordinal Hot,0.09034490585327148,0.0020751953125
algerian_forest_fires_46279,simpleimputer,ordinalencoder,pca,,HistGradientBoostingClassifier(random_state=0),4,0.9583333333333334,,No using Simple Imputer,No using Ordinal Hot,0.08989167213439941,0.0018029212951660156
algerian_forest_fires_46279,simpleimputer,ordinalencoder,fastica,,HistGradientBoostingClassifier(random_state=0),0,0.673469387755102,,No using Simple Imputer,No using Ordinal Hot,0.07925105094909668,0.0016031265258789062
algerian_forest_fires_46279,simpleimputer,ordinalencoder,fastica,,HistGradientBoostingClassifier(random_state=0),1,0.7551020408163265,,No using Simple Imputer,No using Ordinal Hot,0.08177065849304199,0.0016360282897949219
algerian_forest_fires_46279,simpleimputer,ordinalencoder,fastica,,HistGradientBoostingClassifier(random_state=0),2,0.8979591836734694,,No using Simple Imputer,No using Ordinal Hot,0.06970691680908203,0.00160980224609375
algerian_forest_fires_46279,simpleimputer,ordinalencoder,fastica,,HistGradientBoostingClassifier(random_state=0),3,0.9166666666666666,,No using Simple Imputer,No using Ordinal Hot,0.08151960372924805,0.0016973018646240234
algerian_forest_fires_46279,simpleimputer,ordinalencoder,fastica,,HistGradientBoostingClassifier(random_state=0),4,0.6041666666666666,,No using Simple Imputer,No using Ordinal Hot,0.09305596351623535,0.0015492439270019531
algerian_forest_fires_46279,simpleimputer,ordinalencoder,truncated_svd,,HistGradientBoostingClassifier(random_state=0),0,0.8571428571428571,,No using Simple Imputer,No using Ordinal Hot,0.07465434074401855,0.0015685558319091797
algerian_forest_fires_46279,simpleimputer,ordinalencoder,truncated_svd,,HistGradientBoostingClassifier(random_state=0),1,0.7755102040816326,,No using Simple Imputer,No using Ordinal Hot,0.07305216789245605,0.0016701221466064453
algerian_forest_fires_46279,simpleimputer,ordinalencoder,truncated_svd,,HistGradientBoostingClassifier(random_state=0),2,0.7959183673469388,,No using Simple Imputer,No using Ordinal Hot,0.07721352577209473,0.002190113067626953
algerian_forest_fires_46279,simpleimputer,ordinalencoder,truncated_svd,,HistGradientBoostingClassifier(random_state=0),3,0.875,,No using Simple Imputer,No using Ordinal Hot,0.0882422924041748,0.0016589164733886719
algerian_forest_fires_46279,simpleimputer,ordinalencoder,truncated_svd,,HistGradientBoostingClassifier(random_state=0),4,0.8958333333333334,,No using Simple Imputer,No using Ordinal Hot,0.08591413497924805,0.0021505355834960938
algerian_forest_fires_46279,simpleimputer,ordinalencoder,select_percentile,,HistGradientBoostingClassifier(random_state=0),0,1.0,,No using Simple Imputer,No using Ordinal Hot,0.07783889770507812,0.001798868179321289
algerian_forest_fires_46279,simpleimputer,ordinalencoder,select_percentile,,HistGradientBoostingClassifier(random_state=0),1,0.9795918367346939,,No using Simple Imputer,No using Ordinal Hot,0.08181571960449219,0.002045154571533203
algerian_forest_fires_46279,simpleimputer,ordinalencoder,select_percentile,,HistGradientBoostingClassifier(random_state=0),2,1.0,,No using Simple Imputer,No using Ordinal Hot,0.08584308624267578,0.002074003219604492
algerian_forest_fires_46279,simpleimputer,ordinalencoder,select_percentile,,HistGradientBoostingClassifier(random_state=0),3,0.9791666666666666,,No using Simple Imputer,No using Ordinal Hot,0.0812220573425293,0.0020821094512939453
algerian_forest_fires_46279,simpleimputer,ordinalencoder,select_percentile,,HistGradientBoostingClassifier(random_state=0),4,0.9375,,No using Simple Imputer,No using Ordinal Hot,0.07119870185852051,0.0016121864318847656
algerian_forest_fires_46279,simpleimputer,ordinalencoder,generic_univariate,,HistGradientBoostingClassifier(random_state=0),0,0.9795918367346939,,No using Simple Imputer,No using Ordinal Hot,0.07068324089050293,0.0021233558654785156
algerian_forest_fires_46279,simpleimputer,ordinalencoder,generic_univariate,,HistGradientBoostingClassifier(random_state=0),1,0.9795918367346939,,No using Simple Imputer,No using Ordinal Hot,0.07258200645446777,0.0017199516296386719
algerian_forest_fires_46279,simpleimputer,ordinalencoder,generic_univariate,,HistGradientBoostingClassifier(random_state=0),2,0.9795918367346939,,No using Simple Imputer,No using Ordinal Hot,0.06568694114685059,0.0016856193542480469
algerian_forest_fires_46279,simpleimputer,ordinalencoder,generic_univariate,,HistGradientBoostingClassifier(random_state=0),3,0.9583333333333334,,No using Simple Imputer,No using Ordinal Hot,0.07219362258911133,0.0021991729736328125
algerian_forest_fires_46279,simpleimputer,ordinalencoder,generic_univariate,,HistGradientBoostingClassifier(random_state=0),4,0.9791666666666666,,No using Simple Imputer,No using Ordinal Hot,0.07207155227661133,0.0017654895782470703
algerian_forest_fires_46279,simpleimputer,ordinalencoder,polynomial_features,,HistGradientBoostingClassifier(random_state=0),0,0.9591836734693877,,No using Simple Imputer,No using Ordinal Hot,0.11926722526550293,0.0017893314361572266
algerian_forest_fires_46279,simpleimputer,ordinalencoder,polynomial_features,,HistGradientBoostingClassifier(random_state=0),1,0.9795918367346939,,No using Simple Imputer,No using Ordinal Hot,0.10872578620910645,0.0016570091247558594
algerian_forest_fires_46279,simpleimputer,ordinalencoder,polynomial_features,,HistGradientBoostingClassifier(random_state=0),2,0.9795918367346939,,No using Simple Imputer,No using Ordinal Hot,0.1186378002166748,0.002286672592163086
algerian_forest_fires_46279,simpleimputer,ordinalencoder,polynomial_features,,HistGradientBoostingClassifier(random_state=0),3,0.9791666666666666,,No using Simple Imputer,No using Ordinal Hot,0.11924624443054199,0.0016989707946777344
algerian_forest_fires_46279,simpleimputer,ordinalencoder,polynomial_features,,HistGradientBoostingClassifier(random_state=0),4,0.9583333333333334,,No using Simple Imputer,No using Ordinal Hot,0.1096189022064209,0.0016498565673828125
algerian_forest_fires_46279,simpleimputer,ordinalencoder,nystroem,,HistGradientBoostingClassifier(random_state=0),0,0.8571428571428571,,No using Simple Imputer,No using Ordinal Hot,0.10993528366088867,0.0018873214721679688
algerian_forest_fires_46279,simpleimputer,ordinalencoder,nystroem,,HistGradientBoostingClassifier(random_state=0),1,0.8775510204081632,,No using Simple Imputer,No using Ordinal Hot,0.13666415214538574,0.0022122859954833984
algerian_forest_fires_46279,simpleimputer,ordinalencoder,nystroem,,HistGradientBoostingClassifier(random_state=0),2,0.7346938775510204,,No using Simple Imputer,No using Ordinal Hot,0.13776040077209473,0.0021162033081054688
algerian_forest_fires_46279,simpleimputer,ordinalencoder,nystroem,,HistGradientBoostingClassifier(random_state=0),3,0.8958333333333334,,No using Simple Imputer,No using Ordinal Hot,0.13540172576904297,0.0020012855529785156
algerian_forest_fires_46279,simpleimputer,ordinalencoder,nystroem,,HistGradientBoostingClassifier(random_state=0),4,0.9583333333333334,,No using Simple Imputer,No using Ordinal Hot,0.12812376022338867,0.0018527507781982422
algerian_forest_fires_46279,simpleimputer,ordinalencoder,rbf_sampler,,HistGradientBoostingClassifier(random_state=0),0,0.6326530612244898,,No using Simple Imputer,No using Ordinal Hot,0.1169896125793457,0.001886606216430664
algerian_forest_fires_46279,simpleimputer,ordinalencoder,rbf_sampler,,HistGradientBoostingClassifier(random_state=0),1,0.5306122448979592,,No using Simple Imputer,No using Ordinal Hot,0.11098480224609375,0.0020127296447753906
algerian_forest_fires_46279,simpleimputer,ordinalencoder,rbf_sampler,,HistGradientBoostingClassifier(random_state=0),2,0.6122448979591837,,No using Simple Imputer,No using Ordinal Hot,0.10730504989624023,0.002132415771484375
algerian_forest_fires_46279,simpleimputer,ordinalencoder,rbf_sampler,,HistGradientBoostingClassifier(random_state=0),3,0.6458333333333334,,No using Simple Imputer,No using Ordinal Hot,0.11382150650024414,0.0020537376403808594
algerian_forest_fires_46279,simpleimputer,ordinalencoder,rbf_sampler,,HistGradientBoostingClassifier(random_state=0),4,0.4583333333333333,,No using Simple Imputer,No using Ordinal Hot,0.1089165210723877,0.002170562744140625
algerian_forest_fires_46279,simpleimputer,ordinalencoder,random_trees_embedding,,HistGradientBoostingClassifier(random_state=0),0,,"Erro na combinação 2496 - Imputer: simpleimputer, Categorização: ordinalencoder, Seleção de Feature: random_trees_embedding, Scaler: None, Fold: 0 - Exception: Sparse data was passed for X, but dense data is required. Use '.toarray()' to convert to a dense numpy array.",No using Simple Imputer,No using Ordinal Hot,0.1089165210723877,0.002170562744140625
algerian_forest_fires_46279,simpleimputer,ordinalencoder,random_trees_embedding,,HistGradientBoostingClassifier(random_state=0),1,,"Erro na combinação 2497 - Imputer: simpleimputer, Categorização: ordinalencoder, Seleção de Feature: random_trees_embedding, Scaler: None, Fold: 1 - Exception: Sparse data was passed for X, but dense data is required. Use '.toarray()' to convert to a dense numpy array.",No using Simple Imputer,No using Ordinal Hot,0.1089165210723877,0.002170562744140625
algerian_forest_fires_46279,simpleimputer,ordinalencoder,random_trees_embedding,,HistGradientBoostingClassifier(random_state=0),2,,"Erro na combinação 2498 - Imputer: simpleimputer, Categorização: ordinalencoder, Seleção de Feature: random_trees_embedding, Scaler: None, Fold: 2 - Exception: Sparse data was passed for X, but dense data is required. Use '.toarray()' to convert to a dense numpy array.",No using Simple Imputer,No using Ordinal Hot,0.1089165210723877,0.002170562744140625
algerian_forest_fires_46279,simpleimputer,ordinalencoder,random_trees_embedding,,HistGradientBoostingClassifier(random_state=0),3,,"Erro na combinação 2499 - Imputer: simpleimputer, Categorização: ordinalencoder, Seleção de Feature: random_trees_embedding, Scaler: None, Fold: 3 - Exception: Sparse data was passed for X, but dense data is required. Use '.toarray()' to convert to a dense numpy array.",No using Simple Imputer,No using Ordinal Hot,0.1089165210723877,0.002170562744140625
algerian_forest_fires_46279,simpleimputer,ordinalencoder,random_trees_embedding,,HistGradientBoostingClassifier(random_state=0),4,,"Erro na combinação 2500 - Imputer: simpleimputer, Categorização: ordinalencoder, Seleção de Feature: random_trees_embedding, Scaler: None, Fold: 4 - Exception: Sparse data was passed for X, but dense data is required. Use '.toarray()' to convert to a dense numpy array.",No using Simple Imputer,No using Ordinal Hot,0.1089165210723877,0.002170562744140625
algerian_forest_fires_46279,simpleimputer,ordinalencoder,feature_agglomeration,,HistGradientBoostingClassifier(random_state=0),0,0.7755102040816326,,No using Simple Imputer,No using Ordinal Hot,0.0705113410949707,0.0015807151794433594
algerian_forest_fires_46279,simpleimputer,ordinalencoder,feature_agglomeration,,HistGradientBoostingClassifier(random_state=0),1,0.8367346938775511,,No using Simple Imputer,No using Ordinal Hot,0.08979630470275879,0.0024175643920898438
algerian_forest_fires_46279,simpleimputer,ordinalencoder,feature_agglomeration,,HistGradientBoostingClassifier(random_state=0),2,0.8367346938775511,,No using Simple Imputer,No using Ordinal Hot,0.08954477310180664,0.0017380714416503906
algerian_forest_fires_46279,simpleimputer,ordinalencoder,feature_agglomeration,,HistGradientBoostingClassifier(random_state=0),3,0.8958333333333334,,No using Simple Imputer,No using Ordinal Hot,0.074737548828125,0.0016908645629882812
algerian_forest_fires_46279,simpleimputer,ordinalencoder,feature_agglomeration,,HistGradientBoostingClassifier(random_state=0),4,0.8333333333333334,,No using Simple Imputer,No using Ordinal Hot,0.07524418830871582,0.0021889209747314453
algerian_forest_fires_46279,simpleimputer,ordinalencoder,extra_tree,,HistGradientBoostingClassifier(random_state=0),0,0.9795918367346939,,No using Simple Imputer,No using Ordinal Hot,0.08413529396057129,0.002152681350708008
algerian_forest_fires_46279,simpleimputer,ordinalencoder,extra_tree,,HistGradientBoostingClassifier(random_state=0),1,0.9795918367346939,,No using Simple Imputer,No using Ordinal Hot,0.08532404899597168,0.0021474361419677734
algerian_forest_fires_46279,simpleimputer,ordinalencoder,extra_tree,,HistGradientBoostingClassifier(random_state=0),2,0.9795918367346939,,No using Simple Imputer,No using Ordinal Hot,0.0862271785736084,0.001984119415283203
algerian_forest_fires_46279,simpleimputer,ordinalencoder,extra_tree,,HistGradientBoostingClassifier(random_state=0),3,0.9583333333333334,,No using Simple Imputer,No using Ordinal Hot,0.08487462997436523,0.0018894672393798828
algerian_forest_fires_46279,simpleimputer,ordinalencoder,extra_tree,,HistGradientBoostingClassifier(random_state=0),4,0.9375,,No using Simple Imputer,No using Ordinal Hot,0.09341263771057129,0.0022249221801757812
algerian_forest_fires_46279,simpleimputer,ordinalencoder,linear_svc,,HistGradientBoostingClassifier(random_state=0),0,1.0,,No using Simple Imputer,No using Ordinal Hot,0.09476113319396973,0.0022301673889160156
algerian_forest_fires_46279,simpleimputer,ordinalencoder,linear_svc,,HistGradientBoostingClassifier(random_state=0),1,0.9795918367346939,,No using Simple Imputer,No using Ordinal Hot,0.09925293922424316,0.0018618106842041016
algerian_forest_fires_46279,simpleimputer,ordinalencoder,linear_svc,,HistGradientBoostingClassifier(random_state=0),2,0.9795918367346939,,No using Simple Imputer,No using Ordinal Hot,0.07427382469177246,0.001651763916015625
algerian_forest_fires_46279,simpleimputer,ordinalencoder,linear_svc,,HistGradientBoostingClassifier(random_state=0),3,0.9791666666666666,,No using Simple Imputer,No using Ordinal Hot,0.08221578598022461,0.0018527507781982422
algerian_forest_fires_46279,simpleimputer,ordinalencoder,linear_svc,,HistGradientBoostingClassifier(random_state=0),4,0.9791666666666666,,No using Simple Imputer,No using Ordinal Hot,0.08520150184631348,0.0018301010131835938
algerian_forest_fires_46279,simpleimputer,ordinalencoder,kernel_pca,,HistGradientBoostingClassifier(random_state=0),0,0.8979591836734694,,No using Simple Imputer,No using Ordinal Hot,0.14063715934753418,0.0018050670623779297
algerian_forest_fires_46279,simpleimputer,ordinalencoder,kernel_pca,,HistGradientBoostingClassifier(random_state=0),1,0.9591836734693877,,No using Simple Imputer,No using Ordinal Hot,0.1344437599182129,0.0017018318176269531
algerian_forest_fires_46279,simpleimputer,ordinalencoder,kernel_pca,,HistGradientBoostingClassifier(random_state=0),2,0.9183673469387755,,No using Simple Imputer,No using Ordinal Hot,0.14470672607421875,0.0017206668853759766
algerian_forest_fires_46279,simpleimputer,ordinalencoder,kernel_pca,,HistGradientBoostingClassifier(random_state=0),3,0.9791666666666666,,No using Simple Imputer,No using Ordinal Hot,0.14317822456359863,0.0020744800567626953
algerian_forest_fires_46279,simpleimputer,ordinalencoder,kernel_pca,,HistGradientBoostingClassifier(random_state=0),4,0.9583333333333334,,No using Simple Imputer,No using Ordinal Hot,0.14323806762695312,0.0019850730895996094
algerian_forest_fires_46279,simpleimputer,ordinalencoder,,standard,HistGradientBoostingClassifier(random_state=0),0,0.9795918367346939,,No using Simple Imputer,No using Ordinal Hot,0.08534383773803711,0.0017752647399902344
algerian_forest_fires_46279,simpleimputer,ordinalencoder,,standard,HistGradientBoostingClassifier(random_state=0),1,0.9795918367346939,,No using Simple Imputer,No using Ordinal Hot,0.09081673622131348,0.0018656253814697266
algerian_forest_fires_46279,simpleimputer,ordinalencoder,,standard,HistGradientBoostingClassifier(random_state=0),2,0.9795918367346939,,No using Simple Imputer,No using Ordinal Hot,0.09728145599365234,0.0018999576568603516
algerian_forest_fires_46279,simpleimputer,ordinalencoder,,standard,HistGradientBoostingClassifier(random_state=0),3,1.0,,No using Simple Imputer,No using Ordinal Hot,0.0961146354675293,0.0022449493408203125
algerian_forest_fires_46279,simpleimputer,ordinalencoder,,standard,HistGradientBoostingClassifier(random_state=0),4,0.9583333333333334,,No using Simple Imputer,No using Ordinal Hot,0.08384513854980469,0.0019147396087646484
algerian_forest_fires_46279,simpleimputer,ordinalencoder,pca,standard,HistGradientBoostingClassifier(random_state=0),0,0.8571428571428571,,No using Simple Imputer,No using Ordinal Hot,0.08440232276916504,0.0021927356719970703
algerian_forest_fires_46279,simpleimputer,ordinalencoder,pca,standard,HistGradientBoostingClassifier(random_state=0),1,0.9387755102040817,,No using Simple Imputer,No using Ordinal Hot,0.08388757705688477,0.0023958683013916016
algerian_forest_fires_46279,simpleimputer,ordinalencoder,pca,standard,HistGradientBoostingClassifier(random_state=0),2,0.9591836734693877,,No using Simple Imputer,No using Ordinal Hot,0.09120297431945801,0.001689910888671875
algerian_forest_fires_46279,simpleimputer,ordinalencoder,pca,standard,HistGradientBoostingClassifier(random_state=0),3,0.9791666666666666,,No using Simple Imputer,No using Ordinal Hot,0.09413313865661621,0.0021545886993408203
algerian_forest_fires_46279,simpleimputer,ordinalencoder,pca,standard,HistGradientBoostingClassifier(random_state=0),4,0.9375,,No using Simple Imputer,No using Ordinal Hot,0.0853114128112793,0.0016922950744628906
algerian_forest_fires_46279,simpleimputer,ordinalencoder,fastica,standard,HistGradientBoostingClassifier(random_state=0),0,0.7142857142857143,,No using Simple Imputer,No using Ordinal Hot,0.08373832702636719,0.0016741752624511719
algerian_forest_fires_46279,simpleimputer,ordinalencoder,fastica,standard,HistGradientBoostingClassifier(random_state=0),1,0.6326530612244898,,No using Simple Imputer,No using Ordinal Hot,0.0787971019744873,0.002004861831665039
algerian_forest_fires_46279,simpleimputer,ordinalencoder,fastica,standard,HistGradientBoostingClassifier(random_state=0),2,0.7755102040816326,,No using Simple Imputer,No using Ordinal Hot,0.07991480827331543,0.0015976428985595703
algerian_forest_fires_46279,simpleimputer,ordinalencoder,fastica,standard,HistGradientBoostingClassifier(random_state=0),3,0.9583333333333334,,No using Simple Imputer,No using Ordinal Hot,0.08231925964355469,0.0017616748809814453
algerian_forest_fires_46279,simpleimputer,ordinalencoder,fastica,standard,HistGradientBoostingClassifier(random_state=0),4,0.7916666666666666,,No using Simple Imputer,No using Ordinal Hot,0.0876617431640625,0.001857757568359375
algerian_forest_fires_46279,simpleimputer,ordinalencoder,truncated_svd,standard,HistGradientBoostingClassifier(random_state=0),0,0.8571428571428571,,No using Simple Imputer,No using Ordinal Hot,0.08069014549255371,0.002190828323364258
algerian_forest_fires_46279,simpleimputer,ordinalencoder,truncated_svd,standard,HistGradientBoostingClassifier(random_state=0),1,0.8163265306122449,,No using Simple Imputer,No using Ordinal Hot,0.0814971923828125,0.0022737979888916016
algerian_forest_fires_46279,simpleimputer,ordinalencoder,truncated_svd,standard,HistGradientBoostingClassifier(random_state=0),2,0.8571428571428571,,No using Simple Imputer,No using Ordinal Hot,0.07223200798034668,0.0016865730285644531
algerian_forest_fires_46279,simpleimputer,ordinalencoder,truncated_svd,standard,HistGradientBoostingClassifier(random_state=0),3,0.875,,No using Simple Imputer,No using Ordinal Hot,0.07477426528930664,0.0015935897827148438
algerian_forest_fires_46279,simpleimputer,ordinalencoder,truncated_svd,standard,HistGradientBoostingClassifier(random_state=0),4,0.875,,No using Simple Imputer,No using Ordinal Hot,0.0775442123413086,0.0017709732055664062
algerian_forest_fires_46279,simpleimputer,ordinalencoder,select_percentile,standard,HistGradientBoostingClassifier(random_state=0),0,1.0,,No using Simple Imputer,No using Ordinal Hot,0.0799710750579834,0.0019888877868652344
algerian_forest_fires_46279,simpleimputer,ordinalencoder,select_percentile,standard,HistGradientBoostingClassifier(random_state=0),1,0.9795918367346939,,No using Simple Imputer,No using Ordinal Hot,0.0818777084350586,0.0024118423461914062
algerian_forest_fires_46279,simpleimputer,ordinalencoder,select_percentile,standard,HistGradientBoostingClassifier(random_state=0),2,1.0,,No using Simple Imputer,No using Ordinal Hot,0.0769200325012207,0.001617431640625
algerian_forest_fires_46279,simpleimputer,ordinalencoder,select_percentile,standard,HistGradientBoostingClassifier(random_state=0),3,0.9791666666666666,,No using Simple Imputer,No using Ordinal Hot,0.07782244682312012,0.002283334732055664
algerian_forest_fires_46279,simpleimputer,ordinalencoder,select_percentile,standard,HistGradientBoostingClassifier(random_state=0),4,0.9375,,No using Simple Imputer,No using Ordinal Hot,0.08066344261169434,0.0020177364349365234
algerian_forest_fires_46279,simpleimputer,ordinalencoder,generic_univariate,standard,HistGradientBoostingClassifier(random_state=0),0,0.9795918367346939,,No using Simple Imputer,No using Ordinal Hot,0.07123732566833496,0.0016503334045410156
algerian_forest_fires_46279,simpleimputer,ordinalencoder,generic_univariate,standard,HistGradientBoostingClassifier(random_state=0),1,0.9795918367346939,,No using Simple Imputer,No using Ordinal Hot,0.07435131072998047,0.002082347869873047
algerian_forest_fires_46279,simpleimputer,ordinalencoder,generic_univariate,standard,HistGradientBoostingClassifier(random_state=0),2,0.9795918367346939,,No using Simple Imputer,No using Ordinal Hot,0.07577943801879883,0.0019216537475585938
algerian_forest_fires_46279,simpleimputer,ordinalencoder,generic_univariate,standard,HistGradientBoostingClassifier(random_state=0),3,0.9583333333333334,,No using Simple Imputer,No using Ordinal Hot,0.0664987564086914,0.0021169185638427734
algerian_forest_fires_46279,simpleimputer,ordinalencoder,generic_univariate,standard,HistGradientBoostingClassifier(random_state=0),4,0.9791666666666666,,No using Simple Imputer,No using Ordinal Hot,0.07327508926391602,0.002060413360595703
algerian_forest_fires_46279,simpleimputer,ordinalencoder,polynomial_features,standard,HistGradientBoostingClassifier(random_state=0),0,0.9591836734693877,,No using Simple Imputer,No using Ordinal Hot,0.11218738555908203,0.0017576217651367188
algerian_forest_fires_46279,simpleimputer,ordinalencoder,polynomial_features,standard,HistGradientBoostingClassifier(random_state=0),1,0.9795918367346939,,No using Simple Imputer,No using Ordinal Hot,0.11375927925109863,0.002068758010864258
algerian_forest_fires_46279,simpleimputer,ordinalencoder,polynomial_features,standard,HistGradientBoostingClassifier(random_state=0),2,0.9795918367346939,,No using Simple Imputer,No using Ordinal Hot,0.11472725868225098,0.002292633056640625
algerian_forest_fires_46279,simpleimputer,ordinalencoder,polynomial_features,standard,HistGradientBoostingClassifier(random_state=0),3,0.9583333333333334,,No using Simple Imputer,No using Ordinal Hot,0.11876416206359863,0.002205371856689453
algerian_forest_fires_46279,simpleimputer,ordinalencoder,polynomial_features,standard,HistGradientBoostingClassifier(random_state=0),4,0.9375,,No using Simple Imputer,No using Ordinal Hot,0.11968493461608887,0.0020499229431152344
algerian_forest_fires_46279,simpleimputer,ordinalencoder,nystroem,standard,HistGradientBoostingClassifier(random_state=0),0,0.8979591836734694,,No using Simple Imputer,No using Ordinal Hot,0.13577747344970703,0.0019021034240722656
algerian_forest_fires_46279,simpleimputer,ordinalencoder,nystroem,standard,HistGradientBoostingClassifier(random_state=0),1,0.9387755102040817,,No using Simple Imputer,No using Ordinal Hot,0.15183043479919434,0.0016622543334960938
algerian_forest_fires_46279,simpleimputer,ordinalencoder,nystroem,standard,HistGradientBoostingClassifier(random_state=0),2,0.8979591836734694,,No using Simple Imputer,No using Ordinal Hot,0.11657333374023438,0.0020198822021484375
algerian_forest_fires_46279,simpleimputer,ordinalencoder,nystroem,standard,HistGradientBoostingClassifier(random_state=0),3,0.9583333333333334,,No using Simple Imputer,No using Ordinal Hot,0.1301424503326416,0.0022821426391601562
algerian_forest_fires_46279,simpleimputer,ordinalencoder,nystroem,standard,HistGradientBoostingClassifier(random_state=0),4,0.9375,,No using Simple Imputer,No using Ordinal Hot,0.1342015266418457,0.0019235610961914062
algerian_forest_fires_46279,simpleimputer,ordinalencoder,rbf_sampler,standard,HistGradientBoostingClassifier(random_state=0),0,0.7142857142857143,,No using Simple Imputer,No using Ordinal Hot,0.09698915481567383,0.0018465518951416016
algerian_forest_fires_46279,simpleimputer,ordinalencoder,rbf_sampler,standard,HistGradientBoostingClassifier(random_state=0),1,0.7755102040816326,,No using Simple Imputer,No using Ordinal Hot,0.09821176528930664,0.002172708511352539
algerian_forest_fires_46279,simpleimputer,ordinalencoder,rbf_sampler,standard,HistGradientBoostingClassifier(random_state=0),2,0.7142857142857143,,No using Simple Imputer,No using Ordinal Hot,0.09935951232910156,0.0020360946655273438
algerian_forest_fires_46279,simpleimputer,ordinalencoder,rbf_sampler,standard,HistGradientBoostingClassifier(random_state=0),3,0.7708333333333334,,No using Simple Imputer,No using Ordinal Hot,0.10360050201416016,0.0019068717956542969
algerian_forest_fires_46279,simpleimputer,ordinalencoder,rbf_sampler,standard,HistGradientBoostingClassifier(random_state=0),4,0.7083333333333334,,No using Simple Imputer,No using Ordinal Hot,0.10547828674316406,0.0021033287048339844
algerian_forest_fires_46279,simpleimputer,ordinalencoder,random_trees_embedding,standard,HistGradientBoostingClassifier(random_state=0),0,,"Erro na combinação 2566 - Imputer: simpleimputer, Categorização: ordinalencoder, Seleção de Feature: random_trees_embedding, Scaler: standard, Fold: 0 - Exception: Sparse data was passed for X, but dense data is required. Use '.toarray()' to convert to a dense numpy array.",No using Simple Imputer,No using Ordinal Hot,0.10547828674316406,0.0021033287048339844
algerian_forest_fires_46279,simpleimputer,ordinalencoder,random_trees_embedding,standard,HistGradientBoostingClassifier(random_state=0),1,,"Erro na combinação 2567 - Imputer: simpleimputer, Categorização: ordinalencoder, Seleção de Feature: random_trees_embedding, Scaler: standard, Fold: 1 - Exception: Sparse data was passed for X, but dense data is required. Use '.toarray()' to convert to a dense numpy array.",No using Simple Imputer,No using Ordinal Hot,0.10547828674316406,0.0021033287048339844
algerian_forest_fires_46279,simpleimputer,ordinalencoder,random_trees_embedding,standard,HistGradientBoostingClassifier(random_state=0),2,,"Erro na combinação 2568 - Imputer: simpleimputer, Categorização: ordinalencoder, Seleção de Feature: random_trees_embedding, Scaler: standard, Fold: 2 - Exception: Sparse data was passed for X, but dense data is required. Use '.toarray()' to convert to a dense numpy array.",No using Simple Imputer,No using Ordinal Hot,0.10547828674316406,0.0021033287048339844
algerian_forest_fires_46279,simpleimputer,ordinalencoder,random_trees_embedding,standard,HistGradientBoostingClassifier(random_state=0),3,,"Erro na combinação 2569 - Imputer: simpleimputer, Categorização: ordinalencoder, Seleção de Feature: random_trees_embedding, Scaler: standard, Fold: 3 - Exception: Sparse data was passed for X, but dense data is required. Use '.toarray()' to convert to a dense numpy array.",No using Simple Imputer,No using Ordinal Hot,0.10547828674316406,0.0021033287048339844
algerian_forest_fires_46279,simpleimputer,ordinalencoder,random_trees_embedding,standard,HistGradientBoostingClassifier(random_state=0),4,,"Erro na combinação 2570 - Imputer: simpleimputer, Categorização: ordinalencoder, Seleção de Feature: random_trees_embedding, Scaler: standard, Fold: 4 - Exception: Sparse data was passed for X, but dense data is required. Use '.toarray()' to convert to a dense numpy array.",No using Simple Imputer,No using Ordinal Hot,0.10547828674316406,0.0021033287048339844
algerian_forest_fires_46279,simpleimputer,ordinalencoder,feature_agglomeration,standard,HistGradientBoostingClassifier(random_state=0),0,0.8163265306122449,,No using Simple Imputer,No using Ordinal Hot,0.07049870491027832,0.0017635822296142578
algerian_forest_fires_46279,simpleimputer,ordinalencoder,feature_agglomeration,standard,HistGradientBoostingClassifier(random_state=0),1,0.8163265306122449,,No using Simple Imputer,No using Ordinal Hot,0.07733345031738281,0.001730203628540039
algerian_forest_fires_46279,simpleimputer,ordinalencoder,feature_agglomeration,standard,HistGradientBoostingClassifier(random_state=0),2,0.8979591836734694,,No using Simple Imputer,No using Ordinal Hot,0.08211755752563477,0.0020356178283691406
algerian_forest_fires_46279,simpleimputer,ordinalencoder,feature_agglomeration,standard,HistGradientBoostingClassifier(random_state=0),3,0.8958333333333334,,No using Simple Imputer,No using Ordinal Hot,0.08680343627929688,0.002148866653442383
algerian_forest_fires_46279,simpleimputer,ordinalencoder,feature_agglomeration,standard,HistGradientBoostingClassifier(random_state=0),4,0.8333333333333334,,No using Simple Imputer,No using Ordinal Hot,0.08296775817871094,0.002168416976928711
algerian_forest_fires_46279,simpleimputer,ordinalencoder,extra_tree,standard,HistGradientBoostingClassifier(random_state=0),0,0.9795918367346939,,No using Simple Imputer,No using Ordinal Hot,0.08306336402893066,0.002191781997680664
algerian_forest_fires_46279,simpleimputer,ordinalencoder,extra_tree,standard,HistGradientBoostingClassifier(random_state=0),1,0.9795918367346939,,No using Simple Imputer,No using Ordinal Hot,0.07896065711975098,0.0016560554504394531
algerian_forest_fires_46279,simpleimputer,ordinalencoder,extra_tree,standard,HistGradientBoostingClassifier(random_state=0),2,0.9795918367346939,,No using Simple Imputer,No using Ordinal Hot,0.09331846237182617,0.0021355152130126953
algerian_forest_fires_46279,simpleimputer,ordinalencoder,extra_tree,standard,HistGradientBoostingClassifier(random_state=0),3,0.9583333333333334,,No using Simple Imputer,No using Ordinal Hot,0.09673452377319336,0.0021333694458007812
algerian_forest_fires_46279,simpleimputer,ordinalencoder,extra_tree,standard,HistGradientBoostingClassifier(random_state=0),4,0.9375,,No using Simple Imputer,No using Ordinal Hot,0.07810378074645996,0.00214385986328125
algerian_forest_fires_46279,simpleimputer,ordinalencoder,linear_svc,standard,HistGradientBoostingClassifier(random_state=0),0,1.0,,No using Simple Imputer,No using Ordinal Hot,0.09762358665466309,0.0021562576293945312
algerian_forest_fires_46279,simpleimputer,ordinalencoder,linear_svc,standard,HistGradientBoostingClassifier(random_state=0),1,0.9795918367346939,,No using Simple Imputer,No using Ordinal Hot,0.09318375587463379,0.002138376235961914
algerian_forest_fires_46279,simpleimputer,ordinalencoder,linear_svc,standard,HistGradientBoostingClassifier(random_state=0),2,0.9591836734693877,,No using Simple Imputer,No using Ordinal Hot,0.0886983871459961,0.0018754005432128906
algerian_forest_fires_46279,simpleimputer,ordinalencoder,linear_svc,standard,HistGradientBoostingClassifier(random_state=0),3,1.0,,No using Simple Imputer,No using Ordinal Hot,0.08763933181762695,0.0021495819091796875
algerian_forest_fires_46279,simpleimputer,ordinalencoder,linear_svc,standard,HistGradientBoostingClassifier(random_state=0),4,0.9375,,No using Simple Imputer,No using Ordinal Hot,0.07911205291748047,0.0016641616821289062
algerian_forest_fires_46279,simpleimputer,ordinalencoder,kernel_pca,standard,HistGradientBoostingClassifier(random_state=0),0,0.8775510204081632,,No using Simple Imputer,No using Ordinal Hot,0.14199209213256836,0.002313375473022461
algerian_forest_fires_46279,simpleimputer,ordinalencoder,kernel_pca,standard,HistGradientBoostingClassifier(random_state=0),1,0.9387755102040817,,No using Simple Imputer,No using Ordinal Hot,0.11562514305114746,0.0015790462493896484
algerian_forest_fires_46279,simpleimputer,ordinalencoder,kernel_pca,standard,HistGradientBoostingClassifier(random_state=0),2,0.9387755102040817,,No using Simple Imputer,No using Ordinal Hot,0.14350366592407227,0.0016818046569824219
algerian_forest_fires_46279,simpleimputer,ordinalencoder,kernel_pca,standard,HistGradientBoostingClassifier(random_state=0),3,1.0,,No using Simple Imputer,No using Ordinal Hot,0.1319139003753662,0.0016248226165771484
algerian_forest_fires_46279,simpleimputer,ordinalencoder,kernel_pca,standard,HistGradientBoostingClassifier(random_state=0),4,0.9375,,No using Simple Imputer,No using Ordinal Hot,0.153517484664917,0.002214193344116211
algerian_forest_fires_46279,simpleimputer,ordinalencoder,,minmax,HistGradientBoostingClassifier(random_state=0),0,0.9795918367346939,,No using Simple Imputer,No using Ordinal Hot,0.08375835418701172,0.0016210079193115234
algerian_forest_fires_46279,simpleimputer,ordinalencoder,,minmax,HistGradientBoostingClassifier(random_state=0),1,0.9795918367346939,,No using Simple Imputer,No using Ordinal Hot,0.08043026924133301,0.0018503665924072266
algerian_forest_fires_46279,simpleimputer,ordinalencoder,,minmax,HistGradientBoostingClassifier(random_state=0),2,0.9795918367346939,,No using Simple Imputer,No using Ordinal Hot,0.0989682674407959,0.0021514892578125
algerian_forest_fires_46279,simpleimputer,ordinalencoder,,minmax,HistGradientBoostingClassifier(random_state=0),3,1.0,,No using Simple Imputer,No using Ordinal Hot,0.08805418014526367,0.0019330978393554688
algerian_forest_fires_46279,simpleimputer,ordinalencoder,,minmax,HistGradientBoostingClassifier(random_state=0),4,0.9583333333333334,,No using Simple Imputer,No using Ordinal Hot,0.09411263465881348,0.0022051334381103516
algerian_forest_fires_46279,simpleimputer,ordinalencoder,pca,minmax,HistGradientBoostingClassifier(random_state=0),0,0.9183673469387755,,No using Simple Imputer,No using Ordinal Hot,0.09429478645324707,0.0021474361419677734
algerian_forest_fires_46279,simpleimputer,ordinalencoder,pca,minmax,HistGradientBoostingClassifier(random_state=0),1,0.9387755102040817,,No using Simple Imputer,No using Ordinal Hot,0.08112716674804688,0.0018527507781982422
algerian_forest_fires_46279,simpleimputer,ordinalencoder,pca,minmax,HistGradientBoostingClassifier(random_state=0),2,0.9183673469387755,,No using Simple Imputer,No using Ordinal Hot,0.08492088317871094,0.0016753673553466797
algerian_forest_fires_46279,simpleimputer,ordinalencoder,pca,minmax,HistGradientBoostingClassifier(random_state=0),3,0.9583333333333334,,No using Simple Imputer,No using Ordinal Hot,0.08193111419677734,0.0016827583312988281
algerian_forest_fires_46279,simpleimputer,ordinalencoder,pca,minmax,HistGradientBoostingClassifier(random_state=0),4,0.9583333333333334,,No using Simple Imputer,No using Ordinal Hot,0.08529043197631836,0.002206563949584961
algerian_forest_fires_46279,simpleimputer,ordinalencoder,fastica,minmax,HistGradientBoostingClassifier(random_state=0),0,0.8163265306122449,,No using Simple Imputer,No using Ordinal Hot,0.08973240852355957,0.002130270004272461
algerian_forest_fires_46279,simpleimputer,ordinalencoder,fastica,minmax,HistGradientBoostingClassifier(random_state=0),1,0.8571428571428571,,No using Simple Imputer,No using Ordinal Hot,0.07192134857177734,0.0018126964569091797
algerian_forest_fires_46279,simpleimputer,ordinalencoder,fastica,minmax,HistGradientBoostingClassifier(random_state=0),2,0.7551020408163265,,No using Simple Imputer,No using Ordinal Hot,0.09075140953063965,0.0018591880798339844
algerian_forest_fires_46279,simpleimputer,ordinalencoder,fastica,minmax,HistGradientBoostingClassifier(random_state=0),3,0.8958333333333334,,No using Simple Imputer,No using Ordinal Hot,0.07964563369750977,0.0017998218536376953
algerian_forest_fires_46279,simpleimputer,ordinalencoder,fastica,minmax,HistGradientBoostingClassifier(random_state=0),4,0.8958333333333334,,No using Simple Imputer,No using Ordinal Hot,0.08081936836242676,0.0021550655364990234
algerian_forest_fires_46279,simpleimputer,ordinalencoder,truncated_svd,minmax,HistGradientBoostingClassifier(random_state=0),0,0.8163265306122449,,No using Simple Imputer,No using Ordinal Hot,0.0792384147644043,0.0019428730010986328
algerian_forest_fires_46279,simpleimputer,ordinalencoder,truncated_svd,minmax,HistGradientBoostingClassifier(random_state=0),1,0.8571428571428571,,No using Simple Imputer,No using Ordinal Hot,0.0836939811706543,0.0019197463989257812
algerian_forest_fires_46279,simpleimputer,ordinalencoder,truncated_svd,minmax,HistGradientBoostingClassifier(random_state=0),2,0.8367346938775511,,No using Simple Imputer,No using Ordinal Hot,0.07277560234069824,0.0018193721771240234
algerian_forest_fires_46279,simpleimputer,ordinalencoder,truncated_svd,minmax,HistGradientBoostingClassifier(random_state=0),3,0.8541666666666666,,No using Simple Imputer,No using Ordinal Hot,0.08534812927246094,0.0021109580993652344
algerian_forest_fires_46279,simpleimputer,ordinalencoder,truncated_svd,minmax,HistGradientBoostingClassifier(random_state=0),4,0.8541666666666666,,No using Simple Imputer,No using Ordinal Hot,0.08260250091552734,0.0019483566284179688
algerian_forest_fires_46279,simpleimputer,ordinalencoder,select_percentile,minmax,HistGradientBoostingClassifier(random_state=0),0,1.0,,No using Simple Imputer,No using Ordinal Hot,0.09080719947814941,0.002178668975830078
algerian_forest_fires_46279,simpleimputer,ordinalencoder,select_percentile,minmax,HistGradientBoostingClassifier(random_state=0),1,0.9795918367346939,,No using Simple Imputer,No using Ordinal Hot,0.08384537696838379,0.0022041797637939453
algerian_forest_fires_46279,simpleimputer,ordinalencoder,select_percentile,minmax,HistGradientBoostingClassifier(random_state=0),2,1.0,,No using Simple Imputer,No using Ordinal Hot,0.07738304138183594,0.0016069412231445312
algerian_forest_fires_46279,simpleimputer,ordinalencoder,select_percentile,minmax,HistGradientBoostingClassifier(random_state=0),3,0.9791666666666666,,No using Simple Imputer,No using Ordinal Hot,0.08022618293762207,0.0017058849334716797
algerian_forest_fires_46279,simpleimputer,ordinalencoder,select_percentile,minmax,HistGradientBoostingClassifier(random_state=0),4,0.9375,,No using Simple Imputer,No using Ordinal Hot,0.08352947235107422,0.0021371841430664062
algerian_forest_fires_46279,simpleimputer,ordinalencoder,generic_univariate,minmax,HistGradientBoostingClassifier(random_state=0),0,0.9795918367346939,,No using Simple Imputer,No using Ordinal Hot,0.07264280319213867,0.002081632614135742
algerian_forest_fires_46279,simpleimputer,ordinalencoder,generic_univariate,minmax,HistGradientBoostingClassifier(random_state=0),1,0.9795918367346939,,No using Simple Imputer,No using Ordinal Hot,0.07650279998779297,0.0018763542175292969
algerian_forest_fires_46279,simpleimputer,ordinalencoder,generic_univariate,minmax,HistGradientBoostingClassifier(random_state=0),2,0.9795918367346939,,No using Simple Imputer,No using Ordinal Hot,0.06640458106994629,0.001993417739868164
algerian_forest_fires_46279,simpleimputer,ordinalencoder,generic_univariate,minmax,HistGradientBoostingClassifier(random_state=0),3,0.9583333333333334,,No using Simple Imputer,No using Ordinal Hot,0.0645759105682373,0.0019991397857666016
algerian_forest_fires_46279,simpleimputer,ordinalencoder,generic_univariate,minmax,HistGradientBoostingClassifier(random_state=0),4,0.9791666666666666,,No using Simple Imputer,No using Ordinal Hot,0.07343196868896484,0.0019965171813964844
algerian_forest_fires_46279,simpleimputer,ordinalencoder,polynomial_features,minmax,HistGradientBoostingClassifier(random_state=0),0,0.9591836734693877,,No using Simple Imputer,No using Ordinal Hot,0.12249350547790527,0.0018720626831054688
algerian_forest_fires_46279,simpleimputer,ordinalencoder,polynomial_features,minmax,HistGradientBoostingClassifier(random_state=0),1,0.9795918367346939,,No using Simple Imputer,No using Ordinal Hot,0.11065006256103516,0.0021626949310302734
algerian_forest_fires_46279,simpleimputer,ordinalencoder,polynomial_features,minmax,HistGradientBoostingClassifier(random_state=0),2,0.9795918367346939,,No using Simple Imputer,No using Ordinal Hot,0.11358213424682617,0.0021317005157470703
algerian_forest_fires_46279,simpleimputer,ordinalencoder,polynomial_features,minmax,HistGradientBoostingClassifier(random_state=0),3,1.0,,No using Simple Imputer,No using Ordinal Hot,0.12404227256774902,0.002166271209716797
algerian_forest_fires_46279,simpleimputer,ordinalencoder,polynomial_features,minmax,HistGradientBoostingClassifier(random_state=0),4,0.9583333333333334,,No using Simple Imputer,No using Ordinal Hot,0.11870360374450684,0.002123594284057617
algerian_forest_fires_46279,simpleimputer,ordinalencoder,nystroem,minmax,HistGradientBoostingClassifier(random_state=0),0,0.8979591836734694,,No using Simple Imputer,No using Ordinal Hot,0.18737459182739258,0.0016703605651855469
algerian_forest_fires_46279,simpleimputer,ordinalencoder,nystroem,minmax,HistGradientBoostingClassifier(random_state=0),1,0.9387755102040817,,No using Simple Imputer,No using Ordinal Hot,0.15986037254333496,0.002003192901611328
algerian_forest_fires_46279,simpleimputer,ordinalencoder,nystroem,minmax,HistGradientBoostingClassifier(random_state=0),2,0.9387755102040817,,No using Simple Imputer,No using Ordinal Hot,0.13330936431884766,0.0019021034240722656
algerian_forest_fires_46279,simpleimputer,ordinalencoder,nystroem,minmax,HistGradientBoostingClassifier(random_state=0),3,0.9583333333333334,,No using Simple Imputer,No using Ordinal Hot,0.16891241073608398,0.0018157958984375
algerian_forest_fires_46279,simpleimputer,ordinalencoder,nystroem,minmax,HistGradientBoostingClassifier(random_state=0),4,0.9375,,No using Simple Imputer,No using Ordinal Hot,0.13856720924377441,0.002269744873046875
algerian_forest_fires_46279,simpleimputer,ordinalencoder,rbf_sampler,minmax,HistGradientBoostingClassifier(random_state=0),0,0.9795918367346939,,No using Simple Imputer,No using Ordinal Hot,0.10500812530517578,0.0021479129791259766
algerian_forest_fires_46279,simpleimputer,ordinalencoder,rbf_sampler,minmax,HistGradientBoostingClassifier(random_state=0),1,1.0,,No using Simple Imputer,No using Ordinal Hot,0.10962533950805664,0.002485990524291992
algerian_forest_fires_46279,simpleimputer,ordinalencoder,rbf_sampler,minmax,HistGradientBoostingClassifier(random_state=0),2,0.9387755102040817,,No using Simple Imputer,No using Ordinal Hot,0.1152486801147461,0.0024178028106689453
algerian_forest_fires_46279,simpleimputer,ordinalencoder,rbf_sampler,minmax,HistGradientBoostingClassifier(random_state=0),3,0.9583333333333334,,No using Simple Imputer,No using Ordinal Hot,0.125990629196167,0.003268003463745117
algerian_forest_fires_46279,simpleimputer,ordinalencoder,rbf_sampler,minmax,HistGradientBoostingClassifier(random_state=0),4,0.9375,,No using Simple Imputer,No using Ordinal Hot,0.13017797470092773,0.002251863479614258
algerian_forest_fires_46279,simpleimputer,ordinalencoder,random_trees_embedding,minmax,HistGradientBoostingClassifier(random_state=0),0,,"Erro na combinação 2636 - Imputer: simpleimputer, Categorização: ordinalencoder, Seleção de Feature: random_trees_embedding, Scaler: minmax, Fold: 0 - Exception: Sparse data was passed for X, but dense data is required. Use '.toarray()' to convert to a dense numpy array.",No using Simple Imputer,No using Ordinal Hot,0.13017797470092773,0.002251863479614258
algerian_forest_fires_46279,simpleimputer,ordinalencoder,random_trees_embedding,minmax,HistGradientBoostingClassifier(random_state=0),1,,"Erro na combinação 2637 - Imputer: simpleimputer, Categorização: ordinalencoder, Seleção de Feature: random_trees_embedding, Scaler: minmax, Fold: 1 - Exception: Sparse data was passed for X, but dense data is required. Use '.toarray()' to convert to a dense numpy array.",No using Simple Imputer,No using Ordinal Hot,0.13017797470092773,0.002251863479614258
algerian_forest_fires_46279,simpleimputer,ordinalencoder,random_trees_embedding,minmax,HistGradientBoostingClassifier(random_state=0),2,,"Erro na combinação 2638 - Imputer: simpleimputer, Categorização: ordinalencoder, Seleção de Feature: random_trees_embedding, Scaler: minmax, Fold: 2 - Exception: Sparse data was passed for X, but dense data is required. Use '.toarray()' to convert to a dense numpy array.",No using Simple Imputer,No using Ordinal Hot,0.13017797470092773,0.002251863479614258
algerian_forest_fires_46279,simpleimputer,ordinalencoder,random_trees_embedding,minmax,HistGradientBoostingClassifier(random_state=0),3,,"Erro na combinação 2639 - Imputer: simpleimputer, Categorização: ordinalencoder, Seleção de Feature: random_trees_embedding, Scaler: minmax, Fold: 3 - Exception: Sparse data was passed for X, but dense data is required. Use '.toarray()' to convert to a dense numpy array.",No using Simple Imputer,No using Ordinal Hot,0.13017797470092773,0.002251863479614258
algerian_forest_fires_46279,simpleimputer,ordinalencoder,random_trees_embedding,minmax,HistGradientBoostingClassifier(random_state=0),4,,"Erro na combinação 2640 - Imputer: simpleimputer, Categorização: ordinalencoder, Seleção de Feature: random_trees_embedding, Scaler: minmax, Fold: 4 - Exception: Sparse data was passed for X, but dense data is required. Use '.toarray()' to convert to a dense numpy array.",No using Simple Imputer,No using Ordinal Hot,0.13017797470092773,0.002251863479614258
algerian_forest_fires_46279,simpleimputer,ordinalencoder,feature_agglomeration,minmax,HistGradientBoostingClassifier(random_state=0),0,0.8367346938775511,,No using Simple Imputer,No using Ordinal Hot,0.08472084999084473,0.0021779537200927734
algerian_forest_fires_46279,simpleimputer,ordinalencoder,feature_agglomeration,minmax,HistGradientBoostingClassifier(random_state=0),1,0.8979591836734694,,No using Simple Imputer,No using Ordinal Hot,0.1139681339263916,0.002143383026123047
algerian_forest_fires_46279,simpleimputer,ordinalencoder,feature_agglomeration,minmax,HistGradientBoostingClassifier(random_state=0),2,0.8571428571428571,,No using Simple Imputer,No using Ordinal Hot,0.08515739440917969,0.003165006637573242
algerian_forest_fires_46279,simpleimputer,ordinalencoder,feature_agglomeration,minmax,HistGradientBoostingClassifier(random_state=0),3,0.8333333333333334,,No using Simple Imputer,No using Ordinal Hot,0.09812259674072266,0.0019104480743408203
algerian_forest_fires_46279,simpleimputer,ordinalencoder,feature_agglomeration,minmax,HistGradientBoostingClassifier(random_state=0),4,0.9166666666666666,,No using Simple Imputer,No using Ordinal Hot,0.07636642456054688,0.0017137527465820312
algerian_forest_fires_46279,simpleimputer,ordinalencoder,extra_tree,minmax,HistGradientBoostingClassifier(random_state=0),0,0.9795918367346939,,No using Simple Imputer,No using Ordinal Hot,0.09175467491149902,0.002084016799926758
algerian_forest_fires_46279,simpleimputer,ordinalencoder,extra_tree,minmax,HistGradientBoostingClassifier(random_state=0),1,0.9795918367346939,,No using Simple Imputer,No using Ordinal Hot,0.11160564422607422,0.002101898193359375
algerian_forest_fires_46279,simpleimputer,ordinalencoder,extra_tree,minmax,HistGradientBoostingClassifier(random_state=0),2,0.9795918367346939,,No using Simple Imputer,No using Ordinal Hot,0.07929253578186035,0.0016145706176757812
algerian_forest_fires_46279,simpleimputer,ordinalencoder,extra_tree,minmax,HistGradientBoostingClassifier(random_state=0),3,0.9583333333333334,,No using Simple Imputer,No using Ordinal Hot,0.0872030258178711,0.0018334388732910156
algerian_forest_fires_46279,simpleimputer,ordinalencoder,extra_tree,minmax,HistGradientBoostingClassifier(random_state=0),4,0.9375,,No using Simple Imputer,No using Ordinal Hot,0.09263324737548828,0.0022695064544677734
algerian_forest_fires_46279,simpleimputer,ordinalencoder,linear_svc,minmax,HistGradientBoostingClassifier(random_state=0),0,1.0,,No using Simple Imputer,No using Ordinal Hot,0.11044621467590332,0.0021703243255615234
algerian_forest_fires_46279,simpleimputer,ordinalencoder,linear_svc,minmax,HistGradientBoostingClassifier(random_state=0),1,0.9795918367346939,,No using Simple Imputer,No using Ordinal Hot,0.0984189510345459,0.0017347335815429688
algerian_forest_fires_46279,simpleimputer,ordinalencoder,linear_svc,minmax,HistGradientBoostingClassifier(random_state=0),2,0.9795918367346939,,No using Simple Imputer,No using Ordinal Hot,0.08105754852294922,0.0017242431640625
algerian_forest_fires_46279,simpleimputer,ordinalencoder,linear_svc,minmax,HistGradientBoostingClassifier(random_state=0),3,0.9791666666666666,,No using Simple Imputer,No using Ordinal Hot,0.08934307098388672,0.0019338130950927734
algerian_forest_fires_46279,simpleimputer,ordinalencoder,linear_svc,minmax,HistGradientBoostingClassifier(random_state=0),4,0.9375,,No using Simple Imputer,No using Ordinal Hot,0.08234024047851562,0.8920698165893555
algerian_forest_fires_46279,simpleimputer,ordinalencoder,kernel_pca,minmax,HistGradientBoostingClassifier(random_state=0),0,0.9183673469387755,,No using Simple Imputer,No using Ordinal Hot,0.16188359260559082,0.002329587936401367
algerian_forest_fires_46279,simpleimputer,ordinalencoder,kernel_pca,minmax,HistGradientBoostingClassifier(random_state=0),1,0.9591836734693877,,No using Simple Imputer,No using Ordinal Hot,0.13755106925964355,0.002158641815185547
algerian_forest_fires_46279,simpleimputer,ordinalencoder,kernel_pca,minmax,HistGradientBoostingClassifier(random_state=0),2,0.8979591836734694,,No using Simple Imputer,No using Ordinal Hot,0.13185763359069824,0.0016651153564453125
algerian_forest_fires_46279,simpleimputer,ordinalencoder,kernel_pca,minmax,HistGradientBoostingClassifier(random_state=0),3,0.9583333333333334,,No using Simple Imputer,No using Ordinal Hot,0.13959932327270508,0.002157926559448242
algerian_forest_fires_46279,simpleimputer,ordinalencoder,kernel_pca,minmax,HistGradientBoostingClassifier(random_state=0),4,0.9375,,No using Simple Imputer,No using Ordinal Hot,0.12860488891601562,0.0020568370819091797
algerian_forest_fires_46279,simpleimputer,ordinalencoder,,robust,HistGradientBoostingClassifier(random_state=0),0,0.9795918367346939,,No using Simple Imputer,No using Ordinal Hot,0.08703327178955078,0.0023326873779296875
algerian_forest_fires_46279,simpleimputer,ordinalencoder,,robust,HistGradientBoostingClassifier(random_state=0),1,0.9795918367346939,,No using Simple Imputer,No using Ordinal Hot,0.08540987968444824,0.0017368793487548828
algerian_forest_fires_46279,simpleimputer,ordinalencoder,,robust,HistGradientBoostingClassifier(random_state=0),2,0.9795918367346939,,No using Simple Imputer,No using Ordinal Hot,0.08324813842773438,0.0021276473999023438
algerian_forest_fires_46279,simpleimputer,ordinalencoder,,robust,HistGradientBoostingClassifier(random_state=0),3,1.0,,No using Simple Imputer,No using Ordinal Hot,0.09452128410339355,0.0021424293518066406
algerian_forest_fires_46279,simpleimputer,ordinalencoder,,robust,HistGradientBoostingClassifier(random_state=0),4,0.9583333333333334,,No using Simple Imputer,No using Ordinal Hot,0.08998870849609375,0.0021109580993652344
algerian_forest_fires_46279,simpleimputer,ordinalencoder,pca,robust,HistGradientBoostingClassifier(random_state=0),0,0.8571428571428571,,No using Simple Imputer,No using Ordinal Hot,0.07976222038269043,0.0021719932556152344
algerian_forest_fires_46279,simpleimputer,ordinalencoder,pca,robust,HistGradientBoostingClassifier(random_state=0),1,0.9795918367346939,,No using Simple Imputer,No using Ordinal Hot,0.08759140968322754,0.0016756057739257812
algerian_forest_fires_46279,simpleimputer,ordinalencoder,pca,robust,HistGradientBoostingClassifier(random_state=0),2,0.8775510204081632,,No using Simple Imputer,No using Ordinal Hot,0.08323144912719727,0.0019714832305908203
algerian_forest_fires_46279,simpleimputer,ordinalencoder,pca,robust,HistGradientBoostingClassifier(random_state=0),3,0.9166666666666666,,No using Simple Imputer,No using Ordinal Hot,0.08600115776062012,0.0020956993103027344
algerian_forest_fires_46279,simpleimputer,ordinalencoder,pca,robust,HistGradientBoostingClassifier(random_state=0),4,0.9166666666666666,,No using Simple Imputer,No using Ordinal Hot,0.09237480163574219,0.0020341873168945312
algerian_forest_fires_46279,simpleimputer,ordinalencoder,fastica,robust,HistGradientBoostingClassifier(random_state=0),0,0.8163265306122449,,No using Simple Imputer,No using Ordinal Hot,0.07522344589233398,0.0022482872009277344
algerian_forest_fires_46279,simpleimputer,ordinalencoder,fastica,robust,HistGradientBoostingClassifier(random_state=0),1,0.6326530612244898,,No using Simple Imputer,No using Ordinal Hot,0.07789015769958496,0.0016667842864990234
algerian_forest_fires_46279,simpleimputer,ordinalencoder,fastica,robust,HistGradientBoostingClassifier(random_state=0),2,0.5510204081632653,,No using Simple Imputer,No using Ordinal Hot,0.08168506622314453,0.0015921592712402344
algerian_forest_fires_46279,simpleimputer,ordinalencoder,fastica,robust,HistGradientBoostingClassifier(random_state=0),3,0.875,,No using Simple Imputer,No using Ordinal Hot,0.09124898910522461,0.0020339488983154297
algerian_forest_fires_46279,simpleimputer,ordinalencoder,fastica,robust,HistGradientBoostingClassifier(random_state=0),4,0.9166666666666666,,No using Simple Imputer,No using Ordinal Hot,0.07920360565185547,0.001592397689819336
algerian_forest_fires_46279,simpleimputer,ordinalencoder,truncated_svd,robust,HistGradientBoostingClassifier(random_state=0),0,0.8367346938775511,,No using Simple Imputer,No using Ordinal Hot,0.08267569541931152,0.0021457672119140625
algerian_forest_fires_46279,simpleimputer,ordinalencoder,truncated_svd,robust,HistGradientBoostingClassifier(random_state=0),1,0.8979591836734694,,No using Simple Imputer,No using Ordinal Hot,0.07652425765991211,0.002115488052368164
algerian_forest_fires_46279,simpleimputer,ordinalencoder,truncated_svd,robust,HistGradientBoostingClassifier(random_state=0),2,0.8571428571428571,,No using Simple Imputer,No using Ordinal Hot,0.0894310474395752,0.0021848678588867188
algerian_forest_fires_46279,simpleimputer,ordinalencoder,truncated_svd,robust,HistGradientBoostingClassifier(random_state=0),3,0.8958333333333334,,No using Simple Imputer,No using Ordinal Hot,0.08684945106506348,0.001604318618774414
algerian_forest_fires_46279,simpleimputer,ordinalencoder,truncated_svd,robust,HistGradientBoostingClassifier(random_state=0),4,0.9375,,No using Simple Imputer,No using Ordinal Hot,0.07750582695007324,0.0021162033081054688
algerian_forest_fires_46279,simpleimputer,ordinalencoder,select_percentile,robust,HistGradientBoostingClassifier(random_state=0),0,1.0,,No using Simple Imputer,No using Ordinal Hot,0.08719277381896973,0.0016779899597167969
algerian_forest_fires_46279,simpleimputer,ordinalencoder,select_percentile,robust,HistGradientBoostingClassifier(random_state=0),1,0.9795918367346939,,No using Simple Imputer,No using Ordinal Hot,0.09169244766235352,0.0018494129180908203
algerian_forest_fires_46279,simpleimputer,ordinalencoder,select_percentile,robust,HistGradientBoostingClassifier(random_state=0),2,1.0,,No using Simple Imputer,No using Ordinal Hot,0.0703885555267334,0.0016226768493652344
algerian_forest_fires_46279,simpleimputer,ordinalencoder,select_percentile,robust,HistGradientBoostingClassifier(random_state=0),3,0.9791666666666666,,No using Simple Imputer,No using Ordinal Hot,0.06866693496704102,0.0017254352569580078
algerian_forest_fires_46279,simpleimputer,ordinalencoder,select_percentile,robust,HistGradientBoostingClassifier(random_state=0),4,0.9375,,No using Simple Imputer,No using Ordinal Hot,0.08061480522155762,0.0020668506622314453
algerian_forest_fires_46279,simpleimputer,ordinalencoder,generic_univariate,robust,HistGradientBoostingClassifier(random_state=0),0,0.9795918367346939,,No using Simple Imputer,No using Ordinal Hot,0.07924103736877441,0.0021212100982666016
algerian_forest_fires_46279,simpleimputer,ordinalencoder,generic_univariate,robust,HistGradientBoostingClassifier(random_state=0),1,0.9795918367346939,,No using Simple Imputer,No using Ordinal Hot,0.08016085624694824,0.0022039413452148438
algerian_forest_fires_46279,simpleimputer,ordinalencoder,generic_univariate,robust,HistGradientBoostingClassifier(random_state=0),2,0.9795918367346939,,No using Simple Imputer,No using Ordinal Hot,0.06532049179077148,0.0016045570373535156
algerian_forest_fires_46279,simpleimputer,ordinalencoder,generic_univariate,robust,HistGradientBoostingClassifier(random_state=0),3,0.9583333333333334,,No using Simple Imputer,No using Ordinal Hot,0.0707101821899414,0.002154111862182617
algerian_forest_fires_46279,simpleimputer,ordinalencoder,generic_univariate,robust,HistGradientBoostingClassifier(random_state=0),4,0.9791666666666666,,No using Simple Imputer,No using Ordinal Hot,0.06391310691833496,0.0016713142395019531
algerian_forest_fires_46279,simpleimputer,ordinalencoder,polynomial_features,robust,HistGradientBoostingClassifier(random_state=0),0,0.9591836734693877,,No using Simple Imputer,No using Ordinal Hot,0.1099400520324707,0.001804351806640625
algerian_forest_fires_46279,simpleimputer,ordinalencoder,polynomial_features,robust,HistGradientBoostingClassifier(random_state=0),1,0.9795918367346939,,No using Simple Imputer,No using Ordinal Hot,0.11973404884338379,0.0020737648010253906
algerian_forest_fires_46279,simpleimputer,ordinalencoder,polynomial_features,robust,HistGradientBoostingClassifier(random_state=0),2,0.9795918367346939,,No using Simple Imputer,No using Ordinal Hot,0.12253880500793457,0.0021677017211914062
algerian_forest_fires_46279,simpleimputer,ordinalencoder,polynomial_features,robust,HistGradientBoostingClassifier(random_state=0),3,0.9583333333333334,,No using Simple Imputer,No using Ordinal Hot,0.1174159049987793,0.0018711090087890625
algerian_forest_fires_46279,simpleimputer,ordinalencoder,polynomial_features,robust,HistGradientBoostingClassifier(random_state=0),4,0.9375,,No using Simple Imputer,No using Ordinal Hot,0.11718916893005371,0.002080678939819336
algerian_forest_fires_46279,simpleimputer,ordinalencoder,nystroem,robust,HistGradientBoostingClassifier(random_state=0),0,0.8979591836734694,,No using Simple Imputer,No using Ordinal Hot,0.14502954483032227,0.0022470951080322266
algerian_forest_fires_46279,simpleimputer,ordinalencoder,nystroem,robust,HistGradientBoostingClassifier(random_state=0),1,0.9387755102040817,,No using Simple Imputer,No using Ordinal Hot,0.15785789489746094,0.0020132064819335938
algerian_forest_fires_46279,simpleimputer,ordinalencoder,nystroem,robust,HistGradientBoostingClassifier(random_state=0),2,0.8571428571428571,,No using Simple Imputer,No using Ordinal Hot,0.17221403121948242,0.0022149085998535156
algerian_forest_fires_46279,simpleimputer,ordinalencoder,nystroem,robust,HistGradientBoostingClassifier(random_state=0),3,0.9583333333333334,,No using Simple Imputer,No using Ordinal Hot,0.1507563591003418,0.001813650131225586
algerian_forest_fires_46279,simpleimputer,ordinalencoder,nystroem,robust,HistGradientBoostingClassifier(random_state=0),4,0.8958333333333334,,No using Simple Imputer,No using Ordinal Hot,0.1887052059173584,0.002129077911376953
algerian_forest_fires_46279,simpleimputer,ordinalencoder,rbf_sampler,robust,HistGradientBoostingClassifier(random_state=0),0,0.7551020408163265,,No using Simple Imputer,No using Ordinal Hot,0.10406994819641113,0.002249002456665039
algerian_forest_fires_46279,simpleimputer,ordinalencoder,rbf_sampler,robust,HistGradientBoostingClassifier(random_state=0),1,0.8163265306122449,,No using Simple Imputer,No using Ordinal Hot,0.09415197372436523,0.001722097396850586
algerian_forest_fires_46279,simpleimputer,ordinalencoder,rbf_sampler,robust,HistGradientBoostingClassifier(random_state=0),2,0.7346938775510204,,No using Simple Imputer,No using Ordinal Hot,0.10558319091796875,0.002000570297241211
algerian_forest_fires_46279,simpleimputer,ordinalencoder,rbf_sampler,robust,HistGradientBoostingClassifier(random_state=0),3,0.8125,,No using Simple Imputer,No using Ordinal Hot,0.09928464889526367,0.002136707305908203
algerian_forest_fires_46279,simpleimputer,ordinalencoder,rbf_sampler,robust,HistGradientBoostingClassifier(random_state=0),4,0.75,,No using Simple Imputer,No using Ordinal Hot,0.10259222984313965,0.0016243457794189453
algerian_forest_fires_46279,simpleimputer,ordinalencoder,random_trees_embedding,robust,HistGradientBoostingClassifier(random_state=0),0,,"Erro na combinação 2706 - Imputer: simpleimputer, Categorização: ordinalencoder, Seleção de Feature: random_trees_embedding, Scaler: robust, Fold: 0 - Exception: Sparse data was passed for X, but dense data is required. Use '.toarray()' to convert to a dense numpy array.",No using Simple Imputer,No using Ordinal Hot,0.10259222984313965,0.0016243457794189453
algerian_forest_fires_46279,simpleimputer,ordinalencoder,random_trees_embedding,robust,HistGradientBoostingClassifier(random_state=0),1,,"Erro na combinação 2707 - Imputer: simpleimputer, Categorização: ordinalencoder, Seleção de Feature: random_trees_embedding, Scaler: robust, Fold: 1 - Exception: Sparse data was passed for X, but dense data is required. Use '.toarray()' to convert to a dense numpy array.",No using Simple Imputer,No using Ordinal Hot,0.10259222984313965,0.0016243457794189453
algerian_forest_fires_46279,simpleimputer,ordinalencoder,random_trees_embedding,robust,HistGradientBoostingClassifier(random_state=0),2,,"Erro na combinação 2708 - Imputer: simpleimputer, Categorização: ordinalencoder, Seleção de Feature: random_trees_embedding, Scaler: robust, Fold: 2 - Exception: Sparse data was passed for X, but dense data is required. Use '.toarray()' to convert to a dense numpy array.",No using Simple Imputer,No using Ordinal Hot,0.10259222984313965,0.0016243457794189453
algerian_forest_fires_46279,simpleimputer,ordinalencoder,random_trees_embedding,robust,HistGradientBoostingClassifier(random_state=0),3,,"Erro na combinação 2709 - Imputer: simpleimputer, Categorização: ordinalencoder, Seleção de Feature: random_trees_embedding, Scaler: robust, Fold: 3 - Exception: Sparse data was passed for X, but dense data is required. Use '.toarray()' to convert to a dense numpy array.",No using Simple Imputer,No using Ordinal Hot,0.10259222984313965,0.0016243457794189453
algerian_forest_fires_46279,simpleimputer,ordinalencoder,random_trees_embedding,robust,HistGradientBoostingClassifier(random_state=0),4,,"Erro na combinação 2710 - Imputer: simpleimputer, Categorização: ordinalencoder, Seleção de Feature: random_trees_embedding, Scaler: robust, Fold: 4 - Exception: Sparse data was passed for X, but dense data is required. Use '.toarray()' to convert to a dense numpy array.",No using Simple Imputer,No using Ordinal Hot,0.10259222984313965,0.0016243457794189453
algerian_forest_fires_46279,simpleimputer,ordinalencoder,feature_agglomeration,robust,HistGradientBoostingClassifier(random_state=0),0,0.7346938775510204,,No using Simple Imputer,No using Ordinal Hot,0.07810616493225098,0.0018427371978759766
algerian_forest_fires_46279,simpleimputer,ordinalencoder,feature_agglomeration,robust,HistGradientBoostingClassifier(random_state=0),1,0.8571428571428571,,No using Simple Imputer,No using Ordinal Hot,0.07935738563537598,0.0020797252655029297
algerian_forest_fires_46279,simpleimputer,ordinalencoder,feature_agglomeration,robust,HistGradientBoostingClassifier(random_state=0),2,0.8979591836734694,,No using Simple Imputer,No using Ordinal Hot,0.06945538520812988,0.002117633819580078
algerian_forest_fires_46279,simpleimputer,ordinalencoder,feature_agglomeration,robust,HistGradientBoostingClassifier(random_state=0),3,0.8958333333333334,,No using Simple Imputer,No using Ordinal Hot,0.08353710174560547,0.002148866653442383
algerian_forest_fires_46279,simpleimputer,ordinalencoder,feature_agglomeration,robust,HistGradientBoostingClassifier(random_state=0),4,0.9375,,No using Simple Imputer,No using Ordinal Hot,0.08095097541809082,0.0021467208862304688
algerian_forest_fires_46279,simpleimputer,ordinalencoder,extra_tree,robust,HistGradientBoostingClassifier(random_state=0),0,0.9795918367346939,,No using Simple Imputer,No using Ordinal Hot,0.08317375183105469,0.0017445087432861328
algerian_forest_fires_46279,simpleimputer,ordinalencoder,extra_tree,robust,HistGradientBoostingClassifier(random_state=0),1,0.9795918367346939,,No using Simple Imputer,No using Ordinal Hot,0.08323144912719727,0.002226591110229492
algerian_forest_fires_46279,simpleimputer,ordinalencoder,extra_tree,robust,HistGradientBoostingClassifier(random_state=0),2,0.9795918367346939,,No using Simple Imputer,No using Ordinal Hot,0.09219741821289062,0.0018696784973144531
algerian_forest_fires_46279,simpleimputer,ordinalencoder,extra_tree,robust,HistGradientBoostingClassifier(random_state=0),3,0.9583333333333334,,No using Simple Imputer,No using Ordinal Hot,0.08099102973937988,0.0017707347869873047
algerian_forest_fires_46279,simpleimputer,ordinalencoder,extra_tree,robust,HistGradientBoostingClassifier(random_state=0),4,0.9375,,No using Simple Imputer,No using Ordinal Hot,0.07832884788513184,0.0016262531280517578
algerian_forest_fires_46279,simpleimputer,ordinalencoder,linear_svc,robust,HistGradientBoostingClassifier(random_state=0),0,1.0,,No using Simple Imputer,No using Ordinal Hot,0.07982802391052246,0.0016438961029052734
algerian_forest_fires_46279,simpleimputer,ordinalencoder,linear_svc,robust,HistGradientBoostingClassifier(random_state=0),1,0.9795918367346939,,No using Simple Imputer,No using Ordinal Hot,0.0833888053894043,0.002101898193359375
algerian_forest_fires_46279,simpleimputer,ordinalencoder,linear_svc,robust,HistGradientBoostingClassifier(random_state=0),2,0.9591836734693877,,No using Simple Imputer,No using Ordinal Hot,0.08167695999145508,0.0017058849334716797
algerian_forest_fires_46279,simpleimputer,ordinalencoder,linear_svc,robust,HistGradientBoostingClassifier(random_state=0),3,0.9583333333333334,,No using Simple Imputer,No using Ordinal Hot,0.09769344329833984,0.0021283626556396484
algerian_forest_fires_46279,simpleimputer,ordinalencoder,linear_svc,robust,HistGradientBoostingClassifier(random_state=0),4,0.9375,,No using Simple Imputer,No using Ordinal Hot,0.08605670928955078,0.001726388931274414
algerian_forest_fires_46279,simpleimputer,ordinalencoder,kernel_pca,robust,HistGradientBoostingClassifier(random_state=0),0,0.8571428571428571,,No using Simple Imputer,No using Ordinal Hot,0.12937545776367188,0.0021619796752929688
algerian_forest_fires_46279,simpleimputer,ordinalencoder,kernel_pca,robust,HistGradientBoostingClassifier(random_state=0),1,0.9795918367346939,,No using Simple Imputer,No using Ordinal Hot,0.13842439651489258,0.0022902488708496094
algerian_forest_fires_46279,simpleimputer,ordinalencoder,kernel_pca,robust,HistGradientBoostingClassifier(random_state=0),2,0.8979591836734694,,No using Simple Imputer,No using Ordinal Hot,0.14626240730285645,0.001817941665649414
algerian_forest_fires_46279,simpleimputer,ordinalencoder,kernel_pca,robust,HistGradientBoostingClassifier(random_state=0),3,0.9166666666666666,,No using Simple Imputer,No using Ordinal Hot,0.14358139038085938,0.0018541812896728516
algerian_forest_fires_46279,simpleimputer,ordinalencoder,kernel_pca,robust,HistGradientBoostingClassifier(random_state=0),4,0.9375,,No using Simple Imputer,No using Ordinal Hot,0.15872454643249512,0.0020499229431152344
algerian_forest_fires_46279,simpleimputer,ordinalencoder,,normalizer,HistGradientBoostingClassifier(random_state=0),0,0.9591836734693877,,No using Simple Imputer,No using Ordinal Hot,0.08231329917907715,0.0019636154174804688
algerian_forest_fires_46279,simpleimputer,ordinalencoder,,normalizer,HistGradientBoostingClassifier(random_state=0),1,0.9795918367346939,,No using Simple Imputer,No using Ordinal Hot,0.08389163017272949,0.0020601749420166016
algerian_forest_fires_46279,simpleimputer,ordinalencoder,,normalizer,HistGradientBoostingClassifier(random_state=0),2,0.9795918367346939,,No using Simple Imputer,No using Ordinal Hot,0.09997034072875977,0.001827239990234375
algerian_forest_fires_46279,simpleimputer,ordinalencoder,,normalizer,HistGradientBoostingClassifier(random_state=0),3,1.0,,No using Simple Imputer,No using Ordinal Hot,0.0915224552154541,0.0019440650939941406
algerian_forest_fires_46279,simpleimputer,ordinalencoder,,normalizer,HistGradientBoostingClassifier(random_state=0),4,0.9583333333333334,,No using Simple Imputer,No using Ordinal Hot,0.08622431755065918,0.001890420913696289
algerian_forest_fires_46279,simpleimputer,ordinalencoder,pca,normalizer,HistGradientBoostingClassifier(random_state=0),0,0.8775510204081632,,No using Simple Imputer,No using Ordinal Hot,0.07333207130432129,0.001613616943359375
algerian_forest_fires_46279,simpleimputer,ordinalencoder,pca,normalizer,HistGradientBoostingClassifier(random_state=0),1,0.9591836734693877,,No using Simple Imputer,No using Ordinal Hot,0.07142090797424316,0.0016477108001708984
algerian_forest_fires_46279,simpleimputer,ordinalencoder,pca,normalizer,HistGradientBoostingClassifier(random_state=0),2,0.9183673469387755,,No using Simple Imputer,No using Ordinal Hot,0.0771641731262207,0.0016834735870361328
algerian_forest_fires_46279,simpleimputer,ordinalencoder,pca,normalizer,HistGradientBoostingClassifier(random_state=0),3,0.9791666666666666,,No using Simple Imputer,No using Ordinal Hot,0.08072638511657715,0.0018923282623291016
algerian_forest_fires_46279,simpleimputer,ordinalencoder,pca,normalizer,HistGradientBoostingClassifier(random_state=0),4,0.9583333333333334,,No using Simple Imputer,No using Ordinal Hot,0.07732939720153809,0.0017294883728027344
algerian_forest_fires_46279,simpleimputer,ordinalencoder,fastica,normalizer,HistGradientBoostingClassifier(random_state=0),0,0.9387755102040817,,No using Simple Imputer,No using Ordinal Hot,0.07478761672973633,0.0016713142395019531
algerian_forest_fires_46279,simpleimputer,ordinalencoder,fastica,normalizer,HistGradientBoostingClassifier(random_state=0),1,0.9387755102040817,,No using Simple Imputer,No using Ordinal Hot,0.08261418342590332,0.002064943313598633
algerian_forest_fires_46279,simpleimputer,ordinalencoder,fastica,normalizer,HistGradientBoostingClassifier(random_state=0),2,0.8367346938775511,,No using Simple Imputer,No using Ordinal Hot,0.07111763954162598,0.0017178058624267578
algerian_forest_fires_46279,simpleimputer,ordinalencoder,fastica,normalizer,HistGradientBoostingClassifier(random_state=0),3,0.8958333333333334,,No using Simple Imputer,No using Ordinal Hot,0.07922148704528809,0.001905679702758789
algerian_forest_fires_46279,simpleimputer,ordinalencoder,fastica,normalizer,HistGradientBoostingClassifier(random_state=0),4,0.875,,No using Simple Imputer,No using Ordinal Hot,0.0738523006439209,0.0016472339630126953
algerian_forest_fires_46279,simpleimputer,ordinalencoder,truncated_svd,normalizer,HistGradientBoostingClassifier(random_state=0),0,0.8367346938775511,,No using Simple Imputer,No using Ordinal Hot,0.07213497161865234,0.00176239013671875
algerian_forest_fires_46279,simpleimputer,ordinalencoder,truncated_svd,normalizer,HistGradientBoostingClassifier(random_state=0),1,0.7755102040816326,,No using Simple Imputer,No using Ordinal Hot,0.07587027549743652,0.0021283626556396484
algerian_forest_fires_46279,simpleimputer,ordinalencoder,truncated_svd,normalizer,HistGradientBoostingClassifier(random_state=0),2,0.8367346938775511,,No using Simple Imputer,No using Ordinal Hot,0.08303499221801758,0.002154827117919922
algerian_forest_fires_46279,simpleimputer,ordinalencoder,truncated_svd,normalizer,HistGradientBoostingClassifier(random_state=0),3,0.8125,,No using Simple Imputer,No using Ordinal Hot,0.07865548133850098,0.0016467571258544922
algerian_forest_fires_46279,simpleimputer,ordinalencoder,truncated_svd,normalizer,HistGradientBoostingClassifier(random_state=0),4,0.875,,No using Simple Imputer,No using Ordinal Hot,0.08692598342895508,0.0018460750579833984
algerian_forest_fires_46279,simpleimputer,ordinalencoder,select_percentile,normalizer,HistGradientBoostingClassifier(random_state=0),0,0.9795918367346939,,No using Simple Imputer,No using Ordinal Hot,0.08423709869384766,0.0021593570709228516
algerian_forest_fires_46279,simpleimputer,ordinalencoder,select_percentile,normalizer,HistGradientBoostingClassifier(random_state=0),1,0.9795918367346939,,No using Simple Imputer,No using Ordinal Hot,0.0787954330444336,0.002056598663330078
algerian_forest_fires_46279,simpleimputer,ordinalencoder,select_percentile,normalizer,HistGradientBoostingClassifier(random_state=0),2,0.9591836734693877,,No using Simple Imputer,No using Ordinal Hot,0.08531999588012695,0.0016837120056152344
algerian_forest_fires_46279,simpleimputer,ordinalencoder,select_percentile,normalizer,HistGradientBoostingClassifier(random_state=0),3,0.9791666666666666,,No using Simple Imputer,No using Ordinal Hot,0.08477473258972168,0.0017380714416503906
algerian_forest_fires_46279,simpleimputer,ordinalencoder,select_percentile,normalizer,HistGradientBoostingClassifier(random_state=0),4,0.9375,,No using Simple Imputer,No using Ordinal Hot,0.08527088165283203,0.0017592906951904297
algerian_forest_fires_46279,simpleimputer,ordinalencoder,generic_univariate,normalizer,HistGradientBoostingClassifier(random_state=0),0,0.9591836734693877,,No using Simple Imputer,No using Ordinal Hot,0.07260584831237793,0.0017445087432861328
algerian_forest_fires_46279,simpleimputer,ordinalencoder,generic_univariate,normalizer,HistGradientBoostingClassifier(random_state=0),1,0.9795918367346939,,No using Simple Imputer,No using Ordinal Hot,0.07448053359985352,0.0017774105072021484
algerian_forest_fires_46279,simpleimputer,ordinalencoder,generic_univariate,normalizer,HistGradientBoostingClassifier(random_state=0),2,0.9591836734693877,,No using Simple Imputer,No using Ordinal Hot,0.06490135192871094,0.0016820430755615234
algerian_forest_fires_46279,simpleimputer,ordinalencoder,generic_univariate,normalizer,HistGradientBoostingClassifier(random_state=0),3,0.9583333333333334,,No using Simple Imputer,No using Ordinal Hot,0.07172822952270508,0.0015285015106201172
algerian_forest_fires_46279,simpleimputer,ordinalencoder,generic_univariate,normalizer,HistGradientBoostingClassifier(random_state=0),4,0.9583333333333334,,No using Simple Imputer,No using Ordinal Hot,0.06242108345031738,0.0014884471893310547
algerian_forest_fires_46279,simpleimputer,ordinalencoder,polynomial_features,normalizer,HistGradientBoostingClassifier(random_state=0),0,0.9591836734693877,,No using Simple Imputer,No using Ordinal Hot,0.11539435386657715,0.0017628669738769531
algerian_forest_fires_46279,simpleimputer,ordinalencoder,polynomial_features,normalizer,HistGradientBoostingClassifier(random_state=0),1,0.9795918367346939,,No using Simple Imputer,No using Ordinal Hot,0.11613011360168457,0.0018296241760253906
algerian_forest_fires_46279,simpleimputer,ordinalencoder,polynomial_features,normalizer,HistGradientBoostingClassifier(random_state=0),2,0.9795918367346939,,No using Simple Imputer,No using Ordinal Hot,0.11903905868530273,0.0021338462829589844
algerian_forest_fires_46279,simpleimputer,ordinalencoder,polynomial_features,normalizer,HistGradientBoostingClassifier(random_state=0),3,0.9791666666666666,,No using Simple Imputer,No using Ordinal Hot,0.11455965042114258,0.0017070770263671875
algerian_forest_fires_46279,simpleimputer,ordinalencoder,polynomial_features,normalizer,HistGradientBoostingClassifier(random_state=0),4,0.9583333333333334,,No using Simple Imputer,No using Ordinal Hot,0.10506153106689453,0.002133607864379883
algerian_forest_fires_46279,simpleimputer,ordinalencoder,nystroem,normalizer,HistGradientBoostingClassifier(random_state=0),0,0.8979591836734694,,No using Simple Imputer,No using Ordinal Hot,0.11103940010070801,0.001954317092895508
algerian_forest_fires_46279,simpleimputer,ordinalencoder,nystroem,normalizer,HistGradientBoostingClassifier(random_state=0),1,0.9387755102040817,,No using Simple Imputer,No using Ordinal Hot,0.13797855377197266,0.0021131038665771484
algerian_forest_fires_46279,simpleimputer,ordinalencoder,nystroem,normalizer,HistGradientBoostingClassifier(random_state=0),2,0.9387755102040817,,No using Simple Imputer,No using Ordinal Hot,0.14251422882080078,0.0017194747924804688
algerian_forest_fires_46279,simpleimputer,ordinalencoder,nystroem,normalizer,HistGradientBoostingClassifier(random_state=0),3,0.9375,,No using Simple Imputer,No using Ordinal Hot,0.11420512199401855,0.001909017562866211
algerian_forest_fires_46279,simpleimputer,ordinalencoder,nystroem,normalizer,HistGradientBoostingClassifier(random_state=0),4,0.9583333333333334,,No using Simple Imputer,No using Ordinal Hot,0.1284184455871582,0.0017430782318115234
algerian_forest_fires_46279,simpleimputer,ordinalencoder,rbf_sampler,normalizer,HistGradientBoostingClassifier(random_state=0),0,1.0,,No using Simple Imputer,No using Ordinal Hot,0.11104035377502441,0.002080202102661133
algerian_forest_fires_46279,simpleimputer,ordinalencoder,rbf_sampler,normalizer,HistGradientBoostingClassifier(random_state=0),1,0.9591836734693877,,No using Simple Imputer,No using Ordinal Hot,0.09749960899353027,0.0016951560974121094
algerian_forest_fires_46279,simpleimputer,ordinalencoder,rbf_sampler,normalizer,HistGradientBoostingClassifier(random_state=0),2,0.9387755102040817,,No using Simple Imputer,No using Ordinal Hot,0.1146547794342041,0.002275228500366211
algerian_forest_fires_46279,simpleimputer,ordinalencoder,rbf_sampler,normalizer,HistGradientBoostingClassifier(random_state=0),3,0.9791666666666666,,No using Simple Imputer,No using Ordinal Hot,0.10552597045898438,0.0016858577728271484
algerian_forest_fires_46279,simpleimputer,ordinalencoder,rbf_sampler,normalizer,HistGradientBoostingClassifier(random_state=0),4,0.9583333333333334,,No using Simple Imputer,No using Ordinal Hot,0.11186647415161133,0.0020236968994140625
algerian_forest_fires_46279,simpleimputer,ordinalencoder,random_trees_embedding,normalizer,HistGradientBoostingClassifier(random_state=0),0,,"Erro na combinação 2776 - Imputer: simpleimputer, Categorização: ordinalencoder, Seleção de Feature: random_trees_embedding, Scaler: normalizer, Fold: 0 - Exception: Sparse data was passed for X, but dense data is required. Use '.toarray()' to convert to a dense numpy array.",No using Simple Imputer,No using Ordinal Hot,0.11186647415161133,0.0020236968994140625
algerian_forest_fires_46279,simpleimputer,ordinalencoder,random_trees_embedding,normalizer,HistGradientBoostingClassifier(random_state=0),1,,"Erro na combinação 2777 - Imputer: simpleimputer, Categorização: ordinalencoder, Seleção de Feature: random_trees_embedding, Scaler: normalizer, Fold: 1 - Exception: Sparse data was passed for X, but dense data is required. Use '.toarray()' to convert to a dense numpy array.",No using Simple Imputer,No using Ordinal Hot,0.11186647415161133,0.0020236968994140625
algerian_forest_fires_46279,simpleimputer,ordinalencoder,random_trees_embedding,normalizer,HistGradientBoostingClassifier(random_state=0),2,,"Erro na combinação 2778 - Imputer: simpleimputer, Categorização: ordinalencoder, Seleção de Feature: random_trees_embedding, Scaler: normalizer, Fold: 2 - Exception: Sparse data was passed for X, but dense data is required. Use '.toarray()' to convert to a dense numpy array.",No using Simple Imputer,No using Ordinal Hot,0.11186647415161133,0.0020236968994140625
algerian_forest_fires_46279,simpleimputer,ordinalencoder,random_trees_embedding,normalizer,HistGradientBoostingClassifier(random_state=0),3,,"Erro na combinação 2779 - Imputer: simpleimputer, Categorização: ordinalencoder, Seleção de Feature: random_trees_embedding, Scaler: normalizer, Fold: 3 - Exception: Sparse data was passed for X, but dense data is required. Use '.toarray()' to convert to a dense numpy array.",No using Simple Imputer,No using Ordinal Hot,0.11186647415161133,0.0020236968994140625
algerian_forest_fires_46279,simpleimputer,ordinalencoder,random_trees_embedding,normalizer,HistGradientBoostingClassifier(random_state=0),4,,"Erro na combinação 2780 - Imputer: simpleimputer, Categorização: ordinalencoder, Seleção de Feature: random_trees_embedding, Scaler: normalizer, Fold: 4 - Exception: Sparse data was passed for X, but dense data is required. Use '.toarray()' to convert to a dense numpy array.",No using Simple Imputer,No using Ordinal Hot,0.11186647415161133,0.0020236968994140625
algerian_forest_fires_46279,simpleimputer,ordinalencoder,feature_agglomeration,normalizer,HistGradientBoostingClassifier(random_state=0),0,0.7755102040816326,,No using Simple Imputer,No using Ordinal Hot,0.07544279098510742,0.001689910888671875
algerian_forest_fires_46279,simpleimputer,ordinalencoder,feature_agglomeration,normalizer,HistGradientBoostingClassifier(random_state=0),1,0.7755102040816326,,No using Simple Imputer,No using Ordinal Hot,0.08190298080444336,0.0021741390228271484
algerian_forest_fires_46279,simpleimputer,ordinalencoder,feature_agglomeration,normalizer,HistGradientBoostingClassifier(random_state=0),2,0.8367346938775511,,No using Simple Imputer,No using Ordinal Hot,0.08957576751708984,0.002137422561645508
algerian_forest_fires_46279,simpleimputer,ordinalencoder,feature_agglomeration,normalizer,HistGradientBoostingClassifier(random_state=0),3,0.75,,No using Simple Imputer,No using Ordinal Hot,0.0759420394897461,0.0016617774963378906
algerian_forest_fires_46279,simpleimputer,ordinalencoder,feature_agglomeration,normalizer,HistGradientBoostingClassifier(random_state=0),4,0.8958333333333334,,No using Simple Imputer,No using Ordinal Hot,0.08661770820617676,0.0017290115356445312
algerian_forest_fires_46279,simpleimputer,ordinalencoder,extra_tree,normalizer,HistGradientBoostingClassifier(random_state=0),0,0.9795918367346939,,No using Simple Imputer,No using Ordinal Hot,0.07778525352478027,0.0018582344055175781
algerian_forest_fires_46279,simpleimputer,ordinalencoder,extra_tree,normalizer,HistGradientBoostingClassifier(random_state=0),1,0.9795918367346939,,No using Simple Imputer,No using Ordinal Hot,0.08672809600830078,0.002096414566040039
algerian_forest_fires_46279,simpleimputer,ordinalencoder,extra_tree,normalizer,HistGradientBoostingClassifier(random_state=0),2,0.9795918367346939,,No using Simple Imputer,No using Ordinal Hot,0.08829951286315918,0.0022497177124023438
algerian_forest_fires_46279,simpleimputer,ordinalencoder,extra_tree,normalizer,HistGradientBoostingClassifier(random_state=0),3,0.9791666666666666,,No using Simple Imputer,No using Ordinal Hot,0.08416056632995605,0.0017070770263671875
algerian_forest_fires_46279,simpleimputer,ordinalencoder,extra_tree,normalizer,HistGradientBoostingClassifier(random_state=0),4,0.9375,,No using Simple Imputer,No using Ordinal Hot,0.08271932601928711,0.0021712779998779297
algerian_forest_fires_46279,simpleimputer,ordinalencoder,linear_svc,normalizer,HistGradientBoostingClassifier(random_state=0),0,0.9591836734693877,,No using Simple Imputer,No using Ordinal Hot,0.09433317184448242,0.0018911361694335938
algerian_forest_fires_46279,simpleimputer,ordinalencoder,linear_svc,normalizer,HistGradientBoostingClassifier(random_state=0),1,0.9795918367346939,,No using Simple Imputer,No using Ordinal Hot,0.08465385437011719,0.0017504692077636719
algerian_forest_fires_46279,simpleimputer,ordinalencoder,linear_svc,normalizer,HistGradientBoostingClassifier(random_state=0),2,0.9591836734693877,,No using Simple Imputer,No using Ordinal Hot,0.08198285102844238,0.001707315444946289
algerian_forest_fires_46279,simpleimputer,ordinalencoder,linear_svc,normalizer,HistGradientBoostingClassifier(random_state=0),3,0.9583333333333334,,No using Simple Imputer,No using Ordinal Hot,0.09361886978149414,0.0019888877868652344
algerian_forest_fires_46279,simpleimputer,ordinalencoder,linear_svc,normalizer,HistGradientBoostingClassifier(random_state=0),4,0.9583333333333334,,No using Simple Imputer,No using Ordinal Hot,0.08349800109863281,0.001999378204345703
algerian_forest_fires_46279,simpleimputer,ordinalencoder,kernel_pca,normalizer,HistGradientBoostingClassifier(random_state=0),0,0.8979591836734694,,No using Simple Imputer,No using Ordinal Hot,0.11764907836914062,0.0017464160919189453
algerian_forest_fires_46279,simpleimputer,ordinalencoder,kernel_pca,normalizer,HistGradientBoostingClassifier(random_state=0),1,0.9591836734693877,,No using Simple Imputer,No using Ordinal Hot,0.1490938663482666,0.002119302749633789
algerian_forest_fires_46279,simpleimputer,ordinalencoder,kernel_pca,normalizer,HistGradientBoostingClassifier(random_state=0),2,0.9183673469387755,,No using Simple Imputer,No using Ordinal Hot,0.13276362419128418,0.0016405582427978516
algerian_forest_fires_46279,simpleimputer,ordinalencoder,kernel_pca,normalizer,HistGradientBoostingClassifier(random_state=0),3,0.9375,,No using Simple Imputer,No using Ordinal Hot,0.1262655258178711,0.002050638198852539
algerian_forest_fires_46279,simpleimputer,ordinalencoder,kernel_pca,normalizer,HistGradientBoostingClassifier(random_state=0),4,0.9375,,No using Simple Imputer,No using Ordinal Hot,0.13036680221557617,0.0016314983367919922
algerian_forest_fires_46279,simpleimputer,ordinalencoder,,power,HistGradientBoostingClassifier(random_state=0),0,0.9795918367346939,,No using Simple Imputer,No using Ordinal Hot,0.0779106616973877,0.0018546581268310547
algerian_forest_fires_46279,simpleimputer,ordinalencoder,,power,HistGradientBoostingClassifier(random_state=0),1,0.9795918367346939,,No using Simple Imputer,No using Ordinal Hot,0.0981607437133789,0.0022063255310058594
algerian_forest_fires_46279,simpleimputer,ordinalencoder,,power,HistGradientBoostingClassifier(random_state=0),2,0.9795918367346939,,No using Simple Imputer,No using Ordinal Hot,0.09122753143310547,0.001752614974975586
algerian_forest_fires_46279,simpleimputer,ordinalencoder,,power,HistGradientBoostingClassifier(random_state=0),3,1.0,,No using Simple Imputer,No using Ordinal Hot,0.09702038764953613,0.0020029544830322266
algerian_forest_fires_46279,simpleimputer,ordinalencoder,,power,HistGradientBoostingClassifier(random_state=0),4,0.9583333333333334,,No using Simple Imputer,No using Ordinal Hot,0.08920645713806152,0.0025517940521240234
algerian_forest_fires_46279,simpleimputer,ordinalencoder,pca,power,HistGradientBoostingClassifier(random_state=0),0,0.9183673469387755,,No using Simple Imputer,No using Ordinal Hot,0.09150862693786621,0.0016341209411621094
algerian_forest_fires_46279,simpleimputer,ordinalencoder,pca,power,HistGradientBoostingClassifier(random_state=0),1,0.9591836734693877,,No using Simple Imputer,No using Ordinal Hot,0.08652567863464355,0.0021436214447021484
algerian_forest_fires_46279,simpleimputer,ordinalencoder,pca,power,HistGradientBoostingClassifier(random_state=0),2,0.9387755102040817,,No using Simple Imputer,No using Ordinal Hot,0.0853276252746582,0.0016968250274658203
algerian_forest_fires_46279,simpleimputer,ordinalencoder,pca,power,HistGradientBoostingClassifier(random_state=0),3,0.9791666666666666,,No using Simple Imputer,No using Ordinal Hot,0.08105325698852539,0.0015726089477539062
algerian_forest_fires_46279,simpleimputer,ordinalencoder,pca,power,HistGradientBoostingClassifier(random_state=0),4,0.9583333333333334,,No using Simple Imputer,No using Ordinal Hot,0.09127020835876465,0.0021071434020996094
algerian_forest_fires_46279,simpleimputer,ordinalencoder,fastica,power,HistGradientBoostingClassifier(random_state=0),0,0.7959183673469388,,No using Simple Imputer,No using Ordinal Hot,0.08408856391906738,0.0019321441650390625
algerian_forest_fires_46279,simpleimputer,ordinalencoder,fastica,power,HistGradientBoostingClassifier(random_state=0),1,0.8775510204081632,,No using Simple Imputer,No using Ordinal Hot,0.07796144485473633,0.0016350746154785156
algerian_forest_fires_46279,simpleimputer,ordinalencoder,fastica,power,HistGradientBoostingClassifier(random_state=0),2,0.8367346938775511,,No using Simple Imputer,No using Ordinal Hot,0.09342408180236816,0.0017695426940917969
algerian_forest_fires_46279,simpleimputer,ordinalencoder,fastica,power,HistGradientBoostingClassifier(random_state=0),3,0.9583333333333334,,No using Simple Imputer,No using Ordinal Hot,0.07334780693054199,0.001859426498413086
algerian_forest_fires_46279,simpleimputer,ordinalencoder,fastica,power,HistGradientBoostingClassifier(random_state=0),4,0.8541666666666666,,No using Simple Imputer,No using Ordinal Hot,0.07732963562011719,0.001699209213256836
algerian_forest_fires_46279,simpleimputer,ordinalencoder,truncated_svd,power,HistGradientBoostingClassifier(random_state=0),0,0.8571428571428571,,No using Simple Imputer,No using Ordinal Hot,0.08862113952636719,0.0018582344055175781
algerian_forest_fires_46279,simpleimputer,ordinalencoder,truncated_svd,power,HistGradientBoostingClassifier(random_state=0),1,0.8775510204081632,,No using Simple Imputer,No using Ordinal Hot,0.08320426940917969,0.0021631717681884766
algerian_forest_fires_46279,simpleimputer,ordinalencoder,truncated_svd,power,HistGradientBoostingClassifier(random_state=0),2,0.8979591836734694,,No using Simple Imputer,No using Ordinal Hot,0.06708097457885742,0.0016584396362304688
algerian_forest_fires_46279,simpleimputer,ordinalencoder,truncated_svd,power,HistGradientBoostingClassifier(random_state=0),3,0.9166666666666666,,No using Simple Imputer,No using Ordinal Hot,0.08053851127624512,0.002007007598876953
algerian_forest_fires_46279,simpleimputer,ordinalencoder,truncated_svd,power,HistGradientBoostingClassifier(random_state=0),4,0.875,,No using Simple Imputer,No using Ordinal Hot,0.0803220272064209,0.002138853073120117
algerian_forest_fires_46279,simpleimputer,ordinalencoder,select_percentile,power,HistGradientBoostingClassifier(random_state=0),0,1.0,,No using Simple Imputer,No using Ordinal Hot,0.08924579620361328,0.0021181106567382812
algerian_forest_fires_46279,simpleimputer,ordinalencoder,select_percentile,power,HistGradientBoostingClassifier(random_state=0),1,0.9795918367346939,,No using Simple Imputer,No using Ordinal Hot,0.11815762519836426,0.002078533172607422
algerian_forest_fires_46279,simpleimputer,ordinalencoder,select_percentile,power,HistGradientBoostingClassifier(random_state=0),2,0.9795918367346939,,No using Simple Imputer,No using Ordinal Hot,0.08491778373718262,0.001756906509399414
algerian_forest_fires_46279,simpleimputer,ordinalencoder,select_percentile,power,HistGradientBoostingClassifier(random_state=0),3,0.9583333333333334,,No using Simple Imputer,No using Ordinal Hot,0.08777236938476562,0.0018668174743652344
algerian_forest_fires_46279,simpleimputer,ordinalencoder,select_percentile,power,HistGradientBoostingClassifier(random_state=0),4,0.9791666666666666,,No using Simple Imputer,No using Ordinal Hot,0.08117032051086426,0.0021800994873046875
algerian_forest_fires_46279,simpleimputer,ordinalencoder,generic_univariate,power,HistGradientBoostingClassifier(random_state=0),0,0.8979591836734694,,No using Simple Imputer,No using Ordinal Hot,0.06366944313049316,0.0015954971313476562
algerian_forest_fires_46279,simpleimputer,ordinalencoder,generic_univariate,power,HistGradientBoostingClassifier(random_state=0),1,0.9183673469387755,,No using Simple Imputer,No using Ordinal Hot,0.07978057861328125,0.0016434192657470703
algerian_forest_fires_46279,simpleimputer,ordinalencoder,generic_univariate,power,HistGradientBoostingClassifier(random_state=0),2,0.8775510204081632,,No using Simple Imputer,No using Ordinal Hot,0.07438182830810547,0.00225067138671875
algerian_forest_fires_46279,simpleimputer,ordinalencoder,generic_univariate,power,HistGradientBoostingClassifier(random_state=0),3,0.9375,,No using Simple Imputer,No using Ordinal Hot,0.07825803756713867,0.002199411392211914
algerian_forest_fires_46279,simpleimputer,ordinalencoder,generic_univariate,power,HistGradientBoostingClassifier(random_state=0),4,0.9375,,No using Simple Imputer,No using Ordinal Hot,0.06571316719055176,0.0016357898712158203
algerian_forest_fires_46279,simpleimputer,ordinalencoder,polynomial_features,power,HistGradientBoostingClassifier(random_state=0),0,0.9795918367346939,,No using Simple Imputer,No using Ordinal Hot,0.1130533218383789,0.002090930938720703
algerian_forest_fires_46279,simpleimputer,ordinalencoder,polynomial_features,power,HistGradientBoostingClassifier(random_state=0),1,0.9795918367346939,,No using Simple Imputer,No using Ordinal Hot,0.11979413032531738,0.0021619796752929688
algerian_forest_fires_46279,simpleimputer,ordinalencoder,polynomial_features,power,HistGradientBoostingClassifier(random_state=0),2,0.9795918367346939,,No using Simple Imputer,No using Ordinal Hot,0.12336492538452148,0.0021636486053466797
algerian_forest_fires_46279,simpleimputer,ordinalencoder,polynomial_features,power,HistGradientBoostingClassifier(random_state=0),3,0.9791666666666666,,No using Simple Imputer,No using Ordinal Hot,0.12451529502868652,0.0016973018646240234
algerian_forest_fires_46279,simpleimputer,ordinalencoder,polynomial_features,power,HistGradientBoostingClassifier(random_state=0),4,0.9375,,No using Simple Imputer,No using Ordinal Hot,0.11177754402160645,0.0021712779998779297
algerian_forest_fires_46279,simpleimputer,ordinalencoder,nystroem,power,HistGradientBoostingClassifier(random_state=0),0,0.9387755102040817,,No using Simple Imputer,No using Ordinal Hot,0.16217756271362305,0.0016698837280273438
algerian_forest_fires_46279,simpleimputer,ordinalencoder,nystroem,power,HistGradientBoostingClassifier(random_state=0),1,0.9795918367346939,,No using Simple Imputer,No using Ordinal Hot,0.14569830894470215,0.0021562576293945312
algerian_forest_fires_46279,simpleimputer,ordinalencoder,nystroem,power,HistGradientBoostingClassifier(random_state=0),2,0.8979591836734694,,No using Simple Imputer,No using Ordinal Hot,0.17101049423217773,0.001710653305053711
algerian_forest_fires_46279,simpleimputer,ordinalencoder,nystroem,power,HistGradientBoostingClassifier(random_state=0),3,0.9375,,No using Simple Imputer,No using Ordinal Hot,0.15214180946350098,0.0016994476318359375
algerian_forest_fires_46279,simpleimputer,ordinalencoder,nystroem,power,HistGradientBoostingClassifier(random_state=0),4,0.9375,,No using Simple Imputer,No using Ordinal Hot,0.13970208168029785,0.0021495819091796875
algerian_forest_fires_46279,simpleimputer,ordinalencoder,rbf_sampler,power,HistGradientBoostingClassifier(random_state=0),0,0.6122448979591837,,No using Simple Imputer,No using Ordinal Hot,0.10607528686523438,0.002141237258911133
algerian_forest_fires_46279,simpleimputer,ordinalencoder,rbf_sampler,power,HistGradientBoostingClassifier(random_state=0),1,0.7755102040816326,,No using Simple Imputer,No using Ordinal Hot,0.11312341690063477,0.001970052719116211
algerian_forest_fires_46279,simpleimputer,ordinalencoder,rbf_sampler,power,HistGradientBoostingClassifier(random_state=0),2,0.673469387755102,,No using Simple Imputer,No using Ordinal Hot,0.10850167274475098,0.0021233558654785156
algerian_forest_fires_46279,simpleimputer,ordinalencoder,rbf_sampler,power,HistGradientBoostingClassifier(random_state=0),3,0.6458333333333334,,No using Simple Imputer,No using Ordinal Hot,0.11024665832519531,0.002110719680786133
algerian_forest_fires_46279,simpleimputer,ordinalencoder,rbf_sampler,power,HistGradientBoostingClassifier(random_state=0),4,0.6041666666666666,,No using Simple Imputer,No using Ordinal Hot,0.10976767539978027,0.0019490718841552734
algerian_forest_fires_46279,simpleimputer,ordinalencoder,random_trees_embedding,power,HistGradientBoostingClassifier(random_state=0),0,,"Erro na combinação 2846 - Imputer: simpleimputer, Categorização: ordinalencoder, Seleção de Feature: random_trees_embedding, Scaler: power, Fold: 0 - Exception: Sparse data was passed for X, but dense data is required. Use '.toarray()' to convert to a dense numpy array.",No using Simple Imputer,No using Ordinal Hot,0.10976767539978027,0.0019490718841552734
algerian_forest_fires_46279,simpleimputer,ordinalencoder,random_trees_embedding,power,HistGradientBoostingClassifier(random_state=0),1,,"Erro na combinação 2847 - Imputer: simpleimputer, Categorização: ordinalencoder, Seleção de Feature: random_trees_embedding, Scaler: power, Fold: 1 - Exception: Sparse data was passed for X, but dense data is required. Use '.toarray()' to convert to a dense numpy array.",No using Simple Imputer,No using Ordinal Hot,0.10976767539978027,0.0019490718841552734
algerian_forest_fires_46279,simpleimputer,ordinalencoder,random_trees_embedding,power,HistGradientBoostingClassifier(random_state=0),2,,"Erro na combinação 2848 - Imputer: simpleimputer, Categorização: ordinalencoder, Seleção de Feature: random_trees_embedding, Scaler: power, Fold: 2 - Exception: Sparse data was passed for X, but dense data is required. Use '.toarray()' to convert to a dense numpy array.",No using Simple Imputer,No using Ordinal Hot,0.10976767539978027,0.0019490718841552734
algerian_forest_fires_46279,simpleimputer,ordinalencoder,random_trees_embedding,power,HistGradientBoostingClassifier(random_state=0),3,,"Erro na combinação 2849 - Imputer: simpleimputer, Categorização: ordinalencoder, Seleção de Feature: random_trees_embedding, Scaler: power, Fold: 3 - Exception: Sparse data was passed for X, but dense data is required. Use '.toarray()' to convert to a dense numpy array.",No using Simple Imputer,No using Ordinal Hot,0.10976767539978027,0.0019490718841552734
algerian_forest_fires_46279,simpleimputer,ordinalencoder,random_trees_embedding,power,HistGradientBoostingClassifier(random_state=0),4,,"Erro na combinação 2850 - Imputer: simpleimputer, Categorização: ordinalencoder, Seleção de Feature: random_trees_embedding, Scaler: power, Fold: 4 - Exception: Sparse data was passed for X, but dense data is required. Use '.toarray()' to convert to a dense numpy array.",No using Simple Imputer,No using Ordinal Hot,0.10976767539978027,0.0019490718841552734
algerian_forest_fires_46279,simpleimputer,ordinalencoder,feature_agglomeration,power,HistGradientBoostingClassifier(random_state=0),0,0.8571428571428571,,No using Simple Imputer,No using Ordinal Hot,0.06600165367126465,0.0017004013061523438
algerian_forest_fires_46279,simpleimputer,ordinalencoder,feature_agglomeration,power,HistGradientBoostingClassifier(random_state=0),1,0.8979591836734694,,No using Simple Imputer,No using Ordinal Hot,0.08582758903503418,0.00188446044921875
algerian_forest_fires_46279,simpleimputer,ordinalencoder,feature_agglomeration,power,HistGradientBoostingClassifier(random_state=0),2,0.8979591836734694,,No using Simple Imputer,No using Ordinal Hot,0.08064007759094238,0.0020897388458251953
algerian_forest_fires_46279,simpleimputer,ordinalencoder,feature_agglomeration,power,HistGradientBoostingClassifier(random_state=0),3,0.9375,,No using Simple Imputer,No using Ordinal Hot,0.06862711906433105,0.001705169677734375
algerian_forest_fires_46279,simpleimputer,ordinalencoder,feature_agglomeration,power,HistGradientBoostingClassifier(random_state=0),4,0.9583333333333334,,No using Simple Imputer,No using Ordinal Hot,0.08849906921386719,0.002181529998779297
algerian_forest_fires_46279,simpleimputer,ordinalencoder,extra_tree,power,HistGradientBoostingClassifier(random_state=0),0,0.9795918367346939,,No using Simple Imputer,No using Ordinal Hot,0.09543824195861816,0.0015954971313476562
algerian_forest_fires_46279,simpleimputer,ordinalencoder,extra_tree,power,HistGradientBoostingClassifier(random_state=0),1,0.9795918367346939,,No using Simple Imputer,No using Ordinal Hot,0.10131549835205078,0.002187490463256836
algerian_forest_fires_46279,simpleimputer,ordinalencoder,extra_tree,power,HistGradientBoostingClassifier(random_state=0),2,0.9795918367346939,,No using Simple Imputer,No using Ordinal Hot,0.09008908271789551,0.0021092891693115234
algerian_forest_fires_46279,simpleimputer,ordinalencoder,extra_tree,power,HistGradientBoostingClassifier(random_state=0),3,0.9583333333333334,,No using Simple Imputer,No using Ordinal Hot,0.08139991760253906,0.0016870498657226562
algerian_forest_fires_46279,simpleimputer,ordinalencoder,extra_tree,power,HistGradientBoostingClassifier(random_state=0),4,0.9375,,No using Simple Imputer,No using Ordinal Hot,0.08062291145324707,0.0017323493957519531
algerian_forest_fires_46279,simpleimputer,ordinalencoder,linear_svc,power,HistGradientBoostingClassifier(random_state=0),0,0.9795918367346939,,No using Simple Imputer,No using Ordinal Hot,0.08153247833251953,0.0016582012176513672
algerian_forest_fires_46279,simpleimputer,ordinalencoder,linear_svc,power,HistGradientBoostingClassifier(random_state=0),1,0.9795918367346939,,No using Simple Imputer,No using Ordinal Hot,0.08576488494873047,0.0016546249389648438
algerian_forest_fires_46279,simpleimputer,ordinalencoder,linear_svc,power,HistGradientBoostingClassifier(random_state=0),2,0.9591836734693877,,No using Simple Imputer,No using Ordinal Hot,0.08454561233520508,0.002142667770385742
algerian_forest_fires_46279,simpleimputer,ordinalencoder,linear_svc,power,HistGradientBoostingClassifier(random_state=0),3,0.9791666666666666,,No using Simple Imputer,No using Ordinal Hot,0.09244990348815918,0.0022101402282714844
algerian_forest_fires_46279,simpleimputer,ordinalencoder,linear_svc,power,HistGradientBoostingClassifier(random_state=0),4,0.9375,,No using Simple Imputer,No using Ordinal Hot,0.08974242210388184,0.002155780792236328
algerian_forest_fires_46279,simpleimputer,ordinalencoder,kernel_pca,power,HistGradientBoostingClassifier(random_state=0),0,0.9183673469387755,,No using Simple Imputer,No using Ordinal Hot,0.1451427936553955,0.002089977264404297
algerian_forest_fires_46279,simpleimputer,ordinalencoder,kernel_pca,power,HistGradientBoostingClassifier(random_state=0),1,0.9387755102040817,,No using Simple Imputer,No using Ordinal Hot,0.14574432373046875,0.0017447471618652344
algerian_forest_fires_46279,simpleimputer,ordinalencoder,kernel_pca,power,HistGradientBoostingClassifier(random_state=0),2,0.9183673469387755,,No using Simple Imputer,No using Ordinal Hot,0.14424967765808105,0.0020761489868164062
algerian_forest_fires_46279,simpleimputer,ordinalencoder,kernel_pca,power,HistGradientBoostingClassifier(random_state=0),3,0.9791666666666666,,No using Simple Imputer,No using Ordinal Hot,0.12762045860290527,0.0023407936096191406
algerian_forest_fires_46279,simpleimputer,ordinalencoder,kernel_pca,power,HistGradientBoostingClassifier(random_state=0),4,0.9583333333333334,,No using Simple Imputer,No using Ordinal Hot,0.14263677597045898,0.002193450927734375
algerian_forest_fires_46279,simpleimputer,ordinalencoder,,quantile,HistGradientBoostingClassifier(random_state=0),0,0.9795918367346939,,No using Simple Imputer,No using Ordinal Hot,0.09294772148132324,0.0021262168884277344
algerian_forest_fires_46279,simpleimputer,ordinalencoder,,quantile,HistGradientBoostingClassifier(random_state=0),1,0.9795918367346939,,No using Simple Imputer,No using Ordinal Hot,0.0815742015838623,0.0017251968383789062
algerian_forest_fires_46279,simpleimputer,ordinalencoder,,quantile,HistGradientBoostingClassifier(random_state=0),2,0.9795918367346939,,No using Simple Imputer,No using Ordinal Hot,0.07861828804016113,0.0016942024230957031
algerian_forest_fires_46279,simpleimputer,ordinalencoder,,quantile,HistGradientBoostingClassifier(random_state=0),3,1.0,,No using Simple Imputer,No using Ordinal Hot,0.08612728118896484,0.001720428466796875
algerian_forest_fires_46279,simpleimputer,ordinalencoder,,quantile,HistGradientBoostingClassifier(random_state=0),4,0.9583333333333334,,No using Simple Imputer,No using Ordinal Hot,0.08439755439758301,0.002162456512451172
algerian_forest_fires_46279,simpleimputer,ordinalencoder,pca,quantile,HistGradientBoostingClassifier(random_state=0),0,0.9183673469387755,,No using Simple Imputer,No using Ordinal Hot,0.0878760814666748,0.0021278858184814453
algerian_forest_fires_46279,simpleimputer,ordinalencoder,pca,quantile,HistGradientBoostingClassifier(random_state=0),1,0.9387755102040817,,No using Simple Imputer,No using Ordinal Hot,0.08757710456848145,0.0020682811737060547
algerian_forest_fires_46279,simpleimputer,ordinalencoder,pca,quantile,HistGradientBoostingClassifier(random_state=0),2,0.9387755102040817,,No using Simple Imputer,No using Ordinal Hot,0.0883944034576416,0.002199411392211914
algerian_forest_fires_46279,simpleimputer,ordinalencoder,pca,quantile,HistGradientBoostingClassifier(random_state=0),3,0.9583333333333334,,No using Simple Imputer,No using Ordinal Hot,0.0902092456817627,0.0016126632690429688
algerian_forest_fires_46279,simpleimputer,ordinalencoder,pca,quantile,HistGradientBoostingClassifier(random_state=0),4,0.9375,,No using Simple Imputer,No using Ordinal Hot,0.08141541481018066,0.001590728759765625
algerian_forest_fires_46279,simpleimputer,ordinalencoder,fastica,quantile,HistGradientBoostingClassifier(random_state=0),0,0.6938775510204082,,No using Simple Imputer,No using Ordinal Hot,0.08865118026733398,0.0016932487487792969
algerian_forest_fires_46279,simpleimputer,ordinalencoder,fastica,quantile,HistGradientBoostingClassifier(random_state=0),1,0.8367346938775511,,No using Simple Imputer,No using Ordinal Hot,0.08067083358764648,0.0016379356384277344
algerian_forest_fires_46279,simpleimputer,ordinalencoder,fastica,quantile,HistGradientBoostingClassifier(random_state=0),2,0.8367346938775511,,No using Simple Imputer,No using Ordinal Hot,0.07922482490539551,0.002251863479614258
algerian_forest_fires_46279,simpleimputer,ordinalencoder,fastica,quantile,HistGradientBoostingClassifier(random_state=0),3,0.8541666666666666,,No using Simple Imputer,No using Ordinal Hot,0.07408523559570312,0.001615285873413086
algerian_forest_fires_46279,simpleimputer,ordinalencoder,fastica,quantile,HistGradientBoostingClassifier(random_state=0),4,0.875,,No using Simple Imputer,No using Ordinal Hot,0.08185672760009766,0.0020558834075927734
algerian_forest_fires_46279,simpleimputer,ordinalencoder,truncated_svd,quantile,HistGradientBoostingClassifier(random_state=0),0,0.8775510204081632,,No using Simple Imputer,No using Ordinal Hot,0.08081507682800293,0.0018150806427001953
algerian_forest_fires_46279,simpleimputer,ordinalencoder,truncated_svd,quantile,HistGradientBoostingClassifier(random_state=0),1,0.9183673469387755,,No using Simple Imputer,No using Ordinal Hot,0.07633209228515625,0.0016548633575439453
algerian_forest_fires_46279,simpleimputer,ordinalencoder,truncated_svd,quantile,HistGradientBoostingClassifier(random_state=0),2,0.8775510204081632,,No using Simple Imputer,No using Ordinal Hot,0.07834434509277344,0.0020067691802978516
algerian_forest_fires_46279,simpleimputer,ordinalencoder,truncated_svd,quantile,HistGradientBoostingClassifier(random_state=0),3,0.9166666666666666,,No using Simple Imputer,No using Ordinal Hot,0.08657336235046387,0.0021338462829589844
algerian_forest_fires_46279,simpleimputer,ordinalencoder,truncated_svd,quantile,HistGradientBoostingClassifier(random_state=0),4,0.9375,,No using Simple Imputer,No using Ordinal Hot,0.0824117660522461,0.002056121826171875
algerian_forest_fires_46279,simpleimputer,ordinalencoder,select_percentile,quantile,HistGradientBoostingClassifier(random_state=0),0,1.0,,No using Simple Imputer,No using Ordinal Hot,0.08588218688964844,0.002117156982421875
algerian_forest_fires_46279,simpleimputer,ordinalencoder,select_percentile,quantile,HistGradientBoostingClassifier(random_state=0),1,0.9795918367346939,,No using Simple Imputer,No using Ordinal Hot,0.08728456497192383,0.0020177364349365234
algerian_forest_fires_46279,simpleimputer,ordinalencoder,select_percentile,quantile,HistGradientBoostingClassifier(random_state=0),2,1.0,,No using Simple Imputer,No using Ordinal Hot,0.0801081657409668,0.002235889434814453
algerian_forest_fires_46279,simpleimputer,ordinalencoder,select_percentile,quantile,HistGradientBoostingClassifier(random_state=0),3,0.9791666666666666,,No using Simple Imputer,No using Ordinal Hot,0.08209109306335449,0.0016283988952636719
algerian_forest_fires_46279,simpleimputer,ordinalencoder,select_percentile,quantile,HistGradientBoostingClassifier(random_state=0),4,0.9375,,No using Simple Imputer,No using Ordinal Hot,0.08459067344665527,0.0018045902252197266
algerian_forest_fires_46279,simpleimputer,ordinalencoder,generic_univariate,quantile,HistGradientBoostingClassifier(random_state=0),0,0.9795918367346939,,No using Simple Imputer,No using Ordinal Hot,0.06398510932922363,0.0016551017761230469
algerian_forest_fires_46279,simpleimputer,ordinalencoder,generic_univariate,quantile,HistGradientBoostingClassifier(random_state=0),1,0.9795918367346939,,No using Simple Imputer,No using Ordinal Hot,0.06366276741027832,0.0021889209747314453
algerian_forest_fires_46279,simpleimputer,ordinalencoder,generic_univariate,quantile,HistGradientBoostingClassifier(random_state=0),2,0.9795918367346939,,No using Simple Imputer,No using Ordinal Hot,0.07383465766906738,0.001714468002319336
algerian_forest_fires_46279,simpleimputer,ordinalencoder,generic_univariate,quantile,HistGradientBoostingClassifier(random_state=0),3,0.9375,,No using Simple Imputer,No using Ordinal Hot,0.06891250610351562,0.001764059066772461
algerian_forest_fires_46279,simpleimputer,ordinalencoder,generic_univariate,quantile,HistGradientBoostingClassifier(random_state=0),4,0.9375,,No using Simple Imputer,No using Ordinal Hot,0.07158493995666504,0.0020689964294433594
algerian_forest_fires_46279,simpleimputer,ordinalencoder,polynomial_features,quantile,HistGradientBoostingClassifier(random_state=0),0,0.9795918367346939,,No using Simple Imputer,No using Ordinal Hot,0.1209409236907959,0.0023839473724365234
algerian_forest_fires_46279,simpleimputer,ordinalencoder,polynomial_features,quantile,HistGradientBoostingClassifier(random_state=0),1,0.9795918367346939,,No using Simple Imputer,No using Ordinal Hot,0.10691642761230469,0.0017566680908203125
algerian_forest_fires_46279,simpleimputer,ordinalencoder,polynomial_features,quantile,HistGradientBoostingClassifier(random_state=0),2,0.9795918367346939,,No using Simple Imputer,No using Ordinal Hot,0.11465644836425781,0.0019118785858154297
algerian_forest_fires_46279,simpleimputer,ordinalencoder,polynomial_features,quantile,HistGradientBoostingClassifier(random_state=0),3,1.0,,No using Simple Imputer,No using Ordinal Hot,0.11405754089355469,0.001561880111694336
algerian_forest_fires_46279,simpleimputer,ordinalencoder,polynomial_features,quantile,HistGradientBoostingClassifier(random_state=0),4,0.9583333333333334,,No using Simple Imputer,No using Ordinal Hot,0.10949945449829102,0.0016300678253173828
algerian_forest_fires_46279,simpleimputer,ordinalencoder,nystroem,quantile,HistGradientBoostingClassifier(random_state=0),0,0.8571428571428571,,No using Simple Imputer,No using Ordinal Hot,0.13577985763549805,0.0021986961364746094
algerian_forest_fires_46279,simpleimputer,ordinalencoder,nystroem,quantile,HistGradientBoostingClassifier(random_state=0),1,0.9591836734693877,,No using Simple Imputer,No using Ordinal Hot,0.14301681518554688,0.0020318031311035156
algerian_forest_fires_46279,simpleimputer,ordinalencoder,nystroem,quantile,HistGradientBoostingClassifier(random_state=0),2,0.8775510204081632,,No using Simple Imputer,No using Ordinal Hot,0.13438653945922852,0.0017666816711425781
algerian_forest_fires_46279,simpleimputer,ordinalencoder,nystroem,quantile,HistGradientBoostingClassifier(random_state=0),3,0.9583333333333334,,No using Simple Imputer,No using Ordinal Hot,0.13783693313598633,0.0016682147979736328
algerian_forest_fires_46279,simpleimputer,ordinalencoder,nystroem,quantile,HistGradientBoostingClassifier(random_state=0),4,0.9583333333333334,,No using Simple Imputer,No using Ordinal Hot,0.13308978080749512,0.0023031234741210938
algerian_forest_fires_46279,simpleimputer,ordinalencoder,rbf_sampler,quantile,HistGradientBoostingClassifier(random_state=0),0,0.9591836734693877,,No using Simple Imputer,No using Ordinal Hot,0.10524582862854004,0.0016489028930664062
algerian_forest_fires_46279,simpleimputer,ordinalencoder,rbf_sampler,quantile,HistGradientBoostingClassifier(random_state=0),1,0.9795918367346939,,No using Simple Imputer,No using Ordinal Hot,0.1000053882598877,0.0016739368438720703
algerian_forest_fires_46279,simpleimputer,ordinalencoder,rbf_sampler,quantile,HistGradientBoostingClassifier(random_state=0),2,0.9795918367346939,,No using Simple Imputer,No using Ordinal Hot,0.1104886531829834,0.002146005630493164
algerian_forest_fires_46279,simpleimputer,ordinalencoder,rbf_sampler,quantile,HistGradientBoostingClassifier(random_state=0),3,0.9583333333333334,,No using Simple Imputer,No using Ordinal Hot,0.11207389831542969,0.0016317367553710938
algerian_forest_fires_46279,simpleimputer,ordinalencoder,rbf_sampler,quantile,HistGradientBoostingClassifier(random_state=0),4,0.9166666666666666,,No using Simple Imputer,No using Ordinal Hot,0.1010737419128418,0.0017092227935791016
algerian_forest_fires_46279,simpleimputer,ordinalencoder,random_trees_embedding,quantile,HistGradientBoostingClassifier(random_state=0),0,,"Erro na combinação 2916 - Imputer: simpleimputer, Categorização: ordinalencoder, Seleção de Feature: random_trees_embedding, Scaler: quantile, Fold: 0 - Exception: Sparse data was passed for X, but dense data is required. Use '.toarray()' to convert to a dense numpy array.",No using Simple Imputer,No using Ordinal Hot,0.1010737419128418,0.0017092227935791016
algerian_forest_fires_46279,simpleimputer,ordinalencoder,random_trees_embedding,quantile,HistGradientBoostingClassifier(random_state=0),1,,"Erro na combinação 2917 - Imputer: simpleimputer, Categorização: ordinalencoder, Seleção de Feature: random_trees_embedding, Scaler: quantile, Fold: 1 - Exception: Sparse data was passed for X, but dense data is required. Use '.toarray()' to convert to a dense numpy array.",No using Simple Imputer,No using Ordinal Hot,0.1010737419128418,0.0017092227935791016
algerian_forest_fires_46279,simpleimputer,ordinalencoder,random_trees_embedding,quantile,HistGradientBoostingClassifier(random_state=0),2,,"Erro na combinação 2918 - Imputer: simpleimputer, Categorização: ordinalencoder, Seleção de Feature: random_trees_embedding, Scaler: quantile, Fold: 2 - Exception: Sparse data was passed for X, but dense data is required. Use '.toarray()' to convert to a dense numpy array.",No using Simple Imputer,No using Ordinal Hot,0.1010737419128418,0.0017092227935791016
algerian_forest_fires_46279,simpleimputer,ordinalencoder,random_trees_embedding,quantile,HistGradientBoostingClassifier(random_state=0),3,,"Erro na combinação 2919 - Imputer: simpleimputer, Categorização: ordinalencoder, Seleção de Feature: random_trees_embedding, Scaler: quantile, Fold: 3 - Exception: Sparse data was passed for X, but dense data is required. Use '.toarray()' to convert to a dense numpy array.",No using Simple Imputer,No using Ordinal Hot,0.1010737419128418,0.0017092227935791016
algerian_forest_fires_46279,simpleimputer,ordinalencoder,random_trees_embedding,quantile,HistGradientBoostingClassifier(random_state=0),4,,"Erro na combinação 2920 - Imputer: simpleimputer, Categorização: ordinalencoder, Seleção de Feature: random_trees_embedding, Scaler: quantile, Fold: 4 - Exception: Sparse data was passed for X, but dense data is required. Use '.toarray()' to convert to a dense numpy array.",No using Simple Imputer,No using Ordinal Hot,0.1010737419128418,0.0017092227935791016
algerian_forest_fires_46279,simpleimputer,ordinalencoder,feature_agglomeration,quantile,HistGradientBoostingClassifier(random_state=0),0,0.8367346938775511,,No using Simple Imputer,No using Ordinal Hot,0.0766143798828125,0.001697540283203125
algerian_forest_fires_46279,simpleimputer,ordinalencoder,feature_agglomeration,quantile,HistGradientBoostingClassifier(random_state=0),1,0.8163265306122449,,No using Simple Imputer,No using Ordinal Hot,0.0783841609954834,0.0016901493072509766
algerian_forest_fires_46279,simpleimputer,ordinalencoder,feature_agglomeration,quantile,HistGradientBoostingClassifier(random_state=0),2,0.8775510204081632,,No using Simple Imputer,No using Ordinal Hot,0.08462691307067871,0.0022497177124023438
algerian_forest_fires_46279,simpleimputer,ordinalencoder,feature_agglomeration,quantile,HistGradientBoostingClassifier(random_state=0),3,0.9375,,No using Simple Imputer,No using Ordinal Hot,0.08063721656799316,0.0016984939575195312
algerian_forest_fires_46279,simpleimputer,ordinalencoder,feature_agglomeration,quantile,HistGradientBoostingClassifier(random_state=0),4,0.9375,,No using Simple Imputer,No using Ordinal Hot,0.07199478149414062,0.0017976760864257812
algerian_forest_fires_46279,simpleimputer,ordinalencoder,extra_tree,quantile,HistGradientBoostingClassifier(random_state=0),0,0.9795918367346939,,No using Simple Imputer,No using Ordinal Hot,0.08601236343383789,0.0018131732940673828
algerian_forest_fires_46279,simpleimputer,ordinalencoder,extra_tree,quantile,HistGradientBoostingClassifier(random_state=0),1,0.9795918367346939,,No using Simple Imputer,No using Ordinal Hot,0.09174132347106934,0.002162933349609375
algerian_forest_fires_46279,simpleimputer,ordinalencoder,extra_tree,quantile,HistGradientBoostingClassifier(random_state=0),2,0.9795918367346939,,No using Simple Imputer,No using Ordinal Hot,0.09476852416992188,0.0019948482513427734
algerian_forest_fires_46279,simpleimputer,ordinalencoder,extra_tree,quantile,HistGradientBoostingClassifier(random_state=0),3,0.9583333333333334,,No using Simple Imputer,No using Ordinal Hot,0.09673666954040527,0.00214385986328125
algerian_forest_fires_46279,simpleimputer,ordinalencoder,extra_tree,quantile,HistGradientBoostingClassifier(random_state=0),4,0.9375,,No using Simple Imputer,No using Ordinal Hot,0.07909727096557617,0.0022242069244384766
algerian_forest_fires_46279,simpleimputer,ordinalencoder,linear_svc,quantile,HistGradientBoostingClassifier(random_state=0),0,1.0,,No using Simple Imputer,No using Ordinal Hot,0.09223222732543945,0.0016984939575195312
algerian_forest_fires_46279,simpleimputer,ordinalencoder,linear_svc,quantile,HistGradientBoostingClassifier(random_state=0),1,0.9795918367346939,,No using Simple Imputer,No using Ordinal Hot,0.09158778190612793,0.002066373825073242
algerian_forest_fires_46279,simpleimputer,ordinalencoder,linear_svc,quantile,HistGradientBoostingClassifier(random_state=0),2,1.0,,No using Simple Imputer,No using Ordinal Hot,0.09325671195983887,0.002227306365966797
algerian_forest_fires_46279,simpleimputer,ordinalencoder,linear_svc,quantile,HistGradientBoostingClassifier(random_state=0),3,0.9791666666666666,,No using Simple Imputer,No using Ordinal Hot,0.09340691566467285,0.0017027854919433594
algerian_forest_fires_46279,simpleimputer,ordinalencoder,linear_svc,quantile,HistGradientBoostingClassifier(random_state=0),4,0.9583333333333334,,No using Simple Imputer,No using Ordinal Hot,0.09561562538146973,0.0021982192993164062
algerian_forest_fires_46279,simpleimputer,ordinalencoder,kernel_pca,quantile,HistGradientBoostingClassifier(random_state=0),0,0.9387755102040817,,No using Simple Imputer,No using Ordinal Hot,0.13736295700073242,0.0022258758544921875
algerian_forest_fires_46279,simpleimputer,ordinalencoder,kernel_pca,quantile,HistGradientBoostingClassifier(random_state=0),1,0.9387755102040817,,No using Simple Imputer,No using Ordinal Hot,0.1454477310180664,0.002082347869873047
algerian_forest_fires_46279,simpleimputer,ordinalencoder,kernel_pca,quantile,HistGradientBoostingClassifier(random_state=0),2,0.9183673469387755,,No using Simple Imputer,No using Ordinal Hot,0.13418292999267578,0.002184629440307617
algerian_forest_fires_46279,simpleimputer,ordinalencoder,kernel_pca,quantile,HistGradientBoostingClassifier(random_state=0),3,0.9583333333333334,,No using Simple Imputer,No using Ordinal Hot,0.14788174629211426,0.002131938934326172
algerian_forest_fires_46279,simpleimputer,ordinalencoder,kernel_pca,quantile,HistGradientBoostingClassifier(random_state=0),4,0.9375,,No using Simple Imputer,No using Ordinal Hot,0.13397502899169922,0.0019345283508300781
