Dataset,Imputer Strategy,Categorical Strategy,Feature Selection,Scaler,Classifier,Fold,Fold Accuracy,Error,Using_imputer,Using_cat,Training Time,Testing Time
algerian_forest_fires_46279,,,,,AdaBoostClassifier(random_state=0),0,1.0,,,,0.18732380867004395,0.007320404052734375
algerian_forest_fires_46279,,,,,AdaBoostClassifier(random_state=0),1,0.9795918367346939,,,,0.07825779914855957,0.008205413818359375
algerian_forest_fires_46279,,,,,AdaBoostClassifier(random_state=0),2,1.0,,,,0.07505202293395996,0.007300853729248047
algerian_forest_fires_46279,,,,,AdaBoostClassifier(random_state=0),3,0.9583333333333334,,,,0.08203959465026855,0.0072422027587890625
algerian_forest_fires_46279,,,,,AdaBoostClassifier(random_state=0),4,0.9583333333333334,,,,0.07780289649963379,0.00748896598815918
algerian_forest_fires_46279,,,pca,,AdaBoostClassifier(random_state=0),0,0.9387755102040817,,,,0.08132362365722656,0.006292581558227539
algerian_forest_fires_46279,,,pca,,AdaBoostClassifier(random_state=0),1,0.9591836734693877,,,,0.09751415252685547,0.006349325180053711
algerian_forest_fires_46279,,,pca,,AdaBoostClassifier(random_state=0),2,0.9387755102040817,,,,0.08549737930297852,0.0067598819732666016
algerian_forest_fires_46279,,,pca,,AdaBoostClassifier(random_state=0),3,0.9375,,,,0.0874941349029541,0.0062732696533203125
algerian_forest_fires_46279,,,pca,,AdaBoostClassifier(random_state=0),4,0.9375,,,,0.08188533782958984,0.00632023811340332
algerian_forest_fires_46279,,,fastica,,AdaBoostClassifier(random_state=0),0,0.6326530612244898,,,,0.09994792938232422,0.00889134407043457
algerian_forest_fires_46279,,,fastica,,AdaBoostClassifier(random_state=0),1,0.6938775510204082,,,,0.08746933937072754,0.006374359130859375
algerian_forest_fires_46279,,,fastica,,AdaBoostClassifier(random_state=0),2,0.8775510204081632,,,,0.07952189445495605,0.006257772445678711
algerian_forest_fires_46279,,,fastica,,AdaBoostClassifier(random_state=0),3,0.875,,,,0.07963061332702637,0.006239175796508789
algerian_forest_fires_46279,,,fastica,,AdaBoostClassifier(random_state=0),4,0.6041666666666666,,,,0.08296322822570801,0.0062525272369384766
algerian_forest_fires_46279,,,truncated_svd,,AdaBoostClassifier(random_state=0),0,0.8163265306122449,,,,0.07466721534729004,0.006331920623779297
algerian_forest_fires_46279,,,truncated_svd,,AdaBoostClassifier(random_state=0),1,0.7959183673469388,,,,0.07882237434387207,0.006183624267578125
algerian_forest_fires_46279,,,truncated_svd,,AdaBoostClassifier(random_state=0),2,0.7551020408163265,,,,0.07662558555603027,0.0061626434326171875
algerian_forest_fires_46279,,,truncated_svd,,AdaBoostClassifier(random_state=0),3,0.8958333333333334,,,,0.07001280784606934,0.0073511600494384766
algerian_forest_fires_46279,,,truncated_svd,,AdaBoostClassifier(random_state=0),4,0.8958333333333334,,,,0.0707540512084961,0.00617671012878418
algerian_forest_fires_46279,,,select_percentile,,AdaBoostClassifier(random_state=0),0,1.0,,,,0.07029581069946289,0.006579160690307617
algerian_forest_fires_46279,,,select_percentile,,AdaBoostClassifier(random_state=0),1,0.9795918367346939,,,,0.07206153869628906,0.0062525272369384766
algerian_forest_fires_46279,,,select_percentile,,AdaBoostClassifier(random_state=0),2,1.0,,,,0.07348084449768066,0.00691676139831543
algerian_forest_fires_46279,,,select_percentile,,AdaBoostClassifier(random_state=0),3,0.9583333333333334,,,,0.06997132301330566,0.006186962127685547
algerian_forest_fires_46279,,,select_percentile,,AdaBoostClassifier(random_state=0),4,0.9375,,,,0.07215285301208496,0.0061359405517578125
algerian_forest_fires_46279,,,generic_univariate,,AdaBoostClassifier(random_state=0),0,1.0,,,,0.07464933395385742,0.006224155426025391
algerian_forest_fires_46279,,,generic_univariate,,AdaBoostClassifier(random_state=0),1,1.0,,,,0.06836986541748047,0.006277322769165039
algerian_forest_fires_46279,,,generic_univariate,,AdaBoostClassifier(random_state=0),2,1.0,,,,0.06703805923461914,0.006284475326538086
algerian_forest_fires_46279,,,generic_univariate,,AdaBoostClassifier(random_state=0),3,0.9583333333333334,,,,0.07217073440551758,0.006256580352783203
algerian_forest_fires_46279,,,generic_univariate,,AdaBoostClassifier(random_state=0),4,0.9791666666666666,,,,0.0683138370513916,0.006313800811767578
algerian_forest_fires_46279,,,polynomial_features,,AdaBoostClassifier(random_state=0),0,0.9795918367346939,,,,0.14602017402648926,0.006456613540649414
algerian_forest_fires_46279,,,polynomial_features,,AdaBoostClassifier(random_state=0),1,0.9795918367346939,,,,0.1506192684173584,0.0063970088958740234
algerian_forest_fires_46279,,,polynomial_features,,AdaBoostClassifier(random_state=0),2,1.0,,,,0.14553523063659668,0.006346464157104492
algerian_forest_fires_46279,,,polynomial_features,,AdaBoostClassifier(random_state=0),3,0.9583333333333334,,,,0.15024352073669434,0.006400585174560547
algerian_forest_fires_46279,,,polynomial_features,,AdaBoostClassifier(random_state=0),4,0.9166666666666666,,,,0.14490842819213867,0.0064296722412109375
algerian_forest_fires_46279,,,nystroem,,AdaBoostClassifier(random_state=0),0,0.7346938775510204,,,,0.13153386116027832,0.006461143493652344
algerian_forest_fires_46279,,,nystroem,,AdaBoostClassifier(random_state=0),1,0.8367346938775511,,,,0.1298973560333252,0.006377220153808594
algerian_forest_fires_46279,,,nystroem,,AdaBoostClassifier(random_state=0),2,0.7551020408163265,,,,0.1344146728515625,0.0064542293548583984
algerian_forest_fires_46279,,,nystroem,,AdaBoostClassifier(random_state=0),3,0.75,,,,0.13884782791137695,0.008574962615966797
algerian_forest_fires_46279,,,nystroem,,AdaBoostClassifier(random_state=0),4,0.8333333333333334,,,,0.15085220336914062,0.0066869258880615234
algerian_forest_fires_46279,,,rbf_sampler,,AdaBoostClassifier(random_state=0),0,0.4897959183673469,,,,0.17774033546447754,0.006439685821533203
algerian_forest_fires_46279,,,rbf_sampler,,AdaBoostClassifier(random_state=0),1,0.5510204081632653,,,,0.18885207176208496,0.006494760513305664
algerian_forest_fires_46279,,,rbf_sampler,,AdaBoostClassifier(random_state=0),2,0.5510204081632653,,,,0.19583821296691895,0.0070612430572509766
algerian_forest_fires_46279,,,rbf_sampler,,AdaBoostClassifier(random_state=0),3,0.5208333333333334,,,,0.19905877113342285,0.008213996887207031
algerian_forest_fires_46279,,,rbf_sampler,,AdaBoostClassifier(random_state=0),4,0.4583333333333333,,,,0.17942547798156738,0.006446361541748047
algerian_forest_fires_46279,,,random_trees_embedding,,AdaBoostClassifier(random_state=0),0,0.8775510204081632,,,,0.12360453605651855,0.009917259216308594
algerian_forest_fires_46279,,,random_trees_embedding,,AdaBoostClassifier(random_state=0),1,0.9591836734693877,,,,0.13958001136779785,0.010122060775756836
algerian_forest_fires_46279,,,random_trees_embedding,,AdaBoostClassifier(random_state=0),2,0.9795918367346939,,,,0.13686370849609375,0.010947227478027344
algerian_forest_fires_46279,,,random_trees_embedding,,AdaBoostClassifier(random_state=0),3,0.9583333333333334,,,,0.12640380859375,0.01005101203918457
algerian_forest_fires_46279,,,random_trees_embedding,,AdaBoostClassifier(random_state=0),4,0.9375,,,,0.12685823440551758,0.009932994842529297
algerian_forest_fires_46279,,,feature_agglomeration,,AdaBoostClassifier(random_state=0),0,0.7551020408163265,,,,0.06999897956848145,0.006387948989868164
algerian_forest_fires_46279,,,feature_agglomeration,,AdaBoostClassifier(random_state=0),1,0.7959183673469388,,,,0.07171225547790527,0.006849765777587891
algerian_forest_fires_46279,,,feature_agglomeration,,AdaBoostClassifier(random_state=0),2,0.8367346938775511,,,,0.07206392288208008,0.006254673004150391
algerian_forest_fires_46279,,,feature_agglomeration,,AdaBoostClassifier(random_state=0),3,0.8958333333333334,,,,0.0673067569732666,0.006196498870849609
algerian_forest_fires_46279,,,feature_agglomeration,,AdaBoostClassifier(random_state=0),4,0.8333333333333334,,,,0.07264828681945801,0.006764650344848633
algerian_forest_fires_46279,,,extra_tree,,AdaBoostClassifier(random_state=0),0,1.0,,,,0.08955860137939453,0.009220123291015625
algerian_forest_fires_46279,,,extra_tree,,AdaBoostClassifier(random_state=0),1,0.9795918367346939,,,,0.07837414741516113,0.00773930549621582
algerian_forest_fires_46279,,,extra_tree,,AdaBoostClassifier(random_state=0),2,1.0,,,,0.08551478385925293,0.006857156753540039
algerian_forest_fires_46279,,,extra_tree,,AdaBoostClassifier(random_state=0),3,0.9791666666666666,,,,0.0748300552368164,0.006343841552734375
algerian_forest_fires_46279,,,extra_tree,,AdaBoostClassifier(random_state=0),4,0.9375,,,,0.07585668563842773,0.006556272506713867
algerian_forest_fires_46279,,,linear_svc,,AdaBoostClassifier(random_state=0),0,1.0,,,,0.07719683647155762,0.007242441177368164
algerian_forest_fires_46279,,,linear_svc,,AdaBoostClassifier(random_state=0),1,0.9795918367346939,,,,0.07951712608337402,0.008172988891601562
algerian_forest_fires_46279,,,linear_svc,,AdaBoostClassifier(random_state=0),2,1.0,,,,0.07466530799865723,0.006266355514526367
algerian_forest_fires_46279,,,linear_svc,,AdaBoostClassifier(random_state=0),3,0.9583333333333334,,,,0.07005453109741211,0.006170511245727539
algerian_forest_fires_46279,,,linear_svc,,AdaBoostClassifier(random_state=0),4,0.9375,,,,0.07501482963562012,0.006358146667480469
algerian_forest_fires_46279,,,kernel_pca,,AdaBoostClassifier(random_state=0),0,0.9387755102040817,,,,0.0951697826385498,0.0068929195404052734
algerian_forest_fires_46279,,,kernel_pca,,AdaBoostClassifier(random_state=0),1,0.9591836734693877,,,,0.09846210479736328,0.008298873901367188
algerian_forest_fires_46279,,,kernel_pca,,AdaBoostClassifier(random_state=0),2,0.9387755102040817,,,,0.09819769859313965,0.006924867630004883
algerian_forest_fires_46279,,,kernel_pca,,AdaBoostClassifier(random_state=0),3,0.9375,,,,0.09844303131103516,0.007027626037597656
algerian_forest_fires_46279,,,kernel_pca,,AdaBoostClassifier(random_state=0),4,0.9375,,,,0.09969878196716309,0.006885051727294922
algerian_forest_fires_46279,,,,standard,AdaBoostClassifier(random_state=0),0,1.0,,,,0.07668161392211914,0.0063855648040771484
algerian_forest_fires_46279,,,,standard,AdaBoostClassifier(random_state=0),1,0.9795918367346939,,,,0.07464408874511719,0.00640869140625
algerian_forest_fires_46279,,,,standard,AdaBoostClassifier(random_state=0),2,1.0,,,,0.07389473915100098,0.0063648223876953125
algerian_forest_fires_46279,,,,standard,AdaBoostClassifier(random_state=0),3,0.9583333333333334,,,,0.07629561424255371,0.006331682205200195
algerian_forest_fires_46279,,,,standard,AdaBoostClassifier(random_state=0),4,0.9583333333333334,,,,0.07606029510498047,0.006505489349365234
algerian_forest_fires_46279,,,pca,standard,AdaBoostClassifier(random_state=0),0,0.8367346938775511,,,,0.0878288745880127,0.008488178253173828
algerian_forest_fires_46279,,,pca,standard,AdaBoostClassifier(random_state=0),1,0.9387755102040817,,,,0.08524608612060547,0.006401538848876953
algerian_forest_fires_46279,,,pca,standard,AdaBoostClassifier(random_state=0),2,0.9387755102040817,,,,0.08156943321228027,0.006342887878417969
algerian_forest_fires_46279,,,pca,standard,AdaBoostClassifier(random_state=0),3,0.9583333333333334,,,,0.08153247833251953,0.006279468536376953
algerian_forest_fires_46279,,,pca,standard,AdaBoostClassifier(random_state=0),4,0.9166666666666666,,,,0.09724211692810059,0.0074748992919921875
algerian_forest_fires_46279,,,fastica,standard,AdaBoostClassifier(random_state=0),0,0.7346938775510204,,,,0.08562231063842773,0.007225990295410156
algerian_forest_fires_46279,,,fastica,standard,AdaBoostClassifier(random_state=0),1,0.6326530612244898,,,,0.08511757850646973,0.006737232208251953
algerian_forest_fires_46279,,,fastica,standard,AdaBoostClassifier(random_state=0),2,0.8775510204081632,,,,0.08457541465759277,0.00652313232421875
algerian_forest_fires_46279,,,fastica,standard,AdaBoostClassifier(random_state=0),3,0.9375,,,,0.08240199089050293,0.0063359737396240234
algerian_forest_fires_46279,,,fastica,standard,AdaBoostClassifier(random_state=0),4,0.7291666666666666,,,,0.08368492126464844,0.0070149898529052734
algerian_forest_fires_46279,,,truncated_svd,standard,AdaBoostClassifier(random_state=0),0,0.7959183673469388,,,,0.06981062889099121,0.006248950958251953
algerian_forest_fires_46279,,,truncated_svd,standard,AdaBoostClassifier(random_state=0),1,0.8367346938775511,,,,0.06969332695007324,0.006234169006347656
algerian_forest_fires_46279,,,truncated_svd,standard,AdaBoostClassifier(random_state=0),2,0.7755102040816326,,,,0.07097792625427246,0.0063779354095458984
algerian_forest_fires_46279,,,truncated_svd,standard,AdaBoostClassifier(random_state=0),3,0.875,,,,0.06904125213623047,0.00661778450012207
algerian_forest_fires_46279,,,truncated_svd,standard,AdaBoostClassifier(random_state=0),4,0.8541666666666666,,,,0.07211947441101074,0.006195545196533203
algerian_forest_fires_46279,,,select_percentile,standard,AdaBoostClassifier(random_state=0),0,1.0,,,,0.07904863357543945,0.006722450256347656
algerian_forest_fires_46279,,,select_percentile,standard,AdaBoostClassifier(random_state=0),1,0.9795918367346939,,,,0.07149958610534668,0.006292819976806641
algerian_forest_fires_46279,,,select_percentile,standard,AdaBoostClassifier(random_state=0),2,1.0,,,,0.06859254837036133,0.006232738494873047
algerian_forest_fires_46279,,,select_percentile,standard,AdaBoostClassifier(random_state=0),3,0.9583333333333334,,,,0.07865047454833984,0.007708549499511719
algerian_forest_fires_46279,,,select_percentile,standard,AdaBoostClassifier(random_state=0),4,0.9375,,,,0.07796955108642578,0.0062901973724365234
algerian_forest_fires_46279,,,generic_univariate,standard,AdaBoostClassifier(random_state=0),0,1.0,,,,0.07945394515991211,0.0068399906158447266
algerian_forest_fires_46279,,,generic_univariate,standard,AdaBoostClassifier(random_state=0),1,1.0,,,,0.08214378356933594,0.006319999694824219
algerian_forest_fires_46279,,,generic_univariate,standard,AdaBoostClassifier(random_state=0),2,1.0,,,,0.0707252025604248,0.006552934646606445
algerian_forest_fires_46279,,,generic_univariate,standard,AdaBoostClassifier(random_state=0),3,0.9583333333333334,,,,0.07666969299316406,0.006474733352661133
algerian_forest_fires_46279,,,generic_univariate,standard,AdaBoostClassifier(random_state=0),4,0.9791666666666666,,,,0.07589960098266602,0.00622105598449707
algerian_forest_fires_46279,,,polynomial_features,standard,AdaBoostClassifier(random_state=0),0,1.0,,,,0.16606497764587402,0.007192134857177734
algerian_forest_fires_46279,,,polynomial_features,standard,AdaBoostClassifier(random_state=0),1,0.9795918367346939,,,,0.1546320915222168,0.010193347930908203
algerian_forest_fires_46279,,,polynomial_features,standard,AdaBoostClassifier(random_state=0),2,1.0,,,,0.18153929710388184,0.008268356323242188
algerian_forest_fires_46279,,,polynomial_features,standard,AdaBoostClassifier(random_state=0),3,0.9791666666666666,,,,0.17007756233215332,0.007061958312988281
algerian_forest_fires_46279,,,polynomial_features,standard,AdaBoostClassifier(random_state=0),4,0.9375,,,,0.1642777919769287,0.007397174835205078
algerian_forest_fires_46279,,,nystroem,standard,AdaBoostClassifier(random_state=0),0,0.8979591836734694,,,,0.19664907455444336,0.0064449310302734375
algerian_forest_fires_46279,,,nystroem,standard,AdaBoostClassifier(random_state=0),1,0.9183673469387755,,,,0.19454002380371094,0.006499052047729492
algerian_forest_fires_46279,,,nystroem,standard,AdaBoostClassifier(random_state=0),2,0.8571428571428571,,,,0.19255900382995605,0.0067424774169921875
algerian_forest_fires_46279,,,nystroem,standard,AdaBoostClassifier(random_state=0),3,0.9583333333333334,,,,0.19277215003967285,0.006518840789794922
algerian_forest_fires_46279,,,nystroem,standard,AdaBoostClassifier(random_state=0),4,0.9375,,,,0.20305848121643066,0.006521701812744141
algerian_forest_fires_46279,,,rbf_sampler,standard,AdaBoostClassifier(random_state=0),0,0.673469387755102,,,,0.1803750991821289,0.006460428237915039
algerian_forest_fires_46279,,,rbf_sampler,standard,AdaBoostClassifier(random_state=0),1,0.7346938775510204,,,,0.17371225357055664,0.006476640701293945
algerian_forest_fires_46279,,,rbf_sampler,standard,AdaBoostClassifier(random_state=0),2,0.5714285714285714,,,,0.18164849281311035,0.006496429443359375
algerian_forest_fires_46279,,,rbf_sampler,standard,AdaBoostClassifier(random_state=0),3,0.6458333333333334,,,,0.17909002304077148,0.006394386291503906
algerian_forest_fires_46279,,,rbf_sampler,standard,AdaBoostClassifier(random_state=0),4,0.6458333333333334,,,,0.16970229148864746,0.006493091583251953
algerian_forest_fires_46279,,,random_trees_embedding,standard,AdaBoostClassifier(random_state=0),0,0.8775510204081632,,,,0.13125967979431152,0.009765148162841797
algerian_forest_fires_46279,,,random_trees_embedding,standard,AdaBoostClassifier(random_state=0),1,0.9591836734693877,,,,0.12720131874084473,0.009775161743164062
algerian_forest_fires_46279,,,random_trees_embedding,standard,AdaBoostClassifier(random_state=0),2,0.9795918367346939,,,,0.12757158279418945,0.009942054748535156
algerian_forest_fires_46279,,,random_trees_embedding,standard,AdaBoostClassifier(random_state=0),3,0.9583333333333334,,,,0.1270303726196289,0.013335227966308594
algerian_forest_fires_46279,,,random_trees_embedding,standard,AdaBoostClassifier(random_state=0),4,0.9375,,,,0.12810921669006348,0.010026931762695312
algerian_forest_fires_46279,,,feature_agglomeration,standard,AdaBoostClassifier(random_state=0),0,0.7142857142857143,,,,0.07357907295227051,0.006174325942993164
algerian_forest_fires_46279,,,feature_agglomeration,standard,AdaBoostClassifier(random_state=0),1,0.8163265306122449,,,,0.07659125328063965,0.006601095199584961
algerian_forest_fires_46279,,,feature_agglomeration,standard,AdaBoostClassifier(random_state=0),2,0.8571428571428571,,,,0.07111930847167969,0.006135463714599609
algerian_forest_fires_46279,,,feature_agglomeration,standard,AdaBoostClassifier(random_state=0),3,0.8333333333333334,,,,0.07148218154907227,0.006512880325317383
algerian_forest_fires_46279,,,feature_agglomeration,standard,AdaBoostClassifier(random_state=0),4,0.875,,,,0.06947875022888184,0.00619053840637207
algerian_forest_fires_46279,,,extra_tree,standard,AdaBoostClassifier(random_state=0),0,1.0,,,,0.07304072380065918,0.006429195404052734
algerian_forest_fires_46279,,,extra_tree,standard,AdaBoostClassifier(random_state=0),1,0.9795918367346939,,,,0.07117009162902832,0.006188631057739258
algerian_forest_fires_46279,,,extra_tree,standard,AdaBoostClassifier(random_state=0),2,1.0,,,,0.07713985443115234,0.006273746490478516
algerian_forest_fires_46279,,,extra_tree,standard,AdaBoostClassifier(random_state=0),3,0.9791666666666666,,,,0.07039546966552734,0.006233692169189453
algerian_forest_fires_46279,,,extra_tree,standard,AdaBoostClassifier(random_state=0),4,0.9375,,,,0.07618045806884766,0.006260871887207031
algerian_forest_fires_46279,,,linear_svc,standard,AdaBoostClassifier(random_state=0),0,1.0,,,,0.07120680809020996,0.0061550140380859375
algerian_forest_fires_46279,,,linear_svc,standard,AdaBoostClassifier(random_state=0),1,0.9795918367346939,,,,0.06888127326965332,0.006188869476318359
algerian_forest_fires_46279,,,linear_svc,standard,AdaBoostClassifier(random_state=0),2,1.0,,,,0.06913185119628906,0.00622105598449707
algerian_forest_fires_46279,,,linear_svc,standard,AdaBoostClassifier(random_state=0),3,0.9583333333333334,,,,0.06980538368225098,0.006238460540771484
algerian_forest_fires_46279,,,linear_svc,standard,AdaBoostClassifier(random_state=0),4,0.9375,,,,0.06905126571655273,0.006161689758300781
algerian_forest_fires_46279,,,kernel_pca,standard,AdaBoostClassifier(random_state=0),0,0.8367346938775511,,,,0.09637975692749023,0.006803035736083984
algerian_forest_fires_46279,,,kernel_pca,standard,AdaBoostClassifier(random_state=0),1,0.9387755102040817,,,,0.09503030776977539,0.0069675445556640625
algerian_forest_fires_46279,,,kernel_pca,standard,AdaBoostClassifier(random_state=0),2,0.9387755102040817,,,,0.09420442581176758,0.006868600845336914
algerian_forest_fires_46279,,,kernel_pca,standard,AdaBoostClassifier(random_state=0),3,0.9583333333333334,,,,0.09570431709289551,0.006779909133911133
algerian_forest_fires_46279,,,kernel_pca,standard,AdaBoostClassifier(random_state=0),4,0.9166666666666666,,,,0.0945596694946289,0.007020235061645508
algerian_forest_fires_46279,,,,minmax,AdaBoostClassifier(random_state=0),0,1.0,,,,0.07551407814025879,0.006516456604003906
algerian_forest_fires_46279,,,,minmax,AdaBoostClassifier(random_state=0),1,0.9795918367346939,,,,0.0729835033416748,0.006227731704711914
algerian_forest_fires_46279,,,,minmax,AdaBoostClassifier(random_state=0),2,1.0,,,,0.07348275184631348,0.006244659423828125
algerian_forest_fires_46279,,,,minmax,AdaBoostClassifier(random_state=0),3,0.9583333333333334,,,,0.07301187515258789,0.0062639713287353516
algerian_forest_fires_46279,,,,minmax,AdaBoostClassifier(random_state=0),4,0.9583333333333334,,,,0.07818460464477539,0.006218671798706055
algerian_forest_fires_46279,,,pca,minmax,AdaBoostClassifier(random_state=0),0,0.8979591836734694,,,,0.07863664627075195,0.006179094314575195
algerian_forest_fires_46279,,,pca,minmax,AdaBoostClassifier(random_state=0),1,0.9591836734693877,,,,0.08192682266235352,0.00630640983581543
algerian_forest_fires_46279,,,pca,minmax,AdaBoostClassifier(random_state=0),2,0.9183673469387755,,,,0.0795600414276123,0.006354570388793945
algerian_forest_fires_46279,,,pca,minmax,AdaBoostClassifier(random_state=0),3,0.8958333333333334,,,,0.07909297943115234,0.00627589225769043
algerian_forest_fires_46279,,,pca,minmax,AdaBoostClassifier(random_state=0),4,0.9375,,,,0.07881021499633789,0.006161928176879883
algerian_forest_fires_46279,,,fastica,minmax,AdaBoostClassifier(random_state=0),0,0.7142857142857143,,,,0.07884001731872559,0.0062313079833984375
algerian_forest_fires_46279,,,fastica,minmax,AdaBoostClassifier(random_state=0),1,0.8163265306122449,,,,0.08312368392944336,0.006314277648925781
algerian_forest_fires_46279,,,fastica,minmax,AdaBoostClassifier(random_state=0),2,0.7346938775510204,,,,0.0848543643951416,0.008301019668579102
algerian_forest_fires_46279,,,fastica,minmax,AdaBoostClassifier(random_state=0),3,0.8958333333333334,,,,0.08475017547607422,0.006799936294555664
algerian_forest_fires_46279,,,fastica,minmax,AdaBoostClassifier(random_state=0),4,0.875,,,,0.08046317100524902,0.006331443786621094
algerian_forest_fires_46279,,,truncated_svd,minmax,AdaBoostClassifier(random_state=0),0,0.8367346938775511,,,,0.07053256034851074,0.006203651428222656
algerian_forest_fires_46279,,,truncated_svd,minmax,AdaBoostClassifier(random_state=0),1,0.7142857142857143,,,,0.07303905487060547,0.0063059329986572266
algerian_forest_fires_46279,,,truncated_svd,minmax,AdaBoostClassifier(random_state=0),2,0.8367346938775511,,,,0.07232403755187988,0.0063381195068359375
algerian_forest_fires_46279,,,truncated_svd,minmax,AdaBoostClassifier(random_state=0),3,0.8958333333333334,,,,0.07204198837280273,0.006434917449951172
algerian_forest_fires_46279,,,truncated_svd,minmax,AdaBoostClassifier(random_state=0),4,0.9166666666666666,,,,0.0717020034790039,0.006279468536376953
algerian_forest_fires_46279,,,select_percentile,minmax,AdaBoostClassifier(random_state=0),0,1.0,,,,0.07570624351501465,0.008624792098999023
algerian_forest_fires_46279,,,select_percentile,minmax,AdaBoostClassifier(random_state=0),1,0.9795918367346939,,,,0.06863975524902344,0.008081912994384766
algerian_forest_fires_46279,,,select_percentile,minmax,AdaBoostClassifier(random_state=0),2,1.0,,,,0.08347654342651367,0.006566524505615234
algerian_forest_fires_46279,,,select_percentile,minmax,AdaBoostClassifier(random_state=0),3,0.9583333333333334,,,,0.07407879829406738,0.006443977355957031
algerian_forest_fires_46279,,,select_percentile,minmax,AdaBoostClassifier(random_state=0),4,0.9375,,,,0.07580757141113281,0.006678342819213867
algerian_forest_fires_46279,,,generic_univariate,minmax,AdaBoostClassifier(random_state=0),0,1.0,,,,0.06911087036132812,0.006274700164794922
algerian_forest_fires_46279,,,generic_univariate,minmax,AdaBoostClassifier(random_state=0),1,1.0,,,,0.07094287872314453,0.0066335201263427734
algerian_forest_fires_46279,,,generic_univariate,minmax,AdaBoostClassifier(random_state=0),2,1.0,,,,0.0707552433013916,0.006364345550537109
algerian_forest_fires_46279,,,generic_univariate,minmax,AdaBoostClassifier(random_state=0),3,0.9583333333333334,,,,0.07024884223937988,0.0062100887298583984
algerian_forest_fires_46279,,,generic_univariate,minmax,AdaBoostClassifier(random_state=0),4,0.9791666666666666,,,,0.07852315902709961,0.0070116519927978516
algerian_forest_fires_46279,,,polynomial_features,minmax,AdaBoostClassifier(random_state=0),0,0.9795918367346939,,,,0.1479935646057129,0.0069751739501953125
algerian_forest_fires_46279,,,polynomial_features,minmax,AdaBoostClassifier(random_state=0),1,0.9795918367346939,,,,0.13869476318359375,0.006463289260864258
algerian_forest_fires_46279,,,polynomial_features,minmax,AdaBoostClassifier(random_state=0),2,1.0,,,,0.13665461540222168,0.006485462188720703
algerian_forest_fires_46279,,,polynomial_features,minmax,AdaBoostClassifier(random_state=0),3,0.9583333333333334,,,,0.13429903984069824,0.006417512893676758
algerian_forest_fires_46279,,,polynomial_features,minmax,AdaBoostClassifier(random_state=0),4,0.8958333333333334,,,,0.13303780555725098,0.006330251693725586
algerian_forest_fires_46279,,,nystroem,minmax,AdaBoostClassifier(random_state=0),0,0.8979591836734694,,,,0.182966947555542,0.006475925445556641
algerian_forest_fires_46279,,,nystroem,minmax,AdaBoostClassifier(random_state=0),1,0.9387755102040817,,,,0.18637681007385254,0.006478309631347656
algerian_forest_fires_46279,,,nystroem,minmax,AdaBoostClassifier(random_state=0),2,0.8775510204081632,,,,0.19443798065185547,0.006605863571166992
algerian_forest_fires_46279,,,nystroem,minmax,AdaBoostClassifier(random_state=0),3,0.9583333333333334,,,,0.20194458961486816,0.006747722625732422
algerian_forest_fires_46279,,,nystroem,minmax,AdaBoostClassifier(random_state=0),4,0.9375,,,,0.2029860019683838,0.00834202766418457
algerian_forest_fires_46279,,,rbf_sampler,minmax,AdaBoostClassifier(random_state=0),0,0.9591836734693877,,,,0.18796372413635254,0.00638270378112793
algerian_forest_fires_46279,,,rbf_sampler,minmax,AdaBoostClassifier(random_state=0),1,0.9795918367346939,,,,0.1737534999847412,0.006640195846557617
algerian_forest_fires_46279,,,rbf_sampler,minmax,AdaBoostClassifier(random_state=0),2,0.9795918367346939,,,,0.181915283203125,0.006617546081542969
algerian_forest_fires_46279,,,rbf_sampler,minmax,AdaBoostClassifier(random_state=0),3,0.9583333333333334,,,,0.1750037670135498,0.006921529769897461
algerian_forest_fires_46279,,,rbf_sampler,minmax,AdaBoostClassifier(random_state=0),4,0.9375,,,,0.19278550148010254,0.007117748260498047
algerian_forest_fires_46279,,,random_trees_embedding,minmax,AdaBoostClassifier(random_state=0),0,0.8775510204081632,,,,0.15076637268066406,0.010712385177612305
algerian_forest_fires_46279,,,random_trees_embedding,minmax,AdaBoostClassifier(random_state=0),1,0.9591836734693877,,,,0.13858246803283691,0.010049104690551758
algerian_forest_fires_46279,,,random_trees_embedding,minmax,AdaBoostClassifier(random_state=0),2,0.9795918367346939,,,,0.14598751068115234,0.010669946670532227
algerian_forest_fires_46279,,,random_trees_embedding,minmax,AdaBoostClassifier(random_state=0),3,0.9583333333333334,,,,0.1245584487915039,0.009732484817504883
algerian_forest_fires_46279,,,random_trees_embedding,minmax,AdaBoostClassifier(random_state=0),4,0.9375,,,,0.12995481491088867,0.009787559509277344
algerian_forest_fires_46279,,,feature_agglomeration,minmax,AdaBoostClassifier(random_state=0),0,0.8571428571428571,,,,0.07072329521179199,0.006233930587768555
algerian_forest_fires_46279,,,feature_agglomeration,minmax,AdaBoostClassifier(random_state=0),1,0.8571428571428571,,,,0.07227730751037598,0.006325721740722656
algerian_forest_fires_46279,,,feature_agglomeration,minmax,AdaBoostClassifier(random_state=0),2,0.8571428571428571,,,,0.06968021392822266,0.006268739700317383
algerian_forest_fires_46279,,,feature_agglomeration,minmax,AdaBoostClassifier(random_state=0),3,0.8333333333333334,,,,0.08378219604492188,0.008191823959350586
algerian_forest_fires_46279,,,feature_agglomeration,minmax,AdaBoostClassifier(random_state=0),4,0.875,,,,0.07094669342041016,0.006302595138549805
algerian_forest_fires_46279,,,extra_tree,minmax,AdaBoostClassifier(random_state=0),0,1.0,,,,0.0790407657623291,0.006314754486083984
algerian_forest_fires_46279,,,extra_tree,minmax,AdaBoostClassifier(random_state=0),1,0.9795918367346939,,,,0.07565069198608398,0.006283283233642578
algerian_forest_fires_46279,,,extra_tree,minmax,AdaBoostClassifier(random_state=0),2,1.0,,,,0.07165145874023438,0.006272315979003906
algerian_forest_fires_46279,,,extra_tree,minmax,AdaBoostClassifier(random_state=0),3,0.9791666666666666,,,,0.07944798469543457,0.008648157119750977
algerian_forest_fires_46279,,,extra_tree,minmax,AdaBoostClassifier(random_state=0),4,0.9375,,,,0.07741546630859375,0.006249189376831055
algerian_forest_fires_46279,,,linear_svc,minmax,AdaBoostClassifier(random_state=0),0,1.0,,,,0.07242560386657715,0.006860256195068359
algerian_forest_fires_46279,,,linear_svc,minmax,AdaBoostClassifier(random_state=0),1,0.9795918367346939,,,,0.06908011436462402,0.006281137466430664
algerian_forest_fires_46279,,,linear_svc,minmax,AdaBoostClassifier(random_state=0),2,1.0,,,,0.08515572547912598,0.00685572624206543
algerian_forest_fires_46279,,,linear_svc,minmax,AdaBoostClassifier(random_state=0),3,0.9583333333333334,,,,0.06919574737548828,0.006341695785522461
algerian_forest_fires_46279,,,linear_svc,minmax,AdaBoostClassifier(random_state=0),4,0.9375,,,,0.06836295127868652,0.006180524826049805
algerian_forest_fires_46279,,,kernel_pca,minmax,AdaBoostClassifier(random_state=0),0,0.8979591836734694,,,,0.0957498550415039,0.006855487823486328
algerian_forest_fires_46279,,,kernel_pca,minmax,AdaBoostClassifier(random_state=0),1,0.9591836734693877,,,,0.09784102439880371,0.0067861080169677734
algerian_forest_fires_46279,,,kernel_pca,minmax,AdaBoostClassifier(random_state=0),2,0.9183673469387755,,,,0.09634685516357422,0.006856203079223633
algerian_forest_fires_46279,,,kernel_pca,minmax,AdaBoostClassifier(random_state=0),3,0.8958333333333334,,,,0.0993189811706543,0.006838560104370117
algerian_forest_fires_46279,,,kernel_pca,minmax,AdaBoostClassifier(random_state=0),4,0.9375,,,,0.09738278388977051,0.006820201873779297
algerian_forest_fires_46279,,,,robust,AdaBoostClassifier(random_state=0),0,1.0,,,,0.0815591812133789,0.0063664913177490234
algerian_forest_fires_46279,,,,robust,AdaBoostClassifier(random_state=0),1,0.9795918367346939,,,,0.07596731185913086,0.0063898563385009766
algerian_forest_fires_46279,,,,robust,AdaBoostClassifier(random_state=0),2,1.0,,,,0.07985448837280273,0.008016109466552734
algerian_forest_fires_46279,,,,robust,AdaBoostClassifier(random_state=0),3,0.9583333333333334,,,,0.07508134841918945,0.006266117095947266
algerian_forest_fires_46279,,,,robust,AdaBoostClassifier(random_state=0),4,0.9583333333333334,,,,0.07417583465576172,0.006294727325439453
algerian_forest_fires_46279,,,pca,robust,AdaBoostClassifier(random_state=0),0,0.8571428571428571,,,,0.0833592414855957,0.00662684440612793
algerian_forest_fires_46279,,,pca,robust,AdaBoostClassifier(random_state=0),1,0.9591836734693877,,,,0.09058761596679688,0.006387948989868164
algerian_forest_fires_46279,,,pca,robust,AdaBoostClassifier(random_state=0),2,0.8775510204081632,,,,0.08028340339660645,0.0062296390533447266
algerian_forest_fires_46279,,,pca,robust,AdaBoostClassifier(random_state=0),3,0.9375,,,,0.08029294013977051,0.00635218620300293
algerian_forest_fires_46279,,,pca,robust,AdaBoostClassifier(random_state=0),4,0.9375,,,,0.08324432373046875,0.006333589553833008
algerian_forest_fires_46279,,,fastica,robust,AdaBoostClassifier(random_state=0),0,0.8979591836734694,,,,0.0819845199584961,0.0063762664794921875
algerian_forest_fires_46279,,,fastica,robust,AdaBoostClassifier(random_state=0),1,0.6326530612244898,,,,0.0937049388885498,0.006338357925415039
algerian_forest_fires_46279,,,fastica,robust,AdaBoostClassifier(random_state=0),2,0.4897959183673469,,,,0.07881021499633789,0.006312370300292969
algerian_forest_fires_46279,,,fastica,robust,AdaBoostClassifier(random_state=0),3,0.9375,,,,0.08614635467529297,0.006322145462036133
algerian_forest_fires_46279,,,fastica,robust,AdaBoostClassifier(random_state=0),4,0.8541666666666666,,,,0.0807032585144043,0.006858110427856445
algerian_forest_fires_46279,,,truncated_svd,robust,AdaBoostClassifier(random_state=0),0,0.7755102040816326,,,,0.06957435607910156,0.0062100887298583984
algerian_forest_fires_46279,,,truncated_svd,robust,AdaBoostClassifier(random_state=0),1,0.9387755102040817,,,,0.06809568405151367,0.006219625473022461
algerian_forest_fires_46279,,,truncated_svd,robust,AdaBoostClassifier(random_state=0),2,0.8163265306122449,,,,0.07005953788757324,0.0062103271484375
algerian_forest_fires_46279,,,truncated_svd,robust,AdaBoostClassifier(random_state=0),3,0.8958333333333334,,,,0.07032418251037598,0.006209850311279297
algerian_forest_fires_46279,,,truncated_svd,robust,AdaBoostClassifier(random_state=0),4,0.8958333333333334,,,,0.06899881362915039,0.006175041198730469
algerian_forest_fires_46279,,,select_percentile,robust,AdaBoostClassifier(random_state=0),0,1.0,,,,0.07124924659729004,0.006091594696044922
algerian_forest_fires_46279,,,select_percentile,robust,AdaBoostClassifier(random_state=0),1,0.9795918367346939,,,,0.06730484962463379,0.006218671798706055
algerian_forest_fires_46279,,,select_percentile,robust,AdaBoostClassifier(random_state=0),2,1.0,,,,0.06691455841064453,0.00605463981628418
algerian_forest_fires_46279,,,select_percentile,robust,AdaBoostClassifier(random_state=0),3,0.9583333333333334,,,,0.06874322891235352,0.006111860275268555
algerian_forest_fires_46279,,,select_percentile,robust,AdaBoostClassifier(random_state=0),4,0.9375,,,,0.06863856315612793,0.0061948299407958984
algerian_forest_fires_46279,,,generic_univariate,robust,AdaBoostClassifier(random_state=0),0,1.0,,,,1.0771441459655762,0.006314516067504883
algerian_forest_fires_46279,,,generic_univariate,robust,AdaBoostClassifier(random_state=0),1,1.0,,,,0.06904792785644531,0.006227731704711914
algerian_forest_fires_46279,,,generic_univariate,robust,AdaBoostClassifier(random_state=0),2,1.0,,,,0.06746840476989746,0.007903099060058594
algerian_forest_fires_46279,,,generic_univariate,robust,AdaBoostClassifier(random_state=0),3,0.9583333333333334,,,,0.07300972938537598,0.006234645843505859
algerian_forest_fires_46279,,,generic_univariate,robust,AdaBoostClassifier(random_state=0),4,0.9791666666666666,,,,0.0682973861694336,0.0062177181243896484
algerian_forest_fires_46279,,,polynomial_features,robust,AdaBoostClassifier(random_state=0),0,0.9795918367346939,,,,0.13513994216918945,0.00645136833190918
algerian_forest_fires_46279,,,polynomial_features,robust,AdaBoostClassifier(random_state=0),1,0.9795918367346939,,,,0.13689470291137695,0.00646209716796875
algerian_forest_fires_46279,,,polynomial_features,robust,AdaBoostClassifier(random_state=0),2,0.9795918367346939,,,,0.13649439811706543,0.006447315216064453
algerian_forest_fires_46279,,,polynomial_features,robust,AdaBoostClassifier(random_state=0),3,0.9791666666666666,,,,0.13461971282958984,0.006394386291503906
algerian_forest_fires_46279,,,polynomial_features,robust,AdaBoostClassifier(random_state=0),4,0.9375,,,,0.13326191902160645,0.006319284439086914
algerian_forest_fires_46279,,,nystroem,robust,AdaBoostClassifier(random_state=0),0,0.8367346938775511,,,,0.18879961967468262,0.0065364837646484375
algerian_forest_fires_46279,,,nystroem,robust,AdaBoostClassifier(random_state=0),1,0.8979591836734694,,,,0.18828797340393066,0.006547212600708008
algerian_forest_fires_46279,,,nystroem,robust,AdaBoostClassifier(random_state=0),2,0.8571428571428571,,,,0.19087791442871094,0.006554126739501953
algerian_forest_fires_46279,,,nystroem,robust,AdaBoostClassifier(random_state=0),3,0.9583333333333334,,,,0.19208478927612305,0.0070037841796875
algerian_forest_fires_46279,,,nystroem,robust,AdaBoostClassifier(random_state=0),4,0.9166666666666666,,,,0.18557262420654297,0.00640869140625
algerian_forest_fires_46279,,,rbf_sampler,robust,AdaBoostClassifier(random_state=0),0,0.5306122448979592,,,,0.1748802661895752,0.006546497344970703
algerian_forest_fires_46279,,,rbf_sampler,robust,AdaBoostClassifier(random_state=0),1,0.7551020408163265,,,,0.17786526679992676,0.006779670715332031
algerian_forest_fires_46279,,,rbf_sampler,robust,AdaBoostClassifier(random_state=0),2,0.7142857142857143,,,,0.18022990226745605,0.006615400314331055
algerian_forest_fires_46279,,,rbf_sampler,robust,AdaBoostClassifier(random_state=0),3,0.7291666666666666,,,,0.17483186721801758,0.006409645080566406
algerian_forest_fires_46279,,,rbf_sampler,robust,AdaBoostClassifier(random_state=0),4,0.6875,,,,0.1731109619140625,0.006468057632446289
algerian_forest_fires_46279,,,random_trees_embedding,robust,AdaBoostClassifier(random_state=0),0,0.8775510204081632,,,,0.13632512092590332,0.011682271957397461
algerian_forest_fires_46279,,,random_trees_embedding,robust,AdaBoostClassifier(random_state=0),1,0.9591836734693877,,,,0.1320044994354248,0.010209321975708008
algerian_forest_fires_46279,,,random_trees_embedding,robust,AdaBoostClassifier(random_state=0),2,0.9795918367346939,,,,0.12449288368225098,0.009784698486328125
algerian_forest_fires_46279,,,random_trees_embedding,robust,AdaBoostClassifier(random_state=0),3,0.9583333333333334,,,,0.1282339096069336,0.010632991790771484
algerian_forest_fires_46279,,,random_trees_embedding,robust,AdaBoostClassifier(random_state=0),4,0.9375,,,,0.12825727462768555,0.010120153427124023
algerian_forest_fires_46279,,,feature_agglomeration,robust,AdaBoostClassifier(random_state=0),0,0.673469387755102,,,,0.06893038749694824,0.0063207149505615234
algerian_forest_fires_46279,,,feature_agglomeration,robust,AdaBoostClassifier(random_state=0),1,0.8571428571428571,,,,0.06959009170532227,0.0062406063079833984
algerian_forest_fires_46279,,,feature_agglomeration,robust,AdaBoostClassifier(random_state=0),2,0.8979591836734694,,,,0.06837821006774902,0.006257295608520508
algerian_forest_fires_46279,,,feature_agglomeration,robust,AdaBoostClassifier(random_state=0),3,0.875,,,,0.07256269454956055,0.006690025329589844
algerian_forest_fires_46279,,,feature_agglomeration,robust,AdaBoostClassifier(random_state=0),4,0.875,,,,0.07220244407653809,0.006201267242431641
algerian_forest_fires_46279,,,extra_tree,robust,AdaBoostClassifier(random_state=0),0,1.0,,,,0.07716822624206543,0.006226778030395508
algerian_forest_fires_46279,,,extra_tree,robust,AdaBoostClassifier(random_state=0),1,0.9795918367346939,,,,0.07616066932678223,0.006830930709838867
algerian_forest_fires_46279,,,extra_tree,robust,AdaBoostClassifier(random_state=0),2,1.0,,,,0.07130289077758789,0.006291627883911133
algerian_forest_fires_46279,,,extra_tree,robust,AdaBoostClassifier(random_state=0),3,0.9791666666666666,,,,0.07538414001464844,0.0062408447265625
algerian_forest_fires_46279,,,extra_tree,robust,AdaBoostClassifier(random_state=0),4,0.9375,,,,0.08136868476867676,0.00867605209350586
algerian_forest_fires_46279,,,linear_svc,robust,AdaBoostClassifier(random_state=0),0,1.0,,,,0.07024502754211426,0.006255149841308594
algerian_forest_fires_46279,,,linear_svc,robust,AdaBoostClassifier(random_state=0),1,0.9795918367346939,,,,0.0712583065032959,0.006267547607421875
algerian_forest_fires_46279,,,linear_svc,robust,AdaBoostClassifier(random_state=0),2,1.0,,,,0.07089376449584961,0.00631260871887207
algerian_forest_fires_46279,,,linear_svc,robust,AdaBoostClassifier(random_state=0),3,0.9583333333333334,,,,0.07234406471252441,0.006513833999633789
algerian_forest_fires_46279,,,linear_svc,robust,AdaBoostClassifier(random_state=0),4,0.9375,,,,0.07158780097961426,0.006228208541870117
algerian_forest_fires_46279,,,kernel_pca,robust,AdaBoostClassifier(random_state=0),0,0.8571428571428571,,,,0.09886860847473145,0.006885051727294922
algerian_forest_fires_46279,,,kernel_pca,robust,AdaBoostClassifier(random_state=0),1,0.9591836734693877,,,,0.0954139232635498,0.006787538528442383
algerian_forest_fires_46279,,,kernel_pca,robust,AdaBoostClassifier(random_state=0),2,0.8775510204081632,,,,0.09650135040283203,0.007165193557739258
algerian_forest_fires_46279,,,kernel_pca,robust,AdaBoostClassifier(random_state=0),3,0.9375,,,,0.09643840789794922,0.0070607662200927734
algerian_forest_fires_46279,,,kernel_pca,robust,AdaBoostClassifier(random_state=0),4,0.9375,,,,0.09939455986022949,0.007256269454956055
algerian_forest_fires_46279,,,,normalizer,AdaBoostClassifier(random_state=0),0,0.9795918367346939,,,,0.0798039436340332,0.0064542293548583984
algerian_forest_fires_46279,,,,normalizer,AdaBoostClassifier(random_state=0),1,0.9795918367346939,,,,0.08023762702941895,0.0064067840576171875
algerian_forest_fires_46279,,,,normalizer,AdaBoostClassifier(random_state=0),2,0.9591836734693877,,,,0.08206033706665039,0.00687098503112793
algerian_forest_fires_46279,,,,normalizer,AdaBoostClassifier(random_state=0),3,1.0,,,,0.08297371864318848,0.0063474178314208984
algerian_forest_fires_46279,,,,normalizer,AdaBoostClassifier(random_state=0),4,0.9583333333333334,,,,0.08356618881225586,0.007165193557739258
algerian_forest_fires_46279,,,pca,normalizer,AdaBoostClassifier(random_state=0),0,0.8979591836734694,,,,0.09550929069519043,0.006413698196411133
algerian_forest_fires_46279,,,pca,normalizer,AdaBoostClassifier(random_state=0),1,0.9795918367346939,,,,0.0826716423034668,0.0066127777099609375
algerian_forest_fires_46279,,,pca,normalizer,AdaBoostClassifier(random_state=0),2,0.8979591836734694,,,,0.08399462699890137,0.006246805191040039
algerian_forest_fires_46279,,,pca,normalizer,AdaBoostClassifier(random_state=0),3,0.9583333333333334,,,,0.0818328857421875,0.006727457046508789
algerian_forest_fires_46279,,,pca,normalizer,AdaBoostClassifier(random_state=0),4,0.9583333333333334,,,,0.08314061164855957,0.006383657455444336
algerian_forest_fires_46279,,,fastica,normalizer,AdaBoostClassifier(random_state=0),0,0.8979591836734694,,,,0.08149170875549316,0.006318807601928711
algerian_forest_fires_46279,,,fastica,normalizer,AdaBoostClassifier(random_state=0),1,0.9183673469387755,,,,0.08515167236328125,0.006831645965576172
algerian_forest_fires_46279,,,fastica,normalizer,AdaBoostClassifier(random_state=0),2,0.8163265306122449,,,,0.08494901657104492,0.0067903995513916016
algerian_forest_fires_46279,,,fastica,normalizer,AdaBoostClassifier(random_state=0),3,0.9166666666666666,,,,0.0828406810760498,0.007842540740966797
algerian_forest_fires_46279,,,fastica,normalizer,AdaBoostClassifier(random_state=0),4,0.875,,,,0.08330082893371582,0.006701469421386719
algerian_forest_fires_46279,,,truncated_svd,normalizer,AdaBoostClassifier(random_state=0),0,0.8163265306122449,,,,0.06909298896789551,0.0062694549560546875
algerian_forest_fires_46279,,,truncated_svd,normalizer,AdaBoostClassifier(random_state=0),1,0.673469387755102,,,,0.07143640518188477,0.006195068359375
algerian_forest_fires_46279,,,truncated_svd,normalizer,AdaBoostClassifier(random_state=0),2,0.8163265306122449,,,,0.09009242057800293,0.007330656051635742
algerian_forest_fires_46279,,,truncated_svd,normalizer,AdaBoostClassifier(random_state=0),3,0.875,,,,0.07215428352355957,0.00619816780090332
algerian_forest_fires_46279,,,truncated_svd,normalizer,AdaBoostClassifier(random_state=0),4,0.8958333333333334,,,,0.06952285766601562,0.00615239143371582
algerian_forest_fires_46279,,,select_percentile,normalizer,AdaBoostClassifier(random_state=0),0,0.9591836734693877,,,,0.06910157203674316,0.006207466125488281
algerian_forest_fires_46279,,,select_percentile,normalizer,AdaBoostClassifier(random_state=0),1,0.9795918367346939,,,,0.06922698020935059,0.006220340728759766
algerian_forest_fires_46279,,,select_percentile,normalizer,AdaBoostClassifier(random_state=0),2,0.9795918367346939,,,,0.07273697853088379,0.006201744079589844
algerian_forest_fires_46279,,,select_percentile,normalizer,AdaBoostClassifier(random_state=0),3,0.9583333333333334,,,,0.06891822814941406,0.00616145133972168
algerian_forest_fires_46279,,,select_percentile,normalizer,AdaBoostClassifier(random_state=0),4,0.9375,,,,0.06899738311767578,0.006225109100341797
algerian_forest_fires_46279,,,generic_univariate,normalizer,AdaBoostClassifier(random_state=0),0,0.9795918367346939,,,,0.06831717491149902,0.006247520446777344
algerian_forest_fires_46279,,,generic_univariate,normalizer,AdaBoostClassifier(random_state=0),1,1.0,,,,0.06872725486755371,0.006262779235839844
algerian_forest_fires_46279,,,generic_univariate,normalizer,AdaBoostClassifier(random_state=0),2,0.9591836734693877,,,,0.07248592376708984,0.006484270095825195
algerian_forest_fires_46279,,,generic_univariate,normalizer,AdaBoostClassifier(random_state=0),3,0.9375,,,,0.0704810619354248,0.0061376094818115234
algerian_forest_fires_46279,,,generic_univariate,normalizer,AdaBoostClassifier(random_state=0),4,0.9583333333333334,,,,0.0691988468170166,0.006310462951660156
algerian_forest_fires_46279,,,polynomial_features,normalizer,AdaBoostClassifier(random_state=0),0,0.9591836734693877,,,,0.16691303253173828,0.006418943405151367
algerian_forest_fires_46279,,,polynomial_features,normalizer,AdaBoostClassifier(random_state=0),1,0.9795918367346939,,,,0.16525030136108398,0.006490230560302734
algerian_forest_fires_46279,,,polynomial_features,normalizer,AdaBoostClassifier(random_state=0),2,0.9795918367346939,,,,0.15547442436218262,0.0065174102783203125
algerian_forest_fires_46279,,,polynomial_features,normalizer,AdaBoostClassifier(random_state=0),3,0.9791666666666666,,,,0.16043639183044434,0.006445884704589844
algerian_forest_fires_46279,,,polynomial_features,normalizer,AdaBoostClassifier(random_state=0),4,0.9583333333333334,,,,0.17408156394958496,0.006421804428100586
algerian_forest_fires_46279,,,nystroem,normalizer,AdaBoostClassifier(random_state=0),0,0.8979591836734694,,,,0.18385028839111328,0.00665593147277832
algerian_forest_fires_46279,,,nystroem,normalizer,AdaBoostClassifier(random_state=0),1,0.9387755102040817,,,,0.19399619102478027,0.007563114166259766
algerian_forest_fires_46279,,,nystroem,normalizer,AdaBoostClassifier(random_state=0),2,0.9387755102040817,,,,0.18944358825683594,0.00642848014831543
algerian_forest_fires_46279,,,nystroem,normalizer,AdaBoostClassifier(random_state=0),3,0.9375,,,,0.18951964378356934,0.006540536880493164
algerian_forest_fires_46279,,,nystroem,normalizer,AdaBoostClassifier(random_state=0),4,0.9166666666666666,,,,0.18757200241088867,0.006368875503540039
algerian_forest_fires_46279,,,rbf_sampler,normalizer,AdaBoostClassifier(random_state=0),0,0.9795918367346939,,,,0.1779921054840088,0.0065822601318359375
algerian_forest_fires_46279,,,rbf_sampler,normalizer,AdaBoostClassifier(random_state=0),1,0.9591836734693877,,,,0.17357206344604492,0.007023811340332031
algerian_forest_fires_46279,,,rbf_sampler,normalizer,AdaBoostClassifier(random_state=0),2,0.8979591836734694,,,,0.1765456199645996,0.006489992141723633
algerian_forest_fires_46279,,,rbf_sampler,normalizer,AdaBoostClassifier(random_state=0),3,0.9375,,,,0.17038536071777344,0.006485939025878906
algerian_forest_fires_46279,,,rbf_sampler,normalizer,AdaBoostClassifier(random_state=0),4,0.9375,,,,0.16988205909729004,0.006434202194213867
algerian_forest_fires_46279,,,random_trees_embedding,normalizer,AdaBoostClassifier(random_state=0),0,0.8979591836734694,,,,0.12829232215881348,0.009840011596679688
algerian_forest_fires_46279,,,random_trees_embedding,normalizer,AdaBoostClassifier(random_state=0),1,0.9591836734693877,,,,0.12676095962524414,0.010111093521118164
algerian_forest_fires_46279,,,random_trees_embedding,normalizer,AdaBoostClassifier(random_state=0),2,1.0,,,,0.14719700813293457,0.009991168975830078
algerian_forest_fires_46279,,,random_trees_embedding,normalizer,AdaBoostClassifier(random_state=0),3,0.9375,,,,0.12649011611938477,0.009795427322387695
algerian_forest_fires_46279,,,random_trees_embedding,normalizer,AdaBoostClassifier(random_state=0),4,0.9583333333333334,,,,0.12217402458190918,0.009749889373779297
algerian_forest_fires_46279,,,feature_agglomeration,normalizer,AdaBoostClassifier(random_state=0),0,0.7959183673469388,,,,0.07214570045471191,0.006223440170288086
algerian_forest_fires_46279,,,feature_agglomeration,normalizer,AdaBoostClassifier(random_state=0),1,0.7346938775510204,,,,0.06843304634094238,0.006264209747314453
algerian_forest_fires_46279,,,feature_agglomeration,normalizer,AdaBoostClassifier(random_state=0),2,0.8163265306122449,,,,0.06906986236572266,0.006159305572509766
algerian_forest_fires_46279,,,feature_agglomeration,normalizer,AdaBoostClassifier(random_state=0),3,0.8125,,,,0.07187032699584961,0.006159305572509766
algerian_forest_fires_46279,,,feature_agglomeration,normalizer,AdaBoostClassifier(random_state=0),4,0.875,,,,0.0707402229309082,0.006231784820556641
algerian_forest_fires_46279,,,extra_tree,normalizer,AdaBoostClassifier(random_state=0),0,0.9795918367346939,,,,0.07257580757141113,0.006251096725463867
algerian_forest_fires_46279,,,extra_tree,normalizer,AdaBoostClassifier(random_state=0),1,0.9795918367346939,,,,0.0817556381225586,0.0073854923248291016
algerian_forest_fires_46279,,,extra_tree,normalizer,AdaBoostClassifier(random_state=0),2,1.0,,,,0.07398438453674316,0.006221771240234375
algerian_forest_fires_46279,,,extra_tree,normalizer,AdaBoostClassifier(random_state=0),3,0.9375,,,,0.08527302742004395,0.008786439895629883
algerian_forest_fires_46279,,,extra_tree,normalizer,AdaBoostClassifier(random_state=0),4,0.9375,,,,0.06961512565612793,0.0062677860260009766
algerian_forest_fires_46279,,,linear_svc,normalizer,AdaBoostClassifier(random_state=0),0,0.9591836734693877,,,,0.0848543643951416,0.007517814636230469
algerian_forest_fires_46279,,,linear_svc,normalizer,AdaBoostClassifier(random_state=0),1,0.9795918367346939,,,,0.09063935279846191,0.006825685501098633
algerian_forest_fires_46279,,,linear_svc,normalizer,AdaBoostClassifier(random_state=0),2,0.9591836734693877,,,,0.07650208473205566,0.006373405456542969
algerian_forest_fires_46279,,,linear_svc,normalizer,AdaBoostClassifier(random_state=0),3,0.9583333333333334,,,,0.07489871978759766,0.00628972053527832
algerian_forest_fires_46279,,,linear_svc,normalizer,AdaBoostClassifier(random_state=0),4,0.9583333333333334,,,,0.07635140419006348,0.0067005157470703125
algerian_forest_fires_46279,,,kernel_pca,normalizer,AdaBoostClassifier(random_state=0),0,0.8979591836734694,,,,0.0990457534790039,0.007782936096191406
algerian_forest_fires_46279,,,kernel_pca,normalizer,AdaBoostClassifier(random_state=0),1,0.9795918367346939,,,,0.1190028190612793,0.0074651241302490234
algerian_forest_fires_46279,,,kernel_pca,normalizer,AdaBoostClassifier(random_state=0),2,0.8979591836734694,,,,0.11104774475097656,0.0069963932037353516
algerian_forest_fires_46279,,,kernel_pca,normalizer,AdaBoostClassifier(random_state=0),3,0.9583333333333334,,,,0.11949372291564941,0.006797075271606445
algerian_forest_fires_46279,,,kernel_pca,normalizer,AdaBoostClassifier(random_state=0),4,0.9583333333333334,,,,0.10768795013427734,0.006817340850830078
algerian_forest_fires_46279,,,,power,AdaBoostClassifier(random_state=0),0,1.0,,,,0.07503485679626465,0.006419658660888672
algerian_forest_fires_46279,,,,power,AdaBoostClassifier(random_state=0),1,0.9795918367346939,,,,0.07863235473632812,0.006417274475097656
algerian_forest_fires_46279,,,,power,AdaBoostClassifier(random_state=0),2,1.0,,,,0.08118033409118652,0.006478071212768555
algerian_forest_fires_46279,,,,power,AdaBoostClassifier(random_state=0),3,0.9583333333333334,,,,0.07821202278137207,0.006316661834716797
algerian_forest_fires_46279,,,,power,AdaBoostClassifier(random_state=0),4,0.9583333333333334,,,,0.07570743560791016,0.0063323974609375
algerian_forest_fires_46279,,,pca,power,AdaBoostClassifier(random_state=0),0,0.9387755102040817,,,,0.0928812026977539,0.007475376129150391
algerian_forest_fires_46279,,,pca,power,AdaBoostClassifier(random_state=0),1,0.9591836734693877,,,,0.08491015434265137,0.006306171417236328
algerian_forest_fires_46279,,,pca,power,AdaBoostClassifier(random_state=0),2,0.9183673469387755,,,,0.0811014175415039,0.0063822269439697266
algerian_forest_fires_46279,,,pca,power,AdaBoostClassifier(random_state=0),3,0.9791666666666666,,,,0.09541058540344238,0.007233142852783203
algerian_forest_fires_46279,,,pca,power,AdaBoostClassifier(random_state=0),4,0.9791666666666666,,,,0.08360934257507324,0.006840944290161133
algerian_forest_fires_46279,,,fastica,power,AdaBoostClassifier(random_state=0),0,0.7551020408163265,,,,0.08128786087036133,0.00645899772644043
algerian_forest_fires_46279,,,fastica,power,AdaBoostClassifier(random_state=0),1,0.9387755102040817,,,,0.09455394744873047,0.0071260929107666016
algerian_forest_fires_46279,,,fastica,power,AdaBoostClassifier(random_state=0),2,0.9183673469387755,,,,0.08754563331604004,0.006284475326538086
algerian_forest_fires_46279,,,fastica,power,AdaBoostClassifier(random_state=0),3,0.9791666666666666,,,,0.08299684524536133,0.0063610076904296875
algerian_forest_fires_46279,,,fastica,power,AdaBoostClassifier(random_state=0),4,0.875,,,,0.08207535743713379,0.006296396255493164
algerian_forest_fires_46279,,,truncated_svd,power,AdaBoostClassifier(random_state=0),0,0.8163265306122449,,,,0.0691077709197998,0.00622248649597168
algerian_forest_fires_46279,,,truncated_svd,power,AdaBoostClassifier(random_state=0),1,0.8775510204081632,,,,0.06973814964294434,0.006174325942993164
algerian_forest_fires_46279,,,truncated_svd,power,AdaBoostClassifier(random_state=0),2,0.8367346938775511,,,,0.0704648494720459,0.006232023239135742
algerian_forest_fires_46279,,,truncated_svd,power,AdaBoostClassifier(random_state=0),3,0.8958333333333334,,,,0.07229995727539062,0.008446216583251953
algerian_forest_fires_46279,,,truncated_svd,power,AdaBoostClassifier(random_state=0),4,0.8958333333333334,,,,0.06949138641357422,0.006242275238037109
algerian_forest_fires_46279,,,select_percentile,power,AdaBoostClassifier(random_state=0),0,1.0,,,,0.06906676292419434,0.006242990493774414
algerian_forest_fires_46279,,,select_percentile,power,AdaBoostClassifier(random_state=0),1,0.9795918367346939,,,,0.0692436695098877,0.006325244903564453
algerian_forest_fires_46279,,,select_percentile,power,AdaBoostClassifier(random_state=0),2,1.0,,,,0.07007122039794922,0.006240367889404297
algerian_forest_fires_46279,,,select_percentile,power,AdaBoostClassifier(random_state=0),3,0.9583333333333334,,,,0.06941437721252441,0.006258487701416016
algerian_forest_fires_46279,,,select_percentile,power,AdaBoostClassifier(random_state=0),4,0.9791666666666666,,,,0.07190918922424316,0.00626683235168457
algerian_forest_fires_46279,,,generic_univariate,power,AdaBoostClassifier(random_state=0),0,0.9183673469387755,,,,0.0683445930480957,0.006186723709106445
algerian_forest_fires_46279,,,generic_univariate,power,AdaBoostClassifier(random_state=0),1,0.9183673469387755,,,,0.07118773460388184,0.006831645965576172
algerian_forest_fires_46279,,,generic_univariate,power,AdaBoostClassifier(random_state=0),2,0.8775510204081632,,,,0.06988120079040527,0.0064966678619384766
algerian_forest_fires_46279,,,generic_univariate,power,AdaBoostClassifier(random_state=0),3,0.9583333333333334,,,,0.06792044639587402,0.006285429000854492
algerian_forest_fires_46279,,,generic_univariate,power,AdaBoostClassifier(random_state=0),4,0.9583333333333334,,,,0.06739521026611328,0.007099628448486328
algerian_forest_fires_46279,,,polynomial_features,power,AdaBoostClassifier(random_state=0),0,1.0,,,,0.14665842056274414,0.006620645523071289
algerian_forest_fires_46279,,,polynomial_features,power,AdaBoostClassifier(random_state=0),1,0.9795918367346939,,,,0.14852499961853027,0.006501674652099609
algerian_forest_fires_46279,,,polynomial_features,power,AdaBoostClassifier(random_state=0),2,1.0,,,,0.1478724479675293,0.006373167037963867
algerian_forest_fires_46279,,,polynomial_features,power,AdaBoostClassifier(random_state=0),3,0.9583333333333334,,,,0.1459808349609375,0.006437778472900391
algerian_forest_fires_46279,,,polynomial_features,power,AdaBoostClassifier(random_state=0),4,0.9375,,,,0.15552115440368652,0.0063860416412353516
algerian_forest_fires_46279,,,nystroem,power,AdaBoostClassifier(random_state=0),0,0.9183673469387755,,,,0.1866166591644287,0.0065042972564697266
algerian_forest_fires_46279,,,nystroem,power,AdaBoostClassifier(random_state=0),1,0.9591836734693877,,,,0.19298219680786133,0.006606340408325195
algerian_forest_fires_46279,,,nystroem,power,AdaBoostClassifier(random_state=0),2,0.8979591836734694,,,,0.20743393898010254,0.006556272506713867
algerian_forest_fires_46279,,,nystroem,power,AdaBoostClassifier(random_state=0),3,0.9166666666666666,,,,0.18576860427856445,0.006636857986450195
algerian_forest_fires_46279,,,nystroem,power,AdaBoostClassifier(random_state=0),4,0.9791666666666666,,,,0.21201586723327637,0.007524967193603516
algerian_forest_fires_46279,,,rbf_sampler,power,AdaBoostClassifier(random_state=0),0,0.46938775510204084,,,,0.18085741996765137,0.0064013004302978516
algerian_forest_fires_46279,,,rbf_sampler,power,AdaBoostClassifier(random_state=0),1,0.7346938775510204,,,,0.17938804626464844,0.006509542465209961
algerian_forest_fires_46279,,,rbf_sampler,power,AdaBoostClassifier(random_state=0),2,0.5306122448979592,,,,0.17570781707763672,0.006564617156982422
algerian_forest_fires_46279,,,rbf_sampler,power,AdaBoostClassifier(random_state=0),3,0.7083333333333334,,,,0.17918157577514648,0.006705045700073242
algerian_forest_fires_46279,,,rbf_sampler,power,AdaBoostClassifier(random_state=0),4,0.5208333333333334,,,,0.1822037696838379,0.006546974182128906
algerian_forest_fires_46279,,,random_trees_embedding,power,AdaBoostClassifier(random_state=0),0,0.9795918367346939,,,,0.1275315284729004,0.011553525924682617
algerian_forest_fires_46279,,,random_trees_embedding,power,AdaBoostClassifier(random_state=0),1,0.9591836734693877,,,,0.1280229091644287,0.01006770133972168
algerian_forest_fires_46279,,,random_trees_embedding,power,AdaBoostClassifier(random_state=0),2,0.9591836734693877,,,,0.13312554359436035,0.009785652160644531
algerian_forest_fires_46279,,,random_trees_embedding,power,AdaBoostClassifier(random_state=0),3,0.9791666666666666,,,,0.13351130485534668,0.009740114212036133
algerian_forest_fires_46279,,,random_trees_embedding,power,AdaBoostClassifier(random_state=0),4,0.9583333333333334,,,,0.13234972953796387,0.009975671768188477
algerian_forest_fires_46279,,,feature_agglomeration,power,AdaBoostClassifier(random_state=0),0,0.8571428571428571,,,,0.06890630722045898,0.006238222122192383
algerian_forest_fires_46279,,,feature_agglomeration,power,AdaBoostClassifier(random_state=0),1,0.9183673469387755,,,,0.07367300987243652,0.006254911422729492
algerian_forest_fires_46279,,,feature_agglomeration,power,AdaBoostClassifier(random_state=0),2,0.8367346938775511,,,,0.07441401481628418,0.006506681442260742
algerian_forest_fires_46279,,,feature_agglomeration,power,AdaBoostClassifier(random_state=0),3,0.875,,,,0.06950616836547852,0.006188631057739258
algerian_forest_fires_46279,,,feature_agglomeration,power,AdaBoostClassifier(random_state=0),4,0.8958333333333334,,,,0.08445239067077637,0.00866079330444336
algerian_forest_fires_46279,,,extra_tree,power,AdaBoostClassifier(random_state=0),0,1.0,,,,0.07032012939453125,0.00625300407409668
algerian_forest_fires_46279,,,extra_tree,power,AdaBoostClassifier(random_state=0),1,0.9795918367346939,,,,0.07164168357849121,0.006307840347290039
algerian_forest_fires_46279,,,extra_tree,power,AdaBoostClassifier(random_state=0),2,1.0,,,,0.07275176048278809,0.00634455680847168
algerian_forest_fires_46279,,,extra_tree,power,AdaBoostClassifier(random_state=0),3,0.9791666666666666,,,,0.07263755798339844,0.006350278854370117
algerian_forest_fires_46279,,,extra_tree,power,AdaBoostClassifier(random_state=0),4,0.9375,,,,0.07131409645080566,0.006205558776855469
algerian_forest_fires_46279,,,linear_svc,power,AdaBoostClassifier(random_state=0),0,0.9795918367346939,,,,0.0700538158416748,0.00627899169921875
algerian_forest_fires_46279,,,linear_svc,power,AdaBoostClassifier(random_state=0),1,0.9795918367346939,,,,0.07038307189941406,0.006309032440185547
algerian_forest_fires_46279,,,linear_svc,power,AdaBoostClassifier(random_state=0),2,1.0,,,,0.07555198669433594,0.0065076351165771484
algerian_forest_fires_46279,,,linear_svc,power,AdaBoostClassifier(random_state=0),3,0.9583333333333334,,,,0.07477068901062012,0.006268501281738281
algerian_forest_fires_46279,,,linear_svc,power,AdaBoostClassifier(random_state=0),4,0.9375,,,,0.07002544403076172,0.006154298782348633
algerian_forest_fires_46279,,,kernel_pca,power,AdaBoostClassifier(random_state=0),0,0.9387755102040817,,,,0.09787964820861816,0.0068171024322509766
algerian_forest_fires_46279,,,kernel_pca,power,AdaBoostClassifier(random_state=0),1,0.9591836734693877,,,,0.09584259986877441,0.006944179534912109
algerian_forest_fires_46279,,,kernel_pca,power,AdaBoostClassifier(random_state=0),2,0.9183673469387755,,,,0.0880882740020752,0.0062732696533203125
algerian_forest_fires_46279,,,kernel_pca,power,AdaBoostClassifier(random_state=0),3,0.9791666666666666,,,,0.10917544364929199,0.0068874359130859375
algerian_forest_fires_46279,,,kernel_pca,power,AdaBoostClassifier(random_state=0),4,0.9791666666666666,,,,0.09775567054748535,0.006854534149169922
algerian_forest_fires_46279,,,,quantile,AdaBoostClassifier(random_state=0),0,1.0,,,,0.07444286346435547,0.0064656734466552734
algerian_forest_fires_46279,,,,quantile,AdaBoostClassifier(random_state=0),1,0.9795918367346939,,,,0.0790553092956543,0.0068814754486083984
algerian_forest_fires_46279,,,,quantile,AdaBoostClassifier(random_state=0),2,1.0,,,,0.07568740844726562,0.0063610076904296875
algerian_forest_fires_46279,,,,quantile,AdaBoostClassifier(random_state=0),3,0.9583333333333334,,,,0.07849240303039551,0.006363391876220703
algerian_forest_fires_46279,,,,quantile,AdaBoostClassifier(random_state=0),4,0.9583333333333334,,,,0.07892823219299316,0.006386995315551758
algerian_forest_fires_46279,,,pca,quantile,AdaBoostClassifier(random_state=0),0,0.9183673469387755,,,,0.08222103118896484,0.006486654281616211
algerian_forest_fires_46279,,,pca,quantile,AdaBoostClassifier(random_state=0),1,0.9795918367346939,,,,0.08142900466918945,0.006465911865234375
algerian_forest_fires_46279,,,pca,quantile,AdaBoostClassifier(random_state=0),2,0.9795918367346939,,,,0.08576607704162598,0.00631260871887207
algerian_forest_fires_46279,,,pca,quantile,AdaBoostClassifier(random_state=0),3,0.9166666666666666,,,,0.0877530574798584,0.006391763687133789
algerian_forest_fires_46279,,,pca,quantile,AdaBoostClassifier(random_state=0),4,0.9375,,,,0.09145116806030273,0.0068624019622802734
algerian_forest_fires_46279,,,fastica,quantile,AdaBoostClassifier(random_state=0),0,0.6530612244897959,,,,0.08149957656860352,0.006312847137451172
algerian_forest_fires_46279,,,fastica,quantile,AdaBoostClassifier(random_state=0),1,0.7755102040816326,,,,0.08123779296875,0.006307840347290039
algerian_forest_fires_46279,,,fastica,quantile,AdaBoostClassifier(random_state=0),2,0.7959183673469388,,,,0.08193659782409668,0.0064296722412109375
algerian_forest_fires_46279,,,fastica,quantile,AdaBoostClassifier(random_state=0),3,0.875,,,,0.09505343437194824,0.006546974182128906
algerian_forest_fires_46279,,,fastica,quantile,AdaBoostClassifier(random_state=0),4,0.8541666666666666,,,,0.0940866470336914,0.006916046142578125
algerian_forest_fires_46279,,,truncated_svd,quantile,AdaBoostClassifier(random_state=0),0,0.8571428571428571,,,,0.07067584991455078,0.006260395050048828
algerian_forest_fires_46279,,,truncated_svd,quantile,AdaBoostClassifier(random_state=0),1,0.8979591836734694,,,,0.08025670051574707,0.0063037872314453125
algerian_forest_fires_46279,,,truncated_svd,quantile,AdaBoostClassifier(random_state=0),2,0.8979591836734694,,,,0.07351469993591309,0.0064239501953125
algerian_forest_fires_46279,,,truncated_svd,quantile,AdaBoostClassifier(random_state=0),3,0.9166666666666666,,,,0.07630467414855957,0.006225109100341797
algerian_forest_fires_46279,,,truncated_svd,quantile,AdaBoostClassifier(random_state=0),4,0.9166666666666666,,,,0.07605171203613281,0.006974458694458008
algerian_forest_fires_46279,,,select_percentile,quantile,AdaBoostClassifier(random_state=0),0,1.0,,,,0.07602787017822266,0.0062901973724365234
algerian_forest_fires_46279,,,select_percentile,quantile,AdaBoostClassifier(random_state=0),1,0.9795918367346939,,,,0.07051777839660645,0.0062541961669921875
algerian_forest_fires_46279,,,select_percentile,quantile,AdaBoostClassifier(random_state=0),2,1.0,,,,0.08969926834106445,0.006393909454345703
algerian_forest_fires_46279,,,select_percentile,quantile,AdaBoostClassifier(random_state=0),3,0.9583333333333334,,,,0.08442401885986328,0.0067708492279052734
algerian_forest_fires_46279,,,select_percentile,quantile,AdaBoostClassifier(random_state=0),4,0.9375,,,,0.07154083251953125,0.006224870681762695
algerian_forest_fires_46279,,,generic_univariate,quantile,AdaBoostClassifier(random_state=0),0,1.0,,,,0.07037925720214844,0.006421327590942383
algerian_forest_fires_46279,,,generic_univariate,quantile,AdaBoostClassifier(random_state=0),1,0.9795918367346939,,,,0.0761404037475586,0.007100105285644531
algerian_forest_fires_46279,,,generic_univariate,quantile,AdaBoostClassifier(random_state=0),2,1.0,,,,0.07514286041259766,0.006312847137451172
algerian_forest_fires_46279,,,generic_univariate,quantile,AdaBoostClassifier(random_state=0),3,0.9375,,,,0.0740506649017334,0.00641179084777832
algerian_forest_fires_46279,,,generic_univariate,quantile,AdaBoostClassifier(random_state=0),4,0.9375,,,,0.06886744499206543,0.006395816802978516
algerian_forest_fires_46279,,,polynomial_features,quantile,AdaBoostClassifier(random_state=0),0,0.9795918367346939,,,,0.1431105136871338,0.006496429443359375
algerian_forest_fires_46279,,,polynomial_features,quantile,AdaBoostClassifier(random_state=0),1,0.9795918367346939,,,,0.14336061477661133,0.0068531036376953125
algerian_forest_fires_46279,,,polynomial_features,quantile,AdaBoostClassifier(random_state=0),2,0.9795918367346939,,,,0.1498856544494629,0.008884429931640625
algerian_forest_fires_46279,,,polynomial_features,quantile,AdaBoostClassifier(random_state=0),3,1.0,,,,0.1429731845855713,0.006382465362548828
algerian_forest_fires_46279,,,polynomial_features,quantile,AdaBoostClassifier(random_state=0),4,0.875,,,,0.14088153839111328,0.006567478179931641
algerian_forest_fires_46279,,,nystroem,quantile,AdaBoostClassifier(random_state=0),0,0.9183673469387755,,,,0.22357678413391113,0.0064716339111328125
algerian_forest_fires_46279,,,nystroem,quantile,AdaBoostClassifier(random_state=0),1,0.9795918367346939,,,,0.1921699047088623,0.006518363952636719
algerian_forest_fires_46279,,,nystroem,quantile,AdaBoostClassifier(random_state=0),2,0.8163265306122449,,,,0.21831703186035156,0.0065495967864990234
algerian_forest_fires_46279,,,nystroem,quantile,AdaBoostClassifier(random_state=0),3,0.9375,,,,0.18437767028808594,0.0066645145416259766
algerian_forest_fires_46279,,,nystroem,quantile,AdaBoostClassifier(random_state=0),4,0.9166666666666666,,,,0.2021617889404297,0.006502866744995117
algerian_forest_fires_46279,,,rbf_sampler,quantile,AdaBoostClassifier(random_state=0),0,0.9591836734693877,,,,0.18677759170532227,0.006783962249755859
algerian_forest_fires_46279,,,rbf_sampler,quantile,AdaBoostClassifier(random_state=0),1,0.9795918367346939,,,,0.17783451080322266,0.006533384323120117
algerian_forest_fires_46279,,,rbf_sampler,quantile,AdaBoostClassifier(random_state=0),2,0.9795918367346939,,,,0.18007230758666992,0.006495237350463867
algerian_forest_fires_46279,,,rbf_sampler,quantile,AdaBoostClassifier(random_state=0),3,0.9583333333333334,,,,0.1773221492767334,0.006470203399658203
algerian_forest_fires_46279,,,rbf_sampler,quantile,AdaBoostClassifier(random_state=0),4,0.9583333333333334,,,,0.1825406551361084,0.006545066833496094
algerian_forest_fires_46279,,,random_trees_embedding,quantile,AdaBoostClassifier(random_state=0),0,0.9591836734693877,,,,0.1340019702911377,0.009979724884033203
algerian_forest_fires_46279,,,random_trees_embedding,quantile,AdaBoostClassifier(random_state=0),1,1.0,,,,0.14389944076538086,0.010243892669677734
algerian_forest_fires_46279,,,random_trees_embedding,quantile,AdaBoostClassifier(random_state=0),2,0.9591836734693877,,,,0.13746094703674316,0.009947776794433594
algerian_forest_fires_46279,,,random_trees_embedding,quantile,AdaBoostClassifier(random_state=0),3,0.9375,,,,0.14989423751831055,0.009981632232666016
algerian_forest_fires_46279,,,random_trees_embedding,quantile,AdaBoostClassifier(random_state=0),4,0.9791666666666666,,,,0.1379690170288086,0.010605335235595703
algerian_forest_fires_46279,,,feature_agglomeration,quantile,AdaBoostClassifier(random_state=0),0,0.8367346938775511,,,,0.07234883308410645,0.006409406661987305
algerian_forest_fires_46279,,,feature_agglomeration,quantile,AdaBoostClassifier(random_state=0),1,0.8571428571428571,,,,0.07003164291381836,0.006233930587768555
algerian_forest_fires_46279,,,feature_agglomeration,quantile,AdaBoostClassifier(random_state=0),2,0.8775510204081632,,,,0.07016968727111816,0.007376194000244141
algerian_forest_fires_46279,,,feature_agglomeration,quantile,AdaBoostClassifier(random_state=0),3,0.875,,,,0.07115530967712402,0.006156206130981445
algerian_forest_fires_46279,,,feature_agglomeration,quantile,AdaBoostClassifier(random_state=0),4,0.8958333333333334,,,,0.07467865943908691,0.006338834762573242
algerian_forest_fires_46279,,,extra_tree,quantile,AdaBoostClassifier(random_state=0),0,1.0,,,,0.07367539405822754,0.006204128265380859
algerian_forest_fires_46279,,,extra_tree,quantile,AdaBoostClassifier(random_state=0),1,0.9795918367346939,,,,0.07150793075561523,0.006321907043457031
algerian_forest_fires_46279,,,extra_tree,quantile,AdaBoostClassifier(random_state=0),2,1.0,,,,0.07629728317260742,0.006682157516479492
algerian_forest_fires_46279,,,extra_tree,quantile,AdaBoostClassifier(random_state=0),3,0.9791666666666666,,,,0.07044482231140137,0.006219387054443359
algerian_forest_fires_46279,,,extra_tree,quantile,AdaBoostClassifier(random_state=0),4,0.9375,,,,0.07100510597229004,0.006189107894897461
algerian_forest_fires_46279,,,linear_svc,quantile,AdaBoostClassifier(random_state=0),0,1.0,,,,0.08602476119995117,0.006241321563720703
algerian_forest_fires_46279,,,linear_svc,quantile,AdaBoostClassifier(random_state=0),1,0.9795918367346939,,,,0.07016754150390625,0.0062999725341796875
algerian_forest_fires_46279,,,linear_svc,quantile,AdaBoostClassifier(random_state=0),2,1.0,,,,0.07350730895996094,0.006254911422729492
algerian_forest_fires_46279,,,linear_svc,quantile,AdaBoostClassifier(random_state=0),3,0.9583333333333334,,,,0.06878805160522461,0.00616908073425293
algerian_forest_fires_46279,,,linear_svc,quantile,AdaBoostClassifier(random_state=0),4,0.9375,,,,0.07227253913879395,0.006433725357055664
algerian_forest_fires_46279,,,kernel_pca,quantile,AdaBoostClassifier(random_state=0),0,0.9183673469387755,,,,0.11023116111755371,0.006324052810668945
algerian_forest_fires_46279,,,kernel_pca,quantile,AdaBoostClassifier(random_state=0),1,0.9795918367346939,,,,0.11452937126159668,0.006327390670776367
algerian_forest_fires_46279,,,kernel_pca,quantile,AdaBoostClassifier(random_state=0),2,0.9795918367346939,,,,0.09881067276000977,0.0069141387939453125
algerian_forest_fires_46279,,,kernel_pca,quantile,AdaBoostClassifier(random_state=0),3,0.9166666666666666,,,,0.09753942489624023,0.006786346435546875
algerian_forest_fires_46279,,,kernel_pca,quantile,AdaBoostClassifier(random_state=0),4,0.9375,,,,0.10758090019226074,0.008480548858642578
algerian_forest_fires_46279,,onehot,,,AdaBoostClassifier(random_state=0),0,1.0,,,No using One Hot,0.09514093399047852,0.0076901912689208984
algerian_forest_fires_46279,,onehot,,,AdaBoostClassifier(random_state=0),1,0.9795918367346939,,,No using One Hot,0.08005905151367188,0.0074481964111328125
algerian_forest_fires_46279,,onehot,,,AdaBoostClassifier(random_state=0),2,1.0,,,No using One Hot,0.08094978332519531,0.0073223114013671875
algerian_forest_fires_46279,,onehot,,,AdaBoostClassifier(random_state=0),3,0.9583333333333334,,,No using One Hot,0.17030119895935059,0.02272939682006836
algerian_forest_fires_46279,,onehot,,,AdaBoostClassifier(random_state=0),4,0.9583333333333334,,,No using One Hot,0.10694098472595215,0.007848739624023438
algerian_forest_fires_46279,,onehot,pca,,AdaBoostClassifier(random_state=0),0,0.9387755102040817,,,No using One Hot,0.16321325302124023,0.01049661636352539
algerian_forest_fires_46279,,onehot,pca,,AdaBoostClassifier(random_state=0),1,0.9591836734693877,,,No using One Hot,0.18424463272094727,0.008538007736206055
algerian_forest_fires_46279,,onehot,pca,,AdaBoostClassifier(random_state=0),2,0.9387755102040817,,,No using One Hot,0.10787558555603027,0.009086847305297852
algerian_forest_fires_46279,,onehot,pca,,AdaBoostClassifier(random_state=0),3,0.9375,,,No using One Hot,0.09139323234558105,0.006401777267456055
algerian_forest_fires_46279,,onehot,pca,,AdaBoostClassifier(random_state=0),4,0.9375,,,No using One Hot,0.0872201919555664,0.006269216537475586
algerian_forest_fires_46279,,onehot,fastica,,AdaBoostClassifier(random_state=0),0,0.6326530612244898,,,No using One Hot,0.08136820793151855,0.0062749385833740234
algerian_forest_fires_46279,,onehot,fastica,,AdaBoostClassifier(random_state=0),1,0.6938775510204082,,,No using One Hot,0.09361481666564941,0.006273984909057617
algerian_forest_fires_46279,,onehot,fastica,,AdaBoostClassifier(random_state=0),2,0.8775510204081632,,,No using One Hot,0.08754134178161621,0.006442546844482422
algerian_forest_fires_46279,,onehot,fastica,,AdaBoostClassifier(random_state=0),3,0.875,,,No using One Hot,0.08694124221801758,0.006570339202880859
algerian_forest_fires_46279,,onehot,fastica,,AdaBoostClassifier(random_state=0),4,0.6041666666666666,,,No using One Hot,0.09426236152648926,0.008054494857788086
algerian_forest_fires_46279,,onehot,truncated_svd,,AdaBoostClassifier(random_state=0),0,0.8163265306122449,,,No using One Hot,0.07261943817138672,0.008316755294799805
algerian_forest_fires_46279,,onehot,truncated_svd,,AdaBoostClassifier(random_state=0),1,0.7959183673469388,,,No using One Hot,0.07868456840515137,0.008462905883789062
algerian_forest_fires_46279,,onehot,truncated_svd,,AdaBoostClassifier(random_state=0),2,0.7551020408163265,,,No using One Hot,0.10091710090637207,0.006297111511230469
algerian_forest_fires_46279,,onehot,truncated_svd,,AdaBoostClassifier(random_state=0),3,0.8958333333333334,,,No using One Hot,0.08565902709960938,0.008118629455566406
algerian_forest_fires_46279,,onehot,truncated_svd,,AdaBoostClassifier(random_state=0),4,0.8958333333333334,,,No using One Hot,0.0992441177368164,0.006272315979003906
algerian_forest_fires_46279,,onehot,select_percentile,,AdaBoostClassifier(random_state=0),0,1.0,,,No using One Hot,0.0815279483795166,0.006237983703613281
algerian_forest_fires_46279,,onehot,select_percentile,,AdaBoostClassifier(random_state=0),1,0.9795918367346939,,,No using One Hot,0.08480620384216309,0.006712913513183594
algerian_forest_fires_46279,,onehot,select_percentile,,AdaBoostClassifier(random_state=0),2,1.0,,,No using One Hot,0.07730960845947266,0.00621485710144043
algerian_forest_fires_46279,,onehot,select_percentile,,AdaBoostClassifier(random_state=0),3,0.9583333333333334,,,No using One Hot,0.07033920288085938,0.006697416305541992
algerian_forest_fires_46279,,onehot,select_percentile,,AdaBoostClassifier(random_state=0),4,0.9375,,,No using One Hot,0.08171939849853516,0.006345987319946289
algerian_forest_fires_46279,,onehot,generic_univariate,,AdaBoostClassifier(random_state=0),0,1.0,,,No using One Hot,0.07652902603149414,0.006256580352783203
algerian_forest_fires_46279,,onehot,generic_univariate,,AdaBoostClassifier(random_state=0),1,1.0,,,No using One Hot,0.07111358642578125,0.00628662109375
algerian_forest_fires_46279,,onehot,generic_univariate,,AdaBoostClassifier(random_state=0),2,1.0,,,No using One Hot,0.0697479248046875,0.006160736083984375
algerian_forest_fires_46279,,onehot,generic_univariate,,AdaBoostClassifier(random_state=0),3,0.9583333333333334,,,No using One Hot,0.06868505477905273,0.006173133850097656
algerian_forest_fires_46279,,onehot,generic_univariate,,AdaBoostClassifier(random_state=0),4,0.9791666666666666,,,No using One Hot,0.06775450706481934,0.006135702133178711
algerian_forest_fires_46279,,onehot,polynomial_features,,AdaBoostClassifier(random_state=0),0,0.9795918367346939,,,No using One Hot,0.14867711067199707,0.006460666656494141
algerian_forest_fires_46279,,onehot,polynomial_features,,AdaBoostClassifier(random_state=0),1,0.9795918367346939,,,No using One Hot,0.1435689926147461,0.0064144134521484375
algerian_forest_fires_46279,,onehot,polynomial_features,,AdaBoostClassifier(random_state=0),2,1.0,,,No using One Hot,0.14246678352355957,0.006247997283935547
algerian_forest_fires_46279,,onehot,polynomial_features,,AdaBoostClassifier(random_state=0),3,0.9583333333333334,,,No using One Hot,0.15050840377807617,0.00633692741394043
algerian_forest_fires_46279,,onehot,polynomial_features,,AdaBoostClassifier(random_state=0),4,0.9166666666666666,,,No using One Hot,0.15464353561401367,0.006375789642333984
algerian_forest_fires_46279,,onehot,nystroem,,AdaBoostClassifier(random_state=0),0,0.7346938775510204,,,No using One Hot,0.16858625411987305,0.0067462921142578125
algerian_forest_fires_46279,,onehot,nystroem,,AdaBoostClassifier(random_state=0),1,0.8367346938775511,,,No using One Hot,0.16784453392028809,0.00699162483215332
algerian_forest_fires_46279,,onehot,nystroem,,AdaBoostClassifier(random_state=0),2,0.7551020408163265,,,No using One Hot,0.1697089672088623,0.0068438053131103516
algerian_forest_fires_46279,,onehot,nystroem,,AdaBoostClassifier(random_state=0),3,0.75,,,No using One Hot,0.13823318481445312,0.0065534114837646484
algerian_forest_fires_46279,,onehot,nystroem,,AdaBoostClassifier(random_state=0),4,0.8333333333333334,,,No using One Hot,0.15674567222595215,0.007051944732666016
algerian_forest_fires_46279,,onehot,rbf_sampler,,AdaBoostClassifier(random_state=0),0,0.4897959183673469,,,No using One Hot,0.1853342056274414,0.006490468978881836
algerian_forest_fires_46279,,onehot,rbf_sampler,,AdaBoostClassifier(random_state=0),1,0.5510204081632653,,,No using One Hot,0.18930530548095703,0.0067136287689208984
algerian_forest_fires_46279,,onehot,rbf_sampler,,AdaBoostClassifier(random_state=0),2,0.5510204081632653,,,No using One Hot,0.18567752838134766,0.006588935852050781
algerian_forest_fires_46279,,onehot,rbf_sampler,,AdaBoostClassifier(random_state=0),3,0.5208333333333334,,,No using One Hot,0.1855635643005371,0.006536722183227539
algerian_forest_fires_46279,,onehot,rbf_sampler,,AdaBoostClassifier(random_state=0),4,0.4583333333333333,,,No using One Hot,0.18511199951171875,0.0064525604248046875
algerian_forest_fires_46279,,onehot,random_trees_embedding,,AdaBoostClassifier(random_state=0),0,0.8775510204081632,,,No using One Hot,0.1611788272857666,0.011269807815551758
algerian_forest_fires_46279,,onehot,random_trees_embedding,,AdaBoostClassifier(random_state=0),1,0.9591836734693877,,,No using One Hot,0.14630651473999023,0.010077714920043945
algerian_forest_fires_46279,,onehot,random_trees_embedding,,AdaBoostClassifier(random_state=0),2,0.9795918367346939,,,No using One Hot,0.12649798393249512,0.009919881820678711
algerian_forest_fires_46279,,onehot,random_trees_embedding,,AdaBoostClassifier(random_state=0),3,0.9583333333333334,,,No using One Hot,0.12829160690307617,0.010312080383300781
algerian_forest_fires_46279,,onehot,random_trees_embedding,,AdaBoostClassifier(random_state=0),4,0.9375,,,No using One Hot,0.13431143760681152,0.010055780410766602
algerian_forest_fires_46279,,onehot,feature_agglomeration,,AdaBoostClassifier(random_state=0),0,0.7551020408163265,,,No using One Hot,0.08533930778503418,0.006764650344848633
algerian_forest_fires_46279,,onehot,feature_agglomeration,,AdaBoostClassifier(random_state=0),1,0.7959183673469388,,,No using One Hot,0.07310676574707031,0.006190061569213867
algerian_forest_fires_46279,,onehot,feature_agglomeration,,AdaBoostClassifier(random_state=0),2,0.8367346938775511,,,No using One Hot,0.08901834487915039,0.007369279861450195
algerian_forest_fires_46279,,onehot,feature_agglomeration,,AdaBoostClassifier(random_state=0),3,0.8958333333333334,,,No using One Hot,0.08113884925842285,0.00823354721069336
algerian_forest_fires_46279,,onehot,feature_agglomeration,,AdaBoostClassifier(random_state=0),4,0.8333333333333334,,,No using One Hot,0.07210445404052734,0.006693601608276367
algerian_forest_fires_46279,,onehot,extra_tree,,AdaBoostClassifier(random_state=0),0,1.0,,,No using One Hot,0.08205342292785645,0.006593465805053711
algerian_forest_fires_46279,,onehot,extra_tree,,AdaBoostClassifier(random_state=0),1,0.9795918367346939,,,No using One Hot,0.08173918724060059,0.007071495056152344
algerian_forest_fires_46279,,onehot,extra_tree,,AdaBoostClassifier(random_state=0),2,1.0,,,No using One Hot,0.07637524604797363,0.00645899772644043
algerian_forest_fires_46279,,onehot,extra_tree,,AdaBoostClassifier(random_state=0),3,0.9791666666666666,,,No using One Hot,0.0734097957611084,0.006292581558227539
algerian_forest_fires_46279,,onehot,extra_tree,,AdaBoostClassifier(random_state=0),4,0.9375,,,No using One Hot,0.08596420288085938,0.0063037872314453125
algerian_forest_fires_46279,,onehot,linear_svc,,AdaBoostClassifier(random_state=0),0,1.0,,,No using One Hot,0.07268357276916504,0.006333351135253906
algerian_forest_fires_46279,,onehot,linear_svc,,AdaBoostClassifier(random_state=0),1,0.9795918367346939,,,No using One Hot,0.06886863708496094,0.0062024593353271484
algerian_forest_fires_46279,,onehot,linear_svc,,AdaBoostClassifier(random_state=0),2,1.0,,,No using One Hot,0.06993293762207031,0.0062351226806640625
algerian_forest_fires_46279,,onehot,linear_svc,,AdaBoostClassifier(random_state=0),3,0.9583333333333334,,,No using One Hot,0.0716102123260498,0.006561994552612305
algerian_forest_fires_46279,,onehot,linear_svc,,AdaBoostClassifier(random_state=0),4,0.9375,,,No using One Hot,0.07056975364685059,0.006506204605102539
algerian_forest_fires_46279,,onehot,kernel_pca,,AdaBoostClassifier(random_state=0),0,0.9387755102040817,,,No using One Hot,0.11496639251708984,0.006743669509887695
algerian_forest_fires_46279,,onehot,kernel_pca,,AdaBoostClassifier(random_state=0),1,0.9591836734693877,,,No using One Hot,0.11327409744262695,0.006328582763671875
algerian_forest_fires_46279,,onehot,kernel_pca,,AdaBoostClassifier(random_state=0),2,0.9387755102040817,,,No using One Hot,0.12206673622131348,0.007048845291137695
algerian_forest_fires_46279,,onehot,kernel_pca,,AdaBoostClassifier(random_state=0),3,0.9375,,,No using One Hot,0.11006903648376465,0.006378650665283203
algerian_forest_fires_46279,,onehot,kernel_pca,,AdaBoostClassifier(random_state=0),4,0.9375,,,No using One Hot,0.10722565650939941,0.006933927536010742
algerian_forest_fires_46279,,onehot,,standard,AdaBoostClassifier(random_state=0),0,1.0,,,No using One Hot,0.07892608642578125,0.006309032440185547
algerian_forest_fires_46279,,onehot,,standard,AdaBoostClassifier(random_state=0),1,0.9795918367346939,,,No using One Hot,0.0765073299407959,0.006376504898071289
algerian_forest_fires_46279,,onehot,,standard,AdaBoostClassifier(random_state=0),2,1.0,,,No using One Hot,0.07551884651184082,0.006297111511230469
algerian_forest_fires_46279,,onehot,,standard,AdaBoostClassifier(random_state=0),3,0.9583333333333334,,,No using One Hot,0.07625412940979004,0.006381988525390625
algerian_forest_fires_46279,,onehot,,standard,AdaBoostClassifier(random_state=0),4,0.9583333333333334,,,No using One Hot,0.08009696006774902,0.006307363510131836
algerian_forest_fires_46279,,onehot,pca,standard,AdaBoostClassifier(random_state=0),0,0.8367346938775511,,,No using One Hot,0.08199262619018555,0.0068492889404296875
algerian_forest_fires_46279,,onehot,pca,standard,AdaBoostClassifier(random_state=0),1,0.9387755102040817,,,No using One Hot,0.08322477340698242,0.006383180618286133
algerian_forest_fires_46279,,onehot,pca,standard,AdaBoostClassifier(random_state=0),2,0.9387755102040817,,,No using One Hot,0.08177447319030762,0.006455659866333008
algerian_forest_fires_46279,,onehot,pca,standard,AdaBoostClassifier(random_state=0),3,0.9583333333333334,,,No using One Hot,0.08876633644104004,0.006842851638793945
algerian_forest_fires_46279,,onehot,pca,standard,AdaBoostClassifier(random_state=0),4,0.9166666666666666,,,No using One Hot,0.08749032020568848,0.006238222122192383
algerian_forest_fires_46279,,onehot,fastica,standard,AdaBoostClassifier(random_state=0),0,0.7346938775510204,,,No using One Hot,0.07976222038269043,0.006343364715576172
algerian_forest_fires_46279,,onehot,fastica,standard,AdaBoostClassifier(random_state=0),1,0.6326530612244898,,,No using One Hot,0.08376431465148926,0.006558895111083984
algerian_forest_fires_46279,,onehot,fastica,standard,AdaBoostClassifier(random_state=0),2,0.8775510204081632,,,No using One Hot,0.08855319023132324,0.008682012557983398
algerian_forest_fires_46279,,onehot,fastica,standard,AdaBoostClassifier(random_state=0),3,0.9375,,,No using One Hot,0.08133196830749512,0.006345272064208984
algerian_forest_fires_46279,,onehot,fastica,standard,AdaBoostClassifier(random_state=0),4,0.7291666666666666,,,No using One Hot,0.08574295043945312,0.006406307220458984
algerian_forest_fires_46279,,onehot,truncated_svd,standard,AdaBoostClassifier(random_state=0),0,0.7959183673469388,,,No using One Hot,0.07465004920959473,0.006533145904541016
algerian_forest_fires_46279,,onehot,truncated_svd,standard,AdaBoostClassifier(random_state=0),1,0.8367346938775511,,,No using One Hot,0.07142019271850586,0.006293535232543945
algerian_forest_fires_46279,,onehot,truncated_svd,standard,AdaBoostClassifier(random_state=0),2,0.7755102040816326,,,No using One Hot,0.0910491943359375,0.010485410690307617
algerian_forest_fires_46279,,onehot,truncated_svd,standard,AdaBoostClassifier(random_state=0),3,0.875,,,No using One Hot,0.07019400596618652,0.006209850311279297
algerian_forest_fires_46279,,onehot,truncated_svd,standard,AdaBoostClassifier(random_state=0),4,0.8541666666666666,,,No using One Hot,0.07660603523254395,0.0063173770904541016
algerian_forest_fires_46279,,onehot,select_percentile,standard,AdaBoostClassifier(random_state=0),0,1.0,,,No using One Hot,0.09026122093200684,0.010241985321044922
algerian_forest_fires_46279,,onehot,select_percentile,standard,AdaBoostClassifier(random_state=0),1,0.9795918367346939,,,No using One Hot,0.07625675201416016,0.006312370300292969
algerian_forest_fires_46279,,onehot,select_percentile,standard,AdaBoostClassifier(random_state=0),2,1.0,,,No using One Hot,0.0761098861694336,0.0065839290618896484
algerian_forest_fires_46279,,onehot,select_percentile,standard,AdaBoostClassifier(random_state=0),3,0.9583333333333334,,,No using One Hot,0.07353329658508301,0.00669097900390625
algerian_forest_fires_46279,,onehot,select_percentile,standard,AdaBoostClassifier(random_state=0),4,0.9375,,,No using One Hot,0.07463288307189941,0.0062940120697021484
algerian_forest_fires_46279,,onehot,generic_univariate,standard,AdaBoostClassifier(random_state=0),0,1.0,,,No using One Hot,0.07337331771850586,0.0067403316497802734
algerian_forest_fires_46279,,onehot,generic_univariate,standard,AdaBoostClassifier(random_state=0),1,1.0,,,No using One Hot,0.06894755363464355,0.006316423416137695
algerian_forest_fires_46279,,onehot,generic_univariate,standard,AdaBoostClassifier(random_state=0),2,1.0,,,No using One Hot,0.06786346435546875,0.006424427032470703
algerian_forest_fires_46279,,onehot,generic_univariate,standard,AdaBoostClassifier(random_state=0),3,0.9583333333333334,,,No using One Hot,0.06967711448669434,0.006313323974609375
algerian_forest_fires_46279,,onehot,generic_univariate,standard,AdaBoostClassifier(random_state=0),4,0.9791666666666666,,,No using One Hot,0.06859064102172852,0.0063130855560302734
algerian_forest_fires_46279,,onehot,polynomial_features,standard,AdaBoostClassifier(random_state=0),0,1.0,,,No using One Hot,0.15046095848083496,0.006402492523193359
algerian_forest_fires_46279,,onehot,polynomial_features,standard,AdaBoostClassifier(random_state=0),1,0.9795918367346939,,,No using One Hot,0.14682340621948242,0.006468296051025391
algerian_forest_fires_46279,,onehot,polynomial_features,standard,AdaBoostClassifier(random_state=0),2,1.0,,,No using One Hot,0.14833498001098633,0.006499528884887695
algerian_forest_fires_46279,,onehot,polynomial_features,standard,AdaBoostClassifier(random_state=0),3,0.9791666666666666,,,No using One Hot,0.1454453468322754,0.006342172622680664
algerian_forest_fires_46279,,onehot,polynomial_features,standard,AdaBoostClassifier(random_state=0),4,0.9375,,,No using One Hot,0.14289546012878418,0.006204128265380859
algerian_forest_fires_46279,,onehot,nystroem,standard,AdaBoostClassifier(random_state=0),0,0.8979591836734694,,,No using One Hot,0.1842508316040039,0.006486177444458008
algerian_forest_fires_46279,,onehot,nystroem,standard,AdaBoostClassifier(random_state=0),1,0.9183673469387755,,,No using One Hot,0.1954183578491211,0.0066852569580078125
algerian_forest_fires_46279,,onehot,nystroem,standard,AdaBoostClassifier(random_state=0),2,0.8571428571428571,,,No using One Hot,0.2113807201385498,0.008937597274780273
algerian_forest_fires_46279,,onehot,nystroem,standard,AdaBoostClassifier(random_state=0),3,0.9583333333333334,,,No using One Hot,0.19318389892578125,0.0064105987548828125
algerian_forest_fires_46279,,onehot,nystroem,standard,AdaBoostClassifier(random_state=0),4,0.9375,,,No using One Hot,0.20281124114990234,0.0065135955810546875
algerian_forest_fires_46279,,onehot,rbf_sampler,standard,AdaBoostClassifier(random_state=0),0,0.673469387755102,,,No using One Hot,0.18228960037231445,0.0064907073974609375
algerian_forest_fires_46279,,onehot,rbf_sampler,standard,AdaBoostClassifier(random_state=0),1,0.7346938775510204,,,No using One Hot,0.18444085121154785,0.007908105850219727
algerian_forest_fires_46279,,onehot,rbf_sampler,standard,AdaBoostClassifier(random_state=0),2,0.5714285714285714,,,No using One Hot,0.181074857711792,0.00650787353515625
algerian_forest_fires_46279,,onehot,rbf_sampler,standard,AdaBoostClassifier(random_state=0),3,0.6458333333333334,,,No using One Hot,0.17342090606689453,0.006415128707885742
algerian_forest_fires_46279,,onehot,rbf_sampler,standard,AdaBoostClassifier(random_state=0),4,0.6458333333333334,,,No using One Hot,0.1710801124572754,0.006443977355957031
algerian_forest_fires_46279,,onehot,random_trees_embedding,standard,AdaBoostClassifier(random_state=0),0,0.8775510204081632,,,No using One Hot,0.12407207489013672,0.00984811782836914
algerian_forest_fires_46279,,onehot,random_trees_embedding,standard,AdaBoostClassifier(random_state=0),1,0.9591836734693877,,,No using One Hot,0.12644052505493164,0.01080942153930664
algerian_forest_fires_46279,,onehot,random_trees_embedding,standard,AdaBoostClassifier(random_state=0),2,0.9795918367346939,,,No using One Hot,0.1286327838897705,0.009706497192382812
algerian_forest_fires_46279,,onehot,random_trees_embedding,standard,AdaBoostClassifier(random_state=0),3,0.9583333333333334,,,No using One Hot,0.12702226638793945,0.010034322738647461
algerian_forest_fires_46279,,onehot,random_trees_embedding,standard,AdaBoostClassifier(random_state=0),4,0.9375,,,No using One Hot,0.12891697883605957,0.010213136672973633
algerian_forest_fires_46279,,onehot,feature_agglomeration,standard,AdaBoostClassifier(random_state=0),0,0.7142857142857143,,,No using One Hot,0.08631157875061035,0.006723165512084961
algerian_forest_fires_46279,,onehot,feature_agglomeration,standard,AdaBoostClassifier(random_state=0),1,0.8163265306122449,,,No using One Hot,0.07109880447387695,0.006220579147338867
algerian_forest_fires_46279,,onehot,feature_agglomeration,standard,AdaBoostClassifier(random_state=0),2,0.8571428571428571,,,No using One Hot,0.06860709190368652,0.006245136260986328
algerian_forest_fires_46279,,onehot,feature_agglomeration,standard,AdaBoostClassifier(random_state=0),3,0.8333333333333334,,,No using One Hot,0.07332944869995117,0.006319999694824219
algerian_forest_fires_46279,,onehot,feature_agglomeration,standard,AdaBoostClassifier(random_state=0),4,0.875,,,No using One Hot,0.07100510597229004,0.006312370300292969
algerian_forest_fires_46279,,onehot,extra_tree,standard,AdaBoostClassifier(random_state=0),0,1.0,,,No using One Hot,0.08550262451171875,0.006834268569946289
algerian_forest_fires_46279,,onehot,extra_tree,standard,AdaBoostClassifier(random_state=0),1,0.9795918367346939,,,No using One Hot,0.08054161071777344,0.006297111511230469
algerian_forest_fires_46279,,onehot,extra_tree,standard,AdaBoostClassifier(random_state=0),2,1.0,,,No using One Hot,0.07433557510375977,0.00628209114074707
algerian_forest_fires_46279,,onehot,extra_tree,standard,AdaBoostClassifier(random_state=0),3,0.9791666666666666,,,No using One Hot,0.09282493591308594,0.006704568862915039
algerian_forest_fires_46279,,onehot,extra_tree,standard,AdaBoostClassifier(random_state=0),4,0.9375,,,No using One Hot,0.09621620178222656,0.006857395172119141
algerian_forest_fires_46279,,onehot,linear_svc,standard,AdaBoostClassifier(random_state=0),0,1.0,,,No using One Hot,0.0777130126953125,0.006273746490478516
algerian_forest_fires_46279,,onehot,linear_svc,standard,AdaBoostClassifier(random_state=0),1,0.9795918367346939,,,No using One Hot,0.0800631046295166,0.010181427001953125
algerian_forest_fires_46279,,onehot,linear_svc,standard,AdaBoostClassifier(random_state=0),2,1.0,,,No using One Hot,0.08578944206237793,0.006758213043212891
algerian_forest_fires_46279,,onehot,linear_svc,standard,AdaBoostClassifier(random_state=0),3,0.9583333333333334,,,No using One Hot,0.07304930686950684,0.006266117095947266
algerian_forest_fires_46279,,onehot,linear_svc,standard,AdaBoostClassifier(random_state=0),4,0.9375,,,No using One Hot,0.08434510231018066,0.006828784942626953
algerian_forest_fires_46279,,onehot,kernel_pca,standard,AdaBoostClassifier(random_state=0),0,0.8367346938775511,,,No using One Hot,0.11443185806274414,0.006414175033569336
algerian_forest_fires_46279,,onehot,kernel_pca,standard,AdaBoostClassifier(random_state=0),1,0.9387755102040817,,,No using One Hot,0.10467243194580078,0.006693840026855469
algerian_forest_fires_46279,,onehot,kernel_pca,standard,AdaBoostClassifier(random_state=0),2,0.9387755102040817,,,No using One Hot,0.10503625869750977,0.0066928863525390625
algerian_forest_fires_46279,,onehot,kernel_pca,standard,AdaBoostClassifier(random_state=0),3,0.9583333333333334,,,No using One Hot,0.09856152534484863,0.006850242614746094
algerian_forest_fires_46279,,onehot,kernel_pca,standard,AdaBoostClassifier(random_state=0),4,0.9166666666666666,,,No using One Hot,0.11760950088500977,0.006950855255126953
algerian_forest_fires_46279,,onehot,,minmax,AdaBoostClassifier(random_state=0),0,1.0,,,No using One Hot,0.08276820182800293,0.0064928531646728516
algerian_forest_fires_46279,,onehot,,minmax,AdaBoostClassifier(random_state=0),1,0.9795918367346939,,,No using One Hot,0.0796658992767334,0.006363630294799805
algerian_forest_fires_46279,,onehot,,minmax,AdaBoostClassifier(random_state=0),2,1.0,,,No using One Hot,0.08110570907592773,0.006345987319946289
algerian_forest_fires_46279,,onehot,,minmax,AdaBoostClassifier(random_state=0),3,0.9583333333333334,,,No using One Hot,0.07706546783447266,0.006371736526489258
algerian_forest_fires_46279,,onehot,,minmax,AdaBoostClassifier(random_state=0),4,0.9583333333333334,,,No using One Hot,0.07711267471313477,0.006476163864135742
algerian_forest_fires_46279,,onehot,pca,minmax,AdaBoostClassifier(random_state=0),0,0.8979591836734694,,,No using One Hot,0.08705568313598633,0.006412506103515625
algerian_forest_fires_46279,,onehot,pca,minmax,AdaBoostClassifier(random_state=0),1,0.9591836734693877,,,No using One Hot,0.09021115303039551,0.006835222244262695
algerian_forest_fires_46279,,onehot,pca,minmax,AdaBoostClassifier(random_state=0),2,0.9183673469387755,,,No using One Hot,0.09202003479003906,0.006333112716674805
algerian_forest_fires_46279,,onehot,pca,minmax,AdaBoostClassifier(random_state=0),3,0.8958333333333334,,,No using One Hot,0.090118408203125,0.006446361541748047
algerian_forest_fires_46279,,onehot,pca,minmax,AdaBoostClassifier(random_state=0),4,0.9375,,,No using One Hot,0.09187126159667969,0.0063610076904296875
algerian_forest_fires_46279,,onehot,fastica,minmax,AdaBoostClassifier(random_state=0),0,0.7142857142857143,,,No using One Hot,0.08273983001708984,0.0062978267669677734
algerian_forest_fires_46279,,onehot,fastica,minmax,AdaBoostClassifier(random_state=0),1,0.8163265306122449,,,No using One Hot,0.08991408348083496,0.009168148040771484
algerian_forest_fires_46279,,onehot,fastica,minmax,AdaBoostClassifier(random_state=0),2,0.7346938775510204,,,No using One Hot,0.08619379997253418,0.006468057632446289
algerian_forest_fires_46279,,onehot,fastica,minmax,AdaBoostClassifier(random_state=0),3,0.8958333333333334,,,No using One Hot,0.08707690238952637,0.006803274154663086
algerian_forest_fires_46279,,onehot,fastica,minmax,AdaBoostClassifier(random_state=0),4,0.875,,,No using One Hot,0.09491348266601562,0.006772279739379883
algerian_forest_fires_46279,,onehot,truncated_svd,minmax,AdaBoostClassifier(random_state=0),0,0.8367346938775511,,,No using One Hot,0.07378864288330078,0.00640869140625
algerian_forest_fires_46279,,onehot,truncated_svd,minmax,AdaBoostClassifier(random_state=0),1,0.7142857142857143,,,No using One Hot,0.07218670845031738,0.006196022033691406
algerian_forest_fires_46279,,onehot,truncated_svd,minmax,AdaBoostClassifier(random_state=0),2,0.8367346938775511,,,No using One Hot,0.08787274360656738,0.006379604339599609
algerian_forest_fires_46279,,onehot,truncated_svd,minmax,AdaBoostClassifier(random_state=0),3,0.8958333333333334,,,No using One Hot,0.07567524909973145,0.007155179977416992
algerian_forest_fires_46279,,onehot,truncated_svd,minmax,AdaBoostClassifier(random_state=0),4,0.9166666666666666,,,No using One Hot,0.07052898406982422,0.006197690963745117
algerian_forest_fires_46279,,onehot,select_percentile,minmax,AdaBoostClassifier(random_state=0),0,1.0,,,No using One Hot,0.07496118545532227,0.006503105163574219
algerian_forest_fires_46279,,onehot,select_percentile,minmax,AdaBoostClassifier(random_state=0),1,0.9795918367346939,,,No using One Hot,0.07720088958740234,0.0063173770904541016
algerian_forest_fires_46279,,onehot,select_percentile,minmax,AdaBoostClassifier(random_state=0),2,1.0,,,No using One Hot,0.07680463790893555,0.007192850112915039
algerian_forest_fires_46279,,onehot,select_percentile,minmax,AdaBoostClassifier(random_state=0),3,0.9583333333333334,,,No using One Hot,0.07538223266601562,0.006206035614013672
algerian_forest_fires_46279,,onehot,select_percentile,minmax,AdaBoostClassifier(random_state=0),4,0.9375,,,No using One Hot,0.07596993446350098,0.006237983703613281
algerian_forest_fires_46279,,onehot,generic_univariate,minmax,AdaBoostClassifier(random_state=0),0,1.0,,,No using One Hot,0.09306883811950684,0.006424903869628906
algerian_forest_fires_46279,,onehot,generic_univariate,minmax,AdaBoostClassifier(random_state=0),1,1.0,,,No using One Hot,0.07676506042480469,0.006830692291259766
algerian_forest_fires_46279,,onehot,generic_univariate,minmax,AdaBoostClassifier(random_state=0),2,1.0,,,No using One Hot,0.07270407676696777,0.006322622299194336
algerian_forest_fires_46279,,onehot,generic_univariate,minmax,AdaBoostClassifier(random_state=0),3,0.9583333333333334,,,No using One Hot,0.07326865196228027,0.006324291229248047
algerian_forest_fires_46279,,onehot,generic_univariate,minmax,AdaBoostClassifier(random_state=0),4,0.9791666666666666,,,No using One Hot,0.07546448707580566,0.006844997406005859
algerian_forest_fires_46279,,onehot,polynomial_features,minmax,AdaBoostClassifier(random_state=0),0,0.9795918367346939,,,No using One Hot,0.15461373329162598,0.0065021514892578125
algerian_forest_fires_46279,,onehot,polynomial_features,minmax,AdaBoostClassifier(random_state=0),1,0.9795918367346939,,,No using One Hot,0.14884257316589355,0.008509635925292969
algerian_forest_fires_46279,,onehot,polynomial_features,minmax,AdaBoostClassifier(random_state=0),2,1.0,,,No using One Hot,0.15676474571228027,0.007146596908569336
algerian_forest_fires_46279,,onehot,polynomial_features,minmax,AdaBoostClassifier(random_state=0),3,0.9583333333333334,,,No using One Hot,0.16260886192321777,0.0072023868560791016
algerian_forest_fires_46279,,onehot,polynomial_features,minmax,AdaBoostClassifier(random_state=0),4,0.8958333333333334,,,No using One Hot,0.15428829193115234,0.006378173828125
algerian_forest_fires_46279,,onehot,nystroem,minmax,AdaBoostClassifier(random_state=0),0,0.8979591836734694,,,No using One Hot,0.19497323036193848,0.0065288543701171875
algerian_forest_fires_46279,,onehot,nystroem,minmax,AdaBoostClassifier(random_state=0),1,0.9387755102040817,,,No using One Hot,0.20746254920959473,0.006423473358154297
algerian_forest_fires_46279,,onehot,nystroem,minmax,AdaBoostClassifier(random_state=0),2,0.8775510204081632,,,No using One Hot,0.21460676193237305,0.0070269107818603516
algerian_forest_fires_46279,,onehot,nystroem,minmax,AdaBoostClassifier(random_state=0),3,0.9583333333333334,,,No using One Hot,0.20970487594604492,0.010361433029174805
algerian_forest_fires_46279,,onehot,nystroem,minmax,AdaBoostClassifier(random_state=0),4,0.9375,,,No using One Hot,0.19338154792785645,0.006664752960205078
algerian_forest_fires_46279,,onehot,rbf_sampler,minmax,AdaBoostClassifier(random_state=0),0,0.9591836734693877,,,No using One Hot,0.17331409454345703,0.0065114498138427734
algerian_forest_fires_46279,,onehot,rbf_sampler,minmax,AdaBoostClassifier(random_state=0),1,0.9795918367346939,,,No using One Hot,0.20552945137023926,0.006969451904296875
algerian_forest_fires_46279,,onehot,rbf_sampler,minmax,AdaBoostClassifier(random_state=0),2,0.9795918367346939,,,No using One Hot,0.2037980556488037,0.00693058967590332
algerian_forest_fires_46279,,onehot,rbf_sampler,minmax,AdaBoostClassifier(random_state=0),3,0.9583333333333334,,,No using One Hot,0.2113969326019287,0.0065691471099853516
algerian_forest_fires_46279,,onehot,rbf_sampler,minmax,AdaBoostClassifier(random_state=0),4,0.9375,,,No using One Hot,0.19040393829345703,0.0065042972564697266
algerian_forest_fires_46279,,onehot,random_trees_embedding,minmax,AdaBoostClassifier(random_state=0),0,0.8775510204081632,,,No using One Hot,0.1566610336303711,0.009960412979125977
algerian_forest_fires_46279,,onehot,random_trees_embedding,minmax,AdaBoostClassifier(random_state=0),1,0.9591836734693877,,,No using One Hot,0.14275765419006348,0.010057687759399414
algerian_forest_fires_46279,,onehot,random_trees_embedding,minmax,AdaBoostClassifier(random_state=0),2,0.9795918367346939,,,No using One Hot,0.19798874855041504,0.011070489883422852
algerian_forest_fires_46279,,onehot,random_trees_embedding,minmax,AdaBoostClassifier(random_state=0),3,0.9583333333333334,,,No using One Hot,0.12552762031555176,0.010267257690429688
algerian_forest_fires_46279,,onehot,random_trees_embedding,minmax,AdaBoostClassifier(random_state=0),4,0.9375,,,No using One Hot,0.12640142440795898,0.009964704513549805
algerian_forest_fires_46279,,onehot,feature_agglomeration,minmax,AdaBoostClassifier(random_state=0),0,0.8571428571428571,,,No using One Hot,0.07166242599487305,0.006764888763427734
algerian_forest_fires_46279,,onehot,feature_agglomeration,minmax,AdaBoostClassifier(random_state=0),1,0.8571428571428571,,,No using One Hot,0.09020042419433594,0.006810188293457031
algerian_forest_fires_46279,,onehot,feature_agglomeration,minmax,AdaBoostClassifier(random_state=0),2,0.8571428571428571,,,No using One Hot,0.06927633285522461,0.006087541580200195
algerian_forest_fires_46279,,onehot,feature_agglomeration,minmax,AdaBoostClassifier(random_state=0),3,0.8333333333333334,,,No using One Hot,0.06860518455505371,0.006454944610595703
algerian_forest_fires_46279,,onehot,feature_agglomeration,minmax,AdaBoostClassifier(random_state=0),4,0.875,,,No using One Hot,0.07101225852966309,0.006128787994384766
algerian_forest_fires_46279,,onehot,extra_tree,minmax,AdaBoostClassifier(random_state=0),0,1.0,,,No using One Hot,0.07164311408996582,0.006150007247924805
algerian_forest_fires_46279,,onehot,extra_tree,minmax,AdaBoostClassifier(random_state=0),1,0.9795918367346939,,,No using One Hot,0.07227444648742676,0.0074045658111572266
algerian_forest_fires_46279,,onehot,extra_tree,minmax,AdaBoostClassifier(random_state=0),2,1.0,,,No using One Hot,0.07412838935852051,0.0062716007232666016
algerian_forest_fires_46279,,onehot,extra_tree,minmax,AdaBoostClassifier(random_state=0),3,0.9791666666666666,,,No using One Hot,0.07012462615966797,0.0062563419342041016
algerian_forest_fires_46279,,onehot,extra_tree,minmax,AdaBoostClassifier(random_state=0),4,0.9375,,,No using One Hot,0.0755925178527832,0.008232593536376953
algerian_forest_fires_46279,,onehot,linear_svc,minmax,AdaBoostClassifier(random_state=0),0,1.0,,,No using One Hot,0.07016444206237793,0.006244659423828125
algerian_forest_fires_46279,,onehot,linear_svc,minmax,AdaBoostClassifier(random_state=0),1,0.9795918367346939,,,No using One Hot,0.07645559310913086,0.006356477737426758
algerian_forest_fires_46279,,onehot,linear_svc,minmax,AdaBoostClassifier(random_state=0),2,1.0,,,No using One Hot,0.07139253616333008,0.006348848342895508
algerian_forest_fires_46279,,onehot,linear_svc,minmax,AdaBoostClassifier(random_state=0),3,0.9583333333333334,,,No using One Hot,0.07497978210449219,0.007944345474243164
algerian_forest_fires_46279,,onehot,linear_svc,minmax,AdaBoostClassifier(random_state=0),4,0.9375,,,No using One Hot,0.08378863334655762,0.009330987930297852
algerian_forest_fires_46279,,onehot,kernel_pca,minmax,AdaBoostClassifier(random_state=0),0,0.8979591836734694,,,No using One Hot,0.09639954566955566,0.0067937374114990234
algerian_forest_fires_46279,,onehot,kernel_pca,minmax,AdaBoostClassifier(random_state=0),1,0.9591836734693877,,,No using One Hot,0.09558558464050293,0.006852149963378906
algerian_forest_fires_46279,,onehot,kernel_pca,minmax,AdaBoostClassifier(random_state=0),2,0.9183673469387755,,,No using One Hot,0.09571456909179688,0.006852149963378906
algerian_forest_fires_46279,,onehot,kernel_pca,minmax,AdaBoostClassifier(random_state=0),3,0.8958333333333334,,,No using One Hot,0.09743595123291016,0.006816864013671875
algerian_forest_fires_46279,,onehot,kernel_pca,minmax,AdaBoostClassifier(random_state=0),4,0.9375,,,No using One Hot,0.10902190208435059,0.0063877105712890625
algerian_forest_fires_46279,,onehot,,robust,AdaBoostClassifier(random_state=0),0,1.0,,,No using One Hot,0.07793521881103516,0.006370067596435547
algerian_forest_fires_46279,,onehot,,robust,AdaBoostClassifier(random_state=0),1,0.9795918367346939,,,No using One Hot,0.07585811614990234,0.006337642669677734
algerian_forest_fires_46279,,onehot,,robust,AdaBoostClassifier(random_state=0),2,1.0,,,No using One Hot,0.08378005027770996,0.008656978607177734
algerian_forest_fires_46279,,onehot,,robust,AdaBoostClassifier(random_state=0),3,0.9583333333333334,,,No using One Hot,0.08637642860412598,0.006426811218261719
algerian_forest_fires_46279,,onehot,,robust,AdaBoostClassifier(random_state=0),4,0.9583333333333334,,,No using One Hot,0.0760200023651123,0.0063898563385009766
algerian_forest_fires_46279,,onehot,pca,robust,AdaBoostClassifier(random_state=0),0,0.8571428571428571,,,No using One Hot,0.08373188972473145,0.0064830780029296875
algerian_forest_fires_46279,,onehot,pca,robust,AdaBoostClassifier(random_state=0),1,0.9591836734693877,,,No using One Hot,0.08011007308959961,0.0063152313232421875
algerian_forest_fires_46279,,onehot,pca,robust,AdaBoostClassifier(random_state=0),2,0.8775510204081632,,,No using One Hot,0.08067607879638672,0.006290912628173828
algerian_forest_fires_46279,,onehot,pca,robust,AdaBoostClassifier(random_state=0),3,0.9375,,,No using One Hot,0.08370184898376465,0.006715059280395508
algerian_forest_fires_46279,,onehot,pca,robust,AdaBoostClassifier(random_state=0),4,0.9375,,,No using One Hot,0.08736419677734375,0.007633209228515625
algerian_forest_fires_46279,,onehot,fastica,robust,AdaBoostClassifier(random_state=0),0,0.8979591836734694,,,No using One Hot,0.08656954765319824,0.0065424442291259766
algerian_forest_fires_46279,,onehot,fastica,robust,AdaBoostClassifier(random_state=0),1,0.6326530612244898,,,No using One Hot,0.0813741683959961,0.00642085075378418
algerian_forest_fires_46279,,onehot,fastica,robust,AdaBoostClassifier(random_state=0),2,0.4897959183673469,,,No using One Hot,0.08178186416625977,0.0062580108642578125
algerian_forest_fires_46279,,onehot,fastica,robust,AdaBoostClassifier(random_state=0),3,0.9375,,,No using One Hot,0.08190393447875977,0.006400346755981445
algerian_forest_fires_46279,,onehot,fastica,robust,AdaBoostClassifier(random_state=0),4,0.8541666666666666,,,No using One Hot,0.08306360244750977,0.006331682205200195
algerian_forest_fires_46279,,onehot,truncated_svd,robust,AdaBoostClassifier(random_state=0),0,0.7755102040816326,,,No using One Hot,0.07510924339294434,0.006269216537475586
algerian_forest_fires_46279,,onehot,truncated_svd,robust,AdaBoostClassifier(random_state=0),1,0.9387755102040817,,,No using One Hot,0.07136797904968262,0.0063076019287109375
algerian_forest_fires_46279,,onehot,truncated_svd,robust,AdaBoostClassifier(random_state=0),2,0.8163265306122449,,,No using One Hot,0.07432293891906738,0.0070858001708984375
algerian_forest_fires_46279,,onehot,truncated_svd,robust,AdaBoostClassifier(random_state=0),3,0.8958333333333334,,,No using One Hot,0.07917237281799316,0.0072634220123291016
algerian_forest_fires_46279,,onehot,truncated_svd,robust,AdaBoostClassifier(random_state=0),4,0.8958333333333334,,,No using One Hot,0.07705473899841309,0.006517887115478516
algerian_forest_fires_46279,,onehot,select_percentile,robust,AdaBoostClassifier(random_state=0),0,1.0,,,No using One Hot,0.07108092308044434,0.006404876708984375
algerian_forest_fires_46279,,onehot,select_percentile,robust,AdaBoostClassifier(random_state=0),1,0.9795918367346939,,,No using One Hot,0.06985163688659668,0.006384849548339844
algerian_forest_fires_46279,,onehot,select_percentile,robust,AdaBoostClassifier(random_state=0),2,1.0,,,No using One Hot,0.07128024101257324,0.006314516067504883
algerian_forest_fires_46279,,onehot,select_percentile,robust,AdaBoostClassifier(random_state=0),3,0.9583333333333334,,,No using One Hot,0.07086777687072754,0.006560802459716797
algerian_forest_fires_46279,,onehot,select_percentile,robust,AdaBoostClassifier(random_state=0),4,0.9375,,,No using One Hot,0.07573413848876953,0.006215333938598633
algerian_forest_fires_46279,,onehot,generic_univariate,robust,AdaBoostClassifier(random_state=0),0,1.0,,,No using One Hot,0.06845855712890625,0.006259918212890625
algerian_forest_fires_46279,,onehot,generic_univariate,robust,AdaBoostClassifier(random_state=0),1,1.0,,,No using One Hot,0.06752753257751465,0.006339311599731445
algerian_forest_fires_46279,,onehot,generic_univariate,robust,AdaBoostClassifier(random_state=0),2,1.0,,,No using One Hot,0.06865167617797852,0.006308794021606445
algerian_forest_fires_46279,,onehot,generic_univariate,robust,AdaBoostClassifier(random_state=0),3,0.9583333333333334,,,No using One Hot,0.06916689872741699,0.006314277648925781
algerian_forest_fires_46279,,onehot,generic_univariate,robust,AdaBoostClassifier(random_state=0),4,0.9791666666666666,,,No using One Hot,0.06821274757385254,0.0063397884368896484
algerian_forest_fires_46279,,onehot,polynomial_features,robust,AdaBoostClassifier(random_state=0),0,0.9795918367346939,,,No using One Hot,0.13790202140808105,0.006819725036621094
algerian_forest_fires_46279,,onehot,polynomial_features,robust,AdaBoostClassifier(random_state=0),1,0.9795918367346939,,,No using One Hot,0.15021181106567383,0.0073642730712890625
algerian_forest_fires_46279,,onehot,polynomial_features,robust,AdaBoostClassifier(random_state=0),2,0.9795918367346939,,,No using One Hot,0.14929533004760742,0.008133649826049805
algerian_forest_fires_46279,,onehot,polynomial_features,robust,AdaBoostClassifier(random_state=0),3,0.9791666666666666,,,No using One Hot,0.13843512535095215,0.006559133529663086
algerian_forest_fires_46279,,onehot,polynomial_features,robust,AdaBoostClassifier(random_state=0),4,0.9375,,,No using One Hot,0.13808393478393555,0.006623029708862305
algerian_forest_fires_46279,,onehot,nystroem,robust,AdaBoostClassifier(random_state=0),0,0.8367346938775511,,,No using One Hot,0.20197796821594238,0.006968975067138672
algerian_forest_fires_46279,,onehot,nystroem,robust,AdaBoostClassifier(random_state=0),1,0.8979591836734694,,,No using One Hot,0.21225714683532715,0.006606340408325195
algerian_forest_fires_46279,,onehot,nystroem,robust,AdaBoostClassifier(random_state=0),2,0.8571428571428571,,,No using One Hot,0.20488762855529785,0.006612539291381836
algerian_forest_fires_46279,,onehot,nystroem,robust,AdaBoostClassifier(random_state=0),3,0.9583333333333334,,,No using One Hot,0.20073223114013672,0.006594181060791016
algerian_forest_fires_46279,,onehot,nystroem,robust,AdaBoostClassifier(random_state=0),4,0.9166666666666666,,,No using One Hot,0.20431208610534668,0.006659507751464844
algerian_forest_fires_46279,,onehot,rbf_sampler,robust,AdaBoostClassifier(random_state=0),0,0.5306122448979592,,,No using One Hot,0.19032621383666992,0.012443065643310547
algerian_forest_fires_46279,,onehot,rbf_sampler,robust,AdaBoostClassifier(random_state=0),1,0.7551020408163265,,,No using One Hot,0.1840512752532959,0.006998777389526367
algerian_forest_fires_46279,,onehot,rbf_sampler,robust,AdaBoostClassifier(random_state=0),2,0.7142857142857143,,,No using One Hot,0.17986106872558594,0.006619930267333984
algerian_forest_fires_46279,,onehot,rbf_sampler,robust,AdaBoostClassifier(random_state=0),3,0.7291666666666666,,,No using One Hot,0.17998600006103516,0.007119417190551758
algerian_forest_fires_46279,,onehot,rbf_sampler,robust,AdaBoostClassifier(random_state=0),4,0.6875,,,No using One Hot,0.18432021141052246,0.006570339202880859
algerian_forest_fires_46279,,onehot,random_trees_embedding,robust,AdaBoostClassifier(random_state=0),0,0.8775510204081632,,,No using One Hot,0.14266085624694824,0.010332584381103516
algerian_forest_fires_46279,,onehot,random_trees_embedding,robust,AdaBoostClassifier(random_state=0),1,0.9591836734693877,,,No using One Hot,0.13489937782287598,0.009982109069824219
algerian_forest_fires_46279,,onehot,random_trees_embedding,robust,AdaBoostClassifier(random_state=0),2,0.9795918367346939,,,No using One Hot,0.14062166213989258,0.013737678527832031
algerian_forest_fires_46279,,onehot,random_trees_embedding,robust,AdaBoostClassifier(random_state=0),3,0.9583333333333334,,,No using One Hot,0.12885713577270508,0.010102033615112305
algerian_forest_fires_46279,,onehot,random_trees_embedding,robust,AdaBoostClassifier(random_state=0),4,0.9375,,,No using One Hot,0.13008570671081543,0.010123252868652344
algerian_forest_fires_46279,,onehot,feature_agglomeration,robust,AdaBoostClassifier(random_state=0),0,0.673469387755102,,,No using One Hot,0.0696706771850586,0.006196498870849609
algerian_forest_fires_46279,,onehot,feature_agglomeration,robust,AdaBoostClassifier(random_state=0),1,0.8571428571428571,,,No using One Hot,0.07119917869567871,0.006330013275146484
algerian_forest_fires_46279,,onehot,feature_agglomeration,robust,AdaBoostClassifier(random_state=0),2,0.8979591836734694,,,No using One Hot,0.07553815841674805,0.006384849548339844
algerian_forest_fires_46279,,onehot,feature_agglomeration,robust,AdaBoostClassifier(random_state=0),3,0.875,,,No using One Hot,0.07308411598205566,0.006349325180053711
algerian_forest_fires_46279,,onehot,feature_agglomeration,robust,AdaBoostClassifier(random_state=0),4,0.875,,,No using One Hot,0.07383012771606445,0.0063631534576416016
algerian_forest_fires_46279,,onehot,extra_tree,robust,AdaBoostClassifier(random_state=0),0,1.0,,,No using One Hot,0.08686375617980957,0.006857633590698242
algerian_forest_fires_46279,,onehot,extra_tree,robust,AdaBoostClassifier(random_state=0),1,0.9795918367346939,,,No using One Hot,0.07353687286376953,0.007545948028564453
algerian_forest_fires_46279,,onehot,extra_tree,robust,AdaBoostClassifier(random_state=0),2,1.0,,,No using One Hot,0.0735177993774414,1.0317308902740479
algerian_forest_fires_46279,,onehot,extra_tree,robust,AdaBoostClassifier(random_state=0),3,0.9791666666666666,,,No using One Hot,0.08828544616699219,0.007404327392578125
algerian_forest_fires_46279,,onehot,extra_tree,robust,AdaBoostClassifier(random_state=0),4,0.9375,,,No using One Hot,0.07213807106018066,0.006383419036865234
algerian_forest_fires_46279,,onehot,linear_svc,robust,AdaBoostClassifier(random_state=0),0,1.0,,,No using One Hot,0.07530593872070312,0.006289005279541016
algerian_forest_fires_46279,,onehot,linear_svc,robust,AdaBoostClassifier(random_state=0),1,0.9795918367346939,,,No using One Hot,0.07470297813415527,0.006243228912353516
algerian_forest_fires_46279,,onehot,linear_svc,robust,AdaBoostClassifier(random_state=0),2,1.0,,,No using One Hot,0.07463812828063965,0.006371974945068359
algerian_forest_fires_46279,,onehot,linear_svc,robust,AdaBoostClassifier(random_state=0),3,0.9583333333333334,,,No using One Hot,0.0752859115600586,0.0063703060150146484
algerian_forest_fires_46279,,onehot,linear_svc,robust,AdaBoostClassifier(random_state=0),4,0.9375,,,No using One Hot,0.07933163642883301,0.006296396255493164
algerian_forest_fires_46279,,onehot,kernel_pca,robust,AdaBoostClassifier(random_state=0),0,0.8571428571428571,,,No using One Hot,0.09592771530151367,0.0068819522857666016
algerian_forest_fires_46279,,onehot,kernel_pca,robust,AdaBoostClassifier(random_state=0),1,0.9591836734693877,,,No using One Hot,0.09612107276916504,0.006786346435546875
algerian_forest_fires_46279,,onehot,kernel_pca,robust,AdaBoostClassifier(random_state=0),2,0.8775510204081632,,,No using One Hot,0.11763334274291992,0.00673222541809082
algerian_forest_fires_46279,,onehot,kernel_pca,robust,AdaBoostClassifier(random_state=0),3,0.9375,,,No using One Hot,0.1253223419189453,0.0069425106048583984
algerian_forest_fires_46279,,onehot,kernel_pca,robust,AdaBoostClassifier(random_state=0),4,0.9375,,,No using One Hot,0.10660409927368164,0.0064814090728759766
algerian_forest_fires_46279,,onehot,,normalizer,AdaBoostClassifier(random_state=0),0,0.9795918367346939,,,No using One Hot,0.08623003959655762,0.0067615509033203125
algerian_forest_fires_46279,,onehot,,normalizer,AdaBoostClassifier(random_state=0),1,0.9795918367346939,,,No using One Hot,0.08604001998901367,0.008829355239868164
algerian_forest_fires_46279,,onehot,,normalizer,AdaBoostClassifier(random_state=0),2,0.9591836734693877,,,No using One Hot,0.08711981773376465,0.006367683410644531
algerian_forest_fires_46279,,onehot,,normalizer,AdaBoostClassifier(random_state=0),3,1.0,,,No using One Hot,0.09730362892150879,0.007046937942504883
algerian_forest_fires_46279,,onehot,,normalizer,AdaBoostClassifier(random_state=0),4,0.9583333333333334,,,No using One Hot,0.0928802490234375,0.006919145584106445
algerian_forest_fires_46279,,onehot,pca,normalizer,AdaBoostClassifier(random_state=0),0,0.8979591836734694,,,No using One Hot,0.08690524101257324,0.006376981735229492
algerian_forest_fires_46279,,onehot,pca,normalizer,AdaBoostClassifier(random_state=0),1,0.9795918367346939,,,No using One Hot,0.08327817916870117,0.00635528564453125
algerian_forest_fires_46279,,onehot,pca,normalizer,AdaBoostClassifier(random_state=0),2,0.8979591836734694,,,No using One Hot,0.08910346031188965,0.00680851936340332
algerian_forest_fires_46279,,onehot,pca,normalizer,AdaBoostClassifier(random_state=0),3,0.9583333333333334,,,No using One Hot,0.08606338500976562,0.006375551223754883
algerian_forest_fires_46279,,onehot,pca,normalizer,AdaBoostClassifier(random_state=0),4,0.9583333333333334,,,No using One Hot,0.10219860076904297,0.006371974945068359
algerian_forest_fires_46279,,onehot,fastica,normalizer,AdaBoostClassifier(random_state=0),0,0.8979591836734694,,,No using One Hot,0.08399462699890137,0.00648045539855957
algerian_forest_fires_46279,,onehot,fastica,normalizer,AdaBoostClassifier(random_state=0),1,0.9183673469387755,,,No using One Hot,0.0831758975982666,0.006478786468505859
algerian_forest_fires_46279,,onehot,fastica,normalizer,AdaBoostClassifier(random_state=0),2,0.8163265306122449,,,No using One Hot,0.08965802192687988,0.00801229476928711
algerian_forest_fires_46279,,onehot,fastica,normalizer,AdaBoostClassifier(random_state=0),3,0.9166666666666666,,,No using One Hot,0.08302187919616699,0.006364345550537109
algerian_forest_fires_46279,,onehot,fastica,normalizer,AdaBoostClassifier(random_state=0),4,0.875,,,No using One Hot,0.08229231834411621,0.0063703060150146484
algerian_forest_fires_46279,,onehot,truncated_svd,normalizer,AdaBoostClassifier(random_state=0),0,0.8163265306122449,,,No using One Hot,0.07220840454101562,0.006330251693725586
algerian_forest_fires_46279,,onehot,truncated_svd,normalizer,AdaBoostClassifier(random_state=0),1,0.673469387755102,,,No using One Hot,0.0744638442993164,0.0063092708587646484
algerian_forest_fires_46279,,onehot,truncated_svd,normalizer,AdaBoostClassifier(random_state=0),2,0.8163265306122449,,,No using One Hot,0.07008171081542969,0.006285905838012695
algerian_forest_fires_46279,,onehot,truncated_svd,normalizer,AdaBoostClassifier(random_state=0),3,0.875,,,No using One Hot,0.06974196434020996,0.00623631477355957
algerian_forest_fires_46279,,onehot,truncated_svd,normalizer,AdaBoostClassifier(random_state=0),4,0.8958333333333334,,,No using One Hot,0.06909561157226562,0.006221771240234375
algerian_forest_fires_46279,,onehot,select_percentile,normalizer,AdaBoostClassifier(random_state=0),0,0.9591836734693877,,,No using One Hot,0.0681154727935791,0.006169319152832031
algerian_forest_fires_46279,,onehot,select_percentile,normalizer,AdaBoostClassifier(random_state=0),1,0.9795918367346939,,,No using One Hot,0.0672755241394043,0.006195545196533203
algerian_forest_fires_46279,,onehot,select_percentile,normalizer,AdaBoostClassifier(random_state=0),2,0.9795918367346939,,,No using One Hot,0.06732916831970215,0.006177425384521484
algerian_forest_fires_46279,,onehot,select_percentile,normalizer,AdaBoostClassifier(random_state=0),3,0.9583333333333334,,,No using One Hot,0.06770825386047363,0.006131649017333984
algerian_forest_fires_46279,,onehot,select_percentile,normalizer,AdaBoostClassifier(random_state=0),4,0.9375,,,No using One Hot,0.07213926315307617,0.006318092346191406
algerian_forest_fires_46279,,onehot,generic_univariate,normalizer,AdaBoostClassifier(random_state=0),0,0.9795918367346939,,,No using One Hot,0.07664322853088379,0.006367683410644531
algerian_forest_fires_46279,,onehot,generic_univariate,normalizer,AdaBoostClassifier(random_state=0),1,1.0,,,No using One Hot,0.08391380310058594,0.006320953369140625
algerian_forest_fires_46279,,onehot,generic_univariate,normalizer,AdaBoostClassifier(random_state=0),2,0.9591836734693877,,,No using One Hot,0.07159829139709473,0.006556034088134766
algerian_forest_fires_46279,,onehot,generic_univariate,normalizer,AdaBoostClassifier(random_state=0),3,0.9375,,,No using One Hot,0.07428240776062012,0.006261110305786133
algerian_forest_fires_46279,,onehot,generic_univariate,normalizer,AdaBoostClassifier(random_state=0),4,0.9583333333333334,,,No using One Hot,0.07310056686401367,0.006385326385498047
algerian_forest_fires_46279,,onehot,polynomial_features,normalizer,AdaBoostClassifier(random_state=0),0,0.9591836734693877,,,No using One Hot,0.16510558128356934,0.006649017333984375
algerian_forest_fires_46279,,onehot,polynomial_features,normalizer,AdaBoostClassifier(random_state=0),1,0.9795918367346939,,,No using One Hot,0.1799476146697998,0.00705409049987793
algerian_forest_fires_46279,,onehot,polynomial_features,normalizer,AdaBoostClassifier(random_state=0),2,0.9795918367346939,,,No using One Hot,0.15903472900390625,0.006418466567993164
algerian_forest_fires_46279,,onehot,polynomial_features,normalizer,AdaBoostClassifier(random_state=0),3,0.9791666666666666,,,No using One Hot,0.15964221954345703,0.0065877437591552734
algerian_forest_fires_46279,,onehot,polynomial_features,normalizer,AdaBoostClassifier(random_state=0),4,0.9583333333333334,,,No using One Hot,0.15871143341064453,0.006485462188720703
algerian_forest_fires_46279,,onehot,nystroem,normalizer,AdaBoostClassifier(random_state=0),0,0.8979591836734694,,,No using One Hot,0.2069873809814453,0.006512165069580078
algerian_forest_fires_46279,,onehot,nystroem,normalizer,AdaBoostClassifier(random_state=0),1,0.9387755102040817,,,No using One Hot,0.2046341896057129,0.006598711013793945
algerian_forest_fires_46279,,onehot,nystroem,normalizer,AdaBoostClassifier(random_state=0),2,0.9387755102040817,,,No using One Hot,0.2308511734008789,0.006972551345825195
algerian_forest_fires_46279,,onehot,nystroem,normalizer,AdaBoostClassifier(random_state=0),3,0.9375,,,No using One Hot,0.20456194877624512,0.006525993347167969
algerian_forest_fires_46279,,onehot,nystroem,normalizer,AdaBoostClassifier(random_state=0),4,0.9166666666666666,,,No using One Hot,0.22113561630249023,0.009466886520385742
algerian_forest_fires_46279,,onehot,rbf_sampler,normalizer,AdaBoostClassifier(random_state=0),0,0.9795918367346939,,,No using One Hot,0.19820332527160645,0.00671839714050293
algerian_forest_fires_46279,,onehot,rbf_sampler,normalizer,AdaBoostClassifier(random_state=0),1,0.9591836734693877,,,No using One Hot,0.19293808937072754,0.0066127777099609375
algerian_forest_fires_46279,,onehot,rbf_sampler,normalizer,AdaBoostClassifier(random_state=0),2,0.8979591836734694,,,No using One Hot,0.1848771572113037,0.007464408874511719
algerian_forest_fires_46279,,onehot,rbf_sampler,normalizer,AdaBoostClassifier(random_state=0),3,0.9375,,,No using One Hot,0.1830892562866211,0.0065059661865234375
algerian_forest_fires_46279,,onehot,rbf_sampler,normalizer,AdaBoostClassifier(random_state=0),4,0.9375,,,No using One Hot,0.19422245025634766,0.006626605987548828
algerian_forest_fires_46279,,onehot,random_trees_embedding,normalizer,AdaBoostClassifier(random_state=0),0,0.8979591836734694,,,No using One Hot,0.13819074630737305,0.009777545928955078
algerian_forest_fires_46279,,onehot,random_trees_embedding,normalizer,AdaBoostClassifier(random_state=0),1,0.9591836734693877,,,No using One Hot,0.14050960540771484,0.009903907775878906
algerian_forest_fires_46279,,onehot,random_trees_embedding,normalizer,AdaBoostClassifier(random_state=0),2,1.0,,,No using One Hot,0.14560508728027344,0.010033845901489258
algerian_forest_fires_46279,,onehot,random_trees_embedding,normalizer,AdaBoostClassifier(random_state=0),3,0.9375,,,No using One Hot,0.14359784126281738,0.010122060775756836
algerian_forest_fires_46279,,onehot,random_trees_embedding,normalizer,AdaBoostClassifier(random_state=0),4,0.9583333333333334,,,No using One Hot,0.1644136905670166,0.01078176498413086
algerian_forest_fires_46279,,onehot,feature_agglomeration,normalizer,AdaBoostClassifier(random_state=0),0,0.7959183673469388,,,No using One Hot,0.07493090629577637,0.006292581558227539
algerian_forest_fires_46279,,onehot,feature_agglomeration,normalizer,AdaBoostClassifier(random_state=0),1,0.7346938775510204,,,No using One Hot,0.07051634788513184,0.006417036056518555
algerian_forest_fires_46279,,onehot,feature_agglomeration,normalizer,AdaBoostClassifier(random_state=0),2,0.8163265306122449,,,No using One Hot,0.08196806907653809,0.0064890384674072266
algerian_forest_fires_46279,,onehot,feature_agglomeration,normalizer,AdaBoostClassifier(random_state=0),3,0.8125,,,No using One Hot,0.07562565803527832,0.006859540939331055
algerian_forest_fires_46279,,onehot,feature_agglomeration,normalizer,AdaBoostClassifier(random_state=0),4,0.875,,,No using One Hot,0.09070324897766113,0.006252765655517578
algerian_forest_fires_46279,,onehot,extra_tree,normalizer,AdaBoostClassifier(random_state=0),0,0.9795918367346939,,,No using One Hot,0.07661700248718262,0.006348133087158203
algerian_forest_fires_46279,,onehot,extra_tree,normalizer,AdaBoostClassifier(random_state=0),1,0.9795918367346939,,,No using One Hot,0.0735774040222168,0.006702899932861328
algerian_forest_fires_46279,,onehot,extra_tree,normalizer,AdaBoostClassifier(random_state=0),2,1.0,,,No using One Hot,0.07103347778320312,0.00635981559753418
algerian_forest_fires_46279,,onehot,extra_tree,normalizer,AdaBoostClassifier(random_state=0),3,0.9375,,,No using One Hot,0.07169938087463379,0.006326436996459961
algerian_forest_fires_46279,,onehot,extra_tree,normalizer,AdaBoostClassifier(random_state=0),4,0.9375,,,No using One Hot,0.08263039588928223,0.0062580108642578125
algerian_forest_fires_46279,,onehot,linear_svc,normalizer,AdaBoostClassifier(random_state=0),0,0.9591836734693877,,,No using One Hot,0.07571101188659668,0.006327152252197266
algerian_forest_fires_46279,,onehot,linear_svc,normalizer,AdaBoostClassifier(random_state=0),1,0.9795918367346939,,,No using One Hot,0.07832789421081543,0.0068285465240478516
algerian_forest_fires_46279,,onehot,linear_svc,normalizer,AdaBoostClassifier(random_state=0),2,0.9591836734693877,,,No using One Hot,0.07749080657958984,0.0063076019287109375
algerian_forest_fires_46279,,onehot,linear_svc,normalizer,AdaBoostClassifier(random_state=0),3,0.9583333333333334,,,No using One Hot,0.07503628730773926,0.006609439849853516
algerian_forest_fires_46279,,onehot,linear_svc,normalizer,AdaBoostClassifier(random_state=0),4,0.9583333333333334,,,No using One Hot,0.07560610771179199,0.006314754486083984
algerian_forest_fires_46279,,onehot,kernel_pca,normalizer,AdaBoostClassifier(random_state=0),0,0.8979591836734694,,,No using One Hot,0.09688639640808105,0.006821632385253906
algerian_forest_fires_46279,,onehot,kernel_pca,normalizer,AdaBoostClassifier(random_state=0),1,0.9795918367346939,,,No using One Hot,0.10649681091308594,0.0065119266510009766
algerian_forest_fires_46279,,onehot,kernel_pca,normalizer,AdaBoostClassifier(random_state=0),2,0.8979591836734694,,,No using One Hot,0.0978085994720459,0.006950855255126953
algerian_forest_fires_46279,,onehot,kernel_pca,normalizer,AdaBoostClassifier(random_state=0),3,0.9583333333333334,,,No using One Hot,0.10097241401672363,0.0067882537841796875
algerian_forest_fires_46279,,onehot,kernel_pca,normalizer,AdaBoostClassifier(random_state=0),4,0.9583333333333334,,,No using One Hot,0.12040400505065918,0.00731348991394043
algerian_forest_fires_46279,,onehot,,power,AdaBoostClassifier(random_state=0),0,1.0,,,No using One Hot,0.0823206901550293,0.00635075569152832
algerian_forest_fires_46279,,onehot,,power,AdaBoostClassifier(random_state=0),1,0.9795918367346939,,,No using One Hot,0.08403229713439941,0.006319999694824219
algerian_forest_fires_46279,,onehot,,power,AdaBoostClassifier(random_state=0),2,1.0,,,No using One Hot,0.07769322395324707,0.006414890289306641
algerian_forest_fires_46279,,onehot,,power,AdaBoostClassifier(random_state=0),3,0.9583333333333334,,,No using One Hot,0.08214831352233887,0.006707429885864258
algerian_forest_fires_46279,,onehot,,power,AdaBoostClassifier(random_state=0),4,0.9583333333333334,,,No using One Hot,0.08156299591064453,0.006367683410644531
algerian_forest_fires_46279,,onehot,pca,power,AdaBoostClassifier(random_state=0),0,0.9387755102040817,,,No using One Hot,0.08687496185302734,0.006342649459838867
algerian_forest_fires_46279,,onehot,pca,power,AdaBoostClassifier(random_state=0),1,0.9591836734693877,,,No using One Hot,0.09890007972717285,0.006689310073852539
algerian_forest_fires_46279,,onehot,pca,power,AdaBoostClassifier(random_state=0),2,0.9183673469387755,,,No using One Hot,0.10240292549133301,0.006516456604003906
algerian_forest_fires_46279,,onehot,pca,power,AdaBoostClassifier(random_state=0),3,0.9791666666666666,,,No using One Hot,0.08789277076721191,0.006302595138549805
algerian_forest_fires_46279,,onehot,pca,power,AdaBoostClassifier(random_state=0),4,0.9791666666666666,,,No using One Hot,0.08455872535705566,0.006335735321044922
algerian_forest_fires_46279,,onehot,fastica,power,AdaBoostClassifier(random_state=0),0,0.7551020408163265,,,No using One Hot,0.09624743461608887,0.008679389953613281
algerian_forest_fires_46279,,onehot,fastica,power,AdaBoostClassifier(random_state=0),1,0.9387755102040817,,,No using One Hot,0.08868694305419922,0.007616519927978516
algerian_forest_fires_46279,,onehot,fastica,power,AdaBoostClassifier(random_state=0),2,0.9183673469387755,,,No using One Hot,0.09745001792907715,0.006320476531982422
algerian_forest_fires_46279,,onehot,fastica,power,AdaBoostClassifier(random_state=0),3,0.9791666666666666,,,No using One Hot,0.10805821418762207,0.009392738342285156
algerian_forest_fires_46279,,onehot,fastica,power,AdaBoostClassifier(random_state=0),4,0.875,,,No using One Hot,0.08492398262023926,0.0065114498138427734
algerian_forest_fires_46279,,onehot,truncated_svd,power,AdaBoostClassifier(random_state=0),0,0.8163265306122449,,,No using One Hot,0.07319808006286621,0.0063703060150146484
algerian_forest_fires_46279,,onehot,truncated_svd,power,AdaBoostClassifier(random_state=0),1,0.8775510204081632,,,No using One Hot,0.06951403617858887,0.006465911865234375
algerian_forest_fires_46279,,onehot,truncated_svd,power,AdaBoostClassifier(random_state=0),2,0.8367346938775511,,,No using One Hot,0.06889677047729492,0.006203413009643555
algerian_forest_fires_46279,,onehot,truncated_svd,power,AdaBoostClassifier(random_state=0),3,0.8958333333333334,,,No using One Hot,0.07585644721984863,0.006261348724365234
algerian_forest_fires_46279,,onehot,truncated_svd,power,AdaBoostClassifier(random_state=0),4,0.8958333333333334,,,No using One Hot,0.0731971263885498,0.006150484085083008
algerian_forest_fires_46279,,onehot,select_percentile,power,AdaBoostClassifier(random_state=0),0,1.0,,,No using One Hot,0.06856703758239746,0.006196737289428711
algerian_forest_fires_46279,,onehot,select_percentile,power,AdaBoostClassifier(random_state=0),1,0.9795918367346939,,,No using One Hot,0.06747221946716309,0.006208896636962891
algerian_forest_fires_46279,,onehot,select_percentile,power,AdaBoostClassifier(random_state=0),2,1.0,,,No using One Hot,0.06752824783325195,0.0062601566314697266
algerian_forest_fires_46279,,onehot,select_percentile,power,AdaBoostClassifier(random_state=0),3,0.9583333333333334,,,No using One Hot,0.07080888748168945,0.0062427520751953125
algerian_forest_fires_46279,,onehot,select_percentile,power,AdaBoostClassifier(random_state=0),4,0.9791666666666666,,,No using One Hot,0.06962919235229492,0.006310224533081055
algerian_forest_fires_46279,,onehot,generic_univariate,power,AdaBoostClassifier(random_state=0),0,0.9183673469387755,,,No using One Hot,0.08390331268310547,0.0067138671875
algerian_forest_fires_46279,,onehot,generic_univariate,power,AdaBoostClassifier(random_state=0),1,0.9183673469387755,,,No using One Hot,0.07094192504882812,0.006227970123291016
algerian_forest_fires_46279,,onehot,generic_univariate,power,AdaBoostClassifier(random_state=0),2,0.8775510204081632,,,No using One Hot,0.07059788703918457,0.006694793701171875
algerian_forest_fires_46279,,onehot,generic_univariate,power,AdaBoostClassifier(random_state=0),3,0.9583333333333334,,,No using One Hot,0.0756678581237793,0.00634765625
algerian_forest_fires_46279,,onehot,generic_univariate,power,AdaBoostClassifier(random_state=0),4,0.9583333333333334,,,No using One Hot,0.07204890251159668,0.006231784820556641
algerian_forest_fires_46279,,onehot,polynomial_features,power,AdaBoostClassifier(random_state=0),0,1.0,,,No using One Hot,0.1591646671295166,0.006484031677246094
algerian_forest_fires_46279,,onehot,polynomial_features,power,AdaBoostClassifier(random_state=0),1,0.9795918367346939,,,No using One Hot,0.15384173393249512,0.007119178771972656
algerian_forest_fires_46279,,onehot,polynomial_features,power,AdaBoostClassifier(random_state=0),2,1.0,,,No using One Hot,0.15626072883605957,0.006749153137207031
algerian_forest_fires_46279,,onehot,polynomial_features,power,AdaBoostClassifier(random_state=0),3,0.9583333333333334,,,No using One Hot,0.1573171615600586,0.006541728973388672
algerian_forest_fires_46279,,onehot,polynomial_features,power,AdaBoostClassifier(random_state=0),4,0.9375,,,No using One Hot,0.14943408966064453,0.006551980972290039
algerian_forest_fires_46279,,onehot,nystroem,power,AdaBoostClassifier(random_state=0),0,0.9183673469387755,,,No using One Hot,0.20763039588928223,0.006850242614746094
algerian_forest_fires_46279,,onehot,nystroem,power,AdaBoostClassifier(random_state=0),1,0.9591836734693877,,,No using One Hot,0.21802020072937012,0.006980419158935547
algerian_forest_fires_46279,,onehot,nystroem,power,AdaBoostClassifier(random_state=0),2,0.8979591836734694,,,No using One Hot,0.21575260162353516,0.0069921016693115234
algerian_forest_fires_46279,,onehot,nystroem,power,AdaBoostClassifier(random_state=0),3,0.9166666666666666,,,No using One Hot,0.23563766479492188,0.008861541748046875
algerian_forest_fires_46279,,onehot,nystroem,power,AdaBoostClassifier(random_state=0),4,0.9791666666666666,,,No using One Hot,0.19954204559326172,0.007128477096557617
algerian_forest_fires_46279,,onehot,rbf_sampler,power,AdaBoostClassifier(random_state=0),0,0.46938775510204084,,,No using One Hot,0.18474555015563965,0.006465911865234375
algerian_forest_fires_46279,,onehot,rbf_sampler,power,AdaBoostClassifier(random_state=0),1,0.7346938775510204,,,No using One Hot,0.17040061950683594,0.006354093551635742
algerian_forest_fires_46279,,onehot,rbf_sampler,power,AdaBoostClassifier(random_state=0),2,0.5306122448979592,,,No using One Hot,0.1678464412689209,0.006350278854370117
algerian_forest_fires_46279,,onehot,rbf_sampler,power,AdaBoostClassifier(random_state=0),3,0.7083333333333334,,,No using One Hot,0.1863725185394287,0.007169008255004883
algerian_forest_fires_46279,,onehot,rbf_sampler,power,AdaBoostClassifier(random_state=0),4,0.5208333333333334,,,No using One Hot,0.19063925743103027,0.006524801254272461
algerian_forest_fires_46279,,onehot,random_trees_embedding,power,AdaBoostClassifier(random_state=0),0,0.9795918367346939,,,No using One Hot,0.14608502388000488,0.010102272033691406
algerian_forest_fires_46279,,onehot,random_trees_embedding,power,AdaBoostClassifier(random_state=0),1,0.9591836734693877,,,No using One Hot,0.13684344291687012,0.010148286819458008
algerian_forest_fires_46279,,onehot,random_trees_embedding,power,AdaBoostClassifier(random_state=0),2,0.9591836734693877,,,No using One Hot,0.13157081604003906,0.009960174560546875
algerian_forest_fires_46279,,onehot,random_trees_embedding,power,AdaBoostClassifier(random_state=0),3,0.9791666666666666,,,No using One Hot,0.14583039283752441,0.010265827178955078
algerian_forest_fires_46279,,onehot,random_trees_embedding,power,AdaBoostClassifier(random_state=0),4,0.9583333333333334,,,No using One Hot,0.14195871353149414,0.01018071174621582
algerian_forest_fires_46279,,onehot,feature_agglomeration,power,AdaBoostClassifier(random_state=0),0,0.8571428571428571,,,No using One Hot,0.07416892051696777,0.006395816802978516
algerian_forest_fires_46279,,onehot,feature_agglomeration,power,AdaBoostClassifier(random_state=0),1,0.9183673469387755,,,No using One Hot,0.07605981826782227,0.006862163543701172
algerian_forest_fires_46279,,onehot,feature_agglomeration,power,AdaBoostClassifier(random_state=0),2,0.8367346938775511,,,No using One Hot,0.07566213607788086,0.006323337554931641
algerian_forest_fires_46279,,onehot,feature_agglomeration,power,AdaBoostClassifier(random_state=0),3,0.875,,,No using One Hot,0.08393383026123047,0.006815671920776367
algerian_forest_fires_46279,,onehot,feature_agglomeration,power,AdaBoostClassifier(random_state=0),4,0.8958333333333334,,,No using One Hot,0.07225346565246582,0.006208896636962891
algerian_forest_fires_46279,,onehot,extra_tree,power,AdaBoostClassifier(random_state=0),0,1.0,,,No using One Hot,0.07589149475097656,0.0062999725341796875
algerian_forest_fires_46279,,onehot,extra_tree,power,AdaBoostClassifier(random_state=0),1,0.9795918367346939,,,No using One Hot,0.07078695297241211,0.006283760070800781
algerian_forest_fires_46279,,onehot,extra_tree,power,AdaBoostClassifier(random_state=0),2,1.0,,,No using One Hot,0.07931208610534668,0.006322622299194336
algerian_forest_fires_46279,,onehot,extra_tree,power,AdaBoostClassifier(random_state=0),3,0.9791666666666666,,,No using One Hot,0.07514715194702148,0.006288766860961914
algerian_forest_fires_46279,,onehot,extra_tree,power,AdaBoostClassifier(random_state=0),4,0.9375,,,No using One Hot,0.07343482971191406,0.006294965744018555
algerian_forest_fires_46279,,onehot,linear_svc,power,AdaBoostClassifier(random_state=0),0,0.9795918367346939,,,No using One Hot,0.07759523391723633,0.0068132877349853516
algerian_forest_fires_46279,,onehot,linear_svc,power,AdaBoostClassifier(random_state=0),1,0.9795918367346939,,,No using One Hot,0.08117032051086426,0.006806373596191406
algerian_forest_fires_46279,,onehot,linear_svc,power,AdaBoostClassifier(random_state=0),2,1.0,,,No using One Hot,0.07816147804260254,0.006847858428955078
algerian_forest_fires_46279,,onehot,linear_svc,power,AdaBoostClassifier(random_state=0),3,0.9583333333333334,,,No using One Hot,0.07729458808898926,0.006367206573486328
algerian_forest_fires_46279,,onehot,linear_svc,power,AdaBoostClassifier(random_state=0),4,0.9375,,,No using One Hot,0.07191324234008789,0.006315469741821289
algerian_forest_fires_46279,,onehot,kernel_pca,power,AdaBoostClassifier(random_state=0),0,0.9387755102040817,,,No using One Hot,0.10123252868652344,0.006775856018066406
algerian_forest_fires_46279,,onehot,kernel_pca,power,AdaBoostClassifier(random_state=0),1,0.9591836734693877,,,No using One Hot,0.10594773292541504,0.006955146789550781
algerian_forest_fires_46279,,onehot,kernel_pca,power,AdaBoostClassifier(random_state=0),2,0.9183673469387755,,,No using One Hot,0.11383843421936035,0.007214069366455078
algerian_forest_fires_46279,,onehot,kernel_pca,power,AdaBoostClassifier(random_state=0),3,0.9791666666666666,,,No using One Hot,0.10912895202636719,0.0069332122802734375
algerian_forest_fires_46279,,onehot,kernel_pca,power,AdaBoostClassifier(random_state=0),4,0.9791666666666666,,,No using One Hot,0.1056826114654541,0.006848573684692383
algerian_forest_fires_46279,,onehot,,quantile,AdaBoostClassifier(random_state=0),0,1.0,,,No using One Hot,0.07466864585876465,0.006305217742919922
algerian_forest_fires_46279,,onehot,,quantile,AdaBoostClassifier(random_state=0),1,0.9795918367346939,,,No using One Hot,0.07827520370483398,0.0064203739166259766
algerian_forest_fires_46279,,onehot,,quantile,AdaBoostClassifier(random_state=0),2,1.0,,,No using One Hot,0.07897281646728516,0.006403923034667969
algerian_forest_fires_46279,,onehot,,quantile,AdaBoostClassifier(random_state=0),3,0.9583333333333334,,,No using One Hot,0.0749204158782959,0.006261110305786133
algerian_forest_fires_46279,,onehot,,quantile,AdaBoostClassifier(random_state=0),4,0.9583333333333334,,,No using One Hot,0.07404184341430664,0.006361722946166992
algerian_forest_fires_46279,,onehot,pca,quantile,AdaBoostClassifier(random_state=0),0,0.9183673469387755,,,No using One Hot,0.0795595645904541,0.006311655044555664
algerian_forest_fires_46279,,onehot,pca,quantile,AdaBoostClassifier(random_state=0),1,0.9795918367346939,,,No using One Hot,0.07835578918457031,0.0065882205963134766
algerian_forest_fires_46279,,onehot,pca,quantile,AdaBoostClassifier(random_state=0),2,0.9795918367346939,,,No using One Hot,0.07919430732727051,0.006505727767944336
algerian_forest_fires_46279,,onehot,pca,quantile,AdaBoostClassifier(random_state=0),3,0.9166666666666666,,,No using One Hot,0.09209704399108887,0.006335020065307617
algerian_forest_fires_46279,,onehot,pca,quantile,AdaBoostClassifier(random_state=0),4,0.9375,,,No using One Hot,0.08711385726928711,0.006987571716308594
algerian_forest_fires_46279,,onehot,fastica,quantile,AdaBoostClassifier(random_state=0),0,0.6530612244897959,,,No using One Hot,0.08650994300842285,0.006318569183349609
algerian_forest_fires_46279,,onehot,fastica,quantile,AdaBoostClassifier(random_state=0),1,0.7755102040816326,,,No using One Hot,0.1018517017364502,0.006533622741699219
algerian_forest_fires_46279,,onehot,fastica,quantile,AdaBoostClassifier(random_state=0),2,0.7959183673469388,,,No using One Hot,0.10064578056335449,0.006456851959228516
algerian_forest_fires_46279,,onehot,fastica,quantile,AdaBoostClassifier(random_state=0),3,0.875,,,No using One Hot,0.08374595642089844,0.006399393081665039
algerian_forest_fires_46279,,onehot,fastica,quantile,AdaBoostClassifier(random_state=0),4,0.8541666666666666,,,No using One Hot,0.08932018280029297,0.007256269454956055
algerian_forest_fires_46279,,onehot,truncated_svd,quantile,AdaBoostClassifier(random_state=0),0,0.8571428571428571,,,No using One Hot,0.07752513885498047,0.00650787353515625
algerian_forest_fires_46279,,onehot,truncated_svd,quantile,AdaBoostClassifier(random_state=0),1,0.8979591836734694,,,No using One Hot,0.07120490074157715,0.0064849853515625
algerian_forest_fires_46279,,onehot,truncated_svd,quantile,AdaBoostClassifier(random_state=0),2,0.8979591836734694,,,No using One Hot,0.07411670684814453,0.006263017654418945
algerian_forest_fires_46279,,onehot,truncated_svd,quantile,AdaBoostClassifier(random_state=0),3,0.9166666666666666,,,No using One Hot,0.07193803787231445,0.006363868713378906
algerian_forest_fires_46279,,onehot,truncated_svd,quantile,AdaBoostClassifier(random_state=0),4,0.9166666666666666,,,No using One Hot,0.07640767097473145,0.00636744499206543
algerian_forest_fires_46279,,onehot,select_percentile,quantile,AdaBoostClassifier(random_state=0),0,1.0,,,No using One Hot,0.06891131401062012,0.00630497932434082
algerian_forest_fires_46279,,onehot,select_percentile,quantile,AdaBoostClassifier(random_state=0),1,0.9795918367346939,,,No using One Hot,0.07459783554077148,0.006311178207397461
algerian_forest_fires_46279,,onehot,select_percentile,quantile,AdaBoostClassifier(random_state=0),2,1.0,,,No using One Hot,0.07772183418273926,0.006343364715576172
algerian_forest_fires_46279,,onehot,select_percentile,quantile,AdaBoostClassifier(random_state=0),3,0.9583333333333334,,,No using One Hot,0.07021450996398926,0.00627589225769043
algerian_forest_fires_46279,,onehot,select_percentile,quantile,AdaBoostClassifier(random_state=0),4,0.9375,,,No using One Hot,0.07912111282348633,0.006416797637939453
algerian_forest_fires_46279,,onehot,generic_univariate,quantile,AdaBoostClassifier(random_state=0),0,1.0,,,No using One Hot,0.07616209983825684,0.0062749385833740234
algerian_forest_fires_46279,,onehot,generic_univariate,quantile,AdaBoostClassifier(random_state=0),1,0.9795918367346939,,,No using One Hot,0.07339668273925781,0.006691694259643555
algerian_forest_fires_46279,,onehot,generic_univariate,quantile,AdaBoostClassifier(random_state=0),2,1.0,,,No using One Hot,0.06749701499938965,0.006281614303588867
algerian_forest_fires_46279,,onehot,generic_univariate,quantile,AdaBoostClassifier(random_state=0),3,0.9375,,,No using One Hot,0.06815338134765625,0.007002115249633789
algerian_forest_fires_46279,,onehot,generic_univariate,quantile,AdaBoostClassifier(random_state=0),4,0.9375,,,No using One Hot,0.07248973846435547,0.0061876773834228516
algerian_forest_fires_46279,,onehot,polynomial_features,quantile,AdaBoostClassifier(random_state=0),0,0.9795918367346939,,,No using One Hot,1.16510009765625,0.0065364837646484375
algerian_forest_fires_46279,,onehot,polynomial_features,quantile,AdaBoostClassifier(random_state=0),1,0.9795918367346939,,,No using One Hot,0.14536738395690918,0.006622314453125
algerian_forest_fires_46279,,onehot,polynomial_features,quantile,AdaBoostClassifier(random_state=0),2,0.9795918367346939,,,No using One Hot,0.14813804626464844,0.006529092788696289
algerian_forest_fires_46279,,onehot,polynomial_features,quantile,AdaBoostClassifier(random_state=0),3,1.0,,,No using One Hot,0.14498043060302734,0.006449222564697266
algerian_forest_fires_46279,,onehot,polynomial_features,quantile,AdaBoostClassifier(random_state=0),4,0.875,,,No using One Hot,0.1444408893585205,0.006407499313354492
algerian_forest_fires_46279,,onehot,nystroem,quantile,AdaBoostClassifier(random_state=0),0,0.9183673469387755,,,No using One Hot,0.22033977508544922,0.007409811019897461
algerian_forest_fires_46279,,onehot,nystroem,quantile,AdaBoostClassifier(random_state=0),1,0.9795918367346939,,,No using One Hot,0.20596075057983398,0.006623744964599609
algerian_forest_fires_46279,,onehot,nystroem,quantile,AdaBoostClassifier(random_state=0),2,0.8163265306122449,,,No using One Hot,0.18973064422607422,0.00646209716796875
algerian_forest_fires_46279,,onehot,nystroem,quantile,AdaBoostClassifier(random_state=0),3,0.9375,,,No using One Hot,0.23324871063232422,0.006821393966674805
algerian_forest_fires_46279,,onehot,nystroem,quantile,AdaBoostClassifier(random_state=0),4,0.9166666666666666,,,No using One Hot,0.1965944766998291,0.006609201431274414
algerian_forest_fires_46279,,onehot,rbf_sampler,quantile,AdaBoostClassifier(random_state=0),0,0.9591836734693877,,,No using One Hot,0.18723654747009277,0.0065152645111083984
algerian_forest_fires_46279,,onehot,rbf_sampler,quantile,AdaBoostClassifier(random_state=0),1,0.9795918367346939,,,No using One Hot,0.18923211097717285,0.00706934928894043
algerian_forest_fires_46279,,onehot,rbf_sampler,quantile,AdaBoostClassifier(random_state=0),2,0.9795918367346939,,,No using One Hot,0.18423104286193848,0.0067408084869384766
algerian_forest_fires_46279,,onehot,rbf_sampler,quantile,AdaBoostClassifier(random_state=0),3,0.9583333333333334,,,No using One Hot,0.18419742584228516,0.006926774978637695
algerian_forest_fires_46279,,onehot,rbf_sampler,quantile,AdaBoostClassifier(random_state=0),4,0.9583333333333334,,,No using One Hot,0.18691754341125488,0.006449699401855469
algerian_forest_fires_46279,,onehot,random_trees_embedding,quantile,AdaBoostClassifier(random_state=0),0,0.9591836734693877,,,No using One Hot,0.1395258903503418,0.010046720504760742
algerian_forest_fires_46279,,onehot,random_trees_embedding,quantile,AdaBoostClassifier(random_state=0),1,1.0,,,No using One Hot,0.16516685485839844,0.010648488998413086
algerian_forest_fires_46279,,onehot,random_trees_embedding,quantile,AdaBoostClassifier(random_state=0),2,0.9591836734693877,,,No using One Hot,0.14233899116516113,0.011063337326049805
algerian_forest_fires_46279,,onehot,random_trees_embedding,quantile,AdaBoostClassifier(random_state=0),3,0.9375,,,No using One Hot,0.14040589332580566,0.01003885269165039
algerian_forest_fires_46279,,onehot,random_trees_embedding,quantile,AdaBoostClassifier(random_state=0),4,0.9791666666666666,,,No using One Hot,0.13725876808166504,0.010200023651123047
algerian_forest_fires_46279,,onehot,feature_agglomeration,quantile,AdaBoostClassifier(random_state=0),0,0.8367346938775511,,,No using One Hot,0.07535910606384277,0.006936550140380859
algerian_forest_fires_46279,,onehot,feature_agglomeration,quantile,AdaBoostClassifier(random_state=0),1,0.8571428571428571,,,No using One Hot,0.08234286308288574,0.006843090057373047
algerian_forest_fires_46279,,onehot,feature_agglomeration,quantile,AdaBoostClassifier(random_state=0),2,0.8775510204081632,,,No using One Hot,0.0737450122833252,0.006333827972412109
algerian_forest_fires_46279,,onehot,feature_agglomeration,quantile,AdaBoostClassifier(random_state=0),3,0.875,,,No using One Hot,0.07373571395874023,0.006225109100341797
algerian_forest_fires_46279,,onehot,feature_agglomeration,quantile,AdaBoostClassifier(random_state=0),4,0.8958333333333334,,,No using One Hot,0.07615494728088379,0.006294965744018555
algerian_forest_fires_46279,,onehot,extra_tree,quantile,AdaBoostClassifier(random_state=0),0,1.0,,,No using One Hot,0.08002400398254395,0.006302356719970703
algerian_forest_fires_46279,,onehot,extra_tree,quantile,AdaBoostClassifier(random_state=0),1,0.9795918367346939,,,No using One Hot,0.0720968246459961,0.006294965744018555
algerian_forest_fires_46279,,onehot,extra_tree,quantile,AdaBoostClassifier(random_state=0),2,1.0,,,No using One Hot,0.07585787773132324,0.006499052047729492
algerian_forest_fires_46279,,onehot,extra_tree,quantile,AdaBoostClassifier(random_state=0),3,0.9791666666666666,,,No using One Hot,0.07345342636108398,0.006287336349487305
algerian_forest_fires_46279,,onehot,extra_tree,quantile,AdaBoostClassifier(random_state=0),4,0.9375,,,No using One Hot,0.06963014602661133,0.006161689758300781
algerian_forest_fires_46279,,onehot,linear_svc,quantile,AdaBoostClassifier(random_state=0),0,1.0,,,No using One Hot,0.06817889213562012,0.006203889846801758
algerian_forest_fires_46279,,onehot,linear_svc,quantile,AdaBoostClassifier(random_state=0),1,0.9795918367346939,,,No using One Hot,0.06802201271057129,0.006127119064331055
algerian_forest_fires_46279,,onehot,linear_svc,quantile,AdaBoostClassifier(random_state=0),2,1.0,,,No using One Hot,0.06818103790283203,0.006242990493774414
algerian_forest_fires_46279,,onehot,linear_svc,quantile,AdaBoostClassifier(random_state=0),3,0.9583333333333334,,,No using One Hot,0.06795501708984375,0.0061511993408203125
algerian_forest_fires_46279,,onehot,linear_svc,quantile,AdaBoostClassifier(random_state=0),4,0.9375,,,No using One Hot,0.06881475448608398,0.006003379821777344
algerian_forest_fires_46279,,onehot,kernel_pca,quantile,AdaBoostClassifier(random_state=0),0,0.9183673469387755,,,No using One Hot,0.09490394592285156,0.0067865848541259766
algerian_forest_fires_46279,,onehot,kernel_pca,quantile,AdaBoostClassifier(random_state=0),1,0.9795918367346939,,,No using One Hot,0.09461331367492676,0.006731748580932617
algerian_forest_fires_46279,,onehot,kernel_pca,quantile,AdaBoostClassifier(random_state=0),2,0.9795918367346939,,,No using One Hot,0.11636161804199219,0.006254434585571289
algerian_forest_fires_46279,,onehot,kernel_pca,quantile,AdaBoostClassifier(random_state=0),3,0.9166666666666666,,,No using One Hot,0.09637284278869629,0.0068798065185546875
algerian_forest_fires_46279,,onehot,kernel_pca,quantile,AdaBoostClassifier(random_state=0),4,0.9375,,,No using One Hot,0.11399173736572266,0.0063343048095703125
algerian_forest_fires_46279,,ordinalencoder,,,AdaBoostClassifier(random_state=0),0,1.0,,,No using Ordinal Hot,0.08103060722351074,0.0072557926177978516
algerian_forest_fires_46279,,ordinalencoder,,,AdaBoostClassifier(random_state=0),1,0.9795918367346939,,,No using Ordinal Hot,0.08321762084960938,0.007911920547485352
algerian_forest_fires_46279,,ordinalencoder,,,AdaBoostClassifier(random_state=0),2,1.0,,,No using Ordinal Hot,0.08667469024658203,0.008813858032226562
algerian_forest_fires_46279,,ordinalencoder,,,AdaBoostClassifier(random_state=0),3,0.9583333333333334,,,No using Ordinal Hot,0.0926966667175293,0.011481285095214844
algerian_forest_fires_46279,,ordinalencoder,,,AdaBoostClassifier(random_state=0),4,0.9583333333333334,,,No using Ordinal Hot,0.0921926498413086,0.007663726806640625
algerian_forest_fires_46279,,ordinalencoder,pca,,AdaBoostClassifier(random_state=0),0,0.9387755102040817,,,No using Ordinal Hot,0.09908080101013184,0.010338544845581055
algerian_forest_fires_46279,,ordinalencoder,pca,,AdaBoostClassifier(random_state=0),1,0.9591836734693877,,,No using Ordinal Hot,0.0821068286895752,0.006409645080566406
algerian_forest_fires_46279,,ordinalencoder,pca,,AdaBoostClassifier(random_state=0),2,0.9387755102040817,,,No using Ordinal Hot,0.08364558219909668,0.0062732696533203125
algerian_forest_fires_46279,,ordinalencoder,pca,,AdaBoostClassifier(random_state=0),3,0.9375,,,No using Ordinal Hot,0.08399677276611328,0.0064144134521484375
algerian_forest_fires_46279,,ordinalencoder,pca,,AdaBoostClassifier(random_state=0),4,0.9375,,,No using Ordinal Hot,0.08524680137634277,0.006338834762573242
algerian_forest_fires_46279,,ordinalencoder,fastica,,AdaBoostClassifier(random_state=0),0,0.6326530612244898,,,No using Ordinal Hot,0.08368229866027832,0.006348133087158203
algerian_forest_fires_46279,,ordinalencoder,fastica,,AdaBoostClassifier(random_state=0),1,0.6938775510204082,,,No using Ordinal Hot,0.08355307579040527,0.00633692741394043
algerian_forest_fires_46279,,ordinalencoder,fastica,,AdaBoostClassifier(random_state=0),2,0.8775510204081632,,,No using Ordinal Hot,0.08601760864257812,0.006459712982177734
algerian_forest_fires_46279,,ordinalencoder,fastica,,AdaBoostClassifier(random_state=0),3,0.875,,,No using Ordinal Hot,0.08956289291381836,0.006482839584350586
algerian_forest_fires_46279,,ordinalencoder,fastica,,AdaBoostClassifier(random_state=0),4,0.6041666666666666,,,No using Ordinal Hot,0.08881711959838867,0.006334543228149414
algerian_forest_fires_46279,,ordinalencoder,truncated_svd,,AdaBoostClassifier(random_state=0),0,0.8163265306122449,,,No using Ordinal Hot,0.07270526885986328,0.006194591522216797
algerian_forest_fires_46279,,ordinalencoder,truncated_svd,,AdaBoostClassifier(random_state=0),1,0.7959183673469388,,,No using Ordinal Hot,0.07066559791564941,0.008567094802856445
algerian_forest_fires_46279,,ordinalencoder,truncated_svd,,AdaBoostClassifier(random_state=0),2,0.7551020408163265,,,No using Ordinal Hot,0.07126235961914062,0.0061681270599365234
algerian_forest_fires_46279,,ordinalencoder,truncated_svd,,AdaBoostClassifier(random_state=0),3,0.8958333333333334,,,No using Ordinal Hot,0.06894040107727051,0.0062406063079833984
algerian_forest_fires_46279,,ordinalencoder,truncated_svd,,AdaBoostClassifier(random_state=0),4,0.8958333333333334,,,No using Ordinal Hot,0.06989526748657227,0.006296634674072266
algerian_forest_fires_46279,,ordinalencoder,select_percentile,,AdaBoostClassifier(random_state=0),0,1.0,,,No using Ordinal Hot,0.07017970085144043,0.006226778030395508
algerian_forest_fires_46279,,ordinalencoder,select_percentile,,AdaBoostClassifier(random_state=0),1,0.9795918367346939,,,No using Ordinal Hot,0.06839632987976074,0.006233930587768555
algerian_forest_fires_46279,,ordinalencoder,select_percentile,,AdaBoostClassifier(random_state=0),2,1.0,,,No using Ordinal Hot,0.06980419158935547,0.006261348724365234
algerian_forest_fires_46279,,ordinalencoder,select_percentile,,AdaBoostClassifier(random_state=0),3,0.9583333333333334,,,No using Ordinal Hot,0.07127809524536133,0.006227731704711914
algerian_forest_fires_46279,,ordinalencoder,select_percentile,,AdaBoostClassifier(random_state=0),4,0.9375,,,No using Ordinal Hot,0.07024931907653809,0.0062847137451171875
algerian_forest_fires_46279,,ordinalencoder,generic_univariate,,AdaBoostClassifier(random_state=0),0,1.0,,,No using Ordinal Hot,0.06858158111572266,0.006447315216064453
algerian_forest_fires_46279,,ordinalencoder,generic_univariate,,AdaBoostClassifier(random_state=0),1,1.0,,,No using Ordinal Hot,0.06810402870178223,0.006276130676269531
algerian_forest_fires_46279,,ordinalencoder,generic_univariate,,AdaBoostClassifier(random_state=0),2,1.0,,,No using Ordinal Hot,0.08045339584350586,0.006581306457519531
algerian_forest_fires_46279,,ordinalencoder,generic_univariate,,AdaBoostClassifier(random_state=0),3,0.9583333333333334,,,No using Ordinal Hot,0.06761693954467773,0.006228446960449219
algerian_forest_fires_46279,,ordinalencoder,generic_univariate,,AdaBoostClassifier(random_state=0),4,0.9791666666666666,,,No using Ordinal Hot,0.06740021705627441,0.006130218505859375
algerian_forest_fires_46279,,ordinalencoder,polynomial_features,,AdaBoostClassifier(random_state=0),0,0.9795918367346939,,,No using Ordinal Hot,0.1423959732055664,0.006327390670776367
algerian_forest_fires_46279,,ordinalencoder,polynomial_features,,AdaBoostClassifier(random_state=0),1,0.9795918367346939,,,No using Ordinal Hot,0.14065790176391602,0.006254434585571289
algerian_forest_fires_46279,,ordinalencoder,polynomial_features,,AdaBoostClassifier(random_state=0),2,1.0,,,No using Ordinal Hot,0.14284467697143555,0.006300210952758789
algerian_forest_fires_46279,,ordinalencoder,polynomial_features,,AdaBoostClassifier(random_state=0),3,0.9583333333333334,,,No using Ordinal Hot,0.1526622772216797,0.006536006927490234
algerian_forest_fires_46279,,ordinalencoder,polynomial_features,,AdaBoostClassifier(random_state=0),4,0.9166666666666666,,,No using Ordinal Hot,0.15438270568847656,0.006647586822509766
algerian_forest_fires_46279,,ordinalencoder,nystroem,,AdaBoostClassifier(random_state=0),0,0.7346938775510204,,,No using Ordinal Hot,0.13814806938171387,0.006484508514404297
algerian_forest_fires_46279,,ordinalencoder,nystroem,,AdaBoostClassifier(random_state=0),1,0.8367346938775511,,,No using Ordinal Hot,0.14142322540283203,0.006417274475097656
algerian_forest_fires_46279,,ordinalencoder,nystroem,,AdaBoostClassifier(random_state=0),2,0.7551020408163265,,,No using Ordinal Hot,0.14363956451416016,0.0064432621002197266
algerian_forest_fires_46279,,ordinalencoder,nystroem,,AdaBoostClassifier(random_state=0),3,0.75,,,No using Ordinal Hot,0.1400585174560547,0.0064585208892822266
algerian_forest_fires_46279,,ordinalencoder,nystroem,,AdaBoostClassifier(random_state=0),4,0.8333333333333334,,,No using Ordinal Hot,0.14983797073364258,0.006946086883544922
algerian_forest_fires_46279,,ordinalencoder,rbf_sampler,,AdaBoostClassifier(random_state=0),0,0.4897959183673469,,,No using Ordinal Hot,0.18333935737609863,0.007094621658325195
algerian_forest_fires_46279,,ordinalencoder,rbf_sampler,,AdaBoostClassifier(random_state=0),1,0.5510204081632653,,,No using Ordinal Hot,0.2006988525390625,0.006510019302368164
algerian_forest_fires_46279,,ordinalencoder,rbf_sampler,,AdaBoostClassifier(random_state=0),2,0.5510204081632653,,,No using Ordinal Hot,0.17913055419921875,0.0064830780029296875
algerian_forest_fires_46279,,ordinalencoder,rbf_sampler,,AdaBoostClassifier(random_state=0),3,0.5208333333333334,,,No using Ordinal Hot,0.18056154251098633,0.00642704963684082
algerian_forest_fires_46279,,ordinalencoder,rbf_sampler,,AdaBoostClassifier(random_state=0),4,0.4583333333333333,,,No using Ordinal Hot,0.18298673629760742,0.006463050842285156
algerian_forest_fires_46279,,ordinalencoder,random_trees_embedding,,AdaBoostClassifier(random_state=0),0,0.8775510204081632,,,No using Ordinal Hot,0.1322793960571289,0.010019540786743164
algerian_forest_fires_46279,,ordinalencoder,random_trees_embedding,,AdaBoostClassifier(random_state=0),1,0.9591836734693877,,,No using Ordinal Hot,0.1284637451171875,0.01005101203918457
algerian_forest_fires_46279,,ordinalencoder,random_trees_embedding,,AdaBoostClassifier(random_state=0),2,0.9795918367346939,,,No using Ordinal Hot,0.12298274040222168,0.00992131233215332
algerian_forest_fires_46279,,ordinalencoder,random_trees_embedding,,AdaBoostClassifier(random_state=0),3,0.9583333333333334,,,No using Ordinal Hot,0.12746310234069824,0.010052204132080078
algerian_forest_fires_46279,,ordinalencoder,random_trees_embedding,,AdaBoostClassifier(random_state=0),4,0.9375,,,No using Ordinal Hot,0.12411093711853027,0.00988912582397461
algerian_forest_fires_46279,,ordinalencoder,feature_agglomeration,,AdaBoostClassifier(random_state=0),0,0.7551020408163265,,,No using Ordinal Hot,0.06749129295349121,0.006242275238037109
algerian_forest_fires_46279,,ordinalencoder,feature_agglomeration,,AdaBoostClassifier(random_state=0),1,0.7959183673469388,,,No using Ordinal Hot,0.07082056999206543,0.0061914920806884766
algerian_forest_fires_46279,,ordinalencoder,feature_agglomeration,,AdaBoostClassifier(random_state=0),2,0.8367346938775511,,,No using Ordinal Hot,0.06791090965270996,0.006265163421630859
algerian_forest_fires_46279,,ordinalencoder,feature_agglomeration,,AdaBoostClassifier(random_state=0),3,0.8958333333333334,,,No using Ordinal Hot,0.0700230598449707,0.006302356719970703
algerian_forest_fires_46279,,ordinalencoder,feature_agglomeration,,AdaBoostClassifier(random_state=0),4,0.8333333333333334,,,No using Ordinal Hot,0.0694878101348877,0.006178379058837891
algerian_forest_fires_46279,,ordinalencoder,extra_tree,,AdaBoostClassifier(random_state=0),0,1.0,,,No using Ordinal Hot,0.07283997535705566,0.006279468536376953
algerian_forest_fires_46279,,ordinalencoder,extra_tree,,AdaBoostClassifier(random_state=0),1,0.9795918367346939,,,No using Ordinal Hot,0.08055591583251953,0.006676912307739258
algerian_forest_fires_46279,,ordinalencoder,extra_tree,,AdaBoostClassifier(random_state=0),2,1.0,,,No using Ordinal Hot,0.09034848213195801,0.007939815521240234
algerian_forest_fires_46279,,ordinalencoder,extra_tree,,AdaBoostClassifier(random_state=0),3,0.9791666666666666,,,No using Ordinal Hot,0.08268976211547852,0.007256746292114258
algerian_forest_fires_46279,,ordinalencoder,extra_tree,,AdaBoostClassifier(random_state=0),4,0.9375,,,No using Ordinal Hot,0.08528494834899902,0.006804466247558594
algerian_forest_fires_46279,,ordinalencoder,linear_svc,,AdaBoostClassifier(random_state=0),0,1.0,,,No using Ordinal Hot,0.0773169994354248,0.006404399871826172
algerian_forest_fires_46279,,ordinalencoder,linear_svc,,AdaBoostClassifier(random_state=0),1,0.9795918367346939,,,No using Ordinal Hot,0.0790548324584961,0.006267547607421875
algerian_forest_fires_46279,,ordinalencoder,linear_svc,,AdaBoostClassifier(random_state=0),2,1.0,,,No using Ordinal Hot,0.09269428253173828,0.00699162483215332
algerian_forest_fires_46279,,ordinalencoder,linear_svc,,AdaBoostClassifier(random_state=0),3,0.9583333333333334,,,No using Ordinal Hot,0.08221197128295898,0.00639653205871582
algerian_forest_fires_46279,,ordinalencoder,linear_svc,,AdaBoostClassifier(random_state=0),4,0.9375,,,No using Ordinal Hot,0.07487320899963379,0.0070953369140625
algerian_forest_fires_46279,,ordinalencoder,kernel_pca,,AdaBoostClassifier(random_state=0),0,0.9387755102040817,,,No using Ordinal Hot,0.12744617462158203,0.00812840461730957
algerian_forest_fires_46279,,ordinalencoder,kernel_pca,,AdaBoostClassifier(random_state=0),1,0.9591836734693877,,,No using Ordinal Hot,0.1139988899230957,0.007722377777099609
algerian_forest_fires_46279,,ordinalencoder,kernel_pca,,AdaBoostClassifier(random_state=0),2,0.9387755102040817,,,No using Ordinal Hot,0.10018467903137207,0.007111310958862305
algerian_forest_fires_46279,,ordinalencoder,kernel_pca,,AdaBoostClassifier(random_state=0),3,0.9375,,,No using Ordinal Hot,0.1157827377319336,0.00629878044128418
algerian_forest_fires_46279,,ordinalencoder,kernel_pca,,AdaBoostClassifier(random_state=0),4,0.9375,,,No using Ordinal Hot,0.11619806289672852,0.007433652877807617
algerian_forest_fires_46279,,ordinalencoder,,standard,AdaBoostClassifier(random_state=0),0,1.0,,,No using Ordinal Hot,0.08861064910888672,0.0067615509033203125
algerian_forest_fires_46279,,ordinalencoder,,standard,AdaBoostClassifier(random_state=0),1,0.9795918367346939,,,No using Ordinal Hot,0.08400964736938477,0.006562709808349609
algerian_forest_fires_46279,,ordinalencoder,,standard,AdaBoostClassifier(random_state=0),2,1.0,,,No using Ordinal Hot,0.07744288444519043,0.007661104202270508
algerian_forest_fires_46279,,ordinalencoder,,standard,AdaBoostClassifier(random_state=0),3,0.9583333333333334,,,No using Ordinal Hot,0.07616734504699707,0.006371736526489258
algerian_forest_fires_46279,,ordinalencoder,,standard,AdaBoostClassifier(random_state=0),4,0.9583333333333334,,,No using Ordinal Hot,0.08063864707946777,0.0064008235931396484
algerian_forest_fires_46279,,ordinalencoder,pca,standard,AdaBoostClassifier(random_state=0),0,0.8367346938775511,,,No using Ordinal Hot,0.08230137825012207,0.006319999694824219
algerian_forest_fires_46279,,ordinalencoder,pca,standard,AdaBoostClassifier(random_state=0),1,0.9387755102040817,,,No using Ordinal Hot,0.09218597412109375,0.009487628936767578
algerian_forest_fires_46279,,ordinalencoder,pca,standard,AdaBoostClassifier(random_state=0),2,0.9387755102040817,,,No using Ordinal Hot,0.10250735282897949,0.007294416427612305
algerian_forest_fires_46279,,ordinalencoder,pca,standard,AdaBoostClassifier(random_state=0),3,0.9583333333333334,,,No using Ordinal Hot,0.08222389221191406,0.006357431411743164
algerian_forest_fires_46279,,ordinalencoder,pca,standard,AdaBoostClassifier(random_state=0),4,0.9166666666666666,,,No using Ordinal Hot,0.0890967845916748,0.006771564483642578
algerian_forest_fires_46279,,ordinalencoder,fastica,standard,AdaBoostClassifier(random_state=0),0,0.7346938775510204,,,No using Ordinal Hot,0.09283113479614258,0.006460666656494141
algerian_forest_fires_46279,,ordinalencoder,fastica,standard,AdaBoostClassifier(random_state=0),1,0.6326530612244898,,,No using Ordinal Hot,0.08533763885498047,0.006691932678222656
algerian_forest_fires_46279,,ordinalencoder,fastica,standard,AdaBoostClassifier(random_state=0),2,0.8775510204081632,,,No using Ordinal Hot,0.08406352996826172,0.006615161895751953
algerian_forest_fires_46279,,ordinalencoder,fastica,standard,AdaBoostClassifier(random_state=0),3,0.9375,,,No using Ordinal Hot,0.08165502548217773,0.006415367126464844
algerian_forest_fires_46279,,ordinalencoder,fastica,standard,AdaBoostClassifier(random_state=0),4,0.7291666666666666,,,No using Ordinal Hot,0.08236861228942871,0.006371021270751953
algerian_forest_fires_46279,,ordinalencoder,truncated_svd,standard,AdaBoostClassifier(random_state=0),0,0.7959183673469388,,,No using Ordinal Hot,0.06929516792297363,0.00616908073425293
algerian_forest_fires_46279,,ordinalencoder,truncated_svd,standard,AdaBoostClassifier(random_state=0),1,0.8367346938775511,,,No using Ordinal Hot,0.07163143157958984,0.0062351226806640625
algerian_forest_fires_46279,,ordinalencoder,truncated_svd,standard,AdaBoostClassifier(random_state=0),2,0.7755102040816326,,,No using Ordinal Hot,0.07629513740539551,0.006879329681396484
algerian_forest_fires_46279,,ordinalencoder,truncated_svd,standard,AdaBoostClassifier(random_state=0),3,0.875,,,No using Ordinal Hot,0.07501506805419922,0.006440639495849609
algerian_forest_fires_46279,,ordinalencoder,truncated_svd,standard,AdaBoostClassifier(random_state=0),4,0.8541666666666666,,,No using Ordinal Hot,0.07825016975402832,0.006222724914550781
algerian_forest_fires_46279,,ordinalencoder,select_percentile,standard,AdaBoostClassifier(random_state=0),0,1.0,,,No using Ordinal Hot,0.07186150550842285,0.006392002105712891
algerian_forest_fires_46279,,ordinalencoder,select_percentile,standard,AdaBoostClassifier(random_state=0),1,0.9795918367346939,,,No using Ordinal Hot,0.07118964195251465,0.0062046051025390625
algerian_forest_fires_46279,,ordinalencoder,select_percentile,standard,AdaBoostClassifier(random_state=0),2,1.0,,,No using Ordinal Hot,0.07870602607727051,0.006292104721069336
algerian_forest_fires_46279,,ordinalencoder,select_percentile,standard,AdaBoostClassifier(random_state=0),3,0.9583333333333334,,,No using Ordinal Hot,0.07682919502258301,0.006665468215942383
algerian_forest_fires_46279,,ordinalencoder,select_percentile,standard,AdaBoostClassifier(random_state=0),4,0.9375,,,No using Ordinal Hot,0.07735419273376465,0.006330251693725586
algerian_forest_fires_46279,,ordinalencoder,generic_univariate,standard,AdaBoostClassifier(random_state=0),0,1.0,,,No using Ordinal Hot,0.07706713676452637,0.006591320037841797
algerian_forest_fires_46279,,ordinalencoder,generic_univariate,standard,AdaBoostClassifier(random_state=0),1,1.0,,,No using Ordinal Hot,0.07288146018981934,0.006314992904663086
algerian_forest_fires_46279,,ordinalencoder,generic_univariate,standard,AdaBoostClassifier(random_state=0),2,1.0,,,No using Ordinal Hot,0.07151484489440918,0.006377696990966797
algerian_forest_fires_46279,,ordinalencoder,generic_univariate,standard,AdaBoostClassifier(random_state=0),3,0.9583333333333334,,,No using Ordinal Hot,0.07169866561889648,0.006407499313354492
algerian_forest_fires_46279,,ordinalencoder,generic_univariate,standard,AdaBoostClassifier(random_state=0),4,0.9791666666666666,,,No using Ordinal Hot,0.06800198554992676,0.0063018798828125
algerian_forest_fires_46279,,ordinalencoder,polynomial_features,standard,AdaBoostClassifier(random_state=0),0,1.0,,,No using Ordinal Hot,0.15196824073791504,0.008141756057739258
algerian_forest_fires_46279,,ordinalencoder,polynomial_features,standard,AdaBoostClassifier(random_state=0),1,0.9795918367346939,,,No using Ordinal Hot,0.15644550323486328,0.0070345401763916016
algerian_forest_fires_46279,,ordinalencoder,polynomial_features,standard,AdaBoostClassifier(random_state=0),2,1.0,,,No using Ordinal Hot,0.14958524703979492,0.0067675113677978516
algerian_forest_fires_46279,,ordinalencoder,polynomial_features,standard,AdaBoostClassifier(random_state=0),3,0.9791666666666666,,,No using Ordinal Hot,0.15480327606201172,0.006967782974243164
algerian_forest_fires_46279,,ordinalencoder,polynomial_features,standard,AdaBoostClassifier(random_state=0),4,0.9375,,,No using Ordinal Hot,0.1505579948425293,0.006474018096923828
algerian_forest_fires_46279,,ordinalencoder,nystroem,standard,AdaBoostClassifier(random_state=0),0,0.8979591836734694,,,No using Ordinal Hot,0.21587610244750977,0.00643157958984375
algerian_forest_fires_46279,,ordinalencoder,nystroem,standard,AdaBoostClassifier(random_state=0),1,0.9183673469387755,,,No using Ordinal Hot,0.23116350173950195,0.006760835647583008
algerian_forest_fires_46279,,ordinalencoder,nystroem,standard,AdaBoostClassifier(random_state=0),2,0.8571428571428571,,,No using Ordinal Hot,0.22320818901062012,0.006459236145019531
algerian_forest_fires_46279,,ordinalencoder,nystroem,standard,AdaBoostClassifier(random_state=0),3,0.9583333333333334,,,No using Ordinal Hot,0.19967389106750488,0.0064127445220947266
algerian_forest_fires_46279,,ordinalencoder,nystroem,standard,AdaBoostClassifier(random_state=0),4,0.9375,,,No using Ordinal Hot,0.2364647388458252,0.006995439529418945
algerian_forest_fires_46279,,ordinalencoder,rbf_sampler,standard,AdaBoostClassifier(random_state=0),0,0.673469387755102,,,No using Ordinal Hot,0.1852412223815918,0.0072994232177734375
algerian_forest_fires_46279,,ordinalencoder,rbf_sampler,standard,AdaBoostClassifier(random_state=0),1,0.7346938775510204,,,No using Ordinal Hot,0.18014931678771973,0.006504058837890625
algerian_forest_fires_46279,,ordinalencoder,rbf_sampler,standard,AdaBoostClassifier(random_state=0),2,0.5714285714285714,,,No using Ordinal Hot,0.18729734420776367,0.007089853286743164
algerian_forest_fires_46279,,ordinalencoder,rbf_sampler,standard,AdaBoostClassifier(random_state=0),3,0.6458333333333334,,,No using Ordinal Hot,0.18572568893432617,0.006632804870605469
algerian_forest_fires_46279,,ordinalencoder,rbf_sampler,standard,AdaBoostClassifier(random_state=0),4,0.6458333333333334,,,No using Ordinal Hot,0.18767714500427246,0.006492137908935547
algerian_forest_fires_46279,,ordinalencoder,random_trees_embedding,standard,AdaBoostClassifier(random_state=0),0,0.8775510204081632,,,No using Ordinal Hot,0.14475727081298828,0.010948657989501953
algerian_forest_fires_46279,,ordinalencoder,random_trees_embedding,standard,AdaBoostClassifier(random_state=0),1,0.9591836734693877,,,No using Ordinal Hot,0.12399697303771973,0.009783029556274414
algerian_forest_fires_46279,,ordinalencoder,random_trees_embedding,standard,AdaBoostClassifier(random_state=0),2,0.9795918367346939,,,No using Ordinal Hot,0.14202475547790527,0.010513067245483398
algerian_forest_fires_46279,,ordinalencoder,random_trees_embedding,standard,AdaBoostClassifier(random_state=0),3,0.9583333333333334,,,No using Ordinal Hot,0.13002681732177734,0.009869575500488281
algerian_forest_fires_46279,,ordinalencoder,random_trees_embedding,standard,AdaBoostClassifier(random_state=0),4,0.9375,,,No using Ordinal Hot,0.13674211502075195,0.00982522964477539
algerian_forest_fires_46279,,ordinalencoder,feature_agglomeration,standard,AdaBoostClassifier(random_state=0),0,0.7142857142857143,,,No using Ordinal Hot,0.09104418754577637,0.006242036819458008
algerian_forest_fires_46279,,ordinalencoder,feature_agglomeration,standard,AdaBoostClassifier(random_state=0),1,0.8163265306122449,,,No using Ordinal Hot,0.07194948196411133,0.006279945373535156
algerian_forest_fires_46279,,ordinalencoder,feature_agglomeration,standard,AdaBoostClassifier(random_state=0),2,0.8571428571428571,,,No using Ordinal Hot,0.0740957260131836,0.006295442581176758
algerian_forest_fires_46279,,ordinalencoder,feature_agglomeration,standard,AdaBoostClassifier(random_state=0),3,0.8333333333333334,,,No using Ordinal Hot,0.0717918872833252,0.006276845932006836
algerian_forest_fires_46279,,ordinalencoder,feature_agglomeration,standard,AdaBoostClassifier(random_state=0),4,0.875,,,No using Ordinal Hot,0.0706779956817627,0.006233692169189453
algerian_forest_fires_46279,,ordinalencoder,extra_tree,standard,AdaBoostClassifier(random_state=0),0,1.0,,,No using Ordinal Hot,0.07580161094665527,0.00629425048828125
algerian_forest_fires_46279,,ordinalencoder,extra_tree,standard,AdaBoostClassifier(random_state=0),1,0.9795918367346939,,,No using Ordinal Hot,0.07738780975341797,0.006319999694824219
algerian_forest_fires_46279,,ordinalencoder,extra_tree,standard,AdaBoostClassifier(random_state=0),2,1.0,,,No using Ordinal Hot,0.07060408592224121,0.006276369094848633
algerian_forest_fires_46279,,ordinalencoder,extra_tree,standard,AdaBoostClassifier(random_state=0),3,0.9791666666666666,,,No using Ordinal Hot,0.07263708114624023,0.006312370300292969
algerian_forest_fires_46279,,ordinalencoder,extra_tree,standard,AdaBoostClassifier(random_state=0),4,0.9375,,,No using Ordinal Hot,0.07377815246582031,0.006196260452270508
algerian_forest_fires_46279,,ordinalencoder,linear_svc,standard,AdaBoostClassifier(random_state=0),0,1.0,,,No using Ordinal Hot,0.08026385307312012,0.006805896759033203
algerian_forest_fires_46279,,ordinalencoder,linear_svc,standard,AdaBoostClassifier(random_state=0),1,0.9795918367346939,,,No using Ordinal Hot,0.07591032981872559,0.006254673004150391
algerian_forest_fires_46279,,ordinalencoder,linear_svc,standard,AdaBoostClassifier(random_state=0),2,1.0,,,No using Ordinal Hot,0.07925152778625488,0.006330013275146484
algerian_forest_fires_46279,,ordinalencoder,linear_svc,standard,AdaBoostClassifier(random_state=0),3,0.9583333333333334,,,No using Ordinal Hot,0.08702540397644043,0.006203651428222656
algerian_forest_fires_46279,,ordinalencoder,linear_svc,standard,AdaBoostClassifier(random_state=0),4,0.9375,,,No using Ordinal Hot,1.1196269989013672,0.007033824920654297
algerian_forest_fires_46279,,ordinalencoder,kernel_pca,standard,AdaBoostClassifier(random_state=0),0,0.8367346938775511,,,No using Ordinal Hot,0.11144256591796875,0.006460905075073242
algerian_forest_fires_46279,,ordinalencoder,kernel_pca,standard,AdaBoostClassifier(random_state=0),1,0.9387755102040817,,,No using Ordinal Hot,0.11313652992248535,0.006682157516479492
algerian_forest_fires_46279,,ordinalencoder,kernel_pca,standard,AdaBoostClassifier(random_state=0),2,0.9387755102040817,,,No using Ordinal Hot,0.1082618236541748,0.006319999694824219
algerian_forest_fires_46279,,ordinalencoder,kernel_pca,standard,AdaBoostClassifier(random_state=0),3,0.9583333333333334,,,No using Ordinal Hot,0.11830449104309082,0.006272792816162109
algerian_forest_fires_46279,,ordinalencoder,kernel_pca,standard,AdaBoostClassifier(random_state=0),4,0.9166666666666666,,,No using Ordinal Hot,0.11434745788574219,0.006892204284667969
algerian_forest_fires_46279,,ordinalencoder,,minmax,AdaBoostClassifier(random_state=0),0,1.0,,,No using Ordinal Hot,0.08943915367126465,0.00648951530456543
algerian_forest_fires_46279,,ordinalencoder,,minmax,AdaBoostClassifier(random_state=0),1,0.9795918367346939,,,No using Ordinal Hot,0.07677221298217773,0.006224870681762695
algerian_forest_fires_46279,,ordinalencoder,,minmax,AdaBoostClassifier(random_state=0),2,1.0,,,No using Ordinal Hot,0.07592105865478516,0.006438016891479492
algerian_forest_fires_46279,,ordinalencoder,,minmax,AdaBoostClassifier(random_state=0),3,0.9583333333333334,,,No using Ordinal Hot,0.0776054859161377,0.00642704963684082
algerian_forest_fires_46279,,ordinalencoder,,minmax,AdaBoostClassifier(random_state=0),4,0.9583333333333334,,,No using Ordinal Hot,0.08727431297302246,0.006315469741821289
algerian_forest_fires_46279,,ordinalencoder,pca,minmax,AdaBoostClassifier(random_state=0),0,0.8979591836734694,,,No using Ordinal Hot,0.09047174453735352,0.006794929504394531
algerian_forest_fires_46279,,ordinalencoder,pca,minmax,AdaBoostClassifier(random_state=0),1,0.9591836734693877,,,No using Ordinal Hot,0.08832240104675293,0.006577730178833008
algerian_forest_fires_46279,,ordinalencoder,pca,minmax,AdaBoostClassifier(random_state=0),2,0.9183673469387755,,,No using Ordinal Hot,0.08072566986083984,0.006331920623779297
algerian_forest_fires_46279,,ordinalencoder,pca,minmax,AdaBoostClassifier(random_state=0),3,0.8958333333333334,,,No using Ordinal Hot,0.08989262580871582,0.006833791732788086
algerian_forest_fires_46279,,ordinalencoder,pca,minmax,AdaBoostClassifier(random_state=0),4,0.9375,,,No using Ordinal Hot,0.08881902694702148,0.0062999725341796875
algerian_forest_fires_46279,,ordinalencoder,fastica,minmax,AdaBoostClassifier(random_state=0),0,0.7142857142857143,,,No using Ordinal Hot,0.08533596992492676,0.006390810012817383
algerian_forest_fires_46279,,ordinalencoder,fastica,minmax,AdaBoostClassifier(random_state=0),1,0.8163265306122449,,,No using Ordinal Hot,0.08654570579528809,0.006829738616943359
algerian_forest_fires_46279,,ordinalencoder,fastica,minmax,AdaBoostClassifier(random_state=0),2,0.7346938775510204,,,No using Ordinal Hot,0.08416032791137695,0.006330728530883789
algerian_forest_fires_46279,,ordinalencoder,fastica,minmax,AdaBoostClassifier(random_state=0),3,0.8958333333333334,,,No using Ordinal Hot,0.08447670936584473,0.006289958953857422
algerian_forest_fires_46279,,ordinalencoder,fastica,minmax,AdaBoostClassifier(random_state=0),4,0.875,,,No using Ordinal Hot,0.0807502269744873,0.006287336349487305
algerian_forest_fires_46279,,ordinalencoder,truncated_svd,minmax,AdaBoostClassifier(random_state=0),0,0.8367346938775511,,,No using Ordinal Hot,0.06958341598510742,0.006221771240234375
algerian_forest_fires_46279,,ordinalencoder,truncated_svd,minmax,AdaBoostClassifier(random_state=0),1,0.7142857142857143,,,No using Ordinal Hot,0.06912016868591309,0.006281614303588867
algerian_forest_fires_46279,,ordinalencoder,truncated_svd,minmax,AdaBoostClassifier(random_state=0),2,0.8367346938775511,,,No using Ordinal Hot,0.0701444149017334,0.006207942962646484
algerian_forest_fires_46279,,ordinalencoder,truncated_svd,minmax,AdaBoostClassifier(random_state=0),3,0.8958333333333334,,,No using Ordinal Hot,0.07121634483337402,0.006227731704711914
algerian_forest_fires_46279,,ordinalencoder,truncated_svd,minmax,AdaBoostClassifier(random_state=0),4,0.9166666666666666,,,No using Ordinal Hot,0.07947802543640137,0.0063323974609375
algerian_forest_fires_46279,,ordinalencoder,select_percentile,minmax,AdaBoostClassifier(random_state=0),0,1.0,,,No using Ordinal Hot,0.07196187973022461,0.006250619888305664
algerian_forest_fires_46279,,ordinalencoder,select_percentile,minmax,AdaBoostClassifier(random_state=0),1,0.9795918367346939,,,No using Ordinal Hot,0.07072234153747559,0.006648063659667969
algerian_forest_fires_46279,,ordinalencoder,select_percentile,minmax,AdaBoostClassifier(random_state=0),2,1.0,,,No using Ordinal Hot,0.0712120532989502,0.006543874740600586
algerian_forest_fires_46279,,ordinalencoder,select_percentile,minmax,AdaBoostClassifier(random_state=0),3,0.9583333333333334,,,No using Ordinal Hot,0.07955527305603027,0.006286144256591797
algerian_forest_fires_46279,,ordinalencoder,select_percentile,minmax,AdaBoostClassifier(random_state=0),4,0.9375,,,No using Ordinal Hot,0.07163882255554199,0.006627321243286133
algerian_forest_fires_46279,,ordinalencoder,generic_univariate,minmax,AdaBoostClassifier(random_state=0),0,1.0,,,No using Ordinal Hot,0.07287335395812988,0.006501913070678711
algerian_forest_fires_46279,,ordinalencoder,generic_univariate,minmax,AdaBoostClassifier(random_state=0),1,1.0,,,No using Ordinal Hot,0.07040214538574219,0.006629467010498047
algerian_forest_fires_46279,,ordinalencoder,generic_univariate,minmax,AdaBoostClassifier(random_state=0),2,1.0,,,No using Ordinal Hot,0.0700082778930664,0.0063974857330322266
algerian_forest_fires_46279,,ordinalencoder,generic_univariate,minmax,AdaBoostClassifier(random_state=0),3,0.9583333333333334,,,No using Ordinal Hot,0.07019925117492676,0.006212472915649414
algerian_forest_fires_46279,,ordinalencoder,generic_univariate,minmax,AdaBoostClassifier(random_state=0),4,0.9791666666666666,,,No using Ordinal Hot,0.06766772270202637,0.006157398223876953
algerian_forest_fires_46279,,ordinalencoder,polynomial_features,minmax,AdaBoostClassifier(random_state=0),0,0.9795918367346939,,,No using Ordinal Hot,0.13659048080444336,0.006492137908935547
algerian_forest_fires_46279,,ordinalencoder,polynomial_features,minmax,AdaBoostClassifier(random_state=0),1,0.9795918367346939,,,No using Ordinal Hot,0.13621759414672852,0.006469249725341797
algerian_forest_fires_46279,,ordinalencoder,polynomial_features,minmax,AdaBoostClassifier(random_state=0),2,1.0,,,No using Ordinal Hot,0.13861656188964844,0.006510496139526367
algerian_forest_fires_46279,,ordinalencoder,polynomial_features,minmax,AdaBoostClassifier(random_state=0),3,0.9583333333333334,,,No using Ordinal Hot,0.13745927810668945,0.006516695022583008
algerian_forest_fires_46279,,ordinalencoder,polynomial_features,minmax,AdaBoostClassifier(random_state=0),4,0.8958333333333334,,,No using Ordinal Hot,0.13640570640563965,0.006273508071899414
algerian_forest_fires_46279,,ordinalencoder,nystroem,minmax,AdaBoostClassifier(random_state=0),0,0.8979591836734694,,,No using Ordinal Hot,0.1944739818572998,0.00639796257019043
algerian_forest_fires_46279,,ordinalencoder,nystroem,minmax,AdaBoostClassifier(random_state=0),1,0.9387755102040817,,,No using Ordinal Hot,0.19741058349609375,0.006469011306762695
algerian_forest_fires_46279,,ordinalencoder,nystroem,minmax,AdaBoostClassifier(random_state=0),2,0.8775510204081632,,,No using Ordinal Hot,0.20503497123718262,0.0066034793853759766
algerian_forest_fires_46279,,ordinalencoder,nystroem,minmax,AdaBoostClassifier(random_state=0),3,0.9583333333333334,,,No using Ordinal Hot,0.2124767303466797,0.006513833999633789
algerian_forest_fires_46279,,ordinalencoder,nystroem,minmax,AdaBoostClassifier(random_state=0),4,0.9375,,,No using Ordinal Hot,0.20518064498901367,0.006424665451049805
algerian_forest_fires_46279,,ordinalencoder,rbf_sampler,minmax,AdaBoostClassifier(random_state=0),0,0.9591836734693877,,,No using Ordinal Hot,0.1744387149810791,0.006563663482666016
algerian_forest_fires_46279,,ordinalencoder,rbf_sampler,minmax,AdaBoostClassifier(random_state=0),1,0.9795918367346939,,,No using Ordinal Hot,0.19533705711364746,0.007450580596923828
algerian_forest_fires_46279,,ordinalencoder,rbf_sampler,minmax,AdaBoostClassifier(random_state=0),2,0.9795918367346939,,,No using Ordinal Hot,0.18534517288208008,0.006560802459716797
algerian_forest_fires_46279,,ordinalencoder,rbf_sampler,minmax,AdaBoostClassifier(random_state=0),3,0.9583333333333334,,,No using Ordinal Hot,0.17563343048095703,0.006579399108886719
algerian_forest_fires_46279,,ordinalencoder,rbf_sampler,minmax,AdaBoostClassifier(random_state=0),4,0.9375,,,No using Ordinal Hot,0.19356274604797363,0.006425380706787109
algerian_forest_fires_46279,,ordinalencoder,random_trees_embedding,minmax,AdaBoostClassifier(random_state=0),0,0.8775510204081632,,,No using Ordinal Hot,0.12453794479370117,0.009747505187988281
algerian_forest_fires_46279,,ordinalencoder,random_trees_embedding,minmax,AdaBoostClassifier(random_state=0),1,0.9591836734693877,,,No using Ordinal Hot,0.1315312385559082,0.010096073150634766
algerian_forest_fires_46279,,ordinalencoder,random_trees_embedding,minmax,AdaBoostClassifier(random_state=0),2,0.9795918367346939,,,No using Ordinal Hot,0.1314249038696289,0.009962081909179688
algerian_forest_fires_46279,,ordinalencoder,random_trees_embedding,minmax,AdaBoostClassifier(random_state=0),3,0.9583333333333334,,,No using Ordinal Hot,0.13734960556030273,0.01000356674194336
algerian_forest_fires_46279,,ordinalencoder,random_trees_embedding,minmax,AdaBoostClassifier(random_state=0),4,0.9375,,,No using Ordinal Hot,0.13155484199523926,0.00987696647644043
algerian_forest_fires_46279,,ordinalencoder,feature_agglomeration,minmax,AdaBoostClassifier(random_state=0),0,0.8571428571428571,,,No using Ordinal Hot,0.07044053077697754,0.006297588348388672
algerian_forest_fires_46279,,ordinalencoder,feature_agglomeration,minmax,AdaBoostClassifier(random_state=0),1,0.8571428571428571,,,No using Ordinal Hot,0.06912636756896973,0.006219148635864258
algerian_forest_fires_46279,,ordinalencoder,feature_agglomeration,minmax,AdaBoostClassifier(random_state=0),2,0.8571428571428571,,,No using Ordinal Hot,0.07256412506103516,0.006852626800537109
algerian_forest_fires_46279,,ordinalencoder,feature_agglomeration,minmax,AdaBoostClassifier(random_state=0),3,0.8333333333333334,,,No using Ordinal Hot,0.07376384735107422,0.011041879653930664
algerian_forest_fires_46279,,ordinalencoder,feature_agglomeration,minmax,AdaBoostClassifier(random_state=0),4,0.875,,,No using Ordinal Hot,0.07428216934204102,0.00632929801940918
algerian_forest_fires_46279,,ordinalencoder,extra_tree,minmax,AdaBoostClassifier(random_state=0),0,1.0,,,No using Ordinal Hot,0.07586956024169922,0.006406068801879883
algerian_forest_fires_46279,,ordinalencoder,extra_tree,minmax,AdaBoostClassifier(random_state=0),1,0.9795918367346939,,,No using Ordinal Hot,0.07062935829162598,0.006296396255493164
algerian_forest_fires_46279,,ordinalencoder,extra_tree,minmax,AdaBoostClassifier(random_state=0),2,1.0,,,No using Ordinal Hot,0.07194781303405762,0.006220579147338867
algerian_forest_fires_46279,,ordinalencoder,extra_tree,minmax,AdaBoostClassifier(random_state=0),3,0.9791666666666666,,,No using Ordinal Hot,0.07268548011779785,0.006341695785522461
algerian_forest_fires_46279,,ordinalencoder,extra_tree,minmax,AdaBoostClassifier(random_state=0),4,0.9375,,,No using Ordinal Hot,0.06922578811645508,0.006222248077392578
algerian_forest_fires_46279,,ordinalencoder,linear_svc,minmax,AdaBoostClassifier(random_state=0),0,1.0,,,No using Ordinal Hot,0.06955122947692871,0.006293535232543945
algerian_forest_fires_46279,,ordinalencoder,linear_svc,minmax,AdaBoostClassifier(random_state=0),1,0.9795918367346939,,,No using Ordinal Hot,0.07300400733947754,0.006461143493652344
algerian_forest_fires_46279,,ordinalencoder,linear_svc,minmax,AdaBoostClassifier(random_state=0),2,1.0,,,No using Ordinal Hot,0.07122564315795898,0.006217002868652344
algerian_forest_fires_46279,,ordinalencoder,linear_svc,minmax,AdaBoostClassifier(random_state=0),3,0.9583333333333334,,,No using Ordinal Hot,0.07823801040649414,0.009313821792602539
algerian_forest_fires_46279,,ordinalencoder,linear_svc,minmax,AdaBoostClassifier(random_state=0),4,0.9375,,,No using Ordinal Hot,0.07498764991760254,0.006215572357177734
algerian_forest_fires_46279,,ordinalencoder,kernel_pca,minmax,AdaBoostClassifier(random_state=0),0,0.8979591836734694,,,No using Ordinal Hot,0.09990477561950684,0.006804943084716797
algerian_forest_fires_46279,,ordinalencoder,kernel_pca,minmax,AdaBoostClassifier(random_state=0),1,0.9591836734693877,,,No using Ordinal Hot,0.10093998908996582,0.006863594055175781
algerian_forest_fires_46279,,ordinalencoder,kernel_pca,minmax,AdaBoostClassifier(random_state=0),2,0.9183673469387755,,,No using Ordinal Hot,0.12357807159423828,0.0066640377044677734
algerian_forest_fires_46279,,ordinalencoder,kernel_pca,minmax,AdaBoostClassifier(random_state=0),3,0.8958333333333334,,,No using Ordinal Hot,0.10359501838684082,0.0068280696868896484
algerian_forest_fires_46279,,ordinalencoder,kernel_pca,minmax,AdaBoostClassifier(random_state=0),4,0.9375,,,No using Ordinal Hot,0.10407161712646484,0.006989955902099609
algerian_forest_fires_46279,,ordinalencoder,,robust,AdaBoostClassifier(random_state=0),0,1.0,,,No using Ordinal Hot,0.0826406478881836,0.006389141082763672
algerian_forest_fires_46279,,ordinalencoder,,robust,AdaBoostClassifier(random_state=0),1,0.9795918367346939,,,No using Ordinal Hot,0.08034396171569824,0.006772041320800781
algerian_forest_fires_46279,,ordinalencoder,,robust,AdaBoostClassifier(random_state=0),2,1.0,,,No using Ordinal Hot,0.0843820571899414,0.006781339645385742
algerian_forest_fires_46279,,ordinalencoder,,robust,AdaBoostClassifier(random_state=0),3,0.9583333333333334,,,No using Ordinal Hot,0.07670378684997559,0.00628352165222168
algerian_forest_fires_46279,,ordinalencoder,,robust,AdaBoostClassifier(random_state=0),4,0.9583333333333334,,,No using Ordinal Hot,0.07473301887512207,0.006333589553833008
algerian_forest_fires_46279,,ordinalencoder,pca,robust,AdaBoostClassifier(random_state=0),0,0.8571428571428571,,,No using Ordinal Hot,0.08137655258178711,0.006353855133056641
algerian_forest_fires_46279,,ordinalencoder,pca,robust,AdaBoostClassifier(random_state=0),1,0.9591836734693877,,,No using Ordinal Hot,0.08131694793701172,0.0063359737396240234
algerian_forest_fires_46279,,ordinalencoder,pca,robust,AdaBoostClassifier(random_state=0),2,0.8775510204081632,,,No using Ordinal Hot,0.08118319511413574,0.006372690200805664
algerian_forest_fires_46279,,ordinalencoder,pca,robust,AdaBoostClassifier(random_state=0),3,0.9375,,,No using Ordinal Hot,0.08103632926940918,0.006266117095947266
algerian_forest_fires_46279,,ordinalencoder,pca,robust,AdaBoostClassifier(random_state=0),4,0.9375,,,No using Ordinal Hot,0.08712530136108398,0.006415843963623047
algerian_forest_fires_46279,,ordinalencoder,fastica,robust,AdaBoostClassifier(random_state=0),0,0.8979591836734694,,,No using Ordinal Hot,0.08066368103027344,0.006361961364746094
algerian_forest_fires_46279,,ordinalencoder,fastica,robust,AdaBoostClassifier(random_state=0),1,0.6326530612244898,,,No using Ordinal Hot,0.08229684829711914,0.006932258605957031
algerian_forest_fires_46279,,ordinalencoder,fastica,robust,AdaBoostClassifier(random_state=0),2,0.4897959183673469,,,No using Ordinal Hot,0.0862576961517334,0.007215261459350586
algerian_forest_fires_46279,,ordinalencoder,fastica,robust,AdaBoostClassifier(random_state=0),3,0.9375,,,No using Ordinal Hot,0.08556699752807617,0.006264925003051758
algerian_forest_fires_46279,,ordinalencoder,fastica,robust,AdaBoostClassifier(random_state=0),4,0.8541666666666666,,,No using Ordinal Hot,0.09625387191772461,0.008651018142700195
algerian_forest_fires_46279,,ordinalencoder,truncated_svd,robust,AdaBoostClassifier(random_state=0),0,0.7755102040816326,,,No using Ordinal Hot,0.08005380630493164,0.006224393844604492
algerian_forest_fires_46279,,ordinalencoder,truncated_svd,robust,AdaBoostClassifier(random_state=0),1,0.9387755102040817,,,No using Ordinal Hot,0.07013487815856934,0.006171703338623047
algerian_forest_fires_46279,,ordinalencoder,truncated_svd,robust,AdaBoostClassifier(random_state=0),2,0.8163265306122449,,,No using Ordinal Hot,0.06967830657958984,0.006284952163696289
algerian_forest_fires_46279,,ordinalencoder,truncated_svd,robust,AdaBoostClassifier(random_state=0),3,0.8958333333333334,,,No using Ordinal Hot,0.07369399070739746,0.007235527038574219
algerian_forest_fires_46279,,ordinalencoder,truncated_svd,robust,AdaBoostClassifier(random_state=0),4,0.8958333333333334,,,No using Ordinal Hot,0.07490873336791992,0.008595943450927734
algerian_forest_fires_46279,,ordinalencoder,select_percentile,robust,AdaBoostClassifier(random_state=0),0,1.0,,,No using Ordinal Hot,0.0735161304473877,0.0062408447265625
algerian_forest_fires_46279,,ordinalencoder,select_percentile,robust,AdaBoostClassifier(random_state=0),1,0.9795918367346939,,,No using Ordinal Hot,0.06839442253112793,0.006190299987792969
algerian_forest_fires_46279,,ordinalencoder,select_percentile,robust,AdaBoostClassifier(random_state=0),2,1.0,,,No using Ordinal Hot,0.07800579071044922,0.006193876266479492
algerian_forest_fires_46279,,ordinalencoder,select_percentile,robust,AdaBoostClassifier(random_state=0),3,0.9583333333333334,,,No using Ordinal Hot,0.06976914405822754,0.0062713623046875
algerian_forest_fires_46279,,ordinalencoder,select_percentile,robust,AdaBoostClassifier(random_state=0),4,0.9375,,,No using Ordinal Hot,0.07447195053100586,0.006846904754638672
algerian_forest_fires_46279,,ordinalencoder,generic_univariate,robust,AdaBoostClassifier(random_state=0),0,1.0,,,No using Ordinal Hot,0.06887269020080566,0.0062084197998046875
algerian_forest_fires_46279,,ordinalencoder,generic_univariate,robust,AdaBoostClassifier(random_state=0),1,1.0,,,No using Ordinal Hot,0.07204294204711914,0.006848335266113281
algerian_forest_fires_46279,,ordinalencoder,generic_univariate,robust,AdaBoostClassifier(random_state=0),2,1.0,,,No using Ordinal Hot,0.07245945930480957,0.006805896759033203
algerian_forest_fires_46279,,ordinalencoder,generic_univariate,robust,AdaBoostClassifier(random_state=0),3,0.9583333333333334,,,No using Ordinal Hot,0.0711672306060791,0.00723719596862793
algerian_forest_fires_46279,,ordinalencoder,generic_univariate,robust,AdaBoostClassifier(random_state=0),4,0.9791666666666666,,,No using Ordinal Hot,0.07350969314575195,0.006245613098144531
algerian_forest_fires_46279,,ordinalencoder,polynomial_features,robust,AdaBoostClassifier(random_state=0),0,0.9795918367346939,,,No using Ordinal Hot,0.1399095058441162,0.006590843200683594
algerian_forest_fires_46279,,ordinalencoder,polynomial_features,robust,AdaBoostClassifier(random_state=0),1,0.9795918367346939,,,No using Ordinal Hot,0.13566875457763672,0.006491899490356445
algerian_forest_fires_46279,,ordinalencoder,polynomial_features,robust,AdaBoostClassifier(random_state=0),2,0.9795918367346939,,,No using Ordinal Hot,0.14780783653259277,0.0065765380859375
algerian_forest_fires_46279,,ordinalencoder,polynomial_features,robust,AdaBoostClassifier(random_state=0),3,0.9791666666666666,,,No using Ordinal Hot,0.13779377937316895,0.00698399543762207
algerian_forest_fires_46279,,ordinalencoder,polynomial_features,robust,AdaBoostClassifier(random_state=0),4,0.9375,,,No using Ordinal Hot,0.14203810691833496,0.006392002105712891
algerian_forest_fires_46279,,ordinalencoder,nystroem,robust,AdaBoostClassifier(random_state=0),0,0.8367346938775511,,,No using Ordinal Hot,0.2096574306488037,0.008090734481811523
algerian_forest_fires_46279,,ordinalencoder,nystroem,robust,AdaBoostClassifier(random_state=0),1,0.8979591836734694,,,No using Ordinal Hot,0.1987295150756836,0.006498575210571289
algerian_forest_fires_46279,,ordinalencoder,nystroem,robust,AdaBoostClassifier(random_state=0),2,0.8571428571428571,,,No using Ordinal Hot,0.19201111793518066,0.006426811218261719
algerian_forest_fires_46279,,ordinalencoder,nystroem,robust,AdaBoostClassifier(random_state=0),3,0.9583333333333334,,,No using Ordinal Hot,0.2100365161895752,0.0066242218017578125
algerian_forest_fires_46279,,ordinalencoder,nystroem,robust,AdaBoostClassifier(random_state=0),4,0.9166666666666666,,,No using Ordinal Hot,0.1889326572418213,0.006586313247680664
algerian_forest_fires_46279,,ordinalencoder,rbf_sampler,robust,AdaBoostClassifier(random_state=0),0,0.5306122448979592,,,No using Ordinal Hot,0.18862557411193848,0.006463050842285156
algerian_forest_fires_46279,,ordinalencoder,rbf_sampler,robust,AdaBoostClassifier(random_state=0),1,0.7551020408163265,,,No using Ordinal Hot,0.1853504180908203,0.007081270217895508
algerian_forest_fires_46279,,ordinalencoder,rbf_sampler,robust,AdaBoostClassifier(random_state=0),2,0.7142857142857143,,,No using Ordinal Hot,0.18459391593933105,0.006985902786254883
algerian_forest_fires_46279,,ordinalencoder,rbf_sampler,robust,AdaBoostClassifier(random_state=0),3,0.7291666666666666,,,No using Ordinal Hot,0.1753385066986084,0.006636619567871094
algerian_forest_fires_46279,,ordinalencoder,rbf_sampler,robust,AdaBoostClassifier(random_state=0),4,0.6875,,,No using Ordinal Hot,0.18031597137451172,0.006577968597412109
algerian_forest_fires_46279,,ordinalencoder,random_trees_embedding,robust,AdaBoostClassifier(random_state=0),0,0.8775510204081632,,,No using Ordinal Hot,0.1288001537322998,0.010083913803100586
algerian_forest_fires_46279,,ordinalencoder,random_trees_embedding,robust,AdaBoostClassifier(random_state=0),1,0.9591836734693877,,,No using Ordinal Hot,0.12809395790100098,0.01005697250366211
algerian_forest_fires_46279,,ordinalencoder,random_trees_embedding,robust,AdaBoostClassifier(random_state=0),2,0.9795918367346939,,,No using Ordinal Hot,0.14908146858215332,0.01079106330871582
algerian_forest_fires_46279,,ordinalencoder,random_trees_embedding,robust,AdaBoostClassifier(random_state=0),3,0.9583333333333334,,,No using Ordinal Hot,0.1267862319946289,0.00970005989074707
algerian_forest_fires_46279,,ordinalencoder,random_trees_embedding,robust,AdaBoostClassifier(random_state=0),4,0.9375,,,No using Ordinal Hot,0.14212274551391602,0.010175943374633789
algerian_forest_fires_46279,,ordinalencoder,feature_agglomeration,robust,AdaBoostClassifier(random_state=0),0,0.673469387755102,,,No using Ordinal Hot,0.06859564781188965,0.006256818771362305
algerian_forest_fires_46279,,ordinalencoder,feature_agglomeration,robust,AdaBoostClassifier(random_state=0),1,0.8571428571428571,,,No using Ordinal Hot,0.07275891304016113,0.0068645477294921875
algerian_forest_fires_46279,,ordinalencoder,feature_agglomeration,robust,AdaBoostClassifier(random_state=0),2,0.8979591836734694,,,No using Ordinal Hot,0.07517480850219727,0.009607791900634766
algerian_forest_fires_46279,,ordinalencoder,feature_agglomeration,robust,AdaBoostClassifier(random_state=0),3,0.875,,,No using Ordinal Hot,0.06933379173278809,0.006333589553833008
algerian_forest_fires_46279,,ordinalencoder,feature_agglomeration,robust,AdaBoostClassifier(random_state=0),4,0.875,,,No using Ordinal Hot,0.06948113441467285,0.00629734992980957
algerian_forest_fires_46279,,ordinalencoder,extra_tree,robust,AdaBoostClassifier(random_state=0),0,1.0,,,No using Ordinal Hot,0.07172298431396484,0.006339550018310547
algerian_forest_fires_46279,,ordinalencoder,extra_tree,robust,AdaBoostClassifier(random_state=0),1,0.9795918367346939,,,No using Ordinal Hot,0.0771334171295166,0.0063211917877197266
algerian_forest_fires_46279,,ordinalencoder,extra_tree,robust,AdaBoostClassifier(random_state=0),2,1.0,,,No using Ordinal Hot,0.0713965892791748,0.006399631500244141
algerian_forest_fires_46279,,ordinalencoder,extra_tree,robust,AdaBoostClassifier(random_state=0),3,0.9791666666666666,,,No using Ordinal Hot,0.07132697105407715,0.006322383880615234
algerian_forest_fires_46279,,ordinalencoder,extra_tree,robust,AdaBoostClassifier(random_state=0),4,0.9375,,,No using Ordinal Hot,0.07460975646972656,0.006344318389892578
algerian_forest_fires_46279,,ordinalencoder,linear_svc,robust,AdaBoostClassifier(random_state=0),0,1.0,,,No using Ordinal Hot,0.07158041000366211,0.006295442581176758
algerian_forest_fires_46279,,ordinalencoder,linear_svc,robust,AdaBoostClassifier(random_state=0),1,0.9795918367346939,,,No using Ordinal Hot,0.07628321647644043,0.00636744499206543
algerian_forest_fires_46279,,ordinalencoder,linear_svc,robust,AdaBoostClassifier(random_state=0),2,1.0,,,No using Ordinal Hot,0.0726172924041748,0.007166147232055664
algerian_forest_fires_46279,,ordinalencoder,linear_svc,robust,AdaBoostClassifier(random_state=0),3,0.9583333333333334,,,No using Ordinal Hot,0.07082867622375488,0.006764650344848633
algerian_forest_fires_46279,,ordinalencoder,linear_svc,robust,AdaBoostClassifier(random_state=0),4,0.9375,,,No using Ordinal Hot,0.07280397415161133,0.0062291622161865234
algerian_forest_fires_46279,,ordinalencoder,kernel_pca,robust,AdaBoostClassifier(random_state=0),0,0.8571428571428571,,,No using Ordinal Hot,0.09912753105163574,0.006906032562255859
algerian_forest_fires_46279,,ordinalencoder,kernel_pca,robust,AdaBoostClassifier(random_state=0),1,0.9591836734693877,,,No using Ordinal Hot,0.09909987449645996,0.006925106048583984
algerian_forest_fires_46279,,ordinalencoder,kernel_pca,robust,AdaBoostClassifier(random_state=0),2,0.8775510204081632,,,No using Ordinal Hot,0.09991002082824707,0.007086753845214844
algerian_forest_fires_46279,,ordinalencoder,kernel_pca,robust,AdaBoostClassifier(random_state=0),3,0.9375,,,No using Ordinal Hot,0.09757328033447266,0.006914377212524414
algerian_forest_fires_46279,,ordinalencoder,kernel_pca,robust,AdaBoostClassifier(random_state=0),4,0.9375,,,No using Ordinal Hot,0.107147216796875,0.0063686370849609375
algerian_forest_fires_46279,,ordinalencoder,,normalizer,AdaBoostClassifier(random_state=0),0,0.9795918367346939,,,No using Ordinal Hot,0.083740234375,0.006569862365722656
algerian_forest_fires_46279,,ordinalencoder,,normalizer,AdaBoostClassifier(random_state=0),1,0.9795918367346939,,,No using Ordinal Hot,0.08250069618225098,0.006720542907714844
algerian_forest_fires_46279,,ordinalencoder,,normalizer,AdaBoostClassifier(random_state=0),2,0.9591836734693877,,,No using Ordinal Hot,0.08221554756164551,0.00927424430847168
algerian_forest_fires_46279,,ordinalencoder,,normalizer,AdaBoostClassifier(random_state=0),3,1.0,,,No using Ordinal Hot,0.08477473258972168,0.006465911865234375
algerian_forest_fires_46279,,ordinalencoder,,normalizer,AdaBoostClassifier(random_state=0),4,0.9583333333333334,,,No using Ordinal Hot,0.09864044189453125,0.006688117980957031
algerian_forest_fires_46279,,ordinalencoder,pca,normalizer,AdaBoostClassifier(random_state=0),0,0.8979591836734694,,,No using Ordinal Hot,0.08574867248535156,0.006394624710083008
algerian_forest_fires_46279,,ordinalencoder,pca,normalizer,AdaBoostClassifier(random_state=0),1,0.9795918367346939,,,No using Ordinal Hot,0.08196353912353516,0.006295680999755859
algerian_forest_fires_46279,,ordinalencoder,pca,normalizer,AdaBoostClassifier(random_state=0),2,0.8979591836734694,,,No using Ordinal Hot,0.08709359169006348,0.006441831588745117
algerian_forest_fires_46279,,ordinalencoder,pca,normalizer,AdaBoostClassifier(random_state=0),3,0.9583333333333334,,,No using Ordinal Hot,0.08145594596862793,0.006433010101318359
algerian_forest_fires_46279,,ordinalencoder,pca,normalizer,AdaBoostClassifier(random_state=0),4,0.9583333333333334,,,No using Ordinal Hot,0.08372950553894043,0.0068166255950927734
algerian_forest_fires_46279,,ordinalencoder,fastica,normalizer,AdaBoostClassifier(random_state=0),0,0.8979591836734694,,,No using Ordinal Hot,0.0844261646270752,0.0064733028411865234
algerian_forest_fires_46279,,ordinalencoder,fastica,normalizer,AdaBoostClassifier(random_state=0),1,0.9183673469387755,,,No using Ordinal Hot,0.08389592170715332,0.00629734992980957
algerian_forest_fires_46279,,ordinalencoder,fastica,normalizer,AdaBoostClassifier(random_state=0),2,0.8163265306122449,,,No using Ordinal Hot,0.08895158767700195,0.00633692741394043
algerian_forest_fires_46279,,ordinalencoder,fastica,normalizer,AdaBoostClassifier(random_state=0),3,0.9166666666666666,,,No using Ordinal Hot,0.08925962448120117,0.006429433822631836
algerian_forest_fires_46279,,ordinalencoder,fastica,normalizer,AdaBoostClassifier(random_state=0),4,0.875,,,No using Ordinal Hot,0.08551359176635742,0.0064983367919921875
algerian_forest_fires_46279,,ordinalencoder,truncated_svd,normalizer,AdaBoostClassifier(random_state=0),0,0.8163265306122449,,,No using Ordinal Hot,0.07435250282287598,0.006408214569091797
algerian_forest_fires_46279,,ordinalencoder,truncated_svd,normalizer,AdaBoostClassifier(random_state=0),1,0.673469387755102,,,No using Ordinal Hot,0.07358431816101074,0.006339311599731445
algerian_forest_fires_46279,,ordinalencoder,truncated_svd,normalizer,AdaBoostClassifier(random_state=0),2,0.8163265306122449,,,No using Ordinal Hot,0.07043933868408203,0.006331205368041992
algerian_forest_fires_46279,,ordinalencoder,truncated_svd,normalizer,AdaBoostClassifier(random_state=0),3,0.875,,,No using Ordinal Hot,0.06944966316223145,0.006201267242431641
algerian_forest_fires_46279,,ordinalencoder,truncated_svd,normalizer,AdaBoostClassifier(random_state=0),4,0.8958333333333334,,,No using Ordinal Hot,0.07347989082336426,0.006517648696899414
algerian_forest_fires_46279,,ordinalencoder,select_percentile,normalizer,AdaBoostClassifier(random_state=0),0,0.9591836734693877,,,No using Ordinal Hot,0.06898093223571777,0.006312847137451172
algerian_forest_fires_46279,,ordinalencoder,select_percentile,normalizer,AdaBoostClassifier(random_state=0),1,0.9795918367346939,,,No using Ordinal Hot,0.07210516929626465,0.006620168685913086
algerian_forest_fires_46279,,ordinalencoder,select_percentile,normalizer,AdaBoostClassifier(random_state=0),2,0.9795918367346939,,,No using Ordinal Hot,0.08258342742919922,0.006486415863037109
algerian_forest_fires_46279,,ordinalencoder,select_percentile,normalizer,AdaBoostClassifier(random_state=0),3,0.9583333333333334,,,No using Ordinal Hot,0.07380557060241699,0.0063860416412353516
algerian_forest_fires_46279,,ordinalencoder,select_percentile,normalizer,AdaBoostClassifier(random_state=0),4,0.9375,,,No using Ordinal Hot,0.07196474075317383,0.0064051151275634766
algerian_forest_fires_46279,,ordinalencoder,generic_univariate,normalizer,AdaBoostClassifier(random_state=0),0,0.9795918367346939,,,No using Ordinal Hot,0.07084918022155762,0.006631374359130859
algerian_forest_fires_46279,,ordinalencoder,generic_univariate,normalizer,AdaBoostClassifier(random_state=0),1,1.0,,,No using Ordinal Hot,0.0704348087310791,0.0061914920806884766
algerian_forest_fires_46279,,ordinalencoder,generic_univariate,normalizer,AdaBoostClassifier(random_state=0),2,0.9591836734693877,,,No using Ordinal Hot,0.07875466346740723,0.006327629089355469
algerian_forest_fires_46279,,ordinalencoder,generic_univariate,normalizer,AdaBoostClassifier(random_state=0),3,0.9375,,,No using Ordinal Hot,0.0699465274810791,0.00630497932434082
algerian_forest_fires_46279,,ordinalencoder,generic_univariate,normalizer,AdaBoostClassifier(random_state=0),4,0.9583333333333334,,,No using Ordinal Hot,0.07379412651062012,0.006325721740722656
algerian_forest_fires_46279,,ordinalencoder,polynomial_features,normalizer,AdaBoostClassifier(random_state=0),0,0.9591836734693877,,,No using Ordinal Hot,0.15744495391845703,0.006630420684814453
algerian_forest_fires_46279,,ordinalencoder,polynomial_features,normalizer,AdaBoostClassifier(random_state=0),1,0.9795918367346939,,,No using Ordinal Hot,0.15608620643615723,0.0064966678619384766
algerian_forest_fires_46279,,ordinalencoder,polynomial_features,normalizer,AdaBoostClassifier(random_state=0),2,0.9795918367346939,,,No using Ordinal Hot,0.15956902503967285,0.00651097297668457
algerian_forest_fires_46279,,ordinalencoder,polynomial_features,normalizer,AdaBoostClassifier(random_state=0),3,0.9791666666666666,,,No using Ordinal Hot,0.16214299201965332,0.0065233707427978516
algerian_forest_fires_46279,,ordinalencoder,polynomial_features,normalizer,AdaBoostClassifier(random_state=0),4,0.9583333333333334,,,No using Ordinal Hot,0.16422176361083984,0.006607532501220703
algerian_forest_fires_46279,,ordinalencoder,nystroem,normalizer,AdaBoostClassifier(random_state=0),0,0.8979591836734694,,,No using Ordinal Hot,0.20068621635437012,0.006552696228027344
algerian_forest_fires_46279,,ordinalencoder,nystroem,normalizer,AdaBoostClassifier(random_state=0),1,0.9387755102040817,,,No using Ordinal Hot,0.18968510627746582,0.00696253776550293
algerian_forest_fires_46279,,ordinalencoder,nystroem,normalizer,AdaBoostClassifier(random_state=0),2,0.9387755102040817,,,No using Ordinal Hot,0.19788074493408203,0.008239984512329102
algerian_forest_fires_46279,,ordinalencoder,nystroem,normalizer,AdaBoostClassifier(random_state=0),3,0.9375,,,No using Ordinal Hot,0.20018911361694336,0.0067479610443115234
algerian_forest_fires_46279,,ordinalencoder,nystroem,normalizer,AdaBoostClassifier(random_state=0),4,0.9166666666666666,,,No using Ordinal Hot,0.1990501880645752,0.007024526596069336
algerian_forest_fires_46279,,ordinalencoder,rbf_sampler,normalizer,AdaBoostClassifier(random_state=0),0,0.9795918367346939,,,No using Ordinal Hot,0.18287158012390137,0.006535768508911133
algerian_forest_fires_46279,,ordinalencoder,rbf_sampler,normalizer,AdaBoostClassifier(random_state=0),1,0.9591836734693877,,,No using Ordinal Hot,0.17298007011413574,0.006561756134033203
algerian_forest_fires_46279,,ordinalencoder,rbf_sampler,normalizer,AdaBoostClassifier(random_state=0),2,0.8979591836734694,,,No using Ordinal Hot,0.17427611351013184,0.007241249084472656
algerian_forest_fires_46279,,ordinalencoder,rbf_sampler,normalizer,AdaBoostClassifier(random_state=0),3,0.9375,,,No using Ordinal Hot,0.1904585361480713,0.0070247650146484375
algerian_forest_fires_46279,,ordinalencoder,rbf_sampler,normalizer,AdaBoostClassifier(random_state=0),4,0.9375,,,No using Ordinal Hot,0.18298625946044922,0.006915569305419922
algerian_forest_fires_46279,,ordinalencoder,random_trees_embedding,normalizer,AdaBoostClassifier(random_state=0),0,0.8979591836734694,,,No using Ordinal Hot,0.13008403778076172,0.010581731796264648
algerian_forest_fires_46279,,ordinalencoder,random_trees_embedding,normalizer,AdaBoostClassifier(random_state=0),1,0.9591836734693877,,,No using Ordinal Hot,0.12909817695617676,0.009811639785766602
algerian_forest_fires_46279,,ordinalencoder,random_trees_embedding,normalizer,AdaBoostClassifier(random_state=0),2,1.0,,,No using Ordinal Hot,1.047907829284668,0.013442039489746094
algerian_forest_fires_46279,,ordinalencoder,random_trees_embedding,normalizer,AdaBoostClassifier(random_state=0),3,0.9375,,,No using Ordinal Hot,0.13500499725341797,0.010729551315307617
algerian_forest_fires_46279,,ordinalencoder,random_trees_embedding,normalizer,AdaBoostClassifier(random_state=0),4,0.9583333333333334,,,No using Ordinal Hot,0.13441133499145508,0.009816169738769531
algerian_forest_fires_46279,,ordinalencoder,feature_agglomeration,normalizer,AdaBoostClassifier(random_state=0),0,0.7959183673469388,,,No using Ordinal Hot,0.08016514778137207,0.006314277648925781
algerian_forest_fires_46279,,ordinalencoder,feature_agglomeration,normalizer,AdaBoostClassifier(random_state=0),1,0.7346938775510204,,,No using Ordinal Hot,0.07636880874633789,0.006312131881713867
algerian_forest_fires_46279,,ordinalencoder,feature_agglomeration,normalizer,AdaBoostClassifier(random_state=0),2,0.8163265306122449,,,No using Ordinal Hot,0.07466411590576172,0.006387948989868164
algerian_forest_fires_46279,,ordinalencoder,feature_agglomeration,normalizer,AdaBoostClassifier(random_state=0),3,0.8125,,,No using Ordinal Hot,0.07388067245483398,0.0062181949615478516
algerian_forest_fires_46279,,ordinalencoder,feature_agglomeration,normalizer,AdaBoostClassifier(random_state=0),4,0.875,,,No using Ordinal Hot,0.07018446922302246,0.006298542022705078
algerian_forest_fires_46279,,ordinalencoder,extra_tree,normalizer,AdaBoostClassifier(random_state=0),0,0.9795918367346939,,,No using Ordinal Hot,0.07187271118164062,0.006402492523193359
algerian_forest_fires_46279,,ordinalencoder,extra_tree,normalizer,AdaBoostClassifier(random_state=0),1,0.9795918367346939,,,No using Ordinal Hot,0.07444548606872559,0.00682520866394043
algerian_forest_fires_46279,,ordinalencoder,extra_tree,normalizer,AdaBoostClassifier(random_state=0),2,1.0,,,No using Ordinal Hot,0.07205796241760254,0.006373882293701172
algerian_forest_fires_46279,,ordinalencoder,extra_tree,normalizer,AdaBoostClassifier(random_state=0),3,0.9375,,,No using Ordinal Hot,0.08561873435974121,0.008632659912109375
algerian_forest_fires_46279,,ordinalencoder,extra_tree,normalizer,AdaBoostClassifier(random_state=0),4,0.9375,,,No using Ordinal Hot,0.07171249389648438,0.006378650665283203
algerian_forest_fires_46279,,ordinalencoder,linear_svc,normalizer,AdaBoostClassifier(random_state=0),0,0.9591836734693877,,,No using Ordinal Hot,0.07357430458068848,0.00632929801940918
algerian_forest_fires_46279,,ordinalencoder,linear_svc,normalizer,AdaBoostClassifier(random_state=0),1,0.9795918367346939,,,No using Ordinal Hot,0.07283735275268555,0.0062694549560546875
algerian_forest_fires_46279,,ordinalencoder,linear_svc,normalizer,AdaBoostClassifier(random_state=0),2,0.9591836734693877,,,No using Ordinal Hot,0.08267021179199219,0.006383419036865234
algerian_forest_fires_46279,,ordinalencoder,linear_svc,normalizer,AdaBoostClassifier(random_state=0),3,0.9583333333333334,,,No using Ordinal Hot,0.08653426170349121,0.006297588348388672
algerian_forest_fires_46279,,ordinalencoder,linear_svc,normalizer,AdaBoostClassifier(random_state=0),4,0.9583333333333334,,,No using Ordinal Hot,0.07665562629699707,0.006719112396240234
algerian_forest_fires_46279,,ordinalencoder,kernel_pca,normalizer,AdaBoostClassifier(random_state=0),0,0.8979591836734694,,,No using Ordinal Hot,0.10092639923095703,0.007001399993896484
algerian_forest_fires_46279,,ordinalencoder,kernel_pca,normalizer,AdaBoostClassifier(random_state=0),1,0.9795918367346939,,,No using Ordinal Hot,0.10901427268981934,0.008090734481811523
algerian_forest_fires_46279,,ordinalencoder,kernel_pca,normalizer,AdaBoostClassifier(random_state=0),2,0.8979591836734694,,,No using Ordinal Hot,0.0946812629699707,0.006849527359008789
algerian_forest_fires_46279,,ordinalencoder,kernel_pca,normalizer,AdaBoostClassifier(random_state=0),3,0.9583333333333334,,,No using Ordinal Hot,0.10303020477294922,0.006869792938232422
algerian_forest_fires_46279,,ordinalencoder,kernel_pca,normalizer,AdaBoostClassifier(random_state=0),4,0.9583333333333334,,,No using Ordinal Hot,0.10117983818054199,0.0069272518157958984
algerian_forest_fires_46279,,ordinalencoder,,power,AdaBoostClassifier(random_state=0),0,1.0,,,No using Ordinal Hot,0.07730650901794434,0.006627321243286133
algerian_forest_fires_46279,,ordinalencoder,,power,AdaBoostClassifier(random_state=0),1,0.9795918367346939,,,No using Ordinal Hot,0.0776815414428711,0.006483793258666992
algerian_forest_fires_46279,,ordinalencoder,,power,AdaBoostClassifier(random_state=0),2,1.0,,,No using Ordinal Hot,0.07862710952758789,0.006475687026977539
algerian_forest_fires_46279,,ordinalencoder,,power,AdaBoostClassifier(random_state=0),3,0.9583333333333334,,,No using Ordinal Hot,0.07671117782592773,0.006427764892578125
algerian_forest_fires_46279,,ordinalencoder,,power,AdaBoostClassifier(random_state=0),4,0.9583333333333334,,,No using Ordinal Hot,0.08192110061645508,0.0067596435546875
algerian_forest_fires_46279,,ordinalencoder,pca,power,AdaBoostClassifier(random_state=0),0,0.9387755102040817,,,No using Ordinal Hot,0.08785843849182129,0.006482124328613281
algerian_forest_fires_46279,,ordinalencoder,pca,power,AdaBoostClassifier(random_state=0),1,0.9591836734693877,,,No using Ordinal Hot,0.08250617980957031,0.006307840347290039
algerian_forest_fires_46279,,ordinalencoder,pca,power,AdaBoostClassifier(random_state=0),2,0.9183673469387755,,,No using Ordinal Hot,0.0817570686340332,0.006443023681640625
algerian_forest_fires_46279,,ordinalencoder,pca,power,AdaBoostClassifier(random_state=0),3,0.9791666666666666,,,No using Ordinal Hot,0.08172154426574707,0.006367921829223633
algerian_forest_fires_46279,,ordinalencoder,pca,power,AdaBoostClassifier(random_state=0),4,0.9791666666666666,,,No using Ordinal Hot,0.0811309814453125,0.006323814392089844
algerian_forest_fires_46279,,ordinalencoder,fastica,power,AdaBoostClassifier(random_state=0),0,0.7551020408163265,,,No using Ordinal Hot,0.08040642738342285,0.0062830448150634766
algerian_forest_fires_46279,,ordinalencoder,fastica,power,AdaBoostClassifier(random_state=0),1,0.9387755102040817,,,No using Ordinal Hot,0.09224271774291992,0.007580995559692383
algerian_forest_fires_46279,,ordinalencoder,fastica,power,AdaBoostClassifier(random_state=0),2,0.9183673469387755,,,No using Ordinal Hot,0.08171248435974121,0.008858680725097656
algerian_forest_fires_46279,,ordinalencoder,fastica,power,AdaBoostClassifier(random_state=0),3,0.9791666666666666,,,No using Ordinal Hot,0.09926962852478027,0.006418943405151367
algerian_forest_fires_46279,,ordinalencoder,fastica,power,AdaBoostClassifier(random_state=0),4,0.875,,,No using Ordinal Hot,0.08330368995666504,0.006291389465332031
algerian_forest_fires_46279,,ordinalencoder,truncated_svd,power,AdaBoostClassifier(random_state=0),0,0.8163265306122449,,,No using Ordinal Hot,0.06984734535217285,0.006251335144042969
algerian_forest_fires_46279,,ordinalencoder,truncated_svd,power,AdaBoostClassifier(random_state=0),1,0.8775510204081632,,,No using Ordinal Hot,0.07533884048461914,0.008867502212524414
algerian_forest_fires_46279,,ordinalencoder,truncated_svd,power,AdaBoostClassifier(random_state=0),2,0.8367346938775511,,,No using Ordinal Hot,0.07121133804321289,0.006446123123168945
algerian_forest_fires_46279,,ordinalencoder,truncated_svd,power,AdaBoostClassifier(random_state=0),3,0.8958333333333334,,,No using Ordinal Hot,0.07491636276245117,0.006732940673828125
algerian_forest_fires_46279,,ordinalencoder,truncated_svd,power,AdaBoostClassifier(random_state=0),4,0.8958333333333334,,,No using Ordinal Hot,0.07097434997558594,0.006243228912353516
algerian_forest_fires_46279,,ordinalencoder,select_percentile,power,AdaBoostClassifier(random_state=0),0,1.0,,,No using Ordinal Hot,0.0701143741607666,0.006288290023803711
algerian_forest_fires_46279,,ordinalencoder,select_percentile,power,AdaBoostClassifier(random_state=0),1,0.9795918367346939,,,No using Ordinal Hot,0.07091426849365234,0.0061380863189697266
algerian_forest_fires_46279,,ordinalencoder,select_percentile,power,AdaBoostClassifier(random_state=0),2,1.0,,,No using Ordinal Hot,0.07100248336791992,0.006314277648925781
algerian_forest_fires_46279,,ordinalencoder,select_percentile,power,AdaBoostClassifier(random_state=0),3,0.9583333333333334,,,No using Ordinal Hot,0.07251739501953125,0.00629878044128418
algerian_forest_fires_46279,,ordinalencoder,select_percentile,power,AdaBoostClassifier(random_state=0),4,0.9791666666666666,,,No using Ordinal Hot,0.07120227813720703,0.00630950927734375
algerian_forest_fires_46279,,ordinalencoder,generic_univariate,power,AdaBoostClassifier(random_state=0),0,0.9183673469387755,,,No using Ordinal Hot,0.06806612014770508,0.006384372711181641
algerian_forest_fires_46279,,ordinalencoder,generic_univariate,power,AdaBoostClassifier(random_state=0),1,0.9183673469387755,,,No using Ordinal Hot,0.10327434539794922,0.008880853652954102
algerian_forest_fires_46279,,ordinalencoder,generic_univariate,power,AdaBoostClassifier(random_state=0),2,0.8775510204081632,,,No using Ordinal Hot,0.07770490646362305,0.006335020065307617
algerian_forest_fires_46279,,ordinalencoder,generic_univariate,power,AdaBoostClassifier(random_state=0),3,0.9583333333333334,,,No using Ordinal Hot,0.0712130069732666,0.006313800811767578
algerian_forest_fires_46279,,ordinalencoder,generic_univariate,power,AdaBoostClassifier(random_state=0),4,0.9583333333333334,,,No using Ordinal Hot,0.07608842849731445,0.0066187381744384766
algerian_forest_fires_46279,,ordinalencoder,polynomial_features,power,AdaBoostClassifier(random_state=0),0,1.0,,,No using Ordinal Hot,0.15457439422607422,0.006533384323120117
algerian_forest_fires_46279,,ordinalencoder,polynomial_features,power,AdaBoostClassifier(random_state=0),1,0.9795918367346939,,,No using Ordinal Hot,0.1488940715789795,0.006585121154785156
algerian_forest_fires_46279,,ordinalencoder,polynomial_features,power,AdaBoostClassifier(random_state=0),2,1.0,,,No using Ordinal Hot,0.14841747283935547,0.006556510925292969
algerian_forest_fires_46279,,ordinalencoder,polynomial_features,power,AdaBoostClassifier(random_state=0),3,0.9583333333333334,,,No using Ordinal Hot,0.14923381805419922,0.006518363952636719
algerian_forest_fires_46279,,ordinalencoder,polynomial_features,power,AdaBoostClassifier(random_state=0),4,0.9375,,,No using Ordinal Hot,0.14810800552368164,0.006552696228027344
algerian_forest_fires_46279,,ordinalencoder,nystroem,power,AdaBoostClassifier(random_state=0),0,0.9183673469387755,,,No using Ordinal Hot,0.19063210487365723,0.006485939025878906
algerian_forest_fires_46279,,ordinalencoder,nystroem,power,AdaBoostClassifier(random_state=0),1,0.9591836734693877,,,No using Ordinal Hot,0.22455096244812012,0.009071111679077148
algerian_forest_fires_46279,,ordinalencoder,nystroem,power,AdaBoostClassifier(random_state=0),2,0.8979591836734694,,,No using Ordinal Hot,0.18882417678833008,0.006483316421508789
algerian_forest_fires_46279,,ordinalencoder,nystroem,power,AdaBoostClassifier(random_state=0),3,0.9166666666666666,,,No using Ordinal Hot,0.1932373046875,0.006619453430175781
algerian_forest_fires_46279,,ordinalencoder,nystroem,power,AdaBoostClassifier(random_state=0),4,0.9791666666666666,,,No using Ordinal Hot,0.20616769790649414,0.007411479949951172
algerian_forest_fires_46279,,ordinalencoder,rbf_sampler,power,AdaBoostClassifier(random_state=0),0,0.46938775510204084,,,No using Ordinal Hot,0.1835925579071045,0.006990194320678711
algerian_forest_fires_46279,,ordinalencoder,rbf_sampler,power,AdaBoostClassifier(random_state=0),1,0.7346938775510204,,,No using Ordinal Hot,0.1737229824066162,0.006673574447631836
algerian_forest_fires_46279,,ordinalencoder,rbf_sampler,power,AdaBoostClassifier(random_state=0),2,0.5306122448979592,,,No using Ordinal Hot,0.17698979377746582,0.006500720977783203
algerian_forest_fires_46279,,ordinalencoder,rbf_sampler,power,AdaBoostClassifier(random_state=0),3,0.7083333333333334,,,No using Ordinal Hot,0.174119234085083,0.0065305233001708984
algerian_forest_fires_46279,,ordinalencoder,rbf_sampler,power,AdaBoostClassifier(random_state=0),4,0.5208333333333334,,,No using Ordinal Hot,0.17733120918273926,0.006524562835693359
algerian_forest_fires_46279,,ordinalencoder,random_trees_embedding,power,AdaBoostClassifier(random_state=0),0,0.9795918367346939,,,No using Ordinal Hot,0.12505221366882324,0.010020732879638672
algerian_forest_fires_46279,,ordinalencoder,random_trees_embedding,power,AdaBoostClassifier(random_state=0),1,0.9591836734693877,,,No using Ordinal Hot,0.12701725959777832,0.0100555419921875
algerian_forest_fires_46279,,ordinalencoder,random_trees_embedding,power,AdaBoostClassifier(random_state=0),2,0.9591836734693877,,,No using Ordinal Hot,0.1303575038909912,0.009999275207519531
algerian_forest_fires_46279,,ordinalencoder,random_trees_embedding,power,AdaBoostClassifier(random_state=0),3,0.9791666666666666,,,No using Ordinal Hot,0.13289284706115723,0.010060787200927734
algerian_forest_fires_46279,,ordinalencoder,random_trees_embedding,power,AdaBoostClassifier(random_state=0),4,0.9583333333333334,,,No using Ordinal Hot,0.1356198787689209,0.009853601455688477
algerian_forest_fires_46279,,ordinalencoder,feature_agglomeration,power,AdaBoostClassifier(random_state=0),0,0.8571428571428571,,,No using Ordinal Hot,0.07427787780761719,0.0065822601318359375
algerian_forest_fires_46279,,ordinalencoder,feature_agglomeration,power,AdaBoostClassifier(random_state=0),1,0.9183673469387755,,,No using Ordinal Hot,0.07325363159179688,0.006298542022705078
algerian_forest_fires_46279,,ordinalencoder,feature_agglomeration,power,AdaBoostClassifier(random_state=0),2,0.8367346938775511,,,No using Ordinal Hot,0.07060360908508301,0.006250858306884766
algerian_forest_fires_46279,,ordinalencoder,feature_agglomeration,power,AdaBoostClassifier(random_state=0),3,0.875,,,No using Ordinal Hot,0.07030153274536133,0.0062601566314697266
algerian_forest_fires_46279,,ordinalencoder,feature_agglomeration,power,AdaBoostClassifier(random_state=0),4,0.8958333333333334,,,No using Ordinal Hot,0.08939719200134277,0.0071909427642822266
algerian_forest_fires_46279,,ordinalencoder,extra_tree,power,AdaBoostClassifier(random_state=0),0,1.0,,,No using Ordinal Hot,0.07087111473083496,0.006287336349487305
algerian_forest_fires_46279,,ordinalencoder,extra_tree,power,AdaBoostClassifier(random_state=0),1,0.9795918367346939,,,No using Ordinal Hot,0.08623814582824707,0.008830547332763672
algerian_forest_fires_46279,,ordinalencoder,extra_tree,power,AdaBoostClassifier(random_state=0),2,1.0,,,No using Ordinal Hot,0.07327747344970703,0.006450176239013672
algerian_forest_fires_46279,,ordinalencoder,extra_tree,power,AdaBoostClassifier(random_state=0),3,0.9791666666666666,,,No using Ordinal Hot,0.07407379150390625,0.0062181949615478516
algerian_forest_fires_46279,,ordinalencoder,extra_tree,power,AdaBoostClassifier(random_state=0),4,0.9375,,,No using Ordinal Hot,0.0835723876953125,0.00718235969543457
algerian_forest_fires_46279,,ordinalencoder,linear_svc,power,AdaBoostClassifier(random_state=0),0,0.9795918367346939,,,No using Ordinal Hot,0.07869219779968262,0.006342411041259766
algerian_forest_fires_46279,,ordinalencoder,linear_svc,power,AdaBoostClassifier(random_state=0),1,0.9795918367346939,,,No using Ordinal Hot,0.07270622253417969,0.0063359737396240234
algerian_forest_fires_46279,,ordinalencoder,linear_svc,power,AdaBoostClassifier(random_state=0),2,1.0,,,No using Ordinal Hot,0.08569002151489258,0.0070455074310302734
algerian_forest_fires_46279,,ordinalencoder,linear_svc,power,AdaBoostClassifier(random_state=0),3,0.9583333333333334,,,No using Ordinal Hot,0.07775163650512695,0.006478071212768555
algerian_forest_fires_46279,,ordinalencoder,linear_svc,power,AdaBoostClassifier(random_state=0),4,0.9375,,,No using Ordinal Hot,0.08321499824523926,0.007958173751831055
algerian_forest_fires_46279,,ordinalencoder,kernel_pca,power,AdaBoostClassifier(random_state=0),0,0.9387755102040817,,,No using Ordinal Hot,0.0932917594909668,0.006203889846801758
algerian_forest_fires_46279,,ordinalencoder,kernel_pca,power,AdaBoostClassifier(random_state=0),1,0.9591836734693877,,,No using Ordinal Hot,0.12192773818969727,0.007085561752319336
algerian_forest_fires_46279,,ordinalencoder,kernel_pca,power,AdaBoostClassifier(random_state=0),2,0.9183673469387755,,,No using Ordinal Hot,0.09191441535949707,0.0066487789154052734
algerian_forest_fires_46279,,ordinalencoder,kernel_pca,power,AdaBoostClassifier(random_state=0),3,0.9791666666666666,,,No using Ordinal Hot,0.09400200843811035,0.0063245296478271484
algerian_forest_fires_46279,,ordinalencoder,kernel_pca,power,AdaBoostClassifier(random_state=0),4,0.9791666666666666,,,No using Ordinal Hot,0.08998322486877441,0.006527900695800781
algerian_forest_fires_46279,,ordinalencoder,,quantile,AdaBoostClassifier(random_state=0),0,1.0,,,No using Ordinal Hot,0.07549715042114258,0.006522417068481445
algerian_forest_fires_46279,,ordinalencoder,,quantile,AdaBoostClassifier(random_state=0),1,0.9795918367346939,,,No using Ordinal Hot,0.07683491706848145,0.005887746810913086
algerian_forest_fires_46279,,ordinalencoder,,quantile,AdaBoostClassifier(random_state=0),2,1.0,,,No using Ordinal Hot,0.07609748840332031,0.005894899368286133
algerian_forest_fires_46279,,ordinalencoder,,quantile,AdaBoostClassifier(random_state=0),3,0.9583333333333334,,,No using Ordinal Hot,0.07782983779907227,0.006560087203979492
algerian_forest_fires_46279,,ordinalencoder,,quantile,AdaBoostClassifier(random_state=0),4,0.9583333333333334,,,No using Ordinal Hot,0.07179856300354004,0.0059528350830078125
algerian_forest_fires_46279,,ordinalencoder,pca,quantile,AdaBoostClassifier(random_state=0),0,0.9183673469387755,,,No using Ordinal Hot,0.07891297340393066,0.006289482116699219
algerian_forest_fires_46279,,ordinalencoder,pca,quantile,AdaBoostClassifier(random_state=0),1,0.9795918367346939,,,No using Ordinal Hot,0.08306336402893066,0.006756305694580078
algerian_forest_fires_46279,,ordinalencoder,pca,quantile,AdaBoostClassifier(random_state=0),2,0.9795918367346939,,,No using Ordinal Hot,0.08893132209777832,0.006582021713256836
algerian_forest_fires_46279,,ordinalencoder,pca,quantile,AdaBoostClassifier(random_state=0),3,0.9166666666666666,,,No using Ordinal Hot,0.0813455581665039,0.006655693054199219
algerian_forest_fires_46279,,ordinalencoder,pca,quantile,AdaBoostClassifier(random_state=0),4,0.9375,,,No using Ordinal Hot,0.08119559288024902,0.0060672760009765625
algerian_forest_fires_46279,,ordinalencoder,fastica,quantile,AdaBoostClassifier(random_state=0),0,0.6530612244897959,,,No using Ordinal Hot,0.08080577850341797,0.005867719650268555
algerian_forest_fires_46279,,ordinalencoder,fastica,quantile,AdaBoostClassifier(random_state=0),1,0.7755102040816326,,,No using Ordinal Hot,0.07459831237792969,0.005952119827270508
algerian_forest_fires_46279,,ordinalencoder,fastica,quantile,AdaBoostClassifier(random_state=0),2,0.7959183673469388,,,No using Ordinal Hot,0.07486224174499512,0.005898952484130859
algerian_forest_fires_46279,,ordinalencoder,fastica,quantile,AdaBoostClassifier(random_state=0),3,0.875,,,No using Ordinal Hot,0.08281636238098145,0.005886554718017578
algerian_forest_fires_46279,,ordinalencoder,fastica,quantile,AdaBoostClassifier(random_state=0),4,0.8541666666666666,,,No using Ordinal Hot,0.08803462982177734,0.0063323974609375
algerian_forest_fires_46279,,ordinalencoder,truncated_svd,quantile,AdaBoostClassifier(random_state=0),0,0.8571428571428571,,,No using Ordinal Hot,0.06579780578613281,0.0058138370513916016
algerian_forest_fires_46279,,ordinalencoder,truncated_svd,quantile,AdaBoostClassifier(random_state=0),1,0.8979591836734694,,,No using Ordinal Hot,0.06502056121826172,0.005909919738769531
algerian_forest_fires_46279,,ordinalencoder,truncated_svd,quantile,AdaBoostClassifier(random_state=0),2,0.8979591836734694,,,No using Ordinal Hot,0.06475639343261719,0.005797863006591797
algerian_forest_fires_46279,,ordinalencoder,truncated_svd,quantile,AdaBoostClassifier(random_state=0),3,0.9166666666666666,,,No using Ordinal Hot,0.07670736312866211,0.00587916374206543
algerian_forest_fires_46279,,ordinalencoder,truncated_svd,quantile,AdaBoostClassifier(random_state=0),4,0.9166666666666666,,,No using Ordinal Hot,0.06465840339660645,0.005953311920166016
algerian_forest_fires_46279,,ordinalencoder,select_percentile,quantile,AdaBoostClassifier(random_state=0),0,1.0,,,No using Ordinal Hot,0.0644998550415039,0.005803108215332031
algerian_forest_fires_46279,,ordinalencoder,select_percentile,quantile,AdaBoostClassifier(random_state=0),1,0.9795918367346939,,,No using Ordinal Hot,0.06908822059631348,0.005839109420776367
algerian_forest_fires_46279,,ordinalencoder,select_percentile,quantile,AdaBoostClassifier(random_state=0),2,1.0,,,No using Ordinal Hot,0.0637667179107666,0.00577545166015625
algerian_forest_fires_46279,,ordinalencoder,select_percentile,quantile,AdaBoostClassifier(random_state=0),3,0.9583333333333334,,,No using Ordinal Hot,0.06350588798522949,0.0057981014251708984
algerian_forest_fires_46279,,ordinalencoder,select_percentile,quantile,AdaBoostClassifier(random_state=0),4,0.9375,,,No using Ordinal Hot,0.06501269340515137,0.005820751190185547
algerian_forest_fires_46279,,ordinalencoder,generic_univariate,quantile,AdaBoostClassifier(random_state=0),0,1.0,,,No using Ordinal Hot,0.06604433059692383,0.00580286979675293
algerian_forest_fires_46279,,ordinalencoder,generic_univariate,quantile,AdaBoostClassifier(random_state=0),1,0.9795918367346939,,,No using Ordinal Hot,0.06851506233215332,0.006227254867553711
algerian_forest_fires_46279,,ordinalencoder,generic_univariate,quantile,AdaBoostClassifier(random_state=0),2,1.0,,,No using Ordinal Hot,0.07198023796081543,0.0065004825592041016
algerian_forest_fires_46279,,ordinalencoder,generic_univariate,quantile,AdaBoostClassifier(random_state=0),3,0.9375,,,No using Ordinal Hot,0.07283258438110352,0.006727933883666992
algerian_forest_fires_46279,,ordinalencoder,generic_univariate,quantile,AdaBoostClassifier(random_state=0),4,0.9375,,,No using Ordinal Hot,0.06959915161132812,0.006242990493774414
algerian_forest_fires_46279,,ordinalencoder,polynomial_features,quantile,AdaBoostClassifier(random_state=0),0,0.9795918367346939,,,No using Ordinal Hot,0.13936519622802734,0.007412433624267578
algerian_forest_fires_46279,,ordinalencoder,polynomial_features,quantile,AdaBoostClassifier(random_state=0),1,0.9795918367346939,,,No using Ordinal Hot,0.14582133293151855,0.006699562072753906
algerian_forest_fires_46279,,ordinalencoder,polynomial_features,quantile,AdaBoostClassifier(random_state=0),2,0.9795918367346939,,,No using Ordinal Hot,0.1409149169921875,0.006900310516357422
algerian_forest_fires_46279,,ordinalencoder,polynomial_features,quantile,AdaBoostClassifier(random_state=0),3,1.0,,,No using Ordinal Hot,0.13874053955078125,0.0064487457275390625
algerian_forest_fires_46279,,ordinalencoder,polynomial_features,quantile,AdaBoostClassifier(random_state=0),4,0.875,,,No using Ordinal Hot,0.13744163513183594,0.006378889083862305
algerian_forest_fires_46279,,ordinalencoder,nystroem,quantile,AdaBoostClassifier(random_state=0),0,0.9183673469387755,,,No using Ordinal Hot,0.18643426895141602,0.00641322135925293
algerian_forest_fires_46279,,ordinalencoder,nystroem,quantile,AdaBoostClassifier(random_state=0),1,0.9795918367346939,,,No using Ordinal Hot,0.19431042671203613,0.0069997310638427734
algerian_forest_fires_46279,,ordinalencoder,nystroem,quantile,AdaBoostClassifier(random_state=0),2,0.8163265306122449,,,No using Ordinal Hot,0.1975858211517334,0.0072040557861328125
algerian_forest_fires_46279,,ordinalencoder,nystroem,quantile,AdaBoostClassifier(random_state=0),3,0.9375,,,No using Ordinal Hot,0.18976926803588867,0.0064351558685302734
algerian_forest_fires_46279,,ordinalencoder,nystroem,quantile,AdaBoostClassifier(random_state=0),4,0.9166666666666666,,,No using Ordinal Hot,0.18612384796142578,0.00655817985534668
algerian_forest_fires_46279,,ordinalencoder,rbf_sampler,quantile,AdaBoostClassifier(random_state=0),0,0.9591836734693877,,,No using Ordinal Hot,0.17132949829101562,0.006310462951660156
algerian_forest_fires_46279,,ordinalencoder,rbf_sampler,quantile,AdaBoostClassifier(random_state=0),1,0.9795918367346939,,,No using Ordinal Hot,0.16787958145141602,0.006311893463134766
algerian_forest_fires_46279,,ordinalencoder,rbf_sampler,quantile,AdaBoostClassifier(random_state=0),2,0.9795918367346939,,,No using Ordinal Hot,0.16834664344787598,0.006499767303466797
algerian_forest_fires_46279,,ordinalencoder,rbf_sampler,quantile,AdaBoostClassifier(random_state=0),3,0.9583333333333334,,,No using Ordinal Hot,0.1706693172454834,0.0065157413482666016
algerian_forest_fires_46279,,ordinalencoder,rbf_sampler,quantile,AdaBoostClassifier(random_state=0),4,0.9583333333333334,,,No using Ordinal Hot,0.1670055389404297,0.006274223327636719
algerian_forest_fires_46279,,ordinalencoder,random_trees_embedding,quantile,AdaBoostClassifier(random_state=0),0,0.9591836734693877,,,No using Ordinal Hot,0.1256699562072754,0.009779214859008789
algerian_forest_fires_46279,,ordinalencoder,random_trees_embedding,quantile,AdaBoostClassifier(random_state=0),1,1.0,,,No using Ordinal Hot,0.13049650192260742,0.010111808776855469
algerian_forest_fires_46279,,ordinalencoder,random_trees_embedding,quantile,AdaBoostClassifier(random_state=0),2,0.9591836734693877,,,No using Ordinal Hot,0.12886619567871094,0.01007390022277832
algerian_forest_fires_46279,,ordinalencoder,random_trees_embedding,quantile,AdaBoostClassifier(random_state=0),3,0.9375,,,No using Ordinal Hot,0.13057255744934082,0.010360956192016602
algerian_forest_fires_46279,,ordinalencoder,random_trees_embedding,quantile,AdaBoostClassifier(random_state=0),4,0.9791666666666666,,,No using Ordinal Hot,0.1265397071838379,0.009688854217529297
algerian_forest_fires_46279,,ordinalencoder,feature_agglomeration,quantile,AdaBoostClassifier(random_state=0),0,0.8367346938775511,,,No using Ordinal Hot,0.06913161277770996,0.006061553955078125
algerian_forest_fires_46279,,ordinalencoder,feature_agglomeration,quantile,AdaBoostClassifier(random_state=0),1,0.8571428571428571,,,No using Ordinal Hot,0.07051849365234375,0.0062787532806396484
algerian_forest_fires_46279,,ordinalencoder,feature_agglomeration,quantile,AdaBoostClassifier(random_state=0),2,0.8775510204081632,,,No using Ordinal Hot,0.06865715980529785,0.006177663803100586
algerian_forest_fires_46279,,ordinalencoder,feature_agglomeration,quantile,AdaBoostClassifier(random_state=0),3,0.875,,,No using Ordinal Hot,0.0696861743927002,0.006177186965942383
algerian_forest_fires_46279,,ordinalencoder,feature_agglomeration,quantile,AdaBoostClassifier(random_state=0),4,0.8958333333333334,,,No using Ordinal Hot,0.06763243675231934,0.006089448928833008
algerian_forest_fires_46279,,ordinalencoder,extra_tree,quantile,AdaBoostClassifier(random_state=0),0,1.0,,,No using Ordinal Hot,0.07618546485900879,0.0071392059326171875
algerian_forest_fires_46279,,ordinalencoder,extra_tree,quantile,AdaBoostClassifier(random_state=0),1,0.9795918367346939,,,No using Ordinal Hot,0.0707540512084961,0.006330251693725586
algerian_forest_fires_46279,,ordinalencoder,extra_tree,quantile,AdaBoostClassifier(random_state=0),2,1.0,,,No using Ordinal Hot,0.0725405216217041,0.006307363510131836
algerian_forest_fires_46279,,ordinalencoder,extra_tree,quantile,AdaBoostClassifier(random_state=0),3,0.9791666666666666,,,No using Ordinal Hot,0.06995463371276855,0.006296396255493164
algerian_forest_fires_46279,,ordinalencoder,extra_tree,quantile,AdaBoostClassifier(random_state=0),4,0.9375,,,No using Ordinal Hot,0.07061386108398438,0.0062410831451416016
algerian_forest_fires_46279,,ordinalencoder,linear_svc,quantile,AdaBoostClassifier(random_state=0),0,1.0,,,No using Ordinal Hot,0.06907224655151367,0.006264686584472656
algerian_forest_fires_46279,,ordinalencoder,linear_svc,quantile,AdaBoostClassifier(random_state=0),1,0.9795918367346939,,,No using Ordinal Hot,0.06998038291931152,0.006289005279541016
algerian_forest_fires_46279,,ordinalencoder,linear_svc,quantile,AdaBoostClassifier(random_state=0),2,1.0,,,No using Ordinal Hot,0.07205796241760254,0.006300210952758789
algerian_forest_fires_46279,,ordinalencoder,linear_svc,quantile,AdaBoostClassifier(random_state=0),3,0.9583333333333334,,,No using Ordinal Hot,0.0695352554321289,0.006483793258666992
algerian_forest_fires_46279,,ordinalencoder,linear_svc,quantile,AdaBoostClassifier(random_state=0),4,0.9375,,,No using Ordinal Hot,0.07504034042358398,0.006172895431518555
algerian_forest_fires_46279,,ordinalencoder,kernel_pca,quantile,AdaBoostClassifier(random_state=0),0,0.9183673469387755,,,No using Ordinal Hot,0.09587407112121582,0.006989955902099609
algerian_forest_fires_46279,,ordinalencoder,kernel_pca,quantile,AdaBoostClassifier(random_state=0),1,0.9795918367346939,,,No using Ordinal Hot,0.09538102149963379,0.006772041320800781
algerian_forest_fires_46279,,ordinalencoder,kernel_pca,quantile,AdaBoostClassifier(random_state=0),2,0.9795918367346939,,,No using Ordinal Hot,0.10637927055358887,0.00671076774597168
algerian_forest_fires_46279,,ordinalencoder,kernel_pca,quantile,AdaBoostClassifier(random_state=0),3,0.9166666666666666,,,No using Ordinal Hot,0.08892321586608887,0.00653529167175293
algerian_forest_fires_46279,,ordinalencoder,kernel_pca,quantile,AdaBoostClassifier(random_state=0),4,0.9375,,,No using Ordinal Hot,0.10723567008972168,0.006846427917480469
algerian_forest_fires_46279,simpleimputer,,,,AdaBoostClassifier(random_state=0),0,1.0,,No using Simple Imputer,,0.08445191383361816,0.010777711868286133
algerian_forest_fires_46279,simpleimputer,,,,AdaBoostClassifier(random_state=0),1,0.9795918367346939,,No using Simple Imputer,,0.08083271980285645,0.0074024200439453125
algerian_forest_fires_46279,simpleimputer,,,,AdaBoostClassifier(random_state=0),2,1.0,,No using Simple Imputer,,0.10646462440490723,0.007662057876586914
algerian_forest_fires_46279,simpleimputer,,,,AdaBoostClassifier(random_state=0),3,0.9583333333333334,,No using Simple Imputer,,1.2709965705871582,0.0074465274810791016
algerian_forest_fires_46279,simpleimputer,,,,AdaBoostClassifier(random_state=0),4,0.9583333333333334,,No using Simple Imputer,,0.07588791847229004,0.007285356521606445
algerian_forest_fires_46279,simpleimputer,,pca,,AdaBoostClassifier(random_state=0),0,0.9387755102040817,,No using Simple Imputer,,0.0804593563079834,0.006349802017211914
algerian_forest_fires_46279,simpleimputer,,pca,,AdaBoostClassifier(random_state=0),1,0.9591836734693877,,No using Simple Imputer,,0.08133816719055176,0.007949113845825195
algerian_forest_fires_46279,simpleimputer,,pca,,AdaBoostClassifier(random_state=0),2,0.9387755102040817,,No using Simple Imputer,,0.0828702449798584,0.006306886672973633
algerian_forest_fires_46279,simpleimputer,,pca,,AdaBoostClassifier(random_state=0),3,0.9375,,No using Simple Imputer,,0.08548164367675781,0.006611824035644531
algerian_forest_fires_46279,simpleimputer,,pca,,AdaBoostClassifier(random_state=0),4,0.9375,,No using Simple Imputer,,0.08230972290039062,0.00682830810546875
algerian_forest_fires_46279,simpleimputer,,fastica,,AdaBoostClassifier(random_state=0),0,0.6326530612244898,,No using Simple Imputer,,0.0793466567993164,0.0063016414642333984
algerian_forest_fires_46279,simpleimputer,,fastica,,AdaBoostClassifier(random_state=0),1,0.6938775510204082,,No using Simple Imputer,,0.08034491539001465,0.006371974945068359
algerian_forest_fires_46279,simpleimputer,,fastica,,AdaBoostClassifier(random_state=0),2,0.8775510204081632,,No using Simple Imputer,,0.08050894737243652,0.006838798522949219
algerian_forest_fires_46279,simpleimputer,,fastica,,AdaBoostClassifier(random_state=0),3,0.875,,No using Simple Imputer,,0.08315443992614746,0.0064373016357421875
algerian_forest_fires_46279,simpleimputer,,fastica,,AdaBoostClassifier(random_state=0),4,0.6041666666666666,,No using Simple Imputer,,0.09274172782897949,0.0065670013427734375
algerian_forest_fires_46279,simpleimputer,,truncated_svd,,AdaBoostClassifier(random_state=0),0,0.8163265306122449,,No using Simple Imputer,,0.08525943756103516,0.006368398666381836
algerian_forest_fires_46279,simpleimputer,,truncated_svd,,AdaBoostClassifier(random_state=0),1,0.7959183673469388,,No using Simple Imputer,,0.08428335189819336,0.006270885467529297
algerian_forest_fires_46279,simpleimputer,,truncated_svd,,AdaBoostClassifier(random_state=0),2,0.7551020408163265,,No using Simple Imputer,,0.07418560981750488,0.006325960159301758
algerian_forest_fires_46279,simpleimputer,,truncated_svd,,AdaBoostClassifier(random_state=0),3,0.8958333333333334,,No using Simple Imputer,,0.0715935230255127,0.0061779022216796875
algerian_forest_fires_46279,simpleimputer,,truncated_svd,,AdaBoostClassifier(random_state=0),4,0.8958333333333334,,No using Simple Imputer,,0.07140111923217773,0.006284475326538086
algerian_forest_fires_46279,simpleimputer,,select_percentile,,AdaBoostClassifier(random_state=0),0,1.0,,No using Simple Imputer,,0.0707235336303711,0.0064563751220703125
algerian_forest_fires_46279,simpleimputer,,select_percentile,,AdaBoostClassifier(random_state=0),1,0.9795918367346939,,No using Simple Imputer,,0.06893539428710938,0.006217241287231445
algerian_forest_fires_46279,simpleimputer,,select_percentile,,AdaBoostClassifier(random_state=0),2,1.0,,No using Simple Imputer,,0.0779581069946289,0.0067501068115234375
algerian_forest_fires_46279,simpleimputer,,select_percentile,,AdaBoostClassifier(random_state=0),3,0.9583333333333334,,No using Simple Imputer,,0.07056617736816406,0.007069110870361328
algerian_forest_fires_46279,simpleimputer,,select_percentile,,AdaBoostClassifier(random_state=0),4,0.9375,,No using Simple Imputer,,0.07033848762512207,0.006269693374633789
algerian_forest_fires_46279,simpleimputer,,generic_univariate,,AdaBoostClassifier(random_state=0),0,1.0,,No using Simple Imputer,,0.06891083717346191,0.006302833557128906
algerian_forest_fires_46279,simpleimputer,,generic_univariate,,AdaBoostClassifier(random_state=0),1,1.0,,No using Simple Imputer,,0.06864500045776367,0.0064966678619384766
algerian_forest_fires_46279,simpleimputer,,generic_univariate,,AdaBoostClassifier(random_state=0),2,1.0,,No using Simple Imputer,,0.06740474700927734,0.006197214126586914
algerian_forest_fires_46279,simpleimputer,,generic_univariate,,AdaBoostClassifier(random_state=0),3,0.9583333333333334,,No using Simple Imputer,,0.06803464889526367,0.006187915802001953
algerian_forest_fires_46279,simpleimputer,,generic_univariate,,AdaBoostClassifier(random_state=0),4,0.9791666666666666,,No using Simple Imputer,,0.06847357749938965,0.0062634944915771484
algerian_forest_fires_46279,simpleimputer,,polynomial_features,,AdaBoostClassifier(random_state=0),0,0.9795918367346939,,No using Simple Imputer,,0.14696931838989258,0.00646209716796875
algerian_forest_fires_46279,simpleimputer,,polynomial_features,,AdaBoostClassifier(random_state=0),1,0.9795918367346939,,No using Simple Imputer,,0.15652871131896973,0.0064733028411865234
algerian_forest_fires_46279,simpleimputer,,polynomial_features,,AdaBoostClassifier(random_state=0),2,1.0,,No using Simple Imputer,,0.14825129508972168,0.006542205810546875
algerian_forest_fires_46279,simpleimputer,,polynomial_features,,AdaBoostClassifier(random_state=0),3,0.9583333333333334,,No using Simple Imputer,,0.1547539234161377,0.0065877437591552734
algerian_forest_fires_46279,simpleimputer,,polynomial_features,,AdaBoostClassifier(random_state=0),4,0.9166666666666666,,No using Simple Imputer,,0.16225290298461914,0.006688117980957031
algerian_forest_fires_46279,simpleimputer,,nystroem,,AdaBoostClassifier(random_state=0),0,0.7346938775510204,,No using Simple Imputer,,0.14735054969787598,0.006842136383056641
algerian_forest_fires_46279,simpleimputer,,nystroem,,AdaBoostClassifier(random_state=0),1,0.8367346938775511,,No using Simple Imputer,,0.14242839813232422,0.007044792175292969
algerian_forest_fires_46279,simpleimputer,,nystroem,,AdaBoostClassifier(random_state=0),2,0.7551020408163265,,No using Simple Imputer,,0.15549802780151367,0.006668806076049805
algerian_forest_fires_46279,simpleimputer,,nystroem,,AdaBoostClassifier(random_state=0),3,0.75,,No using Simple Imputer,,0.14363861083984375,0.006912708282470703
algerian_forest_fires_46279,simpleimputer,,nystroem,,AdaBoostClassifier(random_state=0),4,0.8333333333333334,,No using Simple Imputer,,0.1363835334777832,0.006535530090332031
algerian_forest_fires_46279,simpleimputer,,rbf_sampler,,AdaBoostClassifier(random_state=0),0,0.4897959183673469,,No using Simple Imputer,,0.1754012107849121,0.006689786911010742
algerian_forest_fires_46279,simpleimputer,,rbf_sampler,,AdaBoostClassifier(random_state=0),1,0.5510204081632653,,No using Simple Imputer,,0.183394193649292,0.006455659866333008
algerian_forest_fires_46279,simpleimputer,,rbf_sampler,,AdaBoostClassifier(random_state=0),2,0.5510204081632653,,No using Simple Imputer,,0.18454360961914062,0.007004976272583008
algerian_forest_fires_46279,simpleimputer,,rbf_sampler,,AdaBoostClassifier(random_state=0),3,0.5208333333333334,,No using Simple Imputer,,0.20268464088439941,0.00664973258972168
algerian_forest_fires_46279,simpleimputer,,rbf_sampler,,AdaBoostClassifier(random_state=0),4,0.4583333333333333,,No using Simple Imputer,,0.20485758781433105,0.006528615951538086
algerian_forest_fires_46279,simpleimputer,,random_trees_embedding,,AdaBoostClassifier(random_state=0),0,0.8775510204081632,,No using Simple Imputer,,0.13752532005310059,0.009722709655761719
algerian_forest_fires_46279,simpleimputer,,random_trees_embedding,,AdaBoostClassifier(random_state=0),1,0.9591836734693877,,No using Simple Imputer,,0.16735410690307617,0.009816169738769531
algerian_forest_fires_46279,simpleimputer,,random_trees_embedding,,AdaBoostClassifier(random_state=0),2,0.9795918367346939,,No using Simple Imputer,,0.13471245765686035,0.009838581085205078
algerian_forest_fires_46279,simpleimputer,,random_trees_embedding,,AdaBoostClassifier(random_state=0),3,0.9583333333333334,,No using Simple Imputer,,0.13656377792358398,0.010198831558227539
algerian_forest_fires_46279,simpleimputer,,random_trees_embedding,,AdaBoostClassifier(random_state=0),4,0.9375,,No using Simple Imputer,,0.14398956298828125,0.01086568832397461
algerian_forest_fires_46279,simpleimputer,,feature_agglomeration,,AdaBoostClassifier(random_state=0),0,0.7551020408163265,,No using Simple Imputer,,0.07716608047485352,0.006343364715576172
algerian_forest_fires_46279,simpleimputer,,feature_agglomeration,,AdaBoostClassifier(random_state=0),1,0.7959183673469388,,No using Simple Imputer,,0.07978129386901855,0.0074672698974609375
algerian_forest_fires_46279,simpleimputer,,feature_agglomeration,,AdaBoostClassifier(random_state=0),2,0.8367346938775511,,No using Simple Imputer,,0.0737447738647461,0.006336212158203125
algerian_forest_fires_46279,simpleimputer,,feature_agglomeration,,AdaBoostClassifier(random_state=0),3,0.8958333333333334,,No using Simple Imputer,,0.07632184028625488,0.00620722770690918
algerian_forest_fires_46279,simpleimputer,,feature_agglomeration,,AdaBoostClassifier(random_state=0),4,0.8333333333333334,,No using Simple Imputer,,0.0724189281463623,0.0071735382080078125
algerian_forest_fires_46279,simpleimputer,,extra_tree,,AdaBoostClassifier(random_state=0),0,1.0,,No using Simple Imputer,,0.07585430145263672,0.006670236587524414
algerian_forest_fires_46279,simpleimputer,,extra_tree,,AdaBoostClassifier(random_state=0),1,0.9795918367346939,,No using Simple Imputer,,0.07518863677978516,0.006462574005126953
algerian_forest_fires_46279,simpleimputer,,extra_tree,,AdaBoostClassifier(random_state=0),2,1.0,,No using Simple Imputer,,0.0725104808807373,0.006279468536376953
algerian_forest_fires_46279,simpleimputer,,extra_tree,,AdaBoostClassifier(random_state=0),3,0.9791666666666666,,No using Simple Imputer,,0.07434654235839844,0.00632023811340332
algerian_forest_fires_46279,simpleimputer,,extra_tree,,AdaBoostClassifier(random_state=0),4,0.9375,,No using Simple Imputer,,0.07104301452636719,0.0062906742095947266
algerian_forest_fires_46279,simpleimputer,,linear_svc,,AdaBoostClassifier(random_state=0),0,1.0,,No using Simple Imputer,,0.07171988487243652,0.006276369094848633
algerian_forest_fires_46279,simpleimputer,,linear_svc,,AdaBoostClassifier(random_state=0),1,0.9795918367346939,,No using Simple Imputer,,0.06994795799255371,0.00628352165222168
algerian_forest_fires_46279,simpleimputer,,linear_svc,,AdaBoostClassifier(random_state=0),2,1.0,,No using Simple Imputer,,0.07295513153076172,0.0064089298248291016
algerian_forest_fires_46279,simpleimputer,,linear_svc,,AdaBoostClassifier(random_state=0),3,0.9583333333333334,,No using Simple Imputer,,0.07383108139038086,0.00707697868347168
algerian_forest_fires_46279,simpleimputer,,linear_svc,,AdaBoostClassifier(random_state=0),4,0.9375,,No using Simple Imputer,,0.07627129554748535,0.006221294403076172
algerian_forest_fires_46279,simpleimputer,,kernel_pca,,AdaBoostClassifier(random_state=0),0,0.9387755102040817,,No using Simple Imputer,,0.09836483001708984,0.007129669189453125
algerian_forest_fires_46279,simpleimputer,,kernel_pca,,AdaBoostClassifier(random_state=0),1,0.9591836734693877,,No using Simple Imputer,,0.09673380851745605,0.006943225860595703
algerian_forest_fires_46279,simpleimputer,,kernel_pca,,AdaBoostClassifier(random_state=0),2,0.9387755102040817,,No using Simple Imputer,,0.10012269020080566,0.007193088531494141
algerian_forest_fires_46279,simpleimputer,,kernel_pca,,AdaBoostClassifier(random_state=0),3,0.9375,,No using Simple Imputer,,0.09881401062011719,0.0068416595458984375
algerian_forest_fires_46279,simpleimputer,,kernel_pca,,AdaBoostClassifier(random_state=0),4,0.9375,,No using Simple Imputer,,0.10627865791320801,0.006262779235839844
algerian_forest_fires_46279,simpleimputer,,,standard,AdaBoostClassifier(random_state=0),0,1.0,,No using Simple Imputer,,0.08452415466308594,0.006898164749145508
algerian_forest_fires_46279,simpleimputer,,,standard,AdaBoostClassifier(random_state=0),1,0.9795918367346939,,No using Simple Imputer,,0.07641124725341797,0.006519794464111328
algerian_forest_fires_46279,simpleimputer,,,standard,AdaBoostClassifier(random_state=0),2,1.0,,No using Simple Imputer,,0.08518815040588379,0.006708383560180664
algerian_forest_fires_46279,simpleimputer,,,standard,AdaBoostClassifier(random_state=0),3,0.9583333333333334,,No using Simple Imputer,,0.08602356910705566,0.008706092834472656
algerian_forest_fires_46279,simpleimputer,,,standard,AdaBoostClassifier(random_state=0),4,0.9583333333333334,,No using Simple Imputer,,0.0760335922241211,0.007078886032104492
algerian_forest_fires_46279,simpleimputer,,pca,standard,AdaBoostClassifier(random_state=0),0,0.8367346938775511,,No using Simple Imputer,,0.08314061164855957,0.006436824798583984
algerian_forest_fires_46279,simpleimputer,,pca,standard,AdaBoostClassifier(random_state=0),1,0.9387755102040817,,No using Simple Imputer,,0.08382463455200195,0.00642704963684082
algerian_forest_fires_46279,simpleimputer,,pca,standard,AdaBoostClassifier(random_state=0),2,0.9387755102040817,,No using Simple Imputer,,0.08379292488098145,0.006390571594238281
algerian_forest_fires_46279,simpleimputer,,pca,standard,AdaBoostClassifier(random_state=0),3,0.9583333333333334,,No using Simple Imputer,,0.08693385124206543,0.006905317306518555
algerian_forest_fires_46279,simpleimputer,,pca,standard,AdaBoostClassifier(random_state=0),4,0.9166666666666666,,No using Simple Imputer,,0.0899050235748291,0.006314277648925781
algerian_forest_fires_46279,simpleimputer,,fastica,standard,AdaBoostClassifier(random_state=0),0,0.7346938775510204,,No using Simple Imputer,,0.07892203330993652,0.006337404251098633
algerian_forest_fires_46279,simpleimputer,,fastica,standard,AdaBoostClassifier(random_state=0),1,0.6326530612244898,,No using Simple Imputer,,0.08121442794799805,0.0063130855560302734
algerian_forest_fires_46279,simpleimputer,,fastica,standard,AdaBoostClassifier(random_state=0),2,0.8775510204081632,,No using Simple Imputer,,0.08153343200683594,0.0065174102783203125
algerian_forest_fires_46279,simpleimputer,,fastica,standard,AdaBoostClassifier(random_state=0),3,0.9375,,No using Simple Imputer,,0.0817258358001709,0.0062406063079833984
algerian_forest_fires_46279,simpleimputer,,fastica,standard,AdaBoostClassifier(random_state=0),4,0.7291666666666666,,No using Simple Imputer,,0.08411741256713867,0.008975982666015625
algerian_forest_fires_46279,simpleimputer,,truncated_svd,standard,AdaBoostClassifier(random_state=0),0,0.7959183673469388,,No using Simple Imputer,,0.07984066009521484,0.0062694549560546875
algerian_forest_fires_46279,simpleimputer,,truncated_svd,standard,AdaBoostClassifier(random_state=0),1,0.8367346938775511,,No using Simple Imputer,,0.07330775260925293,0.00621342658996582
algerian_forest_fires_46279,simpleimputer,,truncated_svd,standard,AdaBoostClassifier(random_state=0),2,0.7755102040816326,,No using Simple Imputer,,0.07341694831848145,0.006102800369262695
algerian_forest_fires_46279,simpleimputer,,truncated_svd,standard,AdaBoostClassifier(random_state=0),3,0.875,,No using Simple Imputer,,0.0745384693145752,0.0062313079833984375
algerian_forest_fires_46279,simpleimputer,,truncated_svd,standard,AdaBoostClassifier(random_state=0),4,0.8541666666666666,,No using Simple Imputer,,0.0687553882598877,0.006623506546020508
algerian_forest_fires_46279,simpleimputer,,select_percentile,standard,AdaBoostClassifier(random_state=0),0,1.0,,No using Simple Imputer,,0.07016396522521973,0.0062677860260009766
algerian_forest_fires_46279,simpleimputer,,select_percentile,standard,AdaBoostClassifier(random_state=0),1,0.9795918367346939,,No using Simple Imputer,,0.06863665580749512,0.006234884262084961
algerian_forest_fires_46279,simpleimputer,,select_percentile,standard,AdaBoostClassifier(random_state=0),2,1.0,,No using Simple Imputer,,0.0712428092956543,0.006312370300292969
algerian_forest_fires_46279,simpleimputer,,select_percentile,standard,AdaBoostClassifier(random_state=0),3,0.9583333333333334,,No using Simple Imputer,,0.0685117244720459,0.006373882293701172
algerian_forest_fires_46279,simpleimputer,,select_percentile,standard,AdaBoostClassifier(random_state=0),4,0.9375,,No using Simple Imputer,,0.06903958320617676,0.006284475326538086
algerian_forest_fires_46279,simpleimputer,,generic_univariate,standard,AdaBoostClassifier(random_state=0),0,1.0,,No using Simple Imputer,,0.06919121742248535,0.007892131805419922
algerian_forest_fires_46279,simpleimputer,,generic_univariate,standard,AdaBoostClassifier(random_state=0),1,1.0,,No using Simple Imputer,,0.07504725456237793,0.00619816780090332
algerian_forest_fires_46279,simpleimputer,,generic_univariate,standard,AdaBoostClassifier(random_state=0),2,1.0,,No using Simple Imputer,,0.07320809364318848,0.006188392639160156
algerian_forest_fires_46279,simpleimputer,,generic_univariate,standard,AdaBoostClassifier(random_state=0),3,0.9583333333333334,,No using Simple Imputer,,0.06914758682250977,0.0066564083099365234
algerian_forest_fires_46279,simpleimputer,,generic_univariate,standard,AdaBoostClassifier(random_state=0),4,0.9791666666666666,,No using Simple Imputer,,0.07789182662963867,0.008859872817993164
algerian_forest_fires_46279,simpleimputer,,polynomial_features,standard,AdaBoostClassifier(random_state=0),0,1.0,,No using Simple Imputer,,0.15765380859375,0.006675243377685547
algerian_forest_fires_46279,simpleimputer,,polynomial_features,standard,AdaBoostClassifier(random_state=0),1,0.9795918367346939,,No using Simple Imputer,,0.15711188316345215,0.006587505340576172
algerian_forest_fires_46279,simpleimputer,,polynomial_features,standard,AdaBoostClassifier(random_state=0),2,1.0,,No using Simple Imputer,,0.14861845970153809,0.006461143493652344
algerian_forest_fires_46279,simpleimputer,,polynomial_features,standard,AdaBoostClassifier(random_state=0),3,0.9791666666666666,,No using Simple Imputer,,0.14867687225341797,0.0065615177154541016
algerian_forest_fires_46279,simpleimputer,,polynomial_features,standard,AdaBoostClassifier(random_state=0),4,0.9375,,No using Simple Imputer,,0.15205788612365723,0.006972074508666992
algerian_forest_fires_46279,simpleimputer,,nystroem,standard,AdaBoostClassifier(random_state=0),0,0.8979591836734694,,No using Simple Imputer,,0.18986868858337402,0.006513833999633789
algerian_forest_fires_46279,simpleimputer,,nystroem,standard,AdaBoostClassifier(random_state=0),1,0.9183673469387755,,No using Simple Imputer,,0.20108723640441895,0.006461381912231445
algerian_forest_fires_46279,simpleimputer,,nystroem,standard,AdaBoostClassifier(random_state=0),2,0.8571428571428571,,No using Simple Imputer,,0.20869827270507812,0.006488800048828125
algerian_forest_fires_46279,simpleimputer,,nystroem,standard,AdaBoostClassifier(random_state=0),3,0.9583333333333334,,No using Simple Imputer,,0.20465373992919922,0.0069828033447265625
algerian_forest_fires_46279,simpleimputer,,nystroem,standard,AdaBoostClassifier(random_state=0),4,0.9375,,No using Simple Imputer,,0.19195270538330078,0.006428956985473633
algerian_forest_fires_46279,simpleimputer,,rbf_sampler,standard,AdaBoostClassifier(random_state=0),0,0.673469387755102,,No using Simple Imputer,,0.17509150505065918,0.006345987319946289
algerian_forest_fires_46279,simpleimputer,,rbf_sampler,standard,AdaBoostClassifier(random_state=0),1,0.7346938775510204,,No using Simple Imputer,,0.17321538925170898,0.0065155029296875
algerian_forest_fires_46279,simpleimputer,,rbf_sampler,standard,AdaBoostClassifier(random_state=0),2,0.5714285714285714,,No using Simple Imputer,,0.17721104621887207,0.006490230560302734
algerian_forest_fires_46279,simpleimputer,,rbf_sampler,standard,AdaBoostClassifier(random_state=0),3,0.6458333333333334,,No using Simple Imputer,,0.17337417602539062,0.006436824798583984
algerian_forest_fires_46279,simpleimputer,,rbf_sampler,standard,AdaBoostClassifier(random_state=0),4,0.6458333333333334,,No using Simple Imputer,,0.17378830909729004,0.0067293643951416016
algerian_forest_fires_46279,simpleimputer,,random_trees_embedding,standard,AdaBoostClassifier(random_state=0),0,0.8775510204081632,,No using Simple Imputer,,0.14349079132080078,0.010622024536132812
algerian_forest_fires_46279,simpleimputer,,random_trees_embedding,standard,AdaBoostClassifier(random_state=0),1,0.9591836734693877,,No using Simple Imputer,,0.12984585762023926,0.010112524032592773
algerian_forest_fires_46279,simpleimputer,,random_trees_embedding,standard,AdaBoostClassifier(random_state=0),2,0.9795918367346939,,No using Simple Imputer,,0.12368130683898926,0.009975910186767578
algerian_forest_fires_46279,simpleimputer,,random_trees_embedding,standard,AdaBoostClassifier(random_state=0),3,0.9583333333333334,,No using Simple Imputer,,0.12407183647155762,0.009978532791137695
algerian_forest_fires_46279,simpleimputer,,random_trees_embedding,standard,AdaBoostClassifier(random_state=0),4,0.9375,,No using Simple Imputer,,0.12357687950134277,0.009899616241455078
algerian_forest_fires_46279,simpleimputer,,feature_agglomeration,standard,AdaBoostClassifier(random_state=0),0,0.7142857142857143,,No using Simple Imputer,,0.06973910331726074,0.0061647891998291016
algerian_forest_fires_46279,simpleimputer,,feature_agglomeration,standard,AdaBoostClassifier(random_state=0),1,0.8163265306122449,,No using Simple Imputer,,0.07240796089172363,0.0062329769134521484
algerian_forest_fires_46279,simpleimputer,,feature_agglomeration,standard,AdaBoostClassifier(random_state=0),2,0.8571428571428571,,No using Simple Imputer,,0.08020782470703125,0.00688934326171875
algerian_forest_fires_46279,simpleimputer,,feature_agglomeration,standard,AdaBoostClassifier(random_state=0),3,0.8333333333333334,,No using Simple Imputer,,0.07314205169677734,0.006257057189941406
algerian_forest_fires_46279,simpleimputer,,feature_agglomeration,standard,AdaBoostClassifier(random_state=0),4,0.875,,No using Simple Imputer,,0.07298159599304199,0.0062084197998046875
algerian_forest_fires_46279,simpleimputer,,extra_tree,standard,AdaBoostClassifier(random_state=0),0,1.0,,No using Simple Imputer,,0.07101964950561523,0.006330966949462891
algerian_forest_fires_46279,simpleimputer,,extra_tree,standard,AdaBoostClassifier(random_state=0),1,0.9795918367346939,,No using Simple Imputer,,0.07148170471191406,0.006217002868652344
algerian_forest_fires_46279,simpleimputer,,extra_tree,standard,AdaBoostClassifier(random_state=0),2,1.0,,No using Simple Imputer,,0.06997227668762207,0.006226062774658203
algerian_forest_fires_46279,simpleimputer,,extra_tree,standard,AdaBoostClassifier(random_state=0),3,0.9791666666666666,,No using Simple Imputer,,0.06973767280578613,0.006262540817260742
algerian_forest_fires_46279,simpleimputer,,extra_tree,standard,AdaBoostClassifier(random_state=0),4,0.9375,,No using Simple Imputer,,0.06914591789245605,0.0064237117767333984
algerian_forest_fires_46279,simpleimputer,,linear_svc,standard,AdaBoostClassifier(random_state=0),0,1.0,,No using Simple Imputer,,0.07382512092590332,0.006212711334228516
algerian_forest_fires_46279,simpleimputer,,linear_svc,standard,AdaBoostClassifier(random_state=0),1,0.9795918367346939,,No using Simple Imputer,,0.06953716278076172,0.006211996078491211
algerian_forest_fires_46279,simpleimputer,,linear_svc,standard,AdaBoostClassifier(random_state=0),2,1.0,,No using Simple Imputer,,0.0706326961517334,0.0066373348236083984
algerian_forest_fires_46279,simpleimputer,,linear_svc,standard,AdaBoostClassifier(random_state=0),3,0.9583333333333334,,No using Simple Imputer,,0.07705926895141602,0.006516695022583008
algerian_forest_fires_46279,simpleimputer,,linear_svc,standard,AdaBoostClassifier(random_state=0),4,0.9375,,No using Simple Imputer,,0.07267880439758301,0.006276130676269531
algerian_forest_fires_46279,simpleimputer,,kernel_pca,standard,AdaBoostClassifier(random_state=0),0,0.8367346938775511,,No using Simple Imputer,,0.09528350830078125,0.006920576095581055
algerian_forest_fires_46279,simpleimputer,,kernel_pca,standard,AdaBoostClassifier(random_state=0),1,0.9387755102040817,,No using Simple Imputer,,0.0970311164855957,0.006775856018066406
algerian_forest_fires_46279,simpleimputer,,kernel_pca,standard,AdaBoostClassifier(random_state=0),2,0.9387755102040817,,No using Simple Imputer,,0.09538125991821289,0.006747722625732422
algerian_forest_fires_46279,simpleimputer,,kernel_pca,standard,AdaBoostClassifier(random_state=0),3,0.9583333333333334,,No using Simple Imputer,,0.09547638893127441,0.006732940673828125
algerian_forest_fires_46279,simpleimputer,,kernel_pca,standard,AdaBoostClassifier(random_state=0),4,0.9166666666666666,,No using Simple Imputer,,0.1018667221069336,0.006794929504394531
algerian_forest_fires_46279,simpleimputer,,,minmax,AdaBoostClassifier(random_state=0),0,1.0,,No using Simple Imputer,,0.07406091690063477,0.00635838508605957
algerian_forest_fires_46279,simpleimputer,,,minmax,AdaBoostClassifier(random_state=0),1,0.9795918367346939,,No using Simple Imputer,,0.07456803321838379,0.006653785705566406
algerian_forest_fires_46279,simpleimputer,,,minmax,AdaBoostClassifier(random_state=0),2,1.0,,No using Simple Imputer,,0.07526779174804688,0.006258964538574219
algerian_forest_fires_46279,simpleimputer,,,minmax,AdaBoostClassifier(random_state=0),3,0.9583333333333334,,No using Simple Imputer,,0.0784902572631836,0.0064318180084228516
algerian_forest_fires_46279,simpleimputer,,,minmax,AdaBoostClassifier(random_state=0),4,0.9583333333333334,,No using Simple Imputer,,0.07737445831298828,0.0067784786224365234
algerian_forest_fires_46279,simpleimputer,,pca,minmax,AdaBoostClassifier(random_state=0),0,0.8979591836734694,,No using Simple Imputer,,0.08512020111083984,0.006514787673950195
algerian_forest_fires_46279,simpleimputer,,pca,minmax,AdaBoostClassifier(random_state=0),1,0.9591836734693877,,No using Simple Imputer,,0.0807192325592041,0.006438493728637695
algerian_forest_fires_46279,simpleimputer,,pca,minmax,AdaBoostClassifier(random_state=0),2,0.9183673469387755,,No using Simple Imputer,,0.08160877227783203,0.0063893795013427734
algerian_forest_fires_46279,simpleimputer,,pca,minmax,AdaBoostClassifier(random_state=0),3,0.8958333333333334,,No using Simple Imputer,,0.08057093620300293,0.006318807601928711
algerian_forest_fires_46279,simpleimputer,,pca,minmax,AdaBoostClassifier(random_state=0),4,0.9375,,No using Simple Imputer,,0.08082056045532227,0.006250143051147461
algerian_forest_fires_46279,simpleimputer,,fastica,minmax,AdaBoostClassifier(random_state=0),0,0.7142857142857143,,No using Simple Imputer,,0.08089256286621094,0.006237030029296875
algerian_forest_fires_46279,simpleimputer,,fastica,minmax,AdaBoostClassifier(random_state=0),1,0.8163265306122449,,No using Simple Imputer,,0.08049201965332031,0.0062408447265625
algerian_forest_fires_46279,simpleimputer,,fastica,minmax,AdaBoostClassifier(random_state=0),2,0.7346938775510204,,No using Simple Imputer,,0.0793159008026123,0.006146669387817383
algerian_forest_fires_46279,simpleimputer,,fastica,minmax,AdaBoostClassifier(random_state=0),3,0.8958333333333334,,No using Simple Imputer,,0.0795440673828125,0.006176948547363281
algerian_forest_fires_46279,simpleimputer,,fastica,minmax,AdaBoostClassifier(random_state=0),4,0.875,,No using Simple Imputer,,0.08114147186279297,0.006205320358276367
algerian_forest_fires_46279,simpleimputer,,truncated_svd,minmax,AdaBoostClassifier(random_state=0),0,0.8367346938775511,,No using Simple Imputer,,0.06805610656738281,0.006119489669799805
algerian_forest_fires_46279,simpleimputer,,truncated_svd,minmax,AdaBoostClassifier(random_state=0),1,0.7142857142857143,,No using Simple Imputer,,0.06805682182312012,0.006276369094848633
algerian_forest_fires_46279,simpleimputer,,truncated_svd,minmax,AdaBoostClassifier(random_state=0),2,0.8367346938775511,,No using Simple Imputer,,0.06773710250854492,0.0062525272369384766
algerian_forest_fires_46279,simpleimputer,,truncated_svd,minmax,AdaBoostClassifier(random_state=0),3,0.8958333333333334,,No using Simple Imputer,,0.06897282600402832,0.006100654602050781
algerian_forest_fires_46279,simpleimputer,,truncated_svd,minmax,AdaBoostClassifier(random_state=0),4,0.9166666666666666,,No using Simple Imputer,,0.06855583190917969,0.0061914920806884766
algerian_forest_fires_46279,simpleimputer,,select_percentile,minmax,AdaBoostClassifier(random_state=0),0,1.0,,No using Simple Imputer,,0.0671699047088623,0.006254911422729492
algerian_forest_fires_46279,simpleimputer,,select_percentile,minmax,AdaBoostClassifier(random_state=0),1,0.9795918367346939,,No using Simple Imputer,,0.06761550903320312,0.006156444549560547
algerian_forest_fires_46279,simpleimputer,,select_percentile,minmax,AdaBoostClassifier(random_state=0),2,1.0,,No using Simple Imputer,,0.06839132308959961,0.006196260452270508
algerian_forest_fires_46279,simpleimputer,,select_percentile,minmax,AdaBoostClassifier(random_state=0),3,0.9583333333333334,,No using Simple Imputer,,0.06866168975830078,0.006345033645629883
algerian_forest_fires_46279,simpleimputer,,select_percentile,minmax,AdaBoostClassifier(random_state=0),4,0.9375,,No using Simple Imputer,,0.06807208061218262,0.006279706954956055
algerian_forest_fires_46279,simpleimputer,,generic_univariate,minmax,AdaBoostClassifier(random_state=0),0,1.0,,No using Simple Imputer,,0.06812167167663574,0.006369352340698242
algerian_forest_fires_46279,simpleimputer,,generic_univariate,minmax,AdaBoostClassifier(random_state=0),1,1.0,,No using Simple Imputer,,0.06675052642822266,0.006251096725463867
algerian_forest_fires_46279,simpleimputer,,generic_univariate,minmax,AdaBoostClassifier(random_state=0),2,1.0,,No using Simple Imputer,,0.0671701431274414,0.006271839141845703
algerian_forest_fires_46279,simpleimputer,,generic_univariate,minmax,AdaBoostClassifier(random_state=0),3,0.9583333333333334,,No using Simple Imputer,,0.06742596626281738,0.006334543228149414
algerian_forest_fires_46279,simpleimputer,,generic_univariate,minmax,AdaBoostClassifier(random_state=0),4,0.9791666666666666,,No using Simple Imputer,,0.0672616958618164,0.006249427795410156
algerian_forest_fires_46279,simpleimputer,,polynomial_features,minmax,AdaBoostClassifier(random_state=0),0,0.9795918367346939,,No using Simple Imputer,,0.13526535034179688,0.006356954574584961
algerian_forest_fires_46279,simpleimputer,,polynomial_features,minmax,AdaBoostClassifier(random_state=0),1,0.9795918367346939,,No using Simple Imputer,,0.13495993614196777,0.006469011306762695
algerian_forest_fires_46279,simpleimputer,,polynomial_features,minmax,AdaBoostClassifier(random_state=0),2,1.0,,No using Simple Imputer,,0.13529443740844727,0.006505489349365234
algerian_forest_fires_46279,simpleimputer,,polynomial_features,minmax,AdaBoostClassifier(random_state=0),3,0.9583333333333334,,No using Simple Imputer,,0.13570547103881836,0.006484270095825195
algerian_forest_fires_46279,simpleimputer,,polynomial_features,minmax,AdaBoostClassifier(random_state=0),4,0.8958333333333334,,No using Simple Imputer,,0.13521862030029297,0.0064656734466552734
algerian_forest_fires_46279,simpleimputer,,nystroem,minmax,AdaBoostClassifier(random_state=0),0,0.8979591836734694,,No using Simple Imputer,,0.1827695369720459,0.006488800048828125
algerian_forest_fires_46279,simpleimputer,,nystroem,minmax,AdaBoostClassifier(random_state=0),1,0.9387755102040817,,No using Simple Imputer,,0.1880197525024414,0.006483316421508789
algerian_forest_fires_46279,simpleimputer,,nystroem,minmax,AdaBoostClassifier(random_state=0),2,0.8775510204081632,,No using Simple Imputer,,0.1925830841064453,0.006468057632446289
algerian_forest_fires_46279,simpleimputer,,nystroem,minmax,AdaBoostClassifier(random_state=0),3,0.9583333333333334,,No using Simple Imputer,,0.19020533561706543,0.006520748138427734
algerian_forest_fires_46279,simpleimputer,,nystroem,minmax,AdaBoostClassifier(random_state=0),4,0.9375,,No using Simple Imputer,,0.18999147415161133,0.0065724849700927734
algerian_forest_fires_46279,simpleimputer,,rbf_sampler,minmax,AdaBoostClassifier(random_state=0),0,0.9591836734693877,,No using Simple Imputer,,0.17092299461364746,0.006322145462036133
algerian_forest_fires_46279,simpleimputer,,rbf_sampler,minmax,AdaBoostClassifier(random_state=0),1,0.9795918367346939,,No using Simple Imputer,,0.1697983741760254,0.006397724151611328
algerian_forest_fires_46279,simpleimputer,,rbf_sampler,minmax,AdaBoostClassifier(random_state=0),2,0.9795918367346939,,No using Simple Imputer,,0.17034149169921875,0.006435871124267578
algerian_forest_fires_46279,simpleimputer,,rbf_sampler,minmax,AdaBoostClassifier(random_state=0),3,0.9583333333333334,,No using Simple Imputer,,0.17078399658203125,0.006361484527587891
algerian_forest_fires_46279,simpleimputer,,rbf_sampler,minmax,AdaBoostClassifier(random_state=0),4,0.9375,,No using Simple Imputer,,0.17155718803405762,0.006463050842285156
algerian_forest_fires_46279,simpleimputer,,random_trees_embedding,minmax,AdaBoostClassifier(random_state=0),0,0.8775510204081632,,No using Simple Imputer,,0.1250298023223877,0.010345697402954102
algerian_forest_fires_46279,simpleimputer,,random_trees_embedding,minmax,AdaBoostClassifier(random_state=0),1,0.9591836734693877,,No using Simple Imputer,,0.1266632080078125,0.010254621505737305
algerian_forest_fires_46279,simpleimputer,,random_trees_embedding,minmax,AdaBoostClassifier(random_state=0),2,0.9795918367346939,,No using Simple Imputer,,0.12134075164794922,0.009753227233886719
algerian_forest_fires_46279,simpleimputer,,random_trees_embedding,minmax,AdaBoostClassifier(random_state=0),3,0.9583333333333334,,No using Simple Imputer,,0.12791848182678223,0.010949850082397461
algerian_forest_fires_46279,simpleimputer,,random_trees_embedding,minmax,AdaBoostClassifier(random_state=0),4,0.9375,,No using Simple Imputer,,0.12517142295837402,0.010939598083496094
algerian_forest_fires_46279,simpleimputer,,feature_agglomeration,minmax,AdaBoostClassifier(random_state=0),0,0.8571428571428571,,No using Simple Imputer,,0.07247257232666016,0.0068242549896240234
algerian_forest_fires_46279,simpleimputer,,feature_agglomeration,minmax,AdaBoostClassifier(random_state=0),1,0.8571428571428571,,No using Simple Imputer,,0.07209014892578125,0.006038665771484375
algerian_forest_fires_46279,simpleimputer,,feature_agglomeration,minmax,AdaBoostClassifier(random_state=0),2,0.8571428571428571,,No using Simple Imputer,,0.07100725173950195,0.006356716156005859
algerian_forest_fires_46279,simpleimputer,,feature_agglomeration,minmax,AdaBoostClassifier(random_state=0),3,0.8333333333333334,,No using Simple Imputer,,0.07177543640136719,0.0063626766204833984
algerian_forest_fires_46279,simpleimputer,,feature_agglomeration,minmax,AdaBoostClassifier(random_state=0),4,0.875,,No using Simple Imputer,,0.07117819786071777,0.006017446517944336
algerian_forest_fires_46279,simpleimputer,,extra_tree,minmax,AdaBoostClassifier(random_state=0),0,1.0,,No using Simple Imputer,,0.06998467445373535,0.006182432174682617
algerian_forest_fires_46279,simpleimputer,,extra_tree,minmax,AdaBoostClassifier(random_state=0),1,0.9795918367346939,,No using Simple Imputer,,0.0690762996673584,0.006202220916748047
algerian_forest_fires_46279,simpleimputer,,extra_tree,minmax,AdaBoostClassifier(random_state=0),2,1.0,,No using Simple Imputer,,0.0705869197845459,0.006354808807373047
algerian_forest_fires_46279,simpleimputer,,extra_tree,minmax,AdaBoostClassifier(random_state=0),3,0.9791666666666666,,No using Simple Imputer,,0.07000184059143066,0.006200075149536133
algerian_forest_fires_46279,simpleimputer,,extra_tree,minmax,AdaBoostClassifier(random_state=0),4,0.9375,,No using Simple Imputer,,0.06865262985229492,0.006268978118896484
algerian_forest_fires_46279,simpleimputer,,linear_svc,minmax,AdaBoostClassifier(random_state=0),0,1.0,,No using Simple Imputer,,0.07081723213195801,0.006163358688354492
algerian_forest_fires_46279,simpleimputer,,linear_svc,minmax,AdaBoostClassifier(random_state=0),1,0.9795918367346939,,No using Simple Imputer,,0.07134675979614258,0.0061492919921875
algerian_forest_fires_46279,simpleimputer,,linear_svc,minmax,AdaBoostClassifier(random_state=0),2,1.0,,No using Simple Imputer,,0.07059669494628906,0.006109476089477539
algerian_forest_fires_46279,simpleimputer,,linear_svc,minmax,AdaBoostClassifier(random_state=0),3,0.9583333333333334,,No using Simple Imputer,,0.06947684288024902,0.006020545959472656
algerian_forest_fires_46279,simpleimputer,,linear_svc,minmax,AdaBoostClassifier(random_state=0),4,0.9375,,No using Simple Imputer,,0.06879043579101562,0.006277322769165039
algerian_forest_fires_46279,simpleimputer,,kernel_pca,minmax,AdaBoostClassifier(random_state=0),0,0.8979591836734694,,No using Simple Imputer,,0.09587550163269043,0.006785392761230469
algerian_forest_fires_46279,simpleimputer,,kernel_pca,minmax,AdaBoostClassifier(random_state=0),1,0.9591836734693877,,No using Simple Imputer,,0.09514570236206055,0.006837368011474609
algerian_forest_fires_46279,simpleimputer,,kernel_pca,minmax,AdaBoostClassifier(random_state=0),2,0.9183673469387755,,No using Simple Imputer,,0.09530329704284668,0.0067861080169677734
algerian_forest_fires_46279,simpleimputer,,kernel_pca,minmax,AdaBoostClassifier(random_state=0),3,0.8958333333333334,,No using Simple Imputer,,0.09440851211547852,0.006742715835571289
algerian_forest_fires_46279,simpleimputer,,kernel_pca,minmax,AdaBoostClassifier(random_state=0),4,0.9375,,No using Simple Imputer,,0.09518957138061523,0.0068018436431884766
algerian_forest_fires_46279,simpleimputer,,,robust,AdaBoostClassifier(random_state=0),0,1.0,,No using Simple Imputer,,0.0747523307800293,0.006346940994262695
algerian_forest_fires_46279,simpleimputer,,,robust,AdaBoostClassifier(random_state=0),1,0.9795918367346939,,No using Simple Imputer,,0.07476592063903809,0.0063130855560302734
algerian_forest_fires_46279,simpleimputer,,,robust,AdaBoostClassifier(random_state=0),2,1.0,,No using Simple Imputer,,0.07433104515075684,0.0064771175384521484
algerian_forest_fires_46279,simpleimputer,,,robust,AdaBoostClassifier(random_state=0),3,0.9583333333333334,,No using Simple Imputer,,0.07398819923400879,0.006039857864379883
algerian_forest_fires_46279,simpleimputer,,,robust,AdaBoostClassifier(random_state=0),4,0.9583333333333334,,No using Simple Imputer,,0.07368922233581543,0.006150722503662109
algerian_forest_fires_46279,simpleimputer,,pca,robust,AdaBoostClassifier(random_state=0),0,0.8571428571428571,,No using Simple Imputer,,0.0795140266418457,0.006459474563598633
algerian_forest_fires_46279,simpleimputer,,pca,robust,AdaBoostClassifier(random_state=0),1,0.9591836734693877,,No using Simple Imputer,,0.07948803901672363,0.006159782409667969
algerian_forest_fires_46279,simpleimputer,,pca,robust,AdaBoostClassifier(random_state=0),2,0.8775510204081632,,No using Simple Imputer,,0.08009982109069824,0.006186485290527344
algerian_forest_fires_46279,simpleimputer,,pca,robust,AdaBoostClassifier(random_state=0),3,0.9375,,No using Simple Imputer,,0.07939577102661133,0.006264925003051758
algerian_forest_fires_46279,simpleimputer,,pca,robust,AdaBoostClassifier(random_state=0),4,0.9375,,No using Simple Imputer,,0.07959151268005371,0.006215810775756836
algerian_forest_fires_46279,simpleimputer,,fastica,robust,AdaBoostClassifier(random_state=0),0,0.8979591836734694,,No using Simple Imputer,,0.07947373390197754,0.006227016448974609
algerian_forest_fires_46279,simpleimputer,,fastica,robust,AdaBoostClassifier(random_state=0),1,0.6326530612244898,,No using Simple Imputer,,0.07852363586425781,0.006270170211791992
algerian_forest_fires_46279,simpleimputer,,fastica,robust,AdaBoostClassifier(random_state=0),2,0.4897959183673469,,No using Simple Imputer,,0.07914209365844727,0.0064699649810791016
algerian_forest_fires_46279,simpleimputer,,fastica,robust,AdaBoostClassifier(random_state=0),3,0.9375,,No using Simple Imputer,,0.08191227912902832,0.006276607513427734
algerian_forest_fires_46279,simpleimputer,,fastica,robust,AdaBoostClassifier(random_state=0),4,0.8541666666666666,,No using Simple Imputer,,0.08002281188964844,0.006458282470703125
algerian_forest_fires_46279,simpleimputer,,truncated_svd,robust,AdaBoostClassifier(random_state=0),0,0.7755102040816326,,No using Simple Imputer,,0.06813454627990723,0.0063533782958984375
algerian_forest_fires_46279,simpleimputer,,truncated_svd,robust,AdaBoostClassifier(random_state=0),1,0.9387755102040817,,No using Simple Imputer,,0.06844091415405273,0.006131172180175781
algerian_forest_fires_46279,simpleimputer,,truncated_svd,robust,AdaBoostClassifier(random_state=0),2,0.8163265306122449,,No using Simple Imputer,,0.06809186935424805,0.0060634613037109375
algerian_forest_fires_46279,simpleimputer,,truncated_svd,robust,AdaBoostClassifier(random_state=0),3,0.8958333333333334,,No using Simple Imputer,,0.06935882568359375,0.006309986114501953
algerian_forest_fires_46279,simpleimputer,,truncated_svd,robust,AdaBoostClassifier(random_state=0),4,0.8958333333333334,,No using Simple Imputer,,0.06939482688903809,0.006505489349365234
algerian_forest_fires_46279,simpleimputer,,select_percentile,robust,AdaBoostClassifier(random_state=0),0,1.0,,No using Simple Imputer,,0.07036256790161133,0.006061077117919922
algerian_forest_fires_46279,simpleimputer,,select_percentile,robust,AdaBoostClassifier(random_state=0),1,0.9795918367346939,,No using Simple Imputer,,0.06949305534362793,0.005990505218505859
algerian_forest_fires_46279,simpleimputer,,select_percentile,robust,AdaBoostClassifier(random_state=0),2,1.0,,No using Simple Imputer,,0.07131481170654297,0.006183624267578125
algerian_forest_fires_46279,simpleimputer,,select_percentile,robust,AdaBoostClassifier(random_state=0),3,0.9583333333333334,,No using Simple Imputer,,0.06750035285949707,0.0060882568359375
algerian_forest_fires_46279,simpleimputer,,select_percentile,robust,AdaBoostClassifier(random_state=0),4,0.9375,,No using Simple Imputer,,0.06642532348632812,0.00617527961730957
algerian_forest_fires_46279,simpleimputer,,generic_univariate,robust,AdaBoostClassifier(random_state=0),0,1.0,,No using Simple Imputer,,0.06720256805419922,0.00618433952331543
algerian_forest_fires_46279,simpleimputer,,generic_univariate,robust,AdaBoostClassifier(random_state=0),1,1.0,,No using Simple Imputer,,0.0667726993560791,0.0061492919921875
algerian_forest_fires_46279,simpleimputer,,generic_univariate,robust,AdaBoostClassifier(random_state=0),2,1.0,,No using Simple Imputer,,0.06723284721374512,0.006198406219482422
algerian_forest_fires_46279,simpleimputer,,generic_univariate,robust,AdaBoostClassifier(random_state=0),3,0.9583333333333334,,No using Simple Imputer,,0.06706547737121582,0.0061876773834228516
algerian_forest_fires_46279,simpleimputer,,generic_univariate,robust,AdaBoostClassifier(random_state=0),4,0.9791666666666666,,No using Simple Imputer,,0.06708002090454102,0.006151437759399414
algerian_forest_fires_46279,simpleimputer,,polynomial_features,robust,AdaBoostClassifier(random_state=0),0,0.9795918367346939,,No using Simple Imputer,,0.13184547424316406,0.006308078765869141
algerian_forest_fires_46279,simpleimputer,,polynomial_features,robust,AdaBoostClassifier(random_state=0),1,0.9795918367346939,,No using Simple Imputer,,0.13344478607177734,0.006406068801879883
algerian_forest_fires_46279,simpleimputer,,polynomial_features,robust,AdaBoostClassifier(random_state=0),2,0.9795918367346939,,No using Simple Imputer,,0.13842368125915527,0.006368160247802734
algerian_forest_fires_46279,simpleimputer,,polynomial_features,robust,AdaBoostClassifier(random_state=0),3,0.9791666666666666,,No using Simple Imputer,,0.1331491470336914,0.006451845169067383
algerian_forest_fires_46279,simpleimputer,,polynomial_features,robust,AdaBoostClassifier(random_state=0),4,0.9375,,No using Simple Imputer,,0.1329517364501953,0.006315946578979492
algerian_forest_fires_46279,simpleimputer,,nystroem,robust,AdaBoostClassifier(random_state=0),0,0.8367346938775511,,No using Simple Imputer,,0.20697307586669922,0.006653308868408203
algerian_forest_fires_46279,simpleimputer,,nystroem,robust,AdaBoostClassifier(random_state=0),1,0.8979591836734694,,No using Simple Imputer,,0.18696117401123047,0.006482839584350586
algerian_forest_fires_46279,simpleimputer,,nystroem,robust,AdaBoostClassifier(random_state=0),2,0.8571428571428571,,No using Simple Imputer,,0.18207120895385742,0.006527423858642578
algerian_forest_fires_46279,simpleimputer,,nystroem,robust,AdaBoostClassifier(random_state=0),3,0.9583333333333334,,No using Simple Imputer,,0.18633580207824707,0.006424427032470703
algerian_forest_fires_46279,simpleimputer,,nystroem,robust,AdaBoostClassifier(random_state=0),4,0.9166666666666666,,No using Simple Imputer,,0.17647933959960938,0.006456613540649414
algerian_forest_fires_46279,simpleimputer,,rbf_sampler,robust,AdaBoostClassifier(random_state=0),0,0.5306122448979592,,No using Simple Imputer,,0.1708667278289795,0.0063707828521728516
algerian_forest_fires_46279,simpleimputer,,rbf_sampler,robust,AdaBoostClassifier(random_state=0),1,0.7551020408163265,,No using Simple Imputer,,0.16913390159606934,0.0062716007232666016
algerian_forest_fires_46279,simpleimputer,,rbf_sampler,robust,AdaBoostClassifier(random_state=0),2,0.7142857142857143,,No using Simple Imputer,,0.1678924560546875,0.006342887878417969
algerian_forest_fires_46279,simpleimputer,,rbf_sampler,robust,AdaBoostClassifier(random_state=0),3,0.7291666666666666,,No using Simple Imputer,,0.1681056022644043,0.006329774856567383
algerian_forest_fires_46279,simpleimputer,,rbf_sampler,robust,AdaBoostClassifier(random_state=0),4,0.6875,,No using Simple Imputer,,0.17206025123596191,0.0063610076904296875
algerian_forest_fires_46279,simpleimputer,,random_trees_embedding,robust,AdaBoostClassifier(random_state=0),0,0.8775510204081632,,No using Simple Imputer,,0.12497258186340332,0.009695291519165039
algerian_forest_fires_46279,simpleimputer,,random_trees_embedding,robust,AdaBoostClassifier(random_state=0),1,0.9591836734693877,,No using Simple Imputer,,0.12197995185852051,0.010088443756103516
algerian_forest_fires_46279,simpleimputer,,random_trees_embedding,robust,AdaBoostClassifier(random_state=0),2,0.9795918367346939,,No using Simple Imputer,,0.12088584899902344,0.010160684585571289
algerian_forest_fires_46279,simpleimputer,,random_trees_embedding,robust,AdaBoostClassifier(random_state=0),3,0.9583333333333334,,No using Simple Imputer,,0.12599635124206543,0.011774539947509766
algerian_forest_fires_46279,simpleimputer,,random_trees_embedding,robust,AdaBoostClassifier(random_state=0),4,0.9375,,No using Simple Imputer,,0.12294650077819824,0.009983062744140625
algerian_forest_fires_46279,simpleimputer,,feature_agglomeration,robust,AdaBoostClassifier(random_state=0),0,0.673469387755102,,No using Simple Imputer,,0.06802129745483398,0.006231784820556641
algerian_forest_fires_46279,simpleimputer,,feature_agglomeration,robust,AdaBoostClassifier(random_state=0),1,0.8571428571428571,,No using Simple Imputer,,0.07201170921325684,0.006203651428222656
algerian_forest_fires_46279,simpleimputer,,feature_agglomeration,robust,AdaBoostClassifier(random_state=0),2,0.8979591836734694,,No using Simple Imputer,,0.06870293617248535,0.006253242492675781
algerian_forest_fires_46279,simpleimputer,,feature_agglomeration,robust,AdaBoostClassifier(random_state=0),3,0.875,,No using Simple Imputer,,0.06804370880126953,0.006167888641357422
algerian_forest_fires_46279,simpleimputer,,feature_agglomeration,robust,AdaBoostClassifier(random_state=0),4,0.875,,No using Simple Imputer,,0.06691098213195801,0.006175994873046875
algerian_forest_fires_46279,simpleimputer,,extra_tree,robust,AdaBoostClassifier(random_state=0),0,1.0,,No using Simple Imputer,,0.07229876518249512,0.006122589111328125
algerian_forest_fires_46279,simpleimputer,,extra_tree,robust,AdaBoostClassifier(random_state=0),1,0.9795918367346939,,No using Simple Imputer,,0.07222223281860352,0.006285905838012695
algerian_forest_fires_46279,simpleimputer,,extra_tree,robust,AdaBoostClassifier(random_state=0),2,1.0,,No using Simple Imputer,,0.07150840759277344,0.007091999053955078
algerian_forest_fires_46279,simpleimputer,,extra_tree,robust,AdaBoostClassifier(random_state=0),3,0.9791666666666666,,No using Simple Imputer,,0.0726473331451416,0.006227254867553711
algerian_forest_fires_46279,simpleimputer,,extra_tree,robust,AdaBoostClassifier(random_state=0),4,0.9375,,No using Simple Imputer,,0.07000565528869629,0.006239652633666992
algerian_forest_fires_46279,simpleimputer,,linear_svc,robust,AdaBoostClassifier(random_state=0),0,1.0,,No using Simple Imputer,,0.07036185264587402,0.0062868595123291016
algerian_forest_fires_46279,simpleimputer,,linear_svc,robust,AdaBoostClassifier(random_state=0),1,0.9795918367346939,,No using Simple Imputer,,0.0700078010559082,0.0062406063079833984
algerian_forest_fires_46279,simpleimputer,,linear_svc,robust,AdaBoostClassifier(random_state=0),2,1.0,,No using Simple Imputer,,0.07247138023376465,0.006195783615112305
algerian_forest_fires_46279,simpleimputer,,linear_svc,robust,AdaBoostClassifier(random_state=0),3,0.9583333333333334,,No using Simple Imputer,,0.07213139533996582,0.006395101547241211
algerian_forest_fires_46279,simpleimputer,,linear_svc,robust,AdaBoostClassifier(random_state=0),4,0.9375,,No using Simple Imputer,,0.07172012329101562,0.007086038589477539
algerian_forest_fires_46279,simpleimputer,,kernel_pca,robust,AdaBoostClassifier(random_state=0),0,0.8571428571428571,,No using Simple Imputer,,0.10571861267089844,0.00638127326965332
algerian_forest_fires_46279,simpleimputer,,kernel_pca,robust,AdaBoostClassifier(random_state=0),1,0.9591836734693877,,No using Simple Imputer,,0.11172223091125488,0.0068929195404052734
algerian_forest_fires_46279,simpleimputer,,kernel_pca,robust,AdaBoostClassifier(random_state=0),2,0.8775510204081632,,No using Simple Imputer,,0.09644341468811035,0.006854534149169922
algerian_forest_fires_46279,simpleimputer,,kernel_pca,robust,AdaBoostClassifier(random_state=0),3,0.9375,,No using Simple Imputer,,0.10106492042541504,0.00707244873046875
algerian_forest_fires_46279,simpleimputer,,kernel_pca,robust,AdaBoostClassifier(random_state=0),4,0.9375,,No using Simple Imputer,,0.10672450065612793,0.006768226623535156
algerian_forest_fires_46279,simpleimputer,,,normalizer,AdaBoostClassifier(random_state=0),0,0.9795918367346939,,No using Simple Imputer,,0.08145308494567871,0.006298542022705078
algerian_forest_fires_46279,simpleimputer,,,normalizer,AdaBoostClassifier(random_state=0),1,0.9795918367346939,,No using Simple Imputer,,0.08057141304016113,0.006360054016113281
algerian_forest_fires_46279,simpleimputer,,,normalizer,AdaBoostClassifier(random_state=0),2,0.9591836734693877,,No using Simple Imputer,,0.08068037033081055,0.006412506103515625
algerian_forest_fires_46279,simpleimputer,,,normalizer,AdaBoostClassifier(random_state=0),3,1.0,,No using Simple Imputer,,0.08012580871582031,0.006423473358154297
algerian_forest_fires_46279,simpleimputer,,,normalizer,AdaBoostClassifier(random_state=0),4,0.9583333333333334,,No using Simple Imputer,,0.07944345474243164,0.006356239318847656
algerian_forest_fires_46279,simpleimputer,,pca,normalizer,AdaBoostClassifier(random_state=0),0,0.8979591836734694,,No using Simple Imputer,,0.08150863647460938,0.006325960159301758
algerian_forest_fires_46279,simpleimputer,,pca,normalizer,AdaBoostClassifier(random_state=0),1,0.9795918367346939,,No using Simple Imputer,,0.08240246772766113,0.006431102752685547
algerian_forest_fires_46279,simpleimputer,,pca,normalizer,AdaBoostClassifier(random_state=0),2,0.8979591836734694,,No using Simple Imputer,,0.08176398277282715,0.0063283443450927734
algerian_forest_fires_46279,simpleimputer,,pca,normalizer,AdaBoostClassifier(random_state=0),3,0.9583333333333334,,No using Simple Imputer,,0.08145356178283691,0.00630640983581543
algerian_forest_fires_46279,simpleimputer,,pca,normalizer,AdaBoostClassifier(random_state=0),4,0.9583333333333334,,No using Simple Imputer,,0.08176636695861816,0.0062770843505859375
algerian_forest_fires_46279,simpleimputer,,fastica,normalizer,AdaBoostClassifier(random_state=0),0,0.8979591836734694,,No using Simple Imputer,,0.08063411712646484,0.006322622299194336
algerian_forest_fires_46279,simpleimputer,,fastica,normalizer,AdaBoostClassifier(random_state=0),1,0.9183673469387755,,No using Simple Imputer,,0.08094072341918945,0.006314277648925781
algerian_forest_fires_46279,simpleimputer,,fastica,normalizer,AdaBoostClassifier(random_state=0),2,0.8163265306122449,,No using Simple Imputer,,0.08035635948181152,0.0063817501068115234
algerian_forest_fires_46279,simpleimputer,,fastica,normalizer,AdaBoostClassifier(random_state=0),3,0.9166666666666666,,No using Simple Imputer,,0.0809316635131836,0.006293773651123047
algerian_forest_fires_46279,simpleimputer,,fastica,normalizer,AdaBoostClassifier(random_state=0),4,0.875,,No using Simple Imputer,,0.07982039451599121,0.006270885467529297
algerian_forest_fires_46279,simpleimputer,,truncated_svd,normalizer,AdaBoostClassifier(random_state=0),0,0.8163265306122449,,No using Simple Imputer,,0.06769847869873047,0.006174564361572266
algerian_forest_fires_46279,simpleimputer,,truncated_svd,normalizer,AdaBoostClassifier(random_state=0),1,0.673469387755102,,No using Simple Imputer,,0.06772661209106445,0.006148576736450195
algerian_forest_fires_46279,simpleimputer,,truncated_svd,normalizer,AdaBoostClassifier(random_state=0),2,0.8163265306122449,,No using Simple Imputer,,0.06769728660583496,0.006159782409667969
algerian_forest_fires_46279,simpleimputer,,truncated_svd,normalizer,AdaBoostClassifier(random_state=0),3,0.875,,No using Simple Imputer,,0.06983780860900879,0.006278276443481445
algerian_forest_fires_46279,simpleimputer,,truncated_svd,normalizer,AdaBoostClassifier(random_state=0),4,0.8958333333333334,,No using Simple Imputer,,0.06905078887939453,0.0062482357025146484
algerian_forest_fires_46279,simpleimputer,,select_percentile,normalizer,AdaBoostClassifier(random_state=0),0,0.9591836734693877,,No using Simple Imputer,,0.06891679763793945,0.0062634944915771484
algerian_forest_fires_46279,simpleimputer,,select_percentile,normalizer,AdaBoostClassifier(random_state=0),1,0.9795918367346939,,No using Simple Imputer,,0.06889796257019043,0.006269931793212891
algerian_forest_fires_46279,simpleimputer,,select_percentile,normalizer,AdaBoostClassifier(random_state=0),2,0.9795918367346939,,No using Simple Imputer,,0.06788206100463867,0.006258726119995117
algerian_forest_fires_46279,simpleimputer,,select_percentile,normalizer,AdaBoostClassifier(random_state=0),3,0.9583333333333334,,No using Simple Imputer,,0.068450927734375,0.006141185760498047
algerian_forest_fires_46279,simpleimputer,,select_percentile,normalizer,AdaBoostClassifier(random_state=0),4,0.9375,,No using Simple Imputer,,0.0693662166595459,0.0063054561614990234
algerian_forest_fires_46279,simpleimputer,,generic_univariate,normalizer,AdaBoostClassifier(random_state=0),0,0.9795918367346939,,No using Simple Imputer,,0.06776094436645508,0.006308555603027344
algerian_forest_fires_46279,simpleimputer,,generic_univariate,normalizer,AdaBoostClassifier(random_state=0),1,1.0,,No using Simple Imputer,,0.06713199615478516,0.006128549575805664
algerian_forest_fires_46279,simpleimputer,,generic_univariate,normalizer,AdaBoostClassifier(random_state=0),2,0.9591836734693877,,No using Simple Imputer,,0.06678986549377441,0.006081581115722656
algerian_forest_fires_46279,simpleimputer,,generic_univariate,normalizer,AdaBoostClassifier(random_state=0),3,0.9375,,No using Simple Imputer,,0.06694293022155762,0.006159782409667969
algerian_forest_fires_46279,simpleimputer,,generic_univariate,normalizer,AdaBoostClassifier(random_state=0),4,0.9583333333333334,,No using Simple Imputer,,0.06625008583068848,0.00620269775390625
algerian_forest_fires_46279,simpleimputer,,polynomial_features,normalizer,AdaBoostClassifier(random_state=0),0,0.9591836734693877,,No using Simple Imputer,,0.15186643600463867,0.006430149078369141
algerian_forest_fires_46279,simpleimputer,,polynomial_features,normalizer,AdaBoostClassifier(random_state=0),1,0.9795918367346939,,No using Simple Imputer,,0.15075039863586426,0.006444215774536133
algerian_forest_fires_46279,simpleimputer,,polynomial_features,normalizer,AdaBoostClassifier(random_state=0),2,0.9795918367346939,,No using Simple Imputer,,0.15242385864257812,0.006721019744873047
algerian_forest_fires_46279,simpleimputer,,polynomial_features,normalizer,AdaBoostClassifier(random_state=0),3,0.9791666666666666,,No using Simple Imputer,,0.16166353225708008,0.006452798843383789
algerian_forest_fires_46279,simpleimputer,,polynomial_features,normalizer,AdaBoostClassifier(random_state=0),4,0.9583333333333334,,No using Simple Imputer,,0.15649914741516113,0.006688356399536133
algerian_forest_fires_46279,simpleimputer,,nystroem,normalizer,AdaBoostClassifier(random_state=0),0,0.8979591836734694,,No using Simple Imputer,,0.195906400680542,0.006581306457519531
algerian_forest_fires_46279,simpleimputer,,nystroem,normalizer,AdaBoostClassifier(random_state=0),1,0.9387755102040817,,No using Simple Imputer,,0.1912860870361328,0.006649017333984375
algerian_forest_fires_46279,simpleimputer,,nystroem,normalizer,AdaBoostClassifier(random_state=0),2,0.9387755102040817,,No using Simple Imputer,,0.19318842887878418,0.006665229797363281
algerian_forest_fires_46279,simpleimputer,,nystroem,normalizer,AdaBoostClassifier(random_state=0),3,0.9375,,No using Simple Imputer,,0.197859525680542,0.0074994564056396484
algerian_forest_fires_46279,simpleimputer,,nystroem,normalizer,AdaBoostClassifier(random_state=0),4,0.9166666666666666,,No using Simple Imputer,,0.1923987865447998,0.006607532501220703
algerian_forest_fires_46279,simpleimputer,,rbf_sampler,normalizer,AdaBoostClassifier(random_state=0),0,0.9795918367346939,,No using Simple Imputer,,0.17589449882507324,0.006539344787597656
algerian_forest_fires_46279,simpleimputer,,rbf_sampler,normalizer,AdaBoostClassifier(random_state=0),1,0.9591836734693877,,No using Simple Imputer,,0.17049598693847656,0.006474733352661133
algerian_forest_fires_46279,simpleimputer,,rbf_sampler,normalizer,AdaBoostClassifier(random_state=0),2,0.8979591836734694,,No using Simple Imputer,,0.18091726303100586,0.006500244140625
algerian_forest_fires_46279,simpleimputer,,rbf_sampler,normalizer,AdaBoostClassifier(random_state=0),3,0.9375,,No using Simple Imputer,,0.1706085205078125,0.00654149055480957
algerian_forest_fires_46279,simpleimputer,,rbf_sampler,normalizer,AdaBoostClassifier(random_state=0),4,0.9375,,No using Simple Imputer,,0.16953372955322266,0.006434917449951172
algerian_forest_fires_46279,simpleimputer,,random_trees_embedding,normalizer,AdaBoostClassifier(random_state=0),0,0.8979591836734694,,No using Simple Imputer,,0.12860560417175293,0.010079145431518555
algerian_forest_fires_46279,simpleimputer,,random_trees_embedding,normalizer,AdaBoostClassifier(random_state=0),1,0.9591836734693877,,No using Simple Imputer,,0.1233835220336914,0.009714365005493164
algerian_forest_fires_46279,simpleimputer,,random_trees_embedding,normalizer,AdaBoostClassifier(random_state=0),2,1.0,,No using Simple Imputer,,0.13171911239624023,0.010660409927368164
algerian_forest_fires_46279,simpleimputer,,random_trees_embedding,normalizer,AdaBoostClassifier(random_state=0),3,0.9375,,No using Simple Imputer,,0.12411999702453613,0.010078668594360352
algerian_forest_fires_46279,simpleimputer,,random_trees_embedding,normalizer,AdaBoostClassifier(random_state=0),4,0.9583333333333334,,No using Simple Imputer,,0.12267088890075684,0.009902238845825195
algerian_forest_fires_46279,simpleimputer,,feature_agglomeration,normalizer,AdaBoostClassifier(random_state=0),0,0.7959183673469388,,No using Simple Imputer,,0.06913542747497559,0.0062274932861328125
algerian_forest_fires_46279,simpleimputer,,feature_agglomeration,normalizer,AdaBoostClassifier(random_state=0),1,0.7346938775510204,,No using Simple Imputer,,0.06806564331054688,0.006304740905761719
algerian_forest_fires_46279,simpleimputer,,feature_agglomeration,normalizer,AdaBoostClassifier(random_state=0),2,0.8163265306122449,,No using Simple Imputer,,0.07063174247741699,0.006331205368041992
algerian_forest_fires_46279,simpleimputer,,feature_agglomeration,normalizer,AdaBoostClassifier(random_state=0),3,0.8125,,No using Simple Imputer,,0.07413887977600098,0.006432056427001953
algerian_forest_fires_46279,simpleimputer,,feature_agglomeration,normalizer,AdaBoostClassifier(random_state=0),4,0.875,,No using Simple Imputer,,0.07542181015014648,0.006212472915649414
algerian_forest_fires_46279,simpleimputer,,extra_tree,normalizer,AdaBoostClassifier(random_state=0),0,0.9795918367346939,,No using Simple Imputer,,0.07195734977722168,0.0063974857330322266
algerian_forest_fires_46279,simpleimputer,,extra_tree,normalizer,AdaBoostClassifier(random_state=0),1,0.9795918367346939,,No using Simple Imputer,,0.07079172134399414,0.0062770843505859375
algerian_forest_fires_46279,simpleimputer,,extra_tree,normalizer,AdaBoostClassifier(random_state=0),2,1.0,,No using Simple Imputer,,0.06996941566467285,0.006298065185546875
algerian_forest_fires_46279,simpleimputer,,extra_tree,normalizer,AdaBoostClassifier(random_state=0),3,0.9375,,No using Simple Imputer,,0.07061028480529785,0.00628972053527832
algerian_forest_fires_46279,simpleimputer,,extra_tree,normalizer,AdaBoostClassifier(random_state=0),4,0.9375,,No using Simple Imputer,,0.06923460960388184,0.006214141845703125
algerian_forest_fires_46279,simpleimputer,,linear_svc,normalizer,AdaBoostClassifier(random_state=0),0,0.9591836734693877,,No using Simple Imputer,,0.07278227806091309,0.006220579147338867
algerian_forest_fires_46279,simpleimputer,,linear_svc,normalizer,AdaBoostClassifier(random_state=0),1,0.9795918367346939,,No using Simple Imputer,,0.07214665412902832,0.00616765022277832
algerian_forest_fires_46279,simpleimputer,,linear_svc,normalizer,AdaBoostClassifier(random_state=0),2,0.9591836734693877,,No using Simple Imputer,,0.07394814491271973,0.0063190460205078125
algerian_forest_fires_46279,simpleimputer,,linear_svc,normalizer,AdaBoostClassifier(random_state=0),3,0.9583333333333334,,No using Simple Imputer,,0.07375049591064453,0.006438255310058594
algerian_forest_fires_46279,simpleimputer,,linear_svc,normalizer,AdaBoostClassifier(random_state=0),4,0.9583333333333334,,No using Simple Imputer,,0.0747077465057373,0.00630950927734375
algerian_forest_fires_46279,simpleimputer,,kernel_pca,normalizer,AdaBoostClassifier(random_state=0),0,0.8979591836734694,,No using Simple Imputer,,0.09916114807128906,0.007074117660522461
algerian_forest_fires_46279,simpleimputer,,kernel_pca,normalizer,AdaBoostClassifier(random_state=0),1,0.9795918367346939,,No using Simple Imputer,,0.0980994701385498,0.007056713104248047
algerian_forest_fires_46279,simpleimputer,,kernel_pca,normalizer,AdaBoostClassifier(random_state=0),2,0.8979591836734694,,No using Simple Imputer,,0.09966254234313965,0.0068645477294921875
algerian_forest_fires_46279,simpleimputer,,kernel_pca,normalizer,AdaBoostClassifier(random_state=0),3,0.9583333333333334,,No using Simple Imputer,,0.09994077682495117,0.006966829299926758
algerian_forest_fires_46279,simpleimputer,,kernel_pca,normalizer,AdaBoostClassifier(random_state=0),4,0.9583333333333334,,No using Simple Imputer,,0.10452651977539062,0.006927490234375
algerian_forest_fires_46279,simpleimputer,,,power,AdaBoostClassifier(random_state=0),0,1.0,,No using Simple Imputer,,0.07607293128967285,0.006417512893676758
algerian_forest_fires_46279,simpleimputer,,,power,AdaBoostClassifier(random_state=0),1,0.9795918367346939,,No using Simple Imputer,,0.07471609115600586,0.006325483322143555
algerian_forest_fires_46279,simpleimputer,,,power,AdaBoostClassifier(random_state=0),2,1.0,,No using Simple Imputer,,0.07796955108642578,0.006490945816040039
algerian_forest_fires_46279,simpleimputer,,,power,AdaBoostClassifier(random_state=0),3,0.9583333333333334,,No using Simple Imputer,,0.07600831985473633,0.006466388702392578
algerian_forest_fires_46279,simpleimputer,,,power,AdaBoostClassifier(random_state=0),4,0.9583333333333334,,No using Simple Imputer,,0.07837295532226562,0.006328582763671875
algerian_forest_fires_46279,simpleimputer,,pca,power,AdaBoostClassifier(random_state=0),0,0.9387755102040817,,No using Simple Imputer,,0.08082890510559082,0.006342649459838867
algerian_forest_fires_46279,simpleimputer,,pca,power,AdaBoostClassifier(random_state=0),1,0.9591836734693877,,No using Simple Imputer,,0.08024430274963379,0.0062825679779052734
algerian_forest_fires_46279,simpleimputer,,pca,power,AdaBoostClassifier(random_state=0),2,0.9183673469387755,,No using Simple Imputer,,0.0805046558380127,0.006285905838012695
algerian_forest_fires_46279,simpleimputer,,pca,power,AdaBoostClassifier(random_state=0),3,0.9791666666666666,,No using Simple Imputer,,0.08041620254516602,0.006453275680541992
algerian_forest_fires_46279,simpleimputer,,pca,power,AdaBoostClassifier(random_state=0),4,0.9791666666666666,,No using Simple Imputer,,0.07936882972717285,0.006585121154785156
algerian_forest_fires_46279,simpleimputer,,fastica,power,AdaBoostClassifier(random_state=0),0,0.7551020408163265,,No using Simple Imputer,,0.07989215850830078,0.00634312629699707
algerian_forest_fires_46279,simpleimputer,,fastica,power,AdaBoostClassifier(random_state=0),1,0.9387755102040817,,No using Simple Imputer,,0.08068037033081055,0.006309986114501953
algerian_forest_fires_46279,simpleimputer,,fastica,power,AdaBoostClassifier(random_state=0),2,0.9183673469387755,,No using Simple Imputer,,0.0828242301940918,0.006432294845581055
algerian_forest_fires_46279,simpleimputer,,fastica,power,AdaBoostClassifier(random_state=0),3,0.9791666666666666,,No using Simple Imputer,,0.08474302291870117,0.006860494613647461
algerian_forest_fires_46279,simpleimputer,,fastica,power,AdaBoostClassifier(random_state=0),4,0.875,,No using Simple Imputer,,0.08223915100097656,0.006476640701293945
algerian_forest_fires_46279,simpleimputer,,truncated_svd,power,AdaBoostClassifier(random_state=0),0,0.8163265306122449,,No using Simple Imputer,,0.06914401054382324,0.006237983703613281
algerian_forest_fires_46279,simpleimputer,,truncated_svd,power,AdaBoostClassifier(random_state=0),1,0.8775510204081632,,No using Simple Imputer,,0.06955766677856445,0.0063555240631103516
algerian_forest_fires_46279,simpleimputer,,truncated_svd,power,AdaBoostClassifier(random_state=0),2,0.8367346938775511,,No using Simple Imputer,,0.07094049453735352,0.00622105598449707
algerian_forest_fires_46279,simpleimputer,,truncated_svd,power,AdaBoostClassifier(random_state=0),3,0.8958333333333334,,No using Simple Imputer,,0.06994462013244629,0.006204128265380859
algerian_forest_fires_46279,simpleimputer,,truncated_svd,power,AdaBoostClassifier(random_state=0),4,0.8958333333333334,,No using Simple Imputer,,0.07018852233886719,0.006278038024902344
algerian_forest_fires_46279,simpleimputer,,select_percentile,power,AdaBoostClassifier(random_state=0),0,1.0,,No using Simple Imputer,,0.06861400604248047,0.006392240524291992
algerian_forest_fires_46279,simpleimputer,,select_percentile,power,AdaBoostClassifier(random_state=0),1,0.9795918367346939,,No using Simple Imputer,,0.07100915908813477,0.0064203739166259766
algerian_forest_fires_46279,simpleimputer,,select_percentile,power,AdaBoostClassifier(random_state=0),2,1.0,,No using Simple Imputer,,0.0684041976928711,0.006270170211791992
algerian_forest_fires_46279,simpleimputer,,select_percentile,power,AdaBoostClassifier(random_state=0),3,0.9583333333333334,,No using Simple Imputer,,0.06830573081970215,0.006272792816162109
algerian_forest_fires_46279,simpleimputer,,select_percentile,power,AdaBoostClassifier(random_state=0),4,0.9791666666666666,,No using Simple Imputer,,0.06914401054382324,0.006178617477416992
algerian_forest_fires_46279,simpleimputer,,generic_univariate,power,AdaBoostClassifier(random_state=0),0,0.9183673469387755,,No using Simple Imputer,,0.06714630126953125,0.006146669387817383
algerian_forest_fires_46279,simpleimputer,,generic_univariate,power,AdaBoostClassifier(random_state=0),1,0.9183673469387755,,No using Simple Imputer,,0.06692194938659668,0.006244182586669922
algerian_forest_fires_46279,simpleimputer,,generic_univariate,power,AdaBoostClassifier(random_state=0),2,0.8775510204081632,,No using Simple Imputer,,0.06663703918457031,0.006230831146240234
algerian_forest_fires_46279,simpleimputer,,generic_univariate,power,AdaBoostClassifier(random_state=0),3,0.9583333333333334,,No using Simple Imputer,,0.06684422492980957,0.006253480911254883
algerian_forest_fires_46279,simpleimputer,,generic_univariate,power,AdaBoostClassifier(random_state=0),4,0.9583333333333334,,No using Simple Imputer,,0.06673026084899902,0.006112575531005859
algerian_forest_fires_46279,simpleimputer,,polynomial_features,power,AdaBoostClassifier(random_state=0),0,1.0,,No using Simple Imputer,,0.14446210861206055,0.006438493728637695
algerian_forest_fires_46279,simpleimputer,,polynomial_features,power,AdaBoostClassifier(random_state=0),1,0.9795918367346939,,No using Simple Imputer,,0.1463766098022461,0.006517648696899414
algerian_forest_fires_46279,simpleimputer,,polynomial_features,power,AdaBoostClassifier(random_state=0),2,1.0,,No using Simple Imputer,,0.14652490615844727,0.006659269332885742
algerian_forest_fires_46279,simpleimputer,,polynomial_features,power,AdaBoostClassifier(random_state=0),3,0.9583333333333334,,No using Simple Imputer,,0.1472165584564209,0.006458759307861328
algerian_forest_fires_46279,simpleimputer,,polynomial_features,power,AdaBoostClassifier(random_state=0),4,0.9375,,No using Simple Imputer,,0.14635634422302246,0.006456851959228516
algerian_forest_fires_46279,simpleimputer,,nystroem,power,AdaBoostClassifier(random_state=0),0,0.9183673469387755,,No using Simple Imputer,,0.18619132041931152,0.006449222564697266
algerian_forest_fires_46279,simpleimputer,,nystroem,power,AdaBoostClassifier(random_state=0),1,0.9591836734693877,,No using Simple Imputer,,0.20586609840393066,0.006582498550415039
algerian_forest_fires_46279,simpleimputer,,nystroem,power,AdaBoostClassifier(random_state=0),2,0.8979591836734694,,No using Simple Imputer,,0.19392180442810059,0.006480693817138672
algerian_forest_fires_46279,simpleimputer,,nystroem,power,AdaBoostClassifier(random_state=0),3,0.9166666666666666,,No using Simple Imputer,,0.2256793975830078,0.006608724594116211
algerian_forest_fires_46279,simpleimputer,,nystroem,power,AdaBoostClassifier(random_state=0),4,0.9791666666666666,,No using Simple Imputer,,0.19566130638122559,0.0065457820892333984
algerian_forest_fires_46279,simpleimputer,,rbf_sampler,power,AdaBoostClassifier(random_state=0),0,0.46938775510204084,,No using Simple Imputer,,0.1759335994720459,0.006583213806152344
algerian_forest_fires_46279,simpleimputer,,rbf_sampler,power,AdaBoostClassifier(random_state=0),1,0.7346938775510204,,No using Simple Imputer,,0.17644834518432617,0.006575107574462891
algerian_forest_fires_46279,simpleimputer,,rbf_sampler,power,AdaBoostClassifier(random_state=0),2,0.5306122448979592,,No using Simple Imputer,,0.17291903495788574,0.0065500736236572266
algerian_forest_fires_46279,simpleimputer,,rbf_sampler,power,AdaBoostClassifier(random_state=0),3,0.7083333333333334,,No using Simple Imputer,,0.17499923706054688,0.006533622741699219
algerian_forest_fires_46279,simpleimputer,,rbf_sampler,power,AdaBoostClassifier(random_state=0),4,0.5208333333333334,,No using Simple Imputer,,0.17760920524597168,0.0064923763275146484
algerian_forest_fires_46279,simpleimputer,,random_trees_embedding,power,AdaBoostClassifier(random_state=0),0,0.9795918367346939,,No using Simple Imputer,,0.12398624420166016,0.00989842414855957
algerian_forest_fires_46279,simpleimputer,,random_trees_embedding,power,AdaBoostClassifier(random_state=0),1,0.9591836734693877,,No using Simple Imputer,,0.12560057640075684,0.009567975997924805
algerian_forest_fires_46279,simpleimputer,,random_trees_embedding,power,AdaBoostClassifier(random_state=0),2,0.9591836734693877,,No using Simple Imputer,,0.1244657039642334,0.010204553604125977
algerian_forest_fires_46279,simpleimputer,,random_trees_embedding,power,AdaBoostClassifier(random_state=0),3,0.9791666666666666,,No using Simple Imputer,,0.12939763069152832,0.009838104248046875
algerian_forest_fires_46279,simpleimputer,,random_trees_embedding,power,AdaBoostClassifier(random_state=0),4,0.9583333333333334,,No using Simple Imputer,,0.12402749061584473,0.009857416152954102
algerian_forest_fires_46279,simpleimputer,,feature_agglomeration,power,AdaBoostClassifier(random_state=0),0,0.8571428571428571,,No using Simple Imputer,,0.06803178787231445,0.0062694549560546875
algerian_forest_fires_46279,simpleimputer,,feature_agglomeration,power,AdaBoostClassifier(random_state=0),1,0.9183673469387755,,No using Simple Imputer,,0.06973838806152344,0.006284952163696289
algerian_forest_fires_46279,simpleimputer,,feature_agglomeration,power,AdaBoostClassifier(random_state=0),2,0.8367346938775511,,No using Simple Imputer,,0.06944537162780762,0.006251811981201172
algerian_forest_fires_46279,simpleimputer,,feature_agglomeration,power,AdaBoostClassifier(random_state=0),3,0.875,,No using Simple Imputer,,0.08419203758239746,0.006910562515258789
algerian_forest_fires_46279,simpleimputer,,feature_agglomeration,power,AdaBoostClassifier(random_state=0),4,0.8958333333333334,,No using Simple Imputer,,0.07049727439880371,0.0061948299407958984
algerian_forest_fires_46279,simpleimputer,,extra_tree,power,AdaBoostClassifier(random_state=0),0,1.0,,No using Simple Imputer,,0.07126593589782715,0.006220579147338867
algerian_forest_fires_46279,simpleimputer,,extra_tree,power,AdaBoostClassifier(random_state=0),1,0.9795918367346939,,No using Simple Imputer,,0.07148146629333496,0.006326198577880859
algerian_forest_fires_46279,simpleimputer,,extra_tree,power,AdaBoostClassifier(random_state=0),2,1.0,,No using Simple Imputer,,0.07908129692077637,0.006945371627807617
algerian_forest_fires_46279,simpleimputer,,extra_tree,power,AdaBoostClassifier(random_state=0),3,0.9791666666666666,,No using Simple Imputer,,0.07842826843261719,0.007005214691162109
algerian_forest_fires_46279,simpleimputer,,extra_tree,power,AdaBoostClassifier(random_state=0),4,0.9375,,No using Simple Imputer,,0.0780630111694336,0.007274150848388672
algerian_forest_fires_46279,simpleimputer,,linear_svc,power,AdaBoostClassifier(random_state=0),0,0.9795918367346939,,No using Simple Imputer,,0.07920169830322266,0.006930828094482422
algerian_forest_fires_46279,simpleimputer,,linear_svc,power,AdaBoostClassifier(random_state=0),1,0.9795918367346939,,No using Simple Imputer,,0.07961177825927734,0.007066488265991211
algerian_forest_fires_46279,simpleimputer,,linear_svc,power,AdaBoostClassifier(random_state=0),2,1.0,,No using Simple Imputer,,0.07966327667236328,0.007046699523925781
algerian_forest_fires_46279,simpleimputer,,linear_svc,power,AdaBoostClassifier(random_state=0),3,0.9583333333333334,,No using Simple Imputer,,0.07875847816467285,0.006948232650756836
algerian_forest_fires_46279,simpleimputer,,linear_svc,power,AdaBoostClassifier(random_state=0),4,0.9375,,No using Simple Imputer,,0.08023834228515625,0.007152080535888672
algerian_forest_fires_46279,simpleimputer,,kernel_pca,power,AdaBoostClassifier(random_state=0),0,0.9387755102040817,,No using Simple Imputer,,0.11451601982116699,0.007741689682006836
algerian_forest_fires_46279,simpleimputer,,kernel_pca,power,AdaBoostClassifier(random_state=0),1,0.9591836734693877,,No using Simple Imputer,,0.11142587661743164,0.00794839859008789
algerian_forest_fires_46279,simpleimputer,,kernel_pca,power,AdaBoostClassifier(random_state=0),2,0.9183673469387755,,No using Simple Imputer,,0.12082576751708984,0.00750422477722168
algerian_forest_fires_46279,simpleimputer,,kernel_pca,power,AdaBoostClassifier(random_state=0),3,0.9791666666666666,,No using Simple Imputer,,0.10901355743408203,0.007586479187011719
algerian_forest_fires_46279,simpleimputer,,kernel_pca,power,AdaBoostClassifier(random_state=0),4,0.9791666666666666,,No using Simple Imputer,,0.12479376792907715,0.007073402404785156
algerian_forest_fires_46279,simpleimputer,,,quantile,AdaBoostClassifier(random_state=0),0,1.0,,No using Simple Imputer,,0.08414816856384277,0.0071256160736083984
algerian_forest_fires_46279,simpleimputer,,,quantile,AdaBoostClassifier(random_state=0),1,0.9795918367346939,,No using Simple Imputer,,0.09231066703796387,0.007143259048461914
algerian_forest_fires_46279,simpleimputer,,,quantile,AdaBoostClassifier(random_state=0),2,1.0,,No using Simple Imputer,,0.09238624572753906,0.007268667221069336
algerian_forest_fires_46279,simpleimputer,,,quantile,AdaBoostClassifier(random_state=0),3,0.9583333333333334,,No using Simple Imputer,,0.08401751518249512,0.007084846496582031
algerian_forest_fires_46279,simpleimputer,,,quantile,AdaBoostClassifier(random_state=0),4,0.9583333333333334,,No using Simple Imputer,,0.08453679084777832,0.007216930389404297
algerian_forest_fires_46279,simpleimputer,,pca,quantile,AdaBoostClassifier(random_state=0),0,0.9183673469387755,,No using Simple Imputer,,0.09839510917663574,0.0076732635498046875
algerian_forest_fires_46279,simpleimputer,,pca,quantile,AdaBoostClassifier(random_state=0),1,0.9795918367346939,,No using Simple Imputer,,0.09266304969787598,0.00706171989440918
algerian_forest_fires_46279,simpleimputer,,pca,quantile,AdaBoostClassifier(random_state=0),2,0.9795918367346939,,No using Simple Imputer,,0.09163594245910645,0.007005214691162109
algerian_forest_fires_46279,simpleimputer,,pca,quantile,AdaBoostClassifier(random_state=0),3,0.9166666666666666,,No using Simple Imputer,,0.09026598930358887,0.006987810134887695
algerian_forest_fires_46279,simpleimputer,,pca,quantile,AdaBoostClassifier(random_state=0),4,0.9375,,No using Simple Imputer,,0.08963632583618164,0.0070912837982177734
algerian_forest_fires_46279,simpleimputer,,fastica,quantile,AdaBoostClassifier(random_state=0),0,0.6530612244897959,,No using Simple Imputer,,0.08820390701293945,0.006998300552368164
algerian_forest_fires_46279,simpleimputer,,fastica,quantile,AdaBoostClassifier(random_state=0),1,0.7755102040816326,,No using Simple Imputer,,0.08958601951599121,0.0070819854736328125
algerian_forest_fires_46279,simpleimputer,,fastica,quantile,AdaBoostClassifier(random_state=0),2,0.7959183673469388,,No using Simple Imputer,,0.09037613868713379,0.007052421569824219
algerian_forest_fires_46279,simpleimputer,,fastica,quantile,AdaBoostClassifier(random_state=0),3,0.875,,No using Simple Imputer,,0.08996248245239258,0.00707554817199707
algerian_forest_fires_46279,simpleimputer,,fastica,quantile,AdaBoostClassifier(random_state=0),4,0.8541666666666666,,No using Simple Imputer,,0.09032154083251953,0.007091045379638672
algerian_forest_fires_46279,simpleimputer,,truncated_svd,quantile,AdaBoostClassifier(random_state=0),0,0.8571428571428571,,No using Simple Imputer,,0.07716774940490723,0.00701451301574707
algerian_forest_fires_46279,simpleimputer,,truncated_svd,quantile,AdaBoostClassifier(random_state=0),1,0.8979591836734694,,No using Simple Imputer,,0.07704043388366699,0.006860971450805664
algerian_forest_fires_46279,simpleimputer,,truncated_svd,quantile,AdaBoostClassifier(random_state=0),2,0.8979591836734694,,No using Simple Imputer,,0.07759690284729004,0.007074832916259766
algerian_forest_fires_46279,simpleimputer,,truncated_svd,quantile,AdaBoostClassifier(random_state=0),3,0.9166666666666666,,No using Simple Imputer,,0.07695293426513672,0.006910085678100586
algerian_forest_fires_46279,simpleimputer,,truncated_svd,quantile,AdaBoostClassifier(random_state=0),4,0.9166666666666666,,No using Simple Imputer,,0.07652592658996582,0.006955862045288086
algerian_forest_fires_46279,simpleimputer,,select_percentile,quantile,AdaBoostClassifier(random_state=0),0,1.0,,No using Simple Imputer,,0.07601165771484375,0.0069332122802734375
algerian_forest_fires_46279,simpleimputer,,select_percentile,quantile,AdaBoostClassifier(random_state=0),1,0.9795918367346939,,No using Simple Imputer,,0.07596492767333984,0.007015705108642578
algerian_forest_fires_46279,simpleimputer,,select_percentile,quantile,AdaBoostClassifier(random_state=0),2,1.0,,No using Simple Imputer,,0.07758903503417969,0.007048130035400391
algerian_forest_fires_46279,simpleimputer,,select_percentile,quantile,AdaBoostClassifier(random_state=0),3,0.9583333333333334,,No using Simple Imputer,,0.07663416862487793,0.006964206695556641
algerian_forest_fires_46279,simpleimputer,,select_percentile,quantile,AdaBoostClassifier(random_state=0),4,0.9375,,No using Simple Imputer,,0.07591557502746582,0.006938934326171875
algerian_forest_fires_46279,simpleimputer,,generic_univariate,quantile,AdaBoostClassifier(random_state=0),0,1.0,,No using Simple Imputer,,0.07484197616577148,0.0070037841796875
algerian_forest_fires_46279,simpleimputer,,generic_univariate,quantile,AdaBoostClassifier(random_state=0),1,0.9795918367346939,,No using Simple Imputer,,0.07452511787414551,0.006967306137084961
algerian_forest_fires_46279,simpleimputer,,generic_univariate,quantile,AdaBoostClassifier(random_state=0),2,1.0,,No using Simple Imputer,,0.0752100944519043,0.0070438385009765625
algerian_forest_fires_46279,simpleimputer,,generic_univariate,quantile,AdaBoostClassifier(random_state=0),3,0.9375,,No using Simple Imputer,,0.0755922794342041,0.006896495819091797
algerian_forest_fires_46279,simpleimputer,,generic_univariate,quantile,AdaBoostClassifier(random_state=0),4,0.9375,,No using Simple Imputer,,0.07438516616821289,0.0069005489349365234
algerian_forest_fires_46279,simpleimputer,,polynomial_features,quantile,AdaBoostClassifier(random_state=0),0,0.9795918367346939,,No using Simple Imputer,,0.15492701530456543,0.0072591304779052734
algerian_forest_fires_46279,simpleimputer,,polynomial_features,quantile,AdaBoostClassifier(random_state=0),1,0.9795918367346939,,No using Simple Imputer,,0.15259194374084473,0.0072095394134521484
algerian_forest_fires_46279,simpleimputer,,polynomial_features,quantile,AdaBoostClassifier(random_state=0),2,0.9795918367346939,,No using Simple Imputer,,0.15752124786376953,0.008045673370361328
algerian_forest_fires_46279,simpleimputer,,polynomial_features,quantile,AdaBoostClassifier(random_state=0),3,1.0,,No using Simple Imputer,,0.15250468254089355,0.007218837738037109
algerian_forest_fires_46279,simpleimputer,,polynomial_features,quantile,AdaBoostClassifier(random_state=0),4,0.875,,No using Simple Imputer,,0.15302300453186035,0.007330179214477539
algerian_forest_fires_46279,simpleimputer,,nystroem,quantile,AdaBoostClassifier(random_state=0),0,0.9183673469387755,,No using Simple Imputer,,0.20610690116882324,0.007092952728271484
algerian_forest_fires_46279,simpleimputer,,nystroem,quantile,AdaBoostClassifier(random_state=0),1,0.9795918367346939,,No using Simple Imputer,,0.16676592826843262,0.0061206817626953125
algerian_forest_fires_46279,simpleimputer,,nystroem,quantile,AdaBoostClassifier(random_state=0),2,0.8163265306122449,,No using Simple Imputer,,0.17361855506896973,0.006117820739746094
algerian_forest_fires_46279,simpleimputer,,nystroem,quantile,AdaBoostClassifier(random_state=0),3,0.9375,,No using Simple Imputer,,0.17452311515808105,0.006123781204223633
algerian_forest_fires_46279,simpleimputer,,nystroem,quantile,AdaBoostClassifier(random_state=0),4,0.9166666666666666,,No using Simple Imputer,,0.18219804763793945,0.006604433059692383
algerian_forest_fires_46279,simpleimputer,,rbf_sampler,quantile,AdaBoostClassifier(random_state=0),0,0.9591836734693877,,No using Simple Imputer,,0.1658632755279541,0.005892753601074219
algerian_forest_fires_46279,simpleimputer,,rbf_sampler,quantile,AdaBoostClassifier(random_state=0),1,0.9795918367346939,,No using Simple Imputer,,0.16065049171447754,0.006616353988647461
algerian_forest_fires_46279,simpleimputer,,rbf_sampler,quantile,AdaBoostClassifier(random_state=0),2,0.9795918367346939,,No using Simple Imputer,,0.16098666191101074,0.005976438522338867
algerian_forest_fires_46279,simpleimputer,,rbf_sampler,quantile,AdaBoostClassifier(random_state=0),3,0.9583333333333334,,No using Simple Imputer,,0.1606452465057373,0.005948305130004883
algerian_forest_fires_46279,simpleimputer,,rbf_sampler,quantile,AdaBoostClassifier(random_state=0),4,0.9583333333333334,,No using Simple Imputer,,0.16254353523254395,0.005908966064453125
algerian_forest_fires_46279,simpleimputer,,random_trees_embedding,quantile,AdaBoostClassifier(random_state=0),0,0.9591836734693877,,No using Simple Imputer,,0.12376856803894043,0.009163141250610352
algerian_forest_fires_46279,simpleimputer,,random_trees_embedding,quantile,AdaBoostClassifier(random_state=0),1,1.0,,No using Simple Imputer,,0.12031340599060059,0.009119272232055664
algerian_forest_fires_46279,simpleimputer,,random_trees_embedding,quantile,AdaBoostClassifier(random_state=0),2,0.9591836734693877,,No using Simple Imputer,,0.1199953556060791,0.009298324584960938
algerian_forest_fires_46279,simpleimputer,,random_trees_embedding,quantile,AdaBoostClassifier(random_state=0),3,0.9375,,No using Simple Imputer,,0.1190652847290039,0.009049654006958008
algerian_forest_fires_46279,simpleimputer,,random_trees_embedding,quantile,AdaBoostClassifier(random_state=0),4,0.9791666666666666,,No using Simple Imputer,,0.11936163902282715,0.009325981140136719
algerian_forest_fires_46279,simpleimputer,,feature_agglomeration,quantile,AdaBoostClassifier(random_state=0),0,0.8367346938775511,,No using Simple Imputer,,0.06486916542053223,0.005905866622924805
algerian_forest_fires_46279,simpleimputer,,feature_agglomeration,quantile,AdaBoostClassifier(random_state=0),1,0.8571428571428571,,No using Simple Imputer,,0.0642843246459961,0.005719184875488281
algerian_forest_fires_46279,simpleimputer,,feature_agglomeration,quantile,AdaBoostClassifier(random_state=0),2,0.8775510204081632,,No using Simple Imputer,,0.06392669677734375,0.005848884582519531
algerian_forest_fires_46279,simpleimputer,,feature_agglomeration,quantile,AdaBoostClassifier(random_state=0),3,0.875,,No using Simple Imputer,,0.06403017044067383,0.005811452865600586
algerian_forest_fires_46279,simpleimputer,,feature_agglomeration,quantile,AdaBoostClassifier(random_state=0),4,0.8958333333333334,,No using Simple Imputer,,0.06395244598388672,0.005759000778198242
algerian_forest_fires_46279,simpleimputer,,extra_tree,quantile,AdaBoostClassifier(random_state=0),0,1.0,,No using Simple Imputer,,0.06490087509155273,0.005917549133300781
algerian_forest_fires_46279,simpleimputer,,extra_tree,quantile,AdaBoostClassifier(random_state=0),1,0.9795918367346939,,No using Simple Imputer,,0.06470847129821777,0.005781412124633789
algerian_forest_fires_46279,simpleimputer,,extra_tree,quantile,AdaBoostClassifier(random_state=0),2,1.0,,No using Simple Imputer,,0.06672310829162598,0.005917072296142578
algerian_forest_fires_46279,simpleimputer,,extra_tree,quantile,AdaBoostClassifier(random_state=0),3,0.9791666666666666,,No using Simple Imputer,,0.06569147109985352,0.0058612823486328125
algerian_forest_fires_46279,simpleimputer,,extra_tree,quantile,AdaBoostClassifier(random_state=0),4,0.9375,,No using Simple Imputer,,0.06729888916015625,0.00615382194519043
algerian_forest_fires_46279,simpleimputer,,linear_svc,quantile,AdaBoostClassifier(random_state=0),0,1.0,,No using Simple Imputer,,0.06409549713134766,0.005794525146484375
algerian_forest_fires_46279,simpleimputer,,linear_svc,quantile,AdaBoostClassifier(random_state=0),1,0.9795918367346939,,No using Simple Imputer,,0.06616544723510742,0.005879878997802734
algerian_forest_fires_46279,simpleimputer,,linear_svc,quantile,AdaBoostClassifier(random_state=0),2,1.0,,No using Simple Imputer,,0.06550073623657227,0.0058252811431884766
algerian_forest_fires_46279,simpleimputer,,linear_svc,quantile,AdaBoostClassifier(random_state=0),3,0.9583333333333334,,No using Simple Imputer,,0.06535172462463379,0.00581049919128418
algerian_forest_fires_46279,simpleimputer,,linear_svc,quantile,AdaBoostClassifier(random_state=0),4,0.9375,,No using Simple Imputer,,0.06620144844055176,0.005775928497314453
algerian_forest_fires_46279,simpleimputer,,kernel_pca,quantile,AdaBoostClassifier(random_state=0),0,0.9183673469387755,,No using Simple Imputer,,0.0929262638092041,0.006421089172363281
algerian_forest_fires_46279,simpleimputer,,kernel_pca,quantile,AdaBoostClassifier(random_state=0),1,0.9795918367346939,,No using Simple Imputer,,0.0894782543182373,0.0064814090728759766
algerian_forest_fires_46279,simpleimputer,,kernel_pca,quantile,AdaBoostClassifier(random_state=0),2,0.9795918367346939,,No using Simple Imputer,,0.09211111068725586,0.006471395492553711
algerian_forest_fires_46279,simpleimputer,,kernel_pca,quantile,AdaBoostClassifier(random_state=0),3,0.9166666666666666,,No using Simple Imputer,,0.0893716812133789,0.006415367126464844
algerian_forest_fires_46279,simpleimputer,,kernel_pca,quantile,AdaBoostClassifier(random_state=0),4,0.9375,,No using Simple Imputer,,0.08942127227783203,0.006541728973388672
algerian_forest_fires_46279,simpleimputer,onehot,,,AdaBoostClassifier(random_state=0),0,1.0,,No using Simple Imputer,No using One Hot,0.07180643081665039,0.006918668746948242
algerian_forest_fires_46279,simpleimputer,onehot,,,AdaBoostClassifier(random_state=0),1,0.9795918367346939,,No using Simple Imputer,No using One Hot,0.07134079933166504,0.006777763366699219
algerian_forest_fires_46279,simpleimputer,onehot,,,AdaBoostClassifier(random_state=0),2,1.0,,No using Simple Imputer,No using One Hot,0.07097315788269043,0.00680851936340332
algerian_forest_fires_46279,simpleimputer,onehot,,,AdaBoostClassifier(random_state=0),3,0.9583333333333334,,No using Simple Imputer,No using One Hot,0.07193565368652344,0.006760835647583008
algerian_forest_fires_46279,simpleimputer,onehot,,,AdaBoostClassifier(random_state=0),4,0.9583333333333334,,No using Simple Imputer,No using One Hot,0.07088756561279297,0.006937980651855469
algerian_forest_fires_46279,simpleimputer,onehot,pca,,AdaBoostClassifier(random_state=0),0,0.9387755102040817,,No using Simple Imputer,No using One Hot,0.07616758346557617,0.00610804557800293
algerian_forest_fires_46279,simpleimputer,onehot,pca,,AdaBoostClassifier(random_state=0),1,0.9591836734693877,,No using Simple Imputer,No using One Hot,0.07695651054382324,0.006258964538574219
algerian_forest_fires_46279,simpleimputer,onehot,pca,,AdaBoostClassifier(random_state=0),2,0.9387755102040817,,No using Simple Imputer,No using One Hot,0.07551169395446777,0.006011009216308594
algerian_forest_fires_46279,simpleimputer,onehot,pca,,AdaBoostClassifier(random_state=0),3,0.9375,,No using Simple Imputer,No using One Hot,0.08364510536193848,0.006143331527709961
algerian_forest_fires_46279,simpleimputer,onehot,pca,,AdaBoostClassifier(random_state=0),4,0.9375,,No using Simple Imputer,No using One Hot,0.07666707038879395,0.006016969680786133
algerian_forest_fires_46279,simpleimputer,onehot,fastica,,AdaBoostClassifier(random_state=0),0,0.6326530612244898,,No using Simple Imputer,No using One Hot,0.07505202293395996,0.0060083866119384766
algerian_forest_fires_46279,simpleimputer,onehot,fastica,,AdaBoostClassifier(random_state=0),1,0.6938775510204082,,No using Simple Imputer,No using One Hot,0.07448673248291016,0.005930185317993164
algerian_forest_fires_46279,simpleimputer,onehot,fastica,,AdaBoostClassifier(random_state=0),2,0.8775510204081632,,No using Simple Imputer,No using One Hot,0.07582998275756836,0.005927562713623047
algerian_forest_fires_46279,simpleimputer,onehot,fastica,,AdaBoostClassifier(random_state=0),3,0.875,,No using Simple Imputer,No using One Hot,0.07514452934265137,0.005841732025146484
algerian_forest_fires_46279,simpleimputer,onehot,fastica,,AdaBoostClassifier(random_state=0),4,0.6041666666666666,,No using Simple Imputer,No using One Hot,0.07502913475036621,0.005850076675415039
algerian_forest_fires_46279,simpleimputer,onehot,truncated_svd,,AdaBoostClassifier(random_state=0),0,0.8163265306122449,,No using Simple Imputer,No using One Hot,0.06440138816833496,0.005953550338745117
algerian_forest_fires_46279,simpleimputer,onehot,truncated_svd,,AdaBoostClassifier(random_state=0),1,0.7959183673469388,,No using Simple Imputer,No using One Hot,0.06432223320007324,0.005880594253540039
algerian_forest_fires_46279,simpleimputer,onehot,truncated_svd,,AdaBoostClassifier(random_state=0),2,0.7551020408163265,,No using Simple Imputer,No using One Hot,0.07472968101501465,0.005768775939941406
algerian_forest_fires_46279,simpleimputer,onehot,truncated_svd,,AdaBoostClassifier(random_state=0),3,0.8958333333333334,,No using Simple Imputer,No using One Hot,0.06682229042053223,0.005909919738769531
algerian_forest_fires_46279,simpleimputer,onehot,truncated_svd,,AdaBoostClassifier(random_state=0),4,0.8958333333333334,,No using Simple Imputer,No using One Hot,0.06499671936035156,0.005934000015258789
algerian_forest_fires_46279,simpleimputer,onehot,select_percentile,,AdaBoostClassifier(random_state=0),0,1.0,,No using Simple Imputer,No using One Hot,0.06460046768188477,0.005951404571533203
algerian_forest_fires_46279,simpleimputer,onehot,select_percentile,,AdaBoostClassifier(random_state=0),1,0.9795918367346939,,No using Simple Imputer,No using One Hot,0.06403422355651855,0.006011486053466797
algerian_forest_fires_46279,simpleimputer,onehot,select_percentile,,AdaBoostClassifier(random_state=0),2,1.0,,No using Simple Imputer,No using One Hot,0.06682920455932617,0.0058672428131103516
algerian_forest_fires_46279,simpleimputer,onehot,select_percentile,,AdaBoostClassifier(random_state=0),3,0.9583333333333334,,No using Simple Imputer,No using One Hot,0.06447291374206543,0.005845308303833008
algerian_forest_fires_46279,simpleimputer,onehot,select_percentile,,AdaBoostClassifier(random_state=0),4,0.9375,,No using Simple Imputer,No using One Hot,0.0654914379119873,0.005827426910400391
algerian_forest_fires_46279,simpleimputer,onehot,generic_univariate,,AdaBoostClassifier(random_state=0),0,1.0,,No using Simple Imputer,No using One Hot,0.06346344947814941,0.005894899368286133
algerian_forest_fires_46279,simpleimputer,onehot,generic_univariate,,AdaBoostClassifier(random_state=0),1,1.0,,No using Simple Imputer,No using One Hot,0.06400704383850098,0.005857229232788086
algerian_forest_fires_46279,simpleimputer,onehot,generic_univariate,,AdaBoostClassifier(random_state=0),2,1.0,,No using Simple Imputer,No using One Hot,0.0630640983581543,0.005890846252441406
algerian_forest_fires_46279,simpleimputer,onehot,generic_univariate,,AdaBoostClassifier(random_state=0),3,0.9583333333333334,,No using Simple Imputer,No using One Hot,0.06379961967468262,0.005909919738769531
algerian_forest_fires_46279,simpleimputer,onehot,generic_univariate,,AdaBoostClassifier(random_state=0),4,0.9791666666666666,,No using Simple Imputer,No using One Hot,0.06332612037658691,0.005806922912597656
algerian_forest_fires_46279,simpleimputer,onehot,polynomial_features,,AdaBoostClassifier(random_state=0),0,0.9795918367346939,,No using Simple Imputer,No using One Hot,0.1378786563873291,0.006592988967895508
algerian_forest_fires_46279,simpleimputer,onehot,polynomial_features,,AdaBoostClassifier(random_state=0),1,0.9795918367346939,,No using Simple Imputer,No using One Hot,0.13831663131713867,0.006075143814086914
algerian_forest_fires_46279,simpleimputer,onehot,polynomial_features,,AdaBoostClassifier(random_state=0),2,1.0,,No using Simple Imputer,No using One Hot,0.14033174514770508,0.006105661392211914
algerian_forest_fires_46279,simpleimputer,onehot,polynomial_features,,AdaBoostClassifier(random_state=0),3,0.9583333333333334,,No using Simple Imputer,No using One Hot,0.13931775093078613,0.00611424446105957
algerian_forest_fires_46279,simpleimputer,onehot,polynomial_features,,AdaBoostClassifier(random_state=0),4,0.9166666666666666,,No using Simple Imputer,No using One Hot,0.1423797607421875,0.006330251693725586
algerian_forest_fires_46279,simpleimputer,onehot,nystroem,,AdaBoostClassifier(random_state=0),0,0.7346938775510204,,No using Simple Imputer,No using One Hot,0.1334216594696045,0.006544351577758789
algerian_forest_fires_46279,simpleimputer,onehot,nystroem,,AdaBoostClassifier(random_state=0),1,0.8367346938775511,,No using Simple Imputer,No using One Hot,0.1456317901611328,0.006297111511230469
algerian_forest_fires_46279,simpleimputer,onehot,nystroem,,AdaBoostClassifier(random_state=0),2,0.7551020408163265,,No using Simple Imputer,No using One Hot,0.12373566627502441,0.00606536865234375
algerian_forest_fires_46279,simpleimputer,onehot,nystroem,,AdaBoostClassifier(random_state=0),3,0.75,,No using Simple Imputer,No using One Hot,0.13111114501953125,0.0060405731201171875
algerian_forest_fires_46279,simpleimputer,onehot,nystroem,,AdaBoostClassifier(random_state=0),4,0.8333333333333334,,No using Simple Imputer,No using One Hot,0.1311817169189453,0.006067752838134766
algerian_forest_fires_46279,simpleimputer,onehot,rbf_sampler,,AdaBoostClassifier(random_state=0),0,0.4897959183673469,,No using Simple Imputer,No using One Hot,0.16496729850769043,0.0060994625091552734
algerian_forest_fires_46279,simpleimputer,onehot,rbf_sampler,,AdaBoostClassifier(random_state=0),1,0.5510204081632653,,No using Simple Imputer,No using One Hot,0.16919231414794922,0.006081104278564453
algerian_forest_fires_46279,simpleimputer,onehot,rbf_sampler,,AdaBoostClassifier(random_state=0),2,0.5510204081632653,,No using Simple Imputer,No using One Hot,0.1618824005126953,0.006020545959472656
algerian_forest_fires_46279,simpleimputer,onehot,rbf_sampler,,AdaBoostClassifier(random_state=0),3,0.5208333333333334,,No using Simple Imputer,No using One Hot,0.1616837978363037,0.006096839904785156
algerian_forest_fires_46279,simpleimputer,onehot,rbf_sampler,,AdaBoostClassifier(random_state=0),4,0.4583333333333333,,No using Simple Imputer,No using One Hot,0.16346478462219238,0.006064176559448242
algerian_forest_fires_46279,simpleimputer,onehot,random_trees_embedding,,AdaBoostClassifier(random_state=0),0,0.8775510204081632,,No using Simple Imputer,No using One Hot,0.11808371543884277,0.009548425674438477
algerian_forest_fires_46279,simpleimputer,onehot,random_trees_embedding,,AdaBoostClassifier(random_state=0),1,0.9591836734693877,,No using Simple Imputer,No using One Hot,0.11562347412109375,0.00941324234008789
algerian_forest_fires_46279,simpleimputer,onehot,random_trees_embedding,,AdaBoostClassifier(random_state=0),2,0.9795918367346939,,No using Simple Imputer,No using One Hot,0.11397314071655273,0.00924229621887207
algerian_forest_fires_46279,simpleimputer,onehot,random_trees_embedding,,AdaBoostClassifier(random_state=0),3,0.9583333333333334,,No using Simple Imputer,No using One Hot,0.1141507625579834,0.009348630905151367
algerian_forest_fires_46279,simpleimputer,onehot,random_trees_embedding,,AdaBoostClassifier(random_state=0),4,0.9375,,No using Simple Imputer,No using One Hot,0.11359715461730957,0.009059429168701172
algerian_forest_fires_46279,simpleimputer,onehot,feature_agglomeration,,AdaBoostClassifier(random_state=0),0,0.7551020408163265,,No using Simple Imputer,No using One Hot,0.06296110153198242,0.0057070255279541016
algerian_forest_fires_46279,simpleimputer,onehot,feature_agglomeration,,AdaBoostClassifier(random_state=0),1,0.7959183673469388,,No using Simple Imputer,No using One Hot,0.06372308731079102,0.005768299102783203
algerian_forest_fires_46279,simpleimputer,onehot,feature_agglomeration,,AdaBoostClassifier(random_state=0),2,0.8367346938775511,,No using Simple Imputer,No using One Hot,0.06318140029907227,0.005886554718017578
algerian_forest_fires_46279,simpleimputer,onehot,feature_agglomeration,,AdaBoostClassifier(random_state=0),3,0.8958333333333334,,No using Simple Imputer,No using One Hot,0.06304168701171875,0.005771636962890625
algerian_forest_fires_46279,simpleimputer,onehot,feature_agglomeration,,AdaBoostClassifier(random_state=0),4,0.8333333333333334,,No using Simple Imputer,No using One Hot,0.06335806846618652,0.005920886993408203
algerian_forest_fires_46279,simpleimputer,onehot,extra_tree,,AdaBoostClassifier(random_state=0),0,1.0,,No using Simple Imputer,No using One Hot,0.0657806396484375,0.0058155059814453125
algerian_forest_fires_46279,simpleimputer,onehot,extra_tree,,AdaBoostClassifier(random_state=0),1,0.9795918367346939,,No using Simple Imputer,No using One Hot,0.06540870666503906,0.005785465240478516
algerian_forest_fires_46279,simpleimputer,onehot,extra_tree,,AdaBoostClassifier(random_state=0),2,1.0,,No using Simple Imputer,No using One Hot,0.07098984718322754,0.006473064422607422
algerian_forest_fires_46279,simpleimputer,onehot,extra_tree,,AdaBoostClassifier(random_state=0),3,0.9791666666666666,,No using Simple Imputer,No using One Hot,0.06578207015991211,0.005856037139892578
algerian_forest_fires_46279,simpleimputer,onehot,extra_tree,,AdaBoostClassifier(random_state=0),4,0.9375,,No using Simple Imputer,No using One Hot,0.06480193138122559,0.00585484504699707
algerian_forest_fires_46279,simpleimputer,onehot,linear_svc,,AdaBoostClassifier(random_state=0),0,1.0,,No using Simple Imputer,No using One Hot,0.0694429874420166,0.005845308303833008
algerian_forest_fires_46279,simpleimputer,onehot,linear_svc,,AdaBoostClassifier(random_state=0),1,0.9795918367346939,,No using Simple Imputer,No using One Hot,0.06488871574401855,0.005796670913696289
algerian_forest_fires_46279,simpleimputer,onehot,linear_svc,,AdaBoostClassifier(random_state=0),2,1.0,,No using Simple Imputer,No using One Hot,0.06524395942687988,0.006079912185668945
algerian_forest_fires_46279,simpleimputer,onehot,linear_svc,,AdaBoostClassifier(random_state=0),3,0.9583333333333334,,No using Simple Imputer,No using One Hot,0.06560349464416504,0.005999088287353516
algerian_forest_fires_46279,simpleimputer,onehot,linear_svc,,AdaBoostClassifier(random_state=0),4,0.9375,,No using Simple Imputer,No using One Hot,0.06654047966003418,0.005905628204345703
algerian_forest_fires_46279,simpleimputer,onehot,kernel_pca,,AdaBoostClassifier(random_state=0),0,0.9387755102040817,,No using Simple Imputer,No using One Hot,0.09083318710327148,0.006446361541748047
algerian_forest_fires_46279,simpleimputer,onehot,kernel_pca,,AdaBoostClassifier(random_state=0),1,0.9591836734693877,,No using Simple Imputer,No using One Hot,0.09279441833496094,0.006478309631347656
algerian_forest_fires_46279,simpleimputer,onehot,kernel_pca,,AdaBoostClassifier(random_state=0),2,0.9387755102040817,,No using Simple Imputer,No using One Hot,0.08819913864135742,0.005941152572631836
algerian_forest_fires_46279,simpleimputer,onehot,kernel_pca,,AdaBoostClassifier(random_state=0),3,0.9375,,No using Simple Imputer,No using One Hot,0.09165596961975098,0.0065288543701171875
algerian_forest_fires_46279,simpleimputer,onehot,kernel_pca,,AdaBoostClassifier(random_state=0),4,0.9375,,No using Simple Imputer,No using One Hot,0.09059596061706543,0.006504535675048828
algerian_forest_fires_46279,simpleimputer,onehot,,standard,AdaBoostClassifier(random_state=0),0,1.0,,No using Simple Imputer,No using One Hot,0.06969046592712402,0.005934000015258789
algerian_forest_fires_46279,simpleimputer,onehot,,standard,AdaBoostClassifier(random_state=0),1,0.9795918367346939,,No using Simple Imputer,No using One Hot,0.07290029525756836,0.0064737796783447266
algerian_forest_fires_46279,simpleimputer,onehot,,standard,AdaBoostClassifier(random_state=0),2,1.0,,No using Simple Imputer,No using One Hot,0.07756471633911133,0.006537675857543945
algerian_forest_fires_46279,simpleimputer,onehot,,standard,AdaBoostClassifier(random_state=0),3,0.9583333333333334,,No using Simple Imputer,No using One Hot,0.07419347763061523,0.006212711334228516
algerian_forest_fires_46279,simpleimputer,onehot,,standard,AdaBoostClassifier(random_state=0),4,0.9583333333333334,,No using Simple Imputer,No using One Hot,0.07323741912841797,0.006296873092651367
algerian_forest_fires_46279,simpleimputer,onehot,pca,standard,AdaBoostClassifier(random_state=0),0,0.8367346938775511,,No using Simple Imputer,No using One Hot,0.08042621612548828,0.006366252899169922
algerian_forest_fires_46279,simpleimputer,onehot,pca,standard,AdaBoostClassifier(random_state=0),1,0.9387755102040817,,No using Simple Imputer,No using One Hot,0.0786285400390625,0.00614619255065918
algerian_forest_fires_46279,simpleimputer,onehot,pca,standard,AdaBoostClassifier(random_state=0),2,0.9387755102040817,,No using Simple Imputer,No using One Hot,0.09481215476989746,0.006806373596191406
algerian_forest_fires_46279,simpleimputer,onehot,pca,standard,AdaBoostClassifier(random_state=0),3,0.9583333333333334,,No using Simple Imputer,No using One Hot,0.07985591888427734,0.006250858306884766
algerian_forest_fires_46279,simpleimputer,onehot,pca,standard,AdaBoostClassifier(random_state=0),4,0.9166666666666666,,No using Simple Imputer,No using One Hot,0.07974600791931152,0.006216287612915039
algerian_forest_fires_46279,simpleimputer,onehot,fastica,standard,AdaBoostClassifier(random_state=0),0,0.7346938775510204,,No using Simple Imputer,No using One Hot,0.08070087432861328,0.006243228912353516
algerian_forest_fires_46279,simpleimputer,onehot,fastica,standard,AdaBoostClassifier(random_state=0),1,0.6326530612244898,,No using Simple Imputer,No using One Hot,0.07989215850830078,0.006287574768066406
algerian_forest_fires_46279,simpleimputer,onehot,fastica,standard,AdaBoostClassifier(random_state=0),2,0.8775510204081632,,No using Simple Imputer,No using One Hot,0.0813755989074707,0.006352663040161133
algerian_forest_fires_46279,simpleimputer,onehot,fastica,standard,AdaBoostClassifier(random_state=0),3,0.9375,,No using Simple Imputer,No using One Hot,0.085418701171875,0.006400108337402344
algerian_forest_fires_46279,simpleimputer,onehot,fastica,standard,AdaBoostClassifier(random_state=0),4,0.7291666666666666,,No using Simple Imputer,No using One Hot,0.08177709579467773,0.006257057189941406
algerian_forest_fires_46279,simpleimputer,onehot,truncated_svd,standard,AdaBoostClassifier(random_state=0),0,0.7959183673469388,,No using Simple Imputer,No using One Hot,0.06840324401855469,0.006134986877441406
algerian_forest_fires_46279,simpleimputer,onehot,truncated_svd,standard,AdaBoostClassifier(random_state=0),1,0.8367346938775511,,No using Simple Imputer,No using One Hot,0.06804037094116211,0.0060999393463134766
algerian_forest_fires_46279,simpleimputer,onehot,truncated_svd,standard,AdaBoostClassifier(random_state=0),2,0.7755102040816326,,No using Simple Imputer,No using One Hot,0.0679006576538086,0.0060808658599853516
algerian_forest_fires_46279,simpleimputer,onehot,truncated_svd,standard,AdaBoostClassifier(random_state=0),3,0.875,,No using Simple Imputer,No using One Hot,0.07163476943969727,0.006184577941894531
algerian_forest_fires_46279,simpleimputer,onehot,truncated_svd,standard,AdaBoostClassifier(random_state=0),4,0.8541666666666666,,No using Simple Imputer,No using One Hot,0.06809735298156738,0.0061528682708740234
algerian_forest_fires_46279,simpleimputer,onehot,select_percentile,standard,AdaBoostClassifier(random_state=0),0,1.0,,No using Simple Imputer,No using One Hot,0.06714749336242676,0.006255149841308594
algerian_forest_fires_46279,simpleimputer,onehot,select_percentile,standard,AdaBoostClassifier(random_state=0),1,0.9795918367346939,,No using Simple Imputer,No using One Hot,0.0670473575592041,0.006221294403076172
algerian_forest_fires_46279,simpleimputer,onehot,select_percentile,standard,AdaBoostClassifier(random_state=0),2,1.0,,No using Simple Imputer,No using One Hot,0.06800699234008789,0.0061686038970947266
algerian_forest_fires_46279,simpleimputer,onehot,select_percentile,standard,AdaBoostClassifier(random_state=0),3,0.9583333333333334,,No using Simple Imputer,No using One Hot,0.06788349151611328,0.006261587142944336
algerian_forest_fires_46279,simpleimputer,onehot,select_percentile,standard,AdaBoostClassifier(random_state=0),4,0.9375,,No using Simple Imputer,No using One Hot,0.0677490234375,0.0061681270599365234
algerian_forest_fires_46279,simpleimputer,onehot,generic_univariate,standard,AdaBoostClassifier(random_state=0),0,1.0,,No using Simple Imputer,No using One Hot,0.06633472442626953,0.006227970123291016
algerian_forest_fires_46279,simpleimputer,onehot,generic_univariate,standard,AdaBoostClassifier(random_state=0),1,1.0,,No using Simple Imputer,No using One Hot,0.06688642501831055,0.006104230880737305
algerian_forest_fires_46279,simpleimputer,onehot,generic_univariate,standard,AdaBoostClassifier(random_state=0),2,1.0,,No using Simple Imputer,No using One Hot,0.06870079040527344,0.006232738494873047
algerian_forest_fires_46279,simpleimputer,onehot,generic_univariate,standard,AdaBoostClassifier(random_state=0),3,0.9583333333333334,,No using Simple Imputer,No using One Hot,0.06893396377563477,0.0064907073974609375
algerian_forest_fires_46279,simpleimputer,onehot,generic_univariate,standard,AdaBoostClassifier(random_state=0),4,0.9791666666666666,,No using Simple Imputer,No using One Hot,0.07041311264038086,0.0061719417572021484
algerian_forest_fires_46279,simpleimputer,onehot,polynomial_features,standard,AdaBoostClassifier(random_state=0),0,1.0,,No using Simple Imputer,No using One Hot,0.14705777168273926,0.0064966678619384766
algerian_forest_fires_46279,simpleimputer,onehot,polynomial_features,standard,AdaBoostClassifier(random_state=0),1,0.9795918367346939,,No using Simple Imputer,No using One Hot,0.1444096565246582,0.006461143493652344
algerian_forest_fires_46279,simpleimputer,onehot,polynomial_features,standard,AdaBoostClassifier(random_state=0),2,1.0,,No using Simple Imputer,No using One Hot,0.14319396018981934,0.006361246109008789
algerian_forest_fires_46279,simpleimputer,onehot,polynomial_features,standard,AdaBoostClassifier(random_state=0),3,0.9791666666666666,,No using Simple Imputer,No using One Hot,0.14317703247070312,0.006242275238037109
algerian_forest_fires_46279,simpleimputer,onehot,polynomial_features,standard,AdaBoostClassifier(random_state=0),4,0.9375,,No using Simple Imputer,No using One Hot,0.14218568801879883,0.006258487701416016
algerian_forest_fires_46279,simpleimputer,onehot,nystroem,standard,AdaBoostClassifier(random_state=0),0,0.8979591836734694,,No using Simple Imputer,No using One Hot,0.18496370315551758,0.0064127445220947266
algerian_forest_fires_46279,simpleimputer,onehot,nystroem,standard,AdaBoostClassifier(random_state=0),1,0.9183673469387755,,No using Simple Imputer,No using One Hot,0.18994522094726562,0.006380558013916016
algerian_forest_fires_46279,simpleimputer,onehot,nystroem,standard,AdaBoostClassifier(random_state=0),2,0.8571428571428571,,No using Simple Imputer,No using One Hot,0.1858201026916504,0.0064792633056640625
algerian_forest_fires_46279,simpleimputer,onehot,nystroem,standard,AdaBoostClassifier(random_state=0),3,0.9583333333333334,,No using Simple Imputer,No using One Hot,0.18561768531799316,0.006432294845581055
algerian_forest_fires_46279,simpleimputer,onehot,nystroem,standard,AdaBoostClassifier(random_state=0),4,0.9375,,No using Simple Imputer,No using One Hot,0.18771004676818848,0.006366729736328125
algerian_forest_fires_46279,simpleimputer,onehot,rbf_sampler,standard,AdaBoostClassifier(random_state=0),0,0.673469387755102,,No using Simple Imputer,No using One Hot,0.17057323455810547,0.006490468978881836
algerian_forest_fires_46279,simpleimputer,onehot,rbf_sampler,standard,AdaBoostClassifier(random_state=0),1,0.7346938775510204,,No using Simple Imputer,No using One Hot,0.1673731803894043,0.0062673091888427734
algerian_forest_fires_46279,simpleimputer,onehot,rbf_sampler,standard,AdaBoostClassifier(random_state=0),2,0.5714285714285714,,No using Simple Imputer,No using One Hot,0.1693432331085205,0.0063703060150146484
algerian_forest_fires_46279,simpleimputer,onehot,rbf_sampler,standard,AdaBoostClassifier(random_state=0),3,0.6458333333333334,,No using Simple Imputer,No using One Hot,0.17183208465576172,0.006265163421630859
algerian_forest_fires_46279,simpleimputer,onehot,rbf_sampler,standard,AdaBoostClassifier(random_state=0),4,0.6458333333333334,,No using Simple Imputer,No using One Hot,0.1680135726928711,0.0063588619232177734
algerian_forest_fires_46279,simpleimputer,onehot,random_trees_embedding,standard,AdaBoostClassifier(random_state=0),0,0.8775510204081632,,No using Simple Imputer,No using One Hot,0.11962103843688965,0.009483575820922852
algerian_forest_fires_46279,simpleimputer,onehot,random_trees_embedding,standard,AdaBoostClassifier(random_state=0),1,0.9591836734693877,,No using Simple Imputer,No using One Hot,0.11983251571655273,0.009646892547607422
algerian_forest_fires_46279,simpleimputer,onehot,random_trees_embedding,standard,AdaBoostClassifier(random_state=0),2,0.9795918367346939,,No using Simple Imputer,No using One Hot,0.12017154693603516,0.009434223175048828
algerian_forest_fires_46279,simpleimputer,onehot,random_trees_embedding,standard,AdaBoostClassifier(random_state=0),3,0.9583333333333334,,No using Simple Imputer,No using One Hot,0.12170839309692383,0.009776115417480469
algerian_forest_fires_46279,simpleimputer,onehot,random_trees_embedding,standard,AdaBoostClassifier(random_state=0),4,0.9375,,No using Simple Imputer,No using One Hot,0.12132024765014648,0.009566068649291992
algerian_forest_fires_46279,simpleimputer,onehot,feature_agglomeration,standard,AdaBoostClassifier(random_state=0),0,0.7142857142857143,,No using Simple Imputer,No using One Hot,0.06743264198303223,0.006078004837036133
algerian_forest_fires_46279,simpleimputer,onehot,feature_agglomeration,standard,AdaBoostClassifier(random_state=0),1,0.8163265306122449,,No using Simple Imputer,No using One Hot,0.07114553451538086,0.006516456604003906
algerian_forest_fires_46279,simpleimputer,onehot,feature_agglomeration,standard,AdaBoostClassifier(random_state=0),2,0.8571428571428571,,No using Simple Imputer,No using One Hot,0.06664824485778809,0.006075620651245117
algerian_forest_fires_46279,simpleimputer,onehot,feature_agglomeration,standard,AdaBoostClassifier(random_state=0),3,0.8333333333333334,,No using Simple Imputer,No using One Hot,0.0674600601196289,0.005973100662231445
algerian_forest_fires_46279,simpleimputer,onehot,feature_agglomeration,standard,AdaBoostClassifier(random_state=0),4,0.875,,No using Simple Imputer,No using One Hot,0.06717681884765625,0.006168365478515625
algerian_forest_fires_46279,simpleimputer,onehot,extra_tree,standard,AdaBoostClassifier(random_state=0),0,1.0,,No using Simple Imputer,No using One Hot,0.0717315673828125,0.006185770034790039
algerian_forest_fires_46279,simpleimputer,onehot,extra_tree,standard,AdaBoostClassifier(random_state=0),1,0.9795918367346939,,No using Simple Imputer,No using One Hot,0.07200384140014648,0.006397724151611328
algerian_forest_fires_46279,simpleimputer,onehot,extra_tree,standard,AdaBoostClassifier(random_state=0),2,1.0,,No using Simple Imputer,No using One Hot,0.07521724700927734,0.006484508514404297
algerian_forest_fires_46279,simpleimputer,onehot,extra_tree,standard,AdaBoostClassifier(random_state=0),3,0.9791666666666666,,No using Simple Imputer,No using One Hot,0.07316112518310547,0.006249666213989258
algerian_forest_fires_46279,simpleimputer,onehot,extra_tree,standard,AdaBoostClassifier(random_state=0),4,0.9375,,No using Simple Imputer,No using One Hot,0.07023763656616211,0.00632023811340332
algerian_forest_fires_46279,simpleimputer,onehot,linear_svc,standard,AdaBoostClassifier(random_state=0),0,1.0,,No using Simple Imputer,No using One Hot,0.07292985916137695,0.0063288211822509766
algerian_forest_fires_46279,simpleimputer,onehot,linear_svc,standard,AdaBoostClassifier(random_state=0),1,0.9795918367346939,,No using Simple Imputer,No using One Hot,0.07176399230957031,0.006343841552734375
algerian_forest_fires_46279,simpleimputer,onehot,linear_svc,standard,AdaBoostClassifier(random_state=0),2,1.0,,No using Simple Imputer,No using One Hot,0.0719752311706543,0.006276130676269531
algerian_forest_fires_46279,simpleimputer,onehot,linear_svc,standard,AdaBoostClassifier(random_state=0),3,0.9583333333333334,,No using Simple Imputer,No using One Hot,0.07204103469848633,0.006383180618286133
algerian_forest_fires_46279,simpleimputer,onehot,linear_svc,standard,AdaBoostClassifier(random_state=0),4,0.9375,,No using Simple Imputer,No using One Hot,0.0713956356048584,0.006402254104614258
algerian_forest_fires_46279,simpleimputer,onehot,kernel_pca,standard,AdaBoostClassifier(random_state=0),0,0.8367346938775511,,No using Simple Imputer,No using One Hot,0.10166597366333008,0.007262706756591797
algerian_forest_fires_46279,simpleimputer,onehot,kernel_pca,standard,AdaBoostClassifier(random_state=0),1,0.9387755102040817,,No using Simple Imputer,No using One Hot,0.10628676414489746,0.0070726871490478516
algerian_forest_fires_46279,simpleimputer,onehot,kernel_pca,standard,AdaBoostClassifier(random_state=0),2,0.9387755102040817,,No using Simple Imputer,No using One Hot,0.09982728958129883,0.007089138031005859
algerian_forest_fires_46279,simpleimputer,onehot,kernel_pca,standard,AdaBoostClassifier(random_state=0),3,0.9583333333333334,,No using Simple Imputer,No using One Hot,0.10015010833740234,0.007073163986206055
algerian_forest_fires_46279,simpleimputer,onehot,kernel_pca,standard,AdaBoostClassifier(random_state=0),4,0.9166666666666666,,No using Simple Imputer,No using One Hot,0.09992814064025879,0.007051706314086914
algerian_forest_fires_46279,simpleimputer,onehot,,minmax,AdaBoostClassifier(random_state=0),0,1.0,,No using Simple Imputer,No using One Hot,0.07741236686706543,0.0065517425537109375
algerian_forest_fires_46279,simpleimputer,onehot,,minmax,AdaBoostClassifier(random_state=0),1,0.9795918367346939,,No using Simple Imputer,No using One Hot,0.07747435569763184,0.0066680908203125
algerian_forest_fires_46279,simpleimputer,onehot,,minmax,AdaBoostClassifier(random_state=0),2,1.0,,No using Simple Imputer,No using One Hot,0.07699036598205566,0.006556987762451172
algerian_forest_fires_46279,simpleimputer,onehot,,minmax,AdaBoostClassifier(random_state=0),3,0.9583333333333334,,No using Simple Imputer,No using One Hot,0.0792992115020752,0.006548881530761719
algerian_forest_fires_46279,simpleimputer,onehot,,minmax,AdaBoostClassifier(random_state=0),4,0.9583333333333334,,No using Simple Imputer,No using One Hot,0.07707500457763672,0.006436824798583984
algerian_forest_fires_46279,simpleimputer,onehot,pca,minmax,AdaBoostClassifier(random_state=0),0,0.8979591836734694,,No using Simple Imputer,No using One Hot,0.08474063873291016,0.006587028503417969
algerian_forest_fires_46279,simpleimputer,onehot,pca,minmax,AdaBoostClassifier(random_state=0),1,0.9591836734693877,,No using Simple Imputer,No using One Hot,0.08447742462158203,0.007140636444091797
algerian_forest_fires_46279,simpleimputer,onehot,pca,minmax,AdaBoostClassifier(random_state=0),2,0.9183673469387755,,No using Simple Imputer,No using One Hot,0.0859384536743164,0.006484270095825195
algerian_forest_fires_46279,simpleimputer,onehot,pca,minmax,AdaBoostClassifier(random_state=0),3,0.8958333333333334,,No using Simple Imputer,No using One Hot,0.0844430923461914,0.006554365158081055
algerian_forest_fires_46279,simpleimputer,onehot,pca,minmax,AdaBoostClassifier(random_state=0),4,0.9375,,No using Simple Imputer,No using One Hot,0.08291769027709961,0.006402015686035156
algerian_forest_fires_46279,simpleimputer,onehot,fastica,minmax,AdaBoostClassifier(random_state=0),0,0.7142857142857143,,No using Simple Imputer,No using One Hot,0.08241820335388184,0.006456851959228516
algerian_forest_fires_46279,simpleimputer,onehot,fastica,minmax,AdaBoostClassifier(random_state=0),1,0.8163265306122449,,No using Simple Imputer,No using One Hot,0.08271050453186035,0.006391763687133789
algerian_forest_fires_46279,simpleimputer,onehot,fastica,minmax,AdaBoostClassifier(random_state=0),2,0.7346938775510204,,No using Simple Imputer,No using One Hot,0.0817263126373291,0.006479978561401367
algerian_forest_fires_46279,simpleimputer,onehot,fastica,minmax,AdaBoostClassifier(random_state=0),3,0.8958333333333334,,No using Simple Imputer,No using One Hot,0.08257365226745605,0.00644373893737793
algerian_forest_fires_46279,simpleimputer,onehot,fastica,minmax,AdaBoostClassifier(random_state=0),4,0.875,,No using Simple Imputer,No using One Hot,0.0819547176361084,0.006467342376708984
algerian_forest_fires_46279,simpleimputer,onehot,truncated_svd,minmax,AdaBoostClassifier(random_state=0),0,0.8367346938775511,,No using Simple Imputer,No using One Hot,0.07020044326782227,0.006349325180053711
algerian_forest_fires_46279,simpleimputer,onehot,truncated_svd,minmax,AdaBoostClassifier(random_state=0),1,0.7142857142857143,,No using Simple Imputer,No using One Hot,0.0699167251586914,0.0062732696533203125
algerian_forest_fires_46279,simpleimputer,onehot,truncated_svd,minmax,AdaBoostClassifier(random_state=0),2,0.8367346938775511,,No using Simple Imputer,No using One Hot,0.07478785514831543,0.0062291622161865234
algerian_forest_fires_46279,simpleimputer,onehot,truncated_svd,minmax,AdaBoostClassifier(random_state=0),3,0.8958333333333334,,No using Simple Imputer,No using One Hot,0.07086634635925293,0.006379842758178711
algerian_forest_fires_46279,simpleimputer,onehot,truncated_svd,minmax,AdaBoostClassifier(random_state=0),4,0.9166666666666666,,No using Simple Imputer,No using One Hot,0.07059383392333984,0.0063898563385009766
algerian_forest_fires_46279,simpleimputer,onehot,select_percentile,minmax,AdaBoostClassifier(random_state=0),0,1.0,,No using Simple Imputer,No using One Hot,0.07019758224487305,0.00638127326965332
algerian_forest_fires_46279,simpleimputer,onehot,select_percentile,minmax,AdaBoostClassifier(random_state=0),1,0.9795918367346939,,No using Simple Imputer,No using One Hot,0.07018065452575684,0.006555080413818359
algerian_forest_fires_46279,simpleimputer,onehot,select_percentile,minmax,AdaBoostClassifier(random_state=0),2,1.0,,No using Simple Imputer,No using One Hot,0.06940937042236328,0.006295919418334961
algerian_forest_fires_46279,simpleimputer,onehot,select_percentile,minmax,AdaBoostClassifier(random_state=0),3,0.9583333333333334,,No using Simple Imputer,No using One Hot,0.07102394104003906,0.006491661071777344
algerian_forest_fires_46279,simpleimputer,onehot,select_percentile,minmax,AdaBoostClassifier(random_state=0),4,0.9375,,No using Simple Imputer,No using One Hot,0.07148122787475586,0.006273984909057617
algerian_forest_fires_46279,simpleimputer,onehot,generic_univariate,minmax,AdaBoostClassifier(random_state=0),0,1.0,,No using Simple Imputer,No using One Hot,0.07264137268066406,0.006692409515380859
algerian_forest_fires_46279,simpleimputer,onehot,generic_univariate,minmax,AdaBoostClassifier(random_state=0),1,1.0,,No using Simple Imputer,No using One Hot,0.07100176811218262,0.006307125091552734
algerian_forest_fires_46279,simpleimputer,onehot,generic_univariate,minmax,AdaBoostClassifier(random_state=0),2,1.0,,No using Simple Imputer,No using One Hot,0.07337641716003418,0.006766319274902344
algerian_forest_fires_46279,simpleimputer,onehot,generic_univariate,minmax,AdaBoostClassifier(random_state=0),3,0.9583333333333334,,No using Simple Imputer,No using One Hot,0.07337546348571777,0.00645136833190918
algerian_forest_fires_46279,simpleimputer,onehot,generic_univariate,minmax,AdaBoostClassifier(random_state=0),4,0.9791666666666666,,No using Simple Imputer,No using One Hot,0.0722815990447998,0.0067288875579833984
algerian_forest_fires_46279,simpleimputer,onehot,polynomial_features,minmax,AdaBoostClassifier(random_state=0),0,0.9795918367346939,,No using Simple Imputer,No using One Hot,0.1410083770751953,0.00677943229675293
algerian_forest_fires_46279,simpleimputer,onehot,polynomial_features,minmax,AdaBoostClassifier(random_state=0),1,0.9795918367346939,,No using Simple Imputer,No using One Hot,0.13977766036987305,0.006804704666137695
algerian_forest_fires_46279,simpleimputer,onehot,polynomial_features,minmax,AdaBoostClassifier(random_state=0),2,1.0,,No using Simple Imputer,No using One Hot,0.14178848266601562,0.006600379943847656
algerian_forest_fires_46279,simpleimputer,onehot,polynomial_features,minmax,AdaBoostClassifier(random_state=0),3,0.9583333333333334,,No using Simple Imputer,No using One Hot,0.14050626754760742,0.006541013717651367
algerian_forest_fires_46279,simpleimputer,onehot,polynomial_features,minmax,AdaBoostClassifier(random_state=0),4,0.8958333333333334,,No using Simple Imputer,No using One Hot,0.14096903800964355,0.006692409515380859
algerian_forest_fires_46279,simpleimputer,onehot,nystroem,minmax,AdaBoostClassifier(random_state=0),0,0.8979591836734694,,No using Simple Imputer,No using One Hot,0.19681644439697266,0.006817340850830078
algerian_forest_fires_46279,simpleimputer,onehot,nystroem,minmax,AdaBoostClassifier(random_state=0),1,0.9387755102040817,,No using Simple Imputer,No using One Hot,0.19233131408691406,0.006708383560180664
algerian_forest_fires_46279,simpleimputer,onehot,nystroem,minmax,AdaBoostClassifier(random_state=0),2,0.8775510204081632,,No using Simple Imputer,No using One Hot,0.19545364379882812,0.006794929504394531
algerian_forest_fires_46279,simpleimputer,onehot,nystroem,minmax,AdaBoostClassifier(random_state=0),3,0.9583333333333334,,No using Simple Imputer,No using One Hot,0.18927359580993652,0.006707429885864258
algerian_forest_fires_46279,simpleimputer,onehot,nystroem,minmax,AdaBoostClassifier(random_state=0),4,0.9375,,No using Simple Imputer,No using One Hot,0.19432330131530762,0.006726741790771484
algerian_forest_fires_46279,simpleimputer,onehot,rbf_sampler,minmax,AdaBoostClassifier(random_state=0),0,0.9591836734693877,,No using Simple Imputer,No using One Hot,0.1812582015991211,0.0068476200103759766
algerian_forest_fires_46279,simpleimputer,onehot,rbf_sampler,minmax,AdaBoostClassifier(random_state=0),1,0.9795918367346939,,No using Simple Imputer,No using One Hot,0.17881035804748535,0.006800651550292969
algerian_forest_fires_46279,simpleimputer,onehot,rbf_sampler,minmax,AdaBoostClassifier(random_state=0),2,0.9795918367346939,,No using Simple Imputer,No using One Hot,0.18014049530029297,0.006791591644287109
algerian_forest_fires_46279,simpleimputer,onehot,rbf_sampler,minmax,AdaBoostClassifier(random_state=0),3,0.9583333333333334,,No using Simple Imputer,No using One Hot,0.17994141578674316,0.006784915924072266
algerian_forest_fires_46279,simpleimputer,onehot,rbf_sampler,minmax,AdaBoostClassifier(random_state=0),4,0.9375,,No using Simple Imputer,No using One Hot,0.1808912754058838,0.006808280944824219
algerian_forest_fires_46279,simpleimputer,onehot,random_trees_embedding,minmax,AdaBoostClassifier(random_state=0),0,0.8775510204081632,,No using Simple Imputer,No using One Hot,0.12730693817138672,0.010425329208374023
algerian_forest_fires_46279,simpleimputer,onehot,random_trees_embedding,minmax,AdaBoostClassifier(random_state=0),1,0.9591836734693877,,No using Simple Imputer,No using One Hot,0.12833809852600098,0.010013818740844727
algerian_forest_fires_46279,simpleimputer,onehot,random_trees_embedding,minmax,AdaBoostClassifier(random_state=0),2,0.9795918367346939,,No using Simple Imputer,No using One Hot,0.13100862503051758,0.010172367095947266
algerian_forest_fires_46279,simpleimputer,onehot,random_trees_embedding,minmax,AdaBoostClassifier(random_state=0),3,0.9583333333333334,,No using Simple Imputer,No using One Hot,0.12563681602478027,0.010042667388916016
algerian_forest_fires_46279,simpleimputer,onehot,random_trees_embedding,minmax,AdaBoostClassifier(random_state=0),4,0.9375,,No using Simple Imputer,No using One Hot,0.12753891944885254,0.010475873947143555
algerian_forest_fires_46279,simpleimputer,onehot,feature_agglomeration,minmax,AdaBoostClassifier(random_state=0),0,0.8571428571428571,,No using Simple Imputer,No using One Hot,0.0715022087097168,0.006457328796386719
algerian_forest_fires_46279,simpleimputer,onehot,feature_agglomeration,minmax,AdaBoostClassifier(random_state=0),1,0.8571428571428571,,No using Simple Imputer,No using One Hot,0.07139706611633301,0.006379127502441406
algerian_forest_fires_46279,simpleimputer,onehot,feature_agglomeration,minmax,AdaBoostClassifier(random_state=0),2,0.8571428571428571,,No using Simple Imputer,No using One Hot,0.0753486156463623,0.006527900695800781
algerian_forest_fires_46279,simpleimputer,onehot,feature_agglomeration,minmax,AdaBoostClassifier(random_state=0),3,0.8333333333333334,,No using Simple Imputer,No using One Hot,0.07122254371643066,0.006448030471801758
algerian_forest_fires_46279,simpleimputer,onehot,feature_agglomeration,minmax,AdaBoostClassifier(random_state=0),4,0.875,,No using Simple Imputer,No using One Hot,0.07149028778076172,0.006502389907836914
algerian_forest_fires_46279,simpleimputer,onehot,extra_tree,minmax,AdaBoostClassifier(random_state=0),0,1.0,,No using Simple Imputer,No using One Hot,0.07467532157897949,0.006388664245605469
algerian_forest_fires_46279,simpleimputer,onehot,extra_tree,minmax,AdaBoostClassifier(random_state=0),1,0.9795918367346939,,No using Simple Imputer,No using One Hot,0.07199740409851074,0.006470441818237305
algerian_forest_fires_46279,simpleimputer,onehot,extra_tree,minmax,AdaBoostClassifier(random_state=0),2,1.0,,No using Simple Imputer,No using One Hot,0.0719139575958252,0.006396293640136719
algerian_forest_fires_46279,simpleimputer,onehot,extra_tree,minmax,AdaBoostClassifier(random_state=0),3,0.9791666666666666,,No using Simple Imputer,No using One Hot,0.07252025604248047,0.006462812423706055
algerian_forest_fires_46279,simpleimputer,onehot,extra_tree,minmax,AdaBoostClassifier(random_state=0),4,0.9375,,No using Simple Imputer,No using One Hot,0.07171034812927246,0.006479501724243164
algerian_forest_fires_46279,simpleimputer,onehot,linear_svc,minmax,AdaBoostClassifier(random_state=0),0,1.0,,No using Simple Imputer,No using One Hot,0.07096552848815918,0.0064504146575927734
algerian_forest_fires_46279,simpleimputer,onehot,linear_svc,minmax,AdaBoostClassifier(random_state=0),1,0.9795918367346939,,No using Simple Imputer,No using One Hot,0.07089662551879883,0.0066375732421875
algerian_forest_fires_46279,simpleimputer,onehot,linear_svc,minmax,AdaBoostClassifier(random_state=0),2,1.0,,No using Simple Imputer,No using One Hot,0.07155656814575195,0.00636744499206543
algerian_forest_fires_46279,simpleimputer,onehot,linear_svc,minmax,AdaBoostClassifier(random_state=0),3,0.9583333333333334,,No using Simple Imputer,No using One Hot,0.07103896141052246,0.0064089298248291016
algerian_forest_fires_46279,simpleimputer,onehot,linear_svc,minmax,AdaBoostClassifier(random_state=0),4,0.9375,,No using Simple Imputer,No using One Hot,0.07099485397338867,0.006361246109008789
algerian_forest_fires_46279,simpleimputer,onehot,kernel_pca,minmax,AdaBoostClassifier(random_state=0),0,0.8979591836734694,,No using Simple Imputer,No using One Hot,0.09991836547851562,0.007127285003662109
algerian_forest_fires_46279,simpleimputer,onehot,kernel_pca,minmax,AdaBoostClassifier(random_state=0),1,0.9591836734693877,,No using Simple Imputer,No using One Hot,0.09963274002075195,0.007039308547973633
algerian_forest_fires_46279,simpleimputer,onehot,kernel_pca,minmax,AdaBoostClassifier(random_state=0),2,0.9183673469387755,,No using Simple Imputer,No using One Hot,0.09983420372009277,0.007096052169799805
algerian_forest_fires_46279,simpleimputer,onehot,kernel_pca,minmax,AdaBoostClassifier(random_state=0),3,0.8958333333333334,,No using Simple Imputer,No using One Hot,0.09991121292114258,0.00705718994140625
algerian_forest_fires_46279,simpleimputer,onehot,kernel_pca,minmax,AdaBoostClassifier(random_state=0),4,0.9375,,No using Simple Imputer,No using One Hot,0.10468173027038574,0.007152080535888672
algerian_forest_fires_46279,simpleimputer,onehot,,robust,AdaBoostClassifier(random_state=0),0,1.0,,No using Simple Imputer,No using One Hot,0.07697629928588867,0.006617069244384766
algerian_forest_fires_46279,simpleimputer,onehot,,robust,AdaBoostClassifier(random_state=0),1,0.9795918367346939,,No using Simple Imputer,No using One Hot,0.07702851295471191,0.006564617156982422
algerian_forest_fires_46279,simpleimputer,onehot,,robust,AdaBoostClassifier(random_state=0),2,1.0,,No using Simple Imputer,No using One Hot,0.07721114158630371,0.0064640045166015625
algerian_forest_fires_46279,simpleimputer,onehot,,robust,AdaBoostClassifier(random_state=0),3,0.9583333333333334,,No using Simple Imputer,No using One Hot,0.07742047309875488,0.006516456604003906
algerian_forest_fires_46279,simpleimputer,onehot,,robust,AdaBoostClassifier(random_state=0),4,0.9583333333333334,,No using Simple Imputer,No using One Hot,0.07677030563354492,0.0066106319427490234
algerian_forest_fires_46279,simpleimputer,onehot,pca,robust,AdaBoostClassifier(random_state=0),0,0.8571428571428571,,No using Simple Imputer,No using One Hot,0.08268332481384277,0.0063648223876953125
algerian_forest_fires_46279,simpleimputer,onehot,pca,robust,AdaBoostClassifier(random_state=0),1,0.9591836734693877,,No using Simple Imputer,No using One Hot,0.09155678749084473,0.008197546005249023
algerian_forest_fires_46279,simpleimputer,onehot,pca,robust,AdaBoostClassifier(random_state=0),2,0.8775510204081632,,No using Simple Imputer,No using One Hot,0.08331513404846191,0.006535530090332031
algerian_forest_fires_46279,simpleimputer,onehot,pca,robust,AdaBoostClassifier(random_state=0),3,0.9375,,No using Simple Imputer,No using One Hot,0.08316254615783691,0.006516933441162109
algerian_forest_fires_46279,simpleimputer,onehot,pca,robust,AdaBoostClassifier(random_state=0),4,0.9375,,No using Simple Imputer,No using One Hot,0.0826268196105957,0.006474733352661133
algerian_forest_fires_46279,simpleimputer,onehot,fastica,robust,AdaBoostClassifier(random_state=0),0,0.8979591836734694,,No using Simple Imputer,No using One Hot,0.08289408683776855,0.006453514099121094
algerian_forest_fires_46279,simpleimputer,onehot,fastica,robust,AdaBoostClassifier(random_state=0),1,0.6326530612244898,,No using Simple Imputer,No using One Hot,0.08102798461914062,0.0065233707427978516
algerian_forest_fires_46279,simpleimputer,onehot,fastica,robust,AdaBoostClassifier(random_state=0),2,0.4897959183673469,,No using Simple Imputer,No using One Hot,0.08288335800170898,0.006552219390869141
algerian_forest_fires_46279,simpleimputer,onehot,fastica,robust,AdaBoostClassifier(random_state=0),3,0.9375,,No using Simple Imputer,No using One Hot,0.08379960060119629,0.0065610408782958984
algerian_forest_fires_46279,simpleimputer,onehot,fastica,robust,AdaBoostClassifier(random_state=0),4,0.8541666666666666,,No using Simple Imputer,No using One Hot,0.0866994857788086,0.0065686702728271484
algerian_forest_fires_46279,simpleimputer,onehot,truncated_svd,robust,AdaBoostClassifier(random_state=0),0,0.7755102040816326,,No using Simple Imputer,No using One Hot,0.07369542121887207,0.006343841552734375
algerian_forest_fires_46279,simpleimputer,onehot,truncated_svd,robust,AdaBoostClassifier(random_state=0),1,0.9387755102040817,,No using Simple Imputer,No using One Hot,0.0710604190826416,0.00652003288269043
algerian_forest_fires_46279,simpleimputer,onehot,truncated_svd,robust,AdaBoostClassifier(random_state=0),2,0.8163265306122449,,No using Simple Imputer,No using One Hot,0.07213449478149414,0.006909608840942383
algerian_forest_fires_46279,simpleimputer,onehot,truncated_svd,robust,AdaBoostClassifier(random_state=0),3,0.8958333333333334,,No using Simple Imputer,No using One Hot,0.08023905754089355,0.007235527038574219
algerian_forest_fires_46279,simpleimputer,onehot,truncated_svd,robust,AdaBoostClassifier(random_state=0),4,0.8958333333333334,,No using Simple Imputer,No using One Hot,0.07651972770690918,0.006838560104370117
algerian_forest_fires_46279,simpleimputer,onehot,select_percentile,robust,AdaBoostClassifier(random_state=0),0,1.0,,No using Simple Imputer,No using One Hot,0.07515668869018555,0.006856203079223633
algerian_forest_fires_46279,simpleimputer,onehot,select_percentile,robust,AdaBoostClassifier(random_state=0),1,0.9795918367346939,,No using Simple Imputer,No using One Hot,0.08895683288574219,0.006993293762207031
algerian_forest_fires_46279,simpleimputer,onehot,select_percentile,robust,AdaBoostClassifier(random_state=0),2,1.0,,No using Simple Imputer,No using One Hot,0.07695508003234863,0.006966590881347656
algerian_forest_fires_46279,simpleimputer,onehot,select_percentile,robust,AdaBoostClassifier(random_state=0),3,0.9583333333333334,,No using Simple Imputer,No using One Hot,0.07649064064025879,0.007149934768676758
algerian_forest_fires_46279,simpleimputer,onehot,select_percentile,robust,AdaBoostClassifier(random_state=0),4,0.9375,,No using Simple Imputer,No using One Hot,0.07671713829040527,0.007021665573120117
algerian_forest_fires_46279,simpleimputer,onehot,generic_univariate,robust,AdaBoostClassifier(random_state=0),0,1.0,,No using Simple Imputer,No using One Hot,0.07540583610534668,0.006749629974365234
algerian_forest_fires_46279,simpleimputer,onehot,generic_univariate,robust,AdaBoostClassifier(random_state=0),1,1.0,,No using Simple Imputer,No using One Hot,0.07560896873474121,0.0076982975006103516
algerian_forest_fires_46279,simpleimputer,onehot,generic_univariate,robust,AdaBoostClassifier(random_state=0),2,1.0,,No using Simple Imputer,No using One Hot,0.08716106414794922,0.007069587707519531
algerian_forest_fires_46279,simpleimputer,onehot,generic_univariate,robust,AdaBoostClassifier(random_state=0),3,0.9583333333333334,,No using Simple Imputer,No using One Hot,0.07511329650878906,0.006911754608154297
algerian_forest_fires_46279,simpleimputer,onehot,generic_univariate,robust,AdaBoostClassifier(random_state=0),4,0.9791666666666666,,No using Simple Imputer,No using One Hot,0.07466387748718262,0.006892204284667969
algerian_forest_fires_46279,simpleimputer,onehot,polynomial_features,robust,AdaBoostClassifier(random_state=0),0,0.9795918367346939,,No using Simple Imputer,No using One Hot,0.16086387634277344,0.007299661636352539
algerian_forest_fires_46279,simpleimputer,onehot,polynomial_features,robust,AdaBoostClassifier(random_state=0),1,0.9795918367346939,,No using Simple Imputer,No using One Hot,0.15021204948425293,0.0071141719818115234
algerian_forest_fires_46279,simpleimputer,onehot,polynomial_features,robust,AdaBoostClassifier(random_state=0),2,0.9795918367346939,,No using Simple Imputer,No using One Hot,0.16881513595581055,0.007738351821899414
algerian_forest_fires_46279,simpleimputer,onehot,polynomial_features,robust,AdaBoostClassifier(random_state=0),3,0.9791666666666666,,No using Simple Imputer,No using One Hot,0.15180587768554688,0.007438182830810547
algerian_forest_fires_46279,simpleimputer,onehot,polynomial_features,robust,AdaBoostClassifier(random_state=0),4,0.9375,,No using Simple Imputer,No using One Hot,0.1512758731842041,0.007149934768676758
algerian_forest_fires_46279,simpleimputer,onehot,nystroem,robust,AdaBoostClassifier(random_state=0),0,0.8367346938775511,,No using Simple Imputer,No using One Hot,0.20840954780578613,0.007249116897583008
algerian_forest_fires_46279,simpleimputer,onehot,nystroem,robust,AdaBoostClassifier(random_state=0),1,0.8979591836734694,,No using Simple Imputer,No using One Hot,0.2261049747467041,0.007169961929321289
algerian_forest_fires_46279,simpleimputer,onehot,nystroem,robust,AdaBoostClassifier(random_state=0),2,0.8571428571428571,,No using Simple Imputer,No using One Hot,0.20789647102355957,0.0071563720703125
algerian_forest_fires_46279,simpleimputer,onehot,nystroem,robust,AdaBoostClassifier(random_state=0),3,0.9583333333333334,,No using Simple Imputer,No using One Hot,0.2101142406463623,0.007147789001464844
algerian_forest_fires_46279,simpleimputer,onehot,nystroem,robust,AdaBoostClassifier(random_state=0),4,0.9166666666666666,,No using Simple Imputer,No using One Hot,0.20386195182800293,0.0066149234771728516
algerian_forest_fires_46279,simpleimputer,onehot,rbf_sampler,robust,AdaBoostClassifier(random_state=0),0,0.5306122448979592,,No using Simple Imputer,No using One Hot,0.19568586349487305,0.006675243377685547
algerian_forest_fires_46279,simpleimputer,onehot,rbf_sampler,robust,AdaBoostClassifier(random_state=0),1,0.7551020408163265,,No using Simple Imputer,No using One Hot,0.17782235145568848,0.006684064865112305
algerian_forest_fires_46279,simpleimputer,onehot,rbf_sampler,robust,AdaBoostClassifier(random_state=0),2,0.7142857142857143,,No using Simple Imputer,No using One Hot,0.1783308982849121,0.006617069244384766
algerian_forest_fires_46279,simpleimputer,onehot,rbf_sampler,robust,AdaBoostClassifier(random_state=0),3,0.7291666666666666,,No using Simple Imputer,No using One Hot,0.17729401588439941,0.006649494171142578
algerian_forest_fires_46279,simpleimputer,onehot,rbf_sampler,robust,AdaBoostClassifier(random_state=0),4,0.6875,,No using Simple Imputer,No using One Hot,0.1818554401397705,0.006692409515380859
algerian_forest_fires_46279,simpleimputer,onehot,random_trees_embedding,robust,AdaBoostClassifier(random_state=0),0,0.8775510204081632,,No using Simple Imputer,No using One Hot,0.16467905044555664,0.01270604133605957
algerian_forest_fires_46279,simpleimputer,onehot,random_trees_embedding,robust,AdaBoostClassifier(random_state=0),1,0.9591836734693877,,No using Simple Imputer,No using One Hot,0.12647080421447754,0.010328292846679688
algerian_forest_fires_46279,simpleimputer,onehot,random_trees_embedding,robust,AdaBoostClassifier(random_state=0),2,0.9795918367346939,,No using Simple Imputer,No using One Hot,0.12608575820922852,0.010325908660888672
algerian_forest_fires_46279,simpleimputer,onehot,random_trees_embedding,robust,AdaBoostClassifier(random_state=0),3,0.9583333333333334,,No using Simple Imputer,No using One Hot,0.12808704376220703,0.010149240493774414
algerian_forest_fires_46279,simpleimputer,onehot,random_trees_embedding,robust,AdaBoostClassifier(random_state=0),4,0.9375,,No using Simple Imputer,No using One Hot,0.1276686191558838,0.010057210922241211
algerian_forest_fires_46279,simpleimputer,onehot,feature_agglomeration,robust,AdaBoostClassifier(random_state=0),0,0.673469387755102,,No using Simple Imputer,No using One Hot,0.07015419006347656,0.00646662712097168
algerian_forest_fires_46279,simpleimputer,onehot,feature_agglomeration,robust,AdaBoostClassifier(random_state=0),1,0.8571428571428571,,No using Simple Imputer,No using One Hot,0.07154679298400879,0.006356239318847656
algerian_forest_fires_46279,simpleimputer,onehot,feature_agglomeration,robust,AdaBoostClassifier(random_state=0),2,0.8979591836734694,,No using Simple Imputer,No using One Hot,0.06987118721008301,0.0064389705657958984
algerian_forest_fires_46279,simpleimputer,onehot,feature_agglomeration,robust,AdaBoostClassifier(random_state=0),3,0.875,,No using Simple Imputer,No using One Hot,0.08184647560119629,0.006804943084716797
algerian_forest_fires_46279,simpleimputer,onehot,feature_agglomeration,robust,AdaBoostClassifier(random_state=0),4,0.875,,No using Simple Imputer,No using One Hot,0.07079577445983887,0.006345510482788086
algerian_forest_fires_46279,simpleimputer,onehot,extra_tree,robust,AdaBoostClassifier(random_state=0),0,1.0,,No using Simple Imputer,No using One Hot,0.07489252090454102,0.006463050842285156
algerian_forest_fires_46279,simpleimputer,onehot,extra_tree,robust,AdaBoostClassifier(random_state=0),1,0.9795918367346939,,No using Simple Imputer,No using One Hot,0.07239413261413574,0.006497383117675781
algerian_forest_fires_46279,simpleimputer,onehot,extra_tree,robust,AdaBoostClassifier(random_state=0),2,1.0,,No using Simple Imputer,No using One Hot,0.07260417938232422,0.006325244903564453
algerian_forest_fires_46279,simpleimputer,onehot,extra_tree,robust,AdaBoostClassifier(random_state=0),3,0.9791666666666666,,No using Simple Imputer,No using One Hot,0.07242536544799805,0.006339550018310547
algerian_forest_fires_46279,simpleimputer,onehot,extra_tree,robust,AdaBoostClassifier(random_state=0),4,0.9375,,No using Simple Imputer,No using One Hot,0.0726773738861084,0.006350994110107422
algerian_forest_fires_46279,simpleimputer,onehot,linear_svc,robust,AdaBoostClassifier(random_state=0),0,1.0,,No using Simple Imputer,No using One Hot,0.07265734672546387,0.006498813629150391
algerian_forest_fires_46279,simpleimputer,onehot,linear_svc,robust,AdaBoostClassifier(random_state=0),1,0.9795918367346939,,No using Simple Imputer,No using One Hot,0.07279181480407715,0.006478309631347656
algerian_forest_fires_46279,simpleimputer,onehot,linear_svc,robust,AdaBoostClassifier(random_state=0),2,1.0,,No using Simple Imputer,No using One Hot,0.07237553596496582,0.006357908248901367
algerian_forest_fires_46279,simpleimputer,onehot,linear_svc,robust,AdaBoostClassifier(random_state=0),3,0.9583333333333334,,No using Simple Imputer,No using One Hot,0.07263422012329102,0.006417989730834961
algerian_forest_fires_46279,simpleimputer,onehot,linear_svc,robust,AdaBoostClassifier(random_state=0),4,0.9375,,No using Simple Imputer,No using One Hot,0.07239246368408203,0.00648045539855957
algerian_forest_fires_46279,simpleimputer,onehot,kernel_pca,robust,AdaBoostClassifier(random_state=0),0,0.8571428571428571,,No using Simple Imputer,No using One Hot,0.09802889823913574,0.0066680908203125
algerian_forest_fires_46279,simpleimputer,onehot,kernel_pca,robust,AdaBoostClassifier(random_state=0),1,0.9591836734693877,,No using Simple Imputer,No using One Hot,0.09578728675842285,0.006348371505737305
algerian_forest_fires_46279,simpleimputer,onehot,kernel_pca,robust,AdaBoostClassifier(random_state=0),2,0.8775510204081632,,No using Simple Imputer,No using One Hot,0.09187960624694824,0.0064160823822021484
algerian_forest_fires_46279,simpleimputer,onehot,kernel_pca,robust,AdaBoostClassifier(random_state=0),3,0.9375,,No using Simple Imputer,No using One Hot,0.10182380676269531,0.0063970088958740234
algerian_forest_fires_46279,simpleimputer,onehot,kernel_pca,robust,AdaBoostClassifier(random_state=0),4,0.9375,,No using Simple Imputer,No using One Hot,0.09594488143920898,0.006451845169067383
algerian_forest_fires_46279,simpleimputer,onehot,,normalizer,AdaBoostClassifier(random_state=0),0,0.9795918367346939,,No using Simple Imputer,No using One Hot,0.07561755180358887,0.006087541580200195
algerian_forest_fires_46279,simpleimputer,onehot,,normalizer,AdaBoostClassifier(random_state=0),1,0.9795918367346939,,No using Simple Imputer,No using One Hot,0.0748434066772461,0.006083011627197266
algerian_forest_fires_46279,simpleimputer,onehot,,normalizer,AdaBoostClassifier(random_state=0),2,0.9591836734693877,,No using Simple Imputer,No using One Hot,0.07737588882446289,0.0060923099517822266
algerian_forest_fires_46279,simpleimputer,onehot,,normalizer,AdaBoostClassifier(random_state=0),3,1.0,,No using Simple Imputer,No using One Hot,0.07683014869689941,0.005933046340942383
algerian_forest_fires_46279,simpleimputer,onehot,,normalizer,AdaBoostClassifier(random_state=0),4,0.9583333333333334,,No using Simple Imputer,No using One Hot,0.07532191276550293,0.0059430599212646484
algerian_forest_fires_46279,simpleimputer,onehot,pca,normalizer,AdaBoostClassifier(random_state=0),0,0.8979591836734694,,No using Simple Imputer,No using One Hot,0.07663202285766602,0.005926609039306641
algerian_forest_fires_46279,simpleimputer,onehot,pca,normalizer,AdaBoostClassifier(random_state=0),1,0.9795918367346939,,No using Simple Imputer,No using One Hot,0.07705283164978027,0.0059299468994140625
algerian_forest_fires_46279,simpleimputer,onehot,pca,normalizer,AdaBoostClassifier(random_state=0),2,0.8979591836734694,,No using Simple Imputer,No using One Hot,0.07634949684143066,0.005925416946411133
algerian_forest_fires_46279,simpleimputer,onehot,pca,normalizer,AdaBoostClassifier(random_state=0),3,0.9583333333333334,,No using Simple Imputer,No using One Hot,0.07620453834533691,0.005960226058959961
algerian_forest_fires_46279,simpleimputer,onehot,pca,normalizer,AdaBoostClassifier(random_state=0),4,0.9583333333333334,,No using Simple Imputer,No using One Hot,0.07624316215515137,0.006244182586669922
algerian_forest_fires_46279,simpleimputer,onehot,fastica,normalizer,AdaBoostClassifier(random_state=0),0,0.8979591836734694,,No using Simple Imputer,No using One Hot,0.07625317573547363,0.006086587905883789
algerian_forest_fires_46279,simpleimputer,onehot,fastica,normalizer,AdaBoostClassifier(random_state=0),1,0.9183673469387755,,No using Simple Imputer,No using One Hot,0.07722711563110352,0.0059015750885009766
algerian_forest_fires_46279,simpleimputer,onehot,fastica,normalizer,AdaBoostClassifier(random_state=0),2,0.8163265306122449,,No using Simple Imputer,No using One Hot,0.0764017105102539,0.005913972854614258
algerian_forest_fires_46279,simpleimputer,onehot,fastica,normalizer,AdaBoostClassifier(random_state=0),3,0.9166666666666666,,No using Simple Imputer,No using One Hot,0.0762476921081543,0.0060274600982666016
algerian_forest_fires_46279,simpleimputer,onehot,fastica,normalizer,AdaBoostClassifier(random_state=0),4,0.875,,No using Simple Imputer,No using One Hot,0.07663917541503906,0.005886554718017578
algerian_forest_fires_46279,simpleimputer,onehot,truncated_svd,normalizer,AdaBoostClassifier(random_state=0),0,0.8163265306122449,,No using Simple Imputer,No using One Hot,0.06712818145751953,0.005923271179199219
algerian_forest_fires_46279,simpleimputer,onehot,truncated_svd,normalizer,AdaBoostClassifier(random_state=0),1,0.673469387755102,,No using Simple Imputer,No using One Hot,0.06544637680053711,0.005959510803222656
algerian_forest_fires_46279,simpleimputer,onehot,truncated_svd,normalizer,AdaBoostClassifier(random_state=0),2,0.8163265306122449,,No using Simple Imputer,No using One Hot,0.0657045841217041,0.005861520767211914
algerian_forest_fires_46279,simpleimputer,onehot,truncated_svd,normalizer,AdaBoostClassifier(random_state=0),3,0.875,,No using Simple Imputer,No using One Hot,0.0670325756072998,0.0058057308197021484
algerian_forest_fires_46279,simpleimputer,onehot,truncated_svd,normalizer,AdaBoostClassifier(random_state=0),4,0.8958333333333334,,No using Simple Imputer,No using One Hot,0.06438636779785156,0.0058917999267578125
algerian_forest_fires_46279,simpleimputer,onehot,select_percentile,normalizer,AdaBoostClassifier(random_state=0),0,0.9591836734693877,,No using Simple Imputer,No using One Hot,0.06442809104919434,0.005812168121337891
algerian_forest_fires_46279,simpleimputer,onehot,select_percentile,normalizer,AdaBoostClassifier(random_state=0),1,0.9795918367346939,,No using Simple Imputer,No using One Hot,0.0642709732055664,0.005860090255737305
algerian_forest_fires_46279,simpleimputer,onehot,select_percentile,normalizer,AdaBoostClassifier(random_state=0),2,0.9795918367346939,,No using Simple Imputer,No using One Hot,0.06444692611694336,0.005863189697265625
algerian_forest_fires_46279,simpleimputer,onehot,select_percentile,normalizer,AdaBoostClassifier(random_state=0),3,0.9583333333333334,,No using Simple Imputer,No using One Hot,0.06439852714538574,0.0057637691497802734
algerian_forest_fires_46279,simpleimputer,onehot,select_percentile,normalizer,AdaBoostClassifier(random_state=0),4,0.9375,,No using Simple Imputer,No using One Hot,0.06400370597839355,0.0057790279388427734
algerian_forest_fires_46279,simpleimputer,onehot,generic_univariate,normalizer,AdaBoostClassifier(random_state=0),0,0.9795918367346939,,No using Simple Imputer,No using One Hot,0.06295371055603027,0.00577545166015625
algerian_forest_fires_46279,simpleimputer,onehot,generic_univariate,normalizer,AdaBoostClassifier(random_state=0),1,1.0,,No using Simple Imputer,No using One Hot,0.06386041641235352,0.005769968032836914
algerian_forest_fires_46279,simpleimputer,onehot,generic_univariate,normalizer,AdaBoostClassifier(random_state=0),2,0.9591836734693877,,No using Simple Imputer,No using One Hot,0.06402444839477539,0.00581812858581543
algerian_forest_fires_46279,simpleimputer,onehot,generic_univariate,normalizer,AdaBoostClassifier(random_state=0),3,0.9375,,No using Simple Imputer,No using One Hot,0.06346321105957031,0.005911588668823242
algerian_forest_fires_46279,simpleimputer,onehot,generic_univariate,normalizer,AdaBoostClassifier(random_state=0),4,0.9583333333333334,,No using Simple Imputer,No using One Hot,0.06385111808776855,0.00589442253112793
algerian_forest_fires_46279,simpleimputer,onehot,polynomial_features,normalizer,AdaBoostClassifier(random_state=0),0,0.9591836734693877,,No using Simple Imputer,No using One Hot,0.14451384544372559,0.006134986877441406
algerian_forest_fires_46279,simpleimputer,onehot,polynomial_features,normalizer,AdaBoostClassifier(random_state=0),1,0.9795918367346939,,No using Simple Imputer,No using One Hot,0.14484238624572754,0.006104230880737305
algerian_forest_fires_46279,simpleimputer,onehot,polynomial_features,normalizer,AdaBoostClassifier(random_state=0),2,0.9795918367346939,,No using Simple Imputer,No using One Hot,0.14479851722717285,0.005950927734375
algerian_forest_fires_46279,simpleimputer,onehot,polynomial_features,normalizer,AdaBoostClassifier(random_state=0),3,0.9791666666666666,,No using Simple Imputer,No using One Hot,0.14440464973449707,0.0061016082763671875
algerian_forest_fires_46279,simpleimputer,onehot,polynomial_features,normalizer,AdaBoostClassifier(random_state=0),4,0.9583333333333334,,No using Simple Imputer,No using One Hot,0.14612865447998047,0.005915641784667969
algerian_forest_fires_46279,simpleimputer,onehot,nystroem,normalizer,AdaBoostClassifier(random_state=0),0,0.8979591836734694,,No using Simple Imputer,No using One Hot,0.17554998397827148,0.006147861480712891
algerian_forest_fires_46279,simpleimputer,onehot,nystroem,normalizer,AdaBoostClassifier(random_state=0),1,0.9387755102040817,,No using Simple Imputer,No using One Hot,0.1708519458770752,0.006067514419555664
algerian_forest_fires_46279,simpleimputer,onehot,nystroem,normalizer,AdaBoostClassifier(random_state=0),2,0.9387755102040817,,No using Simple Imputer,No using One Hot,0.1679842472076416,0.006004810333251953
algerian_forest_fires_46279,simpleimputer,onehot,nystroem,normalizer,AdaBoostClassifier(random_state=0),3,0.9375,,No using Simple Imputer,No using One Hot,0.17622041702270508,0.0060312747955322266
algerian_forest_fires_46279,simpleimputer,onehot,nystroem,normalizer,AdaBoostClassifier(random_state=0),4,0.9166666666666666,,No using Simple Imputer,No using One Hot,0.17806386947631836,0.006055355072021484
algerian_forest_fires_46279,simpleimputer,onehot,rbf_sampler,normalizer,AdaBoostClassifier(random_state=0),0,0.9795918367346939,,No using Simple Imputer,No using One Hot,0.17180275917053223,0.006615638732910156
algerian_forest_fires_46279,simpleimputer,onehot,rbf_sampler,normalizer,AdaBoostClassifier(random_state=0),1,0.9591836734693877,,No using Simple Imputer,No using One Hot,0.1706225872039795,0.006608724594116211
algerian_forest_fires_46279,simpleimputer,onehot,rbf_sampler,normalizer,AdaBoostClassifier(random_state=0),2,0.8979591836734694,,No using Simple Imputer,No using One Hot,0.17091679573059082,0.006543397903442383
algerian_forest_fires_46279,simpleimputer,onehot,rbf_sampler,normalizer,AdaBoostClassifier(random_state=0),3,0.9375,,No using Simple Imputer,No using One Hot,0.1725759506225586,0.006712913513183594
algerian_forest_fires_46279,simpleimputer,onehot,rbf_sampler,normalizer,AdaBoostClassifier(random_state=0),4,0.9375,,No using Simple Imputer,No using One Hot,0.17337656021118164,0.006633281707763672
algerian_forest_fires_46279,simpleimputer,onehot,random_trees_embedding,normalizer,AdaBoostClassifier(random_state=0),0,0.8979591836734694,,No using Simple Imputer,No using One Hot,0.12661981582641602,0.010426998138427734
algerian_forest_fires_46279,simpleimputer,onehot,random_trees_embedding,normalizer,AdaBoostClassifier(random_state=0),1,0.9591836734693877,,No using Simple Imputer,No using One Hot,0.12331795692443848,0.010278940200805664
algerian_forest_fires_46279,simpleimputer,onehot,random_trees_embedding,normalizer,AdaBoostClassifier(random_state=0),2,1.0,,No using Simple Imputer,No using One Hot,0.12420272827148438,0.009774208068847656
algerian_forest_fires_46279,simpleimputer,onehot,random_trees_embedding,normalizer,AdaBoostClassifier(random_state=0),3,0.9375,,No using Simple Imputer,No using One Hot,0.12235522270202637,0.009783506393432617
algerian_forest_fires_46279,simpleimputer,onehot,random_trees_embedding,normalizer,AdaBoostClassifier(random_state=0),4,0.9583333333333334,,No using Simple Imputer,No using One Hot,0.12455987930297852,0.009875774383544922
algerian_forest_fires_46279,simpleimputer,onehot,feature_agglomeration,normalizer,AdaBoostClassifier(random_state=0),0,0.7959183673469388,,No using Simple Imputer,No using One Hot,0.06845998764038086,0.00621342658996582
algerian_forest_fires_46279,simpleimputer,onehot,feature_agglomeration,normalizer,AdaBoostClassifier(random_state=0),1,0.7346938775510204,,No using Simple Imputer,No using One Hot,0.06853938102722168,0.006253480911254883
algerian_forest_fires_46279,simpleimputer,onehot,feature_agglomeration,normalizer,AdaBoostClassifier(random_state=0),2,0.8163265306122449,,No using Simple Imputer,No using One Hot,0.06834244728088379,0.006232500076293945
algerian_forest_fires_46279,simpleimputer,onehot,feature_agglomeration,normalizer,AdaBoostClassifier(random_state=0),3,0.8125,,No using Simple Imputer,No using One Hot,0.06857180595397949,0.006210803985595703
algerian_forest_fires_46279,simpleimputer,onehot,feature_agglomeration,normalizer,AdaBoostClassifier(random_state=0),4,0.875,,No using Simple Imputer,No using One Hot,0.06863737106323242,0.006196498870849609
algerian_forest_fires_46279,simpleimputer,onehot,extra_tree,normalizer,AdaBoostClassifier(random_state=0),0,0.9795918367346939,,No using Simple Imputer,No using One Hot,0.07068991661071777,0.006158351898193359
algerian_forest_fires_46279,simpleimputer,onehot,extra_tree,normalizer,AdaBoostClassifier(random_state=0),1,0.9795918367346939,,No using Simple Imputer,No using One Hot,0.07144737243652344,0.006304264068603516
algerian_forest_fires_46279,simpleimputer,onehot,extra_tree,normalizer,AdaBoostClassifier(random_state=0),2,1.0,,No using Simple Imputer,No using One Hot,0.0705878734588623,0.006311893463134766
algerian_forest_fires_46279,simpleimputer,onehot,extra_tree,normalizer,AdaBoostClassifier(random_state=0),3,0.9375,,No using Simple Imputer,No using One Hot,0.07084870338439941,0.006310224533081055
algerian_forest_fires_46279,simpleimputer,onehot,extra_tree,normalizer,AdaBoostClassifier(random_state=0),4,0.9375,,No using Simple Imputer,No using One Hot,0.06991934776306152,0.006277322769165039
algerian_forest_fires_46279,simpleimputer,onehot,linear_svc,normalizer,AdaBoostClassifier(random_state=0),0,0.9591836734693877,,No using Simple Imputer,No using One Hot,0.07720685005187988,0.006359577178955078
algerian_forest_fires_46279,simpleimputer,onehot,linear_svc,normalizer,AdaBoostClassifier(random_state=0),1,0.9795918367346939,,No using Simple Imputer,No using One Hot,0.07740473747253418,0.006513357162475586
algerian_forest_fires_46279,simpleimputer,onehot,linear_svc,normalizer,AdaBoostClassifier(random_state=0),2,0.9591836734693877,,No using Simple Imputer,No using One Hot,0.07583785057067871,0.006574153900146484
algerian_forest_fires_46279,simpleimputer,onehot,linear_svc,normalizer,AdaBoostClassifier(random_state=0),3,0.9583333333333334,,No using Simple Imputer,No using One Hot,0.07506895065307617,0.006333589553833008
algerian_forest_fires_46279,simpleimputer,onehot,linear_svc,normalizer,AdaBoostClassifier(random_state=0),4,0.9583333333333334,,No using Simple Imputer,No using One Hot,0.07328033447265625,0.006342887878417969
algerian_forest_fires_46279,simpleimputer,onehot,kernel_pca,normalizer,AdaBoostClassifier(random_state=0),0,0.8979591836734694,,No using Simple Imputer,No using One Hot,0.09750699996948242,0.006806850433349609
algerian_forest_fires_46279,simpleimputer,onehot,kernel_pca,normalizer,AdaBoostClassifier(random_state=0),1,0.9795918367346939,,No using Simple Imputer,No using One Hot,0.09935688972473145,0.0069506168365478516
algerian_forest_fires_46279,simpleimputer,onehot,kernel_pca,normalizer,AdaBoostClassifier(random_state=0),2,0.8979591836734694,,No using Simple Imputer,No using One Hot,0.09861493110656738,0.006886720657348633
algerian_forest_fires_46279,simpleimputer,onehot,kernel_pca,normalizer,AdaBoostClassifier(random_state=0),3,0.9583333333333334,,No using Simple Imputer,No using One Hot,0.10307765007019043,0.0068285465240478516
algerian_forest_fires_46279,simpleimputer,onehot,kernel_pca,normalizer,AdaBoostClassifier(random_state=0),4,0.9583333333333334,,No using Simple Imputer,No using One Hot,0.09904813766479492,0.00684046745300293
algerian_forest_fires_46279,simpleimputer,onehot,,power,AdaBoostClassifier(random_state=0),0,1.0,,No using Simple Imputer,No using One Hot,0.07506251335144043,0.0064067840576171875
algerian_forest_fires_46279,simpleimputer,onehot,,power,AdaBoostClassifier(random_state=0),1,0.9795918367346939,,No using Simple Imputer,No using One Hot,0.07489705085754395,0.006419181823730469
algerian_forest_fires_46279,simpleimputer,onehot,,power,AdaBoostClassifier(random_state=0),2,1.0,,No using Simple Imputer,No using One Hot,0.07523727416992188,0.006398677825927734
algerian_forest_fires_46279,simpleimputer,onehot,,power,AdaBoostClassifier(random_state=0),3,0.9583333333333334,,No using Simple Imputer,No using One Hot,0.07513546943664551,0.006352424621582031
algerian_forest_fires_46279,simpleimputer,onehot,,power,AdaBoostClassifier(random_state=0),4,0.9583333333333334,,No using Simple Imputer,No using One Hot,0.07481074333190918,0.006403207778930664
algerian_forest_fires_46279,simpleimputer,onehot,pca,power,AdaBoostClassifier(random_state=0),0,0.9387755102040817,,No using Simple Imputer,No using One Hot,0.08042216300964355,0.0063250064849853516
algerian_forest_fires_46279,simpleimputer,onehot,pca,power,AdaBoostClassifier(random_state=0),1,0.9591836734693877,,No using Simple Imputer,No using One Hot,0.08178973197937012,0.00630640983581543
algerian_forest_fires_46279,simpleimputer,onehot,pca,power,AdaBoostClassifier(random_state=0),2,0.9183673469387755,,No using Simple Imputer,No using One Hot,0.08170247077941895,0.00642848014831543
algerian_forest_fires_46279,simpleimputer,onehot,pca,power,AdaBoostClassifier(random_state=0),3,0.9791666666666666,,No using Simple Imputer,No using One Hot,0.08219337463378906,0.006403207778930664
algerian_forest_fires_46279,simpleimputer,onehot,pca,power,AdaBoostClassifier(random_state=0),4,0.9791666666666666,,No using Simple Imputer,No using One Hot,0.08082938194274902,0.006325721740722656
algerian_forest_fires_46279,simpleimputer,onehot,fastica,power,AdaBoostClassifier(random_state=0),0,0.7551020408163265,,No using Simple Imputer,No using One Hot,0.08033180236816406,0.006401538848876953
algerian_forest_fires_46279,simpleimputer,onehot,fastica,power,AdaBoostClassifier(random_state=0),1,0.9387755102040817,,No using Simple Imputer,No using One Hot,0.08178925514221191,0.006414175033569336
algerian_forest_fires_46279,simpleimputer,onehot,fastica,power,AdaBoostClassifier(random_state=0),2,0.9183673469387755,,No using Simple Imputer,No using One Hot,0.08343982696533203,0.006414890289306641
algerian_forest_fires_46279,simpleimputer,onehot,fastica,power,AdaBoostClassifier(random_state=0),3,0.9791666666666666,,No using Simple Imputer,No using One Hot,0.0830240249633789,0.006422519683837891
algerian_forest_fires_46279,simpleimputer,onehot,fastica,power,AdaBoostClassifier(random_state=0),4,0.875,,No using Simple Imputer,No using One Hot,0.08082389831542969,0.006329536437988281
algerian_forest_fires_46279,simpleimputer,onehot,truncated_svd,power,AdaBoostClassifier(random_state=0),0,0.8163265306122449,,No using Simple Imputer,No using One Hot,0.06927847862243652,0.00628209114074707
algerian_forest_fires_46279,simpleimputer,onehot,truncated_svd,power,AdaBoostClassifier(random_state=0),1,0.8775510204081632,,No using Simple Imputer,No using One Hot,0.06914448738098145,0.006250143051147461
algerian_forest_fires_46279,simpleimputer,onehot,truncated_svd,power,AdaBoostClassifier(random_state=0),2,0.8367346938775511,,No using Simple Imputer,No using One Hot,0.06897830963134766,0.006197452545166016
algerian_forest_fires_46279,simpleimputer,onehot,truncated_svd,power,AdaBoostClassifier(random_state=0),3,0.8958333333333334,,No using Simple Imputer,No using One Hot,0.06884598731994629,0.0061914920806884766
algerian_forest_fires_46279,simpleimputer,onehot,truncated_svd,power,AdaBoostClassifier(random_state=0),4,0.8958333333333334,,No using Simple Imputer,No using One Hot,0.06960701942443848,0.006266593933105469
algerian_forest_fires_46279,simpleimputer,onehot,select_percentile,power,AdaBoostClassifier(random_state=0),0,1.0,,No using Simple Imputer,No using One Hot,0.07103490829467773,0.006278514862060547
algerian_forest_fires_46279,simpleimputer,onehot,select_percentile,power,AdaBoostClassifier(random_state=0),1,0.9795918367346939,,No using Simple Imputer,No using One Hot,0.06962776184082031,0.006266117095947266
algerian_forest_fires_46279,simpleimputer,onehot,select_percentile,power,AdaBoostClassifier(random_state=0),2,1.0,,No using Simple Imputer,No using One Hot,0.07496833801269531,0.006272315979003906
algerian_forest_fires_46279,simpleimputer,onehot,select_percentile,power,AdaBoostClassifier(random_state=0),3,0.9583333333333334,,No using Simple Imputer,No using One Hot,0.06988239288330078,0.0062863826751708984
algerian_forest_fires_46279,simpleimputer,onehot,select_percentile,power,AdaBoostClassifier(random_state=0),4,0.9791666666666666,,No using Simple Imputer,No using One Hot,0.06972646713256836,0.0063436031341552734
algerian_forest_fires_46279,simpleimputer,onehot,generic_univariate,power,AdaBoostClassifier(random_state=0),0,0.9183673469387755,,No using Simple Imputer,No using One Hot,0.06783270835876465,0.0062334537506103516
algerian_forest_fires_46279,simpleimputer,onehot,generic_univariate,power,AdaBoostClassifier(random_state=0),1,0.9183673469387755,,No using Simple Imputer,No using One Hot,0.06779766082763672,0.0062732696533203125
algerian_forest_fires_46279,simpleimputer,onehot,generic_univariate,power,AdaBoostClassifier(random_state=0),2,0.8775510204081632,,No using Simple Imputer,No using One Hot,0.06725597381591797,0.006178855895996094
algerian_forest_fires_46279,simpleimputer,onehot,generic_univariate,power,AdaBoostClassifier(random_state=0),3,0.9583333333333334,,No using Simple Imputer,No using One Hot,0.06867742538452148,0.006195783615112305
algerian_forest_fires_46279,simpleimputer,onehot,generic_univariate,power,AdaBoostClassifier(random_state=0),4,0.9583333333333334,,No using Simple Imputer,No using One Hot,0.06882619857788086,0.0062160491943359375
algerian_forest_fires_46279,simpleimputer,onehot,polynomial_features,power,AdaBoostClassifier(random_state=0),0,1.0,,No using Simple Imputer,No using One Hot,0.16046595573425293,0.006494998931884766
algerian_forest_fires_46279,simpleimputer,onehot,polynomial_features,power,AdaBoostClassifier(random_state=0),1,0.9795918367346939,,No using Simple Imputer,No using One Hot,0.14754891395568848,0.006513357162475586
algerian_forest_fires_46279,simpleimputer,onehot,polynomial_features,power,AdaBoostClassifier(random_state=0),2,1.0,,No using Simple Imputer,No using One Hot,0.14150190353393555,0.006082057952880859
algerian_forest_fires_46279,simpleimputer,onehot,polynomial_features,power,AdaBoostClassifier(random_state=0),3,0.9583333333333334,,No using Simple Imputer,No using One Hot,0.1457524299621582,0.006165742874145508
algerian_forest_fires_46279,simpleimputer,onehot,polynomial_features,power,AdaBoostClassifier(random_state=0),4,0.9375,,No using Simple Imputer,No using One Hot,0.1398320198059082,0.00615382194519043
algerian_forest_fires_46279,simpleimputer,onehot,nystroem,power,AdaBoostClassifier(random_state=0),0,0.9183673469387755,,No using Simple Imputer,No using One Hot,0.18948125839233398,0.006249427795410156
algerian_forest_fires_46279,simpleimputer,onehot,nystroem,power,AdaBoostClassifier(random_state=0),1,0.9591836734693877,,No using Simple Imputer,No using One Hot,0.20145821571350098,0.00619053840637207
algerian_forest_fires_46279,simpleimputer,onehot,nystroem,power,AdaBoostClassifier(random_state=0),2,0.8979591836734694,,No using Simple Imputer,No using One Hot,0.17416858673095703,0.006150722503662109
algerian_forest_fires_46279,simpleimputer,onehot,nystroem,power,AdaBoostClassifier(random_state=0),3,0.9166666666666666,,No using Simple Imputer,No using One Hot,0.1878964900970459,0.006120204925537109
algerian_forest_fires_46279,simpleimputer,onehot,nystroem,power,AdaBoostClassifier(random_state=0),4,0.9791666666666666,,No using Simple Imputer,No using One Hot,0.18083405494689941,0.006218433380126953
algerian_forest_fires_46279,simpleimputer,onehot,rbf_sampler,power,AdaBoostClassifier(random_state=0),0,0.46938775510204084,,No using Simple Imputer,No using One Hot,0.16587448120117188,0.00620722770690918
algerian_forest_fires_46279,simpleimputer,onehot,rbf_sampler,power,AdaBoostClassifier(random_state=0),1,0.7346938775510204,,No using Simple Imputer,No using One Hot,0.16712284088134766,0.006184816360473633
algerian_forest_fires_46279,simpleimputer,onehot,rbf_sampler,power,AdaBoostClassifier(random_state=0),2,0.5306122448979592,,No using Simple Imputer,No using One Hot,0.16482114791870117,0.006163597106933594
algerian_forest_fires_46279,simpleimputer,onehot,rbf_sampler,power,AdaBoostClassifier(random_state=0),3,0.7083333333333334,,No using Simple Imputer,No using One Hot,0.16477632522583008,0.006180524826049805
algerian_forest_fires_46279,simpleimputer,onehot,rbf_sampler,power,AdaBoostClassifier(random_state=0),4,0.5208333333333334,,No using Simple Imputer,No using One Hot,0.16628003120422363,0.006123542785644531
algerian_forest_fires_46279,simpleimputer,onehot,random_trees_embedding,power,AdaBoostClassifier(random_state=0),0,0.9795918367346939,,No using Simple Imputer,No using One Hot,0.11985540390014648,0.009363174438476562
algerian_forest_fires_46279,simpleimputer,onehot,random_trees_embedding,power,AdaBoostClassifier(random_state=0),1,0.9591836734693877,,No using Simple Imputer,No using One Hot,0.12188601493835449,0.009359359741210938
algerian_forest_fires_46279,simpleimputer,onehot,random_trees_embedding,power,AdaBoostClassifier(random_state=0),2,0.9591836734693877,,No using Simple Imputer,No using One Hot,0.12130331993103027,0.009613513946533203
algerian_forest_fires_46279,simpleimputer,onehot,random_trees_embedding,power,AdaBoostClassifier(random_state=0),3,0.9791666666666666,,No using Simple Imputer,No using One Hot,0.12433004379272461,0.00945281982421875
algerian_forest_fires_46279,simpleimputer,onehot,random_trees_embedding,power,AdaBoostClassifier(random_state=0),4,0.9583333333333334,,No using Simple Imputer,No using One Hot,0.13111233711242676,0.010312080383300781
algerian_forest_fires_46279,simpleimputer,onehot,feature_agglomeration,power,AdaBoostClassifier(random_state=0),0,0.8571428571428571,,No using Simple Imputer,No using One Hot,0.07124614715576172,0.00648808479309082
algerian_forest_fires_46279,simpleimputer,onehot,feature_agglomeration,power,AdaBoostClassifier(random_state=0),1,0.9183673469387755,,No using Simple Imputer,No using One Hot,0.0713648796081543,0.006444215774536133
algerian_forest_fires_46279,simpleimputer,onehot,feature_agglomeration,power,AdaBoostClassifier(random_state=0),2,0.8367346938775511,,No using Simple Imputer,No using One Hot,0.07102751731872559,0.006409883499145508
algerian_forest_fires_46279,simpleimputer,onehot,feature_agglomeration,power,AdaBoostClassifier(random_state=0),3,0.875,,No using Simple Imputer,No using One Hot,0.07113361358642578,0.006367683410644531
algerian_forest_fires_46279,simpleimputer,onehot,feature_agglomeration,power,AdaBoostClassifier(random_state=0),4,0.8958333333333334,,No using Simple Imputer,No using One Hot,0.07069849967956543,0.00641322135925293
algerian_forest_fires_46279,simpleimputer,onehot,extra_tree,power,AdaBoostClassifier(random_state=0),0,1.0,,No using Simple Imputer,No using One Hot,0.07187390327453613,0.006422519683837891
algerian_forest_fires_46279,simpleimputer,onehot,extra_tree,power,AdaBoostClassifier(random_state=0),1,0.9795918367346939,,No using Simple Imputer,No using One Hot,0.07217645645141602,0.00638270378112793
algerian_forest_fires_46279,simpleimputer,onehot,extra_tree,power,AdaBoostClassifier(random_state=0),2,1.0,,No using Simple Imputer,No using One Hot,0.0715644359588623,0.00641942024230957
algerian_forest_fires_46279,simpleimputer,onehot,extra_tree,power,AdaBoostClassifier(random_state=0),3,0.9791666666666666,,No using Simple Imputer,No using One Hot,0.07301831245422363,0.0063936710357666016
algerian_forest_fires_46279,simpleimputer,onehot,extra_tree,power,AdaBoostClassifier(random_state=0),4,0.9375,,No using Simple Imputer,No using One Hot,0.07344222068786621,0.006903171539306641
algerian_forest_fires_46279,simpleimputer,onehot,linear_svc,power,AdaBoostClassifier(random_state=0),0,0.9795918367346939,,No using Simple Imputer,No using One Hot,0.0726015567779541,0.006380319595336914
algerian_forest_fires_46279,simpleimputer,onehot,linear_svc,power,AdaBoostClassifier(random_state=0),1,0.9795918367346939,,No using Simple Imputer,No using One Hot,0.0750279426574707,0.006910562515258789
algerian_forest_fires_46279,simpleimputer,onehot,linear_svc,power,AdaBoostClassifier(random_state=0),2,1.0,,No using Simple Imputer,No using One Hot,0.07387375831604004,0.006378173828125
algerian_forest_fires_46279,simpleimputer,onehot,linear_svc,power,AdaBoostClassifier(random_state=0),3,0.9583333333333334,,No using Simple Imputer,No using One Hot,0.07265615463256836,0.0064640045166015625
algerian_forest_fires_46279,simpleimputer,onehot,linear_svc,power,AdaBoostClassifier(random_state=0),4,0.9375,,No using Simple Imputer,No using One Hot,0.07241392135620117,0.006494283676147461
algerian_forest_fires_46279,simpleimputer,onehot,kernel_pca,power,AdaBoostClassifier(random_state=0),0,0.9387755102040817,,No using Simple Imputer,No using One Hot,0.10074710845947266,0.007117271423339844
algerian_forest_fires_46279,simpleimputer,onehot,kernel_pca,power,AdaBoostClassifier(random_state=0),1,0.9591836734693877,,No using Simple Imputer,No using One Hot,0.10127830505371094,0.007071971893310547
algerian_forest_fires_46279,simpleimputer,onehot,kernel_pca,power,AdaBoostClassifier(random_state=0),2,0.9183673469387755,,No using Simple Imputer,No using One Hot,0.1061403751373291,0.007078647613525391
algerian_forest_fires_46279,simpleimputer,onehot,kernel_pca,power,AdaBoostClassifier(random_state=0),3,0.9791666666666666,,No using Simple Imputer,No using One Hot,0.11136341094970703,0.006970882415771484
algerian_forest_fires_46279,simpleimputer,onehot,kernel_pca,power,AdaBoostClassifier(random_state=0),4,0.9791666666666666,,No using Simple Imputer,No using One Hot,0.09883546829223633,0.006775379180908203
algerian_forest_fires_46279,simpleimputer,onehot,,quantile,AdaBoostClassifier(random_state=0),0,1.0,,No using Simple Imputer,No using One Hot,0.07703709602355957,0.00649571418762207
algerian_forest_fires_46279,simpleimputer,onehot,,quantile,AdaBoostClassifier(random_state=0),1,0.9795918367346939,,No using Simple Imputer,No using One Hot,0.07600665092468262,0.006529331207275391
algerian_forest_fires_46279,simpleimputer,onehot,,quantile,AdaBoostClassifier(random_state=0),2,1.0,,No using Simple Imputer,No using One Hot,0.07648944854736328,0.00652313232421875
algerian_forest_fires_46279,simpleimputer,onehot,,quantile,AdaBoostClassifier(random_state=0),3,0.9583333333333334,,No using Simple Imputer,No using One Hot,0.0766146183013916,0.0064661502838134766
algerian_forest_fires_46279,simpleimputer,onehot,,quantile,AdaBoostClassifier(random_state=0),4,0.9583333333333334,,No using Simple Imputer,No using One Hot,0.0755617618560791,0.006438732147216797
algerian_forest_fires_46279,simpleimputer,onehot,pca,quantile,AdaBoostClassifier(random_state=0),0,0.9183673469387755,,No using Simple Imputer,No using One Hot,0.08153939247131348,0.006461620330810547
algerian_forest_fires_46279,simpleimputer,onehot,pca,quantile,AdaBoostClassifier(random_state=0),1,0.9795918367346939,,No using Simple Imputer,No using One Hot,0.08286213874816895,0.006493806838989258
algerian_forest_fires_46279,simpleimputer,onehot,pca,quantile,AdaBoostClassifier(random_state=0),2,0.9795918367346939,,No using Simple Imputer,No using One Hot,0.0828554630279541,0.0064237117767333984
algerian_forest_fires_46279,simpleimputer,onehot,pca,quantile,AdaBoostClassifier(random_state=0),3,0.9166666666666666,,No using Simple Imputer,No using One Hot,0.08145403861999512,0.006475687026977539
algerian_forest_fires_46279,simpleimputer,onehot,pca,quantile,AdaBoostClassifier(random_state=0),4,0.9375,,No using Simple Imputer,No using One Hot,0.08176422119140625,0.006481170654296875
algerian_forest_fires_46279,simpleimputer,onehot,fastica,quantile,AdaBoostClassifier(random_state=0),0,0.6530612244897959,,No using Simple Imputer,No using One Hot,0.0821542739868164,0.006371021270751953
algerian_forest_fires_46279,simpleimputer,onehot,fastica,quantile,AdaBoostClassifier(random_state=0),1,0.7755102040816326,,No using Simple Imputer,No using One Hot,0.08226609230041504,0.006470918655395508
algerian_forest_fires_46279,simpleimputer,onehot,fastica,quantile,AdaBoostClassifier(random_state=0),2,0.7959183673469388,,No using Simple Imputer,No using One Hot,0.08234977722167969,0.006409168243408203
algerian_forest_fires_46279,simpleimputer,onehot,fastica,quantile,AdaBoostClassifier(random_state=0),3,0.875,,No using Simple Imputer,No using One Hot,0.0824742317199707,0.006437778472900391
algerian_forest_fires_46279,simpleimputer,onehot,fastica,quantile,AdaBoostClassifier(random_state=0),4,0.8541666666666666,,No using Simple Imputer,No using One Hot,0.08341264724731445,0.00640106201171875
algerian_forest_fires_46279,simpleimputer,onehot,truncated_svd,quantile,AdaBoostClassifier(random_state=0),0,0.8571428571428571,,No using Simple Imputer,No using One Hot,0.07309746742248535,0.00678253173828125
algerian_forest_fires_46279,simpleimputer,onehot,truncated_svd,quantile,AdaBoostClassifier(random_state=0),1,0.8979591836734694,,No using Simple Imputer,No using One Hot,0.0708305835723877,0.006263256072998047
algerian_forest_fires_46279,simpleimputer,onehot,truncated_svd,quantile,AdaBoostClassifier(random_state=0),2,0.8979591836734694,,No using Simple Imputer,No using One Hot,0.07037878036499023,0.006318569183349609
algerian_forest_fires_46279,simpleimputer,onehot,truncated_svd,quantile,AdaBoostClassifier(random_state=0),3,0.9166666666666666,,No using Simple Imputer,No using One Hot,0.06964111328125,0.006377220153808594
algerian_forest_fires_46279,simpleimputer,onehot,truncated_svd,quantile,AdaBoostClassifier(random_state=0),4,0.9166666666666666,,No using Simple Imputer,No using One Hot,0.07195234298706055,0.00634312629699707
algerian_forest_fires_46279,simpleimputer,onehot,select_percentile,quantile,AdaBoostClassifier(random_state=0),0,1.0,,No using Simple Imputer,No using One Hot,0.07001686096191406,0.006403207778930664
algerian_forest_fires_46279,simpleimputer,onehot,select_percentile,quantile,AdaBoostClassifier(random_state=0),1,0.9795918367346939,,No using Simple Imputer,No using One Hot,0.07041597366333008,0.006447553634643555
algerian_forest_fires_46279,simpleimputer,onehot,select_percentile,quantile,AdaBoostClassifier(random_state=0),2,1.0,,No using Simple Imputer,No using One Hot,0.07008647918701172,0.00635218620300293
algerian_forest_fires_46279,simpleimputer,onehot,select_percentile,quantile,AdaBoostClassifier(random_state=0),3,0.9583333333333334,,No using Simple Imputer,No using One Hot,0.07019376754760742,0.006384134292602539
algerian_forest_fires_46279,simpleimputer,onehot,select_percentile,quantile,AdaBoostClassifier(random_state=0),4,0.9375,,No using Simple Imputer,No using One Hot,0.07004761695861816,0.006459236145019531
algerian_forest_fires_46279,simpleimputer,onehot,generic_univariate,quantile,AdaBoostClassifier(random_state=0),0,1.0,,No using Simple Imputer,No using One Hot,0.06908726692199707,0.006331205368041992
algerian_forest_fires_46279,simpleimputer,onehot,generic_univariate,quantile,AdaBoostClassifier(random_state=0),1,0.9795918367346939,,No using Simple Imputer,No using One Hot,0.06903815269470215,0.006384611129760742
algerian_forest_fires_46279,simpleimputer,onehot,generic_univariate,quantile,AdaBoostClassifier(random_state=0),2,1.0,,No using Simple Imputer,No using One Hot,0.06908297538757324,0.006407499313354492
algerian_forest_fires_46279,simpleimputer,onehot,generic_univariate,quantile,AdaBoostClassifier(random_state=0),3,0.9375,,No using Simple Imputer,No using One Hot,0.06874513626098633,0.006434917449951172
algerian_forest_fires_46279,simpleimputer,onehot,generic_univariate,quantile,AdaBoostClassifier(random_state=0),4,0.9375,,No using Simple Imputer,No using One Hot,0.06913161277770996,0.006312131881713867
algerian_forest_fires_46279,simpleimputer,onehot,polynomial_features,quantile,AdaBoostClassifier(random_state=0),0,0.9795918367346939,,No using Simple Imputer,No using One Hot,0.14240312576293945,0.006568193435668945
algerian_forest_fires_46279,simpleimputer,onehot,polynomial_features,quantile,AdaBoostClassifier(random_state=0),1,0.9795918367346939,,No using Simple Imputer,No using One Hot,0.14472174644470215,0.0065882205963134766
algerian_forest_fires_46279,simpleimputer,onehot,polynomial_features,quantile,AdaBoostClassifier(random_state=0),2,0.9795918367346939,,No using Simple Imputer,No using One Hot,0.14719605445861816,0.00692296028137207
algerian_forest_fires_46279,simpleimputer,onehot,polynomial_features,quantile,AdaBoostClassifier(random_state=0),3,1.0,,No using Simple Imputer,No using One Hot,0.14367246627807617,0.006552457809448242
algerian_forest_fires_46279,simpleimputer,onehot,polynomial_features,quantile,AdaBoostClassifier(random_state=0),4,0.875,,No using Simple Imputer,No using One Hot,0.14355254173278809,0.006676435470581055
algerian_forest_fires_46279,simpleimputer,onehot,nystroem,quantile,AdaBoostClassifier(random_state=0),0,0.9183673469387755,,No using Simple Imputer,No using One Hot,0.1930396556854248,0.006638050079345703
algerian_forest_fires_46279,simpleimputer,onehot,nystroem,quantile,AdaBoostClassifier(random_state=0),1,0.9795918367346939,,No using Simple Imputer,No using One Hot,0.19816827774047852,0.0065839290618896484
algerian_forest_fires_46279,simpleimputer,onehot,nystroem,quantile,AdaBoostClassifier(random_state=0),2,0.8163265306122449,,No using Simple Imputer,No using One Hot,0.19408655166625977,0.0066852569580078125
algerian_forest_fires_46279,simpleimputer,onehot,nystroem,quantile,AdaBoostClassifier(random_state=0),3,0.9375,,No using Simple Imputer,No using One Hot,0.19339752197265625,0.006617069244384766
algerian_forest_fires_46279,simpleimputer,onehot,nystroem,quantile,AdaBoostClassifier(random_state=0),4,0.9166666666666666,,No using Simple Imputer,No using One Hot,0.198469877243042,0.006639719009399414
algerian_forest_fires_46279,simpleimputer,onehot,rbf_sampler,quantile,AdaBoostClassifier(random_state=0),0,0.9591836734693877,,No using Simple Imputer,No using One Hot,0.17664194107055664,0.006681680679321289
algerian_forest_fires_46279,simpleimputer,onehot,rbf_sampler,quantile,AdaBoostClassifier(random_state=0),1,0.9795918367346939,,No using Simple Imputer,No using One Hot,0.17569851875305176,0.00658106803894043
algerian_forest_fires_46279,simpleimputer,onehot,rbf_sampler,quantile,AdaBoostClassifier(random_state=0),2,0.9795918367346939,,No using Simple Imputer,No using One Hot,0.17648911476135254,0.006642341613769531
algerian_forest_fires_46279,simpleimputer,onehot,rbf_sampler,quantile,AdaBoostClassifier(random_state=0),3,0.9583333333333334,,No using Simple Imputer,No using One Hot,0.1773972511291504,0.0066983699798583984
algerian_forest_fires_46279,simpleimputer,onehot,rbf_sampler,quantile,AdaBoostClassifier(random_state=0),4,0.9583333333333334,,No using Simple Imputer,No using One Hot,0.17766737937927246,0.00659632682800293
algerian_forest_fires_46279,simpleimputer,onehot,random_trees_embedding,quantile,AdaBoostClassifier(random_state=0),0,0.9591836734693877,,No using Simple Imputer,No using One Hot,0.12059378623962402,0.009391307830810547
algerian_forest_fires_46279,simpleimputer,onehot,random_trees_embedding,quantile,AdaBoostClassifier(random_state=0),1,1.0,,No using Simple Imputer,No using One Hot,0.12151646614074707,0.009283781051635742
algerian_forest_fires_46279,simpleimputer,onehot,random_trees_embedding,quantile,AdaBoostClassifier(random_state=0),2,0.9591836734693877,,No using Simple Imputer,No using One Hot,0.12345719337463379,0.009382963180541992
algerian_forest_fires_46279,simpleimputer,onehot,random_trees_embedding,quantile,AdaBoostClassifier(random_state=0),3,0.9375,,No using Simple Imputer,No using One Hot,0.12185239791870117,0.009505271911621094
algerian_forest_fires_46279,simpleimputer,onehot,random_trees_embedding,quantile,AdaBoostClassifier(random_state=0),4,0.9791666666666666,,No using Simple Imputer,No using One Hot,0.12234234809875488,0.009386777877807617
algerian_forest_fires_46279,simpleimputer,onehot,feature_agglomeration,quantile,AdaBoostClassifier(random_state=0),0,0.8367346938775511,,No using Simple Imputer,No using One Hot,0.0648491382598877,0.005945682525634766
algerian_forest_fires_46279,simpleimputer,onehot,feature_agglomeration,quantile,AdaBoostClassifier(random_state=0),1,0.8571428571428571,,No using Simple Imputer,No using One Hot,0.06460356712341309,0.005856037139892578
algerian_forest_fires_46279,simpleimputer,onehot,feature_agglomeration,quantile,AdaBoostClassifier(random_state=0),2,0.8775510204081632,,No using Simple Imputer,No using One Hot,0.06480050086975098,0.005860805511474609
algerian_forest_fires_46279,simpleimputer,onehot,feature_agglomeration,quantile,AdaBoostClassifier(random_state=0),3,0.875,,No using Simple Imputer,No using One Hot,0.06487798690795898,0.005882740020751953
algerian_forest_fires_46279,simpleimputer,onehot,feature_agglomeration,quantile,AdaBoostClassifier(random_state=0),4,0.8958333333333334,,No using Simple Imputer,No using One Hot,0.0648193359375,0.0058820247650146484
algerian_forest_fires_46279,simpleimputer,onehot,extra_tree,quantile,AdaBoostClassifier(random_state=0),0,1.0,,No using Simple Imputer,No using One Hot,0.06638526916503906,0.005864143371582031
algerian_forest_fires_46279,simpleimputer,onehot,extra_tree,quantile,AdaBoostClassifier(random_state=0),1,0.9795918367346939,,No using Simple Imputer,No using One Hot,0.0678260326385498,0.006204128265380859
algerian_forest_fires_46279,simpleimputer,onehot,extra_tree,quantile,AdaBoostClassifier(random_state=0),2,1.0,,No using Simple Imputer,No using One Hot,0.06634902954101562,0.005956888198852539
algerian_forest_fires_46279,simpleimputer,onehot,extra_tree,quantile,AdaBoostClassifier(random_state=0),3,0.9791666666666666,,No using Simple Imputer,No using One Hot,0.06624960899353027,0.005899906158447266
algerian_forest_fires_46279,simpleimputer,onehot,extra_tree,quantile,AdaBoostClassifier(random_state=0),4,0.9375,,No using Simple Imputer,No using One Hot,0.06691098213195801,0.0060765743255615234
algerian_forest_fires_46279,simpleimputer,onehot,linear_svc,quantile,AdaBoostClassifier(random_state=0),0,1.0,,No using Simple Imputer,No using One Hot,0.0654764175415039,0.006003379821777344
algerian_forest_fires_46279,simpleimputer,onehot,linear_svc,quantile,AdaBoostClassifier(random_state=0),1,0.9795918367346939,,No using Simple Imputer,No using One Hot,0.06518244743347168,0.005921363830566406
algerian_forest_fires_46279,simpleimputer,onehot,linear_svc,quantile,AdaBoostClassifier(random_state=0),2,1.0,,No using Simple Imputer,No using One Hot,0.06577849388122559,0.005900859832763672
algerian_forest_fires_46279,simpleimputer,onehot,linear_svc,quantile,AdaBoostClassifier(random_state=0),3,0.9583333333333334,,No using Simple Imputer,No using One Hot,0.06456685066223145,0.005877494812011719
algerian_forest_fires_46279,simpleimputer,onehot,linear_svc,quantile,AdaBoostClassifier(random_state=0),4,0.9375,,No using Simple Imputer,No using One Hot,0.06505489349365234,0.0063016414642333984
algerian_forest_fires_46279,simpleimputer,onehot,kernel_pca,quantile,AdaBoostClassifier(random_state=0),0,0.9183673469387755,,No using Simple Imputer,No using One Hot,0.09149599075317383,0.006476640701293945
algerian_forest_fires_46279,simpleimputer,onehot,kernel_pca,quantile,AdaBoostClassifier(random_state=0),1,0.9795918367346939,,No using Simple Imputer,No using One Hot,0.09446859359741211,0.006926059722900391
algerian_forest_fires_46279,simpleimputer,onehot,kernel_pca,quantile,AdaBoostClassifier(random_state=0),2,0.9795918367346939,,No using Simple Imputer,No using One Hot,0.09361433982849121,0.006905555725097656
algerian_forest_fires_46279,simpleimputer,onehot,kernel_pca,quantile,AdaBoostClassifier(random_state=0),3,0.9166666666666666,,No using Simple Imputer,No using One Hot,0.09568119049072266,0.006525993347167969
algerian_forest_fires_46279,simpleimputer,onehot,kernel_pca,quantile,AdaBoostClassifier(random_state=0),4,0.9375,,No using Simple Imputer,No using One Hot,0.09209299087524414,0.006463766098022461
algerian_forest_fires_46279,simpleimputer,ordinalencoder,,,AdaBoostClassifier(random_state=0),0,1.0,,No using Simple Imputer,No using Ordinal Hot,0.07240891456604004,0.00704646110534668
algerian_forest_fires_46279,simpleimputer,ordinalencoder,,,AdaBoostClassifier(random_state=0),1,0.9795918367346939,,No using Simple Imputer,No using Ordinal Hot,0.07141900062561035,0.006845712661743164
algerian_forest_fires_46279,simpleimputer,ordinalencoder,,,AdaBoostClassifier(random_state=0),2,1.0,,No using Simple Imputer,No using Ordinal Hot,0.07162904739379883,0.006910800933837891
algerian_forest_fires_46279,simpleimputer,ordinalencoder,,,AdaBoostClassifier(random_state=0),3,0.9583333333333334,,No using Simple Imputer,No using Ordinal Hot,0.07153105735778809,0.006772518157958984
algerian_forest_fires_46279,simpleimputer,ordinalencoder,,,AdaBoostClassifier(random_state=0),4,0.9583333333333334,,No using Simple Imputer,No using Ordinal Hot,0.07144808769226074,0.006915569305419922
algerian_forest_fires_46279,simpleimputer,ordinalencoder,pca,,AdaBoostClassifier(random_state=0),0,0.9387755102040817,,No using Simple Imputer,No using Ordinal Hot,0.07612109184265137,0.006072282791137695
algerian_forest_fires_46279,simpleimputer,ordinalencoder,pca,,AdaBoostClassifier(random_state=0),1,0.9591836734693877,,No using Simple Imputer,No using Ordinal Hot,0.07721185684204102,0.005987882614135742
algerian_forest_fires_46279,simpleimputer,ordinalencoder,pca,,AdaBoostClassifier(random_state=0),2,0.9387755102040817,,No using Simple Imputer,No using Ordinal Hot,0.07628631591796875,0.00596308708190918
algerian_forest_fires_46279,simpleimputer,ordinalencoder,pca,,AdaBoostClassifier(random_state=0),3,0.9375,,No using Simple Imputer,No using Ordinal Hot,0.0803835391998291,0.00601649284362793
algerian_forest_fires_46279,simpleimputer,ordinalencoder,pca,,AdaBoostClassifier(random_state=0),4,0.9375,,No using Simple Imputer,No using Ordinal Hot,0.07665395736694336,0.005959987640380859
algerian_forest_fires_46279,simpleimputer,ordinalencoder,fastica,,AdaBoostClassifier(random_state=0),0,0.6326530612244898,,No using Simple Imputer,No using Ordinal Hot,0.07675051689147949,0.0065233707427978516
algerian_forest_fires_46279,simpleimputer,ordinalencoder,fastica,,AdaBoostClassifier(random_state=0),1,0.6938775510204082,,No using Simple Imputer,No using Ordinal Hot,0.08256387710571289,0.00649261474609375
algerian_forest_fires_46279,simpleimputer,ordinalencoder,fastica,,AdaBoostClassifier(random_state=0),2,0.8775510204081632,,No using Simple Imputer,No using Ordinal Hot,0.08342146873474121,0.006484508514404297
algerian_forest_fires_46279,simpleimputer,ordinalencoder,fastica,,AdaBoostClassifier(random_state=0),3,0.875,,No using Simple Imputer,No using Ordinal Hot,0.0840616226196289,0.007050037384033203
algerian_forest_fires_46279,simpleimputer,ordinalencoder,fastica,,AdaBoostClassifier(random_state=0),4,0.6041666666666666,,No using Simple Imputer,No using Ordinal Hot,0.08284306526184082,0.0064830780029296875
algerian_forest_fires_46279,simpleimputer,ordinalencoder,truncated_svd,,AdaBoostClassifier(random_state=0),0,0.8163265306122449,,No using Simple Imputer,No using Ordinal Hot,0.07066869735717773,0.0063626766204833984
algerian_forest_fires_46279,simpleimputer,ordinalencoder,truncated_svd,,AdaBoostClassifier(random_state=0),1,0.7959183673469388,,No using Simple Imputer,No using Ordinal Hot,0.07087874412536621,0.006311178207397461
algerian_forest_fires_46279,simpleimputer,ordinalencoder,truncated_svd,,AdaBoostClassifier(random_state=0),2,0.7551020408163265,,No using Simple Imputer,No using Ordinal Hot,0.07065272331237793,0.006455659866333008
algerian_forest_fires_46279,simpleimputer,ordinalencoder,truncated_svd,,AdaBoostClassifier(random_state=0),3,0.8958333333333334,,No using Simple Imputer,No using Ordinal Hot,0.07108783721923828,0.0063245296478271484
algerian_forest_fires_46279,simpleimputer,ordinalencoder,truncated_svd,,AdaBoostClassifier(random_state=0),4,0.8958333333333334,,No using Simple Imputer,No using Ordinal Hot,0.07132840156555176,0.006329059600830078
algerian_forest_fires_46279,simpleimputer,ordinalencoder,select_percentile,,AdaBoostClassifier(random_state=0),0,1.0,,No using Simple Imputer,No using Ordinal Hot,0.07022571563720703,0.006428718566894531
algerian_forest_fires_46279,simpleimputer,ordinalencoder,select_percentile,,AdaBoostClassifier(random_state=0),1,0.9795918367346939,,No using Simple Imputer,No using Ordinal Hot,0.0709984302520752,0.006429433822631836
algerian_forest_fires_46279,simpleimputer,ordinalencoder,select_percentile,,AdaBoostClassifier(random_state=0),2,1.0,,No using Simple Imputer,No using Ordinal Hot,0.07073616981506348,0.00641179084777832
algerian_forest_fires_46279,simpleimputer,ordinalencoder,select_percentile,,AdaBoostClassifier(random_state=0),3,0.9583333333333334,,No using Simple Imputer,No using Ordinal Hot,0.07069158554077148,0.006457090377807617
algerian_forest_fires_46279,simpleimputer,ordinalencoder,select_percentile,,AdaBoostClassifier(random_state=0),4,0.9375,,No using Simple Imputer,No using Ordinal Hot,0.07043266296386719,0.006382465362548828
algerian_forest_fires_46279,simpleimputer,ordinalencoder,generic_univariate,,AdaBoostClassifier(random_state=0),0,1.0,,No using Simple Imputer,No using Ordinal Hot,0.06909847259521484,0.006450653076171875
algerian_forest_fires_46279,simpleimputer,ordinalencoder,generic_univariate,,AdaBoostClassifier(random_state=0),1,1.0,,No using Simple Imputer,No using Ordinal Hot,0.06877899169921875,0.006346225738525391
algerian_forest_fires_46279,simpleimputer,ordinalencoder,generic_univariate,,AdaBoostClassifier(random_state=0),2,1.0,,No using Simple Imputer,No using Ordinal Hot,0.0682518482208252,0.006726264953613281
algerian_forest_fires_46279,simpleimputer,ordinalencoder,generic_univariate,,AdaBoostClassifier(random_state=0),3,0.9583333333333334,,No using Simple Imputer,No using Ordinal Hot,0.06773209571838379,0.006242513656616211
algerian_forest_fires_46279,simpleimputer,ordinalencoder,generic_univariate,,AdaBoostClassifier(random_state=0),4,0.9791666666666666,,No using Simple Imputer,No using Ordinal Hot,0.0675048828125,0.0061337947845458984
algerian_forest_fires_46279,simpleimputer,ordinalencoder,polynomial_features,,AdaBoostClassifier(random_state=0),0,0.9795918367346939,,No using Simple Imputer,No using Ordinal Hot,0.14536237716674805,0.006493330001831055
algerian_forest_fires_46279,simpleimputer,ordinalencoder,polynomial_features,,AdaBoostClassifier(random_state=0),1,0.9795918367346939,,No using Simple Imputer,No using Ordinal Hot,0.14446663856506348,0.006640195846557617
algerian_forest_fires_46279,simpleimputer,ordinalencoder,polynomial_features,,AdaBoostClassifier(random_state=0),2,1.0,,No using Simple Imputer,No using Ordinal Hot,0.1456606388092041,0.006474018096923828
algerian_forest_fires_46279,simpleimputer,ordinalencoder,polynomial_features,,AdaBoostClassifier(random_state=0),3,0.9583333333333334,,No using Simple Imputer,No using Ordinal Hot,0.1457350254058838,0.006431102752685547
algerian_forest_fires_46279,simpleimputer,ordinalencoder,polynomial_features,,AdaBoostClassifier(random_state=0),4,0.9166666666666666,,No using Simple Imputer,No using Ordinal Hot,0.144439697265625,0.006811618804931641
algerian_forest_fires_46279,simpleimputer,ordinalencoder,nystroem,,AdaBoostClassifier(random_state=0),0,0.7346938775510204,,No using Simple Imputer,No using Ordinal Hot,0.13622355461120605,0.006641864776611328
algerian_forest_fires_46279,simpleimputer,ordinalencoder,nystroem,,AdaBoostClassifier(random_state=0),1,0.8367346938775511,,No using Simple Imputer,No using Ordinal Hot,0.1369163990020752,0.0070362091064453125
algerian_forest_fires_46279,simpleimputer,ordinalencoder,nystroem,,AdaBoostClassifier(random_state=0),2,0.7551020408163265,,No using Simple Imputer,No using Ordinal Hot,0.1312716007232666,0.0068552494049072266
algerian_forest_fires_46279,simpleimputer,ordinalencoder,nystroem,,AdaBoostClassifier(random_state=0),3,0.75,,No using Simple Imputer,No using Ordinal Hot,0.15210938453674316,0.006582736968994141
algerian_forest_fires_46279,simpleimputer,ordinalencoder,nystroem,,AdaBoostClassifier(random_state=0),4,0.8333333333333334,,No using Simple Imputer,No using Ordinal Hot,0.13303303718566895,0.006520509719848633
algerian_forest_fires_46279,simpleimputer,ordinalencoder,rbf_sampler,,AdaBoostClassifier(random_state=0),0,0.4897959183673469,,No using Simple Imputer,No using Ordinal Hot,0.1727449893951416,0.00650477409362793
algerian_forest_fires_46279,simpleimputer,ordinalencoder,rbf_sampler,,AdaBoostClassifier(random_state=0),1,0.5510204081632653,,No using Simple Imputer,No using Ordinal Hot,0.1726531982421875,0.006501197814941406
algerian_forest_fires_46279,simpleimputer,ordinalencoder,rbf_sampler,,AdaBoostClassifier(random_state=0),2,0.5510204081632653,,No using Simple Imputer,No using Ordinal Hot,0.17262744903564453,0.00647425651550293
algerian_forest_fires_46279,simpleimputer,ordinalencoder,rbf_sampler,,AdaBoostClassifier(random_state=0),3,0.5208333333333334,,No using Simple Imputer,No using Ordinal Hot,0.1759629249572754,0.009488582611083984
algerian_forest_fires_46279,simpleimputer,ordinalencoder,rbf_sampler,,AdaBoostClassifier(random_state=0),4,0.4583333333333333,,No using Simple Imputer,No using Ordinal Hot,0.1737661361694336,0.006495952606201172
algerian_forest_fires_46279,simpleimputer,ordinalencoder,random_trees_embedding,,AdaBoostClassifier(random_state=0),0,0.8775510204081632,,No using Simple Imputer,No using Ordinal Hot,0.12456226348876953,0.010107040405273438
algerian_forest_fires_46279,simpleimputer,ordinalencoder,random_trees_embedding,,AdaBoostClassifier(random_state=0),1,0.9591836734693877,,No using Simple Imputer,No using Ordinal Hot,0.12432980537414551,0.009819507598876953
algerian_forest_fires_46279,simpleimputer,ordinalencoder,random_trees_embedding,,AdaBoostClassifier(random_state=0),2,0.9795918367346939,,No using Simple Imputer,No using Ordinal Hot,0.1252272129058838,0.010119438171386719
algerian_forest_fires_46279,simpleimputer,ordinalencoder,random_trees_embedding,,AdaBoostClassifier(random_state=0),3,0.9583333333333334,,No using Simple Imputer,No using Ordinal Hot,0.1259467601776123,0.010128498077392578
algerian_forest_fires_46279,simpleimputer,ordinalencoder,random_trees_embedding,,AdaBoostClassifier(random_state=0),4,0.9375,,No using Simple Imputer,No using Ordinal Hot,0.12665653228759766,0.009790182113647461
algerian_forest_fires_46279,simpleimputer,ordinalencoder,feature_agglomeration,,AdaBoostClassifier(random_state=0),0,0.7551020408163265,,No using Simple Imputer,No using Ordinal Hot,0.0679326057434082,0.006237983703613281
algerian_forest_fires_46279,simpleimputer,ordinalencoder,feature_agglomeration,,AdaBoostClassifier(random_state=0),1,0.7959183673469388,,No using Simple Imputer,No using Ordinal Hot,0.06760191917419434,0.006250858306884766
algerian_forest_fires_46279,simpleimputer,ordinalencoder,feature_agglomeration,,AdaBoostClassifier(random_state=0),2,0.8367346938775511,,No using Simple Imputer,No using Ordinal Hot,0.06887125968933105,0.006216287612915039
algerian_forest_fires_46279,simpleimputer,ordinalencoder,feature_agglomeration,,AdaBoostClassifier(random_state=0),3,0.8958333333333334,,No using Simple Imputer,No using Ordinal Hot,0.06868815422058105,0.0062062740325927734
algerian_forest_fires_46279,simpleimputer,ordinalencoder,feature_agglomeration,,AdaBoostClassifier(random_state=0),4,0.8333333333333334,,No using Simple Imputer,No using Ordinal Hot,0.06795358657836914,0.006198883056640625
algerian_forest_fires_46279,simpleimputer,ordinalencoder,extra_tree,,AdaBoostClassifier(random_state=0),0,1.0,,No using Simple Imputer,No using Ordinal Hot,0.07309699058532715,0.006293058395385742
algerian_forest_fires_46279,simpleimputer,ordinalencoder,extra_tree,,AdaBoostClassifier(random_state=0),1,0.9795918367346939,,No using Simple Imputer,No using Ordinal Hot,0.07061386108398438,0.006263256072998047
algerian_forest_fires_46279,simpleimputer,ordinalencoder,extra_tree,,AdaBoostClassifier(random_state=0),2,1.0,,No using Simple Imputer,No using Ordinal Hot,0.07038092613220215,0.0062198638916015625
algerian_forest_fires_46279,simpleimputer,ordinalencoder,extra_tree,,AdaBoostClassifier(random_state=0),3,0.9791666666666666,,No using Simple Imputer,No using Ordinal Hot,0.07294297218322754,0.006356239318847656
algerian_forest_fires_46279,simpleimputer,ordinalencoder,extra_tree,,AdaBoostClassifier(random_state=0),4,0.9375,,No using Simple Imputer,No using Ordinal Hot,0.07017636299133301,0.0062677860260009766
algerian_forest_fires_46279,simpleimputer,ordinalencoder,linear_svc,,AdaBoostClassifier(random_state=0),0,1.0,,No using Simple Imputer,No using Ordinal Hot,0.07369399070739746,0.006476402282714844
algerian_forest_fires_46279,simpleimputer,ordinalencoder,linear_svc,,AdaBoostClassifier(random_state=0),1,0.9795918367346939,,No using Simple Imputer,No using Ordinal Hot,0.08598542213439941,0.006581544876098633
algerian_forest_fires_46279,simpleimputer,ordinalencoder,linear_svc,,AdaBoostClassifier(random_state=0),2,1.0,,No using Simple Imputer,No using Ordinal Hot,0.07306647300720215,0.0064601898193359375
algerian_forest_fires_46279,simpleimputer,ordinalencoder,linear_svc,,AdaBoostClassifier(random_state=0),3,0.9583333333333334,,No using Simple Imputer,No using Ordinal Hot,0.07322239875793457,0.006361961364746094
algerian_forest_fires_46279,simpleimputer,ordinalencoder,linear_svc,,AdaBoostClassifier(random_state=0),4,0.9375,,No using Simple Imputer,No using Ordinal Hot,0.07211112976074219,0.006448984146118164
algerian_forest_fires_46279,simpleimputer,ordinalencoder,kernel_pca,,AdaBoostClassifier(random_state=0),0,0.9387755102040817,,No using Simple Imputer,No using Ordinal Hot,0.10086488723754883,0.007081031799316406
algerian_forest_fires_46279,simpleimputer,ordinalencoder,kernel_pca,,AdaBoostClassifier(random_state=0),1,0.9591836734693877,,No using Simple Imputer,No using Ordinal Hot,0.10185933113098145,0.007070302963256836
algerian_forest_fires_46279,simpleimputer,ordinalencoder,kernel_pca,,AdaBoostClassifier(random_state=0),2,0.9387755102040817,,No using Simple Imputer,No using Ordinal Hot,0.10108184814453125,0.0070073604583740234
algerian_forest_fires_46279,simpleimputer,ordinalencoder,kernel_pca,,AdaBoostClassifier(random_state=0),3,0.9375,,No using Simple Imputer,No using Ordinal Hot,0.10783076286315918,0.007022857666015625
algerian_forest_fires_46279,simpleimputer,ordinalencoder,kernel_pca,,AdaBoostClassifier(random_state=0),4,0.9375,,No using Simple Imputer,No using Ordinal Hot,0.10248112678527832,0.007047891616821289
algerian_forest_fires_46279,simpleimputer,ordinalencoder,,standard,AdaBoostClassifier(random_state=0),0,1.0,,No using Simple Imputer,No using Ordinal Hot,0.07851195335388184,0.00663304328918457
algerian_forest_fires_46279,simpleimputer,ordinalencoder,,standard,AdaBoostClassifier(random_state=0),1,0.9795918367346939,,No using Simple Imputer,No using Ordinal Hot,0.07627606391906738,0.006546497344970703
algerian_forest_fires_46279,simpleimputer,ordinalencoder,,standard,AdaBoostClassifier(random_state=0),2,1.0,,No using Simple Imputer,No using Ordinal Hot,0.0766763687133789,0.0065441131591796875
algerian_forest_fires_46279,simpleimputer,ordinalencoder,,standard,AdaBoostClassifier(random_state=0),3,0.9583333333333334,,No using Simple Imputer,No using Ordinal Hot,0.07653546333312988,0.006494760513305664
algerian_forest_fires_46279,simpleimputer,ordinalencoder,,standard,AdaBoostClassifier(random_state=0),4,0.9583333333333334,,No using Simple Imputer,No using Ordinal Hot,0.07677531242370605,0.006556272506713867
algerian_forest_fires_46279,simpleimputer,ordinalencoder,pca,standard,AdaBoostClassifier(random_state=0),0,0.8367346938775511,,No using Simple Imputer,No using Ordinal Hot,0.08437061309814453,0.007014036178588867
algerian_forest_fires_46279,simpleimputer,ordinalencoder,pca,standard,AdaBoostClassifier(random_state=0),1,0.9387755102040817,,No using Simple Imputer,No using Ordinal Hot,0.08383846282958984,0.0065310001373291016
algerian_forest_fires_46279,simpleimputer,ordinalencoder,pca,standard,AdaBoostClassifier(random_state=0),2,0.9387755102040817,,No using Simple Imputer,No using Ordinal Hot,0.0834815502166748,0.006432533264160156
algerian_forest_fires_46279,simpleimputer,ordinalencoder,pca,standard,AdaBoostClassifier(random_state=0),3,0.9583333333333334,,No using Simple Imputer,No using Ordinal Hot,0.08214616775512695,0.006448984146118164
algerian_forest_fires_46279,simpleimputer,ordinalencoder,pca,standard,AdaBoostClassifier(random_state=0),4,0.9166666666666666,,No using Simple Imputer,No using Ordinal Hot,0.0833585262298584,0.0065479278564453125
algerian_forest_fires_46279,simpleimputer,ordinalencoder,fastica,standard,AdaBoostClassifier(random_state=0),0,0.7346938775510204,,No using Simple Imputer,No using Ordinal Hot,0.08506274223327637,0.006528377532958984
algerian_forest_fires_46279,simpleimputer,ordinalencoder,fastica,standard,AdaBoostClassifier(random_state=0),1,0.6326530612244898,,No using Simple Imputer,No using Ordinal Hot,0.08054280281066895,0.006554365158081055
algerian_forest_fires_46279,simpleimputer,ordinalencoder,fastica,standard,AdaBoostClassifier(random_state=0),2,0.8775510204081632,,No using Simple Imputer,No using Ordinal Hot,0.0880439281463623,0.006470680236816406
algerian_forest_fires_46279,simpleimputer,ordinalencoder,fastica,standard,AdaBoostClassifier(random_state=0),3,0.9375,,No using Simple Imputer,No using Ordinal Hot,0.08368659019470215,0.0064465999603271484
algerian_forest_fires_46279,simpleimputer,ordinalencoder,fastica,standard,AdaBoostClassifier(random_state=0),4,0.7291666666666666,,No using Simple Imputer,No using Ordinal Hot,0.08295440673828125,0.006509065628051758
algerian_forest_fires_46279,simpleimputer,ordinalencoder,truncated_svd,standard,AdaBoostClassifier(random_state=0),0,0.7959183673469388,,No using Simple Imputer,No using Ordinal Hot,0.07084178924560547,0.006357669830322266
algerian_forest_fires_46279,simpleimputer,ordinalencoder,truncated_svd,standard,AdaBoostClassifier(random_state=0),1,0.8367346938775511,,No using Simple Imputer,No using Ordinal Hot,0.0711977481842041,0.0064127445220947266
algerian_forest_fires_46279,simpleimputer,ordinalencoder,truncated_svd,standard,AdaBoostClassifier(random_state=0),2,0.7755102040816326,,No using Simple Imputer,No using Ordinal Hot,0.07081198692321777,0.006429433822631836
algerian_forest_fires_46279,simpleimputer,ordinalencoder,truncated_svd,standard,AdaBoostClassifier(random_state=0),3,0.875,,No using Simple Imputer,No using Ordinal Hot,0.07095575332641602,0.006418466567993164
algerian_forest_fires_46279,simpleimputer,ordinalencoder,truncated_svd,standard,AdaBoostClassifier(random_state=0),4,0.8541666666666666,,No using Simple Imputer,No using Ordinal Hot,0.07077169418334961,0.0063512325286865234
algerian_forest_fires_46279,simpleimputer,ordinalencoder,select_percentile,standard,AdaBoostClassifier(random_state=0),0,1.0,,No using Simple Imputer,No using Ordinal Hot,0.07048296928405762,0.006448984146118164
algerian_forest_fires_46279,simpleimputer,ordinalencoder,select_percentile,standard,AdaBoostClassifier(random_state=0),1,0.9795918367346939,,No using Simple Imputer,No using Ordinal Hot,0.06982994079589844,0.006439685821533203
algerian_forest_fires_46279,simpleimputer,ordinalencoder,select_percentile,standard,AdaBoostClassifier(random_state=0),2,1.0,,No using Simple Imputer,No using Ordinal Hot,0.07134699821472168,0.006440401077270508
algerian_forest_fires_46279,simpleimputer,ordinalencoder,select_percentile,standard,AdaBoostClassifier(random_state=0),3,0.9583333333333334,,No using Simple Imputer,No using Ordinal Hot,0.07102441787719727,0.006424903869628906
algerian_forest_fires_46279,simpleimputer,ordinalencoder,select_percentile,standard,AdaBoostClassifier(random_state=0),4,0.9375,,No using Simple Imputer,No using Ordinal Hot,0.07034087181091309,0.006369829177856445
algerian_forest_fires_46279,simpleimputer,ordinalencoder,generic_univariate,standard,AdaBoostClassifier(random_state=0),0,1.0,,No using Simple Imputer,No using Ordinal Hot,0.06917691230773926,0.006319522857666016
algerian_forest_fires_46279,simpleimputer,ordinalencoder,generic_univariate,standard,AdaBoostClassifier(random_state=0),1,1.0,,No using Simple Imputer,No using Ordinal Hot,0.06939482688903809,0.006345033645629883
algerian_forest_fires_46279,simpleimputer,ordinalencoder,generic_univariate,standard,AdaBoostClassifier(random_state=0),2,1.0,,No using Simple Imputer,No using Ordinal Hot,0.0693504810333252,0.006295919418334961
algerian_forest_fires_46279,simpleimputer,ordinalencoder,generic_univariate,standard,AdaBoostClassifier(random_state=0),3,0.9583333333333334,,No using Simple Imputer,No using Ordinal Hot,0.0691990852355957,0.006367206573486328
algerian_forest_fires_46279,simpleimputer,ordinalencoder,generic_univariate,standard,AdaBoostClassifier(random_state=0),4,0.9791666666666666,,No using Simple Imputer,No using Ordinal Hot,0.0690317153930664,0.006548643112182617
algerian_forest_fires_46279,simpleimputer,ordinalencoder,polynomial_features,standard,AdaBoostClassifier(random_state=0),0,1.0,,No using Simple Imputer,No using Ordinal Hot,0.14956068992614746,0.006659746170043945
algerian_forest_fires_46279,simpleimputer,ordinalencoder,polynomial_features,standard,AdaBoostClassifier(random_state=0),1,0.9795918367346939,,No using Simple Imputer,No using Ordinal Hot,0.1495048999786377,0.006663084030151367
algerian_forest_fires_46279,simpleimputer,ordinalencoder,polynomial_features,standard,AdaBoostClassifier(random_state=0),2,1.0,,No using Simple Imputer,No using Ordinal Hot,0.15018367767333984,0.006613969802856445
algerian_forest_fires_46279,simpleimputer,ordinalencoder,polynomial_features,standard,AdaBoostClassifier(random_state=0),3,0.9791666666666666,,No using Simple Imputer,No using Ordinal Hot,0.15016698837280273,0.006609678268432617
algerian_forest_fires_46279,simpleimputer,ordinalencoder,polynomial_features,standard,AdaBoostClassifier(random_state=0),4,0.9375,,No using Simple Imputer,No using Ordinal Hot,0.15001177787780762,0.006592750549316406
algerian_forest_fires_46279,simpleimputer,ordinalencoder,nystroem,standard,AdaBoostClassifier(random_state=0),0,0.8979591836734694,,No using Simple Imputer,No using Ordinal Hot,0.2205052375793457,0.006867170333862305
algerian_forest_fires_46279,simpleimputer,ordinalencoder,nystroem,standard,AdaBoostClassifier(random_state=0),1,0.9183673469387755,,No using Simple Imputer,No using Ordinal Hot,0.19761133193969727,0.00660395622253418
algerian_forest_fires_46279,simpleimputer,ordinalencoder,nystroem,standard,AdaBoostClassifier(random_state=0),2,0.8571428571428571,,No using Simple Imputer,No using Ordinal Hot,0.19333696365356445,0.006618022918701172
algerian_forest_fires_46279,simpleimputer,ordinalencoder,nystroem,standard,AdaBoostClassifier(random_state=0),3,0.9583333333333334,,No using Simple Imputer,No using Ordinal Hot,0.19819402694702148,0.006586551666259766
algerian_forest_fires_46279,simpleimputer,ordinalencoder,nystroem,standard,AdaBoostClassifier(random_state=0),4,0.9375,,No using Simple Imputer,No using Ordinal Hot,0.19507908821105957,0.006621599197387695
algerian_forest_fires_46279,simpleimputer,ordinalencoder,rbf_sampler,standard,AdaBoostClassifier(random_state=0),0,0.673469387755102,,No using Simple Imputer,No using Ordinal Hot,1.0121557712554932,0.0066640377044677734
algerian_forest_fires_46279,simpleimputer,ordinalencoder,rbf_sampler,standard,AdaBoostClassifier(random_state=0),1,0.7346938775510204,,No using Simple Imputer,No using Ordinal Hot,0.17844557762145996,0.0066127777099609375
algerian_forest_fires_46279,simpleimputer,ordinalencoder,rbf_sampler,standard,AdaBoostClassifier(random_state=0),2,0.5714285714285714,,No using Simple Imputer,No using Ordinal Hot,0.18458819389343262,0.006669759750366211
algerian_forest_fires_46279,simpleimputer,ordinalencoder,rbf_sampler,standard,AdaBoostClassifier(random_state=0),3,0.6458333333333334,,No using Simple Imputer,No using Ordinal Hot,0.17799639701843262,0.006750822067260742
algerian_forest_fires_46279,simpleimputer,ordinalencoder,rbf_sampler,standard,AdaBoostClassifier(random_state=0),4,0.6458333333333334,,No using Simple Imputer,No using Ordinal Hot,0.17798137664794922,0.006663084030151367
algerian_forest_fires_46279,simpleimputer,ordinalencoder,random_trees_embedding,standard,AdaBoostClassifier(random_state=0),0,0.8775510204081632,,No using Simple Imputer,No using Ordinal Hot,0.12661480903625488,0.010116100311279297
algerian_forest_fires_46279,simpleimputer,ordinalencoder,random_trees_embedding,standard,AdaBoostClassifier(random_state=0),1,0.9591836734693877,,No using Simple Imputer,No using Ordinal Hot,0.12952947616577148,0.010070085525512695
algerian_forest_fires_46279,simpleimputer,ordinalencoder,random_trees_embedding,standard,AdaBoostClassifier(random_state=0),2,0.9795918367346939,,No using Simple Imputer,No using Ordinal Hot,0.12808489799499512,0.010035276412963867
algerian_forest_fires_46279,simpleimputer,ordinalencoder,random_trees_embedding,standard,AdaBoostClassifier(random_state=0),3,0.9583333333333334,,No using Simple Imputer,No using Ordinal Hot,0.13160204887390137,0.010679244995117188
algerian_forest_fires_46279,simpleimputer,ordinalencoder,random_trees_embedding,standard,AdaBoostClassifier(random_state=0),4,0.9375,,No using Simple Imputer,No using Ordinal Hot,0.1329345703125,0.010010242462158203
algerian_forest_fires_46279,simpleimputer,ordinalencoder,feature_agglomeration,standard,AdaBoostClassifier(random_state=0),0,0.7142857142857143,,No using Simple Imputer,No using Ordinal Hot,0.08771467208862305,0.0073089599609375
algerian_forest_fires_46279,simpleimputer,ordinalencoder,feature_agglomeration,standard,AdaBoostClassifier(random_state=0),1,0.8163265306122449,,No using Simple Imputer,No using Ordinal Hot,0.07547760009765625,0.006369590759277344
algerian_forest_fires_46279,simpleimputer,ordinalencoder,feature_agglomeration,standard,AdaBoostClassifier(random_state=0),2,0.8571428571428571,,No using Simple Imputer,No using Ordinal Hot,0.072998046875,0.006695747375488281
algerian_forest_fires_46279,simpleimputer,ordinalencoder,feature_agglomeration,standard,AdaBoostClassifier(random_state=0),3,0.8333333333333334,,No using Simple Imputer,No using Ordinal Hot,0.07292652130126953,0.006776571273803711
algerian_forest_fires_46279,simpleimputer,ordinalencoder,feature_agglomeration,standard,AdaBoostClassifier(random_state=0),4,0.875,,No using Simple Imputer,No using Ordinal Hot,0.08004999160766602,0.006710529327392578
algerian_forest_fires_46279,simpleimputer,ordinalencoder,extra_tree,standard,AdaBoostClassifier(random_state=0),0,1.0,,No using Simple Imputer,No using Ordinal Hot,0.07367849349975586,0.0064661502838134766
algerian_forest_fires_46279,simpleimputer,ordinalencoder,extra_tree,standard,AdaBoostClassifier(random_state=0),1,0.9795918367346939,,No using Simple Imputer,No using Ordinal Hot,0.07194209098815918,0.006491422653198242
algerian_forest_fires_46279,simpleimputer,ordinalencoder,extra_tree,standard,AdaBoostClassifier(random_state=0),2,1.0,,No using Simple Imputer,No using Ordinal Hot,0.0812079906463623,0.0068666934967041016
algerian_forest_fires_46279,simpleimputer,ordinalencoder,extra_tree,standard,AdaBoostClassifier(random_state=0),3,0.9791666666666666,,No using Simple Imputer,No using Ordinal Hot,0.07378530502319336,0.006341695785522461
algerian_forest_fires_46279,simpleimputer,ordinalencoder,extra_tree,standard,AdaBoostClassifier(random_state=0),4,0.9375,,No using Simple Imputer,No using Ordinal Hot,0.07126498222351074,0.00643157958984375
algerian_forest_fires_46279,simpleimputer,ordinalencoder,linear_svc,standard,AdaBoostClassifier(random_state=0),0,1.0,,No using Simple Imputer,No using Ordinal Hot,0.0726616382598877,0.00638127326965332
algerian_forest_fires_46279,simpleimputer,ordinalencoder,linear_svc,standard,AdaBoostClassifier(random_state=0),1,0.9795918367346939,,No using Simple Imputer,No using Ordinal Hot,0.08008480072021484,0.00719141960144043
algerian_forest_fires_46279,simpleimputer,ordinalencoder,linear_svc,standard,AdaBoostClassifier(random_state=0),2,1.0,,No using Simple Imputer,No using Ordinal Hot,0.09076690673828125,0.006457328796386719
algerian_forest_fires_46279,simpleimputer,ordinalencoder,linear_svc,standard,AdaBoostClassifier(random_state=0),3,0.9583333333333334,,No using Simple Imputer,No using Ordinal Hot,0.0781254768371582,0.007367372512817383
algerian_forest_fires_46279,simpleimputer,ordinalencoder,linear_svc,standard,AdaBoostClassifier(random_state=0),4,0.9375,,No using Simple Imputer,No using Ordinal Hot,0.10162162780761719,0.008791685104370117
algerian_forest_fires_46279,simpleimputer,ordinalencoder,kernel_pca,standard,AdaBoostClassifier(random_state=0),0,0.8367346938775511,,No using Simple Imputer,No using Ordinal Hot,0.11506843566894531,0.00739741325378418
algerian_forest_fires_46279,simpleimputer,ordinalencoder,kernel_pca,standard,AdaBoostClassifier(random_state=0),1,0.9387755102040817,,No using Simple Imputer,No using Ordinal Hot,0.10127377510070801,0.007415771484375
algerian_forest_fires_46279,simpleimputer,ordinalencoder,kernel_pca,standard,AdaBoostClassifier(random_state=0),2,0.9387755102040817,,No using Simple Imputer,No using Ordinal Hot,0.1374669075012207,0.0072400569915771484
algerian_forest_fires_46279,simpleimputer,ordinalencoder,kernel_pca,standard,AdaBoostClassifier(random_state=0),3,0.9583333333333334,,No using Simple Imputer,No using Ordinal Hot,0.11286306381225586,0.00771021842956543
algerian_forest_fires_46279,simpleimputer,ordinalencoder,kernel_pca,standard,AdaBoostClassifier(random_state=0),4,0.9166666666666666,,No using Simple Imputer,No using Ordinal Hot,0.10327696800231934,0.007848978042602539
algerian_forest_fires_46279,simpleimputer,ordinalencoder,,minmax,AdaBoostClassifier(random_state=0),0,1.0,,No using Simple Imputer,No using Ordinal Hot,0.08832263946533203,0.007129192352294922
algerian_forest_fires_46279,simpleimputer,ordinalencoder,,minmax,AdaBoostClassifier(random_state=0),1,0.9795918367346939,,No using Simple Imputer,No using Ordinal Hot,0.08144307136535645,0.006894826889038086
algerian_forest_fires_46279,simpleimputer,ordinalencoder,,minmax,AdaBoostClassifier(random_state=0),2,1.0,,No using Simple Imputer,No using Ordinal Hot,0.07704877853393555,0.006611824035644531
algerian_forest_fires_46279,simpleimputer,ordinalencoder,,minmax,AdaBoostClassifier(random_state=0),3,0.9583333333333334,,No using Simple Imputer,No using Ordinal Hot,0.07695317268371582,0.0064601898193359375
algerian_forest_fires_46279,simpleimputer,ordinalencoder,,minmax,AdaBoostClassifier(random_state=0),4,0.9583333333333334,,No using Simple Imputer,No using Ordinal Hot,0.07683038711547852,0.006566524505615234
algerian_forest_fires_46279,simpleimputer,ordinalencoder,pca,minmax,AdaBoostClassifier(random_state=0),0,0.8979591836734694,,No using Simple Imputer,No using Ordinal Hot,0.0830843448638916,0.006537199020385742
algerian_forest_fires_46279,simpleimputer,ordinalencoder,pca,minmax,AdaBoostClassifier(random_state=0),1,0.9591836734693877,,No using Simple Imputer,No using Ordinal Hot,0.08286833763122559,0.006557464599609375
algerian_forest_fires_46279,simpleimputer,ordinalencoder,pca,minmax,AdaBoostClassifier(random_state=0),2,0.9183673469387755,,No using Simple Imputer,No using Ordinal Hot,0.08246731758117676,0.006624460220336914
algerian_forest_fires_46279,simpleimputer,ordinalencoder,pca,minmax,AdaBoostClassifier(random_state=0),3,0.8958333333333334,,No using Simple Imputer,No using Ordinal Hot,0.08547472953796387,0.006745100021362305
algerian_forest_fires_46279,simpleimputer,ordinalencoder,pca,minmax,AdaBoostClassifier(random_state=0),4,0.9375,,No using Simple Imputer,No using Ordinal Hot,0.08554339408874512,0.006858348846435547
algerian_forest_fires_46279,simpleimputer,ordinalencoder,fastica,minmax,AdaBoostClassifier(random_state=0),0,0.7142857142857143,,No using Simple Imputer,No using Ordinal Hot,0.0848383903503418,0.006051301956176758
algerian_forest_fires_46279,simpleimputer,ordinalencoder,fastica,minmax,AdaBoostClassifier(random_state=0),1,0.8163265306122449,,No using Simple Imputer,No using Ordinal Hot,0.07966303825378418,0.006182670593261719
algerian_forest_fires_46279,simpleimputer,ordinalencoder,fastica,minmax,AdaBoostClassifier(random_state=0),2,0.7346938775510204,,No using Simple Imputer,No using Ordinal Hot,0.07631826400756836,0.00593876838684082
algerian_forest_fires_46279,simpleimputer,ordinalencoder,fastica,minmax,AdaBoostClassifier(random_state=0),3,0.8958333333333334,,No using Simple Imputer,No using Ordinal Hot,0.0765993595123291,0.005933284759521484
algerian_forest_fires_46279,simpleimputer,ordinalencoder,fastica,minmax,AdaBoostClassifier(random_state=0),4,0.875,,No using Simple Imputer,No using Ordinal Hot,0.07668709754943848,0.0059664249420166016
algerian_forest_fires_46279,simpleimputer,ordinalencoder,truncated_svd,minmax,AdaBoostClassifier(random_state=0),0,0.8367346938775511,,No using Simple Imputer,No using Ordinal Hot,0.06519579887390137,0.0058994293212890625
algerian_forest_fires_46279,simpleimputer,ordinalencoder,truncated_svd,minmax,AdaBoostClassifier(random_state=0),1,0.7142857142857143,,No using Simple Imputer,No using Ordinal Hot,0.06517815589904785,0.0058972835540771484
algerian_forest_fires_46279,simpleimputer,ordinalencoder,truncated_svd,minmax,AdaBoostClassifier(random_state=0),2,0.8367346938775511,,No using Simple Imputer,No using Ordinal Hot,0.06748056411743164,0.005955219268798828
algerian_forest_fires_46279,simpleimputer,ordinalencoder,truncated_svd,minmax,AdaBoostClassifier(random_state=0),3,0.8958333333333334,,No using Simple Imputer,No using Ordinal Hot,0.06510710716247559,0.005819559097290039
algerian_forest_fires_46279,simpleimputer,ordinalencoder,truncated_svd,minmax,AdaBoostClassifier(random_state=0),4,0.9166666666666666,,No using Simple Imputer,No using Ordinal Hot,0.06526327133178711,0.005887031555175781
algerian_forest_fires_46279,simpleimputer,ordinalencoder,select_percentile,minmax,AdaBoostClassifier(random_state=0),0,1.0,,No using Simple Imputer,No using Ordinal Hot,0.06473827362060547,0.0060350894927978516
algerian_forest_fires_46279,simpleimputer,ordinalencoder,select_percentile,minmax,AdaBoostClassifier(random_state=0),1,0.9795918367346939,,No using Simple Imputer,No using Ordinal Hot,0.06528139114379883,0.0058939456939697266
algerian_forest_fires_46279,simpleimputer,ordinalencoder,select_percentile,minmax,AdaBoostClassifier(random_state=0),2,1.0,,No using Simple Imputer,No using Ordinal Hot,0.06662511825561523,0.005913257598876953
algerian_forest_fires_46279,simpleimputer,ordinalencoder,select_percentile,minmax,AdaBoostClassifier(random_state=0),3,0.9583333333333334,,No using Simple Imputer,No using Ordinal Hot,0.06524658203125,0.005965709686279297
algerian_forest_fires_46279,simpleimputer,ordinalencoder,select_percentile,minmax,AdaBoostClassifier(random_state=0),4,0.9375,,No using Simple Imputer,No using Ordinal Hot,0.06477665901184082,0.0060117244720458984
algerian_forest_fires_46279,simpleimputer,ordinalencoder,generic_univariate,minmax,AdaBoostClassifier(random_state=0),0,1.0,,No using Simple Imputer,No using Ordinal Hot,0.06391048431396484,0.005933523178100586
algerian_forest_fires_46279,simpleimputer,ordinalencoder,generic_univariate,minmax,AdaBoostClassifier(random_state=0),1,1.0,,No using Simple Imputer,No using Ordinal Hot,0.06471800804138184,0.005925893783569336
algerian_forest_fires_46279,simpleimputer,ordinalencoder,generic_univariate,minmax,AdaBoostClassifier(random_state=0),2,1.0,,No using Simple Imputer,No using Ordinal Hot,0.06406974792480469,0.0058650970458984375
algerian_forest_fires_46279,simpleimputer,ordinalencoder,generic_univariate,minmax,AdaBoostClassifier(random_state=0),3,0.9583333333333334,,No using Simple Imputer,No using Ordinal Hot,0.06322312355041504,0.005814313888549805
algerian_forest_fires_46279,simpleimputer,ordinalencoder,generic_univariate,minmax,AdaBoostClassifier(random_state=0),4,0.9791666666666666,,No using Simple Imputer,No using Ordinal Hot,0.06371140480041504,0.005845785140991211
algerian_forest_fires_46279,simpleimputer,ordinalencoder,polynomial_features,minmax,AdaBoostClassifier(random_state=0),0,0.9795918367346939,,No using Simple Imputer,No using Ordinal Hot,0.1284174919128418,0.0060803890228271484
algerian_forest_fires_46279,simpleimputer,ordinalencoder,polynomial_features,minmax,AdaBoostClassifier(random_state=0),1,0.9795918367346939,,No using Simple Imputer,No using Ordinal Hot,0.1283128261566162,0.006155490875244141
algerian_forest_fires_46279,simpleimputer,ordinalencoder,polynomial_features,minmax,AdaBoostClassifier(random_state=0),2,1.0,,No using Simple Imputer,No using Ordinal Hot,0.12903189659118652,0.006133317947387695
algerian_forest_fires_46279,simpleimputer,ordinalencoder,polynomial_features,minmax,AdaBoostClassifier(random_state=0),3,0.9583333333333334,,No using Simple Imputer,No using Ordinal Hot,0.12968730926513672,0.006090879440307617
algerian_forest_fires_46279,simpleimputer,ordinalencoder,polynomial_features,minmax,AdaBoostClassifier(random_state=0),4,0.8958333333333334,,No using Simple Imputer,No using Ordinal Hot,0.12882018089294434,0.006082773208618164
algerian_forest_fires_46279,simpleimputer,ordinalencoder,nystroem,minmax,AdaBoostClassifier(random_state=0),0,0.8979591836734694,,No using Simple Imputer,No using Ordinal Hot,0.17558884620666504,0.006182193756103516
algerian_forest_fires_46279,simpleimputer,ordinalencoder,nystroem,minmax,AdaBoostClassifier(random_state=0),1,0.9387755102040817,,No using Simple Imputer,No using Ordinal Hot,0.17967915534973145,0.006070852279663086
algerian_forest_fires_46279,simpleimputer,ordinalencoder,nystroem,minmax,AdaBoostClassifier(random_state=0),2,0.8775510204081632,,No using Simple Imputer,No using Ordinal Hot,0.17985129356384277,0.006097555160522461
algerian_forest_fires_46279,simpleimputer,ordinalencoder,nystroem,minmax,AdaBoostClassifier(random_state=0),3,0.9583333333333334,,No using Simple Imputer,No using Ordinal Hot,0.1832733154296875,0.006063938140869141
algerian_forest_fires_46279,simpleimputer,ordinalencoder,nystroem,minmax,AdaBoostClassifier(random_state=0),4,0.9375,,No using Simple Imputer,No using Ordinal Hot,0.18269610404968262,0.006033182144165039
algerian_forest_fires_46279,simpleimputer,ordinalencoder,rbf_sampler,minmax,AdaBoostClassifier(random_state=0),0,0.9591836734693877,,No using Simple Imputer,No using Ordinal Hot,0.1629962921142578,0.00606536865234375
algerian_forest_fires_46279,simpleimputer,ordinalencoder,rbf_sampler,minmax,AdaBoostClassifier(random_state=0),1,0.9795918367346939,,No using Simple Imputer,No using Ordinal Hot,0.16234827041625977,0.005915641784667969
algerian_forest_fires_46279,simpleimputer,ordinalencoder,rbf_sampler,minmax,AdaBoostClassifier(random_state=0),2,0.9795918367346939,,No using Simple Imputer,No using Ordinal Hot,0.15942597389221191,0.006109714508056641
algerian_forest_fires_46279,simpleimputer,ordinalencoder,rbf_sampler,minmax,AdaBoostClassifier(random_state=0),3,0.9583333333333334,,No using Simple Imputer,No using Ordinal Hot,0.16215777397155762,0.00606083869934082
algerian_forest_fires_46279,simpleimputer,ordinalencoder,rbf_sampler,minmax,AdaBoostClassifier(random_state=0),4,0.9375,,No using Simple Imputer,No using Ordinal Hot,0.1615912914276123,0.0060503482818603516
algerian_forest_fires_46279,simpleimputer,ordinalencoder,random_trees_embedding,minmax,AdaBoostClassifier(random_state=0),0,0.8775510204081632,,No using Simple Imputer,No using Ordinal Hot,0.11682510375976562,0.009220600128173828
algerian_forest_fires_46279,simpleimputer,ordinalencoder,random_trees_embedding,minmax,AdaBoostClassifier(random_state=0),1,0.9591836734693877,,No using Simple Imputer,No using Ordinal Hot,0.11708593368530273,0.009455680847167969
algerian_forest_fires_46279,simpleimputer,ordinalencoder,random_trees_embedding,minmax,AdaBoostClassifier(random_state=0),2,0.9795918367346939,,No using Simple Imputer,No using Ordinal Hot,0.11507415771484375,0.009133100509643555
algerian_forest_fires_46279,simpleimputer,ordinalencoder,random_trees_embedding,minmax,AdaBoostClassifier(random_state=0),3,0.9583333333333334,,No using Simple Imputer,No using Ordinal Hot,0.12003231048583984,0.009063482284545898
algerian_forest_fires_46279,simpleimputer,ordinalencoder,random_trees_embedding,minmax,AdaBoostClassifier(random_state=0),4,0.9375,,No using Simple Imputer,No using Ordinal Hot,0.1192319393157959,0.010210275650024414
algerian_forest_fires_46279,simpleimputer,ordinalencoder,feature_agglomeration,minmax,AdaBoostClassifier(random_state=0),0,0.8571428571428571,,No using Simple Imputer,No using Ordinal Hot,0.07030487060546875,0.006319284439086914
algerian_forest_fires_46279,simpleimputer,ordinalencoder,feature_agglomeration,minmax,AdaBoostClassifier(random_state=0),1,0.8571428571428571,,No using Simple Imputer,No using Ordinal Hot,0.0699622631072998,0.0064127445220947266
algerian_forest_fires_46279,simpleimputer,ordinalencoder,feature_agglomeration,minmax,AdaBoostClassifier(random_state=0),2,0.8571428571428571,,No using Simple Imputer,No using Ordinal Hot,0.07073116302490234,0.00638580322265625
algerian_forest_fires_46279,simpleimputer,ordinalencoder,feature_agglomeration,minmax,AdaBoostClassifier(random_state=0),3,0.8333333333333334,,No using Simple Imputer,No using Ordinal Hot,0.07021665573120117,0.006339311599731445
algerian_forest_fires_46279,simpleimputer,ordinalencoder,feature_agglomeration,minmax,AdaBoostClassifier(random_state=0),4,0.875,,No using Simple Imputer,No using Ordinal Hot,0.07167291641235352,0.0063343048095703125
algerian_forest_fires_46279,simpleimputer,ordinalencoder,extra_tree,minmax,AdaBoostClassifier(random_state=0),0,1.0,,No using Simple Imputer,No using Ordinal Hot,0.07577276229858398,0.006372213363647461
algerian_forest_fires_46279,simpleimputer,ordinalencoder,extra_tree,minmax,AdaBoostClassifier(random_state=0),1,0.9795918367346939,,No using Simple Imputer,No using Ordinal Hot,0.07183289527893066,0.006345987319946289
algerian_forest_fires_46279,simpleimputer,ordinalencoder,extra_tree,minmax,AdaBoostClassifier(random_state=0),2,1.0,,No using Simple Imputer,No using Ordinal Hot,0.07181906700134277,0.006375551223754883
algerian_forest_fires_46279,simpleimputer,ordinalencoder,extra_tree,minmax,AdaBoostClassifier(random_state=0),3,0.9791666666666666,,No using Simple Imputer,No using Ordinal Hot,0.07213187217712402,0.006452322006225586
algerian_forest_fires_46279,simpleimputer,ordinalencoder,extra_tree,minmax,AdaBoostClassifier(random_state=0),4,0.9375,,No using Simple Imputer,No using Ordinal Hot,0.07094049453735352,0.006441831588745117
algerian_forest_fires_46279,simpleimputer,ordinalencoder,linear_svc,minmax,AdaBoostClassifier(random_state=0),0,1.0,,No using Simple Imputer,No using Ordinal Hot,0.07187461853027344,0.006413698196411133
algerian_forest_fires_46279,simpleimputer,ordinalencoder,linear_svc,minmax,AdaBoostClassifier(random_state=0),1,0.9795918367346939,,No using Simple Imputer,No using Ordinal Hot,0.07089614868164062,0.006499767303466797
algerian_forest_fires_46279,simpleimputer,ordinalencoder,linear_svc,minmax,AdaBoostClassifier(random_state=0),2,1.0,,No using Simple Imputer,No using Ordinal Hot,0.07132816314697266,0.006438732147216797
algerian_forest_fires_46279,simpleimputer,ordinalencoder,linear_svc,minmax,AdaBoostClassifier(random_state=0),3,0.9583333333333334,,No using Simple Imputer,No using Ordinal Hot,0.07292556762695312,0.006884336471557617
algerian_forest_fires_46279,simpleimputer,ordinalencoder,linear_svc,minmax,AdaBoostClassifier(random_state=0),4,0.9375,,No using Simple Imputer,No using Ordinal Hot,0.07140016555786133,0.006435871124267578
algerian_forest_fires_46279,simpleimputer,ordinalencoder,kernel_pca,minmax,AdaBoostClassifier(random_state=0),0,0.8979591836734694,,No using Simple Imputer,No using Ordinal Hot,0.09997868537902832,0.007078886032104492
algerian_forest_fires_46279,simpleimputer,ordinalencoder,kernel_pca,minmax,AdaBoostClassifier(random_state=0),1,0.9591836734693877,,No using Simple Imputer,No using Ordinal Hot,0.10303235054016113,0.0069217681884765625
algerian_forest_fires_46279,simpleimputer,ordinalencoder,kernel_pca,minmax,AdaBoostClassifier(random_state=0),2,0.9183673469387755,,No using Simple Imputer,No using Ordinal Hot,0.09822821617126465,0.006936550140380859
algerian_forest_fires_46279,simpleimputer,ordinalencoder,kernel_pca,minmax,AdaBoostClassifier(random_state=0),3,0.8958333333333334,,No using Simple Imputer,No using Ordinal Hot,0.09872698783874512,0.006837368011474609
algerian_forest_fires_46279,simpleimputer,ordinalencoder,kernel_pca,minmax,AdaBoostClassifier(random_state=0),4,0.9375,,No using Simple Imputer,No using Ordinal Hot,0.08051323890686035,0.00636744499206543
algerian_forest_fires_46279,simpleimputer,ordinalencoder,,robust,AdaBoostClassifier(random_state=0),0,1.0,,No using Simple Imputer,No using Ordinal Hot,0.07424497604370117,0.006357431411743164
algerian_forest_fires_46279,simpleimputer,ordinalencoder,,robust,AdaBoostClassifier(random_state=0),1,0.9795918367346939,,No using Simple Imputer,No using Ordinal Hot,0.07392668724060059,0.006444692611694336
algerian_forest_fires_46279,simpleimputer,ordinalencoder,,robust,AdaBoostClassifier(random_state=0),2,1.0,,No using Simple Imputer,No using Ordinal Hot,0.07430815696716309,0.006277799606323242
algerian_forest_fires_46279,simpleimputer,ordinalencoder,,robust,AdaBoostClassifier(random_state=0),3,0.9583333333333334,,No using Simple Imputer,No using Ordinal Hot,0.07476663589477539,0.006409645080566406
algerian_forest_fires_46279,simpleimputer,ordinalencoder,,robust,AdaBoostClassifier(random_state=0),4,0.9583333333333334,,No using Simple Imputer,No using Ordinal Hot,0.07364225387573242,0.006201744079589844
algerian_forest_fires_46279,simpleimputer,ordinalencoder,pca,robust,AdaBoostClassifier(random_state=0),0,0.8571428571428571,,No using Simple Imputer,No using Ordinal Hot,0.07973861694335938,0.006249666213989258
algerian_forest_fires_46279,simpleimputer,ordinalencoder,pca,robust,AdaBoostClassifier(random_state=0),1,0.9591836734693877,,No using Simple Imputer,No using Ordinal Hot,0.08106827735900879,0.006426572799682617
algerian_forest_fires_46279,simpleimputer,ordinalencoder,pca,robust,AdaBoostClassifier(random_state=0),2,0.8775510204081632,,No using Simple Imputer,No using Ordinal Hot,0.08262896537780762,0.00615239143371582
algerian_forest_fires_46279,simpleimputer,ordinalencoder,pca,robust,AdaBoostClassifier(random_state=0),3,0.9375,,No using Simple Imputer,No using Ordinal Hot,0.07973861694335938,0.006705760955810547
algerian_forest_fires_46279,simpleimputer,ordinalencoder,pca,robust,AdaBoostClassifier(random_state=0),4,0.9375,,No using Simple Imputer,No using Ordinal Hot,0.07992243766784668,0.0063266754150390625
algerian_forest_fires_46279,simpleimputer,ordinalencoder,fastica,robust,AdaBoostClassifier(random_state=0),0,0.8979591836734694,,No using Simple Imputer,No using Ordinal Hot,0.08039021492004395,0.006208181381225586
algerian_forest_fires_46279,simpleimputer,ordinalencoder,fastica,robust,AdaBoostClassifier(random_state=0),1,0.6326530612244898,,No using Simple Imputer,No using Ordinal Hot,0.0785832405090332,0.006175041198730469
algerian_forest_fires_46279,simpleimputer,ordinalencoder,fastica,robust,AdaBoostClassifier(random_state=0),2,0.4897959183673469,,No using Simple Imputer,No using Ordinal Hot,0.08030915260314941,0.00637507438659668
algerian_forest_fires_46279,simpleimputer,ordinalencoder,fastica,robust,AdaBoostClassifier(random_state=0),3,0.9375,,No using Simple Imputer,No using Ordinal Hot,0.08069300651550293,0.006282329559326172
algerian_forest_fires_46279,simpleimputer,ordinalencoder,fastica,robust,AdaBoostClassifier(random_state=0),4,0.8541666666666666,,No using Simple Imputer,No using Ordinal Hot,0.08267712593078613,0.006307840347290039
algerian_forest_fires_46279,simpleimputer,ordinalencoder,truncated_svd,robust,AdaBoostClassifier(random_state=0),0,0.7755102040816326,,No using Simple Imputer,No using Ordinal Hot,0.06911802291870117,0.0062029361724853516
algerian_forest_fires_46279,simpleimputer,ordinalencoder,truncated_svd,robust,AdaBoostClassifier(random_state=0),1,0.9387755102040817,,No using Simple Imputer,No using Ordinal Hot,0.06909704208374023,0.006178617477416992
algerian_forest_fires_46279,simpleimputer,ordinalencoder,truncated_svd,robust,AdaBoostClassifier(random_state=0),2,0.8163265306122449,,No using Simple Imputer,No using Ordinal Hot,0.06911754608154297,0.006272792816162109
algerian_forest_fires_46279,simpleimputer,ordinalencoder,truncated_svd,robust,AdaBoostClassifier(random_state=0),3,0.8958333333333334,,No using Simple Imputer,No using Ordinal Hot,0.06878423690795898,0.006183624267578125
algerian_forest_fires_46279,simpleimputer,ordinalencoder,truncated_svd,robust,AdaBoostClassifier(random_state=0),4,0.8958333333333334,,No using Simple Imputer,No using Ordinal Hot,0.06886935234069824,0.006248950958251953
algerian_forest_fires_46279,simpleimputer,ordinalencoder,select_percentile,robust,AdaBoostClassifier(random_state=0),0,1.0,,No using Simple Imputer,No using Ordinal Hot,0.06961989402770996,0.006273746490478516
algerian_forest_fires_46279,simpleimputer,ordinalencoder,select_percentile,robust,AdaBoostClassifier(random_state=0),1,0.9795918367346939,,No using Simple Imputer,No using Ordinal Hot,0.06793594360351562,0.0061686038970947266
algerian_forest_fires_46279,simpleimputer,ordinalencoder,select_percentile,robust,AdaBoostClassifier(random_state=0),2,1.0,,No using Simple Imputer,No using Ordinal Hot,0.06792116165161133,0.006203651428222656
algerian_forest_fires_46279,simpleimputer,ordinalencoder,select_percentile,robust,AdaBoostClassifier(random_state=0),3,0.9583333333333334,,No using Simple Imputer,No using Ordinal Hot,0.06877398490905762,0.0062177181243896484
algerian_forest_fires_46279,simpleimputer,ordinalencoder,select_percentile,robust,AdaBoostClassifier(random_state=0),4,0.9375,,No using Simple Imputer,No using Ordinal Hot,0.0688319206237793,0.005924224853515625
algerian_forest_fires_46279,simpleimputer,ordinalencoder,generic_univariate,robust,AdaBoostClassifier(random_state=0),0,1.0,,No using Simple Imputer,No using Ordinal Hot,0.06739139556884766,0.006132364273071289
algerian_forest_fires_46279,simpleimputer,ordinalencoder,generic_univariate,robust,AdaBoostClassifier(random_state=0),1,1.0,,No using Simple Imputer,No using Ordinal Hot,0.06705212593078613,0.0062563419342041016
algerian_forest_fires_46279,simpleimputer,ordinalencoder,generic_univariate,robust,AdaBoostClassifier(random_state=0),2,1.0,,No using Simple Imputer,No using Ordinal Hot,0.06682395935058594,0.006257534027099609
algerian_forest_fires_46279,simpleimputer,ordinalencoder,generic_univariate,robust,AdaBoostClassifier(random_state=0),3,0.9583333333333334,,No using Simple Imputer,No using Ordinal Hot,0.06755709648132324,0.00628209114074707
algerian_forest_fires_46279,simpleimputer,ordinalencoder,generic_univariate,robust,AdaBoostClassifier(random_state=0),4,0.9791666666666666,,No using Simple Imputer,No using Ordinal Hot,0.06679821014404297,0.0062198638916015625
algerian_forest_fires_46279,simpleimputer,ordinalencoder,polynomial_features,robust,AdaBoostClassifier(random_state=0),0,0.9795918367346939,,No using Simple Imputer,No using Ordinal Hot,0.13314437866210938,0.006475210189819336
algerian_forest_fires_46279,simpleimputer,ordinalencoder,polynomial_features,robust,AdaBoostClassifier(random_state=0),1,0.9795918367346939,,No using Simple Imputer,No using Ordinal Hot,0.13437533378601074,0.006518840789794922
algerian_forest_fires_46279,simpleimputer,ordinalencoder,polynomial_features,robust,AdaBoostClassifier(random_state=0),2,0.9795918367346939,,No using Simple Imputer,No using Ordinal Hot,0.13471293449401855,0.006497621536254883
algerian_forest_fires_46279,simpleimputer,ordinalencoder,polynomial_features,robust,AdaBoostClassifier(random_state=0),3,0.9791666666666666,,No using Simple Imputer,No using Ordinal Hot,0.13306474685668945,0.006464242935180664
algerian_forest_fires_46279,simpleimputer,ordinalencoder,polynomial_features,robust,AdaBoostClassifier(random_state=0),4,0.9375,,No using Simple Imputer,No using Ordinal Hot,0.13245224952697754,0.006471157073974609
algerian_forest_fires_46279,simpleimputer,ordinalencoder,nystroem,robust,AdaBoostClassifier(random_state=0),0,0.8367346938775511,,No using Simple Imputer,No using Ordinal Hot,0.1841287612915039,0.006501913070678711
algerian_forest_fires_46279,simpleimputer,ordinalencoder,nystroem,robust,AdaBoostClassifier(random_state=0),1,0.8979591836734694,,No using Simple Imputer,No using Ordinal Hot,0.21563339233398438,0.0066988468170166016
algerian_forest_fires_46279,simpleimputer,ordinalencoder,nystroem,robust,AdaBoostClassifier(random_state=0),2,0.8571428571428571,,No using Simple Imputer,No using Ordinal Hot,0.18677020072937012,0.006468534469604492
algerian_forest_fires_46279,simpleimputer,ordinalencoder,nystroem,robust,AdaBoostClassifier(random_state=0),3,0.9583333333333334,,No using Simple Imputer,No using Ordinal Hot,0.19470453262329102,0.007111549377441406
algerian_forest_fires_46279,simpleimputer,ordinalencoder,nystroem,robust,AdaBoostClassifier(random_state=0),4,0.9166666666666666,,No using Simple Imputer,No using Ordinal Hot,0.18903470039367676,0.00642848014831543
algerian_forest_fires_46279,simpleimputer,ordinalencoder,rbf_sampler,robust,AdaBoostClassifier(random_state=0),0,0.5306122448979592,,No using Simple Imputer,No using Ordinal Hot,0.17183232307434082,0.006475687026977539
algerian_forest_fires_46279,simpleimputer,ordinalencoder,rbf_sampler,robust,AdaBoostClassifier(random_state=0),1,0.7551020408163265,,No using Simple Imputer,No using Ordinal Hot,0.17017698287963867,0.006869077682495117
algerian_forest_fires_46279,simpleimputer,ordinalencoder,rbf_sampler,robust,AdaBoostClassifier(random_state=0),2,0.7142857142857143,,No using Simple Imputer,No using Ordinal Hot,0.1744389533996582,0.006727695465087891
algerian_forest_fires_46279,simpleimputer,ordinalencoder,rbf_sampler,robust,AdaBoostClassifier(random_state=0),3,0.7291666666666666,,No using Simple Imputer,No using Ordinal Hot,0.17806124687194824,0.006582975387573242
algerian_forest_fires_46279,simpleimputer,ordinalencoder,rbf_sampler,robust,AdaBoostClassifier(random_state=0),4,0.6875,,No using Simple Imputer,No using Ordinal Hot,0.17711591720581055,0.006460428237915039
algerian_forest_fires_46279,simpleimputer,ordinalencoder,random_trees_embedding,robust,AdaBoostClassifier(random_state=0),0,0.8775510204081632,,No using Simple Imputer,No using Ordinal Hot,0.12463092803955078,0.010081291198730469
algerian_forest_fires_46279,simpleimputer,ordinalencoder,random_trees_embedding,robust,AdaBoostClassifier(random_state=0),1,0.9591836734693877,,No using Simple Imputer,No using Ordinal Hot,0.12520956993103027,0.009807825088500977
algerian_forest_fires_46279,simpleimputer,ordinalencoder,random_trees_embedding,robust,AdaBoostClassifier(random_state=0),2,0.9795918367346939,,No using Simple Imputer,No using Ordinal Hot,0.12552356719970703,0.00999903678894043
algerian_forest_fires_46279,simpleimputer,ordinalencoder,random_trees_embedding,robust,AdaBoostClassifier(random_state=0),3,0.9583333333333334,,No using Simple Imputer,No using Ordinal Hot,0.1246495246887207,0.010120868682861328
algerian_forest_fires_46279,simpleimputer,ordinalencoder,random_trees_embedding,robust,AdaBoostClassifier(random_state=0),4,0.9375,,No using Simple Imputer,No using Ordinal Hot,0.12352609634399414,0.009979486465454102
algerian_forest_fires_46279,simpleimputer,ordinalencoder,feature_agglomeration,robust,AdaBoostClassifier(random_state=0),0,0.673469387755102,,No using Simple Imputer,No using Ordinal Hot,0.0688023567199707,0.006235599517822266
algerian_forest_fires_46279,simpleimputer,ordinalencoder,feature_agglomeration,robust,AdaBoostClassifier(random_state=0),1,0.8571428571428571,,No using Simple Imputer,No using Ordinal Hot,0.06811714172363281,0.006394386291503906
algerian_forest_fires_46279,simpleimputer,ordinalencoder,feature_agglomeration,robust,AdaBoostClassifier(random_state=0),2,0.8979591836734694,,No using Simple Imputer,No using Ordinal Hot,0.0691232681274414,0.006750345230102539
algerian_forest_fires_46279,simpleimputer,ordinalencoder,feature_agglomeration,robust,AdaBoostClassifier(random_state=0),3,0.875,,No using Simple Imputer,No using Ordinal Hot,0.07075762748718262,0.0063779354095458984
algerian_forest_fires_46279,simpleimputer,ordinalencoder,feature_agglomeration,robust,AdaBoostClassifier(random_state=0),4,0.875,,No using Simple Imputer,No using Ordinal Hot,0.06866312026977539,0.006328105926513672
algerian_forest_fires_46279,simpleimputer,ordinalencoder,extra_tree,robust,AdaBoostClassifier(random_state=0),0,1.0,,No using Simple Imputer,No using Ordinal Hot,0.07073807716369629,0.006253242492675781
algerian_forest_fires_46279,simpleimputer,ordinalencoder,extra_tree,robust,AdaBoostClassifier(random_state=0),1,0.9795918367346939,,No using Simple Imputer,No using Ordinal Hot,0.07281947135925293,0.0067365169525146484
algerian_forest_fires_46279,simpleimputer,ordinalencoder,extra_tree,robust,AdaBoostClassifier(random_state=0),2,1.0,,No using Simple Imputer,No using Ordinal Hot,0.06990957260131836,0.006356477737426758
algerian_forest_fires_46279,simpleimputer,ordinalencoder,extra_tree,robust,AdaBoostClassifier(random_state=0),3,0.9791666666666666,,No using Simple Imputer,No using Ordinal Hot,0.07088208198547363,0.006399393081665039
algerian_forest_fires_46279,simpleimputer,ordinalencoder,extra_tree,robust,AdaBoostClassifier(random_state=0),4,0.9375,,No using Simple Imputer,No using Ordinal Hot,0.07027673721313477,0.006249427795410156
algerian_forest_fires_46279,simpleimputer,ordinalencoder,linear_svc,robust,AdaBoostClassifier(random_state=0),0,1.0,,No using Simple Imputer,No using Ordinal Hot,0.07083439826965332,0.00640106201171875
algerian_forest_fires_46279,simpleimputer,ordinalencoder,linear_svc,robust,AdaBoostClassifier(random_state=0),1,0.9795918367346939,,No using Simple Imputer,No using Ordinal Hot,0.07006263732910156,0.00626063346862793
algerian_forest_fires_46279,simpleimputer,ordinalencoder,linear_svc,robust,AdaBoostClassifier(random_state=0),2,1.0,,No using Simple Imputer,No using Ordinal Hot,0.07129120826721191,0.006317853927612305
algerian_forest_fires_46279,simpleimputer,ordinalencoder,linear_svc,robust,AdaBoostClassifier(random_state=0),3,0.9583333333333334,,No using Simple Imputer,No using Ordinal Hot,0.07019829750061035,0.006117820739746094
algerian_forest_fires_46279,simpleimputer,ordinalencoder,linear_svc,robust,AdaBoostClassifier(random_state=0),4,0.9375,,No using Simple Imputer,No using Ordinal Hot,0.07153487205505371,0.006352424621582031
algerian_forest_fires_46279,simpleimputer,ordinalencoder,kernel_pca,robust,AdaBoostClassifier(random_state=0),0,0.8571428571428571,,No using Simple Imputer,No using Ordinal Hot,0.09705257415771484,0.006953239440917969
algerian_forest_fires_46279,simpleimputer,ordinalencoder,kernel_pca,robust,AdaBoostClassifier(random_state=0),1,0.9591836734693877,,No using Simple Imputer,No using Ordinal Hot,0.10036540031433105,0.0069124698638916016
algerian_forest_fires_46279,simpleimputer,ordinalencoder,kernel_pca,robust,AdaBoostClassifier(random_state=0),2,0.8775510204081632,,No using Simple Imputer,No using Ordinal Hot,0.09808516502380371,0.00708770751953125
algerian_forest_fires_46279,simpleimputer,ordinalencoder,kernel_pca,robust,AdaBoostClassifier(random_state=0),3,0.9375,,No using Simple Imputer,No using Ordinal Hot,0.10084056854248047,0.006936073303222656
algerian_forest_fires_46279,simpleimputer,ordinalencoder,kernel_pca,robust,AdaBoostClassifier(random_state=0),4,0.9375,,No using Simple Imputer,No using Ordinal Hot,0.09872579574584961,0.006892204284667969
algerian_forest_fires_46279,simpleimputer,ordinalencoder,,normalizer,AdaBoostClassifier(random_state=0),0,0.9795918367346939,,No using Simple Imputer,No using Ordinal Hot,0.08017849922180176,0.006352663040161133
algerian_forest_fires_46279,simpleimputer,ordinalencoder,,normalizer,AdaBoostClassifier(random_state=0),1,0.9795918367346939,,No using Simple Imputer,No using Ordinal Hot,0.08073067665100098,0.00644993782043457
algerian_forest_fires_46279,simpleimputer,ordinalencoder,,normalizer,AdaBoostClassifier(random_state=0),2,0.9591836734693877,,No using Simple Imputer,No using Ordinal Hot,0.08037781715393066,0.006426811218261719
algerian_forest_fires_46279,simpleimputer,ordinalencoder,,normalizer,AdaBoostClassifier(random_state=0),3,1.0,,No using Simple Imputer,No using Ordinal Hot,0.08024859428405762,0.006374835968017578
algerian_forest_fires_46279,simpleimputer,ordinalencoder,,normalizer,AdaBoostClassifier(random_state=0),4,0.9583333333333334,,No using Simple Imputer,No using Ordinal Hot,0.07978391647338867,0.006205558776855469
algerian_forest_fires_46279,simpleimputer,ordinalencoder,pca,normalizer,AdaBoostClassifier(random_state=0),0,0.8979591836734694,,No using Simple Imputer,No using Ordinal Hot,0.08151006698608398,0.006309986114501953
algerian_forest_fires_46279,simpleimputer,ordinalencoder,pca,normalizer,AdaBoostClassifier(random_state=0),1,0.9795918367346939,,No using Simple Imputer,No using Ordinal Hot,0.0809321403503418,0.006258249282836914
algerian_forest_fires_46279,simpleimputer,ordinalencoder,pca,normalizer,AdaBoostClassifier(random_state=0),2,0.8979591836734694,,No using Simple Imputer,No using Ordinal Hot,0.08099794387817383,0.006257772445678711
algerian_forest_fires_46279,simpleimputer,ordinalencoder,pca,normalizer,AdaBoostClassifier(random_state=0),3,0.9583333333333334,,No using Simple Imputer,No using Ordinal Hot,0.08131098747253418,0.0063571929931640625
algerian_forest_fires_46279,simpleimputer,ordinalencoder,pca,normalizer,AdaBoostClassifier(random_state=0),4,0.9583333333333334,,No using Simple Imputer,No using Ordinal Hot,0.08115458488464355,0.006378889083862305
algerian_forest_fires_46279,simpleimputer,ordinalencoder,fastica,normalizer,AdaBoostClassifier(random_state=0),0,0.8979591836734694,,No using Simple Imputer,No using Ordinal Hot,0.0820009708404541,0.006439685821533203
algerian_forest_fires_46279,simpleimputer,ordinalencoder,fastica,normalizer,AdaBoostClassifier(random_state=0),1,0.9183673469387755,,No using Simple Imputer,No using Ordinal Hot,0.08210396766662598,0.006377458572387695
algerian_forest_fires_46279,simpleimputer,ordinalencoder,fastica,normalizer,AdaBoostClassifier(random_state=0),2,0.8163265306122449,,No using Simple Imputer,No using Ordinal Hot,0.08338427543640137,0.008405208587646484
algerian_forest_fires_46279,simpleimputer,ordinalencoder,fastica,normalizer,AdaBoostClassifier(random_state=0),3,0.9166666666666666,,No using Simple Imputer,No using Ordinal Hot,0.08327555656433105,0.00634002685546875
algerian_forest_fires_46279,simpleimputer,ordinalencoder,fastica,normalizer,AdaBoostClassifier(random_state=0),4,0.875,,No using Simple Imputer,No using Ordinal Hot,0.08358502388000488,0.006398916244506836
algerian_forest_fires_46279,simpleimputer,ordinalencoder,truncated_svd,normalizer,AdaBoostClassifier(random_state=0),0,0.8163265306122449,,No using Simple Imputer,No using Ordinal Hot,0.07044577598571777,0.006239175796508789
algerian_forest_fires_46279,simpleimputer,ordinalencoder,truncated_svd,normalizer,AdaBoostClassifier(random_state=0),1,0.673469387755102,,No using Simple Imputer,No using Ordinal Hot,0.0692911148071289,0.006273031234741211
algerian_forest_fires_46279,simpleimputer,ordinalencoder,truncated_svd,normalizer,AdaBoostClassifier(random_state=0),2,0.8163265306122449,,No using Simple Imputer,No using Ordinal Hot,0.06961417198181152,0.006328105926513672
algerian_forest_fires_46279,simpleimputer,ordinalencoder,truncated_svd,normalizer,AdaBoostClassifier(random_state=0),3,0.875,,No using Simple Imputer,No using Ordinal Hot,0.07115340232849121,0.006341218948364258
algerian_forest_fires_46279,simpleimputer,ordinalencoder,truncated_svd,normalizer,AdaBoostClassifier(random_state=0),4,0.8958333333333334,,No using Simple Imputer,No using Ordinal Hot,0.07270431518554688,0.006299257278442383
algerian_forest_fires_46279,simpleimputer,ordinalencoder,select_percentile,normalizer,AdaBoostClassifier(random_state=0),0,0.9591836734693877,,No using Simple Imputer,No using Ordinal Hot,0.07183551788330078,0.006505489349365234
algerian_forest_fires_46279,simpleimputer,ordinalencoder,select_percentile,normalizer,AdaBoostClassifier(random_state=0),1,0.9795918367346939,,No using Simple Imputer,No using Ordinal Hot,0.07213687896728516,0.0066814422607421875
algerian_forest_fires_46279,simpleimputer,ordinalencoder,select_percentile,normalizer,AdaBoostClassifier(random_state=0),2,0.9795918367346939,,No using Simple Imputer,No using Ordinal Hot,0.07045793533325195,0.006363391876220703
algerian_forest_fires_46279,simpleimputer,ordinalencoder,select_percentile,normalizer,AdaBoostClassifier(random_state=0),3,0.9583333333333334,,No using Simple Imputer,No using Ordinal Hot,0.06949305534362793,0.0063648223876953125
algerian_forest_fires_46279,simpleimputer,ordinalencoder,select_percentile,normalizer,AdaBoostClassifier(random_state=0),4,0.9375,,No using Simple Imputer,No using Ordinal Hot,0.06934809684753418,0.006300449371337891
algerian_forest_fires_46279,simpleimputer,ordinalencoder,generic_univariate,normalizer,AdaBoostClassifier(random_state=0),0,0.9795918367346939,,No using Simple Imputer,No using Ordinal Hot,0.06849408149719238,0.006299734115600586
algerian_forest_fires_46279,simpleimputer,ordinalencoder,generic_univariate,normalizer,AdaBoostClassifier(random_state=0),1,1.0,,No using Simple Imputer,No using Ordinal Hot,0.0685577392578125,0.0062847137451171875
algerian_forest_fires_46279,simpleimputer,ordinalencoder,generic_univariate,normalizer,AdaBoostClassifier(random_state=0),2,0.9591836734693877,,No using Simple Imputer,No using Ordinal Hot,0.06855916976928711,0.006279706954956055
algerian_forest_fires_46279,simpleimputer,ordinalencoder,generic_univariate,normalizer,AdaBoostClassifier(random_state=0),3,0.9375,,No using Simple Imputer,No using Ordinal Hot,0.06861567497253418,0.006516456604003906
algerian_forest_fires_46279,simpleimputer,ordinalencoder,generic_univariate,normalizer,AdaBoostClassifier(random_state=0),4,0.9583333333333334,,No using Simple Imputer,No using Ordinal Hot,0.0685734748840332,0.006300210952758789
algerian_forest_fires_46279,simpleimputer,ordinalencoder,polynomial_features,normalizer,AdaBoostClassifier(random_state=0),0,0.9591836734693877,,No using Simple Imputer,No using Ordinal Hot,0.15543365478515625,0.006549358367919922
algerian_forest_fires_46279,simpleimputer,ordinalencoder,polynomial_features,normalizer,AdaBoostClassifier(random_state=0),1,0.9795918367346939,,No using Simple Imputer,No using Ordinal Hot,0.15453100204467773,0.00650787353515625
algerian_forest_fires_46279,simpleimputer,ordinalencoder,polynomial_features,normalizer,AdaBoostClassifier(random_state=0),2,0.9795918367346939,,No using Simple Imputer,No using Ordinal Hot,0.15575098991394043,0.006632566452026367
algerian_forest_fires_46279,simpleimputer,ordinalencoder,polynomial_features,normalizer,AdaBoostClassifier(random_state=0),3,0.9791666666666666,,No using Simple Imputer,No using Ordinal Hot,0.16287469863891602,0.00680232048034668
algerian_forest_fires_46279,simpleimputer,ordinalencoder,polynomial_features,normalizer,AdaBoostClassifier(random_state=0),4,0.9583333333333334,,No using Simple Imputer,No using Ordinal Hot,1.0156526565551758,0.0067789554595947266
algerian_forest_fires_46279,simpleimputer,ordinalencoder,nystroem,normalizer,AdaBoostClassifier(random_state=0),0,0.8979591836734694,,No using Simple Imputer,No using Ordinal Hot,0.20030736923217773,0.0065958499908447266
algerian_forest_fires_46279,simpleimputer,ordinalencoder,nystroem,normalizer,AdaBoostClassifier(random_state=0),1,0.9387755102040817,,No using Simple Imputer,No using Ordinal Hot,0.18617033958435059,0.006682872772216797
algerian_forest_fires_46279,simpleimputer,ordinalencoder,nystroem,normalizer,AdaBoostClassifier(random_state=0),2,0.9387755102040817,,No using Simple Imputer,No using Ordinal Hot,0.19549798965454102,0.006924867630004883
algerian_forest_fires_46279,simpleimputer,ordinalencoder,nystroem,normalizer,AdaBoostClassifier(random_state=0),3,0.9375,,No using Simple Imputer,No using Ordinal Hot,0.18579459190368652,0.006699800491333008
algerian_forest_fires_46279,simpleimputer,ordinalencoder,nystroem,normalizer,AdaBoostClassifier(random_state=0),4,0.9166666666666666,,No using Simple Imputer,No using Ordinal Hot,0.19530701637268066,0.006651163101196289
algerian_forest_fires_46279,simpleimputer,ordinalencoder,rbf_sampler,normalizer,AdaBoostClassifier(random_state=0),0,0.9795918367346939,,No using Simple Imputer,No using Ordinal Hot,0.18667125701904297,0.0072956085205078125
algerian_forest_fires_46279,simpleimputer,ordinalencoder,rbf_sampler,normalizer,AdaBoostClassifier(random_state=0),1,0.9591836734693877,,No using Simple Imputer,No using Ordinal Hot,0.1858210563659668,0.0066907405853271484
algerian_forest_fires_46279,simpleimputer,ordinalencoder,rbf_sampler,normalizer,AdaBoostClassifier(random_state=0),2,0.8979591836734694,,No using Simple Imputer,No using Ordinal Hot,0.18119263648986816,0.006638050079345703
algerian_forest_fires_46279,simpleimputer,ordinalencoder,rbf_sampler,normalizer,AdaBoostClassifier(random_state=0),3,0.9375,,No using Simple Imputer,No using Ordinal Hot,0.17711567878723145,0.006479501724243164
algerian_forest_fires_46279,simpleimputer,ordinalencoder,rbf_sampler,normalizer,AdaBoostClassifier(random_state=0),4,0.9375,,No using Simple Imputer,No using Ordinal Hot,0.1733989715576172,0.006566762924194336
algerian_forest_fires_46279,simpleimputer,ordinalencoder,random_trees_embedding,normalizer,AdaBoostClassifier(random_state=0),0,0.8979591836734694,,No using Simple Imputer,No using Ordinal Hot,0.13391375541687012,0.01004934310913086
algerian_forest_fires_46279,simpleimputer,ordinalencoder,random_trees_embedding,normalizer,AdaBoostClassifier(random_state=0),1,0.9591836734693877,,No using Simple Imputer,No using Ordinal Hot,0.1311354637145996,0.010062694549560547
algerian_forest_fires_46279,simpleimputer,ordinalencoder,random_trees_embedding,normalizer,AdaBoostClassifier(random_state=0),2,1.0,,No using Simple Imputer,No using Ordinal Hot,0.1311323642730713,0.010339498519897461
algerian_forest_fires_46279,simpleimputer,ordinalencoder,random_trees_embedding,normalizer,AdaBoostClassifier(random_state=0),3,0.9375,,No using Simple Imputer,No using Ordinal Hot,0.13718819618225098,0.010453462600708008
algerian_forest_fires_46279,simpleimputer,ordinalencoder,random_trees_embedding,normalizer,AdaBoostClassifier(random_state=0),4,0.9583333333333334,,No using Simple Imputer,No using Ordinal Hot,0.12893939018249512,0.010071039199829102
algerian_forest_fires_46279,simpleimputer,ordinalencoder,feature_agglomeration,normalizer,AdaBoostClassifier(random_state=0),0,0.7959183673469388,,No using Simple Imputer,No using Ordinal Hot,0.07765340805053711,0.006463527679443359
algerian_forest_fires_46279,simpleimputer,ordinalencoder,feature_agglomeration,normalizer,AdaBoostClassifier(random_state=0),1,0.7346938775510204,,No using Simple Imputer,No using Ordinal Hot,0.07296991348266602,0.00637054443359375
algerian_forest_fires_46279,simpleimputer,ordinalencoder,feature_agglomeration,normalizer,AdaBoostClassifier(random_state=0),2,0.8163265306122449,,No using Simple Imputer,No using Ordinal Hot,0.0722661018371582,0.006432533264160156
algerian_forest_fires_46279,simpleimputer,ordinalencoder,feature_agglomeration,normalizer,AdaBoostClassifier(random_state=0),3,0.8125,,No using Simple Imputer,No using Ordinal Hot,0.09867000579833984,0.007664203643798828
algerian_forest_fires_46279,simpleimputer,ordinalencoder,feature_agglomeration,normalizer,AdaBoostClassifier(random_state=0),4,0.875,,No using Simple Imputer,No using Ordinal Hot,0.09147143363952637,0.00691676139831543
algerian_forest_fires_46279,simpleimputer,ordinalencoder,extra_tree,normalizer,AdaBoostClassifier(random_state=0),0,0.9795918367346939,,No using Simple Imputer,No using Ordinal Hot,0.09222769737243652,0.00704193115234375
algerian_forest_fires_46279,simpleimputer,ordinalencoder,extra_tree,normalizer,AdaBoostClassifier(random_state=0),1,0.9795918367346939,,No using Simple Imputer,No using Ordinal Hot,0.07690024375915527,0.006515026092529297
algerian_forest_fires_46279,simpleimputer,ordinalencoder,extra_tree,normalizer,AdaBoostClassifier(random_state=0),2,1.0,,No using Simple Imputer,No using Ordinal Hot,0.09964942932128906,0.009860754013061523
algerian_forest_fires_46279,simpleimputer,ordinalencoder,extra_tree,normalizer,AdaBoostClassifier(random_state=0),3,0.9375,,No using Simple Imputer,No using Ordinal Hot,0.07341265678405762,0.006427764892578125
algerian_forest_fires_46279,simpleimputer,ordinalencoder,extra_tree,normalizer,AdaBoostClassifier(random_state=0),4,0.9375,,No using Simple Imputer,No using Ordinal Hot,0.07180380821228027,0.00626826286315918
algerian_forest_fires_46279,simpleimputer,ordinalencoder,linear_svc,normalizer,AdaBoostClassifier(random_state=0),0,0.9591836734693877,,No using Simple Imputer,No using Ordinal Hot,0.07898116111755371,0.006350517272949219
algerian_forest_fires_46279,simpleimputer,ordinalencoder,linear_svc,normalizer,AdaBoostClassifier(random_state=0),1,0.9795918367346939,,No using Simple Imputer,No using Ordinal Hot,0.07535052299499512,0.0066471099853515625
algerian_forest_fires_46279,simpleimputer,ordinalencoder,linear_svc,normalizer,AdaBoostClassifier(random_state=0),2,0.9591836734693877,,No using Simple Imputer,No using Ordinal Hot,0.07492923736572266,0.0066030025482177734
algerian_forest_fires_46279,simpleimputer,ordinalencoder,linear_svc,normalizer,AdaBoostClassifier(random_state=0),3,0.9583333333333334,,No using Simple Imputer,No using Ordinal Hot,0.07533121109008789,0.006838798522949219
algerian_forest_fires_46279,simpleimputer,ordinalencoder,linear_svc,normalizer,AdaBoostClassifier(random_state=0),4,0.9583333333333334,,No using Simple Imputer,No using Ordinal Hot,0.07323884963989258,0.006343364715576172
algerian_forest_fires_46279,simpleimputer,ordinalencoder,kernel_pca,normalizer,AdaBoostClassifier(random_state=0),0,0.8979591836734694,,No using Simple Imputer,No using Ordinal Hot,0.11857247352600098,0.007086753845214844
algerian_forest_fires_46279,simpleimputer,ordinalencoder,kernel_pca,normalizer,AdaBoostClassifier(random_state=0),1,0.9795918367346939,,No using Simple Imputer,No using Ordinal Hot,0.12183618545532227,0.006677865982055664
algerian_forest_fires_46279,simpleimputer,ordinalencoder,kernel_pca,normalizer,AdaBoostClassifier(random_state=0),2,0.8979591836734694,,No using Simple Imputer,No using Ordinal Hot,0.09245657920837402,0.006502389907836914
algerian_forest_fires_46279,simpleimputer,ordinalencoder,kernel_pca,normalizer,AdaBoostClassifier(random_state=0),3,0.9583333333333334,,No using Simple Imputer,No using Ordinal Hot,0.09887933731079102,0.006486177444458008
algerian_forest_fires_46279,simpleimputer,ordinalencoder,kernel_pca,normalizer,AdaBoostClassifier(random_state=0),4,0.9583333333333334,,No using Simple Imputer,No using Ordinal Hot,0.09103107452392578,0.0065441131591796875
algerian_forest_fires_46279,simpleimputer,ordinalencoder,,power,AdaBoostClassifier(random_state=0),0,1.0,,No using Simple Imputer,No using Ordinal Hot,0.07083773612976074,0.006025552749633789
algerian_forest_fires_46279,simpleimputer,ordinalencoder,,power,AdaBoostClassifier(random_state=0),1,0.9795918367346939,,No using Simple Imputer,No using Ordinal Hot,0.07096171379089355,0.005990505218505859
algerian_forest_fires_46279,simpleimputer,ordinalencoder,,power,AdaBoostClassifier(random_state=0),2,1.0,,No using Simple Imputer,No using Ordinal Hot,0.07013273239135742,0.005853891372680664
algerian_forest_fires_46279,simpleimputer,ordinalencoder,,power,AdaBoostClassifier(random_state=0),3,0.9583333333333334,,No using Simple Imputer,No using Ordinal Hot,0.07029008865356445,0.0059087276458740234
algerian_forest_fires_46279,simpleimputer,ordinalencoder,,power,AdaBoostClassifier(random_state=0),4,0.9583333333333334,,No using Simple Imputer,No using Ordinal Hot,0.06992888450622559,0.0058612823486328125
algerian_forest_fires_46279,simpleimputer,ordinalencoder,pca,power,AdaBoostClassifier(random_state=0),0,0.9387755102040817,,No using Simple Imputer,No using Ordinal Hot,0.08235597610473633,0.005849361419677734
algerian_forest_fires_46279,simpleimputer,ordinalencoder,pca,power,AdaBoostClassifier(random_state=0),1,0.9591836734693877,,No using Simple Imputer,No using Ordinal Hot,0.07445764541625977,0.005869865417480469
algerian_forest_fires_46279,simpleimputer,ordinalencoder,pca,power,AdaBoostClassifier(random_state=0),2,0.9183673469387755,,No using Simple Imputer,No using Ordinal Hot,0.07589411735534668,0.00610041618347168
algerian_forest_fires_46279,simpleimputer,ordinalencoder,pca,power,AdaBoostClassifier(random_state=0),3,0.9791666666666666,,No using Simple Imputer,No using Ordinal Hot,0.07892394065856934,0.005980491638183594
algerian_forest_fires_46279,simpleimputer,ordinalencoder,pca,power,AdaBoostClassifier(random_state=0),4,0.9791666666666666,,No using Simple Imputer,No using Ordinal Hot,0.0778207778930664,0.006078958511352539
algerian_forest_fires_46279,simpleimputer,ordinalencoder,fastica,power,AdaBoostClassifier(random_state=0),0,0.7551020408163265,,No using Simple Imputer,No using Ordinal Hot,0.07512474060058594,0.005942583084106445
algerian_forest_fires_46279,simpleimputer,ordinalencoder,fastica,power,AdaBoostClassifier(random_state=0),1,0.9387755102040817,,No using Simple Imputer,No using Ordinal Hot,0.07575464248657227,0.005995273590087891
algerian_forest_fires_46279,simpleimputer,ordinalencoder,fastica,power,AdaBoostClassifier(random_state=0),2,0.9183673469387755,,No using Simple Imputer,No using Ordinal Hot,0.07536745071411133,0.005952358245849609
algerian_forest_fires_46279,simpleimputer,ordinalencoder,fastica,power,AdaBoostClassifier(random_state=0),3,0.9791666666666666,,No using Simple Imputer,No using Ordinal Hot,0.07718944549560547,0.005988121032714844
algerian_forest_fires_46279,simpleimputer,ordinalencoder,fastica,power,AdaBoostClassifier(random_state=0),4,0.875,,No using Simple Imputer,No using Ordinal Hot,0.07871413230895996,0.006044149398803711
algerian_forest_fires_46279,simpleimputer,ordinalencoder,truncated_svd,power,AdaBoostClassifier(random_state=0),0,0.8163265306122449,,No using Simple Imputer,No using Ordinal Hot,0.08469653129577637,0.006347179412841797
algerian_forest_fires_46279,simpleimputer,ordinalencoder,truncated_svd,power,AdaBoostClassifier(random_state=0),1,0.8775510204081632,,No using Simple Imputer,No using Ordinal Hot,0.07760429382324219,0.009307146072387695
algerian_forest_fires_46279,simpleimputer,ordinalencoder,truncated_svd,power,AdaBoostClassifier(random_state=0),2,0.8367346938775511,,No using Simple Imputer,No using Ordinal Hot,0.07276487350463867,0.006694793701171875
algerian_forest_fires_46279,simpleimputer,ordinalencoder,truncated_svd,power,AdaBoostClassifier(random_state=0),3,0.8958333333333334,,No using Simple Imputer,No using Ordinal Hot,0.07573938369750977,0.006005287170410156
algerian_forest_fires_46279,simpleimputer,ordinalencoder,truncated_svd,power,AdaBoostClassifier(random_state=0),4,0.8958333333333334,,No using Simple Imputer,No using Ordinal Hot,0.0808103084564209,0.006514787673950195
algerian_forest_fires_46279,simpleimputer,ordinalencoder,select_percentile,power,AdaBoostClassifier(random_state=0),0,1.0,,No using Simple Imputer,No using Ordinal Hot,0.08482933044433594,0.0066680908203125
algerian_forest_fires_46279,simpleimputer,ordinalencoder,select_percentile,power,AdaBoostClassifier(random_state=0),1,0.9795918367346939,,No using Simple Imputer,No using Ordinal Hot,0.08089590072631836,0.006941318511962891
algerian_forest_fires_46279,simpleimputer,ordinalencoder,select_percentile,power,AdaBoostClassifier(random_state=0),2,1.0,,No using Simple Imputer,No using Ordinal Hot,0.0726778507232666,0.006542205810546875
algerian_forest_fires_46279,simpleimputer,ordinalencoder,select_percentile,power,AdaBoostClassifier(random_state=0),3,0.9583333333333334,,No using Simple Imputer,No using Ordinal Hot,0.08456206321716309,0.00593113899230957
algerian_forest_fires_46279,simpleimputer,ordinalencoder,select_percentile,power,AdaBoostClassifier(random_state=0),4,0.9791666666666666,,No using Simple Imputer,No using Ordinal Hot,0.07157588005065918,0.005891323089599609
algerian_forest_fires_46279,simpleimputer,ordinalencoder,generic_univariate,power,AdaBoostClassifier(random_state=0),0,0.9183673469387755,,No using Simple Imputer,No using Ordinal Hot,0.06763005256652832,0.0061151981353759766
algerian_forest_fires_46279,simpleimputer,ordinalencoder,generic_univariate,power,AdaBoostClassifier(random_state=0),1,0.9183673469387755,,No using Simple Imputer,No using Ordinal Hot,0.07321763038635254,0.0072705745697021484
algerian_forest_fires_46279,simpleimputer,ordinalencoder,generic_univariate,power,AdaBoostClassifier(random_state=0),2,0.8775510204081632,,No using Simple Imputer,No using Ordinal Hot,0.06484484672546387,0.0059146881103515625
algerian_forest_fires_46279,simpleimputer,ordinalencoder,generic_univariate,power,AdaBoostClassifier(random_state=0),3,0.9583333333333334,,No using Simple Imputer,No using Ordinal Hot,0.08673524856567383,0.008234262466430664
algerian_forest_fires_46279,simpleimputer,ordinalencoder,generic_univariate,power,AdaBoostClassifier(random_state=0),4,0.9583333333333334,,No using Simple Imputer,No using Ordinal Hot,0.08825278282165527,0.006737947463989258
algerian_forest_fires_46279,simpleimputer,ordinalencoder,polynomial_features,power,AdaBoostClassifier(random_state=0),0,1.0,,No using Simple Imputer,No using Ordinal Hot,0.14757251739501953,0.006167411804199219
algerian_forest_fires_46279,simpleimputer,ordinalencoder,polynomial_features,power,AdaBoostClassifier(random_state=0),1,0.9795918367346939,,No using Simple Imputer,No using Ordinal Hot,0.22149229049682617,0.0070590972900390625
algerian_forest_fires_46279,simpleimputer,ordinalencoder,polynomial_features,power,AdaBoostClassifier(random_state=0),2,1.0,,No using Simple Imputer,No using Ordinal Hot,0.18031978607177734,0.006765127182006836
algerian_forest_fires_46279,simpleimputer,ordinalencoder,polynomial_features,power,AdaBoostClassifier(random_state=0),3,0.9583333333333334,,No using Simple Imputer,No using Ordinal Hot,0.1665945053100586,0.006602764129638672
algerian_forest_fires_46279,simpleimputer,ordinalencoder,polynomial_features,power,AdaBoostClassifier(random_state=0),4,0.9375,,No using Simple Imputer,No using Ordinal Hot,0.16366910934448242,0.0067195892333984375
algerian_forest_fires_46279,simpleimputer,ordinalencoder,nystroem,power,AdaBoostClassifier(random_state=0),0,0.9183673469387755,,No using Simple Imputer,No using Ordinal Hot,0.20486998558044434,0.006781578063964844
algerian_forest_fires_46279,simpleimputer,ordinalencoder,nystroem,power,AdaBoostClassifier(random_state=0),1,0.9591836734693877,,No using Simple Imputer,No using Ordinal Hot,0.21949100494384766,0.006984710693359375
algerian_forest_fires_46279,simpleimputer,ordinalencoder,nystroem,power,AdaBoostClassifier(random_state=0),2,0.8979591836734694,,No using Simple Imputer,No using Ordinal Hot,0.17400527000427246,0.006403207778930664
algerian_forest_fires_46279,simpleimputer,ordinalencoder,nystroem,power,AdaBoostClassifier(random_state=0),3,0.9166666666666666,,No using Simple Imputer,No using Ordinal Hot,0.1891191005706787,0.006524562835693359
algerian_forest_fires_46279,simpleimputer,ordinalencoder,nystroem,power,AdaBoostClassifier(random_state=0),4,0.9791666666666666,,No using Simple Imputer,No using Ordinal Hot,0.18056035041809082,0.006489753723144531
algerian_forest_fires_46279,simpleimputer,ordinalencoder,rbf_sampler,power,AdaBoostClassifier(random_state=0),0,0.46938775510204084,,No using Simple Imputer,No using Ordinal Hot,0.1734919548034668,0.007016897201538086
algerian_forest_fires_46279,simpleimputer,ordinalencoder,rbf_sampler,power,AdaBoostClassifier(random_state=0),1,0.7346938775510204,,No using Simple Imputer,No using Ordinal Hot,0.17583656311035156,0.006491184234619141
algerian_forest_fires_46279,simpleimputer,ordinalencoder,rbf_sampler,power,AdaBoostClassifier(random_state=0),2,0.5306122448979592,,No using Simple Imputer,No using Ordinal Hot,0.1704573631286621,0.0064008235931396484
algerian_forest_fires_46279,simpleimputer,ordinalencoder,rbf_sampler,power,AdaBoostClassifier(random_state=0),3,0.7083333333333334,,No using Simple Imputer,No using Ordinal Hot,0.1692640781402588,0.00632929801940918
algerian_forest_fires_46279,simpleimputer,ordinalencoder,rbf_sampler,power,AdaBoostClassifier(random_state=0),4,0.5208333333333334,,No using Simple Imputer,No using Ordinal Hot,0.1687314510345459,0.006482362747192383
algerian_forest_fires_46279,simpleimputer,ordinalencoder,random_trees_embedding,power,AdaBoostClassifier(random_state=0),0,0.9795918367346939,,No using Simple Imputer,No using Ordinal Hot,0.12307333946228027,0.00988459587097168
algerian_forest_fires_46279,simpleimputer,ordinalencoder,random_trees_embedding,power,AdaBoostClassifier(random_state=0),1,0.9591836734693877,,No using Simple Imputer,No using Ordinal Hot,0.12378907203674316,0.009981870651245117
algerian_forest_fires_46279,simpleimputer,ordinalencoder,random_trees_embedding,power,AdaBoostClassifier(random_state=0),2,0.9591836734693877,,No using Simple Imputer,No using Ordinal Hot,0.12363958358764648,0.009843587875366211
algerian_forest_fires_46279,simpleimputer,ordinalencoder,random_trees_embedding,power,AdaBoostClassifier(random_state=0),3,0.9791666666666666,,No using Simple Imputer,No using Ordinal Hot,0.12503385543823242,0.009692192077636719
algerian_forest_fires_46279,simpleimputer,ordinalencoder,random_trees_embedding,power,AdaBoostClassifier(random_state=0),4,0.9583333333333334,,No using Simple Imputer,No using Ordinal Hot,0.12375020980834961,0.009598731994628906
algerian_forest_fires_46279,simpleimputer,ordinalencoder,feature_agglomeration,power,AdaBoostClassifier(random_state=0),0,0.8571428571428571,,No using Simple Imputer,No using Ordinal Hot,0.06825685501098633,0.006438732147216797
algerian_forest_fires_46279,simpleimputer,ordinalencoder,feature_agglomeration,power,AdaBoostClassifier(random_state=0),1,0.9183673469387755,,No using Simple Imputer,No using Ordinal Hot,0.0680234432220459,0.006182193756103516
algerian_forest_fires_46279,simpleimputer,ordinalencoder,feature_agglomeration,power,AdaBoostClassifier(random_state=0),2,0.8367346938775511,,No using Simple Imputer,No using Ordinal Hot,0.06873178482055664,0.006171703338623047
algerian_forest_fires_46279,simpleimputer,ordinalencoder,feature_agglomeration,power,AdaBoostClassifier(random_state=0),3,0.875,,No using Simple Imputer,No using Ordinal Hot,0.06943082809448242,0.006400346755981445
algerian_forest_fires_46279,simpleimputer,ordinalencoder,feature_agglomeration,power,AdaBoostClassifier(random_state=0),4,0.8958333333333334,,No using Simple Imputer,No using Ordinal Hot,0.06897258758544922,0.00626683235168457
algerian_forest_fires_46279,simpleimputer,ordinalencoder,extra_tree,power,AdaBoostClassifier(random_state=0),0,1.0,,No using Simple Imputer,No using Ordinal Hot,0.07037472724914551,0.00616002082824707
algerian_forest_fires_46279,simpleimputer,ordinalencoder,extra_tree,power,AdaBoostClassifier(random_state=0),1,0.9795918367346939,,No using Simple Imputer,No using Ordinal Hot,0.0717778205871582,0.0063321590423583984
algerian_forest_fires_46279,simpleimputer,ordinalencoder,extra_tree,power,AdaBoostClassifier(random_state=0),2,1.0,,No using Simple Imputer,No using Ordinal Hot,0.07013940811157227,0.006197452545166016
algerian_forest_fires_46279,simpleimputer,ordinalencoder,extra_tree,power,AdaBoostClassifier(random_state=0),3,0.9791666666666666,,No using Simple Imputer,No using Ordinal Hot,0.07104134559631348,0.0062274932861328125
algerian_forest_fires_46279,simpleimputer,ordinalencoder,extra_tree,power,AdaBoostClassifier(random_state=0),4,0.9375,,No using Simple Imputer,No using Ordinal Hot,0.07134127616882324,0.006423234939575195
algerian_forest_fires_46279,simpleimputer,ordinalencoder,linear_svc,power,AdaBoostClassifier(random_state=0),0,0.9795918367346939,,No using Simple Imputer,No using Ordinal Hot,0.07150626182556152,0.006404876708984375
algerian_forest_fires_46279,simpleimputer,ordinalencoder,linear_svc,power,AdaBoostClassifier(random_state=0),1,0.9795918367346939,,No using Simple Imputer,No using Ordinal Hot,0.07751083374023438,0.006427288055419922
algerian_forest_fires_46279,simpleimputer,ordinalencoder,linear_svc,power,AdaBoostClassifier(random_state=0),2,1.0,,No using Simple Imputer,No using Ordinal Hot,0.0745093822479248,0.006482601165771484
algerian_forest_fires_46279,simpleimputer,ordinalencoder,linear_svc,power,AdaBoostClassifier(random_state=0),3,0.9583333333333334,,No using Simple Imputer,No using Ordinal Hot,0.07275128364562988,0.0064814090728759766
algerian_forest_fires_46279,simpleimputer,ordinalencoder,linear_svc,power,AdaBoostClassifier(random_state=0),4,0.9375,,No using Simple Imputer,No using Ordinal Hot,0.0743253231048584,0.006434917449951172
algerian_forest_fires_46279,simpleimputer,ordinalencoder,kernel_pca,power,AdaBoostClassifier(random_state=0),0,0.9387755102040817,,No using Simple Imputer,No using Ordinal Hot,0.10728573799133301,0.00719141960144043
algerian_forest_fires_46279,simpleimputer,ordinalencoder,kernel_pca,power,AdaBoostClassifier(random_state=0),1,0.9591836734693877,,No using Simple Imputer,No using Ordinal Hot,0.1066737174987793,0.007043600082397461
algerian_forest_fires_46279,simpleimputer,ordinalencoder,kernel_pca,power,AdaBoostClassifier(random_state=0),2,0.9183673469387755,,No using Simple Imputer,No using Ordinal Hot,0.10467028617858887,0.006974935531616211
algerian_forest_fires_46279,simpleimputer,ordinalencoder,kernel_pca,power,AdaBoostClassifier(random_state=0),3,0.9791666666666666,,No using Simple Imputer,No using Ordinal Hot,0.1030876636505127,0.00695347785949707
algerian_forest_fires_46279,simpleimputer,ordinalencoder,kernel_pca,power,AdaBoostClassifier(random_state=0),4,0.9791666666666666,,No using Simple Imputer,No using Ordinal Hot,0.09643888473510742,0.006957054138183594
algerian_forest_fires_46279,simpleimputer,ordinalencoder,,quantile,AdaBoostClassifier(random_state=0),0,1.0,,No using Simple Imputer,No using Ordinal Hot,0.07529687881469727,0.006527423858642578
algerian_forest_fires_46279,simpleimputer,ordinalencoder,,quantile,AdaBoostClassifier(random_state=0),1,0.9795918367346939,,No using Simple Imputer,No using Ordinal Hot,0.07518959045410156,0.00648045539855957
algerian_forest_fires_46279,simpleimputer,ordinalencoder,,quantile,AdaBoostClassifier(random_state=0),2,1.0,,No using Simple Imputer,No using Ordinal Hot,0.07783293724060059,0.006917715072631836
algerian_forest_fires_46279,simpleimputer,ordinalencoder,,quantile,AdaBoostClassifier(random_state=0),3,0.9583333333333334,,No using Simple Imputer,No using Ordinal Hot,0.07977509498596191,0.006363630294799805
algerian_forest_fires_46279,simpleimputer,ordinalencoder,,quantile,AdaBoostClassifier(random_state=0),4,0.9583333333333334,,No using Simple Imputer,No using Ordinal Hot,0.07549858093261719,0.006378650665283203
algerian_forest_fires_46279,simpleimputer,ordinalencoder,pca,quantile,AdaBoostClassifier(random_state=0),0,0.9183673469387755,,No using Simple Imputer,No using Ordinal Hot,0.08313775062561035,0.0064427852630615234
algerian_forest_fires_46279,simpleimputer,ordinalencoder,pca,quantile,AdaBoostClassifier(random_state=0),1,0.9795918367346939,,No using Simple Imputer,No using Ordinal Hot,0.08188915252685547,0.0064928531646728516
algerian_forest_fires_46279,simpleimputer,ordinalencoder,pca,quantile,AdaBoostClassifier(random_state=0),2,0.9795918367346939,,No using Simple Imputer,No using Ordinal Hot,0.09510254859924316,0.006517887115478516
algerian_forest_fires_46279,simpleimputer,ordinalencoder,pca,quantile,AdaBoostClassifier(random_state=0),3,0.9166666666666666,,No using Simple Imputer,No using Ordinal Hot,0.08509373664855957,0.006304502487182617
algerian_forest_fires_46279,simpleimputer,ordinalencoder,pca,quantile,AdaBoostClassifier(random_state=0),4,0.9375,,No using Simple Imputer,No using Ordinal Hot,0.08109450340270996,0.0063784122467041016
algerian_forest_fires_46279,simpleimputer,ordinalencoder,fastica,quantile,AdaBoostClassifier(random_state=0),0,0.6530612244897959,,No using Simple Imputer,No using Ordinal Hot,0.08071422576904297,0.006480216979980469
algerian_forest_fires_46279,simpleimputer,ordinalencoder,fastica,quantile,AdaBoostClassifier(random_state=0),1,0.7755102040816326,,No using Simple Imputer,No using Ordinal Hot,0.08120417594909668,0.006412506103515625
algerian_forest_fires_46279,simpleimputer,ordinalencoder,fastica,quantile,AdaBoostClassifier(random_state=0),2,0.7959183673469388,,No using Simple Imputer,No using Ordinal Hot,0.08234858512878418,0.006529331207275391
algerian_forest_fires_46279,simpleimputer,ordinalencoder,fastica,quantile,AdaBoostClassifier(random_state=0),3,0.875,,No using Simple Imputer,No using Ordinal Hot,0.08271312713623047,0.006379604339599609
algerian_forest_fires_46279,simpleimputer,ordinalencoder,fastica,quantile,AdaBoostClassifier(random_state=0),4,0.8541666666666666,,No using Simple Imputer,No using Ordinal Hot,0.08451485633850098,0.006455421447753906
algerian_forest_fires_46279,simpleimputer,ordinalencoder,truncated_svd,quantile,AdaBoostClassifier(random_state=0),0,0.8571428571428571,,No using Simple Imputer,No using Ordinal Hot,0.06913900375366211,0.0062673091888427734
algerian_forest_fires_46279,simpleimputer,ordinalencoder,truncated_svd,quantile,AdaBoostClassifier(random_state=0),1,0.8979591836734694,,No using Simple Imputer,No using Ordinal Hot,0.06874680519104004,0.006237506866455078
algerian_forest_fires_46279,simpleimputer,ordinalencoder,truncated_svd,quantile,AdaBoostClassifier(random_state=0),2,0.8979591836734694,,No using Simple Imputer,No using Ordinal Hot,0.06879138946533203,0.006224155426025391
algerian_forest_fires_46279,simpleimputer,ordinalencoder,truncated_svd,quantile,AdaBoostClassifier(random_state=0),3,0.9166666666666666,,No using Simple Imputer,No using Ordinal Hot,0.06894707679748535,0.00856924057006836
algerian_forest_fires_46279,simpleimputer,ordinalencoder,truncated_svd,quantile,AdaBoostClassifier(random_state=0),4,0.9166666666666666,,No using Simple Imputer,No using Ordinal Hot,0.07485103607177734,0.006119728088378906
algerian_forest_fires_46279,simpleimputer,ordinalencoder,select_percentile,quantile,AdaBoostClassifier(random_state=0),0,1.0,,No using Simple Imputer,No using Ordinal Hot,0.07166624069213867,0.006226778030395508
algerian_forest_fires_46279,simpleimputer,ordinalencoder,select_percentile,quantile,AdaBoostClassifier(random_state=0),1,0.9795918367346939,,No using Simple Imputer,No using Ordinal Hot,0.06840729713439941,0.006325721740722656
algerian_forest_fires_46279,simpleimputer,ordinalencoder,select_percentile,quantile,AdaBoostClassifier(random_state=0),2,1.0,,No using Simple Imputer,No using Ordinal Hot,0.06922316551208496,0.006282806396484375
algerian_forest_fires_46279,simpleimputer,ordinalencoder,select_percentile,quantile,AdaBoostClassifier(random_state=0),3,0.9583333333333334,,No using Simple Imputer,No using Ordinal Hot,0.06857848167419434,0.006272792816162109
algerian_forest_fires_46279,simpleimputer,ordinalencoder,select_percentile,quantile,AdaBoostClassifier(random_state=0),4,0.9375,,No using Simple Imputer,No using Ordinal Hot,0.06896281242370605,0.006249189376831055
algerian_forest_fires_46279,simpleimputer,ordinalencoder,generic_univariate,quantile,AdaBoostClassifier(random_state=0),0,1.0,,No using Simple Imputer,No using Ordinal Hot,0.07032132148742676,0.006283283233642578
algerian_forest_fires_46279,simpleimputer,ordinalencoder,generic_univariate,quantile,AdaBoostClassifier(random_state=0),1,0.9795918367346939,,No using Simple Imputer,No using Ordinal Hot,0.06756448745727539,0.00630497932434082
algerian_forest_fires_46279,simpleimputer,ordinalencoder,generic_univariate,quantile,AdaBoostClassifier(random_state=0),2,1.0,,No using Simple Imputer,No using Ordinal Hot,0.06794357299804688,0.006262302398681641
algerian_forest_fires_46279,simpleimputer,ordinalencoder,generic_univariate,quantile,AdaBoostClassifier(random_state=0),3,0.9375,,No using Simple Imputer,No using Ordinal Hot,0.06758737564086914,0.006280422210693359
algerian_forest_fires_46279,simpleimputer,ordinalencoder,generic_univariate,quantile,AdaBoostClassifier(random_state=0),4,0.9375,,No using Simple Imputer,No using Ordinal Hot,0.0680394172668457,0.006306886672973633
algerian_forest_fires_46279,simpleimputer,ordinalencoder,polynomial_features,quantile,AdaBoostClassifier(random_state=0),0,0.9795918367346939,,No using Simple Imputer,No using Ordinal Hot,0.13971757888793945,0.006428956985473633
algerian_forest_fires_46279,simpleimputer,ordinalencoder,polynomial_features,quantile,AdaBoostClassifier(random_state=0),1,0.9795918367346939,,No using Simple Imputer,No using Ordinal Hot,0.13776779174804688,0.006489992141723633
algerian_forest_fires_46279,simpleimputer,ordinalencoder,polynomial_features,quantile,AdaBoostClassifier(random_state=0),2,0.9795918367346939,,No using Simple Imputer,No using Ordinal Hot,0.13739538192749023,0.006575345993041992
algerian_forest_fires_46279,simpleimputer,ordinalencoder,polynomial_features,quantile,AdaBoostClassifier(random_state=0),3,1.0,,No using Simple Imputer,No using Ordinal Hot,0.13846516609191895,0.0064432621002197266
algerian_forest_fires_46279,simpleimputer,ordinalencoder,polynomial_features,quantile,AdaBoostClassifier(random_state=0),4,0.875,,No using Simple Imputer,No using Ordinal Hot,0.14081192016601562,0.006905555725097656
algerian_forest_fires_46279,simpleimputer,ordinalencoder,nystroem,quantile,AdaBoostClassifier(random_state=0),0,0.9183673469387755,,No using Simple Imputer,No using Ordinal Hot,0.17679429054260254,0.006541013717651367
algerian_forest_fires_46279,simpleimputer,ordinalencoder,nystroem,quantile,AdaBoostClassifier(random_state=0),1,0.9795918367346939,,No using Simple Imputer,No using Ordinal Hot,0.1950242519378662,0.006573200225830078
algerian_forest_fires_46279,simpleimputer,ordinalencoder,nystroem,quantile,AdaBoostClassifier(random_state=0),2,0.8163265306122449,,No using Simple Imputer,No using Ordinal Hot,0.1920456886291504,0.006527423858642578
algerian_forest_fires_46279,simpleimputer,ordinalencoder,nystroem,quantile,AdaBoostClassifier(random_state=0),3,0.9375,,No using Simple Imputer,No using Ordinal Hot,0.19036102294921875,0.0064847469329833984
algerian_forest_fires_46279,simpleimputer,ordinalencoder,nystroem,quantile,AdaBoostClassifier(random_state=0),4,0.9166666666666666,,No using Simple Imputer,No using Ordinal Hot,0.19132137298583984,0.00670170783996582
algerian_forest_fires_46279,simpleimputer,ordinalencoder,rbf_sampler,quantile,AdaBoostClassifier(random_state=0),0,0.9591836734693877,,No using Simple Imputer,No using Ordinal Hot,0.17379212379455566,0.006604909896850586
algerian_forest_fires_46279,simpleimputer,ordinalencoder,rbf_sampler,quantile,AdaBoostClassifier(random_state=0),1,0.9795918367346939,,No using Simple Imputer,No using Ordinal Hot,0.17309880256652832,0.006476163864135742
algerian_forest_fires_46279,simpleimputer,ordinalencoder,rbf_sampler,quantile,AdaBoostClassifier(random_state=0),2,0.9795918367346939,,No using Simple Imputer,No using Ordinal Hot,0.1728370189666748,0.006549835205078125
algerian_forest_fires_46279,simpleimputer,ordinalencoder,rbf_sampler,quantile,AdaBoostClassifier(random_state=0),3,0.9583333333333334,,No using Simple Imputer,No using Ordinal Hot,0.17296338081359863,0.006354570388793945
algerian_forest_fires_46279,simpleimputer,ordinalencoder,rbf_sampler,quantile,AdaBoostClassifier(random_state=0),4,0.9583333333333334,,No using Simple Imputer,No using Ordinal Hot,0.1709303855895996,0.006339550018310547
algerian_forest_fires_46279,simpleimputer,ordinalencoder,random_trees_embedding,quantile,AdaBoostClassifier(random_state=0),0,0.9591836734693877,,No using Simple Imputer,No using Ordinal Hot,0.12748074531555176,0.01007080078125
algerian_forest_fires_46279,simpleimputer,ordinalencoder,random_trees_embedding,quantile,AdaBoostClassifier(random_state=0),1,1.0,,No using Simple Imputer,No using Ordinal Hot,0.13251996040344238,0.010351896286010742
algerian_forest_fires_46279,simpleimputer,ordinalencoder,random_trees_embedding,quantile,AdaBoostClassifier(random_state=0),2,0.9591836734693877,,No using Simple Imputer,No using Ordinal Hot,0.13038873672485352,0.010389566421508789
algerian_forest_fires_46279,simpleimputer,ordinalencoder,random_trees_embedding,quantile,AdaBoostClassifier(random_state=0),3,0.9375,,No using Simple Imputer,No using Ordinal Hot,1.0000503063201904,0.01038503646850586
algerian_forest_fires_46279,simpleimputer,ordinalencoder,random_trees_embedding,quantile,AdaBoostClassifier(random_state=0),4,0.9791666666666666,,No using Simple Imputer,No using Ordinal Hot,0.13834667205810547,0.010055065155029297
algerian_forest_fires_46279,simpleimputer,ordinalencoder,feature_agglomeration,quantile,AdaBoostClassifier(random_state=0),0,0.8367346938775511,,No using Simple Imputer,No using Ordinal Hot,0.06965208053588867,0.00703740119934082
algerian_forest_fires_46279,simpleimputer,ordinalencoder,feature_agglomeration,quantile,AdaBoostClassifier(random_state=0),1,0.8571428571428571,,No using Simple Imputer,No using Ordinal Hot,0.08138418197631836,0.006443023681640625
algerian_forest_fires_46279,simpleimputer,ordinalencoder,feature_agglomeration,quantile,AdaBoostClassifier(random_state=0),2,0.8775510204081632,,No using Simple Imputer,No using Ordinal Hot,0.07098722457885742,0.006432056427001953
algerian_forest_fires_46279,simpleimputer,ordinalencoder,feature_agglomeration,quantile,AdaBoostClassifier(random_state=0),3,0.875,,No using Simple Imputer,No using Ordinal Hot,0.07128119468688965,0.00644373893737793
algerian_forest_fires_46279,simpleimputer,ordinalencoder,feature_agglomeration,quantile,AdaBoostClassifier(random_state=0),4,0.8958333333333334,,No using Simple Imputer,No using Ordinal Hot,0.07319211959838867,0.006443500518798828
algerian_forest_fires_46279,simpleimputer,ordinalencoder,extra_tree,quantile,AdaBoostClassifier(random_state=0),0,1.0,,No using Simple Imputer,No using Ordinal Hot,0.0751502513885498,0.006376504898071289
algerian_forest_fires_46279,simpleimputer,ordinalencoder,extra_tree,quantile,AdaBoostClassifier(random_state=0),1,0.9795918367346939,,No using Simple Imputer,No using Ordinal Hot,0.07924199104309082,0.006438732147216797
algerian_forest_fires_46279,simpleimputer,ordinalencoder,extra_tree,quantile,AdaBoostClassifier(random_state=0),2,1.0,,No using Simple Imputer,No using Ordinal Hot,0.07607913017272949,0.008796930313110352
algerian_forest_fires_46279,simpleimputer,ordinalencoder,extra_tree,quantile,AdaBoostClassifier(random_state=0),3,0.9791666666666666,,No using Simple Imputer,No using Ordinal Hot,0.07616043090820312,0.006854057312011719
algerian_forest_fires_46279,simpleimputer,ordinalencoder,extra_tree,quantile,AdaBoostClassifier(random_state=0),4,0.9375,,No using Simple Imputer,No using Ordinal Hot,0.07319903373718262,0.006418466567993164
algerian_forest_fires_46279,simpleimputer,ordinalencoder,linear_svc,quantile,AdaBoostClassifier(random_state=0),0,1.0,,No using Simple Imputer,No using Ordinal Hot,0.07164120674133301,0.0064356327056884766
algerian_forest_fires_46279,simpleimputer,ordinalencoder,linear_svc,quantile,AdaBoostClassifier(random_state=0),1,0.9795918367346939,,No using Simple Imputer,No using Ordinal Hot,0.07270121574401855,0.0064716339111328125
algerian_forest_fires_46279,simpleimputer,ordinalencoder,linear_svc,quantile,AdaBoostClassifier(random_state=0),2,1.0,,No using Simple Imputer,No using Ordinal Hot,0.07284760475158691,0.0064427852630615234
algerian_forest_fires_46279,simpleimputer,ordinalencoder,linear_svc,quantile,AdaBoostClassifier(random_state=0),3,0.9583333333333334,,No using Simple Imputer,No using Ordinal Hot,0.07895207405090332,0.006525278091430664
algerian_forest_fires_46279,simpleimputer,ordinalencoder,linear_svc,quantile,AdaBoostClassifier(random_state=0),4,0.9375,,No using Simple Imputer,No using Ordinal Hot,0.0731668472290039,0.006510257720947266
algerian_forest_fires_46279,simpleimputer,ordinalencoder,kernel_pca,quantile,AdaBoostClassifier(random_state=0),0,0.9183673469387755,,No using Simple Imputer,No using Ordinal Hot,0.10541319847106934,0.007091522216796875
algerian_forest_fires_46279,simpleimputer,ordinalencoder,kernel_pca,quantile,AdaBoostClassifier(random_state=0),1,0.9795918367346939,,No using Simple Imputer,No using Ordinal Hot,0.10038256645202637,0.007010698318481445
algerian_forest_fires_46279,simpleimputer,ordinalencoder,kernel_pca,quantile,AdaBoostClassifier(random_state=0),2,0.9795918367346939,,No using Simple Imputer,No using Ordinal Hot,0.10766816139221191,0.007155656814575195
algerian_forest_fires_46279,simpleimputer,ordinalencoder,kernel_pca,quantile,AdaBoostClassifier(random_state=0),3,0.9166666666666666,,No using Simple Imputer,No using Ordinal Hot,0.10407495498657227,0.006974697113037109
algerian_forest_fires_46279,simpleimputer,ordinalencoder,kernel_pca,quantile,AdaBoostClassifier(random_state=0),4,0.9375,,No using Simple Imputer,No using Ordinal Hot,0.10539865493774414,0.007071018218994141
